solid OpenSCAD_Model
  facet normal 1 -0 0
    outer loop
      vertex 200 0 8
      vertex 200 130 0
      vertex 200 130 8
    endloop
  endfacet
  facet normal 1 0 0
    outer loop
      vertex 200 130 0
      vertex 200 0 8
      vertex 200 0 0
    endloop
  endfacet
  facet normal 0 0 1
    outer loop
      vertex 200 130 8
      vertex 198 128 8
      vertex 200 0 8
    endloop
  endfacet
  facet normal 0 0 1
    outer loop
      vertex 200 130 8
      vertex 2 128 8
      vertex 198 128 8
    endloop
  endfacet
  facet normal -0 0 1
    outer loop
      vertex 0 130 8
      vertex 2 128 8
      vertex 200 130 8
    endloop
  endfacet
  facet normal 0 0 1
    outer loop
      vertex 0 80 8
      vertex 2 128 8
      vertex 0 130 8
    endloop
  endfacet
  facet normal 0 0 1
    outer loop
      vertex 2 128 8
      vertex 0 80 8
      vertex 2 80 8
    endloop
  endfacet
  facet normal -0 0 1
    outer loop
      vertex 198 2 8
      vertex 200 0 8
      vertex 198 128 8
    endloop
  endfacet
  facet normal 0 0 1
    outer loop
      vertex 130 0 8
      vertex 198 2 8
      vertex 130 2 8
    endloop
  endfacet
  facet normal 0 0 1
    outer loop
      vertex 198 2 8
      vertex 130 0 8
      vertex 200 0 8
    endloop
  endfacet
  facet normal 0 0 1
    outer loop
      vertex 2 50 8
      vertex 0 50 8
      vertex 2 2 8
    endloop
  endfacet
  facet normal -0 0 1
    outer loop
      vertex 2 2 8
      vertex 70 0 8
      vertex 70 2 8
    endloop
  endfacet
  facet normal 0 0 1
    outer loop
      vertex 2 2 8
      vertex 0 0 8
      vertex 70 0 8
    endloop
  endfacet
  facet normal 0 0 1
    outer loop
      vertex 0 0 8
      vertex 2 2 8
      vertex 0 50 8
    endloop
  endfacet
  facet normal -0 0 -1
    outer loop
      vertex 42.6 82 0
      vertex 8.59099 8.59099 0
      vertex 39.4 82 0
    endloop
  endfacet
  facet normal 0 0 -1
    outer loop
      vertex 17.4 82 0
      vertex 9.20677 122.561 0
      vertex 9.25 123 0
    endloop
  endfacet
  facet normal 0 0 -1
    outer loop
      vertex 8.25003 8.87081 0
      vertex 39.4 82 0
      vertex 8.59099 8.59099 0
    endloop
  endfacet
  facet normal 0 0 -1
    outer loop
      vertex 17.4 82 0
      vertex 9.07873 122.139 0
      vertex 9.20677 122.561 0
    endloop
  endfacet
  facet normal -0 0 -1
    outer loop
      vertex 39.4 82 0
      vertex 8.25003 8.87081 0
      vertex 20.6 82 0
    endloop
  endfacet
  facet normal 0 0 -1
    outer loop
      vertex 17.4 82 0
      vertex 8.87081 121.75 0
      vertex 9.07873 122.139 0
    endloop
  endfacet
  facet normal 0 0 -1
    outer loop
      vertex 7.86104 9.07873 0
      vertex 20.6 82 0
      vertex 8.25003 8.87081 0
    endloop
  endfacet
  facet normal 0 0 -1
    outer loop
      vertex 17.4 82 0
      vertex 8.59099 121.409 0
      vertex 8.87081 121.75 0
    endloop
  endfacet
  facet normal -0 0 -1
    outer loop
      vertex 20.6 82 0
      vertex 7.86104 9.07873 0
      vertex 17.4 82 0
    endloop
  endfacet
  facet normal 0 0 -1
    outer loop
      vertex 17.4 82 0
      vertex 8.25003 121.129 0
      vertex 8.59099 121.409 0
    endloop
  endfacet
  facet normal 0 0 -1
    outer loop
      vertex 7.43895 9.20677 0
      vertex 17.4 82 0
      vertex 7.86104 9.07873 0
    endloop
  endfacet
  facet normal 0 0 -1
    outer loop
      vertex 17.4 82 0
      vertex 7.86104 120.921 0
      vertex 8.25003 121.129 0
    endloop
  endfacet
  facet normal 0 0 -1
    outer loop
      vertex 7 9.25 0
      vertex 17.4 82 0
      vertex 7.43895 9.20677 0
    endloop
  endfacet
  facet normal 0 0 -1
    outer loop
      vertex 17.4 82 0
      vertex 7.43895 120.793 0
      vertex 7.86104 120.921 0
    endloop
  endfacet
  facet normal 0 0 -1
    outer loop
      vertex 6.56105 9.20677 0
      vertex 17.4 82 0
      vertex 7 9.25 0
    endloop
  endfacet
  facet normal 0 0 -1
    outer loop
      vertex 17.4 82 0
      vertex 7 120.75 0
      vertex 7.43895 120.793 0
    endloop
  endfacet
  facet normal 0 0 -1
    outer loop
      vertex 6.13896 9.07873 0
      vertex 17.4 82 0
      vertex 6.56105 9.20677 0
    endloop
  endfacet
  facet normal 0 0 -1
    outer loop
      vertex 17.4 82 0
      vertex 6.56105 120.793 0
      vertex 7 120.75 0
    endloop
  endfacet
  facet normal 0 0 -1
    outer loop
      vertex 5.74997 8.87081 0
      vertex 17.4 82 0
      vertex 6.13896 9.07873 0
    endloop
  endfacet
  facet normal 0 0 -1
    outer loop
      vertex 17.4 82 0
      vertex 6.13896 120.921 0
      vertex 6.56105 120.793 0
    endloop
  endfacet
  facet normal 0 0 -1
    outer loop
      vertex 5.40901 8.59099 0
      vertex 17.4 82 0
      vertex 5.74997 8.87081 0
    endloop
  endfacet
  facet normal 0 0 -1
    outer loop
      vertex 17.4 82 0
      vertex 5.74997 121.129 0
      vertex 6.13896 120.921 0
    endloop
  endfacet
  facet normal 0 0 -1
    outer loop
      vertex 5.12919 8.25003 0
      vertex 17.4 82 0
      vertex 5.40901 8.59099 0
    endloop
  endfacet
  facet normal 0 0 -1
    outer loop
      vertex 17.4 82 0
      vertex 5.40901 121.409 0
      vertex 5.74997 121.129 0
    endloop
  endfacet
  facet normal 0 0 -1
    outer loop
      vertex 0 0 0
      vertex 17.4 82 0
      vertex 5.12919 8.25003 0
    endloop
  endfacet
  facet normal 0 0 -1
    outer loop
      vertex 17.4 82 0
      vertex 5.12919 121.75 0
      vertex 5.40901 121.409 0
    endloop
  endfacet
  facet normal 0 0 -1
    outer loop
      vertex 0 0 0
      vertex 5.12919 8.25003 0
      vertex 4.92127 7.86104 0
    endloop
  endfacet
  facet normal 0 0 -1
    outer loop
      vertex 0 130 0
      vertex 17.4 82 0
      vertex 0 0 0
    endloop
  endfacet
  facet normal 0 0 -1
    outer loop
      vertex 0 0 0
      vertex 4.92127 7.86104 0
      vertex 4.79323 7.43895 0
    endloop
  endfacet
  facet normal 0 0 -1
    outer loop
      vertex 17.4 82 0
      vertex 0 130 0
      vertex 5.12919 121.75 0
    endloop
  endfacet
  facet normal 0 0 -1
    outer loop
      vertex 0 0 0
      vertex 4.79323 7.43895 0
      vertex 4.75 7 0
    endloop
  endfacet
  facet normal 0 0 -1
    outer loop
      vertex 5.12919 121.75 0
      vertex 0 130 0
      vertex 4.92127 122.139 0
    endloop
  endfacet
  facet normal 0 0 -1
    outer loop
      vertex 17.4 84 0
      vertex 20.6 102 0
      vertex 20.6 84 0
    endloop
  endfacet
  facet normal -0 0 -1
    outer loop
      vertex 20.6 102 0
      vertex 17.4 84 0
      vertex 17.4 102 0
    endloop
  endfacet
  facet normal 0 0 -1
    outer loop
      vertex 39.4 84 0
      vertex 42.6 102 0
      vertex 42.6 84 0
    endloop
  endfacet
  facet normal -0 0 -1
    outer loop
      vertex 42.6 102 0
      vertex 39.4 84 0
      vertex 39.4 102 0
    endloop
  endfacet
  facet normal 0 0 -1
    outer loop
      vertex 99 82 0
      vertex 105.6 79 0
      vertex 102.4 79 0
    endloop
  endfacet
  facet normal 0 0 -1
    outer loop
      vertex 105.6 79 0
      vertex 99 82 0
      vertex 105.6 103 0
    endloop
  endfacet
  facet normal 0 0 -1
    outer loop
      vertex 154.4 79 0
      vertex 157.6 103 0
      vertex 157.6 79 0
    endloop
  endfacet
  facet normal -0 0 -1
    outer loop
      vertex 157.6 103 0
      vertex 154.4 79 0
      vertex 154.4 103 0
    endloop
  endfacet
  facet normal 0 0 -1
    outer loop
      vertex 194.871 8.25003 0
      vertex 200 0 0
      vertex 195.079 7.86104 0
    endloop
  endfacet
  facet normal 0 0 -1
    outer loop
      vertex 200 130 0
      vertex 195.207 122.561 0
      vertex 195.25 123 0
    endloop
  endfacet
  facet normal 0 0 -1
    outer loop
      vertex 200 0 0
      vertex 194.871 8.25003 0
      vertex 200 130 0
    endloop
  endfacet
  facet normal 0 0 -1
    outer loop
      vertex 200 130 0
      vertex 195.079 122.139 0
      vertex 195.207 122.561 0
    endloop
  endfacet
  facet normal 0 0 -1
    outer loop
      vertex 194.871 121.75 0
      vertex 200 130 0
      vertex 194.871 8.25003 0
    endloop
  endfacet
  facet normal 0 0 -1
    outer loop
      vertex 200 130 0
      vertex 194.871 121.75 0
      vertex 195.079 122.139 0
    endloop
  endfacet
  facet normal 0 0 -1
    outer loop
      vertex 194.591 8.59099 0
      vertex 194.871 121.75 0
      vertex 194.871 8.25003 0
    endloop
  endfacet
  facet normal 0 0 -1
    outer loop
      vertex 194.591 8.59099 0
      vertex 194.591 121.409 0
      vertex 194.871 121.75 0
    endloop
  endfacet
  facet normal 0 0 -1
    outer loop
      vertex 194.25 8.87081 0
      vertex 194.591 121.409 0
      vertex 194.591 8.59099 0
    endloop
  endfacet
  facet normal 0 0 -1
    outer loop
      vertex 194.25 8.87081 0
      vertex 194.25 121.129 0
      vertex 194.591 121.409 0
    endloop
  endfacet
  facet normal 0 0 -1
    outer loop
      vertex 193.861 9.07873 0
      vertex 194.25 121.129 0
      vertex 194.25 8.87081 0
    endloop
  endfacet
  facet normal 0 0 -1
    outer loop
      vertex 193.861 9.07873 0
      vertex 193.861 120.921 0
      vertex 194.25 121.129 0
    endloop
  endfacet
  facet normal 0 0 -1
    outer loop
      vertex 157.6 77 0
      vertex 193.861 9.07873 0
      vertex 193.439 9.20677 0
    endloop
  endfacet
  facet normal 0 0 -1
    outer loop
      vertex 193.861 9.07873 0
      vertex 157.6 77 0
      vertex 193.861 120.921 0
    endloop
  endfacet
  facet normal 0 0 -1
    outer loop
      vertex 157.6 77 0
      vertex 193.439 9.20677 0
      vertex 193 9.25 0
    endloop
  endfacet
  facet normal 0 0 -1
    outer loop
      vertex 193.861 120.921 0
      vertex 157.6 77 0
      vertex 193.439 120.793 0
    endloop
  endfacet
  facet normal 0 0 -1
    outer loop
      vertex 157.6 77 0
      vertex 193 9.25 0
      vertex 192.561 9.20677 0
    endloop
  endfacet
  facet normal 0 0 -1
    outer loop
      vertex 157.6 79 0
      vertex 193.439 120.793 0
      vertex 157.6 77 0
    endloop
  endfacet
  facet normal 0 0 -1
    outer loop
      vertex 157.6 77 0
      vertex 192.561 9.20677 0
      vertex 192.139 9.07873 0
    endloop
  endfacet
  facet normal 0 0 -1
    outer loop
      vertex 193.439 120.793 0
      vertex 157.6 79 0
      vertex 193 120.75 0
    endloop
  endfacet
  facet normal 0 0 -1
    outer loop
      vertex 157.6 77 0
      vertex 192.139 9.07873 0
      vertex 191.75 8.87081 0
    endloop
  endfacet
  facet normal -0 0 -1
    outer loop
      vertex 193 120.75 0
      vertex 157.6 79 0
      vertex 192.561 120.793 0
    endloop
  endfacet
  facet normal 0 0 -1
    outer loop
      vertex 157.6 77 0
      vertex 191.75 8.87081 0
      vertex 191.409 8.59099 0
    endloop
  endfacet
  facet normal 0 0 -1
    outer loop
      vertex 157.6 103 0
      vertex 192.561 120.793 0
      vertex 157.6 79 0
    endloop
  endfacet
  facet normal 0 0 -1
    outer loop
      vertex 157.6 77 0
      vertex 191.409 8.59099 0
      vertex 191.129 8.25003 0
    endloop
  endfacet
  facet normal -0 0 -1
    outer loop
      vertex 192.561 120.793 0
      vertex 157.6 103 0
      vertex 192.139 120.921 0
    endloop
  endfacet
  facet normal 0 0 -1
    outer loop
      vertex 154.4 77 0
      vertex 191.129 8.25003 0
      vertex 190.921 7.86104 0
    endloop
  endfacet
  facet normal -0 0 -1
    outer loop
      vertex 192.139 120.921 0
      vertex 157.6 103 0
      vertex 191.75 121.129 0
    endloop
  endfacet
  facet normal 0 0 -1
    outer loop
      vertex 154.4 77 0
      vertex 190.921 7.86104 0
      vertex 190.793 7.43895 0
    endloop
  endfacet
  facet normal 0 0 -1
    outer loop
      vertex 157.6 105 0
      vertex 191.75 121.129 0
      vertex 157.6 103 0
    endloop
  endfacet
  facet normal 0 0 -1
    outer loop
      vertex 105.6 77 0
      vertex 190.793 7.43895 0
      vertex 190.75 7 0
    endloop
  endfacet
  facet normal -0 0 -1
    outer loop
      vertex 191.75 121.129 0
      vertex 157.6 105 0
      vertex 191.409 121.409 0
    endloop
  endfacet
  facet normal 0 0 -1
    outer loop
      vertex 195.207 7.43895 0
      vertex 200 0 0
      vertex 195.25 7 0
    endloop
  endfacet
  facet normal 0 0 -1
    outer loop
      vertex 200 0 0
      vertex 195.207 6.56105 0
      vertex 195.25 7 0
    endloop
  endfacet
  facet normal 0 0 -1
    outer loop
      vertex 200 0 0
      vertex 195.079 6.13896 0
      vertex 195.207 6.56105 0
    endloop
  endfacet
  facet normal 0 0 -1
    outer loop
      vertex 200 0 0
      vertex 194.871 5.74997 0
      vertex 195.079 6.13896 0
    endloop
  endfacet
  facet normal 0 0 -1
    outer loop
      vertex 200 0 0
      vertex 194.591 5.40901 0
      vertex 194.871 5.74997 0
    endloop
  endfacet
  facet normal 0 0 -1
    outer loop
      vertex 200 0 0
      vertex 194.25 5.12919 0
      vertex 194.591 5.40901 0
    endloop
  endfacet
  facet normal 0 0 -1
    outer loop
      vertex 200 0 0
      vertex 193.861 4.92127 0
      vertex 194.25 5.12919 0
    endloop
  endfacet
  facet normal 0 0 -1
    outer loop
      vertex 200 0 0
      vertex 193.439 4.79323 0
      vertex 193.861 4.92127 0
    endloop
  endfacet
  facet normal 0 0 -1
    outer loop
      vertex 200 0 0
      vertex 193 4.75 0
      vertex 193.439 4.79323 0
    endloop
  endfacet
  facet normal 0 0 -1
    outer loop
      vertex 200 0 0
      vertex 192.561 4.79323 0
      vertex 193 4.75 0
    endloop
  endfacet
  facet normal 0 0 -1
    outer loop
      vertex 200 0 0
      vertex 192.139 4.92127 0
      vertex 192.561 4.79323 0
    endloop
  endfacet
  facet normal 0 0 -1
    outer loop
      vertex 200 0 0
      vertex 191.75 5.12919 0
      vertex 192.139 4.92127 0
    endloop
  endfacet
  facet normal -0 0 -1
    outer loop
      vertex 191.409 121.409 0
      vertex 157.6 105 0
      vertex 191.129 121.75 0
    endloop
  endfacet
  facet normal 0 0 -1
    outer loop
      vertex 105.6 77 0
      vertex 190.75 7 0
      vertex 190.793 6.56105 0
    endloop
  endfacet
  facet normal 0 0 -1
    outer loop
      vertex 9.20677 6.56105 0
      vertex 190.793 6.56105 0
      vertex 190.921 6.13896 0
    endloop
  endfacet
  facet normal 0 0 -1
    outer loop
      vertex 191.129 8.25003 0
      vertex 154.4 77 0
      vertex 157.6 77 0
    endloop
  endfacet
  facet normal 0 0 -1
    outer loop
      vertex 105.6 79 0
      vertex 154.4 79 0
      vertex 154.4 77 0
    endloop
  endfacet
  facet normal 0 0 -1
    outer loop
      vertex 154.4 79 0
      vertex 105.6 79 0
      vertex 154.4 103 0
    endloop
  endfacet
  facet normal 0 0 -1
    outer loop
      vertex 105.6 79 0
      vertex 154.4 77 0
      vertex 105.6 77 0
    endloop
  endfacet
  facet normal 0 0 -1
    outer loop
      vertex 190.793 7.43895 0
      vertex 105.6 77 0
      vertex 154.4 77 0
    endloop
  endfacet
  facet normal 0 0 -1
    outer loop
      vertex 9.07873 6.13896 0
      vertex 190.921 6.13896 0
      vertex 191.129 5.74997 0
    endloop
  endfacet
  facet normal 0 0 -1
    outer loop
      vertex 8.87081 5.74997 0
      vertex 191.129 5.74997 0
      vertex 191.409 5.40901 0
    endloop
  endfacet
  facet normal 0 0 -1
    outer loop
      vertex 190.793 6.56105 0
      vertex 102.4 77 0
      vertex 105.6 77 0
    endloop
  endfacet
  facet normal 0 0 -1
    outer loop
      vertex 8.59099 5.40901 0
      vertex 191.409 5.40901 0
      vertex 191.75 5.12919 0
    endloop
  endfacet
  facet normal 0 0 -1
    outer loop
      vertex 99 82 0
      vertex 102.4 79 0
      vertex 102.4 77 0
    endloop
  endfacet
  facet normal -0 0 -1
    outer loop
      vertex 105.6 103 0
      vertex 99 82 0
      vertex 102.4 103 0
    endloop
  endfacet
  facet normal 0 0 -1
    outer loop
      vertex 99 108 0
      vertex 102.4 103 0
      vertex 99 82 0
    endloop
  endfacet
  facet normal 0 0 -1
    outer loop
      vertex 102.4 77 0
      vertex 93 82 0
      vertex 99 82 0
    endloop
  endfacet
  facet normal 0 0 -1
    outer loop
      vertex 190.793 6.56105 0
      vertex 9.20677 6.56105 0
      vertex 102.4 77 0
    endloop
  endfacet
  facet normal 0 0 -1
    outer loop
      vertex 93 82 0
      vertex 88 82 0
      vertex 93 108 0
    endloop
  endfacet
  facet normal 0 -0 -1
    outer loop
      vertex 9.25 7 0
      vertex 102.4 77 0
      vertex 9.20677 6.56105 0
    endloop
  endfacet
  facet normal 0 -0 -1
    outer loop
      vertex 77 82 0
      vertex 102.4 77 0
      vertex 9.25 7 0
    endloop
  endfacet
  facet normal 0 0 -1
    outer loop
      vertex 82 82 0
      vertex 77 82 0
      vertex 82 108 0
    endloop
  endfacet
  facet normal 0 0 -1
    outer loop
      vertex 102.4 77 0
      vertex 88 82 0
      vertex 93 82 0
    endloop
  endfacet
  facet normal 0 0 -1
    outer loop
      vertex 102.4 77 0
      vertex 82 82 0
      vertex 88 82 0
    endloop
  endfacet
  facet normal 0 0 -1
    outer loop
      vertex 71 82 0
      vertex 66 82 0
      vertex 71 108 0
    endloop
  endfacet
  facet normal 0 0 -1
    outer loop
      vertex 102.4 77 0
      vertex 77 82 0
      vertex 82 82 0
    endloop
  endfacet
  facet normal 0 0 -1
    outer loop
      vertex 8.25003 5.12919 0
      vertex 191.75 5.12919 0
      vertex 200 0 0
    endloop
  endfacet
  facet normal 0 0 -1
    outer loop
      vertex 9.20677 7.43895 0
      vertex 77 82 0
      vertex 9.25 7 0
    endloop
  endfacet
  facet normal 0 0 -1
    outer loop
      vertex 42.6 84 0
      vertex 60 82 0
      vertex 42.6 82 0
    endloop
  endfacet
  facet normal -0 0 -1
    outer loop
      vertex 71 82 0
      vertex 9.20677 7.43895 0
      vertex 66 82 0
    endloop
  endfacet
  facet normal 0 0 -1
    outer loop
      vertex 9.07873 7.86104 0
      vertex 66 82 0
      vertex 9.20677 7.43895 0
    endloop
  endfacet
  facet normal 0 0 -1
    outer loop
      vertex 20.6 84 0
      vertex 39.4 84 0
      vertex 39.4 82 0
    endloop
  endfacet
  facet normal 0 0 -1
    outer loop
      vertex 39.4 84 0
      vertex 20.6 84 0
      vertex 39.4 102 0
    endloop
  endfacet
  facet normal 0 0 -1
    outer loop
      vertex 20.6 84 0
      vertex 39.4 82 0
      vertex 20.6 82 0
    endloop
  endfacet
  facet normal -0 0 -1
    outer loop
      vertex 66 82 0
      vertex 9.07873 7.86104 0
      vertex 60 82 0
    endloop
  endfacet
  facet normal 0 0 -1
    outer loop
      vertex 8.87081 8.25003 0
      vertex 60 82 0
      vertex 9.07873 7.86104 0
    endloop
  endfacet
  facet normal 0 0 -1
    outer loop
      vertex 9.25 123 0
      vertex 17.4 84 0
      vertex 17.4 82 0
    endloop
  endfacet
  facet normal 0 0 -1
    outer loop
      vertex 17.4 84 0
      vertex 9.25 123 0
      vertex 17.4 102 0
    endloop
  endfacet
  facet normal 0 0 -1
    outer loop
      vertex 8.59099 8.59099 0
      vertex 42.6 82 0
      vertex 8.87081 8.25003 0
    endloop
  endfacet
  facet normal -0 0 -1
    outer loop
      vertex 60 82 0
      vertex 8.87081 8.25003 0
      vertex 42.6 82 0
    endloop
  endfacet
  facet normal -0 0 -1
    outer loop
      vertex 77 82 0
      vertex 9.20677 7.43895 0
      vertex 71 82 0
    endloop
  endfacet
  facet normal 0 0 -1
    outer loop
      vertex 190.921 6.13896 0
      vertex 9.07873 6.13896 0
      vertex 9.20677 6.56105 0
    endloop
  endfacet
  facet normal 0 0 -1
    outer loop
      vertex 191.129 5.74997 0
      vertex 8.87081 5.74997 0
      vertex 9.07873 6.13896 0
    endloop
  endfacet
  facet normal 0 0 -1
    outer loop
      vertex 191.409 5.40901 0
      vertex 8.59099 5.40901 0
      vertex 8.87081 5.74997 0
    endloop
  endfacet
  facet normal 0 0 -1
    outer loop
      vertex 191.75 5.12919 0
      vertex 8.25003 5.12919 0
      vertex 8.59099 5.40901 0
    endloop
  endfacet
  facet normal 0 0 -1
    outer loop
      vertex 0 0 0
      vertex 8.25003 5.12919 0
      vertex 200 0 0
    endloop
  endfacet
  facet normal 0 0 -1
    outer loop
      vertex 8.25003 5.12919 0
      vertex 0 0 0
      vertex 7.86104 4.92127 0
    endloop
  endfacet
  facet normal 0 0 -1
    outer loop
      vertex 7.86104 4.92127 0
      vertex 0 0 0
      vertex 7.43895 4.79323 0
    endloop
  endfacet
  facet normal 0 0 -1
    outer loop
      vertex 4.92127 122.139 0
      vertex 0 130 0
      vertex 4.79323 122.561 0
    endloop
  endfacet
  facet normal -0 0 -1
    outer loop
      vertex 4.79323 6.56105 0
      vertex 0 0 0
      vertex 4.75 7 0
    endloop
  endfacet
  facet normal -0 0 -1
    outer loop
      vertex 4.92127 6.13896 0
      vertex 0 0 0
      vertex 4.79323 6.56105 0
    endloop
  endfacet
  facet normal -0 0 -1
    outer loop
      vertex 5.12919 5.74997 0
      vertex 0 0 0
      vertex 4.92127 6.13896 0
    endloop
  endfacet
  facet normal -0 0 -1
    outer loop
      vertex 5.40901 5.40901 0
      vertex 0 0 0
      vertex 5.12919 5.74997 0
    endloop
  endfacet
  facet normal -0 0 -1
    outer loop
      vertex 5.74997 5.12919 0
      vertex 0 0 0
      vertex 5.40901 5.40901 0
    endloop
  endfacet
  facet normal -0 0 -1
    outer loop
      vertex 6.13896 4.92127 0
      vertex 0 0 0
      vertex 5.74997 5.12919 0
    endloop
  endfacet
  facet normal -0 0 -1
    outer loop
      vertex 6.56105 4.79323 0
      vertex 0 0 0
      vertex 6.13896 4.92127 0
    endloop
  endfacet
  facet normal -0 0 -1
    outer loop
      vertex 7 4.75 0
      vertex 0 0 0
      vertex 6.56105 4.79323 0
    endloop
  endfacet
  facet normal 0 0 -1
    outer loop
      vertex 7.43895 4.79323 0
      vertex 0 0 0
      vertex 7 4.75 0
    endloop
  endfacet
  facet normal 0 0 -1
    outer loop
      vertex 195.079 7.86104 0
      vertex 200 0 0
      vertex 195.207 7.43895 0
    endloop
  endfacet
  facet normal 0 0 -1
    outer loop
      vertex 195.207 123.439 0
      vertex 200 130 0
      vertex 195.25 123 0
    endloop
  endfacet
  facet normal 0 0 -1
    outer loop
      vertex 195.079 123.861 0
      vertex 200 130 0
      vertex 195.207 123.439 0
    endloop
  endfacet
  facet normal 0 0 -1
    outer loop
      vertex 194.871 124.25 0
      vertex 200 130 0
      vertex 195.079 123.861 0
    endloop
  endfacet
  facet normal 0 0 -1
    outer loop
      vertex 194.591 124.591 0
      vertex 200 130 0
      vertex 194.871 124.25 0
    endloop
  endfacet
  facet normal 0 0 -1
    outer loop
      vertex 194.25 124.871 0
      vertex 200 130 0
      vertex 194.591 124.591 0
    endloop
  endfacet
  facet normal 0 0 -1
    outer loop
      vertex 193.861 125.079 0
      vertex 200 130 0
      vertex 194.25 124.871 0
    endloop
  endfacet
  facet normal 0 0 -1
    outer loop
      vertex 193.439 125.207 0
      vertex 200 130 0
      vertex 193.861 125.079 0
    endloop
  endfacet
  facet normal 0 0 -1
    outer loop
      vertex 193 125.25 0
      vertex 200 130 0
      vertex 193.439 125.207 0
    endloop
  endfacet
  facet normal 0 0 -1
    outer loop
      vertex 192.561 125.207 0
      vertex 200 130 0
      vertex 193 125.25 0
    endloop
  endfacet
  facet normal 0 0 -1
    outer loop
      vertex 192.139 125.079 0
      vertex 200 130 0
      vertex 192.561 125.207 0
    endloop
  endfacet
  facet normal 0 0 -1
    outer loop
      vertex 191.75 124.871 0
      vertex 200 130 0
      vertex 192.139 125.079 0
    endloop
  endfacet
  facet normal -0 0 -1
    outer loop
      vertex 191.129 121.75 0
      vertex 157.6 105 0
      vertex 190.921 122.139 0
    endloop
  endfacet
  facet normal -0 0 -1
    outer loop
      vertex 190.921 122.139 0
      vertex 157.6 105 0
      vertex 190.793 122.561 0
    endloop
  endfacet
  facet normal -0 0 -1
    outer loop
      vertex 190.793 122.561 0
      vertex 157.6 105 0
      vertex 190.75 123 0
    endloop
  endfacet
  facet normal -0 0 -1
    outer loop
      vertex 190.75 123 0
      vertex 157.6 105 0
      vertex 190.793 123.439 0
    endloop
  endfacet
  facet normal -0 0 -1
    outer loop
      vertex 190.793 123.439 0
      vertex 157.6 105 0
      vertex 190.921 123.861 0
    endloop
  endfacet
  facet normal -0 0 -1
    outer loop
      vertex 190.921 123.861 0
      vertex 157.6 105 0
      vertex 191.129 124.25 0
    endloop
  endfacet
  facet normal 0 0 -1
    outer loop
      vertex 154.4 105 0
      vertex 191.129 124.25 0
      vertex 157.6 105 0
    endloop
  endfacet
  facet normal -0 0 -1
    outer loop
      vertex 191.129 124.25 0
      vertex 154.4 105 0
      vertex 191.409 124.591 0
    endloop
  endfacet
  facet normal 0 0 -1
    outer loop
      vertex 99 108 0
      vertex 191.409 124.591 0
      vertex 154.4 105 0
    endloop
  endfacet
  facet normal -0 0 -1
    outer loop
      vertex 191.409 124.591 0
      vertex 99 108 0
      vertex 191.75 124.871 0
    endloop
  endfacet
  facet normal 0 0 -1
    outer loop
      vertex 105.6 103 0
      vertex 154.4 103 0
      vertex 105.6 79 0
    endloop
  endfacet
  facet normal 0 0 -1
    outer loop
      vertex 154.4 103 0
      vertex 105.6 103 0
      vertex 154.4 105 0
    endloop
  endfacet
  facet normal 0 0 -1
    outer loop
      vertex 105.6 105 0
      vertex 154.4 105 0
      vertex 105.6 103 0
    endloop
  endfacet
  facet normal 0 0 -1
    outer loop
      vertex 99 108 0
      vertex 154.4 105 0
      vertex 105.6 105 0
    endloop
  endfacet
  facet normal 0 0 -1
    outer loop
      vertex 99 108 0
      vertex 105.6 105 0
      vertex 102.4 105 0
    endloop
  endfacet
  facet normal 0 0 -1
    outer loop
      vertex 102.4 103 0
      vertex 99 108 0
      vertex 102.4 105 0
    endloop
  endfacet
  facet normal -0 0 -1
    outer loop
      vertex 191.75 124.871 0
      vertex 99 108 0
      vertex 200 130 0
    endloop
  endfacet
  facet normal 0 0 -1
    outer loop
      vertex 0 130 0
      vertex 99 108 0
      vertex 93 108 0
    endloop
  endfacet
  facet normal 0 0 -1
    outer loop
      vertex 88 108 0
      vertex 93 108 0
      vertex 88 82 0
    endloop
  endfacet
  facet normal 0 0 -1
    outer loop
      vertex 0 130 0
      vertex 93 108 0
      vertex 88 108 0
    endloop
  endfacet
  facet normal 0 0 -1
    outer loop
      vertex 0 130 0
      vertex 88 108 0
      vertex 82 108 0
    endloop
  endfacet
  facet normal 0 0 -1
    outer loop
      vertex 77 108 0
      vertex 82 108 0
      vertex 77 82 0
    endloop
  endfacet
  facet normal 0 0 -1
    outer loop
      vertex 0 130 0
      vertex 82 108 0
      vertex 77 108 0
    endloop
  endfacet
  facet normal 0 0 -1
    outer loop
      vertex 0 130 0
      vertex 77 108 0
      vertex 71 108 0
    endloop
  endfacet
  facet normal 0 0 -1
    outer loop
      vertex 66 108 0
      vertex 71 108 0
      vertex 66 82 0
    endloop
  endfacet
  facet normal 0 0 -1
    outer loop
      vertex 8.25003 124.871 0
      vertex 71 108 0
      vertex 66 108 0
    endloop
  endfacet
  facet normal 0 0 -1
    outer loop
      vertex 8.25003 124.871 0
      vertex 66 108 0
      vertex 60 108 0
    endloop
  endfacet
  facet normal 0 0 -1
    outer loop
      vertex 42.6 102 0
      vertex 60 82 0
      vertex 42.6 84 0
    endloop
  endfacet
  facet normal 0 0 -1
    outer loop
      vertex 60 82 0
      vertex 42.6 102 0
      vertex 60 108 0
    endloop
  endfacet
  facet normal 0 0 -1
    outer loop
      vertex 42.6 104 0
      vertex 60 108 0
      vertex 42.6 102 0
    endloop
  endfacet
  facet normal 0 0 -1
    outer loop
      vertex 9.07873 123.861 0
      vertex 42.6 104 0
      vertex 39.4 104 0
    endloop
  endfacet
  facet normal 0 0 -1
    outer loop
      vertex 20.6 102 0
      vertex 39.4 102 0
      vertex 20.6 84 0
    endloop
  endfacet
  facet normal 0 0 -1
    outer loop
      vertex 39.4 102 0
      vertex 20.6 102 0
      vertex 39.4 104 0
    endloop
  endfacet
  facet normal 0 0 -1
    outer loop
      vertex 20.6 104 0
      vertex 39.4 104 0
      vertex 20.6 102 0
    endloop
  endfacet
  facet normal 0 0 -1
    outer loop
      vertex 9.25 123 0
      vertex 39.4 104 0
      vertex 20.6 104 0
    endloop
  endfacet
  facet normal 0 0 -1
    outer loop
      vertex 9.07873 123.861 0
      vertex 39.4 104 0
      vertex 9.20677 123.439 0
    endloop
  endfacet
  facet normal 0 0 -1
    outer loop
      vertex 9.25 123 0
      vertex 20.6 104 0
      vertex 17.4 104 0
    endloop
  endfacet
  facet normal 0 0 -1
    outer loop
      vertex 17.4 102 0
      vertex 9.25 123 0
      vertex 17.4 104 0
    endloop
  endfacet
  facet normal 0 0 -1
    outer loop
      vertex 39.4 104 0
      vertex 9.25 123 0
      vertex 9.20677 123.439 0
    endloop
  endfacet
  facet normal 0 0 -1
    outer loop
      vertex 8.87081 124.25 0
      vertex 42.6 104 0
      vertex 9.07873 123.861 0
    endloop
  endfacet
  facet normal 0 0 -1
    outer loop
      vertex 42.6 104 0
      vertex 8.87081 124.25 0
      vertex 60 108 0
    endloop
  endfacet
  facet normal 0 0 -1
    outer loop
      vertex 8.59099 124.591 0
      vertex 60 108 0
      vertex 8.87081 124.25 0
    endloop
  endfacet
  facet normal 0 0 -1
    outer loop
      vertex 8.25003 124.871 0
      vertex 60 108 0
      vertex 8.59099 124.591 0
    endloop
  endfacet
  facet normal 0 0 -1
    outer loop
      vertex 71 108 0
      vertex 8.25003 124.871 0
      vertex 0 130 0
    endloop
  endfacet
  facet normal 0 0 -1
    outer loop
      vertex 0 130 0
      vertex 8.25003 124.871 0
      vertex 7.86104 125.079 0
    endloop
  endfacet
  facet normal 0 0 -1
    outer loop
      vertex 0 130 0
      vertex 7.86104 125.079 0
      vertex 7.43895 125.207 0
    endloop
  endfacet
  facet normal 0 0 -1
    outer loop
      vertex 0 130 0
      vertex 7.43895 125.207 0
      vertex 7 125.25 0
    endloop
  endfacet
  facet normal 0 0 -1
    outer loop
      vertex 99 108 0
      vertex 0 130 0
      vertex 200 130 0
    endloop
  endfacet
  facet normal 0 0 -1
    outer loop
      vertex 6.56105 125.207 0
      vertex 0 130 0
      vertex 7 125.25 0
    endloop
  endfacet
  facet normal 0 0 -1
    outer loop
      vertex 6.13896 125.079 0
      vertex 0 130 0
      vertex 6.56105 125.207 0
    endloop
  endfacet
  facet normal 0 0 -1
    outer loop
      vertex 5.74997 124.871 0
      vertex 0 130 0
      vertex 6.13896 125.079 0
    endloop
  endfacet
  facet normal 0 0 -1
    outer loop
      vertex 5.40901 124.591 0
      vertex 0 130 0
      vertex 5.74997 124.871 0
    endloop
  endfacet
  facet normal 0 0 -1
    outer loop
      vertex 5.12919 124.25 0
      vertex 0 130 0
      vertex 5.40901 124.591 0
    endloop
  endfacet
  facet normal 0 0 -1
    outer loop
      vertex 4.92127 123.861 0
      vertex 0 130 0
      vertex 5.12919 124.25 0
    endloop
  endfacet
  facet normal 0 0 -1
    outer loop
      vertex 4.79323 123.439 0
      vertex 0 130 0
      vertex 4.92127 123.861 0
    endloop
  endfacet
  facet normal 0 0 -1
    outer loop
      vertex 4.75 123 0
      vertex 0 130 0
      vertex 4.79323 123.439 0
    endloop
  endfacet
  facet normal 0 0 -1
    outer loop
      vertex 4.79323 122.561 0
      vertex 0 130 0
      vertex 4.75 123 0
    endloop
  endfacet
  facet normal -1 0 0
    outer loop
      vertex 0 130 0
      vertex 0 80 3
      vertex 0 130 8
    endloop
  endfacet
  facet normal -1 0 0
    outer loop
      vertex 0 130 0
      vertex 0 50 3
      vertex 0 80 3
    endloop
  endfacet
  facet normal -1 0 0
    outer loop
      vertex 0 0 0
      vertex 0 50 3
      vertex 0 130 0
    endloop
  endfacet
  facet normal -1 0 0
    outer loop
      vertex 0 0 8
      vertex 0 50 3
      vertex 0 0 0
    endloop
  endfacet
  facet normal -1 0 0
    outer loop
      vertex 0 50 3
      vertex 0 0 8
      vertex 0 50 8
    endloop
  endfacet
  facet normal -1 -0 0
    outer loop
      vertex 0 130 8
      vertex 0 80 3
      vertex 0 80 8
    endloop
  endfacet
  facet normal 0 1 -0
    outer loop
      vertex 200 130 0
      vertex 0 130 8
      vertex 200 130 8
    endloop
  endfacet
  facet normal 0 1 0
    outer loop
      vertex 0 130 8
      vertex 200 130 0
      vertex 0 130 0
    endloop
  endfacet
  facet normal 0 -1 0
    outer loop
      vertex 0 0 8
      vertex 70 0 3
      vertex 70 0 8
    endloop
  endfacet
  facet normal 0 -1 -0
    outer loop
      vertex 70 0 3
      vertex 0 0 0
      vertex 130 0 3
    endloop
  endfacet
  facet normal 0 -1 0
    outer loop
      vertex 0 0 0
      vertex 70 0 3
      vertex 0 0 8
    endloop
  endfacet
  facet normal 0 -1 0
    outer loop
      vertex 130 0 3
      vertex 200 0 8
      vertex 130 0 8
    endloop
  endfacet
  facet normal 0 -1 0
    outer loop
      vertex 130 0 3
      vertex 200 0 0
      vertex 200 0 8
    endloop
  endfacet
  facet normal 0 -1 0
    outer loop
      vertex 200 0 0
      vertex 130 0 3
      vertex 0 0 0
    endloop
  endfacet
  facet normal -1 0 0
    outer loop
      vertex 198 2 3
      vertex 198 128 8
      vertex 198 128 3
    endloop
  endfacet
  facet normal -1 -0 0
    outer loop
      vertex 198 128 8
      vertex 198 2 3
      vertex 198 2 8
    endloop
  endfacet
  facet normal 1 -0 0
    outer loop
      vertex 2 80 8
      vertex 2 128 3
      vertex 2 128 8
    endloop
  endfacet
  facet normal 1 0 0
    outer loop
      vertex 2 128 3
      vertex 2 80 8
      vertex 2 80 3
    endloop
  endfacet
  facet normal 1 -0 0
    outer loop
      vertex 2 2 8
      vertex 2 50 3
      vertex 2 50 8
    endloop
  endfacet
  facet normal 1 0 0
    outer loop
      vertex 2 50 3
      vertex 2 2 8
      vertex 2 2 3
    endloop
  endfacet
  facet normal 0 -1 0
    outer loop
      vertex 2 128 3
      vertex 198 128 8
      vertex 2 128 8
    endloop
  endfacet
  facet normal 0 -1 -0
    outer loop
      vertex 198 128 8
      vertex 2 128 3
      vertex 198 128 3
    endloop
  endfacet
  facet normal 0 1 -0
    outer loop
      vertex 70 2 3
      vertex 2 2 8
      vertex 70 2 8
    endloop
  endfacet
  facet normal 0 1 0
    outer loop
      vertex 2 2 8
      vertex 70 2 3
      vertex 2 2 3
    endloop
  endfacet
  facet normal 0 1 -0
    outer loop
      vertex 198 2 3
      vertex 130 2 8
      vertex 198 2 8
    endloop
  endfacet
  facet normal 0 1 0
    outer loop
      vertex 130 2 8
      vertex 198 2 3
      vertex 130 2 3
    endloop
  endfacet
  facet normal -1 0 0
    outer loop
      vertex 130 0 3
      vertex 130 2 8
      vertex 130 2 3
    endloop
  endfacet
  facet normal -1 -0 0
    outer loop
      vertex 130 2 8
      vertex 130 0 3
      vertex 130 0 8
    endloop
  endfacet
  facet normal 0 0 1
    outer loop
      vertex 0 50 3
      vertex 12 65.3 3
      vertex 0 80 3
    endloop
  endfacet
  facet normal 0 0 1
    outer loop
      vertex 12 65.3 3
      vertex 0 50 3
      vertex 2 50 3
    endloop
  endfacet
  facet normal -0 0 1
    outer loop
      vertex 10.5255 120.644 3
      vertex 20.6 104 3
      vertex 10.5265 120.646 3
    endloop
  endfacet
  facet normal 0 0 1
    outer loop
      vertex 12 65.3 3
      vertex 11.1588 7.82501 3
      vertex 11.2401 7 3
    endloop
  endfacet
  facet normal 0 0 1
    outer loop
      vertex 20.6 104 3
      vertex 10.5255 120.644 3
      vertex 17.4 104 3
    endloop
  endfacet
  facet normal 0 0 1
    outer loop
      vertex 12 65.3 3
      vertex 11.1586 7.82719 3
      vertex 11.1588 7.82501 3
    endloop
  endfacet
  facet normal -0 0 1
    outer loop
      vertex 10.5241 120.643 3
      vertex 17.4 104 3
      vertex 10.5255 120.644 3
    endloop
  endfacet
  facet normal 0 0 1
    outer loop
      vertex 12 65.3 3
      vertex 11.1579 7.82929 3
      vertex 11.1586 7.82719 3
    endloop
  endfacet
  facet normal -0 0 1
    outer loop
      vertex 9.99817 120.002 3
      vertex 17.4 104 3
      vertex 10.5241 120.643 3
    endloop
  endfacet
  facet normal 0 0 1
    outer loop
      vertex 12 65.3 3
      vertex 10.9173 8.6226 3
      vertex 11.1579 7.82929 3
    endloop
  endfacet
  facet normal -0 0 1
    outer loop
      vertex 9.35734 119.476 3
      vertex 17.4 104 3
      vertex 9.99817 120.002 3
    endloop
  endfacet
  facet normal -0 0 1
    outer loop
      vertex 0 80 3
      vertex 12 65.3 3
      vertex 2 80 3
    endloop
  endfacet
  facet normal -0 0 1
    outer loop
      vertex 9.35565 119.475 3
      vertex 17.4 104 3
      vertex 9.35734 119.476 3
    endloop
  endfacet
  facet normal 0 -0 1
    outer loop
      vertex 9.99817 9.99817 3
      vertex 12 65.3 3
      vertex 2 50 3
    endloop
  endfacet
  facet normal -0 0 1
    outer loop
      vertex 9.35371 119.473 3
      vertex 17.4 104 3
      vertex 9.35565 119.475 3
    endloop
  endfacet
  facet normal 0 0 1
    outer loop
      vertex 12 65.3 3
      vertex 10.5265 9.35371 3
      vertex 10.9173 8.6226 3
    endloop
  endfacet
  facet normal 0 0 1
    outer loop
      vertex 15 85 3
      vertex 2 80 3
      vertex 12 65.3 3
    endloop
  endfacet
  facet normal 0 0 1
    outer loop
      vertex 12 65.3 3
      vertex 10.5255 9.35565 3
      vertex 10.5265 9.35371 3
    endloop
  endfacet
  facet normal -0 0 1
    outer loop
      vertex 8.6226 119.083 3
      vertex 17.4 104 3
      vertex 9.35371 119.473 3
    endloop
  endfacet
  facet normal 0 0 1
    outer loop
      vertex 12 65.3 3
      vertex 10.5241 9.35734 3
      vertex 10.5255 9.35565 3
    endloop
  endfacet
  facet normal -0 0 1
    outer loop
      vertex 7.82929 118.842 3
      vertex 17.4 104 3
      vertex 8.6226 119.083 3
    endloop
  endfacet
  facet normal 0 0 1
    outer loop
      vertex 12 65.3 3
      vertex 9.99817 9.99817 3
      vertex 10.5241 9.35734 3
    endloop
  endfacet
  facet normal -0 0 1
    outer loop
      vertex 7.82719 118.841 3
      vertex 17.4 104 3
      vertex 7.82929 118.842 3
    endloop
  endfacet
  facet normal 0 0 1
    outer loop
      vertex 9.99817 9.99817 3
      vertex 2 50 3
      vertex 9.35734 10.5241 3
    endloop
  endfacet
  facet normal -0 0 1
    outer loop
      vertex 7.82501 118.841 3
      vertex 17.4 104 3
      vertex 7.82719 118.841 3
    endloop
  endfacet
  facet normal 0 0 1
    outer loop
      vertex 9.35734 10.5241 3
      vertex 2 50 3
      vertex 9.35565 10.5255 3
    endloop
  endfacet
  facet normal 0 0 1
    outer loop
      vertex 17.4 104 3
      vertex 7.82501 118.841 3
      vertex 15 101 3
    endloop
  endfacet
  facet normal 0 0 1
    outer loop
      vertex 9.35565 10.5255 3
      vertex 2 50 3
      vertex 9.35371 10.5265 3
    endloop
  endfacet
  facet normal -0 0 1
    outer loop
      vertex 7 118.76 3
      vertex 15 101 3
      vertex 7.82501 118.841 3
    endloop
  endfacet
  facet normal 0 0 1
    outer loop
      vertex 9.35371 10.5265 3
      vertex 2 50 3
      vertex 8.6226 10.9173 3
    endloop
  endfacet
  facet normal 0 0 1
    outer loop
      vertex 6.17499 118.841 3
      vertex 15 101 3
      vertex 7 118.76 3
    endloop
  endfacet
  facet normal 0 0 1
    outer loop
      vertex 8.6226 10.9173 3
      vertex 2 50 3
      vertex 7.82929 11.1579 3
    endloop
  endfacet
  facet normal -0 0 1
    outer loop
      vertex 6.17281 118.841 3
      vertex 15 101 3
      vertex 6.17499 118.841 3
    endloop
  endfacet
  facet normal 0 0 1
    outer loop
      vertex 7.82929 11.1579 3
      vertex 2 50 3
      vertex 7.82719 11.1586 3
    endloop
  endfacet
  facet normal 0 0 1
    outer loop
      vertex 6.17071 118.842 3
      vertex 15 101 3
      vertex 6.17281 118.841 3
    endloop
  endfacet
  facet normal 0 0 1
    outer loop
      vertex 7.82719 11.1586 3
      vertex 2 50 3
      vertex 7.82501 11.1588 3
    endloop
  endfacet
  facet normal 0 0 1
    outer loop
      vertex 15 101 3
      vertex 2 80 3
      vertex 15 85 3
    endloop
  endfacet
  facet normal 0 0 1
    outer loop
      vertex 7.82501 11.1588 3
      vertex 2 50 3
      vertex 7 11.2401 3
    endloop
  endfacet
  facet normal 0 0 1
    outer loop
      vertex 5.3774 119.083 3
      vertex 15 101 3
      vertex 6.17071 118.842 3
    endloop
  endfacet
  facet normal 0 0 1
    outer loop
      vertex 7 11.2401 3
      vertex 2 50 3
      vertex 6.17499 11.1588 3
    endloop
  endfacet
  facet normal 0 0 1
    outer loop
      vertex 4.64629 119.473 3
      vertex 15 101 3
      vertex 5.3774 119.083 3
    endloop
  endfacet
  facet normal 0 0 1
    outer loop
      vertex 6.17499 11.1588 3
      vertex 2 50 3
      vertex 6.17281 11.1586 3
    endloop
  endfacet
  facet normal 0 0 1
    outer loop
      vertex 4.64435 119.475 3
      vertex 15 101 3
      vertex 4.64629 119.473 3
    endloop
  endfacet
  facet normal 0 0 1
    outer loop
      vertex 6.17281 11.1586 3
      vertex 2 50 3
      vertex 6.17071 11.1579 3
    endloop
  endfacet
  facet normal 0 0 1
    outer loop
      vertex 15 101 3
      vertex 4.64435 119.475 3
      vertex 2 80 3
    endloop
  endfacet
  facet normal 0 0 1
    outer loop
      vertex 6.17071 11.1579 3
      vertex 2 50 3
      vertex 5.3774 10.9173 3
    endloop
  endfacet
  facet normal 0 0 1
    outer loop
      vertex 2 80 3
      vertex 4.64435 119.475 3
      vertex 4.64266 119.476 3
    endloop
  endfacet
  facet normal 0 0 1
    outer loop
      vertex 5.3774 10.9173 3
      vertex 2 50 3
      vertex 4.64629 10.5265 3
    endloop
  endfacet
  facet normal 0 0 1
    outer loop
      vertex 2 80 3
      vertex 4.64266 119.476 3
      vertex 4.00183 120.002 3
    endloop
  endfacet
  facet normal 0 0 1
    outer loop
      vertex 4.64629 10.5265 3
      vertex 2 50 3
      vertex 4.64435 10.5255 3
    endloop
  endfacet
  facet normal 0 0 1
    outer loop
      vertex 2 80 3
      vertex 4.00183 120.002 3
      vertex 3.47592 120.643 3
    endloop
  endfacet
  facet normal 0 0 1
    outer loop
      vertex 4.64435 10.5255 3
      vertex 2 50 3
      vertex 4.64266 10.5241 3
    endloop
  endfacet
  facet normal 0 0 1
    outer loop
      vertex 2 80 3
      vertex 3.47592 120.643 3
      vertex 3.47453 120.644 3
    endloop
  endfacet
  facet normal 0 0 1
    outer loop
      vertex 4.64266 10.5241 3
      vertex 2 50 3
      vertex 4.00183 9.99817 3
    endloop
  endfacet
  facet normal 0 0 1
    outer loop
      vertex 2 80 3
      vertex 3.47453 120.644 3
      vertex 3.47349 120.646 3
    endloop
  endfacet
  facet normal 0 0 1
    outer loop
      vertex 4.00183 9.99817 3
      vertex 2 50 3
      vertex 3.47592 9.35734 3
    endloop
  endfacet
  facet normal 0 0 1
    outer loop
      vertex 2 80 3
      vertex 3.47349 120.646 3
      vertex 3.0827 121.377 3
    endloop
  endfacet
  facet normal 0 0 1
    outer loop
      vertex 3.47592 9.35734 3
      vertex 2 50 3
      vertex 3.47453 9.35565 3
    endloop
  endfacet
  facet normal 0 0 1
    outer loop
      vertex 2 80 3
      vertex 3.0827 121.377 3
      vertex 2.84206 122.171 3
    endloop
  endfacet
  facet normal 0 0 1
    outer loop
      vertex 3.47453 9.35565 3
      vertex 2 50 3
      vertex 3.47349 9.35371 3
    endloop
  endfacet
  facet normal 0 0 1
    outer loop
      vertex 2 80 3
      vertex 2.84206 122.171 3
      vertex 2.84142 122.173 3
    endloop
  endfacet
  facet normal 0 0 1
    outer loop
      vertex 3.47349 9.35371 3
      vertex 2 50 3
      vertex 3.0827 8.6226 3
    endloop
  endfacet
  facet normal 0 0 1
    outer loop
      vertex 2 128 3
      vertex 2.84142 122.173 3
      vertex 2.84121 122.175 3
    endloop
  endfacet
  facet normal 0 0 1
    outer loop
      vertex 3.0827 8.6226 3
      vertex 2 50 3
      vertex 2.84206 7.82929 3
    endloop
  endfacet
  facet normal 0 0 1
    outer loop
      vertex 2 128 3
      vertex 2.84121 122.175 3
      vertex 2.75995 123 3
    endloop
  endfacet
  facet normal 0 0 1
    outer loop
      vertex 2.84206 7.82929 3
      vertex 2 50 3
      vertex 2.84142 7.82719 3
    endloop
  endfacet
  facet normal 0 0 1
    outer loop
      vertex 45 85 3
      vertex 39.4 84 3
      vertex 42.6 84 3
    endloop
  endfacet
  facet normal 0 0 1
    outer loop
      vertex 20.6 82 3
      vertex 39.4 82 3
      vertex 39.4 84 3
    endloop
  endfacet
  facet normal 0 0 1
    outer loop
      vertex 39.4 82 3
      vertex 28.448 65.4716 3
      vertex 28.7692 65.3 3
    endloop
  endfacet
  facet normal 0 0 1
    outer loop
      vertex 39.4 82 3
      vertex 27.8853 65.6424 3
      vertex 28.448 65.4716 3
    endloop
  endfacet
  facet normal 0 0 1
    outer loop
      vertex 39.4 82 3
      vertex 20.6 82 3
      vertex 27.8853 65.6424 3
    endloop
  endfacet
  facet normal 0 0 1
    outer loop
      vertex 27.8853 65.6424 3
      vertex 20.6 82 3
      vertex 27.3 65.7 3
    endloop
  endfacet
  facet normal 0 0 1
    outer loop
      vertex 27.3 65.7 3
      vertex 20.6 82 3
      vertex 26.7147 65.6424 3
    endloop
  endfacet
  facet normal 0 0 1
    outer loop
      vertex 26.7147 65.6424 3
      vertex 20.6 82 3
      vertex 26.152 65.4716 3
    endloop
  endfacet
  facet normal 0 0 1
    outer loop
      vertex 20.6 82 3
      vertex 39.4 84 3
      vertex 20.6 84 3
    endloop
  endfacet
  facet normal 0 0 1
    outer loop
      vertex 45 85 3
      vertex 20.6 84 3
      vertex 39.4 84 3
    endloop
  endfacet
  facet normal -0 0 1
    outer loop
      vertex 15 85 3
      vertex 20.6 84 3
      vertex 45 85 3
    endloop
  endfacet
  facet normal 0 0 1
    outer loop
      vertex 17.4 84 3
      vertex 15 85 3
      vertex 17.4 82 3
    endloop
  endfacet
  facet normal 0 0 1
    outer loop
      vertex 20.6 84 3
      vertex 15 85 3
      vertex 17.4 84 3
    endloop
  endfacet
  facet normal -0 0 1
    outer loop
      vertex 27.6562 12 3
      vertex 70 2 3
      vertex 80.6 12 3
    endloop
  endfacet
  facet normal -0 0 1
    outer loop
      vertex 27.148 11.7284 3
      vertex 70 2 3
      vertex 27.6562 12 3
    endloop
  endfacet
  facet normal -0 0 1
    outer loop
      vertex 26.5853 11.5576 3
      vertex 70 2 3
      vertex 27.148 11.7284 3
    endloop
  endfacet
  facet normal 0 0 1
    outer loop
      vertex 9.99817 4.00183 3
      vertex 26.5853 11.5576 3
      vertex 26 11.5 3
    endloop
  endfacet
  facet normal 0 0 1
    outer loop
      vertex 10.5255 4.64435 3
      vertex 26 11.5 3
      vertex 25.4147 11.5576 3
    endloop
  endfacet
  facet normal 0 0 1
    outer loop
      vertex 11.2401 7 3
      vertex 24.3438 12 3
      vertex 12 12 3
    endloop
  endfacet
  facet normal 0 0 1
    outer loop
      vertex 11.1588 6.17499 3
      vertex 24.3438 12 3
      vertex 11.2401 7 3
    endloop
  endfacet
  facet normal 0 0 1
    outer loop
      vertex 11.1586 6.17281 3
      vertex 24.3438 12 3
      vertex 11.1588 6.17499 3
    endloop
  endfacet
  facet normal 0 0 1
    outer loop
      vertex 12 65.3 3
      vertex 11.2401 7 3
      vertex 12 12 3
    endloop
  endfacet
  facet normal 0 0 1
    outer loop
      vertex 24.3438 12 3
      vertex 11.1586 6.17281 3
      vertex 24.852 11.7284 3
    endloop
  endfacet
  facet normal 0 0 1
    outer loop
      vertex 11.1579 6.17071 3
      vertex 24.852 11.7284 3
      vertex 11.1586 6.17281 3
    endloop
  endfacet
  facet normal 0 0 1
    outer loop
      vertex 10.9173 5.3774 3
      vertex 24.852 11.7284 3
      vertex 11.1579 6.17071 3
    endloop
  endfacet
  facet normal 0 0 1
    outer loop
      vertex 24.852 11.7284 3
      vertex 10.9173 5.3774 3
      vertex 25.4147 11.5576 3
    endloop
  endfacet
  facet normal 0 0 1
    outer loop
      vertex 10.5265 4.64629 3
      vertex 25.4147 11.5576 3
      vertex 10.9173 5.3774 3
    endloop
  endfacet
  facet normal 0 0 1
    outer loop
      vertex 10.5255 4.64435 3
      vertex 25.4147 11.5576 3
      vertex 10.5265 4.64629 3
    endloop
  endfacet
  facet normal 0 0 1
    outer loop
      vertex 26 11.5 3
      vertex 10.5255 4.64435 3
      vertex 10.5241 4.64266 3
    endloop
  endfacet
  facet normal 0 0 1
    outer loop
      vertex 26 11.5 3
      vertex 10.5241 4.64266 3
      vertex 9.99817 4.00183 3
    endloop
  endfacet
  facet normal 0 0 1
    outer loop
      vertex 26.5853 11.5576 3
      vertex 9.99817 4.00183 3
      vertex 9.35734 3.47592 3
    endloop
  endfacet
  facet normal 0 0 1
    outer loop
      vertex 26.5853 11.5576 3
      vertex 9.35734 3.47592 3
      vertex 9.35565 3.47453 3
    endloop
  endfacet
  facet normal 0 0 1
    outer loop
      vertex 26.5853 11.5576 3
      vertex 9.35565 3.47453 3
      vertex 70 2 3
    endloop
  endfacet
  facet normal -0 0 1
    outer loop
      vertex 9.35371 3.47349 3
      vertex 70 2 3
      vertex 9.35565 3.47453 3
    endloop
  endfacet
  facet normal -0 0 1
    outer loop
      vertex 8.6226 3.0827 3
      vertex 70 2 3
      vertex 9.35371 3.47349 3
    endloop
  endfacet
  facet normal -0 0 1
    outer loop
      vertex 7.82929 2.84206 3
      vertex 70 2 3
      vertex 8.6226 3.0827 3
    endloop
  endfacet
  facet normal -0 0 1
    outer loop
      vertex 7.82719 2.84142 3
      vertex 70 2 3
      vertex 7.82929 2.84206 3
    endloop
  endfacet
  facet normal 0 0 1
    outer loop
      vertex 2 2 3
      vertex 7.82719 2.84142 3
      vertex 7.82501 2.84121 3
    endloop
  endfacet
  facet normal 0 0 1
    outer loop
      vertex 2 2 3
      vertex 7.82501 2.84121 3
      vertex 7 2.75995 3
    endloop
  endfacet
  facet normal 0 0 1
    outer loop
      vertex 2 2 3
      vertex 4.64629 3.47349 3
      vertex 4.64435 3.47453 3
    endloop
  endfacet
  facet normal 0 0 1
    outer loop
      vertex 2 2 3
      vertex 4.64266 3.47592 3
      vertex 4.00183 4.00183 3
    endloop
  endfacet
  facet normal 0 0 1
    outer loop
      vertex 2 2 3
      vertex 3.47592 4.64266 3
      vertex 3.47453 4.64435 3
    endloop
  endfacet
  facet normal 0 0 1
    outer loop
      vertex 2 2 3
      vertex 3.47349 4.64629 3
      vertex 3.0827 5.3774 3
    endloop
  endfacet
  facet normal 0 0 1
    outer loop
      vertex 2 2 3
      vertex 2.84142 7.82719 3
      vertex 2 50 3
    endloop
  endfacet
  facet normal 0 0 1
    outer loop
      vertex 2.84142 7.82719 3
      vertex 2 2 3
      vertex 2.84121 7.82501 3
    endloop
  endfacet
  facet normal 0 0 1
    outer loop
      vertex 7.82719 2.84142 3
      vertex 2 2 3
      vertex 70 2 3
    endloop
  endfacet
  facet normal 0 0 1
    outer loop
      vertex 6.17499 2.84121 3
      vertex 2 2 3
      vertex 7 2.75995 3
    endloop
  endfacet
  facet normal 0 0 1
    outer loop
      vertex 6.17281 2.84142 3
      vertex 2 2 3
      vertex 6.17499 2.84121 3
    endloop
  endfacet
  facet normal 0 0 1
    outer loop
      vertex 6.17071 2.84206 3
      vertex 2 2 3
      vertex 6.17281 2.84142 3
    endloop
  endfacet
  facet normal 0 0 1
    outer loop
      vertex 5.3774 3.0827 3
      vertex 2 2 3
      vertex 6.17071 2.84206 3
    endloop
  endfacet
  facet normal 0 0 1
    outer loop
      vertex 4.64629 3.47349 3
      vertex 2 2 3
      vertex 5.3774 3.0827 3
    endloop
  endfacet
  facet normal 0 0 1
    outer loop
      vertex 4.64266 3.47592 3
      vertex 2 2 3
      vertex 4.64435 3.47453 3
    endloop
  endfacet
  facet normal 0 0 1
    outer loop
      vertex 3.47592 4.64266 3
      vertex 2 2 3
      vertex 4.00183 4.00183 3
    endloop
  endfacet
  facet normal 0 0 1
    outer loop
      vertex 3.47349 4.64629 3
      vertex 2 2 3
      vertex 3.47453 4.64435 3
    endloop
  endfacet
  facet normal 0 0 1
    outer loop
      vertex 2.84206 6.17071 3
      vertex 2 2 3
      vertex 3.0827 5.3774 3
    endloop
  endfacet
  facet normal 0 0 1
    outer loop
      vertex 2.84142 6.17281 3
      vertex 2 2 3
      vertex 2.84206 6.17071 3
    endloop
  endfacet
  facet normal 0 0 1
    outer loop
      vertex 2.84121 6.17499 3
      vertex 2 2 3
      vertex 2.84142 6.17281 3
    endloop
  endfacet
  facet normal 0 0 1
    outer loop
      vertex 2.75995 7 3
      vertex 2 2 3
      vertex 2.84121 6.17499 3
    endloop
  endfacet
  facet normal 0 0 1
    outer loop
      vertex 2.84121 7.82501 3
      vertex 2 2 3
      vertex 2.75995 7 3
    endloop
  endfacet
  facet normal -0 0 1
    outer loop
      vertex 80.8716 46.352 3
      vertex 100 45.4 3
      vertex 81.0424 46.9147 3
    endloop
  endfacet
  facet normal 0 0 1
    outer loop
      vertex 100 45.4 3
      vertex 81.0424 20.1853 3
      vertex 81.1 19.6 3
    endloop
  endfacet
  facet normal -0 0 1
    outer loop
      vertex 80.6 45.8438 3
      vertex 100 45.4 3
      vertex 80.8716 46.352 3
    endloop
  endfacet
  facet normal 0 0 1
    outer loop
      vertex 100 45.4 3
      vertex 80.8716 20.748 3
      vertex 81.0424 20.1853 3
    endloop
  endfacet
  facet normal 0 0 1
    outer loop
      vertex 80.6 21.2563 3
      vertex 100 45.4 3
      vertex 80.6 45.8438 3
    endloop
  endfacet
  facet normal 0 0 1
    outer loop
      vertex 100 45.4 3
      vertex 80.6 21.2563 3
      vertex 80.8716 20.748 3
    endloop
  endfacet
  facet normal 0 0 1
    outer loop
      vertex 80.8716 48.648 3
      vertex 80.6 65.3 3
      vertex 80.6 49.1562 3
    endloop
  endfacet
  facet normal 0 0 1
    outer loop
      vertex 82 82 3
      vertex 77 82 3
      vertex 80.6 65.3 3
    endloop
  endfacet
  facet normal -0 0 1
    outer loop
      vertex 71 82 3
      vertex 80.6 65.3 3
      vertex 77 82 3
    endloop
  endfacet
  facet normal 0 0 1
    outer loop
      vertex 66 82 3
      vertex 71 82 3
      vertex 66 108 3
    endloop
  endfacet
  facet normal -0 0 1
    outer loop
      vertex 66 82 3
      vertex 80.6 65.3 3
      vertex 71 82 3
    endloop
  endfacet
  facet normal -0 0 1
    outer loop
      vertex 60 82 3
      vertex 80.6 65.3 3
      vertex 66 82 3
    endloop
  endfacet
  facet normal -0 0 1
    outer loop
      vertex 45 85 3
      vertex 60 82 3
      vertex 45 101 3
    endloop
  endfacet
  facet normal 0 0 1
    outer loop
      vertex 42.6 82 3
      vertex 60 82 3
      vertex 45 85 3
    endloop
  endfacet
  facet normal 0 0 1
    outer loop
      vertex 42.6 82 3
      vertex 45 85 3
      vertex 42.6 84 3
    endloop
  endfacet
  facet normal 0 0 1
    outer loop
      vertex 28.7692 65.3 3
      vertex 60 82 3
      vertex 42.6 82 3
    endloop
  endfacet
  facet normal 0 0 1
    outer loop
      vertex 28.7692 65.3 3
      vertex 42.6 82 3
      vertex 39.4 82 3
    endloop
  endfacet
  facet normal 0 0 1
    outer loop
      vertex 60 82 3
      vertex 28.7692 65.3 3
      vertex 80.6 65.3 3
    endloop
  endfacet
  facet normal -0 0 1
    outer loop
      vertex 42.6 102 3
      vertex 45 101 3
      vertex 42.6 104 3
    endloop
  endfacet
  facet normal -0 0 1
    outer loop
      vertex 39.4 102 3
      vertex 45 101 3
      vertex 42.6 102 3
    endloop
  endfacet
  facet normal 0 0 1
    outer loop
      vertex 20.6 102 3
      vertex 39.4 102 3
      vertex 20.6 104 3
    endloop
  endfacet
  facet normal 0 0 1
    outer loop
      vertex 39.4 102 3
      vertex 20.6 102 3
      vertex 45 101 3
    endloop
  endfacet
  facet normal 0 0 1
    outer loop
      vertex 15 101 3
      vertex 20.6 102 3
      vertex 17.4 102 3
    endloop
  endfacet
  facet normal 0 0 1
    outer loop
      vertex 20.6 102 3
      vertex 15 101 3
      vertex 45 101 3
    endloop
  endfacet
  facet normal 0 0 1
    outer loop
      vertex 26.152 65.4716 3
      vertex 20.6 82 3
      vertex 25.8308 65.3 3
    endloop
  endfacet
  facet normal -0 0 1
    outer loop
      vertex 17.4 82 3
      vertex 25.8308 65.3 3
      vertex 20.6 82 3
    endloop
  endfacet
  facet normal 0 0 1
    outer loop
      vertex 12 65.3 3
      vertex 17.4 82 3
      vertex 15 85 3
    endloop
  endfacet
  facet normal 0 0 1
    outer loop
      vertex 17.4 82 3
      vertex 12 65.3 3
      vertex 25.8308 65.3 3
    endloop
  endfacet
  facet normal 0 0 1
    outer loop
      vertex 160 80 3
      vertex 154.4 79 3
      vertex 157.6 79 3
    endloop
  endfacet
  facet normal 0 0 1
    outer loop
      vertex 154.4 79 3
      vertex 105.6 79 3
      vertex 154.4 77 3
    endloop
  endfacet
  facet normal 0 0 1
    outer loop
      vertex 160 80 3
      vertex 105.6 79 3
      vertex 154.4 79 3
    endloop
  endfacet
  facet normal -0 0 1
    outer loop
      vertex 100 80 3
      vertex 105.6 79 3
      vertex 160 80 3
    endloop
  endfacet
  facet normal 0 0 1
    outer loop
      vertex 102.4 79 3
      vertex 100 80 3
      vertex 102.4 77 3
    endloop
  endfacet
  facet normal 0 0 1
    outer loop
      vertex 105.6 79 3
      vertex 100 80 3
      vertex 102.4 79 3
    endloop
  endfacet
  facet normal 0 0 1
    outer loop
      vertex 198 128 3
      vertex 197.159 122.173 3
      vertex 198 2 3
    endloop
  endfacet
  facet normal 0 0 1
    outer loop
      vertex 198 2 3
      vertex 197.159 7.82501 3
      vertex 197.24 7 3
    endloop
  endfacet
  facet normal -0 0 1
    outer loop
      vertex 197.159 7.82719 3
      vertex 198 2 3
      vertex 197.159 122.173 3
    endloop
  endfacet
  facet normal 0 0 1
    outer loop
      vertex 198 2 3
      vertex 197.159 7.82719 3
      vertex 197.159 7.82501 3
    endloop
  endfacet
  facet normal -0 0 1
    outer loop
      vertex 197.158 122.171 3
      vertex 197.159 7.82719 3
      vertex 197.159 122.173 3
    endloop
  endfacet
  facet normal 0 0 1
    outer loop
      vertex 197.158 122.171 3
      vertex 197.158 7.82929 3
      vertex 197.159 7.82719 3
    endloop
  endfacet
  facet normal -0 0 1
    outer loop
      vertex 196.917 121.377 3
      vertex 197.158 7.82929 3
      vertex 197.158 122.171 3
    endloop
  endfacet
  facet normal 0 0 1
    outer loop
      vertex 196.917 121.377 3
      vertex 196.917 8.6226 3
      vertex 197.158 7.82929 3
    endloop
  endfacet
  facet normal -0 0 1
    outer loop
      vertex 196.527 120.646 3
      vertex 196.917 8.6226 3
      vertex 196.917 121.377 3
    endloop
  endfacet
  facet normal 0 0 1
    outer loop
      vertex 196.527 120.646 3
      vertex 196.527 9.35371 3
      vertex 196.917 8.6226 3
    endloop
  endfacet
  facet normal -0 0 1
    outer loop
      vertex 196.525 120.644 3
      vertex 196.527 9.35371 3
      vertex 196.527 120.646 3
    endloop
  endfacet
  facet normal 0 0 1
    outer loop
      vertex 196.525 120.644 3
      vertex 196.525 9.35565 3
      vertex 196.527 9.35371 3
    endloop
  endfacet
  facet normal -0 0 1
    outer loop
      vertex 196.524 120.643 3
      vertex 196.525 9.35565 3
      vertex 196.525 120.644 3
    endloop
  endfacet
  facet normal 0 0 1
    outer loop
      vertex 196.524 120.643 3
      vertex 196.524 9.35734 3
      vertex 196.525 9.35565 3
    endloop
  endfacet
  facet normal -0 0 1
    outer loop
      vertex 195.998 120.002 3
      vertex 196.524 9.35734 3
      vertex 196.524 120.643 3
    endloop
  endfacet
  facet normal 0 0 1
    outer loop
      vertex 195.998 120.002 3
      vertex 195.998 9.99817 3
      vertex 196.524 9.35734 3
    endloop
  endfacet
  facet normal -0 0 1
    outer loop
      vertex 195.357 119.476 3
      vertex 195.998 9.99817 3
      vertex 195.998 120.002 3
    endloop
  endfacet
  facet normal 0 0 1
    outer loop
      vertex 195.357 119.476 3
      vertex 195.357 10.5241 3
      vertex 195.998 9.99817 3
    endloop
  endfacet
  facet normal -0 0 1
    outer loop
      vertex 195.356 119.475 3
      vertex 195.357 10.5241 3
      vertex 195.357 119.476 3
    endloop
  endfacet
  facet normal 0 0 1
    outer loop
      vertex 195.356 119.475 3
      vertex 195.356 10.5255 3
      vertex 195.357 10.5241 3
    endloop
  endfacet
  facet normal -0 0 1
    outer loop
      vertex 195.354 119.473 3
      vertex 195.356 10.5255 3
      vertex 195.356 119.475 3
    endloop
  endfacet
  facet normal 0 0 1
    outer loop
      vertex 195.354 119.473 3
      vertex 195.354 10.5265 3
      vertex 195.356 10.5255 3
    endloop
  endfacet
  facet normal -0 0 1
    outer loop
      vertex 194.623 119.083 3
      vertex 195.354 10.5265 3
      vertex 195.354 119.473 3
    endloop
  endfacet
  facet normal 0 0 1
    outer loop
      vertex 194.623 119.083 3
      vertex 194.623 10.9173 3
      vertex 195.354 10.5265 3
    endloop
  endfacet
  facet normal 0 0 1
    outer loop
      vertex 160 80 3
      vertex 194.623 119.083 3
      vertex 193.829 118.842 3
    endloop
  endfacet
  facet normal 0 0 1
    outer loop
      vertex 194.623 119.083 3
      vertex 162.5 45.4 3
      vertex 194.623 10.9173 3
    endloop
  endfacet
  facet normal 0 0 1
    outer loop
      vertex 160 80 3
      vertex 193.829 118.842 3
      vertex 193.827 118.841 3
    endloop
  endfacet
  facet normal 0 0 1
    outer loop
      vertex 194.623 10.9173 3
      vertex 162.5 45.4 3
      vertex 193.829 11.1579 3
    endloop
  endfacet
  facet normal 0 0 1
    outer loop
      vertex 160 80 3
      vertex 193.827 118.841 3
      vertex 193.825 118.841 3
    endloop
  endfacet
  facet normal 0 0 1
    outer loop
      vertex 193.829 11.1579 3
      vertex 162.5 45.4 3
      vertex 193.827 11.1586 3
    endloop
  endfacet
  facet normal 0 0 1
    outer loop
      vertex 160 80 3
      vertex 193.825 118.841 3
      vertex 193 118.76 3
    endloop
  endfacet
  facet normal 0 0 1
    outer loop
      vertex 193.827 11.1586 3
      vertex 162.5 45.4 3
      vertex 193.825 11.1588 3
    endloop
  endfacet
  facet normal 0 0 1
    outer loop
      vertex 160 80 3
      vertex 193 118.76 3
      vertex 192.175 118.841 3
    endloop
  endfacet
  facet normal 0 0 1
    outer loop
      vertex 193.825 11.1588 3
      vertex 162.5 45.4 3
      vertex 193 11.2401 3
    endloop
  endfacet
  facet normal 0 0 1
    outer loop
      vertex 160 80 3
      vertex 192.175 118.841 3
      vertex 192.173 118.841 3
    endloop
  endfacet
  facet normal 0 0 1
    outer loop
      vertex 193 11.2401 3
      vertex 162.5 45.4 3
      vertex 192.175 11.1588 3
    endloop
  endfacet
  facet normal 0 0 1
    outer loop
      vertex 160 102 3
      vertex 192.173 118.841 3
      vertex 192.171 118.842 3
    endloop
  endfacet
  facet normal 0 0 1
    outer loop
      vertex 192.175 11.1588 3
      vertex 162.5 45.4 3
      vertex 192.173 11.1586 3
    endloop
  endfacet
  facet normal 0 0 1
    outer loop
      vertex 160 102 3
      vertex 192.171 118.842 3
      vertex 191.377 119.083 3
    endloop
  endfacet
  facet normal 0 0 1
    outer loop
      vertex 192.173 11.1586 3
      vertex 162.5 45.4 3
      vertex 192.171 11.1579 3
    endloop
  endfacet
  facet normal 0 0 1
    outer loop
      vertex 160 102 3
      vertex 191.377 119.083 3
      vertex 190.646 119.473 3
    endloop
  endfacet
  facet normal 0 0 1
    outer loop
      vertex 192.171 11.1579 3
      vertex 162.5 45.4 3
      vertex 191.377 10.9173 3
    endloop
  endfacet
  facet normal 0 0 1
    outer loop
      vertex 160 102 3
      vertex 190.646 119.473 3
      vertex 190.644 119.475 3
    endloop
  endfacet
  facet normal -0 0 1
    outer loop
      vertex 162.5 20 3
      vertex 191.377 10.9173 3
      vertex 162.5 45.4 3
    endloop
  endfacet
  facet normal 0 0 1
    outer loop
      vertex 160 102 3
      vertex 190.644 119.475 3
      vertex 190.643 119.476 3
    endloop
  endfacet
  facet normal 0 0 1
    outer loop
      vertex 191.377 10.9173 3
      vertex 162.5 20 3
      vertex 190.646 10.5265 3
    endloop
  endfacet
  facet normal 0 0 1
    outer loop
      vertex 160 102 3
      vertex 190.643 119.476 3
      vertex 190.002 120.002 3
    endloop
  endfacet
  facet normal 0 0 1
    outer loop
      vertex 190.646 10.5265 3
      vertex 162.5 20 3
      vertex 190.644 10.5255 3
    endloop
  endfacet
  facet normal 0 0 1
    outer loop
      vertex 160 102 3
      vertex 190.002 120.002 3
      vertex 189.476 120.643 3
    endloop
  endfacet
  facet normal 0 0 1
    outer loop
      vertex 190.644 10.5255 3
      vertex 162.5 20 3
      vertex 190.643 10.5241 3
    endloop
  endfacet
  facet normal 0 0 1
    outer loop
      vertex 160 102 3
      vertex 189.476 120.643 3
      vertex 189.475 120.644 3
    endloop
  endfacet
  facet normal 0 0 1
    outer loop
      vertex 190.643 10.5241 3
      vertex 162.5 20 3
      vertex 190.002 9.99817 3
    endloop
  endfacet
  facet normal 0 0 1
    outer loop
      vertex 160 102 3
      vertex 189.475 120.644 3
      vertex 189.473 120.646 3
    endloop
  endfacet
  facet normal 0 0 1
    outer loop
      vertex 190.002 9.99817 3
      vertex 162.5 20 3
      vertex 189.476 9.35734 3
    endloop
  endfacet
  facet normal 0 0 1
    outer loop
      vertex 160 102 3
      vertex 189.473 120.646 3
      vertex 189.083 121.377 3
    endloop
  endfacet
  facet normal 0 0 1
    outer loop
      vertex 189.476 9.35734 3
      vertex 162.5 20 3
      vertex 189.475 9.35565 3
    endloop
  endfacet
  facet normal 0 0 1
    outer loop
      vertex 157.6 105 3
      vertex 189.083 121.377 3
      vertex 188.842 122.171 3
    endloop
  endfacet
  facet normal 0 0 1
    outer loop
      vertex 189.475 9.35565 3
      vertex 162.5 20 3
      vertex 189.473 9.35371 3
    endloop
  endfacet
  facet normal 0 0 1
    outer loop
      vertex 157.6 105 3
      vertex 188.842 122.171 3
      vertex 188.841 122.173 3
    endloop
  endfacet
  facet normal 0 0 1
    outer loop
      vertex 189.473 9.35371 3
      vertex 162.5 20 3
      vertex 189.083 8.6226 3
    endloop
  endfacet
  facet normal 0 0 1
    outer loop
      vertex 157.6 105 3
      vertex 188.841 122.173 3
      vertex 188.841 122.175 3
    endloop
  endfacet
  facet normal 0 0 1
    outer loop
      vertex 189.083 8.6226 3
      vertex 162.5 20 3
      vertex 188.842 7.82929 3
    endloop
  endfacet
  facet normal 0 0 1
    outer loop
      vertex 157.6 105 3
      vertex 188.841 122.175 3
      vertex 188.76 123 3
    endloop
  endfacet
  facet normal 0 0 1
    outer loop
      vertex 188.842 7.82929 3
      vertex 162.5 20 3
      vertex 188.841 7.82719 3
    endloop
  endfacet
  facet normal 0 0 1
    outer loop
      vertex 197.159 122.175 3
      vertex 198 128 3
      vertex 197.24 123 3
    endloop
  endfacet
  facet normal 0 0 1
    outer loop
      vertex 198 128 3
      vertex 197.159 123.825 3
      vertex 197.24 123 3
    endloop
  endfacet
  facet normal 0 0 1
    outer loop
      vertex 198 128 3
      vertex 197.159 123.827 3
      vertex 197.159 123.825 3
    endloop
  endfacet
  facet normal 0 0 1
    outer loop
      vertex 198 128 3
      vertex 197.158 123.829 3
      vertex 197.159 123.827 3
    endloop
  endfacet
  facet normal 0 0 1
    outer loop
      vertex 198 128 3
      vertex 196.917 124.623 3
      vertex 197.158 123.829 3
    endloop
  endfacet
  facet normal 0 0 1
    outer loop
      vertex 198 128 3
      vertex 196.527 125.354 3
      vertex 196.917 124.623 3
    endloop
  endfacet
  facet normal 0 0 1
    outer loop
      vertex 198 128 3
      vertex 196.525 125.356 3
      vertex 196.527 125.354 3
    endloop
  endfacet
  facet normal 0 0 1
    outer loop
      vertex 198 128 3
      vertex 196.524 125.357 3
      vertex 196.525 125.356 3
    endloop
  endfacet
  facet normal 0 0 1
    outer loop
      vertex 198 128 3
      vertex 195.998 125.998 3
      vertex 196.524 125.357 3
    endloop
  endfacet
  facet normal 0 0 1
    outer loop
      vertex 198 128 3
      vertex 195.357 126.524 3
      vertex 195.998 125.998 3
    endloop
  endfacet
  facet normal 0 0 1
    outer loop
      vertex 198 128 3
      vertex 195.356 126.525 3
      vertex 195.357 126.524 3
    endloop
  endfacet
  facet normal 0 0 1
    outer loop
      vertex 198 128 3
      vertex 195.354 126.527 3
      vertex 195.356 126.525 3
    endloop
  endfacet
  facet normal 0 0 1
    outer loop
      vertex 198 128 3
      vertex 194.623 126.917 3
      vertex 195.354 126.527 3
    endloop
  endfacet
  facet normal 0 0 1
    outer loop
      vertex 198 128 3
      vertex 193.829 127.158 3
      vertex 194.623 126.917 3
    endloop
  endfacet
  facet normal 0 0 1
    outer loop
      vertex 198 128 3
      vertex 193.827 127.159 3
      vertex 193.829 127.158 3
    endloop
  endfacet
  facet normal 0 0 1
    outer loop
      vertex 198 128 3
      vertex 193.825 127.159 3
      vertex 193.827 127.159 3
    endloop
  endfacet
  facet normal 0 0 1
    outer loop
      vertex 198 128 3
      vertex 193 127.24 3
      vertex 193.825 127.159 3
    endloop
  endfacet
  facet normal 0 0 1
    outer loop
      vertex 198 128 3
      vertex 192.175 127.159 3
      vertex 193 127.24 3
    endloop
  endfacet
  facet normal 0 0 1
    outer loop
      vertex 198 128 3
      vertex 192.173 127.159 3
      vertex 192.175 127.159 3
    endloop
  endfacet
  facet normal 0 0 -1
    outer loop
      vertex 191.377 126.917 3
      vertex 190.644 126.525 3
      vertex 190.646 126.527 3
    endloop
  endfacet
  facet normal 0 0 1
    outer loop
      vertex 190.644 126.525 3
      vertex 190.002 125.998 3
      vertex 190.643 126.524 3
    endloop
  endfacet
  facet normal 0 0 1
    outer loop
      vertex 157.6 105 3
      vertex 188.842 123.829 3
      vertex 189.083 124.623 3
    endloop
  endfacet
  facet normal 0 0 1
    outer loop
      vertex 157.6 105 3
      vertex 188.841 123.825 3
      vertex 188.841 123.827 3
    endloop
  endfacet
  facet normal 0 0 1
    outer loop
      vertex 188.841 7.82719 3
      vertex 162.5 20 3
      vertex 188.841 7.82501 3
    endloop
  endfacet
  facet normal 0 0 1
    outer loop
      vertex 188.841 123.825 3
      vertex 157.6 105 3
      vertex 188.76 123 3
    endloop
  endfacet
  facet normal 0 0 1
    outer loop
      vertex 188.842 123.829 3
      vertex 157.6 105 3
      vertex 188.841 123.827 3
    endloop
  endfacet
  facet normal 0 0 1
    outer loop
      vertex 192.173 118.841 3
      vertex 160 102 3
      vertex 160 80 3
    endloop
  endfacet
  facet normal 0 0 1
    outer loop
      vertex 157.6 105 3
      vertex 189.083 124.623 3
      vertex 189.473 125.354 3
    endloop
  endfacet
  facet normal 0 0 1
    outer loop
      vertex 154.4 105 3
      vertex 189.473 125.354 3
      vertex 189.475 125.356 3
    endloop
  endfacet
  facet normal 0 0 1
    outer loop
      vertex 154.4 105 3
      vertex 189.475 125.356 3
      vertex 189.476 125.357 3
    endloop
  endfacet
  facet normal 0 0 1
    outer loop
      vertex 154.4 105 3
      vertex 189.476 125.357 3
      vertex 190.002 125.998 3
    endloop
  endfacet
  facet normal 0 0 1
    outer loop
      vertex 99 108 3
      vertex 190.002 125.998 3
      vertex 190.644 126.525 3
    endloop
  endfacet
  facet normal 0 0 1
    outer loop
      vertex 189.083 121.377 3
      vertex 157.6 105 3
      vertex 160 102 3
    endloop
  endfacet
  facet normal 0 0 1
    outer loop
      vertex 189.473 125.354 3
      vertex 154.4 105 3
      vertex 157.6 105 3
    endloop
  endfacet
  facet normal 0 0 1
    outer loop
      vertex 154.4 105 3
      vertex 105.6 105 3
      vertex 154.4 103 3
    endloop
  endfacet
  facet normal 0 0 1
    outer loop
      vertex 190.002 125.998 3
      vertex 99 108 3
      vertex 154.4 105 3
    endloop
  endfacet
  facet normal 0 0 1
    outer loop
      vertex 99 108 3
      vertex 190.644 126.525 3
      vertex 191.377 126.917 3
    endloop
  endfacet
  facet normal 0 0 1
    outer loop
      vertex 8.6226 126.917 3
      vertex 191.377 126.917 3
      vertex 192.171 127.158 3
    endloop
  endfacet
  facet normal 0 0 1
    outer loop
      vertex 8.6226 126.917 3
      vertex 192.171 127.158 3
      vertex 192.173 127.159 3
    endloop
  endfacet
  facet normal 0 0 1
    outer loop
      vertex 154.4 105 3
      vertex 99 108 3
      vertex 105.6 105 3
    endloop
  endfacet
  facet normal 0 0 1
    outer loop
      vertex 102.4 105 3
      vertex 100 102 3
      vertex 102.4 103 3
    endloop
  endfacet
  facet normal -0 0 1
    outer loop
      vertex 99 82 3
      vertex 100 80 3
      vertex 100 102 3
    endloop
  endfacet
  facet normal -0 0 1
    outer loop
      vertex 93 82 3
      vertex 100 80 3
      vertex 99 82 3
    endloop
  endfacet
  facet normal 0 0 1
    outer loop
      vertex 99 82 3
      vertex 100 102 3
      vertex 99 108 3
    endloop
  endfacet
  facet normal 0 0 1
    outer loop
      vertex 102.4 105 3
      vertex 99 108 3
      vertex 100 102 3
    endloop
  endfacet
  facet normal 0 0 1
    outer loop
      vertex 105.6 105 3
      vertex 99 108 3
      vertex 102.4 105 3
    endloop
  endfacet
  facet normal 0 0 1
    outer loop
      vertex 191.377 126.917 3
      vertex 8.6226 126.917 3
      vertex 99 108 3
    endloop
  endfacet
  facet normal 0 0 1
    outer loop
      vertex 93 108 3
      vertex 88 108 3
      vertex 93 82 3
    endloop
  endfacet
  facet normal 0 0 1
    outer loop
      vertex 99 108 3
      vertex 8.6226 126.917 3
      vertex 93 108 3
    endloop
  endfacet
  facet normal 0 0 1
    outer loop
      vertex 93 108 3
      vertex 8.6226 126.917 3
      vertex 88 108 3
    endloop
  endfacet
  facet normal -0 0 1
    outer loop
      vertex 77 108 3
      vertex 82 82 3
      vertex 82 108 3
    endloop
  endfacet
  facet normal 0 0 1
    outer loop
      vertex 82 82 3
      vertex 80.6 65.3 3
      vertex 81.1 47.5 3
    endloop
  endfacet
  facet normal 0 0 1
    outer loop
      vertex 81.1 47.5 3
      vertex 80.6 65.3 3
      vertex 81.0424 48.0853 3
    endloop
  endfacet
  facet normal 0 0 1
    outer loop
      vertex 81.0424 48.0853 3
      vertex 80.6 65.3 3
      vertex 80.8716 48.648 3
    endloop
  endfacet
  facet normal 0 0 1
    outer loop
      vertex 77 82 3
      vertex 82 82 3
      vertex 77 108 3
    endloop
  endfacet
  facet normal 0 0 1
    outer loop
      vertex 88 108 3
      vertex 8.6226 126.917 3
      vertex 82 108 3
    endloop
  endfacet
  facet normal -0 -0 1
    outer loop
      vertex 9.35371 126.527 3
      vertex 82 108 3
      vertex 8.6226 126.917 3
    endloop
  endfacet
  facet normal 0 0 1
    outer loop
      vertex 71 108 3
      vertex 66 108 3
      vertex 71 82 3
    endloop
  endfacet
  facet normal -0 -0 1
    outer loop
      vertex 9.35565 126.525 3
      vertex 82 108 3
      vertex 9.35371 126.527 3
    endloop
  endfacet
  facet normal 0 0 1
    outer loop
      vertex 82 108 3
      vertex 9.35565 126.525 3
      vertex 77 108 3
    endloop
  endfacet
  facet normal 0 0 1
    outer loop
      vertex 60 108 3
      vertex 45 101 3
      vertex 60 82 3
    endloop
  endfacet
  facet normal 0 0 1
    outer loop
      vertex 60 108 3
      vertex 42.6 104 3
      vertex 45 101 3
    endloop
  endfacet
  facet normal 0 0 1
    outer loop
      vertex 10.9173 124.623 3
      vertex 42.6 104 3
      vertex 60 108 3
    endloop
  endfacet
  facet normal 0 0 1
    outer loop
      vertex 39.4 104 3
      vertex 20.6 104 3
      vertex 39.4 102 3
    endloop
  endfacet
  facet normal 0 0 1
    outer loop
      vertex 42.6 104 3
      vertex 10.9173 124.623 3
      vertex 39.4 104 3
    endloop
  endfacet
  facet normal 0 0 1
    outer loop
      vertex 66 108 3
      vertex 9.35565 126.525 3
      vertex 60 108 3
    endloop
  endfacet
  facet normal 0 0 1
    outer loop
      vertex 7.82719 127.159 3
      vertex 192.173 127.159 3
      vertex 198 128 3
    endloop
  endfacet
  facet normal 0 0 1
    outer loop
      vertex 39.4 104 3
      vertex 10.9173 124.623 3
      vertex 11.1579 123.829 3
    endloop
  endfacet
  facet normal 0 0 1
    outer loop
      vertex 17.4 104 3
      vertex 15 101 3
      vertex 17.4 102 3
    endloop
  endfacet
  facet normal -0 0 1
    outer loop
      vertex 10.9173 121.377 3
      vertex 20.6 104 3
      vertex 11.1579 122.171 3
    endloop
  endfacet
  facet normal -0 0 1
    outer loop
      vertex 10.5265 120.646 3
      vertex 20.6 104 3
      vertex 10.9173 121.377 3
    endloop
  endfacet
  facet normal -0 0 1
    outer loop
      vertex 11.1579 122.171 3
      vertex 20.6 104 3
      vertex 11.1586 122.173 3
    endloop
  endfacet
  facet normal -0 0 1
    outer loop
      vertex 11.1586 122.173 3
      vertex 20.6 104 3
      vertex 11.1588 122.175 3
    endloop
  endfacet
  facet normal 0 0 1
    outer loop
      vertex 39.4 104 3
      vertex 11.1588 123.825 3
      vertex 11.2401 123 3
    endloop
  endfacet
  facet normal 0 0 1
    outer loop
      vertex 39.4 104 3
      vertex 11.1588 122.175 3
      vertex 20.6 104 3
    endloop
  endfacet
  facet normal -0 0 1
    outer loop
      vertex 11.1588 122.175 3
      vertex 39.4 104 3
      vertex 11.2401 123 3
    endloop
  endfacet
  facet normal 0 0 1
    outer loop
      vertex 39.4 104 3
      vertex 11.1586 123.827 3
      vertex 11.1588 123.825 3
    endloop
  endfacet
  facet normal 0 0 1
    outer loop
      vertex 39.4 104 3
      vertex 11.1579 123.829 3
      vertex 11.1586 123.827 3
    endloop
  endfacet
  facet normal 0 0 1
    outer loop
      vertex 60 108 3
      vertex 10.5265 125.354 3
      vertex 10.9173 124.623 3
    endloop
  endfacet
  facet normal 0 0 1
    outer loop
      vertex 60 108 3
      vertex 10.5255 125.356 3
      vertex 10.5265 125.354 3
    endloop
  endfacet
  facet normal 0 0 1
    outer loop
      vertex 60 108 3
      vertex 10.5241 125.357 3
      vertex 10.5255 125.356 3
    endloop
  endfacet
  facet normal 0 0 1
    outer loop
      vertex 60 108 3
      vertex 9.99817 125.998 3
      vertex 10.5241 125.357 3
    endloop
  endfacet
  facet normal 0 0 1
    outer loop
      vertex 60 108 3
      vertex 9.35734 126.524 3
      vertex 9.99817 125.998 3
    endloop
  endfacet
  facet normal 0 0 1
    outer loop
      vertex 60 108 3
      vertex 9.35565 126.525 3
      vertex 9.35734 126.524 3
    endloop
  endfacet
  facet normal 0 0 1
    outer loop
      vertex 71 108 3
      vertex 9.35565 126.525 3
      vertex 66 108 3
    endloop
  endfacet
  facet normal 0 0 1
    outer loop
      vertex 77 108 3
      vertex 9.35565 126.525 3
      vertex 71 108 3
    endloop
  endfacet
  facet normal 0 0 1
    outer loop
      vertex 192.173 127.159 3
      vertex 7.82929 127.158 3
      vertex 8.6226 126.917 3
    endloop
  endfacet
  facet normal 0 0 1
    outer loop
      vertex 192.173 127.159 3
      vertex 7.82719 127.159 3
      vertex 7.82929 127.158 3
    endloop
  endfacet
  facet normal -0 0 1
    outer loop
      vertex 2 128 3
      vertex 7.82719 127.159 3
      vertex 198 128 3
    endloop
  endfacet
  facet normal 0 0 1
    outer loop
      vertex 7.82719 127.159 3
      vertex 2 128 3
      vertex 7.82501 127.159 3
    endloop
  endfacet
  facet normal 0 0 1
    outer loop
      vertex 2 128 3
      vertex 6.17499 127.159 3
      vertex 7 127.24 3
    endloop
  endfacet
  facet normal 0 0 1
    outer loop
      vertex 2 128 3
      vertex 4.64629 126.527 3
      vertex 5.3774 126.917 3
    endloop
  endfacet
  facet normal 0 0 1
    outer loop
      vertex 2 128 3
      vertex 4.64266 126.524 3
      vertex 4.64435 126.525 3
    endloop
  endfacet
  facet normal 0 0 1
    outer loop
      vertex 2 128 3
      vertex 3.47592 125.357 3
      vertex 4.00183 125.998 3
    endloop
  endfacet
  facet normal 0 0 1
    outer loop
      vertex 2 128 3
      vertex 3.47349 125.354 3
      vertex 3.47453 125.356 3
    endloop
  endfacet
  facet normal 0 0 1
    outer loop
      vertex 2 128 3
      vertex 2.84206 123.829 3
      vertex 3.0827 124.623 3
    endloop
  endfacet
  facet normal 0 0 1
    outer loop
      vertex 2 128 3
      vertex 2.84121 123.825 3
      vertex 2.84142 123.827 3
    endloop
  endfacet
  facet normal 0 0 1
    outer loop
      vertex 2.84142 122.173 3
      vertex 2 128 3
      vertex 2 80 3
    endloop
  endfacet
  facet normal 0 0 1
    outer loop
      vertex 2.84121 123.825 3
      vertex 2 128 3
      vertex 2.75995 123 3
    endloop
  endfacet
  facet normal 0 0 1
    outer loop
      vertex 2.84206 123.829 3
      vertex 2 128 3
      vertex 2.84142 123.827 3
    endloop
  endfacet
  facet normal 0 0 1
    outer loop
      vertex 3.47349 125.354 3
      vertex 2 128 3
      vertex 3.0827 124.623 3
    endloop
  endfacet
  facet normal 0 0 1
    outer loop
      vertex 3.47592 125.357 3
      vertex 2 128 3
      vertex 3.47453 125.356 3
    endloop
  endfacet
  facet normal 0 0 1
    outer loop
      vertex 4.64266 126.524 3
      vertex 2 128 3
      vertex 4.00183 125.998 3
    endloop
  endfacet
  facet normal 0 0 1
    outer loop
      vertex 4.64629 126.527 3
      vertex 2 128 3
      vertex 4.64435 126.525 3
    endloop
  endfacet
  facet normal 0 0 1
    outer loop
      vertex 6.17071 127.158 3
      vertex 2 128 3
      vertex 5.3774 126.917 3
    endloop
  endfacet
  facet normal 0 0 1
    outer loop
      vertex 6.17281 127.159 3
      vertex 2 128 3
      vertex 6.17071 127.158 3
    endloop
  endfacet
  facet normal 0 0 1
    outer loop
      vertex 6.17499 127.159 3
      vertex 2 128 3
      vertex 6.17281 127.159 3
    endloop
  endfacet
  facet normal 0 0 1
    outer loop
      vertex 7.82501 127.159 3
      vertex 2 128 3
      vertex 7 127.24 3
    endloop
  endfacet
  facet normal 0 0 1
    outer loop
      vertex 197.159 122.173 3
      vertex 198 128 3
      vertex 197.159 122.175 3
    endloop
  endfacet
  facet normal -0 0 1
    outer loop
      vertex 197.159 6.17499 3
      vertex 198 2 3
      vertex 197.24 7 3
    endloop
  endfacet
  facet normal -0 0 1
    outer loop
      vertex 197.159 6.17281 3
      vertex 198 2 3
      vertex 197.159 6.17499 3
    endloop
  endfacet
  facet normal -0 0 1
    outer loop
      vertex 197.158 6.17071 3
      vertex 198 2 3
      vertex 197.159 6.17281 3
    endloop
  endfacet
  facet normal -0 0 1
    outer loop
      vertex 196.917 5.3774 3
      vertex 198 2 3
      vertex 197.158 6.17071 3
    endloop
  endfacet
  facet normal -0 0 1
    outer loop
      vertex 196.527 4.64629 3
      vertex 198 2 3
      vertex 196.917 5.3774 3
    endloop
  endfacet
  facet normal -0 0 1
    outer loop
      vertex 196.525 4.64435 3
      vertex 198 2 3
      vertex 196.527 4.64629 3
    endloop
  endfacet
  facet normal -0 0 1
    outer loop
      vertex 196.524 4.64266 3
      vertex 198 2 3
      vertex 196.525 4.64435 3
    endloop
  endfacet
  facet normal -0 0 1
    outer loop
      vertex 195.998 4.00183 3
      vertex 198 2 3
      vertex 196.524 4.64266 3
    endloop
  endfacet
  facet normal -0 0 1
    outer loop
      vertex 195.357 3.47592 3
      vertex 198 2 3
      vertex 195.998 4.00183 3
    endloop
  endfacet
  facet normal -0 0 1
    outer loop
      vertex 195.356 3.47453 3
      vertex 198 2 3
      vertex 195.357 3.47592 3
    endloop
  endfacet
  facet normal -0 0 1
    outer loop
      vertex 195.354 3.47349 3
      vertex 198 2 3
      vertex 195.356 3.47453 3
    endloop
  endfacet
  facet normal -0 0 1
    outer loop
      vertex 194.623 3.0827 3
      vertex 198 2 3
      vertex 195.354 3.47349 3
    endloop
  endfacet
  facet normal -0 0 1
    outer loop
      vertex 193.829 2.84206 3
      vertex 198 2 3
      vertex 194.623 3.0827 3
    endloop
  endfacet
  facet normal -0 0 1
    outer loop
      vertex 193.827 2.84142 3
      vertex 198 2 3
      vertex 193.829 2.84206 3
    endloop
  endfacet
  facet normal -0 0 1
    outer loop
      vertex 193.825 2.84121 3
      vertex 198 2 3
      vertex 193.827 2.84142 3
    endloop
  endfacet
  facet normal -0 0 1
    outer loop
      vertex 193 2.75995 3
      vertex 198 2 3
      vertex 193.825 2.84121 3
    endloop
  endfacet
  facet normal 0 0 1
    outer loop
      vertex 192.175 2.84121 3
      vertex 198 2 3
      vertex 193 2.75995 3
    endloop
  endfacet
  facet normal 0 0 1
    outer loop
      vertex 192.173 2.84142 3
      vertex 198 2 3
      vertex 192.175 2.84121 3
    endloop
  endfacet
  facet normal 0 0 1
    outer loop
      vertex 191.377 3.0827 3
      vertex 192.173 2.84142 3
      vertex 192.171 2.84206 3
    endloop
  endfacet
  facet normal 0 0 1
    outer loop
      vertex 190.644 3.47453 3
      vertex 191.377 3.0827 3
      vertex 190.646 3.47349 3
    endloop
  endfacet
  facet normal 0 0 1
    outer loop
      vertex 190.002 4.00183 3
      vertex 190.644 3.47453 3
      vertex 190.643 3.47592 3
    endloop
  endfacet
  facet normal 0 0 1
    outer loop
      vertex 162.5 20 3
      vertex 188.842 6.17071 3
      vertex 188.841 6.17281 3
    endloop
  endfacet
  facet normal 0 0 1
    outer loop
      vertex 162.5 20 3
      vertex 188.841 6.17499 3
      vertex 188.76 7 3
    endloop
  endfacet
  facet normal 0 0 1
    outer loop
      vertex 188.841 7.82501 3
      vertex 162.5 20 3
      vertex 188.76 7 3
    endloop
  endfacet
  facet normal 0 0 1
    outer loop
      vertex 188.841 6.17499 3
      vertex 162.5 20 3
      vertex 188.841 6.17281 3
    endloop
  endfacet
  facet normal 0 0 1
    outer loop
      vertex 188.842 6.17071 3
      vertex 162.5 20 3
      vertex 189.083 5.3774 3
    endloop
  endfacet
  facet normal 0 0 1
    outer loop
      vertex 189.083 5.3774 3
      vertex 162.5 20 3
      vertex 189.473 4.64629 3
    endloop
  endfacet
  facet normal 0 0 1
    outer loop
      vertex 189.473 4.64629 3
      vertex 162.5 20 3
      vertex 189.475 4.64435 3
    endloop
  endfacet
  facet normal 0 0 1
    outer loop
      vertex 130 2 3
      vertex 189.475 4.64435 3
      vertex 162.5 20 3
    endloop
  endfacet
  facet normal 0 0 1
    outer loop
      vertex 189.475 4.64435 3
      vertex 130 2 3
      vertex 189.476 4.64266 3
    endloop
  endfacet
  facet normal 0 0 1
    outer loop
      vertex 189.476 4.64266 3
      vertex 130 2 3
      vertex 190.002 4.00183 3
    endloop
  endfacet
  facet normal 0 0 1
    outer loop
      vertex 192.173 2.84142 3
      vertex 130 2 3
      vertex 198 2 3
    endloop
  endfacet
  facet normal 0 0 1
    outer loop
      vertex 191.377 3.0827 3
      vertex 130 2 3
      vertex 192.173 2.84142 3
    endloop
  endfacet
  facet normal 0 0 1
    outer loop
      vertex 190.644 3.47453 3
      vertex 130 2 3
      vertex 191.377 3.0827 3
    endloop
  endfacet
  facet normal 0 0 1
    outer loop
      vertex 190.002 4.00183 3
      vertex 130 2 3
      vertex 190.644 3.47453 3
    endloop
  endfacet
  facet normal -0 0 1
    outer loop
      vertex 100 20 3
      vertex 130 2 3
      vertex 162.5 20 3
    endloop
  endfacet
  facet normal 0 0 1
    outer loop
      vertex 100 20 3
      vertex 130 0 3
      vertex 130 2 3
    endloop
  endfacet
  facet normal 0 0 1
    outer loop
      vertex 81.1 47.5 3
      vertex 100 80 3
      vertex 93 82 3
    endloop
  endfacet
  facet normal 0 0 1
    outer loop
      vertex 100 80 3
      vertex 81.1 47.5 3
      vertex 100 45.4 3
    endloop
  endfacet
  facet normal 0 0 1
    outer loop
      vertex 88 82 3
      vertex 93 82 3
      vertex 88 108 3
    endloop
  endfacet
  facet normal 0 0 1
    outer loop
      vertex 81.1 47.5 3
      vertex 93 82 3
      vertex 88 82 3
    endloop
  endfacet
  facet normal 0 0 1
    outer loop
      vertex 81.1 47.5 3
      vertex 88 82 3
      vertex 82 82 3
    endloop
  endfacet
  facet normal -0 0 1
    outer loop
      vertex 81.0424 46.9147 3
      vertex 100 45.4 3
      vertex 81.1 47.5 3
    endloop
  endfacet
  facet normal 0 0 1
    outer loop
      vertex 100 45.4 3
      vertex 81.1 19.6 3
      vertex 100 20 3
    endloop
  endfacet
  facet normal 0 0 1
    outer loop
      vertex 81.0424 19.0147 3
      vertex 100 20 3
      vertex 81.1 19.6 3
    endloop
  endfacet
  facet normal 0 0 1
    outer loop
      vertex 80.8716 18.452 3
      vertex 100 20 3
      vertex 81.0424 19.0147 3
    endloop
  endfacet
  facet normal 0 0 1
    outer loop
      vertex 100 20 3
      vertex 80.8716 18.452 3
      vertex 80.6 12 3
    endloop
  endfacet
  facet normal 0 0 1
    outer loop
      vertex 80.6 12 3
      vertex 80.8716 18.452 3
      vertex 80.6 17.9438 3
    endloop
  endfacet
  facet normal 0 0 1
    outer loop
      vertex 100 20 3
      vertex 80.6 12 3
      vertex 130 0 3
    endloop
  endfacet
  facet normal 0 0 1
    outer loop
      vertex 70 0 3
      vertex 80.6 12 3
      vertex 70 2 3
    endloop
  endfacet
  facet normal 0 0 1
    outer loop
      vertex 80.6 12 3
      vertex 70 0 3
      vertex 130 0 3
    endloop
  endfacet
  facet normal 0 0 1
    outer loop
      vertex 194.623 119.083 3
      vertex 160 80 3
      vertex 162.5 45.4 3
    endloop
  endfacet
  facet normal 0 0 1
    outer loop
      vertex 157.6 77 3
      vertex 160 80 3
      vertex 157.6 79 3
    endloop
  endfacet
  facet normal 0 0 1
    outer loop
      vertex 160 80 3
      vertex 157.6 77 3
      vertex 162.5 45.4 3
    endloop
  endfacet
  facet normal -0 0 1
    outer loop
      vertex 154.4 77 3
      vertex 162.5 45.4 3
      vertex 157.6 77 3
    endloop
  endfacet
  facet normal 0 0 1
    outer loop
      vertex 105.6 77 3
      vertex 154.4 77 3
      vertex 105.6 79 3
    endloop
  endfacet
  facet normal 0 0 1
    outer loop
      vertex 100 45.4 3
      vertex 154.4 77 3
      vertex 105.6 77 3
    endloop
  endfacet
  facet normal 0 0 1
    outer loop
      vertex 100 45.4 3
      vertex 105.6 77 3
      vertex 102.4 77 3
    endloop
  endfacet
  facet normal 0 0 1
    outer loop
      vertex 154.4 77 3
      vertex 100 45.4 3
      vertex 162.5 45.4 3
    endloop
  endfacet
  facet normal 0 0 1
    outer loop
      vertex 100 45.4 3
      vertex 102.4 77 3
      vertex 100 80 3
    endloop
  endfacet
  facet normal -0 0 1
    outer loop
      vertex 157.6 103 3
      vertex 160 102 3
      vertex 157.6 105 3
    endloop
  endfacet
  facet normal -0 0 1
    outer loop
      vertex 154.4 103 3
      vertex 160 102 3
      vertex 157.6 103 3
    endloop
  endfacet
  facet normal 0 0 1
    outer loop
      vertex 105.6 103 3
      vertex 154.4 103 3
      vertex 105.6 105 3
    endloop
  endfacet
  facet normal 0 0 1
    outer loop
      vertex 154.4 103 3
      vertex 105.6 103 3
      vertex 160 102 3
    endloop
  endfacet
  facet normal 0 0 1
    outer loop
      vertex 100 102 3
      vertex 105.6 103 3
      vertex 102.4 103 3
    endloop
  endfacet
  facet normal 0 0 1
    outer loop
      vertex 105.6 103 3
      vertex 100 102 3
      vertex 160 102 3
    endloop
  endfacet
  facet normal 0 0 1
    outer loop
      vertex 101.179 21.0287 3
      vertex 100.8 20.8 3
      vertex 101.457 20.8 3
    endloop
  endfacet
  facet normal 0 0 1
    outer loop
      vertex 100.806 21.4833 3
      vertex 100.8 20.8 3
      vertex 101.179 21.0287 3
    endloop
  endfacet
  facet normal 0 0 1
    outer loop
      vertex 100.8 20.8 3
      vertex 100.806 21.4833 3
      vertex 100.8 21.4938 3
    endloop
  endfacet
  facet normal 0 0 1
    outer loop
      vertex 156.428 41.102 3
      vertex 106.072 41.102 3
      vertex 156.428 24.298 3
    endloop
  endfacet
  facet normal 0 0 1
    outer loop
      vertex 156.428 24.298 3
      vertex 106.242 23.7353 3
      vertex 106.3 23.15 3
    endloop
  endfacet
  facet normal 0 0 1
    outer loop
      vertex 106.072 24.298 3
      vertex 156.428 24.298 3
      vertex 106.072 41.102 3
    endloop
  endfacet
  facet normal 0 0 1
    outer loop
      vertex 156.428 24.298 3
      vertex 106.072 24.298 3
      vertex 106.242 23.7353 3
    endloop
  endfacet
  facet normal -0 0 1
    outer loop
      vertex 105.794 40.5833 3
      vertex 106.072 24.298 3
      vertex 106.072 41.102 3
    endloop
  endfacet
  facet normal 0 0 1
    outer loop
      vertex 105.794 40.5833 3
      vertex 105.794 24.8167 3
      vertex 106.072 24.298 3
    endloop
  endfacet
  facet normal -0 0 1
    outer loop
      vertex 105.421 40.1287 3
      vertex 105.794 24.8167 3
      vertex 105.794 40.5833 3
    endloop
  endfacet
  facet normal 0 0 1
    outer loop
      vertex 105.421 40.1287 3
      vertex 105.421 25.2713 3
      vertex 105.794 24.8167 3
    endloop
  endfacet
  facet normal -0 0 1
    outer loop
      vertex 104.967 39.7556 3
      vertex 105.421 25.2713 3
      vertex 105.421 40.1287 3
    endloop
  endfacet
  facet normal 0 0 1
    outer loop
      vertex 104.967 39.7556 3
      vertex 104.967 25.6444 3
      vertex 105.421 25.2713 3
    endloop
  endfacet
  facet normal -0 0 1
    outer loop
      vertex 104.448 39.4784 3
      vertex 104.967 25.6444 3
      vertex 104.967 39.7556 3
    endloop
  endfacet
  facet normal 0 0 1
    outer loop
      vertex 104.448 39.4784 3
      vertex 104.448 25.9216 3
      vertex 104.967 25.6444 3
    endloop
  endfacet
  facet normal -0 0 1
    outer loop
      vertex 103.885 39.3076 3
      vertex 104.448 25.9216 3
      vertex 104.448 39.4784 3
    endloop
  endfacet
  facet normal 0 0 1
    outer loop
      vertex 103.885 39.3076 3
      vertex 103.885 26.0924 3
      vertex 104.448 25.9216 3
    endloop
  endfacet
  facet normal -0 0 1
    outer loop
      vertex 103.3 39.25 3
      vertex 103.885 26.0924 3
      vertex 103.885 39.3076 3
    endloop
  endfacet
  facet normal 0 0 1
    outer loop
      vertex 103.3 39.25 3
      vertex 103.3 26.15 3
      vertex 103.885 26.0924 3
    endloop
  endfacet
  facet normal 0 0 1
    outer loop
      vertex 102.715 39.3076 3
      vertex 103.3 26.15 3
      vertex 103.3 39.25 3
    endloop
  endfacet
  facet normal 0 0 1
    outer loop
      vertex 102.715 39.3076 3
      vertex 102.715 26.0924 3
      vertex 103.3 26.15 3
    endloop
  endfacet
  facet normal 0 0 1
    outer loop
      vertex 102.152 39.4784 3
      vertex 102.715 26.0924 3
      vertex 102.715 39.3076 3
    endloop
  endfacet
  facet normal 0 0 1
    outer loop
      vertex 102.152 39.4784 3
      vertex 102.152 25.9216 3
      vertex 102.715 26.0924 3
    endloop
  endfacet
  facet normal 0 0 1
    outer loop
      vertex 101.633 39.7556 3
      vertex 102.152 25.9216 3
      vertex 102.152 39.4784 3
    endloop
  endfacet
  facet normal 0 0 1
    outer loop
      vertex 101.633 39.7556 3
      vertex 101.633 25.6444 3
      vertex 102.152 25.9216 3
    endloop
  endfacet
  facet normal 0 0 1
    outer loop
      vertex 101.179 40.1287 3
      vertex 101.633 25.6444 3
      vertex 101.633 39.7556 3
    endloop
  endfacet
  facet normal 0 0 1
    outer loop
      vertex 101.179 40.1287 3
      vertex 101.179 25.2713 3
      vertex 101.633 25.6444 3
    endloop
  endfacet
  facet normal 0 0 1
    outer loop
      vertex 100.806 40.5833 3
      vertex 101.179 25.2713 3
      vertex 101.179 40.1287 3
    endloop
  endfacet
  facet normal 0 0 1
    outer loop
      vertex 100.806 40.5833 3
      vertex 100.806 24.8167 3
      vertex 101.179 25.2713 3
    endloop
  endfacet
  facet normal 0 0 1
    outer loop
      vertex 100.8 40.5938 3
      vertex 100.806 24.8167 3
      vertex 100.806 40.5833 3
    endloop
  endfacet
  facet normal 0 0 1
    outer loop
      vertex 100.806 24.8167 3
      vertex 100.8 40.5938 3
      vertex 100.8 24.8062 3
    endloop
  endfacet
  facet normal 0 0 1
    outer loop
      vertex 156.428 24.298 3
      vertex 106.3 23.15 3
      vertex 156.258 23.7353 3
    endloop
  endfacet
  facet normal 0 0 1
    outer loop
      vertex 156.258 42.8353 3
      vertex 106.3 42.25 3
      vertex 156.2 42.25 3
    endloop
  endfacet
  facet normal 0 0 1
    outer loop
      vertex 106.242 42.8353 3
      vertex 156.258 42.8353 3
      vertex 156.428 43.398 3
    endloop
  endfacet
  facet normal 0 0 1
    outer loop
      vertex 106.072 43.398 3
      vertex 156.428 43.398 3
      vertex 156.706 43.9167 3
    endloop
  endfacet
  facet normal 0 0 1
    outer loop
      vertex 105.794 43.9167 3
      vertex 156.706 43.9167 3
      vertex 157.079 44.3713 3
    endloop
  endfacet
  facet normal 0 0 1
    outer loop
      vertex 105.421 44.3713 3
      vertex 157.079 44.3713 3
      vertex 157.357 44.6 3
    endloop
  endfacet
  facet normal 0 0 1
    outer loop
      vertex 156.258 42.8353 3
      vertex 106.242 42.8353 3
      vertex 106.3 42.25 3
    endloop
  endfacet
  facet normal 0 0 1
    outer loop
      vertex 156.428 43.398 3
      vertex 106.072 43.398 3
      vertex 106.242 42.8353 3
    endloop
  endfacet
  facet normal 0 0 1
    outer loop
      vertex 156.706 43.9167 3
      vertex 105.794 43.9167 3
      vertex 106.072 43.398 3
    endloop
  endfacet
  facet normal 0 0 1
    outer loop
      vertex 157.079 44.3713 3
      vertex 105.421 44.3713 3
      vertex 105.794 43.9167 3
    endloop
  endfacet
  facet normal 0 -0 1
    outer loop
      vertex 105.421 44.3713 3
      vertex 157.357 44.6 3
      vertex 105.143 44.6 3
    endloop
  endfacet
  facet normal -0 0 1
    outer loop
      vertex 161.694 40.5833 3
      vertex 161.7 24.8062 3
      vertex 161.7 40.5938 3
    endloop
  endfacet
  facet normal 0 0 1
    outer loop
      vertex 161.694 40.5833 3
      vertex 161.694 24.8167 3
      vertex 161.7 24.8062 3
    endloop
  endfacet
  facet normal -0 0 1
    outer loop
      vertex 161.321 40.1287 3
      vertex 161.694 24.8167 3
      vertex 161.694 40.5833 3
    endloop
  endfacet
  facet normal 0 0 1
    outer loop
      vertex 161.321 40.1287 3
      vertex 161.321 25.2713 3
      vertex 161.694 24.8167 3
    endloop
  endfacet
  facet normal -0 0 1
    outer loop
      vertex 160.867 39.7556 3
      vertex 161.321 25.2713 3
      vertex 161.321 40.1287 3
    endloop
  endfacet
  facet normal 0 0 1
    outer loop
      vertex 160.867 39.7556 3
      vertex 160.867 25.6444 3
      vertex 161.321 25.2713 3
    endloop
  endfacet
  facet normal -0 0 1
    outer loop
      vertex 160.348 39.4784 3
      vertex 160.867 25.6444 3
      vertex 160.867 39.7556 3
    endloop
  endfacet
  facet normal 0 0 1
    outer loop
      vertex 160.348 39.4784 3
      vertex 160.348 25.9216 3
      vertex 160.867 25.6444 3
    endloop
  endfacet
  facet normal -0 0 1
    outer loop
      vertex 159.785 39.3076 3
      vertex 160.348 25.9216 3
      vertex 160.348 39.4784 3
    endloop
  endfacet
  facet normal 0 0 1
    outer loop
      vertex 159.785 39.3076 3
      vertex 159.785 26.0924 3
      vertex 160.348 25.9216 3
    endloop
  endfacet
  facet normal -0 0 1
    outer loop
      vertex 159.2 39.25 3
      vertex 159.785 26.0924 3
      vertex 159.785 39.3076 3
    endloop
  endfacet
  facet normal 0 0 1
    outer loop
      vertex 159.2 39.25 3
      vertex 159.2 26.15 3
      vertex 159.785 26.0924 3
    endloop
  endfacet
  facet normal 0 0 1
    outer loop
      vertex 158.615 39.3076 3
      vertex 159.2 26.15 3
      vertex 159.2 39.25 3
    endloop
  endfacet
  facet normal 0 0 1
    outer loop
      vertex 158.615 39.3076 3
      vertex 158.615 26.0924 3
      vertex 159.2 26.15 3
    endloop
  endfacet
  facet normal 0 0 1
    outer loop
      vertex 158.052 39.4784 3
      vertex 158.615 26.0924 3
      vertex 158.615 39.3076 3
    endloop
  endfacet
  facet normal 0 0 1
    outer loop
      vertex 158.052 39.4784 3
      vertex 158.052 25.9216 3
      vertex 158.615 26.0924 3
    endloop
  endfacet
  facet normal 0 0 1
    outer loop
      vertex 157.533 39.7556 3
      vertex 158.052 25.9216 3
      vertex 158.052 39.4784 3
    endloop
  endfacet
  facet normal 0 0 1
    outer loop
      vertex 157.533 39.7556 3
      vertex 157.533 25.6444 3
      vertex 158.052 25.9216 3
    endloop
  endfacet
  facet normal 0 0 1
    outer loop
      vertex 157.079 40.1287 3
      vertex 157.533 25.6444 3
      vertex 157.533 39.7556 3
    endloop
  endfacet
  facet normal 0 0 1
    outer loop
      vertex 157.079 40.1287 3
      vertex 157.079 25.2713 3
      vertex 157.533 25.6444 3
    endloop
  endfacet
  facet normal 0 0 1
    outer loop
      vertex 156.706 40.5833 3
      vertex 157.079 25.2713 3
      vertex 157.079 40.1287 3
    endloop
  endfacet
  facet normal 0 0 1
    outer loop
      vertex 156.706 40.5833 3
      vertex 156.706 24.8167 3
      vertex 157.079 25.2713 3
    endloop
  endfacet
  facet normal 0 0 1
    outer loop
      vertex 156.428 41.102 3
      vertex 156.706 24.8167 3
      vertex 156.706 40.5833 3
    endloop
  endfacet
  facet normal 0 0 1
    outer loop
      vertex 156.428 41.102 3
      vertex 156.428 24.298 3
      vertex 156.706 24.8167 3
    endloop
  endfacet
  facet normal 0 0 1
    outer loop
      vertex 106.242 41.6647 3
      vertex 156.258 41.6647 3
      vertex 106.3 42.25 3
    endloop
  endfacet
  facet normal 0 0 1
    outer loop
      vertex 156.258 41.6647 3
      vertex 106.242 41.6647 3
      vertex 156.428 41.102 3
    endloop
  endfacet
  facet normal -0 0 1
    outer loop
      vertex 106.3 42.25 3
      vertex 156.258 41.6647 3
      vertex 156.2 42.25 3
    endloop
  endfacet
  facet normal 0 0 1
    outer loop
      vertex 106.072 41.102 3
      vertex 156.428 41.102 3
      vertex 106.242 41.6647 3
    endloop
  endfacet
  facet normal 0 0 1
    outer loop
      vertex 156.258 23.7353 3
      vertex 106.3 23.15 3
      vertex 156.2 23.15 3
    endloop
  endfacet
  facet normal 0 0 1
    outer loop
      vertex 156.2 23.15 3
      vertex 106.3 23.15 3
      vertex 156.258 22.5647 3
    endloop
  endfacet
  facet normal 0 0 1
    outer loop
      vertex 106.242 22.5647 3
      vertex 156.258 22.5647 3
      vertex 106.3 23.15 3
    endloop
  endfacet
  facet normal 0 0 1
    outer loop
      vertex 156.258 22.5647 3
      vertex 106.242 22.5647 3
      vertex 156.428 22.002 3
    endloop
  endfacet
  facet normal 0 0 1
    outer loop
      vertex 106.072 22.002 3
      vertex 156.428 22.002 3
      vertex 106.242 22.5647 3
    endloop
  endfacet
  facet normal 0 0 1
    outer loop
      vertex 156.428 22.002 3
      vertex 106.072 22.002 3
      vertex 156.706 21.4833 3
    endloop
  endfacet
  facet normal 0 0 1
    outer loop
      vertex 105.794 21.4833 3
      vertex 156.706 21.4833 3
      vertex 106.072 22.002 3
    endloop
  endfacet
  facet normal 0 0 1
    outer loop
      vertex 156.706 21.4833 3
      vertex 105.794 21.4833 3
      vertex 157.079 21.0287 3
    endloop
  endfacet
  facet normal 0 0 1
    outer loop
      vertex 105.421 21.0287 3
      vertex 157.079 21.0287 3
      vertex 105.794 21.4833 3
    endloop
  endfacet
  facet normal 0 0 1
    outer loop
      vertex 157.079 21.0287 3
      vertex 105.421 21.0287 3
      vertex 157.357 20.8 3
    endloop
  endfacet
  facet normal 0 0 1
    outer loop
      vertex 157.357 20.8 3
      vertex 105.421 21.0287 3
      vertex 105.143 20.8 3
    endloop
  endfacet
  facet normal -0 0 1
    outer loop
      vertex 100.8 44.6 3
      vertex 101.179 44.3713 3
      vertex 101.457 44.6 3
    endloop
  endfacet
  facet normal 0 0 1
    outer loop
      vertex 100.8 44.6 3
      vertex 100.806 43.9167 3
      vertex 101.179 44.3713 3
    endloop
  endfacet
  facet normal 0 0 1
    outer loop
      vertex 100.806 43.9167 3
      vertex 100.8 44.6 3
      vertex 100.8 43.9062 3
    endloop
  endfacet
  facet normal -0 0 1
    outer loop
      vertex 161.694 21.4833 3
      vertex 161.7 20.8 3
      vertex 161.7 21.4937 3
    endloop
  endfacet
  facet normal -0 0 1
    outer loop
      vertex 161.321 21.0287 3
      vertex 161.7 20.8 3
      vertex 161.694 21.4833 3
    endloop
  endfacet
  facet normal 0 0 1
    outer loop
      vertex 161.7 20.8 3
      vertex 161.321 21.0287 3
      vertex 161.043 20.8 3
    endloop
  endfacet
  facet normal 0 0 1
    outer loop
      vertex 161.7 44.6 3
      vertex 161.694 43.9167 3
      vertex 161.7 43.9062 3
    endloop
  endfacet
  facet normal 0 0 1
    outer loop
      vertex 161.7 44.6 3
      vertex 161.321 44.3713 3
      vertex 161.694 43.9167 3
    endloop
  endfacet
  facet normal 0 -0 1
    outer loop
      vertex 161.321 44.3713 3
      vertex 161.7 44.6 3
      vertex 161.043 44.6 3
    endloop
  endfacet
  facet normal 0 0 1
    outer loop
      vertex 24.8056 61.0333 3
      vertex 23.5056 16.1667 3
      vertex 23.8787 16.6213 3
    endloop
  endfacet
  facet normal 0 0 1
    outer loop
      vertex 24.3576 62.1147 3
      vertex 12.8 64.5 3
      vertex 23.5056 16.1667 3
    endloop
  endfacet
  facet normal 0 0 1
    outer loop
      vertex 12.8 12.8 3
      vertex 23.5056 16.1667 3
      vertex 12.8 64.5 3
    endloop
  endfacet
  facet normal 0 0 1
    outer loop
      vertex 23.5056 16.1667 3
      vertex 12.8 12.8 3
      vertex 23.2284 15.648 3
    endloop
  endfacet
  facet normal 0 0 1
    outer loop
      vertex 23.2284 15.648 3
      vertex 12.8 12.8 3
      vertex 23.0576 15.0853 3
    endloop
  endfacet
  facet normal 0 0 1
    outer loop
      vertex 24.3576 63.2853 3
      vertex 12.8 64.5 3
      vertex 24.3 62.7 3
    endloop
  endfacet
  facet normal 0 0 1
    outer loop
      vertex 24.5284 63.848 3
      vertex 12.8 64.5 3
      vertex 24.3576 63.2853 3
    endloop
  endfacet
  facet normal 0 0 1
    outer loop
      vertex 24.8056 64.3667 3
      vertex 12.8 64.5 3
      vertex 24.5284 63.848 3
    endloop
  endfacet
  facet normal -0 0 1
    outer loop
      vertex 12.8 64.5 3
      vertex 24.8056 64.3667 3
      vertex 24.915 64.5 3
    endloop
  endfacet
  facet normal 0 0 1
    outer loop
      vertex 28.1213 16.6213 3
      vertex 75.3284 46.352 3
      vertex 28.9667 60.2056 3
    endloop
  endfacet
  facet normal 0 0 1
    outer loop
      vertex 75.3284 46.352 3
      vertex 28.9424 15.0853 3
      vertex 29 14.5 3
    endloop
  endfacet
  facet normal 0 0 1
    outer loop
      vertex 75.3284 46.352 3
      vertex 28.7716 15.648 3
      vertex 28.9424 15.0853 3
    endloop
  endfacet
  facet normal 0 0 1
    outer loop
      vertex 75.3284 46.352 3
      vertex 28.4944 16.1667 3
      vertex 28.7716 15.648 3
    endloop
  endfacet
  facet normal 0 0 1
    outer loop
      vertex 27.6667 16.9944 3
      vertex 28.9667 60.2056 3
      vertex 28.448 59.9284 3
    endloop
  endfacet
  facet normal 0 0 1
    outer loop
      vertex 75.3284 46.352 3
      vertex 28.1213 16.6213 3
      vertex 28.4944 16.1667 3
    endloop
  endfacet
  facet normal 0 0 1
    outer loop
      vertex 27.148 17.2716 3
      vertex 28.448 59.9284 3
      vertex 27.8853 59.7576 3
    endloop
  endfacet
  facet normal 0 0 1
    outer loop
      vertex 28.9667 60.2056 3
      vertex 27.6667 16.9944 3
      vertex 28.1213 16.6213 3
    endloop
  endfacet
  facet normal 0 0 1
    outer loop
      vertex 26.5853 17.4424 3
      vertex 27.8853 59.7576 3
      vertex 27.3 59.7 3
    endloop
  endfacet
  facet normal 0 0 1
    outer loop
      vertex 28.448 59.9284 3
      vertex 27.148 17.2716 3
      vertex 27.6667 16.9944 3
    endloop
  endfacet
  facet normal 0 0 1
    outer loop
      vertex 26 17.5 3
      vertex 27.3 59.7 3
      vertex 26.7147 59.7576 3
    endloop
  endfacet
  facet normal 0 0 1
    outer loop
      vertex 27.8853 59.7576 3
      vertex 26.5853 17.4424 3
      vertex 27.148 17.2716 3
    endloop
  endfacet
  facet normal 0 0 1
    outer loop
      vertex 25.4147 17.4424 3
      vertex 26.7147 59.7576 3
      vertex 26.152 59.9284 3
    endloop
  endfacet
  facet normal 0 0 1
    outer loop
      vertex 27.3 59.7 3
      vertex 26 17.5 3
      vertex 26.5853 17.4424 3
    endloop
  endfacet
  facet normal 0 0 1
    outer loop
      vertex 24.852 17.2716 3
      vertex 26.152 59.9284 3
      vertex 25.6333 60.2056 3
    endloop
  endfacet
  facet normal 0 0 1
    outer loop
      vertex 26.7147 59.7576 3
      vertex 25.4147 17.4424 3
      vertex 26 17.5 3
    endloop
  endfacet
  facet normal 0 0 1
    outer loop
      vertex 24.3333 16.9944 3
      vertex 25.6333 60.2056 3
      vertex 25.1787 60.5787 3
    endloop
  endfacet
  facet normal 0 0 1
    outer loop
      vertex 26.152 59.9284 3
      vertex 24.852 17.2716 3
      vertex 25.4147 17.4424 3
    endloop
  endfacet
  facet normal 0 0 1
    outer loop
      vertex 23.8787 16.6213 3
      vertex 25.1787 60.5787 3
      vertex 24.8056 61.0333 3
    endloop
  endfacet
  facet normal 0 0 1
    outer loop
      vertex 23.5056 16.1667 3
      vertex 24.8056 61.0333 3
      vertex 24.5284 61.552 3
    endloop
  endfacet
  facet normal 0 0 1
    outer loop
      vertex 23.5056 16.1667 3
      vertex 24.5284 61.552 3
      vertex 24.3576 62.1147 3
    endloop
  endfacet
  facet normal 0 0 1
    outer loop
      vertex 25.6333 60.2056 3
      vertex 24.3333 16.9944 3
      vertex 24.852 17.2716 3
    endloop
  endfacet
  facet normal 0 0 1
    outer loop
      vertex 12.8 64.5 3
      vertex 24.3576 62.1147 3
      vertex 24.3 62.7 3
    endloop
  endfacet
  facet normal 0 0 1
    outer loop
      vertex 25.1787 60.5787 3
      vertex 23.8787 16.6213 3
      vertex 24.3333 16.9944 3
    endloop
  endfacet
  facet normal 0 0 1
    outer loop
      vertex 79.8 64.5 3
      vertex 79.7667 49.9944 3
      vertex 79.8 49.9671 3
    endloop
  endfacet
  facet normal 0 0 1
    outer loop
      vertex 79.8 64.5 3
      vertex 79.248 50.2716 3
      vertex 79.7667 49.9944 3
    endloop
  endfacet
  facet normal 0 0 1
    outer loop
      vertex 79.8 64.5 3
      vertex 78.6853 50.4424 3
      vertex 79.248 50.2716 3
    endloop
  endfacet
  facet normal 0 0 1
    outer loop
      vertex 79.8 64.5 3
      vertex 78.1 50.5 3
      vertex 78.6853 50.4424 3
    endloop
  endfacet
  facet normal 0 0 1
    outer loop
      vertex 79.8 64.5 3
      vertex 77.5147 50.4424 3
      vertex 78.1 50.5 3
    endloop
  endfacet
  facet normal 0 0 1
    outer loop
      vertex 79.8 64.5 3
      vertex 76.952 50.2716 3
      vertex 77.5147 50.4424 3
    endloop
  endfacet
  facet normal 0 0 1
    outer loop
      vertex 79.8 64.5 3
      vertex 76.4333 49.9944 3
      vertex 76.952 50.2716 3
    endloop
  endfacet
  facet normal 0 0 1
    outer loop
      vertex 79.8 64.5 3
      vertex 75.9787 49.6213 3
      vertex 76.4333 49.9944 3
    endloop
  endfacet
  facet normal 0 0 1
    outer loop
      vertex 79.8 64.5 3
      vertex 75.6056 49.1667 3
      vertex 75.9787 49.6213 3
    endloop
  endfacet
  facet normal -0 0 1
    outer loop
      vertex 30.3 62.7 3
      vertex 75.6056 49.1667 3
      vertex 79.8 64.5 3
    endloop
  endfacet
  facet normal 0 0 1
    outer loop
      vertex 75.6056 49.1667 3
      vertex 30.3 62.7 3
      vertex 75.3284 48.648 3
    endloop
  endfacet
  facet normal -0 0 1
    outer loop
      vertex 29.4213 60.5787 3
      vertex 75.1576 46.9147 3
      vertex 29.7944 61.0333 3
    endloop
  endfacet
  facet normal 0 0 1
    outer loop
      vertex 75.3284 48.648 3
      vertex 30.2424 62.1147 3
      vertex 75.1576 48.0853 3
    endloop
  endfacet
  facet normal -0 0 1
    outer loop
      vertex 30.2424 62.1147 3
      vertex 75.3284 48.648 3
      vertex 30.3 62.7 3
    endloop
  endfacet
  facet normal 0 0 1
    outer loop
      vertex 79.8 64.5 3
      vertex 30.2424 63.2853 3
      vertex 30.3 62.7 3
    endloop
  endfacet
  facet normal 0 0 1
    outer loop
      vertex 79.8 64.5 3
      vertex 30.0716 63.848 3
      vertex 30.2424 63.2853 3
    endloop
  endfacet
  facet normal 0 0 1
    outer loop
      vertex 79.8 64.5 3
      vertex 29.7944 64.3667 3
      vertex 30.0716 63.848 3
    endloop
  endfacet
  facet normal 0 -0 1
    outer loop
      vertex 29.7944 64.3667 3
      vertex 79.8 64.5 3
      vertex 29.685 64.5 3
    endloop
  endfacet
  facet normal -0 0 1
    outer loop
      vertex 79.7667 45.0056 3
      vertex 79.8 22.0671 3
      vertex 79.8 45.0329 3
    endloop
  endfacet
  facet normal 0 0 1
    outer loop
      vertex 79.7667 45.0056 3
      vertex 79.7667 22.0944 3
      vertex 79.8 22.0671 3
    endloop
  endfacet
  facet normal -0 0 1
    outer loop
      vertex 79.248 44.7284 3
      vertex 79.7667 22.0944 3
      vertex 79.7667 45.0056 3
    endloop
  endfacet
  facet normal 0 0 1
    outer loop
      vertex 79.248 44.7284 3
      vertex 79.248 22.3716 3
      vertex 79.7667 22.0944 3
    endloop
  endfacet
  facet normal -0 0 1
    outer loop
      vertex 78.6853 44.5576 3
      vertex 79.248 22.3716 3
      vertex 79.248 44.7284 3
    endloop
  endfacet
  facet normal 0 0 1
    outer loop
      vertex 78.6853 44.5576 3
      vertex 78.6853 22.5424 3
      vertex 79.248 22.3716 3
    endloop
  endfacet
  facet normal -0 0 1
    outer loop
      vertex 78.1 44.5 3
      vertex 78.6853 22.5424 3
      vertex 78.6853 44.5576 3
    endloop
  endfacet
  facet normal 0 0 1
    outer loop
      vertex 78.1 44.5 3
      vertex 78.1 22.6 3
      vertex 78.6853 22.5424 3
    endloop
  endfacet
  facet normal 0 0 1
    outer loop
      vertex 77.5147 44.5576 3
      vertex 78.1 22.6 3
      vertex 78.1 44.5 3
    endloop
  endfacet
  facet normal 0 0 1
    outer loop
      vertex 77.5147 44.5576 3
      vertex 77.5147 22.5424 3
      vertex 78.1 22.6 3
    endloop
  endfacet
  facet normal 0 0 1
    outer loop
      vertex 76.952 44.7284 3
      vertex 77.5147 22.5424 3
      vertex 77.5147 44.5576 3
    endloop
  endfacet
  facet normal 0 0 1
    outer loop
      vertex 76.952 44.7284 3
      vertex 76.952 22.3716 3
      vertex 77.5147 22.5424 3
    endloop
  endfacet
  facet normal 0 0 1
    outer loop
      vertex 76.4333 45.0056 3
      vertex 76.952 22.3716 3
      vertex 76.952 44.7284 3
    endloop
  endfacet
  facet normal 0 0 1
    outer loop
      vertex 76.4333 45.0056 3
      vertex 76.4333 22.0944 3
      vertex 76.952 22.3716 3
    endloop
  endfacet
  facet normal 0 0 1
    outer loop
      vertex 75.9787 45.3787 3
      vertex 76.4333 22.0944 3
      vertex 76.4333 45.0056 3
    endloop
  endfacet
  facet normal 0 0 1
    outer loop
      vertex 75.9787 45.3787 3
      vertex 75.9787 21.7213 3
      vertex 76.4333 22.0944 3
    endloop
  endfacet
  facet normal 0 0 1
    outer loop
      vertex 75.6056 45.8333 3
      vertex 75.9787 21.7213 3
      vertex 75.9787 45.3787 3
    endloop
  endfacet
  facet normal 0 0 1
    outer loop
      vertex 75.6056 45.8333 3
      vertex 75.6056 21.2667 3
      vertex 75.9787 21.7213 3
    endloop
  endfacet
  facet normal 0 0 1
    outer loop
      vertex 75.3284 46.352 3
      vertex 75.6056 21.2667 3
      vertex 75.6056 45.8333 3
    endloop
  endfacet
  facet normal 0 0 1
    outer loop
      vertex 75.3284 46.352 3
      vertex 75.3284 20.748 3
      vertex 75.6056 21.2667 3
    endloop
  endfacet
  facet normal 0 0 1
    outer loop
      vertex 75.1576 48.0853 3
      vertex 30.0716 61.552 3
      vertex 75.1 47.5 3
    endloop
  endfacet
  facet normal -0 0 1
    outer loop
      vertex 29.7944 61.0333 3
      vertex 75.1 47.5 3
      vertex 30.0716 61.552 3
    endloop
  endfacet
  facet normal -0 0 1
    outer loop
      vertex 30.0716 61.552 3
      vertex 75.1576 48.0853 3
      vertex 30.2424 62.1147 3
    endloop
  endfacet
  facet normal 0 0 1
    outer loop
      vertex 75.1 47.5 3
      vertex 29.7944 61.0333 3
      vertex 75.1576 46.9147 3
    endloop
  endfacet
  facet normal -0 0 1
    outer loop
      vertex 79.7667 17.1056 3
      vertex 79.8 12.8 3
      vertex 79.8 17.1329 3
    endloop
  endfacet
  facet normal -0 0 1
    outer loop
      vertex 79.248 16.8284 3
      vertex 79.8 12.8 3
      vertex 79.7667 17.1056 3
    endloop
  endfacet
  facet normal -0 0 1
    outer loop
      vertex 78.6853 16.6576 3
      vertex 79.8 12.8 3
      vertex 79.248 16.8284 3
    endloop
  endfacet
  facet normal -0 0 1
    outer loop
      vertex 78.1 16.6 3
      vertex 79.8 12.8 3
      vertex 78.6853 16.6576 3
    endloop
  endfacet
  facet normal 0 0 1
    outer loop
      vertex 77.5147 16.6576 3
      vertex 79.8 12.8 3
      vertex 78.1 16.6 3
    endloop
  endfacet
  facet normal 0 0 1
    outer loop
      vertex 76.952 16.8284 3
      vertex 79.8 12.8 3
      vertex 77.5147 16.6576 3
    endloop
  endfacet
  facet normal 0 0 1
    outer loop
      vertex 76.4333 17.1056 3
      vertex 79.8 12.8 3
      vertex 76.952 16.8284 3
    endloop
  endfacet
  facet normal 0 0 1
    outer loop
      vertex 75.9787 17.4787 3
      vertex 79.8 12.8 3
      vertex 76.4333 17.1056 3
    endloop
  endfacet
  facet normal 0 0 1
    outer loop
      vertex 28.4944 12.8333 3
      vertex 75.9787 17.4787 3
      vertex 75.6056 17.9333 3
    endloop
  endfacet
  facet normal 0 0 1
    outer loop
      vertex 75.1576 46.9147 3
      vertex 29.4213 60.5787 3
      vertex 75.3284 46.352 3
    endloop
  endfacet
  facet normal -0 0 1
    outer loop
      vertex 28.9667 60.2056 3
      vertex 75.3284 46.352 3
      vertex 29.4213 60.5787 3
    endloop
  endfacet
  facet normal 0 0 1
    outer loop
      vertex 75.3284 46.352 3
      vertex 29 14.5 3
      vertex 75.3284 20.748 3
    endloop
  endfacet
  facet normal 0 0 1
    outer loop
      vertex 75.3284 20.748 3
      vertex 29 14.5 3
      vertex 75.1576 20.1853 3
    endloop
  endfacet
  facet normal 0 0 1
    outer loop
      vertex 75.1576 20.1853 3
      vertex 29 14.5 3
      vertex 75.1 19.6 3
    endloop
  endfacet
  facet normal 0 0 1
    outer loop
      vertex 75.1 19.6 3
      vertex 29 14.5 3
      vertex 75.1576 19.0147 3
    endloop
  endfacet
  facet normal 0 0 1
    outer loop
      vertex 75.1576 19.0147 3
      vertex 29 14.5 3
      vertex 75.3284 18.452 3
    endloop
  endfacet
  facet normal 0 0 1
    outer loop
      vertex 28.9424 13.9147 3
      vertex 75.3284 18.452 3
      vertex 29 14.5 3
    endloop
  endfacet
  facet normal 0 0 1
    outer loop
      vertex 75.3284 18.452 3
      vertex 28.9424 13.9147 3
      vertex 75.6056 17.9333 3
    endloop
  endfacet
  facet normal 0 0 1
    outer loop
      vertex 28.7716 13.352 3
      vertex 75.6056 17.9333 3
      vertex 28.9424 13.9147 3
    endloop
  endfacet
  facet normal 0 0 1
    outer loop
      vertex 28.4944 12.8333 3
      vertex 75.6056 17.9333 3
      vertex 28.7716 13.352 3
    endloop
  endfacet
  facet normal 0 0 1
    outer loop
      vertex 75.9787 17.4787 3
      vertex 28.4944 12.8333 3
      vertex 79.8 12.8 3
    endloop
  endfacet
  facet normal 0 0 1
    outer loop
      vertex 79.8 12.8 3
      vertex 28.4944 12.8333 3
      vertex 28.4671 12.8 3
    endloop
  endfacet
  facet normal 0 0 1
    outer loop
      vertex 23.0576 15.0853 3
      vertex 12.8 12.8 3
      vertex 23 14.5 3
    endloop
  endfacet
  facet normal 0 0 1
    outer loop
      vertex 23.5056 12.8333 3
      vertex 12.8 12.8 3
      vertex 23.5329 12.8 3
    endloop
  endfacet
  facet normal 0 0 1
    outer loop
      vertex 23.2284 13.352 3
      vertex 12.8 12.8 3
      vertex 23.5056 12.8333 3
    endloop
  endfacet
  facet normal 0 0 1
    outer loop
      vertex 23.0576 13.9147 3
      vertex 12.8 12.8 3
      vertex 23.2284 13.352 3
    endloop
  endfacet
  facet normal 0 0 1
    outer loop
      vertex 23 14.5 3
      vertex 12.8 12.8 3
      vertex 23.0576 13.9147 3
    endloop
  endfacet
  facet normal -0 0 1
    outer loop
      vertex 15.8 100.2 3
      vertex 44.2 85.8 3
      vertex 44.2 100.2 3
    endloop
  endfacet
  facet normal 0 0 1
    outer loop
      vertex 44.2 85.8 3
      vertex 15.8 100.2 3
      vertex 15.8 85.8 3
    endloop
  endfacet
  facet normal -0 0 1
    outer loop
      vertex 100.8 101.2 3
      vertex 159.2 80.8 3
      vertex 159.2 101.2 3
    endloop
  endfacet
  facet normal 0 0 1
    outer loop
      vertex 159.2 80.8 3
      vertex 100.8 101.2 3
      vertex 100.8 80.8 3
    endloop
  endfacet
  facet normal 1 -0 0
    outer loop
      vertex 70 0 8
      vertex 70 2 3
      vertex 70 2 8
    endloop
  endfacet
  facet normal 1 0 0
    outer loop
      vertex 70 2 3
      vertex 70 0 8
      vertex 70 0 3
    endloop
  endfacet
  facet normal 0 -1 0
    outer loop
      vertex 0 80 3
      vertex 2 80 8
      vertex 0 80 8
    endloop
  endfacet
  facet normal 0 -1 -0
    outer loop
      vertex 2 80 8
      vertex 0 80 3
      vertex 2 80 3
    endloop
  endfacet
  facet normal 0 1 -0
    outer loop
      vertex 2 50 3
      vertex 0 50 8
      vertex 2 50 8
    endloop
  endfacet
  facet normal 0 1 0
    outer loop
      vertex 0 50 8
      vertex 2 50 3
      vertex 0 50 3
    endloop
  endfacet
  facet normal -0.471117 0.882071 0
    outer loop
      vertex 102.152 25.9216 3
      vertex 101.633 25.6444 8.99
      vertex 102.152 25.9216 8.99
    endloop
  endfacet
  facet normal -0.471117 0.882071 0
    outer loop
      vertex 101.633 25.6444 8.99
      vertex 102.152 25.9216 3
      vertex 101.633 25.6444 3
    endloop
  endfacet
  facet normal 0.471117 0.882071 -0
    outer loop
      vertex 104.967 25.6444 3
      vertex 104.448 25.9216 8.99
      vertex 104.967 25.6444 8.99
    endloop
  endfacet
  facet normal 0.471117 0.882071 0
    outer loop
      vertex 104.448 25.9216 8.99
      vertex 104.967 25.6444 3
      vertex 104.448 25.9216 3
    endloop
  endfacet
  facet normal 0.957267 0.289205 0
    outer loop
      vertex 106.242 23.7353 8.99
      vertex 106.072 24.298 3
      vertex 106.072 24.298 8.99
    endloop
  endfacet
  facet normal 0.957267 0.289205 0
    outer loop
      vertex 106.072 24.298 3
      vertex 106.242 23.7353 8.99
      vertex 106.242 23.7353 3
    endloop
  endfacet
  facet normal 0.995126 0.0986115 0
    outer loop
      vertex 106.3 23.15 8.99
      vertex 106.242 23.7353 3
      vertex 106.242 23.7353 8.99
    endloop
  endfacet
  facet normal 0.995126 0.0986115 0
    outer loop
      vertex 106.242 23.7353 3
      vertex 106.3 23.15 8.99
      vertex 106.3 23.15 3
    endloop
  endfacet
  facet normal 0.881392 0.472386 0
    outer loop
      vertex 106.072 24.298 8.99
      vertex 105.794 24.8167 3
      vertex 105.794 24.8167 8.99
    endloop
  endfacet
  facet normal 0.881392 0.472386 0
    outer loop
      vertex 105.794 24.8167 3
      vertex 106.072 24.298 8.99
      vertex 106.072 24.298 3
    endloop
  endfacet
  facet normal 0.0979877 0.995188 -0
    outer loop
      vertex 103.885 26.0924 3
      vertex 103.3 26.15 8.99
      vertex 103.885 26.0924 8.99
    endloop
  endfacet
  facet normal 0.0979877 0.995188 0
    outer loop
      vertex 103.3 26.15 8.99
      vertex 103.885 26.0924 3
      vertex 103.3 26.15 3
    endloop
  endfacet
  facet normal 0.0979877 -0.995188 0
    outer loop
      vertex 103.3 20.15 3.4
      vertex 103.885 20.2076 8.99
      vertex 103.3 20.15 8.99
    endloop
  endfacet
  facet normal 0.0979877 -0.995188 0
    outer loop
      vertex 103.885 20.2076 8.99
      vertex 103.3 20.15 3.4
      vertex 103.885 20.2076 3.4
    endloop
  endfacet
  facet normal 0.290309 0.956933 -0
    outer loop
      vertex 104.448 25.9216 3
      vertex 103.885 26.0924 8.99
      vertex 104.448 25.9216 8.99
    endloop
  endfacet
  facet normal 0.290309 0.956933 0
    outer loop
      vertex 103.885 26.0924 8.99
      vertex 104.448 25.9216 3
      vertex 103.885 26.0924 3
    endloop
  endfacet
  facet normal 0.634914 0.772583 -0
    outer loop
      vertex 105.421 25.2713 3
      vertex 104.967 25.6444 8.99
      vertex 105.421 25.2713 8.99
    endloop
  endfacet
  facet normal 0.634914 0.772583 0
    outer loop
      vertex 104.967 25.6444 8.99
      vertex 105.421 25.2713 3
      vertex 104.967 25.6444 3
    endloop
  endfacet
  facet normal 0.773078 -0.634311 0
    outer loop
      vertex 105.421 21.0287 8.99
      vertex 105.794 21.4833 3
      vertex 105.794 21.4833 8.99
    endloop
  endfacet
  facet normal 0.773078 -0.634311 0
    outer loop
      vertex 105.794 21.4833 3
      vertex 105.421 21.0287 8.99
      vertex 105.421 21.0287 3
    endloop
  endfacet
  facet normal -0.634914 0.772583 0
    outer loop
      vertex 101.633 25.6444 3
      vertex 101.179 25.2713 8.99
      vertex 101.633 25.6444 8.99
    endloop
  endfacet
  facet normal -0.634914 0.772583 0
    outer loop
      vertex 101.179 25.2713 8.99
      vertex 101.633 25.6444 3
      vertex 101.179 25.2713 3
    endloop
  endfacet
  facet normal 0.471117 -0.882071 0
    outer loop
      vertex 104.448 20.3784 3.4
      vertex 104.967 20.6556 8.99
      vertex 104.448 20.3784 8.99
    endloop
  endfacet
  facet normal 0.471117 -0.882071 0
    outer loop
      vertex 104.967 20.6556 8.99
      vertex 104.448 20.3784 3.4
      vertex 104.967 20.6556 3.4
    endloop
  endfacet
  facet normal -0.868243 -0.496139 0
    outer loop
      vertex 100.8 21.4938 3
      vertex 100.806 21.4833 3
      vertex 100.8 21.4938 3.4
    endloop
  endfacet
  facet normal -0.88166 -0.471884 0
    outer loop
      vertex 100.8 21.4938 3.4
      vertex 100.528 22.002 8.99
      vertex 100.528 22.002 3.4
    endloop
  endfacet
  facet normal -0.881392 -0.472386 5.87284e-05
    outer loop
      vertex 100.8 21.4938 3.4
      vertex 100.806 21.4833 8.99
      vertex 100.528 22.002 8.99
    endloop
  endfacet
  facet normal -0.868243 -0.496139 -0
    outer loop
      vertex 100.806 21.4833 8.99
      vertex 100.8 21.4938 3.4
      vertex 100.806 21.4833 3
    endloop
  endfacet
  facet normal 0.995126 -0.0986115 0
    outer loop
      vertex 106.242 22.5647 8.99
      vertex 106.3 23.15 3
      vertex 106.3 23.15 8.99
    endloop
  endfacet
  facet normal 0.995126 -0.0986115 0
    outer loop
      vertex 106.3 23.15 3
      vertex 106.242 22.5647 8.99
      vertex 106.242 22.5647 3
    endloop
  endfacet
  facet normal -0.290309 0.956933 0
    outer loop
      vertex 102.715 26.0924 3
      vertex 102.152 25.9216 8.99
      vertex 102.715 26.0924 8.99
    endloop
  endfacet
  facet normal -0.290309 0.956933 0
    outer loop
      vertex 102.152 25.9216 8.99
      vertex 102.715 26.0924 3
      vertex 102.152 25.9216 3
    endloop
  endfacet
  facet normal -0.0979877 -0.995188 0
    outer loop
      vertex 102.715 20.2076 3.4
      vertex 103.3 20.15 8.99
      vertex 102.715 20.2076 8.99
    endloop
  endfacet
  facet normal -0.0979877 -0.995188 -0
    outer loop
      vertex 103.3 20.15 8.99
      vertex 102.715 20.2076 3.4
      vertex 103.3 20.15 3.4
    endloop
  endfacet
  facet normal -0.868243 0.496139 0
    outer loop
      vertex 100.8 24.8062 3.4
      vertex 100.806 24.8167 3
      vertex 100.8 24.8062 3
    endloop
  endfacet
  facet normal -0.868243 0.496139 0
    outer loop
      vertex 100.806 24.8167 3
      vertex 100.8 24.8062 3.4
      vertex 100.806 24.8167 8.99
    endloop
  endfacet
  facet normal -0.88166 0.471884 5.99601e-05
    outer loop
      vertex 100.528 24.298 3.4
      vertex 100.806 24.8167 8.99
      vertex 100.8 24.8062 3.4
    endloop
  endfacet
  facet normal -0.881392 0.472386 0
    outer loop
      vertex 100.806 24.8167 8.99
      vertex 100.528 24.298 3.4
      vertex 100.528 24.298 8.99
    endloop
  endfacet
  facet normal 0.290309 -0.956933 0
    outer loop
      vertex 103.885 20.2076 3.4
      vertex 104.448 20.3784 8.99
      vertex 103.885 20.2076 8.99
    endloop
  endfacet
  facet normal 0.290309 -0.956933 0
    outer loop
      vertex 104.448 20.3784 8.99
      vertex 103.885 20.2076 3.4
      vertex 104.448 20.3784 3.4
    endloop
  endfacet
  facet normal 0 0 1
    outer loop
      vertex 104.4 23.15 8.99
      vertex 106.3 23.15 8.99
      vertex 106.242 23.7353 8.99
    endloop
  endfacet
  facet normal 0 0 1
    outer loop
      vertex 104.379 23.3646 8.99
      vertex 106.242 23.7353 8.99
      vertex 106.072 24.298 8.99
    endloop
  endfacet
  facet normal 0 0 1
    outer loop
      vertex 106.3 23.15 8.99
      vertex 104.4 23.15 8.99
      vertex 106.242 22.5647 8.99
    endloop
  endfacet
  facet normal 0 0 1
    outer loop
      vertex 104.316 23.571 8.99
      vertex 106.072 24.298 8.99
      vertex 105.794 24.8167 8.99
    endloop
  endfacet
  facet normal -0 0 1
    outer loop
      vertex 104.379 22.9354 8.99
      vertex 106.242 22.5647 8.99
      vertex 104.4 23.15 8.99
    endloop
  endfacet
  facet normal 0 0 1
    outer loop
      vertex 104.215 23.7611 8.99
      vertex 105.794 24.8167 8.99
      vertex 105.421 25.2713 8.99
    endloop
  endfacet
  facet normal 0 0 1
    outer loop
      vertex 106.242 22.5647 8.99
      vertex 104.379 22.9354 8.99
      vertex 106.072 22.002 8.99
    endloop
  endfacet
  facet normal 0 0 1
    outer loop
      vertex 104.078 23.9278 8.99
      vertex 105.421 25.2713 8.99
      vertex 104.967 25.6444 8.99
    endloop
  endfacet
  facet normal -0 0 1
    outer loop
      vertex 104.316 22.729 8.99
      vertex 106.072 22.002 8.99
      vertex 104.379 22.9354 8.99
    endloop
  endfacet
  facet normal 0 0 1
    outer loop
      vertex 103.911 24.0646 8.99
      vertex 104.967 25.6444 8.99
      vertex 104.448 25.9216 8.99
    endloop
  endfacet
  facet normal 0 0 1
    outer loop
      vertex 106.072 22.002 8.99
      vertex 104.316 22.729 8.99
      vertex 105.794 21.4833 8.99
    endloop
  endfacet
  facet normal -0 0 1
    outer loop
      vertex 104.215 22.5389 8.99
      vertex 105.794 21.4833 8.99
      vertex 104.316 22.729 8.99
    endloop
  endfacet
  facet normal 0 0 1
    outer loop
      vertex 106.242 23.7353 8.99
      vertex 104.379 23.3646 8.99
      vertex 104.4 23.15 8.99
    endloop
  endfacet
  facet normal 0 0 1
    outer loop
      vertex 106.072 24.298 8.99
      vertex 104.316 23.571 8.99
      vertex 104.379 23.3646 8.99
    endloop
  endfacet
  facet normal 0 0 1
    outer loop
      vertex 105.794 24.8167 8.99
      vertex 104.215 23.7611 8.99
      vertex 104.316 23.571 8.99
    endloop
  endfacet
  facet normal 0 0 1
    outer loop
      vertex 105.421 25.2713 8.99
      vertex 104.078 23.9278 8.99
      vertex 104.215 23.7611 8.99
    endloop
  endfacet
  facet normal 0 0 1
    outer loop
      vertex 104.967 25.6444 8.99
      vertex 103.911 24.0646 8.99
      vertex 104.078 23.9278 8.99
    endloop
  endfacet
  facet normal 0 0 1
    outer loop
      vertex 103.721 24.1663 8.99
      vertex 104.448 25.9216 8.99
      vertex 103.885 26.0924 8.99
    endloop
  endfacet
  facet normal 0 0 1
    outer loop
      vertex 104.448 25.9216 8.99
      vertex 103.721 24.1663 8.99
      vertex 103.911 24.0646 8.99
    endloop
  endfacet
  facet normal 0 0 1
    outer loop
      vertex 103.885 26.0924 8.99
      vertex 103.515 24.2289 8.99
      vertex 103.721 24.1663 8.99
    endloop
  endfacet
  facet normal 0 0 1
    outer loop
      vertex 103.3 26.15 8.99
      vertex 103.515 24.2289 8.99
      vertex 103.885 26.0924 8.99
    endloop
  endfacet
  facet normal 0 0 1
    outer loop
      vertex 103.3 26.15 8.99
      vertex 103.3 24.25 8.99
      vertex 103.515 24.2289 8.99
    endloop
  endfacet
  facet normal 0 0 1
    outer loop
      vertex 103.3 26.15 8.99
      vertex 103.085 24.2289 8.99
      vertex 103.3 24.25 8.99
    endloop
  endfacet
  facet normal -0 0 1
    outer loop
      vertex 102.715 26.0924 8.99
      vertex 103.085 24.2289 8.99
      vertex 103.3 26.15 8.99
    endloop
  endfacet
  facet normal 0 0 1
    outer loop
      vertex 103.085 24.2289 8.99
      vertex 102.715 26.0924 8.99
      vertex 102.879 24.1663 8.99
    endloop
  endfacet
  facet normal -0 0 1
    outer loop
      vertex 102.152 25.9216 8.99
      vertex 102.879 24.1663 8.99
      vertex 102.715 26.0924 8.99
    endloop
  endfacet
  facet normal 0 0 1
    outer loop
      vertex 102.879 24.1663 8.99
      vertex 102.152 25.9216 8.99
      vertex 102.689 24.0646 8.99
    endloop
  endfacet
  facet normal -0 0 1
    outer loop
      vertex 101.633 25.6444 8.99
      vertex 102.689 24.0646 8.99
      vertex 102.152 25.9216 8.99
    endloop
  endfacet
  facet normal 0 0 1
    outer loop
      vertex 102.689 24.0646 8.99
      vertex 101.633 25.6444 8.99
      vertex 102.522 23.9278 8.99
    endloop
  endfacet
  facet normal -0 0 1
    outer loop
      vertex 101.179 25.2713 8.99
      vertex 102.522 23.9278 8.99
      vertex 101.633 25.6444 8.99
    endloop
  endfacet
  facet normal -0 0 1
    outer loop
      vertex 100.806 24.8167 8.99
      vertex 102.385 23.7611 8.99
      vertex 101.179 25.2713 8.99
    endloop
  endfacet
  facet normal 0 0 1
    outer loop
      vertex 102.522 23.9278 8.99
      vertex 101.179 25.2713 8.99
      vertex 102.385 23.7611 8.99
    endloop
  endfacet
  facet normal 0 0 1
    outer loop
      vertex 105.794 21.4833 8.99
      vertex 104.215 22.5389 8.99
      vertex 105.421 21.0287 8.99
    endloop
  endfacet
  facet normal -0 0 1
    outer loop
      vertex 104.078 22.3722 8.99
      vertex 105.421 21.0287 8.99
      vertex 104.215 22.5389 8.99
    endloop
  endfacet
  facet normal 0 0 1
    outer loop
      vertex 105.421 21.0287 8.99
      vertex 104.078 22.3722 8.99
      vertex 104.967 20.6556 8.99
    endloop
  endfacet
  facet normal -0 0 1
    outer loop
      vertex 103.911 22.2354 8.99
      vertex 104.967 20.6556 8.99
      vertex 104.078 22.3722 8.99
    endloop
  endfacet
  facet normal 0 0 1
    outer loop
      vertex 104.967 20.6556 8.99
      vertex 103.911 22.2354 8.99
      vertex 104.448 20.3784 8.99
    endloop
  endfacet
  facet normal -0 0 1
    outer loop
      vertex 103.721 22.1337 8.99
      vertex 104.448 20.3784 8.99
      vertex 103.911 22.2354 8.99
    endloop
  endfacet
  facet normal 0 0 1
    outer loop
      vertex 104.448 20.3784 8.99
      vertex 103.721 22.1337 8.99
      vertex 103.885 20.2076 8.99
    endloop
  endfacet
  facet normal -0 0 1
    outer loop
      vertex 103.515 22.0711 8.99
      vertex 103.885 20.2076 8.99
      vertex 103.721 22.1337 8.99
    endloop
  endfacet
  facet normal -0 0 1
    outer loop
      vertex 103.3 22.05 8.99
      vertex 103.885 20.2076 8.99
      vertex 103.515 22.0711 8.99
    endloop
  endfacet
  facet normal 0 0 1
    outer loop
      vertex 103.3 22.05 8.99
      vertex 103.3 20.15 8.99
      vertex 103.885 20.2076 8.99
    endloop
  endfacet
  facet normal 0 0 1
    outer loop
      vertex 103.085 22.0711 8.99
      vertex 103.3 20.15 8.99
      vertex 103.3 22.05 8.99
    endloop
  endfacet
  facet normal 0 0 1
    outer loop
      vertex 102.715 20.2076 8.99
      vertex 103.085 22.0711 8.99
      vertex 102.879 22.1337 8.99
    endloop
  endfacet
  facet normal 0 0 1
    outer loop
      vertex 103.085 22.0711 8.99
      vertex 102.715 20.2076 8.99
      vertex 103.3 20.15 8.99
    endloop
  endfacet
  facet normal 0 0 1
    outer loop
      vertex 102.152 20.3784 8.99
      vertex 102.879 22.1337 8.99
      vertex 102.689 22.2354 8.99
    endloop
  endfacet
  facet normal 0 0 1
    outer loop
      vertex 101.633 20.6556 8.99
      vertex 102.689 22.2354 8.99
      vertex 102.522 22.3722 8.99
    endloop
  endfacet
  facet normal 0 0 1
    outer loop
      vertex 101.179 21.0287 8.99
      vertex 102.522 22.3722 8.99
      vertex 102.385 22.5389 8.99
    endloop
  endfacet
  facet normal 0 0 1
    outer loop
      vertex 100.806 21.4833 8.99
      vertex 102.385 22.5389 8.99
      vertex 102.284 22.729 8.99
    endloop
  endfacet
  facet normal 0 0 1
    outer loop
      vertex 100.528 22.002 8.99
      vertex 102.284 22.729 8.99
      vertex 102.221 22.9354 8.99
    endloop
  endfacet
  facet normal 0 0 1
    outer loop
      vertex 102.879 22.1337 8.99
      vertex 102.152 20.3784 8.99
      vertex 102.715 20.2076 8.99
    endloop
  endfacet
  facet normal 0 0 1
    outer loop
      vertex 100.358 22.5647 8.99
      vertex 102.221 22.9354 8.99
      vertex 102.2 23.15 8.99
    endloop
  endfacet
  facet normal 0 0 1
    outer loop
      vertex 102.385 23.7611 8.99
      vertex 100.806 24.8167 8.99
      vertex 102.284 23.571 8.99
    endloop
  endfacet
  facet normal -0 0 1
    outer loop
      vertex 100.528 24.298 8.99
      vertex 102.284 23.571 8.99
      vertex 100.806 24.8167 8.99
    endloop
  endfacet
  facet normal 0 0 1
    outer loop
      vertex 102.689 22.2354 8.99
      vertex 101.633 20.6556 8.99
      vertex 102.152 20.3784 8.99
    endloop
  endfacet
  facet normal 0 0 1
    outer loop
      vertex 102.284 23.571 8.99
      vertex 100.528 24.298 8.99
      vertex 102.221 23.3646 8.99
    endloop
  endfacet
  facet normal 0 0 1
    outer loop
      vertex 102.522 22.3722 8.99
      vertex 101.179 21.0287 8.99
      vertex 101.633 20.6556 8.99
    endloop
  endfacet
  facet normal -0 0 1
    outer loop
      vertex 100.358 23.7353 8.99
      vertex 102.221 23.3646 8.99
      vertex 100.528 24.298 8.99
    endloop
  endfacet
  facet normal 0 0 1
    outer loop
      vertex 102.385 22.5389 8.99
      vertex 100.806 21.4833 8.99
      vertex 101.179 21.0287 8.99
    endloop
  endfacet
  facet normal 0 0 1
    outer loop
      vertex 102.221 23.3646 8.99
      vertex 100.358 23.7353 8.99
      vertex 102.2 23.15 8.99
    endloop
  endfacet
  facet normal 0 0 1
    outer loop
      vertex 102.284 22.729 8.99
      vertex 100.528 22.002 8.99
      vertex 100.806 21.4833 8.99
    endloop
  endfacet
  facet normal 0 0 1
    outer loop
      vertex 100.3 23.15 8.99
      vertex 102.2 23.15 8.99
      vertex 100.358 23.7353 8.99
    endloop
  endfacet
  facet normal 0 0 1
    outer loop
      vertex 102.221 22.9354 8.99
      vertex 100.358 22.5647 8.99
      vertex 100.528 22.002 8.99
    endloop
  endfacet
  facet normal 0 0 1
    outer loop
      vertex 102.2 23.15 8.99
      vertex 100.3 23.15 8.99
      vertex 100.358 22.5647 8.99
    endloop
  endfacet
  facet normal -0.290309 -0.956933 0
    outer loop
      vertex 102.152 20.3784 3.4
      vertex 102.715 20.2076 8.99
      vertex 102.152 20.3784 8.99
    endloop
  endfacet
  facet normal -0.290309 -0.956933 -0
    outer loop
      vertex 102.715 20.2076 8.99
      vertex 102.152 20.3784 3.4
      vertex 102.715 20.2076 3.4
    endloop
  endfacet
  facet normal 0.957267 -0.289205 0
    outer loop
      vertex 106.072 22.002 8.99
      vertex 106.242 22.5647 3
      vertex 106.242 22.5647 8.99
    endloop
  endfacet
  facet normal 0.957267 -0.289205 0
    outer loop
      vertex 106.242 22.5647 3
      vertex 106.072 22.002 8.99
      vertex 106.072 22.002 3
    endloop
  endfacet
  facet normal 0.773078 0.634311 0
    outer loop
      vertex 105.794 24.8167 8.99
      vertex 105.421 25.2713 3
      vertex 105.421 25.2713 8.99
    endloop
  endfacet
  facet normal 0.773078 0.634311 0
    outer loop
      vertex 105.421 25.2713 3
      vertex 105.794 24.8167 8.99
      vertex 105.794 24.8167 3
    endloop
  endfacet
  facet normal -0.995126 0.0986115 0
    outer loop
      vertex 100.3 23.15 3.4
      vertex 100.358 23.7353 8.99
      vertex 100.358 23.7353 3.4
    endloop
  endfacet
  facet normal -0.995126 0.0986115 0
    outer loop
      vertex 100.358 23.7353 8.99
      vertex 100.3 23.15 3.4
      vertex 100.3 23.15 8.99
    endloop
  endfacet
  facet normal 0.63429 -0.773095 0
    outer loop
      vertex 105.143 20.8 3.4
      vertex 104.967 20.6556 8.99
      vertex 104.967 20.6556 3.4
    endloop
  endfacet
  facet normal 0.634914 -0.772583 3.28777e-05
    outer loop
      vertex 104.967 20.6556 8.99
      vertex 105.143 20.8 3.4
      vertex 105.421 21.0287 8.99
    endloop
  endfacet
  facet normal 0.635308 -0.772259 0
    outer loop
      vertex 105.421 21.0287 3
      vertex 105.143 20.8 3.4
      vertex 105.143 20.8 3
    endloop
  endfacet
  facet normal 0.635308 -0.772259 0
    outer loop
      vertex 105.143 20.8 3.4
      vertex 105.421 21.0287 3
      vertex 105.421 21.0287 8.99
    endloop
  endfacet
  facet normal -0.634914 -0.772583 3.28777e-05
    outer loop
      vertex 101.179 21.0287 8.99
      vertex 101.457 20.8 3.4
      vertex 101.633 20.6556 8.99
    endloop
  endfacet
  facet normal -0.635308 -0.772259 0
    outer loop
      vertex 101.179 21.0287 3
      vertex 101.457 20.8 3.4
      vertex 101.179 21.0287 8.99
    endloop
  endfacet
  facet normal -0.635308 -0.772259 -0
    outer loop
      vertex 101.457 20.8 3.4
      vertex 101.179 21.0287 3
      vertex 101.457 20.8 3
    endloop
  endfacet
  facet normal -0.63429 -0.773095 -0
    outer loop
      vertex 101.633 20.6556 8.99
      vertex 101.457 20.8 3.4
      vertex 101.633 20.6556 3.4
    endloop
  endfacet
  facet normal -0.0979877 0.995188 0
    outer loop
      vertex 103.3 26.15 3
      vertex 102.715 26.0924 8.99
      vertex 103.3 26.15 8.99
    endloop
  endfacet
  facet normal -0.0979877 0.995188 0
    outer loop
      vertex 102.715 26.0924 8.99
      vertex 103.3 26.15 3
      vertex 102.715 26.0924 3
    endloop
  endfacet
  facet normal 0.881392 -0.472386 0
    outer loop
      vertex 105.794 21.4833 8.99
      vertex 106.072 22.002 3
      vertex 106.072 22.002 8.99
    endloop
  endfacet
  facet normal 0.881392 -0.472386 0
    outer loop
      vertex 106.072 22.002 3
      vertex 105.794 21.4833 8.99
      vertex 105.794 21.4833 3
    endloop
  endfacet
  facet normal -0.957267 -0.289205 0
    outer loop
      vertex 100.528 22.002 3.4
      vertex 100.358 22.5647 8.99
      vertex 100.358 22.5647 3.4
    endloop
  endfacet
  facet normal -0.957267 -0.289205 0
    outer loop
      vertex 100.358 22.5647 8.99
      vertex 100.528 22.002 3.4
      vertex 100.528 22.002 8.99
    endloop
  endfacet
  facet normal -0.995126 -0.0986115 0
    outer loop
      vertex 100.358 22.5647 3.4
      vertex 100.3 23.15 8.99
      vertex 100.3 23.15 3.4
    endloop
  endfacet
  facet normal -0.995126 -0.0986115 0
    outer loop
      vertex 100.3 23.15 8.99
      vertex 100.358 22.5647 3.4
      vertex 100.358 22.5647 8.99
    endloop
  endfacet
  facet normal -0.773078 -0.634311 0
    outer loop
      vertex 101.179 21.0287 3
      vertex 100.806 21.4833 8.99
      vertex 100.806 21.4833 3
    endloop
  endfacet
  facet normal -0.773078 -0.634311 0
    outer loop
      vertex 100.806 21.4833 8.99
      vertex 101.179 21.0287 3
      vertex 101.179 21.0287 8.99
    endloop
  endfacet
  facet normal -0.773078 0.634311 0
    outer loop
      vertex 100.806 24.8167 3
      vertex 101.179 25.2713 8.99
      vertex 101.179 25.2713 3
    endloop
  endfacet
  facet normal -0.773078 0.634311 0
    outer loop
      vertex 101.179 25.2713 8.99
      vertex 100.806 24.8167 3
      vertex 100.806 24.8167 8.99
    endloop
  endfacet
  facet normal -0.957267 0.289205 0
    outer loop
      vertex 100.358 23.7353 3.4
      vertex 100.528 24.298 8.99
      vertex 100.528 24.298 3.4
    endloop
  endfacet
  facet normal -0.957267 0.289205 0
    outer loop
      vertex 100.528 24.298 8.99
      vertex 100.358 23.7353 3.4
      vertex 100.358 23.7353 8.99
    endloop
  endfacet
  facet normal -0.471117 -0.882071 0
    outer loop
      vertex 101.633 20.6556 3.4
      vertex 102.152 20.3784 8.99
      vertex 101.633 20.6556 8.99
    endloop
  endfacet
  facet normal -0.471117 -0.882071 -0
    outer loop
      vertex 102.152 20.3784 8.99
      vertex 101.633 20.6556 3.4
      vertex 102.152 20.3784 3.4
    endloop
  endfacet
  facet normal 0.471912 0.881645 -0
    outer loop
      vertex 102.879 22.1337 3.99
      vertex 102.689 22.2354 8.99
      vertex 102.879 22.1337 8.99
    endloop
  endfacet
  facet normal 0.471912 0.881645 0
    outer loop
      vertex 102.689 22.2354 8.99
      vertex 102.879 22.1337 3.99
      vertex 102.689 22.2354 3.99
    endloop
  endfacet
  facet normal -0.956438 -0.291936 0
    outer loop
      vertex 104.379 23.3646 3.99
      vertex 104.316 23.571 8.99
      vertex 104.316 23.571 3.99
    endloop
  endfacet
  facet normal -0.956438 -0.291936 0
    outer loop
      vertex 104.316 23.571 8.99
      vertex 104.379 23.3646 3.99
      vertex 104.379 23.3646 8.99
    endloop
  endfacet
  facet normal -0.995246 -0.0973913 0
    outer loop
      vertex 104.4 23.15 3.99
      vertex 104.379 23.3646 8.99
      vertex 104.379 23.3646 3.99
    endloop
  endfacet
  facet normal -0.995246 -0.0973913 0
    outer loop
      vertex 104.379 23.3646 8.99
      vertex 104.4 23.15 3.99
      vertex 104.4 23.15 8.99
    endloop
  endfacet
  facet normal -0.883098 -0.469189 0
    outer loop
      vertex 104.316 23.571 3.99
      vertex 104.215 23.7611 8.99
      vertex 104.215 23.7611 3.99
    endloop
  endfacet
  facet normal -0.883098 -0.469189 0
    outer loop
      vertex 104.215 23.7611 8.99
      vertex 104.316 23.571 3.99
      vertex 104.316 23.571 8.99
    endloop
  endfacet
  facet normal -0.471912 -0.881645 0
    outer loop
      vertex 103.721 24.1663 3.99
      vertex 103.911 24.0646 8.99
      vertex 103.721 24.1663 8.99
    endloop
  endfacet
  facet normal -0.471912 -0.881645 -0
    outer loop
      vertex 103.911 24.0646 8.99
      vertex 103.721 24.1663 3.99
      vertex 103.911 24.0646 3.99
    endloop
  endfacet
  facet normal 0.956438 0.291936 0
    outer loop
      vertex 102.284 22.729 8.99
      vertex 102.221 22.9354 3.99
      vertex 102.221 22.9354 8.99
    endloop
  endfacet
  facet normal 0.956438 0.291936 0
    outer loop
      vertex 102.221 22.9354 3.99
      vertex 102.284 22.729 8.99
      vertex 102.284 22.729 3.99
    endloop
  endfacet
  facet normal -0.471912 0.881645 0
    outer loop
      vertex 103.911 22.2354 3.99
      vertex 103.721 22.1337 8.99
      vertex 103.911 22.2354 8.99
    endloop
  endfacet
  facet normal -0.471912 0.881645 0
    outer loop
      vertex 103.721 22.1337 8.99
      vertex 103.911 22.2354 3.99
      vertex 103.721 22.1337 3.99
    endloop
  endfacet
  facet normal -0.772572 -0.634927 0
    outer loop
      vertex 104.215 23.7611 3.99
      vertex 104.078 23.9278 8.99
      vertex 104.078 23.9278 3.99
    endloop
  endfacet
  facet normal -0.772572 -0.634927 0
    outer loop
      vertex 104.078 23.9278 8.99
      vertex 104.215 23.7611 3.99
      vertex 104.215 23.7611 8.99
    endloop
  endfacet
  facet normal -0.290755 -0.956798 0
    outer loop
      vertex 103.515 24.2289 3.99
      vertex 103.721 24.1663 8.99
      vertex 103.515 24.2289 8.99
    endloop
  endfacet
  facet normal -0.290755 -0.956798 -0
    outer loop
      vertex 103.721 24.1663 8.99
      vertex 103.515 24.2289 3.99
      vertex 103.721 24.1663 3.99
    endloop
  endfacet
  facet normal 0.471912 -0.881645 0
    outer loop
      vertex 102.689 24.0646 3.99
      vertex 102.879 24.1663 8.99
      vertex 102.689 24.0646 8.99
    endloop
  endfacet
  facet normal 0.471912 -0.881645 0
    outer loop
      vertex 102.879 24.1663 8.99
      vertex 102.689 24.0646 3.99
      vertex 102.879 24.1663 3.99
    endloop
  endfacet
  facet normal 0.883098 0.469189 0
    outer loop
      vertex 102.385 22.5389 8.99
      vertex 102.284 22.729 3.99
      vertex 102.284 22.729 8.99
    endloop
  endfacet
  facet normal 0.883098 0.469189 0
    outer loop
      vertex 102.284 22.729 3.99
      vertex 102.385 22.5389 8.99
      vertex 102.385 22.5389 3.99
    endloop
  endfacet
  facet normal -0.0976703 -0.995219 0
    outer loop
      vertex 103.3 24.25 3.99
      vertex 103.515 24.2289 8.99
      vertex 103.3 24.25 8.99
    endloop
  endfacet
  facet normal -0.0976703 -0.995219 -0
    outer loop
      vertex 103.515 24.2289 8.99
      vertex 103.3 24.25 3.99
      vertex 103.515 24.2289 3.99
    endloop
  endfacet
  facet normal -0.290755 0.956798 0
    outer loop
      vertex 103.721 22.1337 3.99
      vertex 103.515 22.0711 8.99
      vertex 103.721 22.1337 8.99
    endloop
  endfacet
  facet normal -0.290755 0.956798 0
    outer loop
      vertex 103.515 22.0711 8.99
      vertex 103.721 22.1337 3.99
      vertex 103.515 22.0711 3.99
    endloop
  endfacet
  facet normal 0.995246 -0.0973913 0
    outer loop
      vertex 102.2 23.15 8.99
      vertex 102.221 23.3646 3.99
      vertex 102.221 23.3646 8.99
    endloop
  endfacet
  facet normal 0.995246 -0.0973913 0
    outer loop
      vertex 102.221 23.3646 3.99
      vertex 102.2 23.15 8.99
      vertex 102.2 23.15 3.99
    endloop
  endfacet
  facet normal -0.883098 0.469189 0
    outer loop
      vertex 104.215 22.5389 3.99
      vertex 104.316 22.729 8.99
      vertex 104.316 22.729 3.99
    endloop
  endfacet
  facet normal -0.883098 0.469189 0
    outer loop
      vertex 104.316 22.729 8.99
      vertex 104.215 22.5389 3.99
      vertex 104.215 22.5389 8.99
    endloop
  endfacet
  facet normal -0.772572 0.634927 0
    outer loop
      vertex 104.078 22.3722 3.99
      vertex 104.215 22.5389 8.99
      vertex 104.215 22.5389 3.99
    endloop
  endfacet
  facet normal -0.772572 0.634927 0
    outer loop
      vertex 104.215 22.5389 8.99
      vertex 104.078 22.3722 3.99
      vertex 104.078 22.3722 8.99
    endloop
  endfacet
  facet normal 0.633692 -0.773586 0
    outer loop
      vertex 102.522 23.9278 3.99
      vertex 102.689 24.0646 8.99
      vertex 102.522 23.9278 8.99
    endloop
  endfacet
  facet normal 0.633692 -0.773586 0
    outer loop
      vertex 102.689 24.0646 8.99
      vertex 102.522 23.9278 3.99
      vertex 102.689 24.0646 3.99
    endloop
  endfacet
  facet normal 0 0 1
    outer loop
      vertex 104.379 23.3646 3.99
      vertex 104.379 22.9354 3.99
      vertex 104.4 23.15 3.99
    endloop
  endfacet
  facet normal 0 0 1
    outer loop
      vertex 104.316 23.571 3.99
      vertex 104.379 22.9354 3.99
      vertex 104.379 23.3646 3.99
    endloop
  endfacet
  facet normal 0 0 1
    outer loop
      vertex 104.316 23.571 3.99
      vertex 104.316 22.729 3.99
      vertex 104.379 22.9354 3.99
    endloop
  endfacet
  facet normal 0 0 1
    outer loop
      vertex 104.215 23.7611 3.99
      vertex 104.316 22.729 3.99
      vertex 104.316 23.571 3.99
    endloop
  endfacet
  facet normal 0 0 1
    outer loop
      vertex 104.215 23.7611 3.99
      vertex 104.215 22.5389 3.99
      vertex 104.316 22.729 3.99
    endloop
  endfacet
  facet normal 0 0 1
    outer loop
      vertex 104.078 23.9278 3.99
      vertex 104.215 22.5389 3.99
      vertex 104.215 23.7611 3.99
    endloop
  endfacet
  facet normal 0 0 1
    outer loop
      vertex 104.078 23.9278 3.99
      vertex 104.078 22.3722 3.99
      vertex 104.215 22.5389 3.99
    endloop
  endfacet
  facet normal 0 0 1
    outer loop
      vertex 103.911 24.0646 3.99
      vertex 104.078 22.3722 3.99
      vertex 104.078 23.9278 3.99
    endloop
  endfacet
  facet normal 0 0 1
    outer loop
      vertex 103.911 24.0646 3.99
      vertex 103.911 22.2354 3.99
      vertex 104.078 22.3722 3.99
    endloop
  endfacet
  facet normal 0 0 1
    outer loop
      vertex 103.721 24.1663 3.99
      vertex 103.911 22.2354 3.99
      vertex 103.911 24.0646 3.99
    endloop
  endfacet
  facet normal 0 0 1
    outer loop
      vertex 103.721 24.1663 3.99
      vertex 103.721 22.1337 3.99
      vertex 103.911 22.2354 3.99
    endloop
  endfacet
  facet normal 0 0 1
    outer loop
      vertex 103.515 24.2289 3.99
      vertex 103.721 22.1337 3.99
      vertex 103.721 24.1663 3.99
    endloop
  endfacet
  facet normal 0 0 1
    outer loop
      vertex 103.515 24.2289 3.99
      vertex 103.515 22.0711 3.99
      vertex 103.721 22.1337 3.99
    endloop
  endfacet
  facet normal 0 0 1
    outer loop
      vertex 103.3 24.25 3.99
      vertex 103.515 22.0711 3.99
      vertex 103.515 24.2289 3.99
    endloop
  endfacet
  facet normal 0 0 1
    outer loop
      vertex 103.3 24.25 3.99
      vertex 103.3 22.05 3.99
      vertex 103.515 22.0711 3.99
    endloop
  endfacet
  facet normal -0 0 1
    outer loop
      vertex 103.085 24.2289 3.99
      vertex 103.3 22.05 3.99
      vertex 103.3 24.25 3.99
    endloop
  endfacet
  facet normal 0 0 1
    outer loop
      vertex 103.085 24.2289 3.99
      vertex 103.085 22.0711 3.99
      vertex 103.3 22.05 3.99
    endloop
  endfacet
  facet normal -0 0 1
    outer loop
      vertex 102.879 24.1663 3.99
      vertex 103.085 22.0711 3.99
      vertex 103.085 24.2289 3.99
    endloop
  endfacet
  facet normal 0 0 1
    outer loop
      vertex 102.879 24.1663 3.99
      vertex 102.879 22.1337 3.99
      vertex 103.085 22.0711 3.99
    endloop
  endfacet
  facet normal -0 0 1
    outer loop
      vertex 102.689 24.0646 3.99
      vertex 102.879 22.1337 3.99
      vertex 102.879 24.1663 3.99
    endloop
  endfacet
  facet normal 0 0 1
    outer loop
      vertex 102.689 24.0646 3.99
      vertex 102.689 22.2354 3.99
      vertex 102.879 22.1337 3.99
    endloop
  endfacet
  facet normal -0 0 1
    outer loop
      vertex 102.522 23.9278 3.99
      vertex 102.689 22.2354 3.99
      vertex 102.689 24.0646 3.99
    endloop
  endfacet
  facet normal 0 0 1
    outer loop
      vertex 102.522 23.9278 3.99
      vertex 102.522 22.3722 3.99
      vertex 102.689 22.2354 3.99
    endloop
  endfacet
  facet normal -0 0 1
    outer loop
      vertex 102.385 23.7611 3.99
      vertex 102.522 22.3722 3.99
      vertex 102.522 23.9278 3.99
    endloop
  endfacet
  facet normal 0 0 1
    outer loop
      vertex 102.385 23.7611 3.99
      vertex 102.385 22.5389 3.99
      vertex 102.522 22.3722 3.99
    endloop
  endfacet
  facet normal -0 0 1
    outer loop
      vertex 102.284 23.571 3.99
      vertex 102.385 22.5389 3.99
      vertex 102.385 23.7611 3.99
    endloop
  endfacet
  facet normal 0 0 1
    outer loop
      vertex 102.284 23.571 3.99
      vertex 102.284 22.729 3.99
      vertex 102.385 22.5389 3.99
    endloop
  endfacet
  facet normal -0 0 1
    outer loop
      vertex 102.221 23.3646 3.99
      vertex 102.284 22.729 3.99
      vertex 102.284 23.571 3.99
    endloop
  endfacet
  facet normal 0 0 1
    outer loop
      vertex 102.221 23.3646 3.99
      vertex 102.221 22.9354 3.99
      vertex 102.284 22.729 3.99
    endloop
  endfacet
  facet normal 0 -0 1
    outer loop
      vertex 102.221 22.9354 3.99
      vertex 102.221 23.3646 3.99
      vertex 102.2 23.15 3.99
    endloop
  endfacet
  facet normal 0.290755 -0.956798 0
    outer loop
      vertex 102.879 24.1663 3.99
      vertex 103.085 24.2289 8.99
      vertex 102.879 24.1663 8.99
    endloop
  endfacet
  facet normal 0.290755 -0.956798 0
    outer loop
      vertex 103.085 24.2289 8.99
      vertex 102.879 24.1663 3.99
      vertex 103.085 24.2289 3.99
    endloop
  endfacet
  facet normal -0.633692 -0.773586 0
    outer loop
      vertex 103.911 24.0646 3.99
      vertex 104.078 23.9278 8.99
      vertex 103.911 24.0646 8.99
    endloop
  endfacet
  facet normal -0.633692 -0.773586 -0
    outer loop
      vertex 104.078 23.9278 8.99
      vertex 103.911 24.0646 3.99
      vertex 104.078 23.9278 3.99
    endloop
  endfacet
  facet normal 0.883098 -0.469189 0
    outer loop
      vertex 102.284 23.571 8.99
      vertex 102.385 23.7611 3.99
      vertex 102.385 23.7611 8.99
    endloop
  endfacet
  facet normal 0.883098 -0.469189 0
    outer loop
      vertex 102.385 23.7611 3.99
      vertex 102.284 23.571 8.99
      vertex 102.284 23.571 3.99
    endloop
  endfacet
  facet normal -0.0976703 0.995219 0
    outer loop
      vertex 103.515 22.0711 3.99
      vertex 103.3 22.05 8.99
      vertex 103.515 22.0711 8.99
    endloop
  endfacet
  facet normal -0.0976703 0.995219 0
    outer loop
      vertex 103.3 22.05 8.99
      vertex 103.515 22.0711 3.99
      vertex 103.3 22.05 3.99
    endloop
  endfacet
  facet normal 0.633692 0.773586 -0
    outer loop
      vertex 102.689 22.2354 3.99
      vertex 102.522 22.3722 8.99
      vertex 102.689 22.2354 8.99
    endloop
  endfacet
  facet normal 0.633692 0.773586 0
    outer loop
      vertex 102.522 22.3722 8.99
      vertex 102.689 22.2354 3.99
      vertex 102.522 22.3722 3.99
    endloop
  endfacet
  facet normal 0.956438 -0.291936 0
    outer loop
      vertex 102.221 23.3646 8.99
      vertex 102.284 23.571 3.99
      vertex 102.284 23.571 8.99
    endloop
  endfacet
  facet normal 0.956438 -0.291936 0
    outer loop
      vertex 102.284 23.571 3.99
      vertex 102.221 23.3646 8.99
      vertex 102.221 23.3646 3.99
    endloop
  endfacet
  facet normal -0.956438 0.291936 0
    outer loop
      vertex 104.316 22.729 3.99
      vertex 104.379 22.9354 8.99
      vertex 104.379 22.9354 3.99
    endloop
  endfacet
  facet normal -0.956438 0.291936 0
    outer loop
      vertex 104.379 22.9354 8.99
      vertex 104.316 22.729 3.99
      vertex 104.316 22.729 8.99
    endloop
  endfacet
  facet normal 0.0976703 -0.995219 0
    outer loop
      vertex 103.085 24.2289 3.99
      vertex 103.3 24.25 8.99
      vertex 103.085 24.2289 8.99
    endloop
  endfacet
  facet normal 0.0976703 -0.995219 0
    outer loop
      vertex 103.3 24.25 8.99
      vertex 103.085 24.2289 3.99
      vertex 103.3 24.25 3.99
    endloop
  endfacet
  facet normal 0.772572 -0.634927 0
    outer loop
      vertex 102.385 23.7611 8.99
      vertex 102.522 23.9278 3.99
      vertex 102.522 23.9278 8.99
    endloop
  endfacet
  facet normal 0.772572 -0.634927 0
    outer loop
      vertex 102.522 23.9278 3.99
      vertex 102.385 23.7611 8.99
      vertex 102.385 23.7611 3.99
    endloop
  endfacet
  facet normal -0.995246 0.0973913 0
    outer loop
      vertex 104.379 22.9354 3.99
      vertex 104.4 23.15 8.99
      vertex 104.4 23.15 3.99
    endloop
  endfacet
  facet normal -0.995246 0.0973913 0
    outer loop
      vertex 104.4 23.15 8.99
      vertex 104.379 22.9354 3.99
      vertex 104.379 22.9354 8.99
    endloop
  endfacet
  facet normal 0.772572 0.634927 0
    outer loop
      vertex 102.522 22.3722 8.99
      vertex 102.385 22.5389 3.99
      vertex 102.385 22.5389 8.99
    endloop
  endfacet
  facet normal 0.772572 0.634927 0
    outer loop
      vertex 102.385 22.5389 3.99
      vertex 102.522 22.3722 8.99
      vertex 102.522 22.3722 3.99
    endloop
  endfacet
  facet normal -0.633692 0.773586 0
    outer loop
      vertex 104.078 22.3722 3.99
      vertex 103.911 22.2354 8.99
      vertex 104.078 22.3722 8.99
    endloop
  endfacet
  facet normal -0.633692 0.773586 0
    outer loop
      vertex 103.911 22.2354 8.99
      vertex 104.078 22.3722 3.99
      vertex 103.911 22.2354 3.99
    endloop
  endfacet
  facet normal 0.995246 0.0973913 0
    outer loop
      vertex 102.221 22.9354 8.99
      vertex 102.2 23.15 3.99
      vertex 102.2 23.15 8.99
    endloop
  endfacet
  facet normal 0.995246 0.0973913 0
    outer loop
      vertex 102.2 23.15 3.99
      vertex 102.221 22.9354 8.99
      vertex 102.221 22.9354 3.99
    endloop
  endfacet
  facet normal 0.0976703 0.995219 -0
    outer loop
      vertex 103.3 22.05 3.99
      vertex 103.085 22.0711 8.99
      vertex 103.3 22.05 8.99
    endloop
  endfacet
  facet normal 0.0976703 0.995219 0
    outer loop
      vertex 103.085 22.0711 8.99
      vertex 103.3 22.05 3.99
      vertex 103.085 22.0711 3.99
    endloop
  endfacet
  facet normal 0.290755 0.956798 -0
    outer loop
      vertex 103.085 22.0711 3.99
      vertex 102.879 22.1337 8.99
      vertex 103.085 22.0711 8.99
    endloop
  endfacet
  facet normal 0.290755 0.956798 0
    outer loop
      vertex 102.879 22.1337 8.99
      vertex 103.085 22.0711 3.99
      vertex 102.879 22.1337 3.99
    endloop
  endfacet
  facet normal -0.471117 0.882071 0
    outer loop
      vertex 102.152 45.0216 3.4
      vertex 101.633 44.7444 8.99
      vertex 102.152 45.0216 8.99
    endloop
  endfacet
  facet normal -0.471117 0.882071 0
    outer loop
      vertex 101.633 44.7444 8.99
      vertex 102.152 45.0216 3.4
      vertex 101.633 44.7444 3.4
    endloop
  endfacet
  facet normal 0.471117 0.882071 -0
    outer loop
      vertex 104.967 44.7444 3.4
      vertex 104.448 45.0216 8.99
      vertex 104.967 44.7444 8.99
    endloop
  endfacet
  facet normal 0.471117 0.882071 0
    outer loop
      vertex 104.448 45.0216 8.99
      vertex 104.967 44.7444 3.4
      vertex 104.448 45.0216 3.4
    endloop
  endfacet
  facet normal 0.957267 0.289205 0
    outer loop
      vertex 106.242 42.8353 8.99
      vertex 106.072 43.398 3
      vertex 106.072 43.398 8.99
    endloop
  endfacet
  facet normal 0.957267 0.289205 0
    outer loop
      vertex 106.072 43.398 3
      vertex 106.242 42.8353 8.99
      vertex 106.242 42.8353 3
    endloop
  endfacet
  facet normal 0.995126 0.0986115 0
    outer loop
      vertex 106.3 42.25 8.99
      vertex 106.242 42.8353 3
      vertex 106.242 42.8353 8.99
    endloop
  endfacet
  facet normal 0.995126 0.0986115 0
    outer loop
      vertex 106.242 42.8353 3
      vertex 106.3 42.25 8.99
      vertex 106.3 42.25 3
    endloop
  endfacet
  facet normal 0.881392 0.472386 0
    outer loop
      vertex 106.072 43.398 8.99
      vertex 105.794 43.9167 3
      vertex 105.794 43.9167 8.99
    endloop
  endfacet
  facet normal 0.881392 0.472386 0
    outer loop
      vertex 105.794 43.9167 3
      vertex 106.072 43.398 8.99
      vertex 106.072 43.398 3
    endloop
  endfacet
  facet normal 0.0979877 0.995188 -0
    outer loop
      vertex 103.885 45.1924 3.4
      vertex 103.3 45.25 8.99
      vertex 103.885 45.1924 8.99
    endloop
  endfacet
  facet normal 0.0979877 0.995188 0
    outer loop
      vertex 103.3 45.25 8.99
      vertex 103.885 45.1924 3.4
      vertex 103.3 45.25 3.4
    endloop
  endfacet
  facet normal 0.0979877 -0.995188 0
    outer loop
      vertex 103.3 39.25 3
      vertex 103.885 39.3076 8.99
      vertex 103.3 39.25 8.99
    endloop
  endfacet
  facet normal 0.0979877 -0.995188 0
    outer loop
      vertex 103.885 39.3076 8.99
      vertex 103.3 39.25 3
      vertex 103.885 39.3076 3
    endloop
  endfacet
  facet normal 0.290309 0.956933 -0
    outer loop
      vertex 104.448 45.0216 3.4
      vertex 103.885 45.1924 8.99
      vertex 104.448 45.0216 8.99
    endloop
  endfacet
  facet normal 0.290309 0.956933 0
    outer loop
      vertex 103.885 45.1924 8.99
      vertex 104.448 45.0216 3.4
      vertex 103.885 45.1924 3.4
    endloop
  endfacet
  facet normal 0.634914 0.772583 3.28777e-05
    outer loop
      vertex 105.421 44.3713 8.99
      vertex 105.143 44.6 3.4
      vertex 104.967 44.7444 8.99
    endloop
  endfacet
  facet normal 0.635308 0.772259 -0
    outer loop
      vertex 105.421 44.3713 3
      vertex 105.143 44.6 3.4
      vertex 105.421 44.3713 8.99
    endloop
  endfacet
  facet normal 0.635308 0.772259 0
    outer loop
      vertex 105.143 44.6 3.4
      vertex 105.421 44.3713 3
      vertex 105.143 44.6 3
    endloop
  endfacet
  facet normal 0.63429 0.773095 0
    outer loop
      vertex 104.967 44.7444 8.99
      vertex 105.143 44.6 3.4
      vertex 104.967 44.7444 3.4
    endloop
  endfacet
  facet normal 0.773078 -0.634311 0
    outer loop
      vertex 105.421 40.1287 8.99
      vertex 105.794 40.5833 3
      vertex 105.794 40.5833 8.99
    endloop
  endfacet
  facet normal 0.773078 -0.634311 0
    outer loop
      vertex 105.794 40.5833 3
      vertex 105.421 40.1287 8.99
      vertex 105.421 40.1287 3
    endloop
  endfacet
  facet normal -0.63429 0.773095 0
    outer loop
      vertex 101.457 44.6 3.4
      vertex 101.633 44.7444 8.99
      vertex 101.633 44.7444 3.4
    endloop
  endfacet
  facet normal -0.634914 0.772583 3.28777e-05
    outer loop
      vertex 101.633 44.7444 8.99
      vertex 101.457 44.6 3.4
      vertex 101.179 44.3713 8.99
    endloop
  endfacet
  facet normal -0.635308 0.772259 0
    outer loop
      vertex 101.179 44.3713 3
      vertex 101.457 44.6 3.4
      vertex 101.457 44.6 3
    endloop
  endfacet
  facet normal -0.635308 0.772259 0
    outer loop
      vertex 101.457 44.6 3.4
      vertex 101.179 44.3713 3
      vertex 101.179 44.3713 8.99
    endloop
  endfacet
  facet normal 0.471117 -0.882071 0
    outer loop
      vertex 104.448 39.4784 3
      vertex 104.967 39.7556 8.99
      vertex 104.448 39.4784 8.99
    endloop
  endfacet
  facet normal 0.471117 -0.882071 0
    outer loop
      vertex 104.967 39.7556 8.99
      vertex 104.448 39.4784 3
      vertex 104.967 39.7556 3
    endloop
  endfacet
  facet normal -0.868243 -0.496139 0
    outer loop
      vertex 100.8 40.5938 3
      vertex 100.806 40.5833 3
      vertex 100.8 40.5938 3.4
    endloop
  endfacet
  facet normal -0.88166 -0.471884 0
    outer loop
      vertex 100.8 40.5938 3.4
      vertex 100.528 41.102 8.99
      vertex 100.528 41.102 3.4
    endloop
  endfacet
  facet normal -0.881392 -0.472386 5.87284e-05
    outer loop
      vertex 100.8 40.5938 3.4
      vertex 100.806 40.5833 8.99
      vertex 100.528 41.102 8.99
    endloop
  endfacet
  facet normal -0.868243 -0.496139 -0
    outer loop
      vertex 100.806 40.5833 8.99
      vertex 100.8 40.5938 3.4
      vertex 100.806 40.5833 3
    endloop
  endfacet
  facet normal 0.995126 -0.0986115 0
    outer loop
      vertex 106.242 41.6647 8.99
      vertex 106.3 42.25 3
      vertex 106.3 42.25 8.99
    endloop
  endfacet
  facet normal 0.995126 -0.0986115 0
    outer loop
      vertex 106.3 42.25 3
      vertex 106.242 41.6647 8.99
      vertex 106.242 41.6647 3
    endloop
  endfacet
  facet normal -0.290309 0.956933 0
    outer loop
      vertex 102.715 45.1924 3.4
      vertex 102.152 45.0216 8.99
      vertex 102.715 45.1924 8.99
    endloop
  endfacet
  facet normal -0.290309 0.956933 0
    outer loop
      vertex 102.152 45.0216 8.99
      vertex 102.715 45.1924 3.4
      vertex 102.152 45.0216 3.4
    endloop
  endfacet
  facet normal -0.0979877 -0.995188 0
    outer loop
      vertex 102.715 39.3076 3
      vertex 103.3 39.25 8.99
      vertex 102.715 39.3076 8.99
    endloop
  endfacet
  facet normal -0.0979877 -0.995188 -0
    outer loop
      vertex 103.3 39.25 8.99
      vertex 102.715 39.3076 3
      vertex 103.3 39.25 3
    endloop
  endfacet
  facet normal -0.868243 0.496139 0
    outer loop
      vertex 100.8 43.9062 3.4
      vertex 100.806 43.9167 3
      vertex 100.8 43.9062 3
    endloop
  endfacet
  facet normal -0.868243 0.496139 0
    outer loop
      vertex 100.806 43.9167 3
      vertex 100.8 43.9062 3.4
      vertex 100.806 43.9167 8.99
    endloop
  endfacet
  facet normal -0.88166 0.471884 5.99601e-05
    outer loop
      vertex 100.528 43.398 3.4
      vertex 100.806 43.9167 8.99
      vertex 100.8 43.9062 3.4
    endloop
  endfacet
  facet normal -0.881392 0.472386 0
    outer loop
      vertex 100.806 43.9167 8.99
      vertex 100.528 43.398 3.4
      vertex 100.528 43.398 8.99
    endloop
  endfacet
  facet normal 0.290309 -0.956933 0
    outer loop
      vertex 103.885 39.3076 3
      vertex 104.448 39.4784 8.99
      vertex 103.885 39.3076 8.99
    endloop
  endfacet
  facet normal 0.290309 -0.956933 0
    outer loop
      vertex 104.448 39.4784 8.99
      vertex 103.885 39.3076 3
      vertex 104.448 39.4784 3
    endloop
  endfacet
  facet normal 0 0 1
    outer loop
      vertex 104.4 42.25 8.99
      vertex 106.3 42.25 8.99
      vertex 106.242 42.8353 8.99
    endloop
  endfacet
  facet normal 0 0 1
    outer loop
      vertex 104.379 42.4646 8.99
      vertex 106.242 42.8353 8.99
      vertex 106.072 43.398 8.99
    endloop
  endfacet
  facet normal 0 0 1
    outer loop
      vertex 106.3 42.25 8.99
      vertex 104.4 42.25 8.99
      vertex 106.242 41.6647 8.99
    endloop
  endfacet
  facet normal 0 0 1
    outer loop
      vertex 104.316 42.671 8.99
      vertex 106.072 43.398 8.99
      vertex 105.794 43.9167 8.99
    endloop
  endfacet
  facet normal -0 0 1
    outer loop
      vertex 104.379 42.0354 8.99
      vertex 106.242 41.6647 8.99
      vertex 104.4 42.25 8.99
    endloop
  endfacet
  facet normal 0 0 1
    outer loop
      vertex 104.215 42.8611 8.99
      vertex 105.794 43.9167 8.99
      vertex 105.421 44.3713 8.99
    endloop
  endfacet
  facet normal 0 0 1
    outer loop
      vertex 106.242 41.6647 8.99
      vertex 104.379 42.0354 8.99
      vertex 106.072 41.102 8.99
    endloop
  endfacet
  facet normal 0 0 1
    outer loop
      vertex 104.078 43.0278 8.99
      vertex 105.421 44.3713 8.99
      vertex 104.967 44.7444 8.99
    endloop
  endfacet
  facet normal -0 0 1
    outer loop
      vertex 104.316 41.829 8.99
      vertex 106.072 41.102 8.99
      vertex 104.379 42.0354 8.99
    endloop
  endfacet
  facet normal 0 0 1
    outer loop
      vertex 103.911 43.1646 8.99
      vertex 104.967 44.7444 8.99
      vertex 104.448 45.0216 8.99
    endloop
  endfacet
  facet normal 0 0 1
    outer loop
      vertex 106.072 41.102 8.99
      vertex 104.316 41.829 8.99
      vertex 105.794 40.5833 8.99
    endloop
  endfacet
  facet normal -0 0 1
    outer loop
      vertex 104.215 41.6389 8.99
      vertex 105.794 40.5833 8.99
      vertex 104.316 41.829 8.99
    endloop
  endfacet
  facet normal 0 0 1
    outer loop
      vertex 106.242 42.8353 8.99
      vertex 104.379 42.4646 8.99
      vertex 104.4 42.25 8.99
    endloop
  endfacet
  facet normal 0 0 1
    outer loop
      vertex 106.072 43.398 8.99
      vertex 104.316 42.671 8.99
      vertex 104.379 42.4646 8.99
    endloop
  endfacet
  facet normal 0 0 1
    outer loop
      vertex 105.794 43.9167 8.99
      vertex 104.215 42.8611 8.99
      vertex 104.316 42.671 8.99
    endloop
  endfacet
  facet normal 0 0 1
    outer loop
      vertex 105.421 44.3713 8.99
      vertex 104.078 43.0278 8.99
      vertex 104.215 42.8611 8.99
    endloop
  endfacet
  facet normal 0 0 1
    outer loop
      vertex 104.967 44.7444 8.99
      vertex 103.911 43.1646 8.99
      vertex 104.078 43.0278 8.99
    endloop
  endfacet
  facet normal 0 0 1
    outer loop
      vertex 103.721 43.2663 8.99
      vertex 104.448 45.0216 8.99
      vertex 103.885 45.1924 8.99
    endloop
  endfacet
  facet normal 0 0 1
    outer loop
      vertex 104.448 45.0216 8.99
      vertex 103.721 43.2663 8.99
      vertex 103.911 43.1646 8.99
    endloop
  endfacet
  facet normal 0 0 1
    outer loop
      vertex 103.885 45.1924 8.99
      vertex 103.515 43.3289 8.99
      vertex 103.721 43.2663 8.99
    endloop
  endfacet
  facet normal 0 0 1
    outer loop
      vertex 103.3 45.25 8.99
      vertex 103.515 43.3289 8.99
      vertex 103.885 45.1924 8.99
    endloop
  endfacet
  facet normal 0 0 1
    outer loop
      vertex 103.3 45.25 8.99
      vertex 103.3 43.35 8.99
      vertex 103.515 43.3289 8.99
    endloop
  endfacet
  facet normal 0 0 1
    outer loop
      vertex 103.3 45.25 8.99
      vertex 103.085 43.3289 8.99
      vertex 103.3 43.35 8.99
    endloop
  endfacet
  facet normal -0 0 1
    outer loop
      vertex 102.715 45.1924 8.99
      vertex 103.085 43.3289 8.99
      vertex 103.3 45.25 8.99
    endloop
  endfacet
  facet normal 0 0 1
    outer loop
      vertex 103.085 43.3289 8.99
      vertex 102.715 45.1924 8.99
      vertex 102.879 43.2663 8.99
    endloop
  endfacet
  facet normal -0 0 1
    outer loop
      vertex 102.152 45.0216 8.99
      vertex 102.879 43.2663 8.99
      vertex 102.715 45.1924 8.99
    endloop
  endfacet
  facet normal 0 0 1
    outer loop
      vertex 102.879 43.2663 8.99
      vertex 102.152 45.0216 8.99
      vertex 102.689 43.1646 8.99
    endloop
  endfacet
  facet normal -0 0 1
    outer loop
      vertex 101.633 44.7444 8.99
      vertex 102.689 43.1646 8.99
      vertex 102.152 45.0216 8.99
    endloop
  endfacet
  facet normal 0 0 1
    outer loop
      vertex 102.689 43.1646 8.99
      vertex 101.633 44.7444 8.99
      vertex 102.522 43.0278 8.99
    endloop
  endfacet
  facet normal -0 0 1
    outer loop
      vertex 101.179 44.3713 8.99
      vertex 102.522 43.0278 8.99
      vertex 101.633 44.7444 8.99
    endloop
  endfacet
  facet normal -0 0 1
    outer loop
      vertex 100.806 43.9167 8.99
      vertex 102.385 42.8611 8.99
      vertex 101.179 44.3713 8.99
    endloop
  endfacet
  facet normal 0 0 1
    outer loop
      vertex 102.522 43.0278 8.99
      vertex 101.179 44.3713 8.99
      vertex 102.385 42.8611 8.99
    endloop
  endfacet
  facet normal 0 0 1
    outer loop
      vertex 105.794 40.5833 8.99
      vertex 104.215 41.6389 8.99
      vertex 105.421 40.1287 8.99
    endloop
  endfacet
  facet normal -0 0 1
    outer loop
      vertex 104.078 41.4722 8.99
      vertex 105.421 40.1287 8.99
      vertex 104.215 41.6389 8.99
    endloop
  endfacet
  facet normal 0 0 1
    outer loop
      vertex 105.421 40.1287 8.99
      vertex 104.078 41.4722 8.99
      vertex 104.967 39.7556 8.99
    endloop
  endfacet
  facet normal -0 0 1
    outer loop
      vertex 103.911 41.3354 8.99
      vertex 104.967 39.7556 8.99
      vertex 104.078 41.4722 8.99
    endloop
  endfacet
  facet normal 0 0 1
    outer loop
      vertex 104.967 39.7556 8.99
      vertex 103.911 41.3354 8.99
      vertex 104.448 39.4784 8.99
    endloop
  endfacet
  facet normal -0 0 1
    outer loop
      vertex 103.721 41.2337 8.99
      vertex 104.448 39.4784 8.99
      vertex 103.911 41.3354 8.99
    endloop
  endfacet
  facet normal 0 0 1
    outer loop
      vertex 104.448 39.4784 8.99
      vertex 103.721 41.2337 8.99
      vertex 103.885 39.3076 8.99
    endloop
  endfacet
  facet normal -0 0 1
    outer loop
      vertex 103.515 41.1711 8.99
      vertex 103.885 39.3076 8.99
      vertex 103.721 41.2337 8.99
    endloop
  endfacet
  facet normal -0 0 1
    outer loop
      vertex 103.3 41.15 8.99
      vertex 103.885 39.3076 8.99
      vertex 103.515 41.1711 8.99
    endloop
  endfacet
  facet normal 0 0 1
    outer loop
      vertex 103.3 41.15 8.99
      vertex 103.3 39.25 8.99
      vertex 103.885 39.3076 8.99
    endloop
  endfacet
  facet normal 0 0 1
    outer loop
      vertex 103.085 41.1711 8.99
      vertex 103.3 39.25 8.99
      vertex 103.3 41.15 8.99
    endloop
  endfacet
  facet normal 0 0 1
    outer loop
      vertex 102.715 39.3076 8.99
      vertex 103.085 41.1711 8.99
      vertex 102.879 41.2337 8.99
    endloop
  endfacet
  facet normal 0 0 1
    outer loop
      vertex 103.085 41.1711 8.99
      vertex 102.715 39.3076 8.99
      vertex 103.3 39.25 8.99
    endloop
  endfacet
  facet normal 0 0 1
    outer loop
      vertex 102.152 39.4784 8.99
      vertex 102.879 41.2337 8.99
      vertex 102.689 41.3354 8.99
    endloop
  endfacet
  facet normal 0 0 1
    outer loop
      vertex 101.633 39.7556 8.99
      vertex 102.689 41.3354 8.99
      vertex 102.522 41.4722 8.99
    endloop
  endfacet
  facet normal 0 0 1
    outer loop
      vertex 101.179 40.1287 8.99
      vertex 102.522 41.4722 8.99
      vertex 102.385 41.6389 8.99
    endloop
  endfacet
  facet normal 0 0 1
    outer loop
      vertex 100.806 40.5833 8.99
      vertex 102.385 41.6389 8.99
      vertex 102.284 41.829 8.99
    endloop
  endfacet
  facet normal 0 0 1
    outer loop
      vertex 100.528 41.102 8.99
      vertex 102.284 41.829 8.99
      vertex 102.221 42.0354 8.99
    endloop
  endfacet
  facet normal 0 0 1
    outer loop
      vertex 102.879 41.2337 8.99
      vertex 102.152 39.4784 8.99
      vertex 102.715 39.3076 8.99
    endloop
  endfacet
  facet normal 0 0 1
    outer loop
      vertex 100.358 41.6647 8.99
      vertex 102.221 42.0354 8.99
      vertex 102.2 42.25 8.99
    endloop
  endfacet
  facet normal 0 0 1
    outer loop
      vertex 102.385 42.8611 8.99
      vertex 100.806 43.9167 8.99
      vertex 102.284 42.671 8.99
    endloop
  endfacet
  facet normal -0 0 1
    outer loop
      vertex 100.528 43.398 8.99
      vertex 102.284 42.671 8.99
      vertex 100.806 43.9167 8.99
    endloop
  endfacet
  facet normal 0 0 1
    outer loop
      vertex 102.689 41.3354 8.99
      vertex 101.633 39.7556 8.99
      vertex 102.152 39.4784 8.99
    endloop
  endfacet
  facet normal 0 0 1
    outer loop
      vertex 102.284 42.671 8.99
      vertex 100.528 43.398 8.99
      vertex 102.221 42.4646 8.99
    endloop
  endfacet
  facet normal 0 0 1
    outer loop
      vertex 102.522 41.4722 8.99
      vertex 101.179 40.1287 8.99
      vertex 101.633 39.7556 8.99
    endloop
  endfacet
  facet normal -0 0 1
    outer loop
      vertex 100.358 42.8353 8.99
      vertex 102.221 42.4646 8.99
      vertex 100.528 43.398 8.99
    endloop
  endfacet
  facet normal 0 0 1
    outer loop
      vertex 102.385 41.6389 8.99
      vertex 100.806 40.5833 8.99
      vertex 101.179 40.1287 8.99
    endloop
  endfacet
  facet normal 0 0 1
    outer loop
      vertex 102.221 42.4646 8.99
      vertex 100.358 42.8353 8.99
      vertex 102.2 42.25 8.99
    endloop
  endfacet
  facet normal 0 0 1
    outer loop
      vertex 102.284 41.829 8.99
      vertex 100.528 41.102 8.99
      vertex 100.806 40.5833 8.99
    endloop
  endfacet
  facet normal 0 0 1
    outer loop
      vertex 100.3 42.25 8.99
      vertex 102.2 42.25 8.99
      vertex 100.358 42.8353 8.99
    endloop
  endfacet
  facet normal 0 0 1
    outer loop
      vertex 102.221 42.0354 8.99
      vertex 100.358 41.6647 8.99
      vertex 100.528 41.102 8.99
    endloop
  endfacet
  facet normal 0 0 1
    outer loop
      vertex 102.2 42.25 8.99
      vertex 100.3 42.25 8.99
      vertex 100.358 41.6647 8.99
    endloop
  endfacet
  facet normal -0.290309 -0.956933 0
    outer loop
      vertex 102.152 39.4784 3
      vertex 102.715 39.3076 8.99
      vertex 102.152 39.4784 8.99
    endloop
  endfacet
  facet normal -0.290309 -0.956933 -0
    outer loop
      vertex 102.715 39.3076 8.99
      vertex 102.152 39.4784 3
      vertex 102.715 39.3076 3
    endloop
  endfacet
  facet normal 0.957267 -0.289205 0
    outer loop
      vertex 106.072 41.102 8.99
      vertex 106.242 41.6647 3
      vertex 106.242 41.6647 8.99
    endloop
  endfacet
  facet normal 0.957267 -0.289205 0
    outer loop
      vertex 106.242 41.6647 3
      vertex 106.072 41.102 8.99
      vertex 106.072 41.102 3
    endloop
  endfacet
  facet normal 0.773078 0.634311 0
    outer loop
      vertex 105.794 43.9167 8.99
      vertex 105.421 44.3713 3
      vertex 105.421 44.3713 8.99
    endloop
  endfacet
  facet normal 0.773078 0.634311 0
    outer loop
      vertex 105.421 44.3713 3
      vertex 105.794 43.9167 8.99
      vertex 105.794 43.9167 3
    endloop
  endfacet
  facet normal -0.995126 0.0986115 0
    outer loop
      vertex 100.3 42.25 3.4
      vertex 100.358 42.8353 8.99
      vertex 100.358 42.8353 3.4
    endloop
  endfacet
  facet normal -0.995126 0.0986115 0
    outer loop
      vertex 100.358 42.8353 8.99
      vertex 100.3 42.25 3.4
      vertex 100.3 42.25 8.99
    endloop
  endfacet
  facet normal 0.634914 -0.772583 0
    outer loop
      vertex 104.967 39.7556 3
      vertex 105.421 40.1287 8.99
      vertex 104.967 39.7556 8.99
    endloop
  endfacet
  facet normal 0.634914 -0.772583 0
    outer loop
      vertex 105.421 40.1287 8.99
      vertex 104.967 39.7556 3
      vertex 105.421 40.1287 3
    endloop
  endfacet
  facet normal -0.634914 -0.772583 0
    outer loop
      vertex 101.179 40.1287 3
      vertex 101.633 39.7556 8.99
      vertex 101.179 40.1287 8.99
    endloop
  endfacet
  facet normal -0.634914 -0.772583 -0
    outer loop
      vertex 101.633 39.7556 8.99
      vertex 101.179 40.1287 3
      vertex 101.633 39.7556 3
    endloop
  endfacet
  facet normal -0.0979877 0.995188 0
    outer loop
      vertex 103.3 45.25 3.4
      vertex 102.715 45.1924 8.99
      vertex 103.3 45.25 8.99
    endloop
  endfacet
  facet normal -0.0979877 0.995188 0
    outer loop
      vertex 102.715 45.1924 8.99
      vertex 103.3 45.25 3.4
      vertex 102.715 45.1924 3.4
    endloop
  endfacet
  facet normal 0.881392 -0.472386 0
    outer loop
      vertex 105.794 40.5833 8.99
      vertex 106.072 41.102 3
      vertex 106.072 41.102 8.99
    endloop
  endfacet
  facet normal 0.881392 -0.472386 0
    outer loop
      vertex 106.072 41.102 3
      vertex 105.794 40.5833 8.99
      vertex 105.794 40.5833 3
    endloop
  endfacet
  facet normal -0.957267 -0.289205 0
    outer loop
      vertex 100.528 41.102 3.4
      vertex 100.358 41.6647 8.99
      vertex 100.358 41.6647 3.4
    endloop
  endfacet
  facet normal -0.957267 -0.289205 0
    outer loop
      vertex 100.358 41.6647 8.99
      vertex 100.528 41.102 3.4
      vertex 100.528 41.102 8.99
    endloop
  endfacet
  facet normal -0.995126 -0.0986115 0
    outer loop
      vertex 100.358 41.6647 3.4
      vertex 100.3 42.25 8.99
      vertex 100.3 42.25 3.4
    endloop
  endfacet
  facet normal -0.995126 -0.0986115 0
    outer loop
      vertex 100.3 42.25 8.99
      vertex 100.358 41.6647 3.4
      vertex 100.358 41.6647 8.99
    endloop
  endfacet
  facet normal -0.773078 -0.634311 0
    outer loop
      vertex 101.179 40.1287 3
      vertex 100.806 40.5833 8.99
      vertex 100.806 40.5833 3
    endloop
  endfacet
  facet normal -0.773078 -0.634311 0
    outer loop
      vertex 100.806 40.5833 8.99
      vertex 101.179 40.1287 3
      vertex 101.179 40.1287 8.99
    endloop
  endfacet
  facet normal -0.773078 0.634311 0
    outer loop
      vertex 100.806 43.9167 3
      vertex 101.179 44.3713 8.99
      vertex 101.179 44.3713 3
    endloop
  endfacet
  facet normal -0.773078 0.634311 0
    outer loop
      vertex 101.179 44.3713 8.99
      vertex 100.806 43.9167 3
      vertex 100.806 43.9167 8.99
    endloop
  endfacet
  facet normal -0.957267 0.289205 0
    outer loop
      vertex 100.358 42.8353 3.4
      vertex 100.528 43.398 8.99
      vertex 100.528 43.398 3.4
    endloop
  endfacet
  facet normal -0.957267 0.289205 0
    outer loop
      vertex 100.528 43.398 8.99
      vertex 100.358 42.8353 3.4
      vertex 100.358 42.8353 8.99
    endloop
  endfacet
  facet normal -0.471117 -0.882071 0
    outer loop
      vertex 101.633 39.7556 3
      vertex 102.152 39.4784 8.99
      vertex 101.633 39.7556 8.99
    endloop
  endfacet
  facet normal -0.471117 -0.882071 -0
    outer loop
      vertex 102.152 39.4784 8.99
      vertex 101.633 39.7556 3
      vertex 102.152 39.4784 3
    endloop
  endfacet
  facet normal 0.471912 0.881645 -0
    outer loop
      vertex 102.879 41.2337 3.99
      vertex 102.689 41.3354 8.99
      vertex 102.879 41.2337 8.99
    endloop
  endfacet
  facet normal 0.471912 0.881645 0
    outer loop
      vertex 102.689 41.3354 8.99
      vertex 102.879 41.2337 3.99
      vertex 102.689 41.3354 3.99
    endloop
  endfacet
  facet normal -0.956438 -0.291936 0
    outer loop
      vertex 104.379 42.4646 3.99
      vertex 104.316 42.671 8.99
      vertex 104.316 42.671 3.99
    endloop
  endfacet
  facet normal -0.956438 -0.291936 0
    outer loop
      vertex 104.316 42.671 8.99
      vertex 104.379 42.4646 3.99
      vertex 104.379 42.4646 8.99
    endloop
  endfacet
  facet normal -0.995246 -0.0973913 0
    outer loop
      vertex 104.4 42.25 3.99
      vertex 104.379 42.4646 8.99
      vertex 104.379 42.4646 3.99
    endloop
  endfacet
  facet normal -0.995246 -0.0973913 0
    outer loop
      vertex 104.379 42.4646 8.99
      vertex 104.4 42.25 3.99
      vertex 104.4 42.25 8.99
    endloop
  endfacet
  facet normal -0.883098 -0.469189 0
    outer loop
      vertex 104.316 42.671 3.99
      vertex 104.215 42.8611 8.99
      vertex 104.215 42.8611 3.99
    endloop
  endfacet
  facet normal -0.883098 -0.469189 0
    outer loop
      vertex 104.215 42.8611 8.99
      vertex 104.316 42.671 3.99
      vertex 104.316 42.671 8.99
    endloop
  endfacet
  facet normal -0.471912 -0.881645 0
    outer loop
      vertex 103.721 43.2663 3.99
      vertex 103.911 43.1646 8.99
      vertex 103.721 43.2663 8.99
    endloop
  endfacet
  facet normal -0.471912 -0.881645 -0
    outer loop
      vertex 103.911 43.1646 8.99
      vertex 103.721 43.2663 3.99
      vertex 103.911 43.1646 3.99
    endloop
  endfacet
  facet normal 0.956438 0.291936 0
    outer loop
      vertex 102.284 41.829 8.99
      vertex 102.221 42.0354 3.99
      vertex 102.221 42.0354 8.99
    endloop
  endfacet
  facet normal 0.956438 0.291936 0
    outer loop
      vertex 102.221 42.0354 3.99
      vertex 102.284 41.829 8.99
      vertex 102.284 41.829 3.99
    endloop
  endfacet
  facet normal -0.471912 0.881645 0
    outer loop
      vertex 103.911 41.3354 3.99
      vertex 103.721 41.2337 8.99
      vertex 103.911 41.3354 8.99
    endloop
  endfacet
  facet normal -0.471912 0.881645 0
    outer loop
      vertex 103.721 41.2337 8.99
      vertex 103.911 41.3354 3.99
      vertex 103.721 41.2337 3.99
    endloop
  endfacet
  facet normal -0.772572 -0.634927 0
    outer loop
      vertex 104.215 42.8611 3.99
      vertex 104.078 43.0278 8.99
      vertex 104.078 43.0278 3.99
    endloop
  endfacet
  facet normal -0.772572 -0.634927 0
    outer loop
      vertex 104.078 43.0278 8.99
      vertex 104.215 42.8611 3.99
      vertex 104.215 42.8611 8.99
    endloop
  endfacet
  facet normal -0.290755 -0.956798 0
    outer loop
      vertex 103.515 43.3289 3.99
      vertex 103.721 43.2663 8.99
      vertex 103.515 43.3289 8.99
    endloop
  endfacet
  facet normal -0.290755 -0.956798 -0
    outer loop
      vertex 103.721 43.2663 8.99
      vertex 103.515 43.3289 3.99
      vertex 103.721 43.2663 3.99
    endloop
  endfacet
  facet normal 0.471912 -0.881645 0
    outer loop
      vertex 102.689 43.1646 3.99
      vertex 102.879 43.2663 8.99
      vertex 102.689 43.1646 8.99
    endloop
  endfacet
  facet normal 0.471912 -0.881645 0
    outer loop
      vertex 102.879 43.2663 8.99
      vertex 102.689 43.1646 3.99
      vertex 102.879 43.2663 3.99
    endloop
  endfacet
  facet normal 0.883098 0.469189 0
    outer loop
      vertex 102.385 41.6389 8.99
      vertex 102.284 41.829 3.99
      vertex 102.284 41.829 8.99
    endloop
  endfacet
  facet normal 0.883098 0.469189 0
    outer loop
      vertex 102.284 41.829 3.99
      vertex 102.385 41.6389 8.99
      vertex 102.385 41.6389 3.99
    endloop
  endfacet
  facet normal -0.0976703 -0.995219 0
    outer loop
      vertex 103.3 43.35 3.99
      vertex 103.515 43.3289 8.99
      vertex 103.3 43.35 8.99
    endloop
  endfacet
  facet normal -0.0976703 -0.995219 -0
    outer loop
      vertex 103.515 43.3289 8.99
      vertex 103.3 43.35 3.99
      vertex 103.515 43.3289 3.99
    endloop
  endfacet
  facet normal -0.290755 0.956798 0
    outer loop
      vertex 103.721 41.2337 3.99
      vertex 103.515 41.1711 8.99
      vertex 103.721 41.2337 8.99
    endloop
  endfacet
  facet normal -0.290755 0.956798 0
    outer loop
      vertex 103.515 41.1711 8.99
      vertex 103.721 41.2337 3.99
      vertex 103.515 41.1711 3.99
    endloop
  endfacet
  facet normal 0.995246 -0.0973913 0
    outer loop
      vertex 102.2 42.25 8.99
      vertex 102.221 42.4646 3.99
      vertex 102.221 42.4646 8.99
    endloop
  endfacet
  facet normal 0.995246 -0.0973913 0
    outer loop
      vertex 102.221 42.4646 3.99
      vertex 102.2 42.25 8.99
      vertex 102.2 42.25 3.99
    endloop
  endfacet
  facet normal -0.883098 0.469189 0
    outer loop
      vertex 104.215 41.6389 3.99
      vertex 104.316 41.829 8.99
      vertex 104.316 41.829 3.99
    endloop
  endfacet
  facet normal -0.883098 0.469189 0
    outer loop
      vertex 104.316 41.829 8.99
      vertex 104.215 41.6389 3.99
      vertex 104.215 41.6389 8.99
    endloop
  endfacet
  facet normal -0.772572 0.634927 0
    outer loop
      vertex 104.078 41.4722 3.99
      vertex 104.215 41.6389 8.99
      vertex 104.215 41.6389 3.99
    endloop
  endfacet
  facet normal -0.772572 0.634927 0
    outer loop
      vertex 104.215 41.6389 8.99
      vertex 104.078 41.4722 3.99
      vertex 104.078 41.4722 8.99
    endloop
  endfacet
  facet normal 0.633692 -0.773586 0
    outer loop
      vertex 102.522 43.0278 3.99
      vertex 102.689 43.1646 8.99
      vertex 102.522 43.0278 8.99
    endloop
  endfacet
  facet normal 0.633692 -0.773586 0
    outer loop
      vertex 102.689 43.1646 8.99
      vertex 102.522 43.0278 3.99
      vertex 102.689 43.1646 3.99
    endloop
  endfacet
  facet normal 0 0 1
    outer loop
      vertex 104.379 42.4646 3.99
      vertex 104.379 42.0354 3.99
      vertex 104.4 42.25 3.99
    endloop
  endfacet
  facet normal 0 0 1
    outer loop
      vertex 104.316 42.671 3.99
      vertex 104.379 42.0354 3.99
      vertex 104.379 42.4646 3.99
    endloop
  endfacet
  facet normal 0 0 1
    outer loop
      vertex 104.316 42.671 3.99
      vertex 104.316 41.829 3.99
      vertex 104.379 42.0354 3.99
    endloop
  endfacet
  facet normal 0 0 1
    outer loop
      vertex 104.215 42.8611 3.99
      vertex 104.316 41.829 3.99
      vertex 104.316 42.671 3.99
    endloop
  endfacet
  facet normal 0 0 1
    outer loop
      vertex 104.215 42.8611 3.99
      vertex 104.215 41.6389 3.99
      vertex 104.316 41.829 3.99
    endloop
  endfacet
  facet normal 0 0 1
    outer loop
      vertex 104.078 43.0278 3.99
      vertex 104.215 41.6389 3.99
      vertex 104.215 42.8611 3.99
    endloop
  endfacet
  facet normal 0 0 1
    outer loop
      vertex 104.078 43.0278 3.99
      vertex 104.078 41.4722 3.99
      vertex 104.215 41.6389 3.99
    endloop
  endfacet
  facet normal 0 0 1
    outer loop
      vertex 103.911 43.1646 3.99
      vertex 104.078 41.4722 3.99
      vertex 104.078 43.0278 3.99
    endloop
  endfacet
  facet normal 0 0 1
    outer loop
      vertex 103.911 43.1646 3.99
      vertex 103.911 41.3354 3.99
      vertex 104.078 41.4722 3.99
    endloop
  endfacet
  facet normal 0 0 1
    outer loop
      vertex 103.721 43.2663 3.99
      vertex 103.911 41.3354 3.99
      vertex 103.911 43.1646 3.99
    endloop
  endfacet
  facet normal 0 0 1
    outer loop
      vertex 103.721 43.2663 3.99
      vertex 103.721 41.2337 3.99
      vertex 103.911 41.3354 3.99
    endloop
  endfacet
  facet normal 0 0 1
    outer loop
      vertex 103.515 43.3289 3.99
      vertex 103.721 41.2337 3.99
      vertex 103.721 43.2663 3.99
    endloop
  endfacet
  facet normal 0 0 1
    outer loop
      vertex 103.515 43.3289 3.99
      vertex 103.515 41.1711 3.99
      vertex 103.721 41.2337 3.99
    endloop
  endfacet
  facet normal 0 0 1
    outer loop
      vertex 103.3 43.35 3.99
      vertex 103.515 41.1711 3.99
      vertex 103.515 43.3289 3.99
    endloop
  endfacet
  facet normal 0 0 1
    outer loop
      vertex 103.3 43.35 3.99
      vertex 103.3 41.15 3.99
      vertex 103.515 41.1711 3.99
    endloop
  endfacet
  facet normal -0 0 1
    outer loop
      vertex 103.085 43.3289 3.99
      vertex 103.3 41.15 3.99
      vertex 103.3 43.35 3.99
    endloop
  endfacet
  facet normal 0 0 1
    outer loop
      vertex 103.085 43.3289 3.99
      vertex 103.085 41.1711 3.99
      vertex 103.3 41.15 3.99
    endloop
  endfacet
  facet normal -0 0 1
    outer loop
      vertex 102.879 43.2663 3.99
      vertex 103.085 41.1711 3.99
      vertex 103.085 43.3289 3.99
    endloop
  endfacet
  facet normal 0 0 1
    outer loop
      vertex 102.879 43.2663 3.99
      vertex 102.879 41.2337 3.99
      vertex 103.085 41.1711 3.99
    endloop
  endfacet
  facet normal -0 0 1
    outer loop
      vertex 102.689 43.1646 3.99
      vertex 102.879 41.2337 3.99
      vertex 102.879 43.2663 3.99
    endloop
  endfacet
  facet normal 0 0 1
    outer loop
      vertex 102.689 43.1646 3.99
      vertex 102.689 41.3354 3.99
      vertex 102.879 41.2337 3.99
    endloop
  endfacet
  facet normal -0 0 1
    outer loop
      vertex 102.522 43.0278 3.99
      vertex 102.689 41.3354 3.99
      vertex 102.689 43.1646 3.99
    endloop
  endfacet
  facet normal 0 0 1
    outer loop
      vertex 102.522 43.0278 3.99
      vertex 102.522 41.4722 3.99
      vertex 102.689 41.3354 3.99
    endloop
  endfacet
  facet normal -0 0 1
    outer loop
      vertex 102.385 42.8611 3.99
      vertex 102.522 41.4722 3.99
      vertex 102.522 43.0278 3.99
    endloop
  endfacet
  facet normal 0 0 1
    outer loop
      vertex 102.385 42.8611 3.99
      vertex 102.385 41.6389 3.99
      vertex 102.522 41.4722 3.99
    endloop
  endfacet
  facet normal -0 0 1
    outer loop
      vertex 102.284 42.671 3.99
      vertex 102.385 41.6389 3.99
      vertex 102.385 42.8611 3.99
    endloop
  endfacet
  facet normal 0 0 1
    outer loop
      vertex 102.284 42.671 3.99
      vertex 102.284 41.829 3.99
      vertex 102.385 41.6389 3.99
    endloop
  endfacet
  facet normal -0 0 1
    outer loop
      vertex 102.221 42.4646 3.99
      vertex 102.284 41.829 3.99
      vertex 102.284 42.671 3.99
    endloop
  endfacet
  facet normal 0 0 1
    outer loop
      vertex 102.221 42.4646 3.99
      vertex 102.221 42.0354 3.99
      vertex 102.284 41.829 3.99
    endloop
  endfacet
  facet normal 0 -0 1
    outer loop
      vertex 102.221 42.0354 3.99
      vertex 102.221 42.4646 3.99
      vertex 102.2 42.25 3.99
    endloop
  endfacet
  facet normal 0.290755 -0.956798 0
    outer loop
      vertex 102.879 43.2663 3.99
      vertex 103.085 43.3289 8.99
      vertex 102.879 43.2663 8.99
    endloop
  endfacet
  facet normal 0.290755 -0.956798 0
    outer loop
      vertex 103.085 43.3289 8.99
      vertex 102.879 43.2663 3.99
      vertex 103.085 43.3289 3.99
    endloop
  endfacet
  facet normal -0.633692 -0.773586 0
    outer loop
      vertex 103.911 43.1646 3.99
      vertex 104.078 43.0278 8.99
      vertex 103.911 43.1646 8.99
    endloop
  endfacet
  facet normal -0.633692 -0.773586 -0
    outer loop
      vertex 104.078 43.0278 8.99
      vertex 103.911 43.1646 3.99
      vertex 104.078 43.0278 3.99
    endloop
  endfacet
  facet normal 0.883098 -0.469189 0
    outer loop
      vertex 102.284 42.671 8.99
      vertex 102.385 42.8611 3.99
      vertex 102.385 42.8611 8.99
    endloop
  endfacet
  facet normal 0.883098 -0.469189 0
    outer loop
      vertex 102.385 42.8611 3.99
      vertex 102.284 42.671 8.99
      vertex 102.284 42.671 3.99
    endloop
  endfacet
  facet normal -0.0976703 0.995219 0
    outer loop
      vertex 103.515 41.1711 3.99
      vertex 103.3 41.15 8.99
      vertex 103.515 41.1711 8.99
    endloop
  endfacet
  facet normal -0.0976703 0.995219 0
    outer loop
      vertex 103.3 41.15 8.99
      vertex 103.515 41.1711 3.99
      vertex 103.3 41.15 3.99
    endloop
  endfacet
  facet normal 0.633692 0.773586 -0
    outer loop
      vertex 102.689 41.3354 3.99
      vertex 102.522 41.4722 8.99
      vertex 102.689 41.3354 8.99
    endloop
  endfacet
  facet normal 0.633692 0.773586 0
    outer loop
      vertex 102.522 41.4722 8.99
      vertex 102.689 41.3354 3.99
      vertex 102.522 41.4722 3.99
    endloop
  endfacet
  facet normal 0.956438 -0.291936 0
    outer loop
      vertex 102.221 42.4646 8.99
      vertex 102.284 42.671 3.99
      vertex 102.284 42.671 8.99
    endloop
  endfacet
  facet normal 0.956438 -0.291936 0
    outer loop
      vertex 102.284 42.671 3.99
      vertex 102.221 42.4646 8.99
      vertex 102.221 42.4646 3.99
    endloop
  endfacet
  facet normal -0.956438 0.291936 0
    outer loop
      vertex 104.316 41.829 3.99
      vertex 104.379 42.0354 8.99
      vertex 104.379 42.0354 3.99
    endloop
  endfacet
  facet normal -0.956438 0.291936 0
    outer loop
      vertex 104.379 42.0354 8.99
      vertex 104.316 41.829 3.99
      vertex 104.316 41.829 8.99
    endloop
  endfacet
  facet normal 0.0976703 -0.995219 0
    outer loop
      vertex 103.085 43.3289 3.99
      vertex 103.3 43.35 8.99
      vertex 103.085 43.3289 8.99
    endloop
  endfacet
  facet normal 0.0976703 -0.995219 0
    outer loop
      vertex 103.3 43.35 8.99
      vertex 103.085 43.3289 3.99
      vertex 103.3 43.35 3.99
    endloop
  endfacet
  facet normal 0.772572 -0.634927 0
    outer loop
      vertex 102.385 42.8611 8.99
      vertex 102.522 43.0278 3.99
      vertex 102.522 43.0278 8.99
    endloop
  endfacet
  facet normal 0.772572 -0.634927 0
    outer loop
      vertex 102.522 43.0278 3.99
      vertex 102.385 42.8611 8.99
      vertex 102.385 42.8611 3.99
    endloop
  endfacet
  facet normal -0.995246 0.0973913 0
    outer loop
      vertex 104.379 42.0354 3.99
      vertex 104.4 42.25 8.99
      vertex 104.4 42.25 3.99
    endloop
  endfacet
  facet normal -0.995246 0.0973913 0
    outer loop
      vertex 104.4 42.25 8.99
      vertex 104.379 42.0354 3.99
      vertex 104.379 42.0354 8.99
    endloop
  endfacet
  facet normal 0.772572 0.634927 0
    outer loop
      vertex 102.522 41.4722 8.99
      vertex 102.385 41.6389 3.99
      vertex 102.385 41.6389 8.99
    endloop
  endfacet
  facet normal 0.772572 0.634927 0
    outer loop
      vertex 102.385 41.6389 3.99
      vertex 102.522 41.4722 8.99
      vertex 102.522 41.4722 3.99
    endloop
  endfacet
  facet normal -0.633692 0.773586 0
    outer loop
      vertex 104.078 41.4722 3.99
      vertex 103.911 41.3354 8.99
      vertex 104.078 41.4722 8.99
    endloop
  endfacet
  facet normal -0.633692 0.773586 0
    outer loop
      vertex 103.911 41.3354 8.99
      vertex 104.078 41.4722 3.99
      vertex 103.911 41.3354 3.99
    endloop
  endfacet
  facet normal 0.995246 0.0973913 0
    outer loop
      vertex 102.221 42.0354 8.99
      vertex 102.2 42.25 3.99
      vertex 102.2 42.25 8.99
    endloop
  endfacet
  facet normal 0.995246 0.0973913 0
    outer loop
      vertex 102.2 42.25 3.99
      vertex 102.221 42.0354 8.99
      vertex 102.221 42.0354 3.99
    endloop
  endfacet
  facet normal 0.0976703 0.995219 -0
    outer loop
      vertex 103.3 41.15 3.99
      vertex 103.085 41.1711 8.99
      vertex 103.3 41.15 8.99
    endloop
  endfacet
  facet normal 0.0976703 0.995219 0
    outer loop
      vertex 103.085 41.1711 8.99
      vertex 103.3 41.15 3.99
      vertex 103.085 41.1711 3.99
    endloop
  endfacet
  facet normal 0.290755 0.956798 -0
    outer loop
      vertex 103.085 41.1711 3.99
      vertex 102.879 41.2337 8.99
      vertex 103.085 41.1711 8.99
    endloop
  endfacet
  facet normal 0.290755 0.956798 0
    outer loop
      vertex 102.879 41.2337 8.99
      vertex 103.085 41.1711 3.99
      vertex 102.879 41.2337 3.99
    endloop
  endfacet
  facet normal -0.471117 0.882071 0
    outer loop
      vertex 158.052 25.9216 3
      vertex 157.533 25.6444 8.99
      vertex 158.052 25.9216 8.99
    endloop
  endfacet
  facet normal -0.471117 0.882071 0
    outer loop
      vertex 157.533 25.6444 8.99
      vertex 158.052 25.9216 3
      vertex 157.533 25.6444 3
    endloop
  endfacet
  facet normal 0.471117 0.882071 -0
    outer loop
      vertex 160.867 25.6444 3
      vertex 160.348 25.9216 8.99
      vertex 160.867 25.6444 8.99
    endloop
  endfacet
  facet normal 0.471117 0.882071 0
    outer loop
      vertex 160.348 25.9216 8.99
      vertex 160.867 25.6444 3
      vertex 160.348 25.9216 3
    endloop
  endfacet
  facet normal 0.957267 0.289205 0
    outer loop
      vertex 162.142 23.7353 8.99
      vertex 161.972 24.298 3.4
      vertex 161.972 24.298 8.99
    endloop
  endfacet
  facet normal 0.957267 0.289205 0
    outer loop
      vertex 161.972 24.298 3.4
      vertex 162.142 23.7353 8.99
      vertex 162.142 23.7353 3.4
    endloop
  endfacet
  facet normal 0.995126 0.0986115 0
    outer loop
      vertex 162.2 23.15 8.99
      vertex 162.142 23.7353 3.4
      vertex 162.142 23.7353 8.99
    endloop
  endfacet
  facet normal 0.995126 0.0986115 0
    outer loop
      vertex 162.142 23.7353 3.4
      vertex 162.2 23.15 8.99
      vertex 162.2 23.15 3.4
    endloop
  endfacet
  facet normal 0.868243 0.496139 0
    outer loop
      vertex 161.694 24.8167 8.99
      vertex 161.7 24.8062 3.4
      vertex 161.694 24.8167 3
    endloop
  endfacet
  facet normal 0.881392 0.472386 5.87284e-05
    outer loop
      vertex 161.972 24.298 8.99
      vertex 161.7 24.8062 3.4
      vertex 161.694 24.8167 8.99
    endloop
  endfacet
  facet normal 0.88166 0.471884 0
    outer loop
      vertex 161.7 24.8062 3.4
      vertex 161.972 24.298 8.99
      vertex 161.972 24.298 3.4
    endloop
  endfacet
  facet normal 0.868243 0.496139 0
    outer loop
      vertex 161.694 24.8167 3
      vertex 161.7 24.8062 3.4
      vertex 161.7 24.8062 3
    endloop
  endfacet
  facet normal 0.0979877 0.995188 -0
    outer loop
      vertex 159.785 26.0924 3
      vertex 159.2 26.15 8.99
      vertex 159.785 26.0924 8.99
    endloop
  endfacet
  facet normal 0.0979877 0.995188 0
    outer loop
      vertex 159.2 26.15 8.99
      vertex 159.785 26.0924 3
      vertex 159.2 26.15 3
    endloop
  endfacet
  facet normal 0.0979877 -0.995188 0
    outer loop
      vertex 159.2 20.15 3.4
      vertex 159.785 20.2076 8.99
      vertex 159.2 20.15 8.99
    endloop
  endfacet
  facet normal 0.0979877 -0.995188 0
    outer loop
      vertex 159.785 20.2076 8.99
      vertex 159.2 20.15 3.4
      vertex 159.785 20.2076 3.4
    endloop
  endfacet
  facet normal 0.290309 0.956933 -0
    outer loop
      vertex 160.348 25.9216 3
      vertex 159.785 26.0924 8.99
      vertex 160.348 25.9216 8.99
    endloop
  endfacet
  facet normal 0.290309 0.956933 0
    outer loop
      vertex 159.785 26.0924 8.99
      vertex 160.348 25.9216 3
      vertex 159.785 26.0924 3
    endloop
  endfacet
  facet normal 0.634914 0.772583 -0
    outer loop
      vertex 161.321 25.2713 3
      vertex 160.867 25.6444 8.99
      vertex 161.321 25.2713 8.99
    endloop
  endfacet
  facet normal 0.634914 0.772583 0
    outer loop
      vertex 160.867 25.6444 8.99
      vertex 161.321 25.2713 3
      vertex 160.867 25.6444 3
    endloop
  endfacet
  facet normal 0.773078 -0.634311 0
    outer loop
      vertex 161.321 21.0287 8.99
      vertex 161.694 21.4833 3
      vertex 161.694 21.4833 8.99
    endloop
  endfacet
  facet normal 0.773078 -0.634311 0
    outer loop
      vertex 161.694 21.4833 3
      vertex 161.321 21.0287 8.99
      vertex 161.321 21.0287 3
    endloop
  endfacet
  facet normal -0.634914 0.772583 0
    outer loop
      vertex 157.533 25.6444 3
      vertex 157.079 25.2713 8.99
      vertex 157.533 25.6444 8.99
    endloop
  endfacet
  facet normal -0.634914 0.772583 0
    outer loop
      vertex 157.079 25.2713 8.99
      vertex 157.533 25.6444 3
      vertex 157.079 25.2713 3
    endloop
  endfacet
  facet normal 0.471117 -0.882071 0
    outer loop
      vertex 160.348 20.3784 3.4
      vertex 160.867 20.6556 8.99
      vertex 160.348 20.3784 8.99
    endloop
  endfacet
  facet normal 0.471117 -0.882071 0
    outer loop
      vertex 160.867 20.6556 8.99
      vertex 160.348 20.3784 3.4
      vertex 160.867 20.6556 3.4
    endloop
  endfacet
  facet normal -0.881392 -0.472386 0
    outer loop
      vertex 156.706 21.4833 3
      vertex 156.428 22.002 8.99
      vertex 156.428 22.002 3
    endloop
  endfacet
  facet normal -0.881392 -0.472386 0
    outer loop
      vertex 156.428 22.002 8.99
      vertex 156.706 21.4833 3
      vertex 156.706 21.4833 8.99
    endloop
  endfacet
  facet normal 0.995126 -0.0986115 0
    outer loop
      vertex 162.142 22.5647 8.99
      vertex 162.2 23.15 3.4
      vertex 162.2 23.15 8.99
    endloop
  endfacet
  facet normal 0.995126 -0.0986115 0
    outer loop
      vertex 162.2 23.15 3.4
      vertex 162.142 22.5647 8.99
      vertex 162.142 22.5647 3.4
    endloop
  endfacet
  facet normal -0.290309 0.956933 0
    outer loop
      vertex 158.615 26.0924 3
      vertex 158.052 25.9216 8.99
      vertex 158.615 26.0924 8.99
    endloop
  endfacet
  facet normal -0.290309 0.956933 0
    outer loop
      vertex 158.052 25.9216 8.99
      vertex 158.615 26.0924 3
      vertex 158.052 25.9216 3
    endloop
  endfacet
  facet normal -0.0979877 -0.995188 0
    outer loop
      vertex 158.615 20.2076 3.4
      vertex 159.2 20.15 8.99
      vertex 158.615 20.2076 8.99
    endloop
  endfacet
  facet normal -0.0979877 -0.995188 -0
    outer loop
      vertex 159.2 20.15 8.99
      vertex 158.615 20.2076 3.4
      vertex 159.2 20.15 3.4
    endloop
  endfacet
  facet normal -0.881392 0.472386 0
    outer loop
      vertex 156.428 24.298 3
      vertex 156.706 24.8167 8.99
      vertex 156.706 24.8167 3
    endloop
  endfacet
  facet normal -0.881392 0.472386 0
    outer loop
      vertex 156.706 24.8167 8.99
      vertex 156.428 24.298 3
      vertex 156.428 24.298 8.99
    endloop
  endfacet
  facet normal 0.290309 -0.956933 0
    outer loop
      vertex 159.785 20.2076 3.4
      vertex 160.348 20.3784 8.99
      vertex 159.785 20.2076 8.99
    endloop
  endfacet
  facet normal 0.290309 -0.956933 0
    outer loop
      vertex 160.348 20.3784 8.99
      vertex 159.785 20.2076 3.4
      vertex 160.348 20.3784 3.4
    endloop
  endfacet
  facet normal 0 0 1
    outer loop
      vertex 160.3 23.15 8.99
      vertex 162.2 23.15 8.99
      vertex 162.142 23.7353 8.99
    endloop
  endfacet
  facet normal 0 0 1
    outer loop
      vertex 160.279 23.3646 8.99
      vertex 162.142 23.7353 8.99
      vertex 161.972 24.298 8.99
    endloop
  endfacet
  facet normal 0 0 1
    outer loop
      vertex 162.2 23.15 8.99
      vertex 160.3 23.15 8.99
      vertex 162.142 22.5647 8.99
    endloop
  endfacet
  facet normal 0 0 1
    outer loop
      vertex 160.216 23.571 8.99
      vertex 161.972 24.298 8.99
      vertex 161.694 24.8167 8.99
    endloop
  endfacet
  facet normal -0 0 1
    outer loop
      vertex 160.279 22.9354 8.99
      vertex 162.142 22.5647 8.99
      vertex 160.3 23.15 8.99
    endloop
  endfacet
  facet normal 0 0 1
    outer loop
      vertex 160.115 23.7611 8.99
      vertex 161.694 24.8167 8.99
      vertex 161.321 25.2713 8.99
    endloop
  endfacet
  facet normal 0 0 1
    outer loop
      vertex 162.142 22.5647 8.99
      vertex 160.279 22.9354 8.99
      vertex 161.972 22.002 8.99
    endloop
  endfacet
  facet normal 0 0 1
    outer loop
      vertex 159.978 23.9278 8.99
      vertex 161.321 25.2713 8.99
      vertex 160.867 25.6444 8.99
    endloop
  endfacet
  facet normal -0 0 1
    outer loop
      vertex 160.216 22.729 8.99
      vertex 161.972 22.002 8.99
      vertex 160.279 22.9354 8.99
    endloop
  endfacet
  facet normal 0 0 1
    outer loop
      vertex 159.811 24.0646 8.99
      vertex 160.867 25.6444 8.99
      vertex 160.348 25.9216 8.99
    endloop
  endfacet
  facet normal 0 0 1
    outer loop
      vertex 161.972 22.002 8.99
      vertex 160.216 22.729 8.99
      vertex 161.694 21.4833 8.99
    endloop
  endfacet
  facet normal -0 0 1
    outer loop
      vertex 160.115 22.5389 8.99
      vertex 161.694 21.4833 8.99
      vertex 160.216 22.729 8.99
    endloop
  endfacet
  facet normal 0 0 1
    outer loop
      vertex 162.142 23.7353 8.99
      vertex 160.279 23.3646 8.99
      vertex 160.3 23.15 8.99
    endloop
  endfacet
  facet normal 0 0 1
    outer loop
      vertex 161.972 24.298 8.99
      vertex 160.216 23.571 8.99
      vertex 160.279 23.3646 8.99
    endloop
  endfacet
  facet normal 0 0 1
    outer loop
      vertex 161.694 24.8167 8.99
      vertex 160.115 23.7611 8.99
      vertex 160.216 23.571 8.99
    endloop
  endfacet
  facet normal 0 0 1
    outer loop
      vertex 161.321 25.2713 8.99
      vertex 159.978 23.9278 8.99
      vertex 160.115 23.7611 8.99
    endloop
  endfacet
  facet normal 0 0 1
    outer loop
      vertex 160.867 25.6444 8.99
      vertex 159.811 24.0646 8.99
      vertex 159.978 23.9278 8.99
    endloop
  endfacet
  facet normal 0 0 1
    outer loop
      vertex 159.621 24.1663 8.99
      vertex 160.348 25.9216 8.99
      vertex 159.785 26.0924 8.99
    endloop
  endfacet
  facet normal 0 0 1
    outer loop
      vertex 160.348 25.9216 8.99
      vertex 159.621 24.1663 8.99
      vertex 159.811 24.0646 8.99
    endloop
  endfacet
  facet normal 0 0 1
    outer loop
      vertex 159.785 26.0924 8.99
      vertex 159.415 24.2289 8.99
      vertex 159.621 24.1663 8.99
    endloop
  endfacet
  facet normal 0 0 1
    outer loop
      vertex 159.2 26.15 8.99
      vertex 159.415 24.2289 8.99
      vertex 159.785 26.0924 8.99
    endloop
  endfacet
  facet normal 0 0 1
    outer loop
      vertex 159.2 26.15 8.99
      vertex 159.2 24.25 8.99
      vertex 159.415 24.2289 8.99
    endloop
  endfacet
  facet normal 0 0 1
    outer loop
      vertex 159.2 26.15 8.99
      vertex 158.985 24.2289 8.99
      vertex 159.2 24.25 8.99
    endloop
  endfacet
  facet normal -0 0 1
    outer loop
      vertex 158.615 26.0924 8.99
      vertex 158.985 24.2289 8.99
      vertex 159.2 26.15 8.99
    endloop
  endfacet
  facet normal 0 0 1
    outer loop
      vertex 158.985 24.2289 8.99
      vertex 158.615 26.0924 8.99
      vertex 158.779 24.1663 8.99
    endloop
  endfacet
  facet normal -0 0 1
    outer loop
      vertex 158.052 25.9216 8.99
      vertex 158.779 24.1663 8.99
      vertex 158.615 26.0924 8.99
    endloop
  endfacet
  facet normal 0 0 1
    outer loop
      vertex 158.779 24.1663 8.99
      vertex 158.052 25.9216 8.99
      vertex 158.589 24.0646 8.99
    endloop
  endfacet
  facet normal -0 0 1
    outer loop
      vertex 157.533 25.6444 8.99
      vertex 158.589 24.0646 8.99
      vertex 158.052 25.9216 8.99
    endloop
  endfacet
  facet normal 0 0 1
    outer loop
      vertex 158.589 24.0646 8.99
      vertex 157.533 25.6444 8.99
      vertex 158.422 23.9278 8.99
    endloop
  endfacet
  facet normal -0 0 1
    outer loop
      vertex 157.079 25.2713 8.99
      vertex 158.422 23.9278 8.99
      vertex 157.533 25.6444 8.99
    endloop
  endfacet
  facet normal -0 0 1
    outer loop
      vertex 156.706 24.8167 8.99
      vertex 158.285 23.7611 8.99
      vertex 157.079 25.2713 8.99
    endloop
  endfacet
  facet normal 0 0 1
    outer loop
      vertex 158.422 23.9278 8.99
      vertex 157.079 25.2713 8.99
      vertex 158.285 23.7611 8.99
    endloop
  endfacet
  facet normal 0 0 1
    outer loop
      vertex 161.694 21.4833 8.99
      vertex 160.115 22.5389 8.99
      vertex 161.321 21.0287 8.99
    endloop
  endfacet
  facet normal -0 0 1
    outer loop
      vertex 159.978 22.3722 8.99
      vertex 161.321 21.0287 8.99
      vertex 160.115 22.5389 8.99
    endloop
  endfacet
  facet normal 0 0 1
    outer loop
      vertex 161.321 21.0287 8.99
      vertex 159.978 22.3722 8.99
      vertex 160.867 20.6556 8.99
    endloop
  endfacet
  facet normal -0 0 1
    outer loop
      vertex 159.811 22.2354 8.99
      vertex 160.867 20.6556 8.99
      vertex 159.978 22.3722 8.99
    endloop
  endfacet
  facet normal 0 0 1
    outer loop
      vertex 160.867 20.6556 8.99
      vertex 159.811 22.2354 8.99
      vertex 160.348 20.3784 8.99
    endloop
  endfacet
  facet normal -0 0 1
    outer loop
      vertex 159.621 22.1337 8.99
      vertex 160.348 20.3784 8.99
      vertex 159.811 22.2354 8.99
    endloop
  endfacet
  facet normal 0 0 1
    outer loop
      vertex 160.348 20.3784 8.99
      vertex 159.621 22.1337 8.99
      vertex 159.785 20.2076 8.99
    endloop
  endfacet
  facet normal -0 0 1
    outer loop
      vertex 159.415 22.0711 8.99
      vertex 159.785 20.2076 8.99
      vertex 159.621 22.1337 8.99
    endloop
  endfacet
  facet normal -0 0 1
    outer loop
      vertex 159.2 22.05 8.99
      vertex 159.785 20.2076 8.99
      vertex 159.415 22.0711 8.99
    endloop
  endfacet
  facet normal 0 0 1
    outer loop
      vertex 159.2 22.05 8.99
      vertex 159.2 20.15 8.99
      vertex 159.785 20.2076 8.99
    endloop
  endfacet
  facet normal 0 0 1
    outer loop
      vertex 158.985 22.0711 8.99
      vertex 159.2 20.15 8.99
      vertex 159.2 22.05 8.99
    endloop
  endfacet
  facet normal 0 0 1
    outer loop
      vertex 158.615 20.2076 8.99
      vertex 158.985 22.0711 8.99
      vertex 158.779 22.1337 8.99
    endloop
  endfacet
  facet normal 0 0 1
    outer loop
      vertex 158.985 22.0711 8.99
      vertex 158.615 20.2076 8.99
      vertex 159.2 20.15 8.99
    endloop
  endfacet
  facet normal 0 0 1
    outer loop
      vertex 158.052 20.3784 8.99
      vertex 158.779 22.1337 8.99
      vertex 158.589 22.2354 8.99
    endloop
  endfacet
  facet normal 0 0 1
    outer loop
      vertex 157.533 20.6556 8.99
      vertex 158.589 22.2354 8.99
      vertex 158.422 22.3722 8.99
    endloop
  endfacet
  facet normal 0 0 1
    outer loop
      vertex 157.079 21.0287 8.99
      vertex 158.422 22.3722 8.99
      vertex 158.285 22.5389 8.99
    endloop
  endfacet
  facet normal 0 0 1
    outer loop
      vertex 156.706 21.4833 8.99
      vertex 158.285 22.5389 8.99
      vertex 158.184 22.729 8.99
    endloop
  endfacet
  facet normal 0 0 1
    outer loop
      vertex 156.428 22.002 8.99
      vertex 158.184 22.729 8.99
      vertex 158.121 22.9354 8.99
    endloop
  endfacet
  facet normal 0 0 1
    outer loop
      vertex 158.779 22.1337 8.99
      vertex 158.052 20.3784 8.99
      vertex 158.615 20.2076 8.99
    endloop
  endfacet
  facet normal 0 0 1
    outer loop
      vertex 156.258 22.5647 8.99
      vertex 158.121 22.9354 8.99
      vertex 158.1 23.15 8.99
    endloop
  endfacet
  facet normal 0 0 1
    outer loop
      vertex 158.285 23.7611 8.99
      vertex 156.706 24.8167 8.99
      vertex 158.184 23.571 8.99
    endloop
  endfacet
  facet normal -0 0 1
    outer loop
      vertex 156.428 24.298 8.99
      vertex 158.184 23.571 8.99
      vertex 156.706 24.8167 8.99
    endloop
  endfacet
  facet normal 0 0 1
    outer loop
      vertex 158.589 22.2354 8.99
      vertex 157.533 20.6556 8.99
      vertex 158.052 20.3784 8.99
    endloop
  endfacet
  facet normal 0 0 1
    outer loop
      vertex 158.184 23.571 8.99
      vertex 156.428 24.298 8.99
      vertex 158.121 23.3646 8.99
    endloop
  endfacet
  facet normal 0 0 1
    outer loop
      vertex 158.422 22.3722 8.99
      vertex 157.079 21.0287 8.99
      vertex 157.533 20.6556 8.99
    endloop
  endfacet
  facet normal -0 0 1
    outer loop
      vertex 156.258 23.7353 8.99
      vertex 158.121 23.3646 8.99
      vertex 156.428 24.298 8.99
    endloop
  endfacet
  facet normal 0 0 1
    outer loop
      vertex 158.285 22.5389 8.99
      vertex 156.706 21.4833 8.99
      vertex 157.079 21.0287 8.99
    endloop
  endfacet
  facet normal 0 0 1
    outer loop
      vertex 158.121 23.3646 8.99
      vertex 156.258 23.7353 8.99
      vertex 158.1 23.15 8.99
    endloop
  endfacet
  facet normal 0 0 1
    outer loop
      vertex 158.184 22.729 8.99
      vertex 156.428 22.002 8.99
      vertex 156.706 21.4833 8.99
    endloop
  endfacet
  facet normal 0 0 1
    outer loop
      vertex 156.2 23.15 8.99
      vertex 158.1 23.15 8.99
      vertex 156.258 23.7353 8.99
    endloop
  endfacet
  facet normal 0 0 1
    outer loop
      vertex 158.121 22.9354 8.99
      vertex 156.258 22.5647 8.99
      vertex 156.428 22.002 8.99
    endloop
  endfacet
  facet normal 0 0 1
    outer loop
      vertex 158.1 23.15 8.99
      vertex 156.2 23.15 8.99
      vertex 156.258 22.5647 8.99
    endloop
  endfacet
  facet normal -0.290309 -0.956933 0
    outer loop
      vertex 158.052 20.3784 3.4
      vertex 158.615 20.2076 8.99
      vertex 158.052 20.3784 8.99
    endloop
  endfacet
  facet normal -0.290309 -0.956933 -0
    outer loop
      vertex 158.615 20.2076 8.99
      vertex 158.052 20.3784 3.4
      vertex 158.615 20.2076 3.4
    endloop
  endfacet
  facet normal 0.957267 -0.289205 0
    outer loop
      vertex 161.972 22.002 8.99
      vertex 162.142 22.5647 3.4
      vertex 162.142 22.5647 8.99
    endloop
  endfacet
  facet normal 0.957267 -0.289205 0
    outer loop
      vertex 162.142 22.5647 3.4
      vertex 161.972 22.002 8.99
      vertex 161.972 22.002 3.4
    endloop
  endfacet
  facet normal 0.773078 0.634311 0
    outer loop
      vertex 161.694 24.8167 8.99
      vertex 161.321 25.2713 3
      vertex 161.321 25.2713 8.99
    endloop
  endfacet
  facet normal 0.773078 0.634311 0
    outer loop
      vertex 161.321 25.2713 3
      vertex 161.694 24.8167 8.99
      vertex 161.694 24.8167 3
    endloop
  endfacet
  facet normal -0.995126 0.0986115 0
    outer loop
      vertex 156.2 23.15 3
      vertex 156.258 23.7353 8.99
      vertex 156.258 23.7353 3
    endloop
  endfacet
  facet normal -0.995126 0.0986115 0
    outer loop
      vertex 156.258 23.7353 8.99
      vertex 156.2 23.15 3
      vertex 156.2 23.15 8.99
    endloop
  endfacet
  facet normal 0.63429 -0.773095 0
    outer loop
      vertex 161.043 20.8 3.4
      vertex 160.867 20.6556 8.99
      vertex 160.867 20.6556 3.4
    endloop
  endfacet
  facet normal 0.634914 -0.772583 3.28777e-05
    outer loop
      vertex 160.867 20.6556 8.99
      vertex 161.043 20.8 3.4
      vertex 161.321 21.0287 8.99
    endloop
  endfacet
  facet normal 0.635308 -0.772259 0
    outer loop
      vertex 161.321 21.0287 3
      vertex 161.043 20.8 3.4
      vertex 161.043 20.8 3
    endloop
  endfacet
  facet normal 0.635308 -0.772259 0
    outer loop
      vertex 161.043 20.8 3.4
      vertex 161.321 21.0287 3
      vertex 161.321 21.0287 8.99
    endloop
  endfacet
  facet normal -0.634914 -0.772583 3.28777e-05
    outer loop
      vertex 157.079 21.0287 8.99
      vertex 157.357 20.8 3.4
      vertex 157.533 20.6556 8.99
    endloop
  endfacet
  facet normal -0.635308 -0.772259 0
    outer loop
      vertex 157.079 21.0287 3
      vertex 157.357 20.8 3.4
      vertex 157.079 21.0287 8.99
    endloop
  endfacet
  facet normal -0.635308 -0.772259 -0
    outer loop
      vertex 157.357 20.8 3.4
      vertex 157.079 21.0287 3
      vertex 157.357 20.8 3
    endloop
  endfacet
  facet normal -0.63429 -0.773095 -0
    outer loop
      vertex 157.533 20.6556 8.99
      vertex 157.357 20.8 3.4
      vertex 157.533 20.6556 3.4
    endloop
  endfacet
  facet normal -0.0979877 0.995188 0
    outer loop
      vertex 159.2 26.15 3
      vertex 158.615 26.0924 8.99
      vertex 159.2 26.15 8.99
    endloop
  endfacet
  facet normal -0.0979877 0.995188 0
    outer loop
      vertex 158.615 26.0924 8.99
      vertex 159.2 26.15 3
      vertex 158.615 26.0924 3
    endloop
  endfacet
  facet normal 0.881699 -0.471812 0
    outer loop
      vertex 161.972 22.002 8.99
      vertex 161.7 21.4937 3.4
      vertex 161.972 22.002 3.4
    endloop
  endfacet
  facet normal 0.881392 -0.472386 6.71789e-05
    outer loop
      vertex 161.694 21.4833 8.99
      vertex 161.7 21.4937 3.4
      vertex 161.972 22.002 8.99
    endloop
  endfacet
  facet normal 0.866186 -0.499722 0
    outer loop
      vertex 161.694 21.4833 3
      vertex 161.7 21.4937 3.4
      vertex 161.694 21.4833 8.99
    endloop
  endfacet
  facet normal 0.866186 -0.499722 0
    outer loop
      vertex 161.7 21.4937 3.4
      vertex 161.694 21.4833 3
      vertex 161.7 21.4937 3
    endloop
  endfacet
  facet normal -0.957267 -0.289205 0
    outer loop
      vertex 156.428 22.002 3
      vertex 156.258 22.5647 8.99
      vertex 156.258 22.5647 3
    endloop
  endfacet
  facet normal -0.957267 -0.289205 0
    outer loop
      vertex 156.258 22.5647 8.99
      vertex 156.428 22.002 3
      vertex 156.428 22.002 8.99
    endloop
  endfacet
  facet normal -0.995126 -0.0986115 0
    outer loop
      vertex 156.258 22.5647 3
      vertex 156.2 23.15 8.99
      vertex 156.2 23.15 3
    endloop
  endfacet
  facet normal -0.995126 -0.0986115 0
    outer loop
      vertex 156.2 23.15 8.99
      vertex 156.258 22.5647 3
      vertex 156.258 22.5647 8.99
    endloop
  endfacet
  facet normal -0.773078 -0.634311 0
    outer loop
      vertex 157.079 21.0287 3
      vertex 156.706 21.4833 8.99
      vertex 156.706 21.4833 3
    endloop
  endfacet
  facet normal -0.773078 -0.634311 0
    outer loop
      vertex 156.706 21.4833 8.99
      vertex 157.079 21.0287 3
      vertex 157.079 21.0287 8.99
    endloop
  endfacet
  facet normal -0.773078 0.634311 0
    outer loop
      vertex 156.706 24.8167 3
      vertex 157.079 25.2713 8.99
      vertex 157.079 25.2713 3
    endloop
  endfacet
  facet normal -0.773078 0.634311 0
    outer loop
      vertex 157.079 25.2713 8.99
      vertex 156.706 24.8167 3
      vertex 156.706 24.8167 8.99
    endloop
  endfacet
  facet normal -0.957267 0.289205 0
    outer loop
      vertex 156.258 23.7353 3
      vertex 156.428 24.298 8.99
      vertex 156.428 24.298 3
    endloop
  endfacet
  facet normal -0.957267 0.289205 0
    outer loop
      vertex 156.428 24.298 8.99
      vertex 156.258 23.7353 3
      vertex 156.258 23.7353 8.99
    endloop
  endfacet
  facet normal -0.471117 -0.882071 0
    outer loop
      vertex 157.533 20.6556 3.4
      vertex 158.052 20.3784 8.99
      vertex 157.533 20.6556 8.99
    endloop
  endfacet
  facet normal -0.471117 -0.882071 -0
    outer loop
      vertex 158.052 20.3784 8.99
      vertex 157.533 20.6556 3.4
      vertex 158.052 20.3784 3.4
    endloop
  endfacet
  facet normal 0.471912 0.881645 -0
    outer loop
      vertex 158.779 22.1337 3.99
      vertex 158.589 22.2354 8.99
      vertex 158.779 22.1337 8.99
    endloop
  endfacet
  facet normal 0.471912 0.881645 0
    outer loop
      vertex 158.589 22.2354 8.99
      vertex 158.779 22.1337 3.99
      vertex 158.589 22.2354 3.99
    endloop
  endfacet
  facet normal -0.956438 -0.291936 0
    outer loop
      vertex 160.279 23.3646 3.99
      vertex 160.216 23.571 8.99
      vertex 160.216 23.571 3.99
    endloop
  endfacet
  facet normal -0.956438 -0.291936 0
    outer loop
      vertex 160.216 23.571 8.99
      vertex 160.279 23.3646 3.99
      vertex 160.279 23.3646 8.99
    endloop
  endfacet
  facet normal -0.995246 -0.0973913 0
    outer loop
      vertex 160.3 23.15 3.99
      vertex 160.279 23.3646 8.99
      vertex 160.279 23.3646 3.99
    endloop
  endfacet
  facet normal -0.995246 -0.0973913 0
    outer loop
      vertex 160.279 23.3646 8.99
      vertex 160.3 23.15 3.99
      vertex 160.3 23.15 8.99
    endloop
  endfacet
  facet normal -0.883098 -0.469189 0
    outer loop
      vertex 160.216 23.571 3.99
      vertex 160.115 23.7611 8.99
      vertex 160.115 23.7611 3.99
    endloop
  endfacet
  facet normal -0.883098 -0.469189 0
    outer loop
      vertex 160.115 23.7611 8.99
      vertex 160.216 23.571 3.99
      vertex 160.216 23.571 8.99
    endloop
  endfacet
  facet normal -0.471912 -0.881645 0
    outer loop
      vertex 159.621 24.1663 3.99
      vertex 159.811 24.0646 8.99
      vertex 159.621 24.1663 8.99
    endloop
  endfacet
  facet normal -0.471912 -0.881645 -0
    outer loop
      vertex 159.811 24.0646 8.99
      vertex 159.621 24.1663 3.99
      vertex 159.811 24.0646 3.99
    endloop
  endfacet
  facet normal 0.956438 0.291936 0
    outer loop
      vertex 158.184 22.729 8.99
      vertex 158.121 22.9354 3.99
      vertex 158.121 22.9354 8.99
    endloop
  endfacet
  facet normal 0.956438 0.291936 0
    outer loop
      vertex 158.121 22.9354 3.99
      vertex 158.184 22.729 8.99
      vertex 158.184 22.729 3.99
    endloop
  endfacet
  facet normal -0.471912 0.881645 0
    outer loop
      vertex 159.811 22.2354 3.99
      vertex 159.621 22.1337 8.99
      vertex 159.811 22.2354 8.99
    endloop
  endfacet
  facet normal -0.471912 0.881645 0
    outer loop
      vertex 159.621 22.1337 8.99
      vertex 159.811 22.2354 3.99
      vertex 159.621 22.1337 3.99
    endloop
  endfacet
  facet normal -0.772572 -0.634927 0
    outer loop
      vertex 160.115 23.7611 3.99
      vertex 159.978 23.9278 8.99
      vertex 159.978 23.9278 3.99
    endloop
  endfacet
  facet normal -0.772572 -0.634927 0
    outer loop
      vertex 159.978 23.9278 8.99
      vertex 160.115 23.7611 3.99
      vertex 160.115 23.7611 8.99
    endloop
  endfacet
  facet normal -0.290755 -0.956798 0
    outer loop
      vertex 159.415 24.2289 3.99
      vertex 159.621 24.1663 8.99
      vertex 159.415 24.2289 8.99
    endloop
  endfacet
  facet normal -0.290755 -0.956798 -0
    outer loop
      vertex 159.621 24.1663 8.99
      vertex 159.415 24.2289 3.99
      vertex 159.621 24.1663 3.99
    endloop
  endfacet
  facet normal 0.471912 -0.881645 0
    outer loop
      vertex 158.589 24.0646 3.99
      vertex 158.779 24.1663 8.99
      vertex 158.589 24.0646 8.99
    endloop
  endfacet
  facet normal 0.471912 -0.881645 0
    outer loop
      vertex 158.779 24.1663 8.99
      vertex 158.589 24.0646 3.99
      vertex 158.779 24.1663 3.99
    endloop
  endfacet
  facet normal 0.883098 0.469189 0
    outer loop
      vertex 158.285 22.5389 8.99
      vertex 158.184 22.729 3.99
      vertex 158.184 22.729 8.99
    endloop
  endfacet
  facet normal 0.883098 0.469189 0
    outer loop
      vertex 158.184 22.729 3.99
      vertex 158.285 22.5389 8.99
      vertex 158.285 22.5389 3.99
    endloop
  endfacet
  facet normal -0.0976703 -0.995219 0
    outer loop
      vertex 159.2 24.25 3.99
      vertex 159.415 24.2289 8.99
      vertex 159.2 24.25 8.99
    endloop
  endfacet
  facet normal -0.0976703 -0.995219 -0
    outer loop
      vertex 159.415 24.2289 8.99
      vertex 159.2 24.25 3.99
      vertex 159.415 24.2289 3.99
    endloop
  endfacet
  facet normal -0.290755 0.956798 0
    outer loop
      vertex 159.621 22.1337 3.99
      vertex 159.415 22.0711 8.99
      vertex 159.621 22.1337 8.99
    endloop
  endfacet
  facet normal -0.290755 0.956798 0
    outer loop
      vertex 159.415 22.0711 8.99
      vertex 159.621 22.1337 3.99
      vertex 159.415 22.0711 3.99
    endloop
  endfacet
  facet normal 0.995246 -0.0973913 0
    outer loop
      vertex 158.1 23.15 8.99
      vertex 158.121 23.3646 3.99
      vertex 158.121 23.3646 8.99
    endloop
  endfacet
  facet normal 0.995246 -0.0973913 0
    outer loop
      vertex 158.121 23.3646 3.99
      vertex 158.1 23.15 8.99
      vertex 158.1 23.15 3.99
    endloop
  endfacet
  facet normal -0.883098 0.469189 0
    outer loop
      vertex 160.115 22.5389 3.99
      vertex 160.216 22.729 8.99
      vertex 160.216 22.729 3.99
    endloop
  endfacet
  facet normal -0.883098 0.469189 0
    outer loop
      vertex 160.216 22.729 8.99
      vertex 160.115 22.5389 3.99
      vertex 160.115 22.5389 8.99
    endloop
  endfacet
  facet normal -0.772572 0.634927 0
    outer loop
      vertex 159.978 22.3722 3.99
      vertex 160.115 22.5389 8.99
      vertex 160.115 22.5389 3.99
    endloop
  endfacet
  facet normal -0.772572 0.634927 0
    outer loop
      vertex 160.115 22.5389 8.99
      vertex 159.978 22.3722 3.99
      vertex 159.978 22.3722 8.99
    endloop
  endfacet
  facet normal 0.633692 -0.773586 0
    outer loop
      vertex 158.422 23.9278 3.99
      vertex 158.589 24.0646 8.99
      vertex 158.422 23.9278 8.99
    endloop
  endfacet
  facet normal 0.633692 -0.773586 0
    outer loop
      vertex 158.589 24.0646 8.99
      vertex 158.422 23.9278 3.99
      vertex 158.589 24.0646 3.99
    endloop
  endfacet
  facet normal 0 0 1
    outer loop
      vertex 160.279 23.3646 3.99
      vertex 160.279 22.9354 3.99
      vertex 160.3 23.15 3.99
    endloop
  endfacet
  facet normal 0 0 1
    outer loop
      vertex 160.216 23.571 3.99
      vertex 160.279 22.9354 3.99
      vertex 160.279 23.3646 3.99
    endloop
  endfacet
  facet normal 0 0 1
    outer loop
      vertex 160.216 23.571 3.99
      vertex 160.216 22.729 3.99
      vertex 160.279 22.9354 3.99
    endloop
  endfacet
  facet normal 0 0 1
    outer loop
      vertex 160.115 23.7611 3.99
      vertex 160.216 22.729 3.99
      vertex 160.216 23.571 3.99
    endloop
  endfacet
  facet normal 0 0 1
    outer loop
      vertex 160.115 23.7611 3.99
      vertex 160.115 22.5389 3.99
      vertex 160.216 22.729 3.99
    endloop
  endfacet
  facet normal 0 0 1
    outer loop
      vertex 159.978 23.9278 3.99
      vertex 160.115 22.5389 3.99
      vertex 160.115 23.7611 3.99
    endloop
  endfacet
  facet normal 0 0 1
    outer loop
      vertex 159.978 23.9278 3.99
      vertex 159.978 22.3722 3.99
      vertex 160.115 22.5389 3.99
    endloop
  endfacet
  facet normal 0 0 1
    outer loop
      vertex 159.811 24.0646 3.99
      vertex 159.978 22.3722 3.99
      vertex 159.978 23.9278 3.99
    endloop
  endfacet
  facet normal 0 0 1
    outer loop
      vertex 159.811 24.0646 3.99
      vertex 159.811 22.2354 3.99
      vertex 159.978 22.3722 3.99
    endloop
  endfacet
  facet normal 0 0 1
    outer loop
      vertex 159.621 24.1663 3.99
      vertex 159.811 22.2354 3.99
      vertex 159.811 24.0646 3.99
    endloop
  endfacet
  facet normal 0 0 1
    outer loop
      vertex 159.621 24.1663 3.99
      vertex 159.621 22.1337 3.99
      vertex 159.811 22.2354 3.99
    endloop
  endfacet
  facet normal 0 0 1
    outer loop
      vertex 159.415 24.2289 3.99
      vertex 159.621 22.1337 3.99
      vertex 159.621 24.1663 3.99
    endloop
  endfacet
  facet normal 0 0 1
    outer loop
      vertex 159.415 24.2289 3.99
      vertex 159.415 22.0711 3.99
      vertex 159.621 22.1337 3.99
    endloop
  endfacet
  facet normal 0 0 1
    outer loop
      vertex 159.2 24.25 3.99
      vertex 159.415 22.0711 3.99
      vertex 159.415 24.2289 3.99
    endloop
  endfacet
  facet normal 0 0 1
    outer loop
      vertex 159.2 24.25 3.99
      vertex 159.2 22.05 3.99
      vertex 159.415 22.0711 3.99
    endloop
  endfacet
  facet normal -0 0 1
    outer loop
      vertex 158.985 24.2289 3.99
      vertex 159.2 22.05 3.99
      vertex 159.2 24.25 3.99
    endloop
  endfacet
  facet normal 0 0 1
    outer loop
      vertex 158.985 24.2289 3.99
      vertex 158.985 22.0711 3.99
      vertex 159.2 22.05 3.99
    endloop
  endfacet
  facet normal -0 0 1
    outer loop
      vertex 158.779 24.1663 3.99
      vertex 158.985 22.0711 3.99
      vertex 158.985 24.2289 3.99
    endloop
  endfacet
  facet normal 0 0 1
    outer loop
      vertex 158.779 24.1663 3.99
      vertex 158.779 22.1337 3.99
      vertex 158.985 22.0711 3.99
    endloop
  endfacet
  facet normal -0 0 1
    outer loop
      vertex 158.589 24.0646 3.99
      vertex 158.779 22.1337 3.99
      vertex 158.779 24.1663 3.99
    endloop
  endfacet
  facet normal 0 0 1
    outer loop
      vertex 158.589 24.0646 3.99
      vertex 158.589 22.2354 3.99
      vertex 158.779 22.1337 3.99
    endloop
  endfacet
  facet normal -0 0 1
    outer loop
      vertex 158.422 23.9278 3.99
      vertex 158.589 22.2354 3.99
      vertex 158.589 24.0646 3.99
    endloop
  endfacet
  facet normal 0 0 1
    outer loop
      vertex 158.422 23.9278 3.99
      vertex 158.422 22.3722 3.99
      vertex 158.589 22.2354 3.99
    endloop
  endfacet
  facet normal -0 0 1
    outer loop
      vertex 158.285 23.7611 3.99
      vertex 158.422 22.3722 3.99
      vertex 158.422 23.9278 3.99
    endloop
  endfacet
  facet normal 0 0 1
    outer loop
      vertex 158.285 23.7611 3.99
      vertex 158.285 22.5389 3.99
      vertex 158.422 22.3722 3.99
    endloop
  endfacet
  facet normal -0 0 1
    outer loop
      vertex 158.184 23.571 3.99
      vertex 158.285 22.5389 3.99
      vertex 158.285 23.7611 3.99
    endloop
  endfacet
  facet normal 0 0 1
    outer loop
      vertex 158.184 23.571 3.99
      vertex 158.184 22.729 3.99
      vertex 158.285 22.5389 3.99
    endloop
  endfacet
  facet normal -0 0 1
    outer loop
      vertex 158.121 23.3646 3.99
      vertex 158.184 22.729 3.99
      vertex 158.184 23.571 3.99
    endloop
  endfacet
  facet normal 0 0 1
    outer loop
      vertex 158.121 23.3646 3.99
      vertex 158.121 22.9354 3.99
      vertex 158.184 22.729 3.99
    endloop
  endfacet
  facet normal 0 -0 1
    outer loop
      vertex 158.121 22.9354 3.99
      vertex 158.121 23.3646 3.99
      vertex 158.1 23.15 3.99
    endloop
  endfacet
  facet normal 0.290755 -0.956798 0
    outer loop
      vertex 158.779 24.1663 3.99
      vertex 158.985 24.2289 8.99
      vertex 158.779 24.1663 8.99
    endloop
  endfacet
  facet normal 0.290755 -0.956798 0
    outer loop
      vertex 158.985 24.2289 8.99
      vertex 158.779 24.1663 3.99
      vertex 158.985 24.2289 3.99
    endloop
  endfacet
  facet normal -0.633692 -0.773586 0
    outer loop
      vertex 159.811 24.0646 3.99
      vertex 159.978 23.9278 8.99
      vertex 159.811 24.0646 8.99
    endloop
  endfacet
  facet normal -0.633692 -0.773586 -0
    outer loop
      vertex 159.978 23.9278 8.99
      vertex 159.811 24.0646 3.99
      vertex 159.978 23.9278 3.99
    endloop
  endfacet
  facet normal 0.883098 -0.469189 0
    outer loop
      vertex 158.184 23.571 8.99
      vertex 158.285 23.7611 3.99
      vertex 158.285 23.7611 8.99
    endloop
  endfacet
  facet normal 0.883098 -0.469189 0
    outer loop
      vertex 158.285 23.7611 3.99
      vertex 158.184 23.571 8.99
      vertex 158.184 23.571 3.99
    endloop
  endfacet
  facet normal -0.0976703 0.995219 0
    outer loop
      vertex 159.415 22.0711 3.99
      vertex 159.2 22.05 8.99
      vertex 159.415 22.0711 8.99
    endloop
  endfacet
  facet normal -0.0976703 0.995219 0
    outer loop
      vertex 159.2 22.05 8.99
      vertex 159.415 22.0711 3.99
      vertex 159.2 22.05 3.99
    endloop
  endfacet
  facet normal 0.633692 0.773586 -0
    outer loop
      vertex 158.589 22.2354 3.99
      vertex 158.422 22.3722 8.99
      vertex 158.589 22.2354 8.99
    endloop
  endfacet
  facet normal 0.633692 0.773586 0
    outer loop
      vertex 158.422 22.3722 8.99
      vertex 158.589 22.2354 3.99
      vertex 158.422 22.3722 3.99
    endloop
  endfacet
  facet normal 0.956438 -0.291936 0
    outer loop
      vertex 158.121 23.3646 8.99
      vertex 158.184 23.571 3.99
      vertex 158.184 23.571 8.99
    endloop
  endfacet
  facet normal 0.956438 -0.291936 0
    outer loop
      vertex 158.184 23.571 3.99
      vertex 158.121 23.3646 8.99
      vertex 158.121 23.3646 3.99
    endloop
  endfacet
  facet normal -0.956438 0.291936 0
    outer loop
      vertex 160.216 22.729 3.99
      vertex 160.279 22.9354 8.99
      vertex 160.279 22.9354 3.99
    endloop
  endfacet
  facet normal -0.956438 0.291936 0
    outer loop
      vertex 160.279 22.9354 8.99
      vertex 160.216 22.729 3.99
      vertex 160.216 22.729 8.99
    endloop
  endfacet
  facet normal 0.0976703 -0.995219 0
    outer loop
      vertex 158.985 24.2289 3.99
      vertex 159.2 24.25 8.99
      vertex 158.985 24.2289 8.99
    endloop
  endfacet
  facet normal 0.0976703 -0.995219 0
    outer loop
      vertex 159.2 24.25 8.99
      vertex 158.985 24.2289 3.99
      vertex 159.2 24.25 3.99
    endloop
  endfacet
  facet normal 0.772572 -0.634927 0
    outer loop
      vertex 158.285 23.7611 8.99
      vertex 158.422 23.9278 3.99
      vertex 158.422 23.9278 8.99
    endloop
  endfacet
  facet normal 0.772572 -0.634927 0
    outer loop
      vertex 158.422 23.9278 3.99
      vertex 158.285 23.7611 8.99
      vertex 158.285 23.7611 3.99
    endloop
  endfacet
  facet normal -0.995246 0.0973913 0
    outer loop
      vertex 160.279 22.9354 3.99
      vertex 160.3 23.15 8.99
      vertex 160.3 23.15 3.99
    endloop
  endfacet
  facet normal -0.995246 0.0973913 0
    outer loop
      vertex 160.3 23.15 8.99
      vertex 160.279 22.9354 3.99
      vertex 160.279 22.9354 8.99
    endloop
  endfacet
  facet normal 0.772572 0.634927 0
    outer loop
      vertex 158.422 22.3722 8.99
      vertex 158.285 22.5389 3.99
      vertex 158.285 22.5389 8.99
    endloop
  endfacet
  facet normal 0.772572 0.634927 0
    outer loop
      vertex 158.285 22.5389 3.99
      vertex 158.422 22.3722 8.99
      vertex 158.422 22.3722 3.99
    endloop
  endfacet
  facet normal -0.633692 0.773586 0
    outer loop
      vertex 159.978 22.3722 3.99
      vertex 159.811 22.2354 8.99
      vertex 159.978 22.3722 8.99
    endloop
  endfacet
  facet normal -0.633692 0.773586 0
    outer loop
      vertex 159.811 22.2354 8.99
      vertex 159.978 22.3722 3.99
      vertex 159.811 22.2354 3.99
    endloop
  endfacet
  facet normal 0.995246 0.0973913 0
    outer loop
      vertex 158.121 22.9354 8.99
      vertex 158.1 23.15 3.99
      vertex 158.1 23.15 8.99
    endloop
  endfacet
  facet normal 0.995246 0.0973913 0
    outer loop
      vertex 158.1 23.15 3.99
      vertex 158.121 22.9354 8.99
      vertex 158.121 22.9354 3.99
    endloop
  endfacet
  facet normal 0.0976703 0.995219 -0
    outer loop
      vertex 159.2 22.05 3.99
      vertex 158.985 22.0711 8.99
      vertex 159.2 22.05 8.99
    endloop
  endfacet
  facet normal 0.0976703 0.995219 0
    outer loop
      vertex 158.985 22.0711 8.99
      vertex 159.2 22.05 3.99
      vertex 158.985 22.0711 3.99
    endloop
  endfacet
  facet normal 0.290755 0.956798 -0
    outer loop
      vertex 158.985 22.0711 3.99
      vertex 158.779 22.1337 8.99
      vertex 158.985 22.0711 8.99
    endloop
  endfacet
  facet normal 0.290755 0.956798 0
    outer loop
      vertex 158.779 22.1337 8.99
      vertex 158.985 22.0711 3.99
      vertex 158.779 22.1337 3.99
    endloop
  endfacet
  facet normal -0.471117 0.882071 0
    outer loop
      vertex 158.052 45.0216 3.4
      vertex 157.533 44.7444 8.99
      vertex 158.052 45.0216 8.99
    endloop
  endfacet
  facet normal -0.471117 0.882071 0
    outer loop
      vertex 157.533 44.7444 8.99
      vertex 158.052 45.0216 3.4
      vertex 157.533 44.7444 3.4
    endloop
  endfacet
  facet normal 0.471117 0.882071 -0
    outer loop
      vertex 160.867 44.7444 3.4
      vertex 160.348 45.0216 8.99
      vertex 160.867 44.7444 8.99
    endloop
  endfacet
  facet normal 0.471117 0.882071 0
    outer loop
      vertex 160.348 45.0216 8.99
      vertex 160.867 44.7444 3.4
      vertex 160.348 45.0216 3.4
    endloop
  endfacet
  facet normal 0.957267 0.289205 0
    outer loop
      vertex 162.142 42.8353 8.99
      vertex 161.972 43.398 3.4
      vertex 161.972 43.398 8.99
    endloop
  endfacet
  facet normal 0.957267 0.289205 0
    outer loop
      vertex 161.972 43.398 3.4
      vertex 162.142 42.8353 8.99
      vertex 162.142 42.8353 3.4
    endloop
  endfacet
  facet normal 0.995126 0.0986115 0
    outer loop
      vertex 162.2 42.25 8.99
      vertex 162.142 42.8353 3.4
      vertex 162.142 42.8353 8.99
    endloop
  endfacet
  facet normal 0.995126 0.0986115 0
    outer loop
      vertex 162.142 42.8353 3.4
      vertex 162.2 42.25 8.99
      vertex 162.2 42.25 3.4
    endloop
  endfacet
  facet normal 0.868243 0.496139 0
    outer loop
      vertex 161.694 43.9167 8.99
      vertex 161.7 43.9062 3.4
      vertex 161.694 43.9167 3
    endloop
  endfacet
  facet normal 0.881392 0.472386 5.87284e-05
    outer loop
      vertex 161.972 43.398 8.99
      vertex 161.7 43.9062 3.4
      vertex 161.694 43.9167 8.99
    endloop
  endfacet
  facet normal 0.88166 0.471884 0
    outer loop
      vertex 161.7 43.9062 3.4
      vertex 161.972 43.398 8.99
      vertex 161.972 43.398 3.4
    endloop
  endfacet
  facet normal 0.868243 0.496139 0
    outer loop
      vertex 161.694 43.9167 3
      vertex 161.7 43.9062 3.4
      vertex 161.7 43.9062 3
    endloop
  endfacet
  facet normal 0.0979877 0.995188 -0
    outer loop
      vertex 159.785 45.1924 3.4
      vertex 159.2 45.25 8.99
      vertex 159.785 45.1924 8.99
    endloop
  endfacet
  facet normal 0.0979877 0.995188 0
    outer loop
      vertex 159.2 45.25 8.99
      vertex 159.785 45.1924 3.4
      vertex 159.2 45.25 3.4
    endloop
  endfacet
  facet normal 0.0979877 -0.995188 0
    outer loop
      vertex 159.2 39.25 3
      vertex 159.785 39.3076 8.99
      vertex 159.2 39.25 8.99
    endloop
  endfacet
  facet normal 0.0979877 -0.995188 0
    outer loop
      vertex 159.785 39.3076 8.99
      vertex 159.2 39.25 3
      vertex 159.785 39.3076 3
    endloop
  endfacet
  facet normal 0.290309 0.956933 -0
    outer loop
      vertex 160.348 45.0216 3.4
      vertex 159.785 45.1924 8.99
      vertex 160.348 45.0216 8.99
    endloop
  endfacet
  facet normal 0.290309 0.956933 0
    outer loop
      vertex 159.785 45.1924 8.99
      vertex 160.348 45.0216 3.4
      vertex 159.785 45.1924 3.4
    endloop
  endfacet
  facet normal 0.634914 0.772583 3.28777e-05
    outer loop
      vertex 161.321 44.3713 8.99
      vertex 161.043 44.6 3.4
      vertex 160.867 44.7444 8.99
    endloop
  endfacet
  facet normal 0.635308 0.772259 -0
    outer loop
      vertex 161.321 44.3713 3
      vertex 161.043 44.6 3.4
      vertex 161.321 44.3713 8.99
    endloop
  endfacet
  facet normal 0.635308 0.772259 0
    outer loop
      vertex 161.043 44.6 3.4
      vertex 161.321 44.3713 3
      vertex 161.043 44.6 3
    endloop
  endfacet
  facet normal 0.63429 0.773095 0
    outer loop
      vertex 160.867 44.7444 8.99
      vertex 161.043 44.6 3.4
      vertex 160.867 44.7444 3.4
    endloop
  endfacet
  facet normal 0.773078 -0.634311 0
    outer loop
      vertex 161.321 40.1287 8.99
      vertex 161.694 40.5833 3
      vertex 161.694 40.5833 8.99
    endloop
  endfacet
  facet normal 0.773078 -0.634311 0
    outer loop
      vertex 161.694 40.5833 3
      vertex 161.321 40.1287 8.99
      vertex 161.321 40.1287 3
    endloop
  endfacet
  facet normal -0.63429 0.773095 0
    outer loop
      vertex 157.357 44.6 3.4
      vertex 157.533 44.7444 8.99
      vertex 157.533 44.7444 3.4
    endloop
  endfacet
  facet normal -0.634914 0.772583 3.28777e-05
    outer loop
      vertex 157.533 44.7444 8.99
      vertex 157.357 44.6 3.4
      vertex 157.079 44.3713 8.99
    endloop
  endfacet
  facet normal -0.635308 0.772259 0
    outer loop
      vertex 157.079 44.3713 3
      vertex 157.357 44.6 3.4
      vertex 157.357 44.6 3
    endloop
  endfacet
  facet normal -0.635308 0.772259 0
    outer loop
      vertex 157.357 44.6 3.4
      vertex 157.079 44.3713 3
      vertex 157.079 44.3713 8.99
    endloop
  endfacet
  facet normal 0.471117 -0.882071 0
    outer loop
      vertex 160.348 39.4784 3
      vertex 160.867 39.7556 8.99
      vertex 160.348 39.4784 8.99
    endloop
  endfacet
  facet normal 0.471117 -0.882071 0
    outer loop
      vertex 160.867 39.7556 8.99
      vertex 160.348 39.4784 3
      vertex 160.867 39.7556 3
    endloop
  endfacet
  facet normal -0.881392 -0.472386 0
    outer loop
      vertex 156.706 40.5833 3
      vertex 156.428 41.102 8.99
      vertex 156.428 41.102 3
    endloop
  endfacet
  facet normal -0.881392 -0.472386 0
    outer loop
      vertex 156.428 41.102 8.99
      vertex 156.706 40.5833 3
      vertex 156.706 40.5833 8.99
    endloop
  endfacet
  facet normal 0.995126 -0.0986115 0
    outer loop
      vertex 162.142 41.6647 8.99
      vertex 162.2 42.25 3.4
      vertex 162.2 42.25 8.99
    endloop
  endfacet
  facet normal 0.995126 -0.0986115 0
    outer loop
      vertex 162.2 42.25 3.4
      vertex 162.142 41.6647 8.99
      vertex 162.142 41.6647 3.4
    endloop
  endfacet
  facet normal -0.290309 0.956933 0
    outer loop
      vertex 158.615 45.1924 3.4
      vertex 158.052 45.0216 8.99
      vertex 158.615 45.1924 8.99
    endloop
  endfacet
  facet normal -0.290309 0.956933 0
    outer loop
      vertex 158.052 45.0216 8.99
      vertex 158.615 45.1924 3.4
      vertex 158.052 45.0216 3.4
    endloop
  endfacet
  facet normal -0.0979877 -0.995188 0
    outer loop
      vertex 158.615 39.3076 3
      vertex 159.2 39.25 8.99
      vertex 158.615 39.3076 8.99
    endloop
  endfacet
  facet normal -0.0979877 -0.995188 -0
    outer loop
      vertex 159.2 39.25 8.99
      vertex 158.615 39.3076 3
      vertex 159.2 39.25 3
    endloop
  endfacet
  facet normal -0.881392 0.472386 0
    outer loop
      vertex 156.428 43.398 3
      vertex 156.706 43.9167 8.99
      vertex 156.706 43.9167 3
    endloop
  endfacet
  facet normal -0.881392 0.472386 0
    outer loop
      vertex 156.706 43.9167 8.99
      vertex 156.428 43.398 3
      vertex 156.428 43.398 8.99
    endloop
  endfacet
  facet normal 0.290309 -0.956933 0
    outer loop
      vertex 159.785 39.3076 3
      vertex 160.348 39.4784 8.99
      vertex 159.785 39.3076 8.99
    endloop
  endfacet
  facet normal 0.290309 -0.956933 0
    outer loop
      vertex 160.348 39.4784 8.99
      vertex 159.785 39.3076 3
      vertex 160.348 39.4784 3
    endloop
  endfacet
  facet normal 0 0 1
    outer loop
      vertex 160.3 42.25 8.99
      vertex 162.2 42.25 8.99
      vertex 162.142 42.8353 8.99
    endloop
  endfacet
  facet normal 0 0 1
    outer loop
      vertex 160.279 42.4646 8.99
      vertex 162.142 42.8353 8.99
      vertex 161.972 43.398 8.99
    endloop
  endfacet
  facet normal 0 0 1
    outer loop
      vertex 162.2 42.25 8.99
      vertex 160.3 42.25 8.99
      vertex 162.142 41.6647 8.99
    endloop
  endfacet
  facet normal 0 0 1
    outer loop
      vertex 160.216 42.671 8.99
      vertex 161.972 43.398 8.99
      vertex 161.694 43.9167 8.99
    endloop
  endfacet
  facet normal -0 0 1
    outer loop
      vertex 160.279 42.0354 8.99
      vertex 162.142 41.6647 8.99
      vertex 160.3 42.25 8.99
    endloop
  endfacet
  facet normal 0 0 1
    outer loop
      vertex 160.115 42.8611 8.99
      vertex 161.694 43.9167 8.99
      vertex 161.321 44.3713 8.99
    endloop
  endfacet
  facet normal 0 0 1
    outer loop
      vertex 162.142 41.6647 8.99
      vertex 160.279 42.0354 8.99
      vertex 161.972 41.102 8.99
    endloop
  endfacet
  facet normal 0 0 1
    outer loop
      vertex 159.978 43.0278 8.99
      vertex 161.321 44.3713 8.99
      vertex 160.867 44.7444 8.99
    endloop
  endfacet
  facet normal -0 0 1
    outer loop
      vertex 160.216 41.829 8.99
      vertex 161.972 41.102 8.99
      vertex 160.279 42.0354 8.99
    endloop
  endfacet
  facet normal 0 0 1
    outer loop
      vertex 159.811 43.1646 8.99
      vertex 160.867 44.7444 8.99
      vertex 160.348 45.0216 8.99
    endloop
  endfacet
  facet normal 0 0 1
    outer loop
      vertex 161.972 41.102 8.99
      vertex 160.216 41.829 8.99
      vertex 161.694 40.5833 8.99
    endloop
  endfacet
  facet normal -0 0 1
    outer loop
      vertex 160.115 41.6389 8.99
      vertex 161.694 40.5833 8.99
      vertex 160.216 41.829 8.99
    endloop
  endfacet
  facet normal 0 0 1
    outer loop
      vertex 162.142 42.8353 8.99
      vertex 160.279 42.4646 8.99
      vertex 160.3 42.25 8.99
    endloop
  endfacet
  facet normal 0 0 1
    outer loop
      vertex 161.972 43.398 8.99
      vertex 160.216 42.671 8.99
      vertex 160.279 42.4646 8.99
    endloop
  endfacet
  facet normal 0 0 1
    outer loop
      vertex 161.694 43.9167 8.99
      vertex 160.115 42.8611 8.99
      vertex 160.216 42.671 8.99
    endloop
  endfacet
  facet normal 0 0 1
    outer loop
      vertex 161.321 44.3713 8.99
      vertex 159.978 43.0278 8.99
      vertex 160.115 42.8611 8.99
    endloop
  endfacet
  facet normal 0 0 1
    outer loop
      vertex 160.867 44.7444 8.99
      vertex 159.811 43.1646 8.99
      vertex 159.978 43.0278 8.99
    endloop
  endfacet
  facet normal 0 0 1
    outer loop
      vertex 159.621 43.2663 8.99
      vertex 160.348 45.0216 8.99
      vertex 159.785 45.1924 8.99
    endloop
  endfacet
  facet normal 0 0 1
    outer loop
      vertex 160.348 45.0216 8.99
      vertex 159.621 43.2663 8.99
      vertex 159.811 43.1646 8.99
    endloop
  endfacet
  facet normal 0 0 1
    outer loop
      vertex 159.785 45.1924 8.99
      vertex 159.415 43.3289 8.99
      vertex 159.621 43.2663 8.99
    endloop
  endfacet
  facet normal 0 0 1
    outer loop
      vertex 159.2 45.25 8.99
      vertex 159.415 43.3289 8.99
      vertex 159.785 45.1924 8.99
    endloop
  endfacet
  facet normal 0 0 1
    outer loop
      vertex 159.2 45.25 8.99
      vertex 159.2 43.35 8.99
      vertex 159.415 43.3289 8.99
    endloop
  endfacet
  facet normal 0 0 1
    outer loop
      vertex 159.2 45.25 8.99
      vertex 158.985 43.3289 8.99
      vertex 159.2 43.35 8.99
    endloop
  endfacet
  facet normal -0 0 1
    outer loop
      vertex 158.615 45.1924 8.99
      vertex 158.985 43.3289 8.99
      vertex 159.2 45.25 8.99
    endloop
  endfacet
  facet normal 0 0 1
    outer loop
      vertex 158.985 43.3289 8.99
      vertex 158.615 45.1924 8.99
      vertex 158.779 43.2663 8.99
    endloop
  endfacet
  facet normal -0 0 1
    outer loop
      vertex 158.052 45.0216 8.99
      vertex 158.779 43.2663 8.99
      vertex 158.615 45.1924 8.99
    endloop
  endfacet
  facet normal 0 0 1
    outer loop
      vertex 158.779 43.2663 8.99
      vertex 158.052 45.0216 8.99
      vertex 158.589 43.1646 8.99
    endloop
  endfacet
  facet normal -0 0 1
    outer loop
      vertex 157.533 44.7444 8.99
      vertex 158.589 43.1646 8.99
      vertex 158.052 45.0216 8.99
    endloop
  endfacet
  facet normal 0 0 1
    outer loop
      vertex 158.589 43.1646 8.99
      vertex 157.533 44.7444 8.99
      vertex 158.422 43.0278 8.99
    endloop
  endfacet
  facet normal -0 0 1
    outer loop
      vertex 157.079 44.3713 8.99
      vertex 158.422 43.0278 8.99
      vertex 157.533 44.7444 8.99
    endloop
  endfacet
  facet normal -0 0 1
    outer loop
      vertex 156.706 43.9167 8.99
      vertex 158.285 42.8611 8.99
      vertex 157.079 44.3713 8.99
    endloop
  endfacet
  facet normal 0 0 1
    outer loop
      vertex 158.422 43.0278 8.99
      vertex 157.079 44.3713 8.99
      vertex 158.285 42.8611 8.99
    endloop
  endfacet
  facet normal 0 0 1
    outer loop
      vertex 161.694 40.5833 8.99
      vertex 160.115 41.6389 8.99
      vertex 161.321 40.1287 8.99
    endloop
  endfacet
  facet normal -0 0 1
    outer loop
      vertex 159.978 41.4722 8.99
      vertex 161.321 40.1287 8.99
      vertex 160.115 41.6389 8.99
    endloop
  endfacet
  facet normal 0 0 1
    outer loop
      vertex 161.321 40.1287 8.99
      vertex 159.978 41.4722 8.99
      vertex 160.867 39.7556 8.99
    endloop
  endfacet
  facet normal -0 0 1
    outer loop
      vertex 159.811 41.3354 8.99
      vertex 160.867 39.7556 8.99
      vertex 159.978 41.4722 8.99
    endloop
  endfacet
  facet normal 0 0 1
    outer loop
      vertex 160.867 39.7556 8.99
      vertex 159.811 41.3354 8.99
      vertex 160.348 39.4784 8.99
    endloop
  endfacet
  facet normal -0 0 1
    outer loop
      vertex 159.621 41.2337 8.99
      vertex 160.348 39.4784 8.99
      vertex 159.811 41.3354 8.99
    endloop
  endfacet
  facet normal 0 0 1
    outer loop
      vertex 160.348 39.4784 8.99
      vertex 159.621 41.2337 8.99
      vertex 159.785 39.3076 8.99
    endloop
  endfacet
  facet normal -0 0 1
    outer loop
      vertex 159.415 41.1711 8.99
      vertex 159.785 39.3076 8.99
      vertex 159.621 41.2337 8.99
    endloop
  endfacet
  facet normal -0 0 1
    outer loop
      vertex 159.2 41.15 8.99
      vertex 159.785 39.3076 8.99
      vertex 159.415 41.1711 8.99
    endloop
  endfacet
  facet normal 0 0 1
    outer loop
      vertex 159.2 41.15 8.99
      vertex 159.2 39.25 8.99
      vertex 159.785 39.3076 8.99
    endloop
  endfacet
  facet normal 0 0 1
    outer loop
      vertex 158.985 41.1711 8.99
      vertex 159.2 39.25 8.99
      vertex 159.2 41.15 8.99
    endloop
  endfacet
  facet normal 0 0 1
    outer loop
      vertex 158.615 39.3076 8.99
      vertex 158.985 41.1711 8.99
      vertex 158.779 41.2337 8.99
    endloop
  endfacet
  facet normal 0 0 1
    outer loop
      vertex 158.985 41.1711 8.99
      vertex 158.615 39.3076 8.99
      vertex 159.2 39.25 8.99
    endloop
  endfacet
  facet normal 0 0 1
    outer loop
      vertex 158.052 39.4784 8.99
      vertex 158.779 41.2337 8.99
      vertex 158.589 41.3354 8.99
    endloop
  endfacet
  facet normal 0 0 1
    outer loop
      vertex 157.533 39.7556 8.99
      vertex 158.589 41.3354 8.99
      vertex 158.422 41.4722 8.99
    endloop
  endfacet
  facet normal 0 0 1
    outer loop
      vertex 157.079 40.1287 8.99
      vertex 158.422 41.4722 8.99
      vertex 158.285 41.6389 8.99
    endloop
  endfacet
  facet normal 0 0 1
    outer loop
      vertex 156.706 40.5833 8.99
      vertex 158.285 41.6389 8.99
      vertex 158.184 41.829 8.99
    endloop
  endfacet
  facet normal 0 0 1
    outer loop
      vertex 156.428 41.102 8.99
      vertex 158.184 41.829 8.99
      vertex 158.121 42.0354 8.99
    endloop
  endfacet
  facet normal 0 0 1
    outer loop
      vertex 158.779 41.2337 8.99
      vertex 158.052 39.4784 8.99
      vertex 158.615 39.3076 8.99
    endloop
  endfacet
  facet normal 0 0 1
    outer loop
      vertex 156.258 41.6647 8.99
      vertex 158.121 42.0354 8.99
      vertex 158.1 42.25 8.99
    endloop
  endfacet
  facet normal 0 0 1
    outer loop
      vertex 158.285 42.8611 8.99
      vertex 156.706 43.9167 8.99
      vertex 158.184 42.671 8.99
    endloop
  endfacet
  facet normal -0 0 1
    outer loop
      vertex 156.428 43.398 8.99
      vertex 158.184 42.671 8.99
      vertex 156.706 43.9167 8.99
    endloop
  endfacet
  facet normal 0 0 1
    outer loop
      vertex 158.589 41.3354 8.99
      vertex 157.533 39.7556 8.99
      vertex 158.052 39.4784 8.99
    endloop
  endfacet
  facet normal 0 0 1
    outer loop
      vertex 158.184 42.671 8.99
      vertex 156.428 43.398 8.99
      vertex 158.121 42.4646 8.99
    endloop
  endfacet
  facet normal 0 0 1
    outer loop
      vertex 158.422 41.4722 8.99
      vertex 157.079 40.1287 8.99
      vertex 157.533 39.7556 8.99
    endloop
  endfacet
  facet normal -0 0 1
    outer loop
      vertex 156.258 42.8353 8.99
      vertex 158.121 42.4646 8.99
      vertex 156.428 43.398 8.99
    endloop
  endfacet
  facet normal 0 0 1
    outer loop
      vertex 158.285 41.6389 8.99
      vertex 156.706 40.5833 8.99
      vertex 157.079 40.1287 8.99
    endloop
  endfacet
  facet normal 0 0 1
    outer loop
      vertex 158.121 42.4646 8.99
      vertex 156.258 42.8353 8.99
      vertex 158.1 42.25 8.99
    endloop
  endfacet
  facet normal 0 0 1
    outer loop
      vertex 158.184 41.829 8.99
      vertex 156.428 41.102 8.99
      vertex 156.706 40.5833 8.99
    endloop
  endfacet
  facet normal 0 0 1
    outer loop
      vertex 156.2 42.25 8.99
      vertex 158.1 42.25 8.99
      vertex 156.258 42.8353 8.99
    endloop
  endfacet
  facet normal 0 0 1
    outer loop
      vertex 158.121 42.0354 8.99
      vertex 156.258 41.6647 8.99
      vertex 156.428 41.102 8.99
    endloop
  endfacet
  facet normal 0 0 1
    outer loop
      vertex 158.1 42.25 8.99
      vertex 156.2 42.25 8.99
      vertex 156.258 41.6647 8.99
    endloop
  endfacet
  facet normal -0.290309 -0.956933 0
    outer loop
      vertex 158.052 39.4784 3
      vertex 158.615 39.3076 8.99
      vertex 158.052 39.4784 8.99
    endloop
  endfacet
  facet normal -0.290309 -0.956933 -0
    outer loop
      vertex 158.615 39.3076 8.99
      vertex 158.052 39.4784 3
      vertex 158.615 39.3076 3
    endloop
  endfacet
  facet normal 0.957267 -0.289205 0
    outer loop
      vertex 161.972 41.102 8.99
      vertex 162.142 41.6647 3.4
      vertex 162.142 41.6647 8.99
    endloop
  endfacet
  facet normal 0.957267 -0.289205 0
    outer loop
      vertex 162.142 41.6647 3.4
      vertex 161.972 41.102 8.99
      vertex 161.972 41.102 3.4
    endloop
  endfacet
  facet normal 0.773078 0.634311 0
    outer loop
      vertex 161.694 43.9167 8.99
      vertex 161.321 44.3713 3
      vertex 161.321 44.3713 8.99
    endloop
  endfacet
  facet normal 0.773078 0.634311 0
    outer loop
      vertex 161.321 44.3713 3
      vertex 161.694 43.9167 8.99
      vertex 161.694 43.9167 3
    endloop
  endfacet
  facet normal -0.995126 0.0986115 0
    outer loop
      vertex 156.2 42.25 3
      vertex 156.258 42.8353 8.99
      vertex 156.258 42.8353 3
    endloop
  endfacet
  facet normal -0.995126 0.0986115 0
    outer loop
      vertex 156.258 42.8353 8.99
      vertex 156.2 42.25 3
      vertex 156.2 42.25 8.99
    endloop
  endfacet
  facet normal 0.634914 -0.772583 0
    outer loop
      vertex 160.867 39.7556 3
      vertex 161.321 40.1287 8.99
      vertex 160.867 39.7556 8.99
    endloop
  endfacet
  facet normal 0.634914 -0.772583 0
    outer loop
      vertex 161.321 40.1287 8.99
      vertex 160.867 39.7556 3
      vertex 161.321 40.1287 3
    endloop
  endfacet
  facet normal -0.634914 -0.772583 0
    outer loop
      vertex 157.079 40.1287 3
      vertex 157.533 39.7556 8.99
      vertex 157.079 40.1287 8.99
    endloop
  endfacet
  facet normal -0.634914 -0.772583 -0
    outer loop
      vertex 157.533 39.7556 8.99
      vertex 157.079 40.1287 3
      vertex 157.533 39.7556 3
    endloop
  endfacet
  facet normal -0.0979877 0.995188 0
    outer loop
      vertex 159.2 45.25 3.4
      vertex 158.615 45.1924 8.99
      vertex 159.2 45.25 8.99
    endloop
  endfacet
  facet normal -0.0979877 0.995188 0
    outer loop
      vertex 158.615 45.1924 8.99
      vertex 159.2 45.25 3.4
      vertex 158.615 45.1924 3.4
    endloop
  endfacet
  facet normal 0.88166 -0.471884 0
    outer loop
      vertex 161.972 41.102 8.99
      vertex 161.7 40.5938 3.4
      vertex 161.972 41.102 3.4
    endloop
  endfacet
  facet normal 0.881392 -0.472386 5.87284e-05
    outer loop
      vertex 161.694 40.5833 8.99
      vertex 161.7 40.5938 3.4
      vertex 161.972 41.102 8.99
    endloop
  endfacet
  facet normal 0.868243 -0.496139 0
    outer loop
      vertex 161.694 40.5833 3
      vertex 161.7 40.5938 3.4
      vertex 161.694 40.5833 8.99
    endloop
  endfacet
  facet normal 0.868243 -0.496139 0
    outer loop
      vertex 161.7 40.5938 3.4
      vertex 161.694 40.5833 3
      vertex 161.7 40.5938 3
    endloop
  endfacet
  facet normal -0.957267 -0.289205 0
    outer loop
      vertex 156.428 41.102 3
      vertex 156.258 41.6647 8.99
      vertex 156.258 41.6647 3
    endloop
  endfacet
  facet normal -0.957267 -0.289205 0
    outer loop
      vertex 156.258 41.6647 8.99
      vertex 156.428 41.102 3
      vertex 156.428 41.102 8.99
    endloop
  endfacet
  facet normal -0.995126 -0.0986115 0
    outer loop
      vertex 156.258 41.6647 3
      vertex 156.2 42.25 8.99
      vertex 156.2 42.25 3
    endloop
  endfacet
  facet normal -0.995126 -0.0986115 0
    outer loop
      vertex 156.2 42.25 8.99
      vertex 156.258 41.6647 3
      vertex 156.258 41.6647 8.99
    endloop
  endfacet
  facet normal -0.773078 -0.634311 0
    outer loop
      vertex 157.079 40.1287 3
      vertex 156.706 40.5833 8.99
      vertex 156.706 40.5833 3
    endloop
  endfacet
  facet normal -0.773078 -0.634311 0
    outer loop
      vertex 156.706 40.5833 8.99
      vertex 157.079 40.1287 3
      vertex 157.079 40.1287 8.99
    endloop
  endfacet
  facet normal -0.773078 0.634311 0
    outer loop
      vertex 156.706 43.9167 3
      vertex 157.079 44.3713 8.99
      vertex 157.079 44.3713 3
    endloop
  endfacet
  facet normal -0.773078 0.634311 0
    outer loop
      vertex 157.079 44.3713 8.99
      vertex 156.706 43.9167 3
      vertex 156.706 43.9167 8.99
    endloop
  endfacet
  facet normal -0.957267 0.289205 0
    outer loop
      vertex 156.258 42.8353 3
      vertex 156.428 43.398 8.99
      vertex 156.428 43.398 3
    endloop
  endfacet
  facet normal -0.957267 0.289205 0
    outer loop
      vertex 156.428 43.398 8.99
      vertex 156.258 42.8353 3
      vertex 156.258 42.8353 8.99
    endloop
  endfacet
  facet normal -0.471117 -0.882071 0
    outer loop
      vertex 157.533 39.7556 3
      vertex 158.052 39.4784 8.99
      vertex 157.533 39.7556 8.99
    endloop
  endfacet
  facet normal -0.471117 -0.882071 -0
    outer loop
      vertex 158.052 39.4784 8.99
      vertex 157.533 39.7556 3
      vertex 158.052 39.4784 3
    endloop
  endfacet
  facet normal 0.471912 0.881645 -0
    outer loop
      vertex 158.779 41.2337 3.99
      vertex 158.589 41.3354 8.99
      vertex 158.779 41.2337 8.99
    endloop
  endfacet
  facet normal 0.471912 0.881645 0
    outer loop
      vertex 158.589 41.3354 8.99
      vertex 158.779 41.2337 3.99
      vertex 158.589 41.3354 3.99
    endloop
  endfacet
  facet normal -0.956438 -0.291936 0
    outer loop
      vertex 160.279 42.4646 3.99
      vertex 160.216 42.671 8.99
      vertex 160.216 42.671 3.99
    endloop
  endfacet
  facet normal -0.956438 -0.291936 0
    outer loop
      vertex 160.216 42.671 8.99
      vertex 160.279 42.4646 3.99
      vertex 160.279 42.4646 8.99
    endloop
  endfacet
  facet normal -0.995246 -0.0973913 0
    outer loop
      vertex 160.3 42.25 3.99
      vertex 160.279 42.4646 8.99
      vertex 160.279 42.4646 3.99
    endloop
  endfacet
  facet normal -0.995246 -0.0973913 0
    outer loop
      vertex 160.279 42.4646 8.99
      vertex 160.3 42.25 3.99
      vertex 160.3 42.25 8.99
    endloop
  endfacet
  facet normal -0.883098 -0.469189 0
    outer loop
      vertex 160.216 42.671 3.99
      vertex 160.115 42.8611 8.99
      vertex 160.115 42.8611 3.99
    endloop
  endfacet
  facet normal -0.883098 -0.469189 0
    outer loop
      vertex 160.115 42.8611 8.99
      vertex 160.216 42.671 3.99
      vertex 160.216 42.671 8.99
    endloop
  endfacet
  facet normal -0.471912 -0.881645 0
    outer loop
      vertex 159.621 43.2663 3.99
      vertex 159.811 43.1646 8.99
      vertex 159.621 43.2663 8.99
    endloop
  endfacet
  facet normal -0.471912 -0.881645 -0
    outer loop
      vertex 159.811 43.1646 8.99
      vertex 159.621 43.2663 3.99
      vertex 159.811 43.1646 3.99
    endloop
  endfacet
  facet normal 0.956438 0.291936 0
    outer loop
      vertex 158.184 41.829 8.99
      vertex 158.121 42.0354 3.99
      vertex 158.121 42.0354 8.99
    endloop
  endfacet
  facet normal 0.956438 0.291936 0
    outer loop
      vertex 158.121 42.0354 3.99
      vertex 158.184 41.829 8.99
      vertex 158.184 41.829 3.99
    endloop
  endfacet
  facet normal -0.471912 0.881645 0
    outer loop
      vertex 159.811 41.3354 3.99
      vertex 159.621 41.2337 8.99
      vertex 159.811 41.3354 8.99
    endloop
  endfacet
  facet normal -0.471912 0.881645 0
    outer loop
      vertex 159.621 41.2337 8.99
      vertex 159.811 41.3354 3.99
      vertex 159.621 41.2337 3.99
    endloop
  endfacet
  facet normal -0.772572 -0.634927 0
    outer loop
      vertex 160.115 42.8611 3.99
      vertex 159.978 43.0278 8.99
      vertex 159.978 43.0278 3.99
    endloop
  endfacet
  facet normal -0.772572 -0.634927 0
    outer loop
      vertex 159.978 43.0278 8.99
      vertex 160.115 42.8611 3.99
      vertex 160.115 42.8611 8.99
    endloop
  endfacet
  facet normal -0.290755 -0.956798 0
    outer loop
      vertex 159.415 43.3289 3.99
      vertex 159.621 43.2663 8.99
      vertex 159.415 43.3289 8.99
    endloop
  endfacet
  facet normal -0.290755 -0.956798 -0
    outer loop
      vertex 159.621 43.2663 8.99
      vertex 159.415 43.3289 3.99
      vertex 159.621 43.2663 3.99
    endloop
  endfacet
  facet normal 0.471912 -0.881645 0
    outer loop
      vertex 158.589 43.1646 3.99
      vertex 158.779 43.2663 8.99
      vertex 158.589 43.1646 8.99
    endloop
  endfacet
  facet normal 0.471912 -0.881645 0
    outer loop
      vertex 158.779 43.2663 8.99
      vertex 158.589 43.1646 3.99
      vertex 158.779 43.2663 3.99
    endloop
  endfacet
  facet normal 0.883098 0.469189 0
    outer loop
      vertex 158.285 41.6389 8.99
      vertex 158.184 41.829 3.99
      vertex 158.184 41.829 8.99
    endloop
  endfacet
  facet normal 0.883098 0.469189 0
    outer loop
      vertex 158.184 41.829 3.99
      vertex 158.285 41.6389 8.99
      vertex 158.285 41.6389 3.99
    endloop
  endfacet
  facet normal -0.0976703 -0.995219 0
    outer loop
      vertex 159.2 43.35 3.99
      vertex 159.415 43.3289 8.99
      vertex 159.2 43.35 8.99
    endloop
  endfacet
  facet normal -0.0976703 -0.995219 -0
    outer loop
      vertex 159.415 43.3289 8.99
      vertex 159.2 43.35 3.99
      vertex 159.415 43.3289 3.99
    endloop
  endfacet
  facet normal -0.290755 0.956798 0
    outer loop
      vertex 159.621 41.2337 3.99
      vertex 159.415 41.1711 8.99
      vertex 159.621 41.2337 8.99
    endloop
  endfacet
  facet normal -0.290755 0.956798 0
    outer loop
      vertex 159.415 41.1711 8.99
      vertex 159.621 41.2337 3.99
      vertex 159.415 41.1711 3.99
    endloop
  endfacet
  facet normal 0.995246 -0.0973913 0
    outer loop
      vertex 158.1 42.25 8.99
      vertex 158.121 42.4646 3.99
      vertex 158.121 42.4646 8.99
    endloop
  endfacet
  facet normal 0.995246 -0.0973913 0
    outer loop
      vertex 158.121 42.4646 3.99
      vertex 158.1 42.25 8.99
      vertex 158.1 42.25 3.99
    endloop
  endfacet
  facet normal -0.883098 0.469189 0
    outer loop
      vertex 160.115 41.6389 3.99
      vertex 160.216 41.829 8.99
      vertex 160.216 41.829 3.99
    endloop
  endfacet
  facet normal -0.883098 0.469189 0
    outer loop
      vertex 160.216 41.829 8.99
      vertex 160.115 41.6389 3.99
      vertex 160.115 41.6389 8.99
    endloop
  endfacet
  facet normal -0.772572 0.634927 0
    outer loop
      vertex 159.978 41.4722 3.99
      vertex 160.115 41.6389 8.99
      vertex 160.115 41.6389 3.99
    endloop
  endfacet
  facet normal -0.772572 0.634927 0
    outer loop
      vertex 160.115 41.6389 8.99
      vertex 159.978 41.4722 3.99
      vertex 159.978 41.4722 8.99
    endloop
  endfacet
  facet normal 0.633692 -0.773586 0
    outer loop
      vertex 158.422 43.0278 3.99
      vertex 158.589 43.1646 8.99
      vertex 158.422 43.0278 8.99
    endloop
  endfacet
  facet normal 0.633692 -0.773586 0
    outer loop
      vertex 158.589 43.1646 8.99
      vertex 158.422 43.0278 3.99
      vertex 158.589 43.1646 3.99
    endloop
  endfacet
  facet normal 0 0 1
    outer loop
      vertex 160.279 42.4646 3.99
      vertex 160.279 42.0354 3.99
      vertex 160.3 42.25 3.99
    endloop
  endfacet
  facet normal 0 0 1
    outer loop
      vertex 160.216 42.671 3.99
      vertex 160.279 42.0354 3.99
      vertex 160.279 42.4646 3.99
    endloop
  endfacet
  facet normal 0 0 1
    outer loop
      vertex 160.216 42.671 3.99
      vertex 160.216 41.829 3.99
      vertex 160.279 42.0354 3.99
    endloop
  endfacet
  facet normal 0 0 1
    outer loop
      vertex 160.115 42.8611 3.99
      vertex 160.216 41.829 3.99
      vertex 160.216 42.671 3.99
    endloop
  endfacet
  facet normal 0 0 1
    outer loop
      vertex 160.115 42.8611 3.99
      vertex 160.115 41.6389 3.99
      vertex 160.216 41.829 3.99
    endloop
  endfacet
  facet normal 0 0 1
    outer loop
      vertex 159.978 43.0278 3.99
      vertex 160.115 41.6389 3.99
      vertex 160.115 42.8611 3.99
    endloop
  endfacet
  facet normal 0 0 1
    outer loop
      vertex 159.978 43.0278 3.99
      vertex 159.978 41.4722 3.99
      vertex 160.115 41.6389 3.99
    endloop
  endfacet
  facet normal 0 0 1
    outer loop
      vertex 159.811 43.1646 3.99
      vertex 159.978 41.4722 3.99
      vertex 159.978 43.0278 3.99
    endloop
  endfacet
  facet normal 0 0 1
    outer loop
      vertex 159.811 43.1646 3.99
      vertex 159.811 41.3354 3.99
      vertex 159.978 41.4722 3.99
    endloop
  endfacet
  facet normal 0 0 1
    outer loop
      vertex 159.621 43.2663 3.99
      vertex 159.811 41.3354 3.99
      vertex 159.811 43.1646 3.99
    endloop
  endfacet
  facet normal 0 0 1
    outer loop
      vertex 159.621 43.2663 3.99
      vertex 159.621 41.2337 3.99
      vertex 159.811 41.3354 3.99
    endloop
  endfacet
  facet normal 0 0 1
    outer loop
      vertex 159.415 43.3289 3.99
      vertex 159.621 41.2337 3.99
      vertex 159.621 43.2663 3.99
    endloop
  endfacet
  facet normal 0 0 1
    outer loop
      vertex 159.415 43.3289 3.99
      vertex 159.415 41.1711 3.99
      vertex 159.621 41.2337 3.99
    endloop
  endfacet
  facet normal 0 0 1
    outer loop
      vertex 159.2 43.35 3.99
      vertex 159.415 41.1711 3.99
      vertex 159.415 43.3289 3.99
    endloop
  endfacet
  facet normal 0 0 1
    outer loop
      vertex 159.2 43.35 3.99
      vertex 159.2 41.15 3.99
      vertex 159.415 41.1711 3.99
    endloop
  endfacet
  facet normal -0 0 1
    outer loop
      vertex 158.985 43.3289 3.99
      vertex 159.2 41.15 3.99
      vertex 159.2 43.35 3.99
    endloop
  endfacet
  facet normal 0 0 1
    outer loop
      vertex 158.985 43.3289 3.99
      vertex 158.985 41.1711 3.99
      vertex 159.2 41.15 3.99
    endloop
  endfacet
  facet normal -0 0 1
    outer loop
      vertex 158.779 43.2663 3.99
      vertex 158.985 41.1711 3.99
      vertex 158.985 43.3289 3.99
    endloop
  endfacet
  facet normal 0 0 1
    outer loop
      vertex 158.779 43.2663 3.99
      vertex 158.779 41.2337 3.99
      vertex 158.985 41.1711 3.99
    endloop
  endfacet
  facet normal -0 0 1
    outer loop
      vertex 158.589 43.1646 3.99
      vertex 158.779 41.2337 3.99
      vertex 158.779 43.2663 3.99
    endloop
  endfacet
  facet normal 0 0 1
    outer loop
      vertex 158.589 43.1646 3.99
      vertex 158.589 41.3354 3.99
      vertex 158.779 41.2337 3.99
    endloop
  endfacet
  facet normal -0 0 1
    outer loop
      vertex 158.422 43.0278 3.99
      vertex 158.589 41.3354 3.99
      vertex 158.589 43.1646 3.99
    endloop
  endfacet
  facet normal 0 0 1
    outer loop
      vertex 158.422 43.0278 3.99
      vertex 158.422 41.4722 3.99
      vertex 158.589 41.3354 3.99
    endloop
  endfacet
  facet normal -0 0 1
    outer loop
      vertex 158.285 42.8611 3.99
      vertex 158.422 41.4722 3.99
      vertex 158.422 43.0278 3.99
    endloop
  endfacet
  facet normal 0 0 1
    outer loop
      vertex 158.285 42.8611 3.99
      vertex 158.285 41.6389 3.99
      vertex 158.422 41.4722 3.99
    endloop
  endfacet
  facet normal -0 0 1
    outer loop
      vertex 158.184 42.671 3.99
      vertex 158.285 41.6389 3.99
      vertex 158.285 42.8611 3.99
    endloop
  endfacet
  facet normal 0 0 1
    outer loop
      vertex 158.184 42.671 3.99
      vertex 158.184 41.829 3.99
      vertex 158.285 41.6389 3.99
    endloop
  endfacet
  facet normal -0 0 1
    outer loop
      vertex 158.121 42.4646 3.99
      vertex 158.184 41.829 3.99
      vertex 158.184 42.671 3.99
    endloop
  endfacet
  facet normal 0 0 1
    outer loop
      vertex 158.121 42.4646 3.99
      vertex 158.121 42.0354 3.99
      vertex 158.184 41.829 3.99
    endloop
  endfacet
  facet normal 0 -0 1
    outer loop
      vertex 158.121 42.0354 3.99
      vertex 158.121 42.4646 3.99
      vertex 158.1 42.25 3.99
    endloop
  endfacet
  facet normal 0.290755 -0.956798 0
    outer loop
      vertex 158.779 43.2663 3.99
      vertex 158.985 43.3289 8.99
      vertex 158.779 43.2663 8.99
    endloop
  endfacet
  facet normal 0.290755 -0.956798 0
    outer loop
      vertex 158.985 43.3289 8.99
      vertex 158.779 43.2663 3.99
      vertex 158.985 43.3289 3.99
    endloop
  endfacet
  facet normal -0.633692 -0.773586 0
    outer loop
      vertex 159.811 43.1646 3.99
      vertex 159.978 43.0278 8.99
      vertex 159.811 43.1646 8.99
    endloop
  endfacet
  facet normal -0.633692 -0.773586 -0
    outer loop
      vertex 159.978 43.0278 8.99
      vertex 159.811 43.1646 3.99
      vertex 159.978 43.0278 3.99
    endloop
  endfacet
  facet normal 0.883098 -0.469189 0
    outer loop
      vertex 158.184 42.671 8.99
      vertex 158.285 42.8611 3.99
      vertex 158.285 42.8611 8.99
    endloop
  endfacet
  facet normal 0.883098 -0.469189 0
    outer loop
      vertex 158.285 42.8611 3.99
      vertex 158.184 42.671 8.99
      vertex 158.184 42.671 3.99
    endloop
  endfacet
  facet normal -0.0976703 0.995219 0
    outer loop
      vertex 159.415 41.1711 3.99
      vertex 159.2 41.15 8.99
      vertex 159.415 41.1711 8.99
    endloop
  endfacet
  facet normal -0.0976703 0.995219 0
    outer loop
      vertex 159.2 41.15 8.99
      vertex 159.415 41.1711 3.99
      vertex 159.2 41.15 3.99
    endloop
  endfacet
  facet normal 0.633692 0.773586 -0
    outer loop
      vertex 158.589 41.3354 3.99
      vertex 158.422 41.4722 8.99
      vertex 158.589 41.3354 8.99
    endloop
  endfacet
  facet normal 0.633692 0.773586 0
    outer loop
      vertex 158.422 41.4722 8.99
      vertex 158.589 41.3354 3.99
      vertex 158.422 41.4722 3.99
    endloop
  endfacet
  facet normal 0.956438 -0.291936 0
    outer loop
      vertex 158.121 42.4646 8.99
      vertex 158.184 42.671 3.99
      vertex 158.184 42.671 8.99
    endloop
  endfacet
  facet normal 0.956438 -0.291936 0
    outer loop
      vertex 158.184 42.671 3.99
      vertex 158.121 42.4646 8.99
      vertex 158.121 42.4646 3.99
    endloop
  endfacet
  facet normal -0.956438 0.291936 0
    outer loop
      vertex 160.216 41.829 3.99
      vertex 160.279 42.0354 8.99
      vertex 160.279 42.0354 3.99
    endloop
  endfacet
  facet normal -0.956438 0.291936 0
    outer loop
      vertex 160.279 42.0354 8.99
      vertex 160.216 41.829 3.99
      vertex 160.216 41.829 8.99
    endloop
  endfacet
  facet normal 0.0976703 -0.995219 0
    outer loop
      vertex 158.985 43.3289 3.99
      vertex 159.2 43.35 8.99
      vertex 158.985 43.3289 8.99
    endloop
  endfacet
  facet normal 0.0976703 -0.995219 0
    outer loop
      vertex 159.2 43.35 8.99
      vertex 158.985 43.3289 3.99
      vertex 159.2 43.35 3.99
    endloop
  endfacet
  facet normal 0.772572 -0.634927 0
    outer loop
      vertex 158.285 42.8611 8.99
      vertex 158.422 43.0278 3.99
      vertex 158.422 43.0278 8.99
    endloop
  endfacet
  facet normal 0.772572 -0.634927 0
    outer loop
      vertex 158.422 43.0278 3.99
      vertex 158.285 42.8611 8.99
      vertex 158.285 42.8611 3.99
    endloop
  endfacet
  facet normal -0.995246 0.0973913 0
    outer loop
      vertex 160.279 42.0354 3.99
      vertex 160.3 42.25 8.99
      vertex 160.3 42.25 3.99
    endloop
  endfacet
  facet normal -0.995246 0.0973913 0
    outer loop
      vertex 160.3 42.25 8.99
      vertex 160.279 42.0354 3.99
      vertex 160.279 42.0354 8.99
    endloop
  endfacet
  facet normal 0.772572 0.634927 0
    outer loop
      vertex 158.422 41.4722 8.99
      vertex 158.285 41.6389 3.99
      vertex 158.285 41.6389 8.99
    endloop
  endfacet
  facet normal 0.772572 0.634927 0
    outer loop
      vertex 158.285 41.6389 3.99
      vertex 158.422 41.4722 8.99
      vertex 158.422 41.4722 3.99
    endloop
  endfacet
  facet normal -0.633692 0.773586 0
    outer loop
      vertex 159.978 41.4722 3.99
      vertex 159.811 41.3354 8.99
      vertex 159.978 41.4722 8.99
    endloop
  endfacet
  facet normal -0.633692 0.773586 0
    outer loop
      vertex 159.811 41.3354 8.99
      vertex 159.978 41.4722 3.99
      vertex 159.811 41.3354 3.99
    endloop
  endfacet
  facet normal 0.995246 0.0973913 0
    outer loop
      vertex 158.121 42.0354 8.99
      vertex 158.1 42.25 3.99
      vertex 158.1 42.25 8.99
    endloop
  endfacet
  facet normal 0.995246 0.0973913 0
    outer loop
      vertex 158.1 42.25 3.99
      vertex 158.121 42.0354 8.99
      vertex 158.121 42.0354 3.99
    endloop
  endfacet
  facet normal 0.0976703 0.995219 -0
    outer loop
      vertex 159.2 41.15 3.99
      vertex 158.985 41.1711 8.99
      vertex 159.2 41.15 8.99
    endloop
  endfacet
  facet normal 0.0976703 0.995219 0
    outer loop
      vertex 158.985 41.1711 8.99
      vertex 159.2 41.15 3.99
      vertex 158.985 41.1711 3.99
    endloop
  endfacet
  facet normal 0.290755 0.956798 -0
    outer loop
      vertex 158.985 41.1711 3.99
      vertex 158.779 41.2337 8.99
      vertex 158.985 41.1711 8.99
    endloop
  endfacet
  facet normal 0.290755 0.956798 0
    outer loop
      vertex 158.779 41.2337 8.99
      vertex 158.985 41.1711 3.99
      vertex 158.779 41.2337 3.99
    endloop
  endfacet
  facet normal -0.471329 0.881957 0
    outer loop
      vertex 24.852 17.2716 3
      vertex 24.3333 16.9944 8.99
      vertex 24.852 17.2716 8.99
    endloop
  endfacet
  facet normal -0.471329 0.881957 0
    outer loop
      vertex 24.3333 16.9944 8.99
      vertex 24.852 17.2716 3
      vertex 24.3333 16.9944 3
    endloop
  endfacet
  facet normal 0.471329 0.881957 -0
    outer loop
      vertex 27.6667 16.9944 3
      vertex 27.148 17.2716 8.99
      vertex 27.6667 16.9944 8.99
    endloop
  endfacet
  facet normal 0.471329 0.881957 0
    outer loop
      vertex 27.148 17.2716 8.99
      vertex 27.6667 16.9944 3
      vertex 27.148 17.2716 3
    endloop
  endfacet
  facet normal 0.95689 0.290451 0
    outer loop
      vertex 28.9424 15.0853 8.99
      vertex 28.7716 15.648 3
      vertex 28.7716 15.648 8.99
    endloop
  endfacet
  facet normal 0.95689 0.290451 0
    outer loop
      vertex 28.7716 15.648 3
      vertex 28.9424 15.0853 8.99
      vertex 28.9424 15.0853 3
    endloop
  endfacet
  facet normal 0.995193 0.097938 0
    outer loop
      vertex 29 14.5 8.99
      vertex 28.9424 15.0853 3
      vertex 28.9424 15.0853 8.99
    endloop
  endfacet
  facet normal 0.995193 0.097938 0
    outer loop
      vertex 28.9424 15.0853 3
      vertex 29 14.5 8.99
      vertex 29 14.5 3
    endloop
  endfacet
  facet normal 0.881957 0.471329 0
    outer loop
      vertex 28.7716 15.648 8.99
      vertex 28.4944 16.1667 3
      vertex 28.4944 16.1667 8.99
    endloop
  endfacet
  facet normal 0.881957 0.471329 0
    outer loop
      vertex 28.4944 16.1667 3
      vertex 28.7716 15.648 8.99
      vertex 28.7716 15.648 3
    endloop
  endfacet
  facet normal 0.097938 0.995193 -0
    outer loop
      vertex 26.5853 17.4424 3
      vertex 26 17.5 8.99
      vertex 26.5853 17.4424 8.99
    endloop
  endfacet
  facet normal 0.097938 0.995193 0
    outer loop
      vertex 26 17.5 8.99
      vertex 26.5853 17.4424 3
      vertex 26 17.5 3
    endloop
  endfacet
  facet normal 0.097938 -0.995193 0
    outer loop
      vertex 26 11.5 3
      vertex 26.5853 11.5576 8.99
      vertex 26 11.5 8.99
    endloop
  endfacet
  facet normal 0.097938 -0.995193 0
    outer loop
      vertex 26.5853 11.5576 8.99
      vertex 26 11.5 3
      vertex 26.5853 11.5576 3
    endloop
  endfacet
  facet normal 0.290451 0.95689 -0
    outer loop
      vertex 27.148 17.2716 3
      vertex 26.5853 17.4424 8.99
      vertex 27.148 17.2716 8.99
    endloop
  endfacet
  facet normal 0.290451 0.95689 0
    outer loop
      vertex 26.5853 17.4424 8.99
      vertex 27.148 17.2716 3
      vertex 26.5853 17.4424 3
    endloop
  endfacet
  facet normal 0.634413 0.772994 -0
    outer loop
      vertex 28.1213 16.6213 3
      vertex 27.6667 16.9944 8.99
      vertex 28.1213 16.6213 8.99
    endloop
  endfacet
  facet normal 0.634413 0.772994 0
    outer loop
      vertex 27.6667 16.9944 8.99
      vertex 28.1213 16.6213 3
      vertex 27.6667 16.9944 3
    endloop
  endfacet
  facet normal 0.773336 -0.633996 0
    outer loop
      vertex 28.4944 12.8333 8.99
      vertex 28.4671 12.8 3.4
      vertex 28.4944 12.8333 3
    endloop
  endfacet
  facet normal 0.772994 -0.634413 4.1521e-06
    outer loop
      vertex 28.1213 12.3787 8.99
      vertex 28.4671 12.8 3.4
      vertex 28.4944 12.8333 8.99
    endloop
  endfacet
  facet normal 0.772967 -0.634446 0
    outer loop
      vertex 28.4671 12.8 3.4
      vertex 28.1213 12.3787 8.99
      vertex 28.1213 12.3787 3.4
    endloop
  endfacet
  facet normal 0.773336 -0.633996 0
    outer loop
      vertex 28.4944 12.8333 3
      vertex 28.4671 12.8 3.4
      vertex 28.4671 12.8 3
    endloop
  endfacet
  facet normal -0.634413 0.772994 0
    outer loop
      vertex 24.3333 16.9944 3
      vertex 23.8787 16.6213 8.99
      vertex 24.3333 16.9944 8.99
    endloop
  endfacet
  facet normal -0.634413 0.772994 0
    outer loop
      vertex 23.8787 16.6213 8.99
      vertex 24.3333 16.9944 3
      vertex 23.8787 16.6213 3
    endloop
  endfacet
  facet normal 0.471329 -0.881957 -1.78853e-06
    outer loop
      vertex 27.148 11.7284 8.99
      vertex 27.6562 12 3.4
      vertex 27.6667 12.0056 8.99
    endloop
  endfacet
  facet normal 0.471345 -0.881949 0
    outer loop
      vertex 27.148 11.7284 3
      vertex 27.6562 12 3.4
      vertex 27.148 11.7284 8.99
    endloop
  endfacet
  facet normal 0.471345 -0.881949 0
    outer loop
      vertex 27.6562 12 3.4
      vertex 27.148 11.7284 3
      vertex 27.6562 12 3
    endloop
  endfacet
  facet normal 0.470588 -0.882353 0
    outer loop
      vertex 27.6667 12.0056 8.99
      vertex 27.6562 12 3.4
      vertex 27.6667 12.0056 3.4
    endloop
  endfacet
  facet normal -0.881957 -0.471329 0
    outer loop
      vertex 23.5056 12.8333 3
      vertex 23.2284 13.352 8.99
      vertex 23.2284 13.352 3
    endloop
  endfacet
  facet normal -0.881957 -0.471329 0
    outer loop
      vertex 23.2284 13.352 8.99
      vertex 23.5056 12.8333 3
      vertex 23.5056 12.8333 8.99
    endloop
  endfacet
  facet normal 0.995193 -0.097938 0
    outer loop
      vertex 28.9424 13.9147 8.99
      vertex 29 14.5 3
      vertex 29 14.5 8.99
    endloop
  endfacet
  facet normal 0.995193 -0.097938 0
    outer loop
      vertex 29 14.5 3
      vertex 28.9424 13.9147 8.99
      vertex 28.9424 13.9147 3
    endloop
  endfacet
  facet normal -0.290451 0.95689 0
    outer loop
      vertex 25.4147 17.4424 3
      vertex 24.852 17.2716 8.99
      vertex 25.4147 17.4424 8.99
    endloop
  endfacet
  facet normal -0.290451 0.95689 0
    outer loop
      vertex 24.852 17.2716 8.99
      vertex 25.4147 17.4424 3
      vertex 24.852 17.2716 3
    endloop
  endfacet
  facet normal -0.097938 -0.995193 0
    outer loop
      vertex 25.4147 11.5576 3
      vertex 26 11.5 8.99
      vertex 25.4147 11.5576 8.99
    endloop
  endfacet
  facet normal -0.097938 -0.995193 -0
    outer loop
      vertex 26 11.5 8.99
      vertex 25.4147 11.5576 3
      vertex 26 11.5 3
    endloop
  endfacet
  facet normal -0.881957 0.471329 0
    outer loop
      vertex 23.2284 15.648 3
      vertex 23.5056 16.1667 8.99
      vertex 23.5056 16.1667 3
    endloop
  endfacet
  facet normal -0.881957 0.471329 0
    outer loop
      vertex 23.5056 16.1667 8.99
      vertex 23.2284 15.648 3
      vertex 23.2284 15.648 8.99
    endloop
  endfacet
  facet normal 0.290451 -0.95689 0
    outer loop
      vertex 26.5853 11.5576 3
      vertex 27.148 11.7284 8.99
      vertex 26.5853 11.5576 8.99
    endloop
  endfacet
  facet normal 0.290451 -0.95689 0
    outer loop
      vertex 27.148 11.7284 8.99
      vertex 26.5853 11.5576 3
      vertex 27.148 11.7284 3
    endloop
  endfacet
  facet normal 0 0 1
    outer loop
      vertex 27.1 14.5 8.99
      vertex 29 14.5 8.99
      vertex 28.9424 15.0853 8.99
    endloop
  endfacet
  facet normal 0 0 1
    outer loop
      vertex 27.0789 14.7146 8.99
      vertex 28.9424 15.0853 8.99
      vertex 28.7716 15.648 8.99
    endloop
  endfacet
  facet normal 0 0 1
    outer loop
      vertex 29 14.5 8.99
      vertex 27.1 14.5 8.99
      vertex 28.9424 13.9147 8.99
    endloop
  endfacet
  facet normal 0 0 1
    outer loop
      vertex 27.0163 14.921 8.99
      vertex 28.7716 15.648 8.99
      vertex 28.4944 16.1667 8.99
    endloop
  endfacet
  facet normal -0 0 1
    outer loop
      vertex 27.0789 14.2854 8.99
      vertex 28.9424 13.9147 8.99
      vertex 27.1 14.5 8.99
    endloop
  endfacet
  facet normal 0 0 1
    outer loop
      vertex 26.9146 15.1111 8.99
      vertex 28.4944 16.1667 8.99
      vertex 28.1213 16.6213 8.99
    endloop
  endfacet
  facet normal 0 0 1
    outer loop
      vertex 28.9424 13.9147 8.99
      vertex 27.0789 14.2854 8.99
      vertex 28.7716 13.352 8.99
    endloop
  endfacet
  facet normal 0 0 1
    outer loop
      vertex 26.7778 15.2778 8.99
      vertex 28.1213 16.6213 8.99
      vertex 27.6667 16.9944 8.99
    endloop
  endfacet
  facet normal -0 0 1
    outer loop
      vertex 27.0163 14.079 8.99
      vertex 28.7716 13.352 8.99
      vertex 27.0789 14.2854 8.99
    endloop
  endfacet
  facet normal 0 0 1
    outer loop
      vertex 26.6111 15.4146 8.99
      vertex 27.6667 16.9944 8.99
      vertex 27.148 17.2716 8.99
    endloop
  endfacet
  facet normal 0 0 1
    outer loop
      vertex 28.7716 13.352 8.99
      vertex 27.0163 14.079 8.99
      vertex 28.4944 12.8333 8.99
    endloop
  endfacet
  facet normal -0 0 1
    outer loop
      vertex 26.9146 13.8889 8.99
      vertex 28.4944 12.8333 8.99
      vertex 27.0163 14.079 8.99
    endloop
  endfacet
  facet normal 0 0 1
    outer loop
      vertex 28.9424 15.0853 8.99
      vertex 27.0789 14.7146 8.99
      vertex 27.1 14.5 8.99
    endloop
  endfacet
  facet normal 0 0 1
    outer loop
      vertex 28.7716 15.648 8.99
      vertex 27.0163 14.921 8.99
      vertex 27.0789 14.7146 8.99
    endloop
  endfacet
  facet normal 0 0 1
    outer loop
      vertex 28.4944 16.1667 8.99
      vertex 26.9146 15.1111 8.99
      vertex 27.0163 14.921 8.99
    endloop
  endfacet
  facet normal 0 0 1
    outer loop
      vertex 28.1213 16.6213 8.99
      vertex 26.7778 15.2778 8.99
      vertex 26.9146 15.1111 8.99
    endloop
  endfacet
  facet normal 0 0 1
    outer loop
      vertex 27.6667 16.9944 8.99
      vertex 26.6111 15.4146 8.99
      vertex 26.7778 15.2778 8.99
    endloop
  endfacet
  facet normal 0 0 1
    outer loop
      vertex 26.421 15.5163 8.99
      vertex 27.148 17.2716 8.99
      vertex 26.5853 17.4424 8.99
    endloop
  endfacet
  facet normal 0 0 1
    outer loop
      vertex 27.148 17.2716 8.99
      vertex 26.421 15.5163 8.99
      vertex 26.6111 15.4146 8.99
    endloop
  endfacet
  facet normal 0 0 1
    outer loop
      vertex 26.5853 17.4424 8.99
      vertex 26.2146 15.5789 8.99
      vertex 26.421 15.5163 8.99
    endloop
  endfacet
  facet normal 0 0 1
    outer loop
      vertex 26 17.5 8.99
      vertex 26.2146 15.5789 8.99
      vertex 26.5853 17.4424 8.99
    endloop
  endfacet
  facet normal 0 0 1
    outer loop
      vertex 26 17.5 8.99
      vertex 26 15.6 8.99
      vertex 26.2146 15.5789 8.99
    endloop
  endfacet
  facet normal 0 0 1
    outer loop
      vertex 26 17.5 8.99
      vertex 25.7854 15.5789 8.99
      vertex 26 15.6 8.99
    endloop
  endfacet
  facet normal -0 0 1
    outer loop
      vertex 25.4147 17.4424 8.99
      vertex 25.7854 15.5789 8.99
      vertex 26 17.5 8.99
    endloop
  endfacet
  facet normal 0 0 1
    outer loop
      vertex 25.7854 15.5789 8.99
      vertex 25.4147 17.4424 8.99
      vertex 25.579 15.5163 8.99
    endloop
  endfacet
  facet normal -0 0 1
    outer loop
      vertex 24.852 17.2716 8.99
      vertex 25.579 15.5163 8.99
      vertex 25.4147 17.4424 8.99
    endloop
  endfacet
  facet normal 0 0 1
    outer loop
      vertex 25.579 15.5163 8.99
      vertex 24.852 17.2716 8.99
      vertex 25.3889 15.4146 8.99
    endloop
  endfacet
  facet normal -0 0 1
    outer loop
      vertex 24.3333 16.9944 8.99
      vertex 25.3889 15.4146 8.99
      vertex 24.852 17.2716 8.99
    endloop
  endfacet
  facet normal 0 0 1
    outer loop
      vertex 25.3889 15.4146 8.99
      vertex 24.3333 16.9944 8.99
      vertex 25.2222 15.2778 8.99
    endloop
  endfacet
  facet normal -0 0 1
    outer loop
      vertex 23.8787 16.6213 8.99
      vertex 25.2222 15.2778 8.99
      vertex 24.3333 16.9944 8.99
    endloop
  endfacet
  facet normal -0 0 1
    outer loop
      vertex 23.5056 16.1667 8.99
      vertex 25.0854 15.1111 8.99
      vertex 23.8787 16.6213 8.99
    endloop
  endfacet
  facet normal 0 0 1
    outer loop
      vertex 25.2222 15.2778 8.99
      vertex 23.8787 16.6213 8.99
      vertex 25.0854 15.1111 8.99
    endloop
  endfacet
  facet normal 0 0 1
    outer loop
      vertex 28.4944 12.8333 8.99
      vertex 26.9146 13.8889 8.99
      vertex 28.1213 12.3787 8.99
    endloop
  endfacet
  facet normal -0 0 1
    outer loop
      vertex 26.7778 13.7222 8.99
      vertex 28.1213 12.3787 8.99
      vertex 26.9146 13.8889 8.99
    endloop
  endfacet
  facet normal 0 0 1
    outer loop
      vertex 28.1213 12.3787 8.99
      vertex 26.7778 13.7222 8.99
      vertex 27.6667 12.0056 8.99
    endloop
  endfacet
  facet normal -0 0 1
    outer loop
      vertex 26.6111 13.5854 8.99
      vertex 27.6667 12.0056 8.99
      vertex 26.7778 13.7222 8.99
    endloop
  endfacet
  facet normal 0 0 1
    outer loop
      vertex 27.6667 12.0056 8.99
      vertex 26.6111 13.5854 8.99
      vertex 27.148 11.7284 8.99
    endloop
  endfacet
  facet normal -0 0 1
    outer loop
      vertex 26.421 13.4837 8.99
      vertex 27.148 11.7284 8.99
      vertex 26.6111 13.5854 8.99
    endloop
  endfacet
  facet normal 0 0 1
    outer loop
      vertex 27.148 11.7284 8.99
      vertex 26.421 13.4837 8.99
      vertex 26.5853 11.5576 8.99
    endloop
  endfacet
  facet normal -0 0 1
    outer loop
      vertex 26.2146 13.4211 8.99
      vertex 26.5853 11.5576 8.99
      vertex 26.421 13.4837 8.99
    endloop
  endfacet
  facet normal -0 0 1
    outer loop
      vertex 26 13.4 8.99
      vertex 26.5853 11.5576 8.99
      vertex 26.2146 13.4211 8.99
    endloop
  endfacet
  facet normal 0 0 1
    outer loop
      vertex 26 13.4 8.99
      vertex 26 11.5 8.99
      vertex 26.5853 11.5576 8.99
    endloop
  endfacet
  facet normal 0 0 1
    outer loop
      vertex 25.7854 13.4211 8.99
      vertex 26 11.5 8.99
      vertex 26 13.4 8.99
    endloop
  endfacet
  facet normal 0 0 1
    outer loop
      vertex 25.4147 11.5576 8.99
      vertex 25.7854 13.4211 8.99
      vertex 25.579 13.4837 8.99
    endloop
  endfacet
  facet normal 0 0 1
    outer loop
      vertex 25.7854 13.4211 8.99
      vertex 25.4147 11.5576 8.99
      vertex 26 11.5 8.99
    endloop
  endfacet
  facet normal 0 0 1
    outer loop
      vertex 24.852 11.7284 8.99
      vertex 25.579 13.4837 8.99
      vertex 25.3889 13.5854 8.99
    endloop
  endfacet
  facet normal 0 0 1
    outer loop
      vertex 24.3333 12.0056 8.99
      vertex 25.3889 13.5854 8.99
      vertex 25.2222 13.7222 8.99
    endloop
  endfacet
  facet normal 0 0 1
    outer loop
      vertex 23.8787 12.3787 8.99
      vertex 25.2222 13.7222 8.99
      vertex 25.0854 13.8889 8.99
    endloop
  endfacet
  facet normal 0 0 1
    outer loop
      vertex 23.5056 12.8333 8.99
      vertex 25.0854 13.8889 8.99
      vertex 24.9837 14.079 8.99
    endloop
  endfacet
  facet normal 0 0 1
    outer loop
      vertex 23.2284 13.352 8.99
      vertex 24.9837 14.079 8.99
      vertex 24.9211 14.2854 8.99
    endloop
  endfacet
  facet normal 0 0 1
    outer loop
      vertex 25.579 13.4837 8.99
      vertex 24.852 11.7284 8.99
      vertex 25.4147 11.5576 8.99
    endloop
  endfacet
  facet normal 0 0 1
    outer loop
      vertex 23.0576 13.9147 8.99
      vertex 24.9211 14.2854 8.99
      vertex 24.9 14.5 8.99
    endloop
  endfacet
  facet normal 0 0 1
    outer loop
      vertex 25.0854 15.1111 8.99
      vertex 23.5056 16.1667 8.99
      vertex 24.9837 14.921 8.99
    endloop
  endfacet
  facet normal -0 0 1
    outer loop
      vertex 23.2284 15.648 8.99
      vertex 24.9837 14.921 8.99
      vertex 23.5056 16.1667 8.99
    endloop
  endfacet
  facet normal 0 0 1
    outer loop
      vertex 25.3889 13.5854 8.99
      vertex 24.3333 12.0056 8.99
      vertex 24.852 11.7284 8.99
    endloop
  endfacet
  facet normal 0 0 1
    outer loop
      vertex 24.9837 14.921 8.99
      vertex 23.2284 15.648 8.99
      vertex 24.9211 14.7146 8.99
    endloop
  endfacet
  facet normal 0 0 1
    outer loop
      vertex 25.2222 13.7222 8.99
      vertex 23.8787 12.3787 8.99
      vertex 24.3333 12.0056 8.99
    endloop
  endfacet
  facet normal -0 0 1
    outer loop
      vertex 23.0576 15.0853 8.99
      vertex 24.9211 14.7146 8.99
      vertex 23.2284 15.648 8.99
    endloop
  endfacet
  facet normal 0 0 1
    outer loop
      vertex 25.0854 13.8889 8.99
      vertex 23.5056 12.8333 8.99
      vertex 23.8787 12.3787 8.99
    endloop
  endfacet
  facet normal 0 0 1
    outer loop
      vertex 24.9211 14.7146 8.99
      vertex 23.0576 15.0853 8.99
      vertex 24.9 14.5 8.99
    endloop
  endfacet
  facet normal 0 0 1
    outer loop
      vertex 24.9837 14.079 8.99
      vertex 23.2284 13.352 8.99
      vertex 23.5056 12.8333 8.99
    endloop
  endfacet
  facet normal 0 0 1
    outer loop
      vertex 23 14.5 8.99
      vertex 24.9 14.5 8.99
      vertex 23.0576 15.0853 8.99
    endloop
  endfacet
  facet normal 0 0 1
    outer loop
      vertex 24.9211 14.2854 8.99
      vertex 23.0576 13.9147 8.99
      vertex 23.2284 13.352 8.99
    endloop
  endfacet
  facet normal 0 0 1
    outer loop
      vertex 24.9 14.5 8.99
      vertex 23 14.5 8.99
      vertex 23.0576 13.9147 8.99
    endloop
  endfacet
  facet normal -0.290451 -0.95689 0
    outer loop
      vertex 24.852 11.7284 3
      vertex 25.4147 11.5576 8.99
      vertex 24.852 11.7284 8.99
    endloop
  endfacet
  facet normal -0.290451 -0.95689 -0
    outer loop
      vertex 25.4147 11.5576 8.99
      vertex 24.852 11.7284 3
      vertex 25.4147 11.5576 3
    endloop
  endfacet
  facet normal 0.95689 -0.290451 0
    outer loop
      vertex 28.7716 13.352 8.99
      vertex 28.9424 13.9147 3
      vertex 28.9424 13.9147 8.99
    endloop
  endfacet
  facet normal 0.95689 -0.290451 0
    outer loop
      vertex 28.9424 13.9147 3
      vertex 28.7716 13.352 8.99
      vertex 28.7716 13.352 3
    endloop
  endfacet
  facet normal 0.772994 0.634413 0
    outer loop
      vertex 28.4944 16.1667 8.99
      vertex 28.1213 16.6213 3
      vertex 28.1213 16.6213 8.99
    endloop
  endfacet
  facet normal 0.772994 0.634413 0
    outer loop
      vertex 28.1213 16.6213 3
      vertex 28.4944 16.1667 8.99
      vertex 28.4944 16.1667 3
    endloop
  endfacet
  facet normal -0.995193 0.097938 0
    outer loop
      vertex 23 14.5 3
      vertex 23.0576 15.0853 8.99
      vertex 23.0576 15.0853 3
    endloop
  endfacet
  facet normal -0.995193 0.097938 0
    outer loop
      vertex 23.0576 15.0853 8.99
      vertex 23 14.5 3
      vertex 23 14.5 8.99
    endloop
  endfacet
  facet normal 0.634413 -0.772994 0
    outer loop
      vertex 27.6667 12.0056 3.4
      vertex 28.1213 12.3787 8.99
      vertex 27.6667 12.0056 8.99
    endloop
  endfacet
  facet normal 0.634413 -0.772994 0
    outer loop
      vertex 28.1213 12.3787 8.99
      vertex 27.6667 12.0056 3.4
      vertex 28.1213 12.3787 3.4
    endloop
  endfacet
  facet normal -0.634413 -0.772994 0
    outer loop
      vertex 23.8787 12.3787 3.4
      vertex 24.3333 12.0056 8.99
      vertex 23.8787 12.3787 8.99
    endloop
  endfacet
  facet normal -0.634413 -0.772994 -0
    outer loop
      vertex 24.3333 12.0056 8.99
      vertex 23.8787 12.3787 3.4
      vertex 24.3333 12.0056 3.4
    endloop
  endfacet
  facet normal -0.097938 0.995193 0
    outer loop
      vertex 26 17.5 3
      vertex 25.4147 17.4424 8.99
      vertex 26 17.5 8.99
    endloop
  endfacet
  facet normal -0.097938 0.995193 0
    outer loop
      vertex 25.4147 17.4424 8.99
      vertex 26 17.5 3
      vertex 25.4147 17.4424 3
    endloop
  endfacet
  facet normal 0.881957 -0.471329 0
    outer loop
      vertex 28.4944 12.8333 8.99
      vertex 28.7716 13.352 3
      vertex 28.7716 13.352 8.99
    endloop
  endfacet
  facet normal 0.881957 -0.471329 0
    outer loop
      vertex 28.7716 13.352 3
      vertex 28.4944 12.8333 8.99
      vertex 28.4944 12.8333 3
    endloop
  endfacet
  facet normal -0.95689 -0.290451 0
    outer loop
      vertex 23.2284 13.352 3
      vertex 23.0576 13.9147 8.99
      vertex 23.0576 13.9147 3
    endloop
  endfacet
  facet normal -0.95689 -0.290451 0
    outer loop
      vertex 23.0576 13.9147 8.99
      vertex 23.2284 13.352 3
      vertex 23.2284 13.352 8.99
    endloop
  endfacet
  facet normal -0.995193 -0.097938 0
    outer loop
      vertex 23.0576 13.9147 3
      vertex 23 14.5 8.99
      vertex 23 14.5 3
    endloop
  endfacet
  facet normal -0.995193 -0.097938 0
    outer loop
      vertex 23 14.5 8.99
      vertex 23.0576 13.9147 3
      vertex 23.0576 13.9147 8.99
    endloop
  endfacet
  facet normal -0.773336 -0.633996 -0
    outer loop
      vertex 23.5329 12.8 3.4
      vertex 23.5056 12.8333 3
      vertex 23.5329 12.8 3
    endloop
  endfacet
  facet normal -0.773336 -0.633996 0
    outer loop
      vertex 23.5056 12.8333 3
      vertex 23.5329 12.8 3.4
      vertex 23.5056 12.8333 8.99
    endloop
  endfacet
  facet normal -0.772967 -0.634446 4.48013e-06
    outer loop
      vertex 23.8787 12.3787 3.4
      vertex 23.5056 12.8333 8.99
      vertex 23.5329 12.8 3.4
    endloop
  endfacet
  facet normal -0.772994 -0.634413 0
    outer loop
      vertex 23.5056 12.8333 8.99
      vertex 23.8787 12.3787 3.4
      vertex 23.8787 12.3787 8.99
    endloop
  endfacet
  facet normal -0.772994 0.634413 0
    outer loop
      vertex 23.5056 16.1667 3
      vertex 23.8787 16.6213 8.99
      vertex 23.8787 16.6213 3
    endloop
  endfacet
  facet normal -0.772994 0.634413 0
    outer loop
      vertex 23.8787 16.6213 8.99
      vertex 23.5056 16.1667 3
      vertex 23.5056 16.1667 8.99
    endloop
  endfacet
  facet normal -0.95689 0.290451 0
    outer loop
      vertex 23.0576 15.0853 3
      vertex 23.2284 15.648 8.99
      vertex 23.2284 15.648 3
    endloop
  endfacet
  facet normal -0.95689 0.290451 0
    outer loop
      vertex 23.2284 15.648 8.99
      vertex 23.0576 15.0853 3
      vertex 23.0576 15.0853 8.99
    endloop
  endfacet
  facet normal -0.470588 -0.882353 0
    outer loop
      vertex 24.3438 12 3.4
      vertex 24.3333 12.0056 8.99
      vertex 24.3333 12.0056 3.4
    endloop
  endfacet
  facet normal -0.471329 -0.881957 -1.78853e-06
    outer loop
      vertex 24.3333 12.0056 8.99
      vertex 24.3438 12 3.4
      vertex 24.852 11.7284 8.99
    endloop
  endfacet
  facet normal -0.471345 -0.881949 0
    outer loop
      vertex 24.852 11.7284 3
      vertex 24.3438 12 3.4
      vertex 24.3438 12 3
    endloop
  endfacet
  facet normal -0.471345 -0.881949 0
    outer loop
      vertex 24.3438 12 3.4
      vertex 24.852 11.7284 3
      vertex 24.852 11.7284 8.99
    endloop
  endfacet
  facet normal 0.471719 0.881749 -0
    outer loop
      vertex 25.579 13.4837 3.99
      vertex 25.3889 13.5854 8.99
      vertex 25.579 13.4837 8.99
    endloop
  endfacet
  facet normal 0.471719 0.881749 0
    outer loop
      vertex 25.3889 13.5854 8.99
      vertex 25.579 13.4837 3.99
      vertex 25.3889 13.5854 3.99
    endloop
  endfacet
  facet normal -0.956954 -0.290239 0
    outer loop
      vertex 27.0789 14.7146 3.99
      vertex 27.0163 14.921 8.99
      vertex 27.0163 14.921 3.99
    endloop
  endfacet
  facet normal -0.956954 -0.290239 0
    outer loop
      vertex 27.0163 14.921 8.99
      vertex 27.0789 14.7146 3.99
      vertex 27.0789 14.7146 8.99
    endloop
  endfacet
  facet normal -0.995201 -0.0978506 0
    outer loop
      vertex 27.1 14.5 3.99
      vertex 27.0789 14.7146 8.99
      vertex 27.0789 14.7146 3.99
    endloop
  endfacet
  facet normal -0.995201 -0.0978506 0
    outer loop
      vertex 27.0789 14.7146 8.99
      vertex 27.1 14.5 3.99
      vertex 27.1 14.5 8.99
    endloop
  endfacet
  facet normal -0.881749 -0.471719 0
    outer loop
      vertex 27.0163 14.921 3.99
      vertex 26.9146 15.1111 8.99
      vertex 26.9146 15.1111 3.99
    endloop
  endfacet
  facet normal -0.881749 -0.471719 0
    outer loop
      vertex 26.9146 15.1111 8.99
      vertex 27.0163 14.921 3.99
      vertex 27.0163 14.921 8.99
    endloop
  endfacet
  facet normal -0.471719 -0.881749 0
    outer loop
      vertex 26.421 15.5163 3.99
      vertex 26.6111 15.4146 8.99
      vertex 26.421 15.5163 8.99
    endloop
  endfacet
  facet normal -0.471719 -0.881749 -0
    outer loop
      vertex 26.6111 15.4146 8.99
      vertex 26.421 15.5163 3.99
      vertex 26.6111 15.4146 3.99
    endloop
  endfacet
  facet normal 0.956954 0.290239 0
    outer loop
      vertex 24.9837 14.079 8.99
      vertex 24.9211 14.2854 3.99
      vertex 24.9211 14.2854 8.99
    endloop
  endfacet
  facet normal 0.956954 0.290239 0
    outer loop
      vertex 24.9211 14.2854 3.99
      vertex 24.9837 14.079 8.99
      vertex 24.9837 14.079 3.99
    endloop
  endfacet
  facet normal -0.471719 0.881749 0
    outer loop
      vertex 26.6111 13.5854 3.99
      vertex 26.421 13.4837 8.99
      vertex 26.6111 13.5854 8.99
    endloop
  endfacet
  facet normal -0.471719 0.881749 0
    outer loop
      vertex 26.421 13.4837 8.99
      vertex 26.6111 13.5854 3.99
      vertex 26.421 13.4837 3.99
    endloop
  endfacet
  facet normal -0.773027 -0.634373 0
    outer loop
      vertex 26.9146 15.1111 3.99
      vertex 26.7778 15.2778 8.99
      vertex 26.7778 15.2778 3.99
    endloop
  endfacet
  facet normal -0.773027 -0.634373 0
    outer loop
      vertex 26.7778 15.2778 8.99
      vertex 26.9146 15.1111 3.99
      vertex 26.9146 15.1111 8.99
    endloop
  endfacet
  facet normal -0.290239 -0.956954 0
    outer loop
      vertex 26.2146 15.5789 3.99
      vertex 26.421 15.5163 8.99
      vertex 26.2146 15.5789 8.99
    endloop
  endfacet
  facet normal -0.290239 -0.956954 -0
    outer loop
      vertex 26.421 15.5163 8.99
      vertex 26.2146 15.5789 3.99
      vertex 26.421 15.5163 3.99
    endloop
  endfacet
  facet normal 0.471719 -0.881749 0
    outer loop
      vertex 25.3889 15.4146 3.99
      vertex 25.579 15.5163 8.99
      vertex 25.3889 15.4146 8.99
    endloop
  endfacet
  facet normal 0.471719 -0.881749 0
    outer loop
      vertex 25.579 15.5163 8.99
      vertex 25.3889 15.4146 3.99
      vertex 25.579 15.5163 3.99
    endloop
  endfacet
  facet normal 0.881749 0.471719 0
    outer loop
      vertex 25.0854 13.8889 8.99
      vertex 24.9837 14.079 3.99
      vertex 24.9837 14.079 8.99
    endloop
  endfacet
  facet normal 0.881749 0.471719 0
    outer loop
      vertex 24.9837 14.079 3.99
      vertex 25.0854 13.8889 8.99
      vertex 25.0854 13.8889 3.99
    endloop
  endfacet
  facet normal -0.0978506 -0.995201 0
    outer loop
      vertex 26 15.6 3.99
      vertex 26.2146 15.5789 8.99
      vertex 26 15.6 8.99
    endloop
  endfacet
  facet normal -0.0978506 -0.995201 -0
    outer loop
      vertex 26.2146 15.5789 8.99
      vertex 26 15.6 3.99
      vertex 26.2146 15.5789 3.99
    endloop
  endfacet
  facet normal -0.290239 0.956954 0
    outer loop
      vertex 26.421 13.4837 3.99
      vertex 26.2146 13.4211 8.99
      vertex 26.421 13.4837 8.99
    endloop
  endfacet
  facet normal -0.290239 0.956954 0
    outer loop
      vertex 26.2146 13.4211 8.99
      vertex 26.421 13.4837 3.99
      vertex 26.2146 13.4211 3.99
    endloop
  endfacet
  facet normal 0.995201 -0.0978506 0
    outer loop
      vertex 24.9 14.5 8.99
      vertex 24.9211 14.7146 3.99
      vertex 24.9211 14.7146 8.99
    endloop
  endfacet
  facet normal 0.995201 -0.0978506 0
    outer loop
      vertex 24.9211 14.7146 3.99
      vertex 24.9 14.5 8.99
      vertex 24.9 14.5 3.99
    endloop
  endfacet
  facet normal -0.881749 0.471719 0
    outer loop
      vertex 26.9146 13.8889 3.99
      vertex 27.0163 14.079 8.99
      vertex 27.0163 14.079 3.99
    endloop
  endfacet
  facet normal -0.881749 0.471719 0
    outer loop
      vertex 27.0163 14.079 8.99
      vertex 26.9146 13.8889 3.99
      vertex 26.9146 13.8889 8.99
    endloop
  endfacet
  facet normal -0.773027 0.634373 0
    outer loop
      vertex 26.7778 13.7222 3.99
      vertex 26.9146 13.8889 8.99
      vertex 26.9146 13.8889 3.99
    endloop
  endfacet
  facet normal -0.773027 0.634373 0
    outer loop
      vertex 26.9146 13.8889 8.99
      vertex 26.7778 13.7222 3.99
      vertex 26.7778 13.7222 8.99
    endloop
  endfacet
  facet normal 0.634373 -0.773027 0
    outer loop
      vertex 25.2222 15.2778 3.99
      vertex 25.3889 15.4146 8.99
      vertex 25.2222 15.2778 8.99
    endloop
  endfacet
  facet normal 0.634373 -0.773027 0
    outer loop
      vertex 25.3889 15.4146 8.99
      vertex 25.2222 15.2778 3.99
      vertex 25.3889 15.4146 3.99
    endloop
  endfacet
  facet normal 0 0 1
    outer loop
      vertex 27.0789 14.7146 3.99
      vertex 27.0789 14.2854 3.99
      vertex 27.1 14.5 3.99
    endloop
  endfacet
  facet normal 0 0 1
    outer loop
      vertex 27.0163 14.921 3.99
      vertex 27.0789 14.2854 3.99
      vertex 27.0789 14.7146 3.99
    endloop
  endfacet
  facet normal 0 0 1
    outer loop
      vertex 27.0163 14.921 3.99
      vertex 27.0163 14.079 3.99
      vertex 27.0789 14.2854 3.99
    endloop
  endfacet
  facet normal 0 0 1
    outer loop
      vertex 26.9146 15.1111 3.99
      vertex 27.0163 14.079 3.99
      vertex 27.0163 14.921 3.99
    endloop
  endfacet
  facet normal 0 0 1
    outer loop
      vertex 26.9146 15.1111 3.99
      vertex 26.9146 13.8889 3.99
      vertex 27.0163 14.079 3.99
    endloop
  endfacet
  facet normal 0 0 1
    outer loop
      vertex 26.7778 15.2778 3.99
      vertex 26.9146 13.8889 3.99
      vertex 26.9146 15.1111 3.99
    endloop
  endfacet
  facet normal 0 0 1
    outer loop
      vertex 26.7778 15.2778 3.99
      vertex 26.7778 13.7222 3.99
      vertex 26.9146 13.8889 3.99
    endloop
  endfacet
  facet normal 0 0 1
    outer loop
      vertex 26.6111 15.4146 3.99
      vertex 26.7778 13.7222 3.99
      vertex 26.7778 15.2778 3.99
    endloop
  endfacet
  facet normal 0 0 1
    outer loop
      vertex 26.6111 15.4146 3.99
      vertex 26.6111 13.5854 3.99
      vertex 26.7778 13.7222 3.99
    endloop
  endfacet
  facet normal 0 0 1
    outer loop
      vertex 26.421 15.5163 3.99
      vertex 26.6111 13.5854 3.99
      vertex 26.6111 15.4146 3.99
    endloop
  endfacet
  facet normal 0 0 1
    outer loop
      vertex 26.421 15.5163 3.99
      vertex 26.421 13.4837 3.99
      vertex 26.6111 13.5854 3.99
    endloop
  endfacet
  facet normal 0 0 1
    outer loop
      vertex 26.2146 15.5789 3.99
      vertex 26.421 13.4837 3.99
      vertex 26.421 15.5163 3.99
    endloop
  endfacet
  facet normal 0 0 1
    outer loop
      vertex 26.2146 15.5789 3.99
      vertex 26.2146 13.4211 3.99
      vertex 26.421 13.4837 3.99
    endloop
  endfacet
  facet normal 0 0 1
    outer loop
      vertex 26 15.6 3.99
      vertex 26.2146 13.4211 3.99
      vertex 26.2146 15.5789 3.99
    endloop
  endfacet
  facet normal 0 0 1
    outer loop
      vertex 26 15.6 3.99
      vertex 26 13.4 3.99
      vertex 26.2146 13.4211 3.99
    endloop
  endfacet
  facet normal -0 0 1
    outer loop
      vertex 25.7854 15.5789 3.99
      vertex 26 13.4 3.99
      vertex 26 15.6 3.99
    endloop
  endfacet
  facet normal 0 0 1
    outer loop
      vertex 25.7854 15.5789 3.99
      vertex 25.7854 13.4211 3.99
      vertex 26 13.4 3.99
    endloop
  endfacet
  facet normal -0 0 1
    outer loop
      vertex 25.579 15.5163 3.99
      vertex 25.7854 13.4211 3.99
      vertex 25.7854 15.5789 3.99
    endloop
  endfacet
  facet normal 0 0 1
    outer loop
      vertex 25.579 15.5163 3.99
      vertex 25.579 13.4837 3.99
      vertex 25.7854 13.4211 3.99
    endloop
  endfacet
  facet normal -0 0 1
    outer loop
      vertex 25.3889 15.4146 3.99
      vertex 25.579 13.4837 3.99
      vertex 25.579 15.5163 3.99
    endloop
  endfacet
  facet normal 0 0 1
    outer loop
      vertex 25.3889 15.4146 3.99
      vertex 25.3889 13.5854 3.99
      vertex 25.579 13.4837 3.99
    endloop
  endfacet
  facet normal -0 0 1
    outer loop
      vertex 25.2222 15.2778 3.99
      vertex 25.3889 13.5854 3.99
      vertex 25.3889 15.4146 3.99
    endloop
  endfacet
  facet normal 0 0 1
    outer loop
      vertex 25.2222 15.2778 3.99
      vertex 25.2222 13.7222 3.99
      vertex 25.3889 13.5854 3.99
    endloop
  endfacet
  facet normal -0 0 1
    outer loop
      vertex 25.0854 15.1111 3.99
      vertex 25.2222 13.7222 3.99
      vertex 25.2222 15.2778 3.99
    endloop
  endfacet
  facet normal 0 0 1
    outer loop
      vertex 25.0854 15.1111 3.99
      vertex 25.0854 13.8889 3.99
      vertex 25.2222 13.7222 3.99
    endloop
  endfacet
  facet normal -0 0 1
    outer loop
      vertex 24.9837 14.921 3.99
      vertex 25.0854 13.8889 3.99
      vertex 25.0854 15.1111 3.99
    endloop
  endfacet
  facet normal 0 0 1
    outer loop
      vertex 24.9837 14.921 3.99
      vertex 24.9837 14.079 3.99
      vertex 25.0854 13.8889 3.99
    endloop
  endfacet
  facet normal -0 0 1
    outer loop
      vertex 24.9211 14.7146 3.99
      vertex 24.9837 14.079 3.99
      vertex 24.9837 14.921 3.99
    endloop
  endfacet
  facet normal 0 0 1
    outer loop
      vertex 24.9211 14.7146 3.99
      vertex 24.9211 14.2854 3.99
      vertex 24.9837 14.079 3.99
    endloop
  endfacet
  facet normal 0 -0 1
    outer loop
      vertex 24.9211 14.2854 3.99
      vertex 24.9211 14.7146 3.99
      vertex 24.9 14.5 3.99
    endloop
  endfacet
  facet normal 0.290239 -0.956954 0
    outer loop
      vertex 25.579 15.5163 3.99
      vertex 25.7854 15.5789 8.99
      vertex 25.579 15.5163 8.99
    endloop
  endfacet
  facet normal 0.290239 -0.956954 0
    outer loop
      vertex 25.7854 15.5789 8.99
      vertex 25.579 15.5163 3.99
      vertex 25.7854 15.5789 3.99
    endloop
  endfacet
  facet normal -0.634373 -0.773027 0
    outer loop
      vertex 26.6111 15.4146 3.99
      vertex 26.7778 15.2778 8.99
      vertex 26.6111 15.4146 8.99
    endloop
  endfacet
  facet normal -0.634373 -0.773027 -0
    outer loop
      vertex 26.7778 15.2778 8.99
      vertex 26.6111 15.4146 3.99
      vertex 26.7778 15.2778 3.99
    endloop
  endfacet
  facet normal 0.881749 -0.471719 0
    outer loop
      vertex 24.9837 14.921 8.99
      vertex 25.0854 15.1111 3.99
      vertex 25.0854 15.1111 8.99
    endloop
  endfacet
  facet normal 0.881749 -0.471719 0
    outer loop
      vertex 25.0854 15.1111 3.99
      vertex 24.9837 14.921 8.99
      vertex 24.9837 14.921 3.99
    endloop
  endfacet
  facet normal -0.0978506 0.995201 0
    outer loop
      vertex 26.2146 13.4211 3.99
      vertex 26 13.4 8.99
      vertex 26.2146 13.4211 8.99
    endloop
  endfacet
  facet normal -0.0978506 0.995201 0
    outer loop
      vertex 26 13.4 8.99
      vertex 26.2146 13.4211 3.99
      vertex 26 13.4 3.99
    endloop
  endfacet
  facet normal 0.634373 0.773027 -0
    outer loop
      vertex 25.3889 13.5854 3.99
      vertex 25.2222 13.7222 8.99
      vertex 25.3889 13.5854 8.99
    endloop
  endfacet
  facet normal 0.634373 0.773027 0
    outer loop
      vertex 25.2222 13.7222 8.99
      vertex 25.3889 13.5854 3.99
      vertex 25.2222 13.7222 3.99
    endloop
  endfacet
  facet normal 0.956954 -0.290239 0
    outer loop
      vertex 24.9211 14.7146 8.99
      vertex 24.9837 14.921 3.99
      vertex 24.9837 14.921 8.99
    endloop
  endfacet
  facet normal 0.956954 -0.290239 0
    outer loop
      vertex 24.9837 14.921 3.99
      vertex 24.9211 14.7146 8.99
      vertex 24.9211 14.7146 3.99
    endloop
  endfacet
  facet normal -0.956954 0.290239 0
    outer loop
      vertex 27.0163 14.079 3.99
      vertex 27.0789 14.2854 8.99
      vertex 27.0789 14.2854 3.99
    endloop
  endfacet
  facet normal -0.956954 0.290239 0
    outer loop
      vertex 27.0789 14.2854 8.99
      vertex 27.0163 14.079 3.99
      vertex 27.0163 14.079 8.99
    endloop
  endfacet
  facet normal 0.0978506 -0.995201 0
    outer loop
      vertex 25.7854 15.5789 3.99
      vertex 26 15.6 8.99
      vertex 25.7854 15.5789 8.99
    endloop
  endfacet
  facet normal 0.0978506 -0.995201 0
    outer loop
      vertex 26 15.6 8.99
      vertex 25.7854 15.5789 3.99
      vertex 26 15.6 3.99
    endloop
  endfacet
  facet normal 0.773027 -0.634373 0
    outer loop
      vertex 25.0854 15.1111 8.99
      vertex 25.2222 15.2778 3.99
      vertex 25.2222 15.2778 8.99
    endloop
  endfacet
  facet normal 0.773027 -0.634373 0
    outer loop
      vertex 25.2222 15.2778 3.99
      vertex 25.0854 15.1111 8.99
      vertex 25.0854 15.1111 3.99
    endloop
  endfacet
  facet normal -0.995201 0.0978506 0
    outer loop
      vertex 27.0789 14.2854 3.99
      vertex 27.1 14.5 8.99
      vertex 27.1 14.5 3.99
    endloop
  endfacet
  facet normal -0.995201 0.0978506 0
    outer loop
      vertex 27.1 14.5 8.99
      vertex 27.0789 14.2854 3.99
      vertex 27.0789 14.2854 8.99
    endloop
  endfacet
  facet normal 0.773027 0.634373 0
    outer loop
      vertex 25.2222 13.7222 8.99
      vertex 25.0854 13.8889 3.99
      vertex 25.0854 13.8889 8.99
    endloop
  endfacet
  facet normal 0.773027 0.634373 0
    outer loop
      vertex 25.0854 13.8889 3.99
      vertex 25.2222 13.7222 8.99
      vertex 25.2222 13.7222 3.99
    endloop
  endfacet
  facet normal -0.634373 0.773027 0
    outer loop
      vertex 26.7778 13.7222 3.99
      vertex 26.6111 13.5854 8.99
      vertex 26.7778 13.7222 8.99
    endloop
  endfacet
  facet normal -0.634373 0.773027 0
    outer loop
      vertex 26.6111 13.5854 8.99
      vertex 26.7778 13.7222 3.99
      vertex 26.6111 13.5854 3.99
    endloop
  endfacet
  facet normal 0.995201 0.0978506 0
    outer loop
      vertex 24.9211 14.2854 8.99
      vertex 24.9 14.5 3.99
      vertex 24.9 14.5 8.99
    endloop
  endfacet
  facet normal 0.995201 0.0978506 0
    outer loop
      vertex 24.9 14.5 3.99
      vertex 24.9211 14.2854 8.99
      vertex 24.9211 14.2854 3.99
    endloop
  endfacet
  facet normal 0.0978506 0.995201 -0
    outer loop
      vertex 26 13.4 3.99
      vertex 25.7854 13.4211 8.99
      vertex 26 13.4 8.99
    endloop
  endfacet
  facet normal 0.0978506 0.995201 0
    outer loop
      vertex 25.7854 13.4211 8.99
      vertex 26 13.4 3.99
      vertex 25.7854 13.4211 3.99
    endloop
  endfacet
  facet normal 0.290239 0.956954 -0
    outer loop
      vertex 25.7854 13.4211 3.99
      vertex 25.579 13.4837 8.99
      vertex 25.7854 13.4211 8.99
    endloop
  endfacet
  facet normal 0.290239 0.956954 0
    outer loop
      vertex 25.579 13.4837 8.99
      vertex 25.7854 13.4211 3.99
      vertex 25.579 13.4837 3.99
    endloop
  endfacet
  facet normal -0.471329 0.881957 8.43165e-06
    outer loop
      vertex 26.152 65.4716 8.99
      vertex 25.8308 65.3 3.4
      vertex 25.6333 65.1944 8.99
    endloop
  endfacet
  facet normal -0.471215 0.882018 0
    outer loop
      vertex 26.152 65.4716 3
      vertex 25.8308 65.3 3.4
      vertex 26.152 65.4716 8.99
    endloop
  endfacet
  facet normal -0.471215 0.882018 0
    outer loop
      vertex 25.8308 65.3 3.4
      vertex 26.152 65.4716 3
      vertex 25.8308 65.3 3
    endloop
  endfacet
  facet normal -0.471515 0.881858 0
    outer loop
      vertex 25.6333 65.1944 8.99
      vertex 25.8308 65.3 3.4
      vertex 25.6333 65.1944 3.4
    endloop
  endfacet
  facet normal 0.471515 0.881858 0
    outer loop
      vertex 28.7692 65.3 3.4
      vertex 28.9667 65.1944 8.99
      vertex 28.9667 65.1944 3.4
    endloop
  endfacet
  facet normal 0.471329 0.881957 8.43165e-06
    outer loop
      vertex 28.9667 65.1944 8.99
      vertex 28.7692 65.3 3.4
      vertex 28.448 65.4716 8.99
    endloop
  endfacet
  facet normal 0.471215 0.882018 0
    outer loop
      vertex 28.448 65.4716 3
      vertex 28.7692 65.3 3.4
      vertex 28.7692 65.3 3
    endloop
  endfacet
  facet normal 0.471215 0.882018 0
    outer loop
      vertex 28.7692 65.3 3.4
      vertex 28.448 65.4716 3
      vertex 28.448 65.4716 8.99
    endloop
  endfacet
  facet normal 0.95689 0.290451 0
    outer loop
      vertex 30.2424 63.2853 8.99
      vertex 30.0716 63.848 3
      vertex 30.0716 63.848 8.99
    endloop
  endfacet
  facet normal 0.95689 0.290451 0
    outer loop
      vertex 30.0716 63.848 3
      vertex 30.2424 63.2853 8.99
      vertex 30.2424 63.2853 3
    endloop
  endfacet
  facet normal 0.995193 0.097938 0
    outer loop
      vertex 30.3 62.7 8.99
      vertex 30.2424 63.2853 3
      vertex 30.2424 63.2853 8.99
    endloop
  endfacet
  facet normal 0.995193 0.097938 0
    outer loop
      vertex 30.2424 63.2853 3
      vertex 30.3 62.7 8.99
      vertex 30.3 62.7 3
    endloop
  endfacet
  facet normal 0.881957 0.471329 0
    outer loop
      vertex 30.0716 63.848 8.99
      vertex 29.7944 64.3667 3
      vertex 29.7944 64.3667 8.99
    endloop
  endfacet
  facet normal 0.881957 0.471329 0
    outer loop
      vertex 29.7944 64.3667 3
      vertex 30.0716 63.848 8.99
      vertex 30.0716 63.848 3
    endloop
  endfacet
  facet normal 0.097938 0.995193 -0
    outer loop
      vertex 27.8853 65.6424 3
      vertex 27.3 65.7 8.99
      vertex 27.8853 65.6424 8.99
    endloop
  endfacet
  facet normal 0.097938 0.995193 0
    outer loop
      vertex 27.3 65.7 8.99
      vertex 27.8853 65.6424 3
      vertex 27.3 65.7 3
    endloop
  endfacet
  facet normal 0.097938 -0.995193 0
    outer loop
      vertex 27.3 59.7 3
      vertex 27.8853 59.7576 8.99
      vertex 27.3 59.7 8.99
    endloop
  endfacet
  facet normal 0.097938 -0.995193 0
    outer loop
      vertex 27.8853 59.7576 8.99
      vertex 27.3 59.7 3
      vertex 27.8853 59.7576 3
    endloop
  endfacet
  facet normal 0.290451 0.95689 -0
    outer loop
      vertex 28.448 65.4716 3
      vertex 27.8853 65.6424 8.99
      vertex 28.448 65.4716 8.99
    endloop
  endfacet
  facet normal 0.290451 0.95689 0
    outer loop
      vertex 27.8853 65.6424 8.99
      vertex 28.448 65.4716 3
      vertex 27.8853 65.6424 3
    endloop
  endfacet
  facet normal 0.634413 0.772994 -0
    outer loop
      vertex 29.4213 64.8213 3.4
      vertex 28.9667 65.1944 8.99
      vertex 29.4213 64.8213 8.99
    endloop
  endfacet
  facet normal 0.634413 0.772994 0
    outer loop
      vertex 28.9667 65.1944 8.99
      vertex 29.4213 64.8213 3.4
      vertex 28.9667 65.1944 3.4
    endloop
  endfacet
  facet normal 0.772994 -0.634413 0
    outer loop
      vertex 29.4213 60.5787 8.99
      vertex 29.7944 61.0333 3
      vertex 29.7944 61.0333 8.99
    endloop
  endfacet
  facet normal 0.772994 -0.634413 0
    outer loop
      vertex 29.7944 61.0333 3
      vertex 29.4213 60.5787 8.99
      vertex 29.4213 60.5787 3
    endloop
  endfacet
  facet normal -0.634413 0.772994 0
    outer loop
      vertex 25.6333 65.1944 3.4
      vertex 25.1787 64.8213 8.99
      vertex 25.6333 65.1944 8.99
    endloop
  endfacet
  facet normal -0.634413 0.772994 0
    outer loop
      vertex 25.1787 64.8213 8.99
      vertex 25.6333 65.1944 3.4
      vertex 25.1787 64.8213 3.4
    endloop
  endfacet
  facet normal 0.471329 -0.881957 0
    outer loop
      vertex 28.448 59.9284 3
      vertex 28.9667 60.2056 8.99
      vertex 28.448 59.9284 8.99
    endloop
  endfacet
  facet normal 0.471329 -0.881957 0
    outer loop
      vertex 28.9667 60.2056 8.99
      vertex 28.448 59.9284 3
      vertex 28.9667 60.2056 3
    endloop
  endfacet
  facet normal -0.881957 -0.471329 0
    outer loop
      vertex 24.8056 61.0333 3
      vertex 24.5284 61.552 8.99
      vertex 24.5284 61.552 3
    endloop
  endfacet
  facet normal -0.881957 -0.471329 0
    outer loop
      vertex 24.5284 61.552 8.99
      vertex 24.8056 61.0333 3
      vertex 24.8056 61.0333 8.99
    endloop
  endfacet
  facet normal 0.995193 -0.097938 0
    outer loop
      vertex 30.2424 62.1147 8.99
      vertex 30.3 62.7 3
      vertex 30.3 62.7 8.99
    endloop
  endfacet
  facet normal 0.995193 -0.097938 0
    outer loop
      vertex 30.3 62.7 3
      vertex 30.2424 62.1147 8.99
      vertex 30.2424 62.1147 3
    endloop
  endfacet
  facet normal -0.290451 0.95689 0
    outer loop
      vertex 26.7147 65.6424 3
      vertex 26.152 65.4716 8.99
      vertex 26.7147 65.6424 8.99
    endloop
  endfacet
  facet normal -0.290451 0.95689 0
    outer loop
      vertex 26.152 65.4716 8.99
      vertex 26.7147 65.6424 3
      vertex 26.152 65.4716 3
    endloop
  endfacet
  facet normal -0.097938 -0.995193 0
    outer loop
      vertex 26.7147 59.7576 3
      vertex 27.3 59.7 8.99
      vertex 26.7147 59.7576 8.99
    endloop
  endfacet
  facet normal -0.097938 -0.995193 -0
    outer loop
      vertex 27.3 59.7 8.99
      vertex 26.7147 59.7576 3
      vertex 27.3 59.7 3
    endloop
  endfacet
  facet normal -0.881957 0.471329 0
    outer loop
      vertex 24.5284 63.848 3
      vertex 24.8056 64.3667 8.99
      vertex 24.8056 64.3667 3
    endloop
  endfacet
  facet normal -0.881957 0.471329 0
    outer loop
      vertex 24.8056 64.3667 8.99
      vertex 24.5284 63.848 3
      vertex 24.5284 63.848 8.99
    endloop
  endfacet
  facet normal 0.290451 -0.95689 0
    outer loop
      vertex 27.8853 59.7576 3
      vertex 28.448 59.9284 8.99
      vertex 27.8853 59.7576 8.99
    endloop
  endfacet
  facet normal 0.290451 -0.95689 0
    outer loop
      vertex 28.448 59.9284 8.99
      vertex 27.8853 59.7576 3
      vertex 28.448 59.9284 3
    endloop
  endfacet
  facet normal 0 0 1
    outer loop
      vertex 28.4 62.7 8.99
      vertex 30.3 62.7 8.99
      vertex 30.2424 63.2853 8.99
    endloop
  endfacet
  facet normal 0 0 1
    outer loop
      vertex 28.3789 62.9146 8.99
      vertex 30.2424 63.2853 8.99
      vertex 30.0716 63.848 8.99
    endloop
  endfacet
  facet normal 0 0 1
    outer loop
      vertex 30.3 62.7 8.99
      vertex 28.4 62.7 8.99
      vertex 30.2424 62.1147 8.99
    endloop
  endfacet
  facet normal 0 0 1
    outer loop
      vertex 28.3163 63.121 8.99
      vertex 30.0716 63.848 8.99
      vertex 29.7944 64.3667 8.99
    endloop
  endfacet
  facet normal -0 0 1
    outer loop
      vertex 28.3789 62.4854 8.99
      vertex 30.2424 62.1147 8.99
      vertex 28.4 62.7 8.99
    endloop
  endfacet
  facet normal 0 0 1
    outer loop
      vertex 28.2146 63.3111 8.99
      vertex 29.7944 64.3667 8.99
      vertex 29.4213 64.8213 8.99
    endloop
  endfacet
  facet normal 0 0 1
    outer loop
      vertex 30.2424 62.1147 8.99
      vertex 28.3789 62.4854 8.99
      vertex 30.0716 61.552 8.99
    endloop
  endfacet
  facet normal 0 0 1
    outer loop
      vertex 28.0778 63.4778 8.99
      vertex 29.4213 64.8213 8.99
      vertex 28.9667 65.1944 8.99
    endloop
  endfacet
  facet normal -0 0 1
    outer loop
      vertex 28.3163 62.279 8.99
      vertex 30.0716 61.552 8.99
      vertex 28.3789 62.4854 8.99
    endloop
  endfacet
  facet normal 0 0 1
    outer loop
      vertex 27.9111 63.6146 8.99
      vertex 28.9667 65.1944 8.99
      vertex 28.448 65.4716 8.99
    endloop
  endfacet
  facet normal 0 0 1
    outer loop
      vertex 30.0716 61.552 8.99
      vertex 28.3163 62.279 8.99
      vertex 29.7944 61.0333 8.99
    endloop
  endfacet
  facet normal -0 0 1
    outer loop
      vertex 28.2146 62.0889 8.99
      vertex 29.7944 61.0333 8.99
      vertex 28.3163 62.279 8.99
    endloop
  endfacet
  facet normal 0 0 1
    outer loop
      vertex 30.2424 63.2853 8.99
      vertex 28.3789 62.9146 8.99
      vertex 28.4 62.7 8.99
    endloop
  endfacet
  facet normal 0 0 1
    outer loop
      vertex 30.0716 63.848 8.99
      vertex 28.3163 63.121 8.99
      vertex 28.3789 62.9146 8.99
    endloop
  endfacet
  facet normal 0 0 1
    outer loop
      vertex 29.7944 64.3667 8.99
      vertex 28.2146 63.3111 8.99
      vertex 28.3163 63.121 8.99
    endloop
  endfacet
  facet normal 0 0 1
    outer loop
      vertex 29.4213 64.8213 8.99
      vertex 28.0778 63.4778 8.99
      vertex 28.2146 63.3111 8.99
    endloop
  endfacet
  facet normal 0 0 1
    outer loop
      vertex 28.9667 65.1944 8.99
      vertex 27.9111 63.6146 8.99
      vertex 28.0778 63.4778 8.99
    endloop
  endfacet
  facet normal 0 0 1
    outer loop
      vertex 27.721 63.7163 8.99
      vertex 28.448 65.4716 8.99
      vertex 27.8853 65.6424 8.99
    endloop
  endfacet
  facet normal 0 0 1
    outer loop
      vertex 28.448 65.4716 8.99
      vertex 27.721 63.7163 8.99
      vertex 27.9111 63.6146 8.99
    endloop
  endfacet
  facet normal 0 0 1
    outer loop
      vertex 27.8853 65.6424 8.99
      vertex 27.5146 63.7789 8.99
      vertex 27.721 63.7163 8.99
    endloop
  endfacet
  facet normal 0 0 1
    outer loop
      vertex 27.3 65.7 8.99
      vertex 27.5146 63.7789 8.99
      vertex 27.8853 65.6424 8.99
    endloop
  endfacet
  facet normal 0 0 1
    outer loop
      vertex 27.3 65.7 8.99
      vertex 27.3 63.8 8.99
      vertex 27.5146 63.7789 8.99
    endloop
  endfacet
  facet normal 0 0 1
    outer loop
      vertex 27.3 65.7 8.99
      vertex 27.0854 63.7789 8.99
      vertex 27.3 63.8 8.99
    endloop
  endfacet
  facet normal -0 0 1
    outer loop
      vertex 26.7147 65.6424 8.99
      vertex 27.0854 63.7789 8.99
      vertex 27.3 65.7 8.99
    endloop
  endfacet
  facet normal 0 0 1
    outer loop
      vertex 27.0854 63.7789 8.99
      vertex 26.7147 65.6424 8.99
      vertex 26.879 63.7163 8.99
    endloop
  endfacet
  facet normal -0 0 1
    outer loop
      vertex 26.152 65.4716 8.99
      vertex 26.879 63.7163 8.99
      vertex 26.7147 65.6424 8.99
    endloop
  endfacet
  facet normal 0 0 1
    outer loop
      vertex 26.879 63.7163 8.99
      vertex 26.152 65.4716 8.99
      vertex 26.6889 63.6146 8.99
    endloop
  endfacet
  facet normal -0 0 1
    outer loop
      vertex 25.6333 65.1944 8.99
      vertex 26.6889 63.6146 8.99
      vertex 26.152 65.4716 8.99
    endloop
  endfacet
  facet normal 0 0 1
    outer loop
      vertex 26.6889 63.6146 8.99
      vertex 25.6333 65.1944 8.99
      vertex 26.5222 63.4778 8.99
    endloop
  endfacet
  facet normal -0 0 1
    outer loop
      vertex 25.1787 64.8213 8.99
      vertex 26.5222 63.4778 8.99
      vertex 25.6333 65.1944 8.99
    endloop
  endfacet
  facet normal -0 0 1
    outer loop
      vertex 24.8056 64.3667 8.99
      vertex 26.3854 63.3111 8.99
      vertex 25.1787 64.8213 8.99
    endloop
  endfacet
  facet normal 0 0 1
    outer loop
      vertex 26.5222 63.4778 8.99
      vertex 25.1787 64.8213 8.99
      vertex 26.3854 63.3111 8.99
    endloop
  endfacet
  facet normal 0 0 1
    outer loop
      vertex 29.7944 61.0333 8.99
      vertex 28.2146 62.0889 8.99
      vertex 29.4213 60.5787 8.99
    endloop
  endfacet
  facet normal -0 0 1
    outer loop
      vertex 28.0778 61.9222 8.99
      vertex 29.4213 60.5787 8.99
      vertex 28.2146 62.0889 8.99
    endloop
  endfacet
  facet normal 0 0 1
    outer loop
      vertex 29.4213 60.5787 8.99
      vertex 28.0778 61.9222 8.99
      vertex 28.9667 60.2056 8.99
    endloop
  endfacet
  facet normal -0 0 1
    outer loop
      vertex 27.9111 61.7854 8.99
      vertex 28.9667 60.2056 8.99
      vertex 28.0778 61.9222 8.99
    endloop
  endfacet
  facet normal 0 0 1
    outer loop
      vertex 28.9667 60.2056 8.99
      vertex 27.9111 61.7854 8.99
      vertex 28.448 59.9284 8.99
    endloop
  endfacet
  facet normal -0 0 1
    outer loop
      vertex 27.721 61.6837 8.99
      vertex 28.448 59.9284 8.99
      vertex 27.9111 61.7854 8.99
    endloop
  endfacet
  facet normal 0 0 1
    outer loop
      vertex 28.448 59.9284 8.99
      vertex 27.721 61.6837 8.99
      vertex 27.8853 59.7576 8.99
    endloop
  endfacet
  facet normal -0 0 1
    outer loop
      vertex 27.5146 61.6211 8.99
      vertex 27.8853 59.7576 8.99
      vertex 27.721 61.6837 8.99
    endloop
  endfacet
  facet normal -0 0 1
    outer loop
      vertex 27.3 61.6 8.99
      vertex 27.8853 59.7576 8.99
      vertex 27.5146 61.6211 8.99
    endloop
  endfacet
  facet normal 0 0 1
    outer loop
      vertex 27.3 61.6 8.99
      vertex 27.3 59.7 8.99
      vertex 27.8853 59.7576 8.99
    endloop
  endfacet
  facet normal 0 0 1
    outer loop
      vertex 27.0854 61.6211 8.99
      vertex 27.3 59.7 8.99
      vertex 27.3 61.6 8.99
    endloop
  endfacet
  facet normal 0 0 1
    outer loop
      vertex 26.7147 59.7576 8.99
      vertex 27.0854 61.6211 8.99
      vertex 26.879 61.6837 8.99
    endloop
  endfacet
  facet normal 0 0 1
    outer loop
      vertex 27.0854 61.6211 8.99
      vertex 26.7147 59.7576 8.99
      vertex 27.3 59.7 8.99
    endloop
  endfacet
  facet normal 0 0 1
    outer loop
      vertex 26.152 59.9284 8.99
      vertex 26.879 61.6837 8.99
      vertex 26.6889 61.7854 8.99
    endloop
  endfacet
  facet normal 0 0 1
    outer loop
      vertex 25.6333 60.2056 8.99
      vertex 26.6889 61.7854 8.99
      vertex 26.5222 61.9222 8.99
    endloop
  endfacet
  facet normal 0 0 1
    outer loop
      vertex 25.1787 60.5787 8.99
      vertex 26.5222 61.9222 8.99
      vertex 26.3854 62.0889 8.99
    endloop
  endfacet
  facet normal 0 0 1
    outer loop
      vertex 24.8056 61.0333 8.99
      vertex 26.3854 62.0889 8.99
      vertex 26.2837 62.279 8.99
    endloop
  endfacet
  facet normal 0 0 1
    outer loop
      vertex 24.5284 61.552 8.99
      vertex 26.2837 62.279 8.99
      vertex 26.2211 62.4854 8.99
    endloop
  endfacet
  facet normal 0 0 1
    outer loop
      vertex 26.879 61.6837 8.99
      vertex 26.152 59.9284 8.99
      vertex 26.7147 59.7576 8.99
    endloop
  endfacet
  facet normal 0 0 1
    outer loop
      vertex 24.3576 62.1147 8.99
      vertex 26.2211 62.4854 8.99
      vertex 26.2 62.7 8.99
    endloop
  endfacet
  facet normal 0 0 1
    outer loop
      vertex 26.3854 63.3111 8.99
      vertex 24.8056 64.3667 8.99
      vertex 26.2837 63.121 8.99
    endloop
  endfacet
  facet normal -0 0 1
    outer loop
      vertex 24.5284 63.848 8.99
      vertex 26.2837 63.121 8.99
      vertex 24.8056 64.3667 8.99
    endloop
  endfacet
  facet normal 0 0 1
    outer loop
      vertex 26.6889 61.7854 8.99
      vertex 25.6333 60.2056 8.99
      vertex 26.152 59.9284 8.99
    endloop
  endfacet
  facet normal 0 0 1
    outer loop
      vertex 26.2837 63.121 8.99
      vertex 24.5284 63.848 8.99
      vertex 26.2211 62.9146 8.99
    endloop
  endfacet
  facet normal 0 0 1
    outer loop
      vertex 26.5222 61.9222 8.99
      vertex 25.1787 60.5787 8.99
      vertex 25.6333 60.2056 8.99
    endloop
  endfacet
  facet normal -0 0 1
    outer loop
      vertex 24.3576 63.2853 8.99
      vertex 26.2211 62.9146 8.99
      vertex 24.5284 63.848 8.99
    endloop
  endfacet
  facet normal 0 0 1
    outer loop
      vertex 26.3854 62.0889 8.99
      vertex 24.8056 61.0333 8.99
      vertex 25.1787 60.5787 8.99
    endloop
  endfacet
  facet normal 0 0 1
    outer loop
      vertex 26.2211 62.9146 8.99
      vertex 24.3576 63.2853 8.99
      vertex 26.2 62.7 8.99
    endloop
  endfacet
  facet normal 0 0 1
    outer loop
      vertex 26.2837 62.279 8.99
      vertex 24.5284 61.552 8.99
      vertex 24.8056 61.0333 8.99
    endloop
  endfacet
  facet normal 0 0 1
    outer loop
      vertex 24.3 62.7 8.99
      vertex 26.2 62.7 8.99
      vertex 24.3576 63.2853 8.99
    endloop
  endfacet
  facet normal 0 0 1
    outer loop
      vertex 26.2211 62.4854 8.99
      vertex 24.3576 62.1147 8.99
      vertex 24.5284 61.552 8.99
    endloop
  endfacet
  facet normal 0 0 1
    outer loop
      vertex 26.2 62.7 8.99
      vertex 24.3 62.7 8.99
      vertex 24.3576 62.1147 8.99
    endloop
  endfacet
  facet normal -0.290451 -0.95689 0
    outer loop
      vertex 26.152 59.9284 3
      vertex 26.7147 59.7576 8.99
      vertex 26.152 59.9284 8.99
    endloop
  endfacet
  facet normal -0.290451 -0.95689 -0
    outer loop
      vertex 26.7147 59.7576 8.99
      vertex 26.152 59.9284 3
      vertex 26.7147 59.7576 3
    endloop
  endfacet
  facet normal 0.95689 -0.290451 0
    outer loop
      vertex 30.0716 61.552 8.99
      vertex 30.2424 62.1147 3
      vertex 30.2424 62.1147 8.99
    endloop
  endfacet
  facet normal 0.95689 -0.290451 0
    outer loop
      vertex 30.2424 62.1147 3
      vertex 30.0716 61.552 8.99
      vertex 30.0716 61.552 3
    endloop
  endfacet
  facet normal 0.772992 0.634416 0
    outer loop
      vertex 29.4213 64.8213 8.99
      vertex 29.685 64.5 3.4
      vertex 29.4213 64.8213 3.4
    endloop
  endfacet
  facet normal 0.772994 0.634413 3.01141e-07
    outer loop
      vertex 29.7944 64.3667 8.99
      vertex 29.685 64.5 3.4
      vertex 29.4213 64.8213 8.99
    endloop
  endfacet
  facet normal 0.773 0.634405 -0
    outer loop
      vertex 29.7944 64.3667 3
      vertex 29.685 64.5 3.4
      vertex 29.7944 64.3667 8.99
    endloop
  endfacet
  facet normal 0.773 0.634405 0
    outer loop
      vertex 29.685 64.5 3.4
      vertex 29.7944 64.3667 3
      vertex 29.685 64.5 3
    endloop
  endfacet
  facet normal -0.995193 0.097938 0
    outer loop
      vertex 24.3 62.7 3
      vertex 24.3576 63.2853 8.99
      vertex 24.3576 63.2853 3
    endloop
  endfacet
  facet normal -0.995193 0.097938 0
    outer loop
      vertex 24.3576 63.2853 8.99
      vertex 24.3 62.7 3
      vertex 24.3 62.7 8.99
    endloop
  endfacet
  facet normal 0.634413 -0.772994 0
    outer loop
      vertex 28.9667 60.2056 3
      vertex 29.4213 60.5787 8.99
      vertex 28.9667 60.2056 8.99
    endloop
  endfacet
  facet normal 0.634413 -0.772994 0
    outer loop
      vertex 29.4213 60.5787 8.99
      vertex 28.9667 60.2056 3
      vertex 29.4213 60.5787 3
    endloop
  endfacet
  facet normal -0.634413 -0.772994 0
    outer loop
      vertex 25.1787 60.5787 3
      vertex 25.6333 60.2056 8.99
      vertex 25.1787 60.5787 8.99
    endloop
  endfacet
  facet normal -0.634413 -0.772994 -0
    outer loop
      vertex 25.6333 60.2056 8.99
      vertex 25.1787 60.5787 3
      vertex 25.6333 60.2056 3
    endloop
  endfacet
  facet normal -0.097938 0.995193 0
    outer loop
      vertex 27.3 65.7 3
      vertex 26.7147 65.6424 8.99
      vertex 27.3 65.7 8.99
    endloop
  endfacet
  facet normal -0.097938 0.995193 0
    outer loop
      vertex 26.7147 65.6424 8.99
      vertex 27.3 65.7 3
      vertex 26.7147 65.6424 3
    endloop
  endfacet
  facet normal 0.881957 -0.471329 0
    outer loop
      vertex 29.7944 61.0333 8.99
      vertex 30.0716 61.552 3
      vertex 30.0716 61.552 8.99
    endloop
  endfacet
  facet normal 0.881957 -0.471329 0
    outer loop
      vertex 30.0716 61.552 3
      vertex 29.7944 61.0333 8.99
      vertex 29.7944 61.0333 3
    endloop
  endfacet
  facet normal -0.95689 -0.290451 0
    outer loop
      vertex 24.5284 61.552 3
      vertex 24.3576 62.1147 8.99
      vertex 24.3576 62.1147 3
    endloop
  endfacet
  facet normal -0.95689 -0.290451 0
    outer loop
      vertex 24.3576 62.1147 8.99
      vertex 24.5284 61.552 3
      vertex 24.5284 61.552 8.99
    endloop
  endfacet
  facet normal -0.995193 -0.097938 0
    outer loop
      vertex 24.3576 62.1147 3
      vertex 24.3 62.7 8.99
      vertex 24.3 62.7 3
    endloop
  endfacet
  facet normal -0.995193 -0.097938 0
    outer loop
      vertex 24.3 62.7 8.99
      vertex 24.3576 62.1147 3
      vertex 24.3576 62.1147 8.99
    endloop
  endfacet
  facet normal -0.772994 -0.634413 0
    outer loop
      vertex 25.1787 60.5787 3
      vertex 24.8056 61.0333 8.99
      vertex 24.8056 61.0333 3
    endloop
  endfacet
  facet normal -0.772994 -0.634413 0
    outer loop
      vertex 24.8056 61.0333 8.99
      vertex 25.1787 60.5787 3
      vertex 25.1787 60.5787 8.99
    endloop
  endfacet
  facet normal -0.773 0.634405 0
    outer loop
      vertex 24.915 64.5 3
      vertex 24.8056 64.3667 3
      vertex 24.915 64.5 3.4
    endloop
  endfacet
  facet normal -0.772992 0.634416 0
    outer loop
      vertex 24.915 64.5 3.4
      vertex 25.1787 64.8213 8.99
      vertex 25.1787 64.8213 3.4
    endloop
  endfacet
  facet normal -0.773 0.634405 0
    outer loop
      vertex 24.8056 64.3667 8.99
      vertex 24.915 64.5 3.4
      vertex 24.8056 64.3667 3
    endloop
  endfacet
  facet normal -0.772994 0.634413 3.01141e-07
    outer loop
      vertex 24.915 64.5 3.4
      vertex 24.8056 64.3667 8.99
      vertex 25.1787 64.8213 8.99
    endloop
  endfacet
  facet normal -0.95689 0.290451 0
    outer loop
      vertex 24.3576 63.2853 3
      vertex 24.5284 63.848 8.99
      vertex 24.5284 63.848 3
    endloop
  endfacet
  facet normal -0.95689 0.290451 0
    outer loop
      vertex 24.5284 63.848 8.99
      vertex 24.3576 63.2853 3
      vertex 24.3576 63.2853 8.99
    endloop
  endfacet
  facet normal -0.471329 -0.881957 0
    outer loop
      vertex 25.6333 60.2056 3
      vertex 26.152 59.9284 8.99
      vertex 25.6333 60.2056 8.99
    endloop
  endfacet
  facet normal -0.471329 -0.881957 -0
    outer loop
      vertex 26.152 59.9284 8.99
      vertex 25.6333 60.2056 3
      vertex 26.152 59.9284 3
    endloop
  endfacet
  facet normal 0.471719 0.881749 -0
    outer loop
      vertex 26.879 61.6837 3.99
      vertex 26.6889 61.7854 8.99
      vertex 26.879 61.6837 8.99
    endloop
  endfacet
  facet normal 0.471719 0.881749 0
    outer loop
      vertex 26.6889 61.7854 8.99
      vertex 26.879 61.6837 3.99
      vertex 26.6889 61.7854 3.99
    endloop
  endfacet
  facet normal -0.956954 -0.290239 0
    outer loop
      vertex 28.3789 62.9146 3.99
      vertex 28.3163 63.121 8.99
      vertex 28.3163 63.121 3.99
    endloop
  endfacet
  facet normal -0.956954 -0.290239 0
    outer loop
      vertex 28.3163 63.121 8.99
      vertex 28.3789 62.9146 3.99
      vertex 28.3789 62.9146 8.99
    endloop
  endfacet
  facet normal -0.995201 -0.0978506 0
    outer loop
      vertex 28.4 62.7 3.99
      vertex 28.3789 62.9146 8.99
      vertex 28.3789 62.9146 3.99
    endloop
  endfacet
  facet normal -0.995201 -0.0978506 0
    outer loop
      vertex 28.3789 62.9146 8.99
      vertex 28.4 62.7 3.99
      vertex 28.4 62.7 8.99
    endloop
  endfacet
  facet normal -0.881749 -0.471719 0
    outer loop
      vertex 28.3163 63.121 3.99
      vertex 28.2146 63.3111 8.99
      vertex 28.2146 63.3111 3.99
    endloop
  endfacet
  facet normal -0.881749 -0.471719 0
    outer loop
      vertex 28.2146 63.3111 8.99
      vertex 28.3163 63.121 3.99
      vertex 28.3163 63.121 8.99
    endloop
  endfacet
  facet normal -0.471719 -0.881749 0
    outer loop
      vertex 27.721 63.7163 3.99
      vertex 27.9111 63.6146 8.99
      vertex 27.721 63.7163 8.99
    endloop
  endfacet
  facet normal -0.471719 -0.881749 -0
    outer loop
      vertex 27.9111 63.6146 8.99
      vertex 27.721 63.7163 3.99
      vertex 27.9111 63.6146 3.99
    endloop
  endfacet
  facet normal 0.956954 0.290239 0
    outer loop
      vertex 26.2837 62.279 8.99
      vertex 26.2211 62.4854 3.99
      vertex 26.2211 62.4854 8.99
    endloop
  endfacet
  facet normal 0.956954 0.290239 0
    outer loop
      vertex 26.2211 62.4854 3.99
      vertex 26.2837 62.279 8.99
      vertex 26.2837 62.279 3.99
    endloop
  endfacet
  facet normal -0.471719 0.881749 0
    outer loop
      vertex 27.9111 61.7854 3.99
      vertex 27.721 61.6837 8.99
      vertex 27.9111 61.7854 8.99
    endloop
  endfacet
  facet normal -0.471719 0.881749 0
    outer loop
      vertex 27.721 61.6837 8.99
      vertex 27.9111 61.7854 3.99
      vertex 27.721 61.6837 3.99
    endloop
  endfacet
  facet normal -0.773027 -0.634373 0
    outer loop
      vertex 28.2146 63.3111 3.99
      vertex 28.0778 63.4778 8.99
      vertex 28.0778 63.4778 3.99
    endloop
  endfacet
  facet normal -0.773027 -0.634373 0
    outer loop
      vertex 28.0778 63.4778 8.99
      vertex 28.2146 63.3111 3.99
      vertex 28.2146 63.3111 8.99
    endloop
  endfacet
  facet normal -0.290239 -0.956954 0
    outer loop
      vertex 27.5146 63.7789 3.99
      vertex 27.721 63.7163 8.99
      vertex 27.5146 63.7789 8.99
    endloop
  endfacet
  facet normal -0.290239 -0.956954 -0
    outer loop
      vertex 27.721 63.7163 8.99
      vertex 27.5146 63.7789 3.99
      vertex 27.721 63.7163 3.99
    endloop
  endfacet
  facet normal 0.471719 -0.881749 0
    outer loop
      vertex 26.6889 63.6146 3.99
      vertex 26.879 63.7163 8.99
      vertex 26.6889 63.6146 8.99
    endloop
  endfacet
  facet normal 0.471719 -0.881749 0
    outer loop
      vertex 26.879 63.7163 8.99
      vertex 26.6889 63.6146 3.99
      vertex 26.879 63.7163 3.99
    endloop
  endfacet
  facet normal 0.881749 0.471719 0
    outer loop
      vertex 26.3854 62.0889 8.99
      vertex 26.2837 62.279 3.99
      vertex 26.2837 62.279 8.99
    endloop
  endfacet
  facet normal 0.881749 0.471719 0
    outer loop
      vertex 26.2837 62.279 3.99
      vertex 26.3854 62.0889 8.99
      vertex 26.3854 62.0889 3.99
    endloop
  endfacet
  facet normal -0.0978506 -0.995201 0
    outer loop
      vertex 27.3 63.8 3.99
      vertex 27.5146 63.7789 8.99
      vertex 27.3 63.8 8.99
    endloop
  endfacet
  facet normal -0.0978506 -0.995201 -0
    outer loop
      vertex 27.5146 63.7789 8.99
      vertex 27.3 63.8 3.99
      vertex 27.5146 63.7789 3.99
    endloop
  endfacet
  facet normal -0.290239 0.956954 0
    outer loop
      vertex 27.721 61.6837 3.99
      vertex 27.5146 61.6211 8.99
      vertex 27.721 61.6837 8.99
    endloop
  endfacet
  facet normal -0.290239 0.956954 0
    outer loop
      vertex 27.5146 61.6211 8.99
      vertex 27.721 61.6837 3.99
      vertex 27.5146 61.6211 3.99
    endloop
  endfacet
  facet normal 0.995201 -0.0978506 0
    outer loop
      vertex 26.2 62.7 8.99
      vertex 26.2211 62.9146 3.99
      vertex 26.2211 62.9146 8.99
    endloop
  endfacet
  facet normal 0.995201 -0.0978506 0
    outer loop
      vertex 26.2211 62.9146 3.99
      vertex 26.2 62.7 8.99
      vertex 26.2 62.7 3.99
    endloop
  endfacet
  facet normal -0.881749 0.471719 0
    outer loop
      vertex 28.2146 62.0889 3.99
      vertex 28.3163 62.279 8.99
      vertex 28.3163 62.279 3.99
    endloop
  endfacet
  facet normal -0.881749 0.471719 0
    outer loop
      vertex 28.3163 62.279 8.99
      vertex 28.2146 62.0889 3.99
      vertex 28.2146 62.0889 8.99
    endloop
  endfacet
  facet normal -0.773027 0.634373 0
    outer loop
      vertex 28.0778 61.9222 3.99
      vertex 28.2146 62.0889 8.99
      vertex 28.2146 62.0889 3.99
    endloop
  endfacet
  facet normal -0.773027 0.634373 0
    outer loop
      vertex 28.2146 62.0889 8.99
      vertex 28.0778 61.9222 3.99
      vertex 28.0778 61.9222 8.99
    endloop
  endfacet
  facet normal 0.634373 -0.773027 0
    outer loop
      vertex 26.5222 63.4778 3.99
      vertex 26.6889 63.6146 8.99
      vertex 26.5222 63.4778 8.99
    endloop
  endfacet
  facet normal 0.634373 -0.773027 0
    outer loop
      vertex 26.6889 63.6146 8.99
      vertex 26.5222 63.4778 3.99
      vertex 26.6889 63.6146 3.99
    endloop
  endfacet
  facet normal 0 0 1
    outer loop
      vertex 28.3789 62.9146 3.99
      vertex 28.3789 62.4854 3.99
      vertex 28.4 62.7 3.99
    endloop
  endfacet
  facet normal 0 0 1
    outer loop
      vertex 28.3163 63.121 3.99
      vertex 28.3789 62.4854 3.99
      vertex 28.3789 62.9146 3.99
    endloop
  endfacet
  facet normal 0 0 1
    outer loop
      vertex 28.3163 63.121 3.99
      vertex 28.3163 62.279 3.99
      vertex 28.3789 62.4854 3.99
    endloop
  endfacet
  facet normal 0 0 1
    outer loop
      vertex 28.2146 63.3111 3.99
      vertex 28.3163 62.279 3.99
      vertex 28.3163 63.121 3.99
    endloop
  endfacet
  facet normal 0 0 1
    outer loop
      vertex 28.2146 63.3111 3.99
      vertex 28.2146 62.0889 3.99
      vertex 28.3163 62.279 3.99
    endloop
  endfacet
  facet normal 0 0 1
    outer loop
      vertex 28.0778 63.4778 3.99
      vertex 28.2146 62.0889 3.99
      vertex 28.2146 63.3111 3.99
    endloop
  endfacet
  facet normal 0 0 1
    outer loop
      vertex 28.0778 63.4778 3.99
      vertex 28.0778 61.9222 3.99
      vertex 28.2146 62.0889 3.99
    endloop
  endfacet
  facet normal 0 0 1
    outer loop
      vertex 27.9111 63.6146 3.99
      vertex 28.0778 61.9222 3.99
      vertex 28.0778 63.4778 3.99
    endloop
  endfacet
  facet normal 0 0 1
    outer loop
      vertex 27.9111 63.6146 3.99
      vertex 27.9111 61.7854 3.99
      vertex 28.0778 61.9222 3.99
    endloop
  endfacet
  facet normal 0 0 1
    outer loop
      vertex 27.721 63.7163 3.99
      vertex 27.9111 61.7854 3.99
      vertex 27.9111 63.6146 3.99
    endloop
  endfacet
  facet normal 0 0 1
    outer loop
      vertex 27.721 63.7163 3.99
      vertex 27.721 61.6837 3.99
      vertex 27.9111 61.7854 3.99
    endloop
  endfacet
  facet normal 0 0 1
    outer loop
      vertex 27.5146 63.7789 3.99
      vertex 27.721 61.6837 3.99
      vertex 27.721 63.7163 3.99
    endloop
  endfacet
  facet normal 0 0 1
    outer loop
      vertex 27.5146 63.7789 3.99
      vertex 27.5146 61.6211 3.99
      vertex 27.721 61.6837 3.99
    endloop
  endfacet
  facet normal 0 0 1
    outer loop
      vertex 27.3 63.8 3.99
      vertex 27.5146 61.6211 3.99
      vertex 27.5146 63.7789 3.99
    endloop
  endfacet
  facet normal 0 0 1
    outer loop
      vertex 27.3 63.8 3.99
      vertex 27.3 61.6 3.99
      vertex 27.5146 61.6211 3.99
    endloop
  endfacet
  facet normal -0 0 1
    outer loop
      vertex 27.0854 63.7789 3.99
      vertex 27.3 61.6 3.99
      vertex 27.3 63.8 3.99
    endloop
  endfacet
  facet normal 0 0 1
    outer loop
      vertex 27.0854 63.7789 3.99
      vertex 27.0854 61.6211 3.99
      vertex 27.3 61.6 3.99
    endloop
  endfacet
  facet normal -0 0 1
    outer loop
      vertex 26.879 63.7163 3.99
      vertex 27.0854 61.6211 3.99
      vertex 27.0854 63.7789 3.99
    endloop
  endfacet
  facet normal 0 0 1
    outer loop
      vertex 26.879 63.7163 3.99
      vertex 26.879 61.6837 3.99
      vertex 27.0854 61.6211 3.99
    endloop
  endfacet
  facet normal -0 0 1
    outer loop
      vertex 26.6889 63.6146 3.99
      vertex 26.879 61.6837 3.99
      vertex 26.879 63.7163 3.99
    endloop
  endfacet
  facet normal 0 0 1
    outer loop
      vertex 26.6889 63.6146 3.99
      vertex 26.6889 61.7854 3.99
      vertex 26.879 61.6837 3.99
    endloop
  endfacet
  facet normal -0 0 1
    outer loop
      vertex 26.5222 63.4778 3.99
      vertex 26.6889 61.7854 3.99
      vertex 26.6889 63.6146 3.99
    endloop
  endfacet
  facet normal 0 0 1
    outer loop
      vertex 26.5222 63.4778 3.99
      vertex 26.5222 61.9222 3.99
      vertex 26.6889 61.7854 3.99
    endloop
  endfacet
  facet normal -0 0 1
    outer loop
      vertex 26.3854 63.3111 3.99
      vertex 26.5222 61.9222 3.99
      vertex 26.5222 63.4778 3.99
    endloop
  endfacet
  facet normal 0 0 1
    outer loop
      vertex 26.3854 63.3111 3.99
      vertex 26.3854 62.0889 3.99
      vertex 26.5222 61.9222 3.99
    endloop
  endfacet
  facet normal -0 0 1
    outer loop
      vertex 26.2837 63.121 3.99
      vertex 26.3854 62.0889 3.99
      vertex 26.3854 63.3111 3.99
    endloop
  endfacet
  facet normal 0 0 1
    outer loop
      vertex 26.2837 63.121 3.99
      vertex 26.2837 62.279 3.99
      vertex 26.3854 62.0889 3.99
    endloop
  endfacet
  facet normal -0 0 1
    outer loop
      vertex 26.2211 62.9146 3.99
      vertex 26.2837 62.279 3.99
      vertex 26.2837 63.121 3.99
    endloop
  endfacet
  facet normal 0 0 1
    outer loop
      vertex 26.2211 62.9146 3.99
      vertex 26.2211 62.4854 3.99
      vertex 26.2837 62.279 3.99
    endloop
  endfacet
  facet normal 0 -0 1
    outer loop
      vertex 26.2211 62.4854 3.99
      vertex 26.2211 62.9146 3.99
      vertex 26.2 62.7 3.99
    endloop
  endfacet
  facet normal 0.290239 -0.956954 0
    outer loop
      vertex 26.879 63.7163 3.99
      vertex 27.0854 63.7789 8.99
      vertex 26.879 63.7163 8.99
    endloop
  endfacet
  facet normal 0.290239 -0.956954 0
    outer loop
      vertex 27.0854 63.7789 8.99
      vertex 26.879 63.7163 3.99
      vertex 27.0854 63.7789 3.99
    endloop
  endfacet
  facet normal -0.634373 -0.773027 0
    outer loop
      vertex 27.9111 63.6146 3.99
      vertex 28.0778 63.4778 8.99
      vertex 27.9111 63.6146 8.99
    endloop
  endfacet
  facet normal -0.634373 -0.773027 -0
    outer loop
      vertex 28.0778 63.4778 8.99
      vertex 27.9111 63.6146 3.99
      vertex 28.0778 63.4778 3.99
    endloop
  endfacet
  facet normal 0.881749 -0.471719 0
    outer loop
      vertex 26.2837 63.121 8.99
      vertex 26.3854 63.3111 3.99
      vertex 26.3854 63.3111 8.99
    endloop
  endfacet
  facet normal 0.881749 -0.471719 0
    outer loop
      vertex 26.3854 63.3111 3.99
      vertex 26.2837 63.121 8.99
      vertex 26.2837 63.121 3.99
    endloop
  endfacet
  facet normal -0.0978506 0.995201 0
    outer loop
      vertex 27.5146 61.6211 3.99
      vertex 27.3 61.6 8.99
      vertex 27.5146 61.6211 8.99
    endloop
  endfacet
  facet normal -0.0978506 0.995201 0
    outer loop
      vertex 27.3 61.6 8.99
      vertex 27.5146 61.6211 3.99
      vertex 27.3 61.6 3.99
    endloop
  endfacet
  facet normal 0.634373 0.773027 -0
    outer loop
      vertex 26.6889 61.7854 3.99
      vertex 26.5222 61.9222 8.99
      vertex 26.6889 61.7854 8.99
    endloop
  endfacet
  facet normal 0.634373 0.773027 0
    outer loop
      vertex 26.5222 61.9222 8.99
      vertex 26.6889 61.7854 3.99
      vertex 26.5222 61.9222 3.99
    endloop
  endfacet
  facet normal 0.956954 -0.290239 0
    outer loop
      vertex 26.2211 62.9146 8.99
      vertex 26.2837 63.121 3.99
      vertex 26.2837 63.121 8.99
    endloop
  endfacet
  facet normal 0.956954 -0.290239 0
    outer loop
      vertex 26.2837 63.121 3.99
      vertex 26.2211 62.9146 8.99
      vertex 26.2211 62.9146 3.99
    endloop
  endfacet
  facet normal -0.956954 0.290239 0
    outer loop
      vertex 28.3163 62.279 3.99
      vertex 28.3789 62.4854 8.99
      vertex 28.3789 62.4854 3.99
    endloop
  endfacet
  facet normal -0.956954 0.290239 0
    outer loop
      vertex 28.3789 62.4854 8.99
      vertex 28.3163 62.279 3.99
      vertex 28.3163 62.279 8.99
    endloop
  endfacet
  facet normal 0.0978506 -0.995201 0
    outer loop
      vertex 27.0854 63.7789 3.99
      vertex 27.3 63.8 8.99
      vertex 27.0854 63.7789 8.99
    endloop
  endfacet
  facet normal 0.0978506 -0.995201 0
    outer loop
      vertex 27.3 63.8 8.99
      vertex 27.0854 63.7789 3.99
      vertex 27.3 63.8 3.99
    endloop
  endfacet
  facet normal 0.773027 -0.634373 0
    outer loop
      vertex 26.3854 63.3111 8.99
      vertex 26.5222 63.4778 3.99
      vertex 26.5222 63.4778 8.99
    endloop
  endfacet
  facet normal 0.773027 -0.634373 0
    outer loop
      vertex 26.5222 63.4778 3.99
      vertex 26.3854 63.3111 8.99
      vertex 26.3854 63.3111 3.99
    endloop
  endfacet
  facet normal -0.995201 0.0978506 0
    outer loop
      vertex 28.3789 62.4854 3.99
      vertex 28.4 62.7 8.99
      vertex 28.4 62.7 3.99
    endloop
  endfacet
  facet normal -0.995201 0.0978506 0
    outer loop
      vertex 28.4 62.7 8.99
      vertex 28.3789 62.4854 3.99
      vertex 28.3789 62.4854 8.99
    endloop
  endfacet
  facet normal 0.773027 0.634373 0
    outer loop
      vertex 26.5222 61.9222 8.99
      vertex 26.3854 62.0889 3.99
      vertex 26.3854 62.0889 8.99
    endloop
  endfacet
  facet normal 0.773027 0.634373 0
    outer loop
      vertex 26.3854 62.0889 3.99
      vertex 26.5222 61.9222 8.99
      vertex 26.5222 61.9222 3.99
    endloop
  endfacet
  facet normal -0.634373 0.773027 0
    outer loop
      vertex 28.0778 61.9222 3.99
      vertex 27.9111 61.7854 8.99
      vertex 28.0778 61.9222 8.99
    endloop
  endfacet
  facet normal -0.634373 0.773027 0
    outer loop
      vertex 27.9111 61.7854 8.99
      vertex 28.0778 61.9222 3.99
      vertex 27.9111 61.7854 3.99
    endloop
  endfacet
  facet normal 0.995201 0.0978506 0
    outer loop
      vertex 26.2211 62.4854 8.99
      vertex 26.2 62.7 3.99
      vertex 26.2 62.7 8.99
    endloop
  endfacet
  facet normal 0.995201 0.0978506 0
    outer loop
      vertex 26.2 62.7 3.99
      vertex 26.2211 62.4854 8.99
      vertex 26.2211 62.4854 3.99
    endloop
  endfacet
  facet normal 0.0978506 0.995201 -0
    outer loop
      vertex 27.3 61.6 3.99
      vertex 27.0854 61.6211 8.99
      vertex 27.3 61.6 8.99
    endloop
  endfacet
  facet normal 0.0978506 0.995201 0
    outer loop
      vertex 27.0854 61.6211 8.99
      vertex 27.3 61.6 3.99
      vertex 27.0854 61.6211 3.99
    endloop
  endfacet
  facet normal 0.290239 0.956954 -0
    outer loop
      vertex 27.0854 61.6211 3.99
      vertex 26.879 61.6837 8.99
      vertex 27.0854 61.6211 8.99
    endloop
  endfacet
  facet normal 0.290239 0.956954 0
    outer loop
      vertex 26.879 61.6837 8.99
      vertex 27.0854 61.6211 3.99
      vertex 26.879 61.6837 3.99
    endloop
  endfacet
  facet normal -0.471329 0.881957 0
    outer loop
      vertex 76.952 22.3716 3
      vertex 76.4333 22.0944 8.99
      vertex 76.952 22.3716 8.99
    endloop
  endfacet
  facet normal -0.471329 0.881957 0
    outer loop
      vertex 76.4333 22.0944 8.99
      vertex 76.952 22.3716 3
      vertex 76.4333 22.0944 3
    endloop
  endfacet
  facet normal 0.471329 0.881957 -0
    outer loop
      vertex 79.7667 22.0944 3
      vertex 79.248 22.3716 8.99
      vertex 79.7667 22.0944 8.99
    endloop
  endfacet
  facet normal 0.471329 0.881957 0
    outer loop
      vertex 79.248 22.3716 8.99
      vertex 79.7667 22.0944 3
      vertex 79.248 22.3716 3
    endloop
  endfacet
  facet normal 0.95689 0.290451 0
    outer loop
      vertex 81.0424 20.1853 8.99
      vertex 80.8716 20.748 3
      vertex 80.8716 20.748 8.99
    endloop
  endfacet
  facet normal 0.95689 0.290451 0
    outer loop
      vertex 80.8716 20.748 3
      vertex 81.0424 20.1853 8.99
      vertex 81.0424 20.1853 3
    endloop
  endfacet
  facet normal 0.995193 0.097938 0
    outer loop
      vertex 81.1 19.6 8.99
      vertex 81.0424 20.1853 3
      vertex 81.0424 20.1853 8.99
    endloop
  endfacet
  facet normal 0.995193 0.097938 0
    outer loop
      vertex 81.0424 20.1853 3
      vertex 81.1 19.6 8.99
      vertex 81.1 19.6 3
    endloop
  endfacet
  facet normal 0.880471 0.4741 0
    outer loop
      vertex 80.5944 21.2667 8.99
      vertex 80.6 21.2563 3.4
      vertex 80.5944 21.2667 3.4
    endloop
  endfacet
  facet normal 0.881957 0.471329 6.64312e-06
    outer loop
      vertex 80.8716 20.748 8.99
      vertex 80.6 21.2563 3.4
      vertex 80.5944 21.2667 8.99
    endloop
  endfacet
  facet normal 0.881988 0.471273 -0
    outer loop
      vertex 80.8716 20.748 3
      vertex 80.6 21.2563 3.4
      vertex 80.8716 20.748 8.99
    endloop
  endfacet
  facet normal 0.881988 0.471273 0
    outer loop
      vertex 80.6 21.2563 3.4
      vertex 80.8716 20.748 3
      vertex 80.6 21.2563 3
    endloop
  endfacet
  facet normal 0.097938 0.995193 -0
    outer loop
      vertex 78.6853 22.5424 3
      vertex 78.1 22.6 8.99
      vertex 78.6853 22.5424 8.99
    endloop
  endfacet
  facet normal 0.097938 0.995193 0
    outer loop
      vertex 78.1 22.6 8.99
      vertex 78.6853 22.5424 3
      vertex 78.1 22.6 3
    endloop
  endfacet
  facet normal 0.097938 -0.995193 0
    outer loop
      vertex 78.1 16.6 3
      vertex 78.6853 16.6576 8.99
      vertex 78.1 16.6 8.99
    endloop
  endfacet
  facet normal 0.097938 -0.995193 0
    outer loop
      vertex 78.6853 16.6576 8.99
      vertex 78.1 16.6 3
      vertex 78.6853 16.6576 3
    endloop
  endfacet
  facet normal 0.290451 0.95689 -0
    outer loop
      vertex 79.248 22.3716 3
      vertex 78.6853 22.5424 8.99
      vertex 79.248 22.3716 8.99
    endloop
  endfacet
  facet normal 0.290451 0.95689 0
    outer loop
      vertex 78.6853 22.5424 8.99
      vertex 79.248 22.3716 3
      vertex 78.6853 22.5424 3
    endloop
  endfacet
  facet normal 0.634413 0.772994 -0
    outer loop
      vertex 80.2213 21.7213 3.4
      vertex 79.7667 22.0944 8.99
      vertex 80.2213 21.7213 8.99
    endloop
  endfacet
  facet normal 0.634446 0.772967 4.48013e-06
    outer loop
      vertex 79.8 22.0671 3.4
      vertex 79.7667 22.0944 8.99
      vertex 80.2213 21.7213 3.4
    endloop
  endfacet
  facet normal 0.633996 0.773336 0
    outer loop
      vertex 79.7667 22.0944 3
      vertex 79.8 22.0671 3.4
      vertex 79.8 22.0671 3
    endloop
  endfacet
  facet normal 0.633996 0.773336 0
    outer loop
      vertex 79.8 22.0671 3.4
      vertex 79.7667 22.0944 3
      vertex 79.7667 22.0944 8.99
    endloop
  endfacet
  facet normal 0.772994 -0.634413 0
    outer loop
      vertex 80.2213 17.4787 8.99
      vertex 80.5944 17.9333 3.4
      vertex 80.5944 17.9333 8.99
    endloop
  endfacet
  facet normal 0.772994 -0.634413 0
    outer loop
      vertex 80.5944 17.9333 3.4
      vertex 80.2213 17.4787 8.99
      vertex 80.2213 17.4787 3.4
    endloop
  endfacet
  facet normal -0.634413 0.772994 0
    outer loop
      vertex 76.4333 22.0944 3
      vertex 75.9787 21.7213 8.99
      vertex 76.4333 22.0944 8.99
    endloop
  endfacet
  facet normal -0.634413 0.772994 0
    outer loop
      vertex 75.9787 21.7213 8.99
      vertex 76.4333 22.0944 3
      vertex 75.9787 21.7213 3
    endloop
  endfacet
  facet normal 0.471329 -0.881957 0
    outer loop
      vertex 79.248 16.8284 3
      vertex 79.7667 17.1056 8.99
      vertex 79.248 16.8284 8.99
    endloop
  endfacet
  facet normal 0.471329 -0.881957 0
    outer loop
      vertex 79.7667 17.1056 8.99
      vertex 79.248 16.8284 3
      vertex 79.7667 17.1056 3
    endloop
  endfacet
  facet normal -0.881957 -0.471329 0
    outer loop
      vertex 75.6056 17.9333 3
      vertex 75.3284 18.452 8.99
      vertex 75.3284 18.452 3
    endloop
  endfacet
  facet normal -0.881957 -0.471329 0
    outer loop
      vertex 75.3284 18.452 8.99
      vertex 75.6056 17.9333 3
      vertex 75.6056 17.9333 8.99
    endloop
  endfacet
  facet normal 0.995193 -0.097938 0
    outer loop
      vertex 81.0424 19.0147 8.99
      vertex 81.1 19.6 3
      vertex 81.1 19.6 8.99
    endloop
  endfacet
  facet normal 0.995193 -0.097938 0
    outer loop
      vertex 81.1 19.6 3
      vertex 81.0424 19.0147 8.99
      vertex 81.0424 19.0147 3
    endloop
  endfacet
  facet normal -0.290451 0.95689 0
    outer loop
      vertex 77.5147 22.5424 3
      vertex 76.952 22.3716 8.99
      vertex 77.5147 22.5424 8.99
    endloop
  endfacet
  facet normal -0.290451 0.95689 0
    outer loop
      vertex 76.952 22.3716 8.99
      vertex 77.5147 22.5424 3
      vertex 76.952 22.3716 3
    endloop
  endfacet
  facet normal -0.097938 -0.995193 0
    outer loop
      vertex 77.5147 16.6576 3
      vertex 78.1 16.6 8.99
      vertex 77.5147 16.6576 8.99
    endloop
  endfacet
  facet normal -0.097938 -0.995193 -0
    outer loop
      vertex 78.1 16.6 8.99
      vertex 77.5147 16.6576 3
      vertex 78.1 16.6 3
    endloop
  endfacet
  facet normal -0.881957 0.471329 0
    outer loop
      vertex 75.3284 20.748 3
      vertex 75.6056 21.2667 8.99
      vertex 75.6056 21.2667 3
    endloop
  endfacet
  facet normal -0.881957 0.471329 0
    outer loop
      vertex 75.6056 21.2667 8.99
      vertex 75.3284 20.748 3
      vertex 75.3284 20.748 8.99
    endloop
  endfacet
  facet normal 0.290451 -0.95689 0
    outer loop
      vertex 78.6853 16.6576 3
      vertex 79.248 16.8284 8.99
      vertex 78.6853 16.6576 8.99
    endloop
  endfacet
  facet normal 0.290451 -0.95689 0
    outer loop
      vertex 79.248 16.8284 8.99
      vertex 78.6853 16.6576 3
      vertex 79.248 16.8284 3
    endloop
  endfacet
  facet normal 0 0 1
    outer loop
      vertex 79.2 19.6 8.99
      vertex 81.1 19.6 8.99
      vertex 81.0424 20.1853 8.99
    endloop
  endfacet
  facet normal 0 0 1
    outer loop
      vertex 79.1789 19.8146 8.99
      vertex 81.0424 20.1853 8.99
      vertex 80.8716 20.748 8.99
    endloop
  endfacet
  facet normal 0 0 1
    outer loop
      vertex 81.1 19.6 8.99
      vertex 79.2 19.6 8.99
      vertex 81.0424 19.0147 8.99
    endloop
  endfacet
  facet normal 0 0 1
    outer loop
      vertex 79.1163 20.021 8.99
      vertex 80.8716 20.748 8.99
      vertex 80.5944 21.2667 8.99
    endloop
  endfacet
  facet normal -0 0 1
    outer loop
      vertex 79.1789 19.3854 8.99
      vertex 81.0424 19.0147 8.99
      vertex 79.2 19.6 8.99
    endloop
  endfacet
  facet normal 0 0 1
    outer loop
      vertex 79.0146 20.2111 8.99
      vertex 80.5944 21.2667 8.99
      vertex 80.2213 21.7213 8.99
    endloop
  endfacet
  facet normal 0 0 1
    outer loop
      vertex 81.0424 19.0147 8.99
      vertex 79.1789 19.3854 8.99
      vertex 80.8716 18.452 8.99
    endloop
  endfacet
  facet normal 0 0 1
    outer loop
      vertex 78.8778 20.3778 8.99
      vertex 80.2213 21.7213 8.99
      vertex 79.7667 22.0944 8.99
    endloop
  endfacet
  facet normal -0 0 1
    outer loop
      vertex 79.1163 19.179 8.99
      vertex 80.8716 18.452 8.99
      vertex 79.1789 19.3854 8.99
    endloop
  endfacet
  facet normal 0 0 1
    outer loop
      vertex 78.7111 20.5146 8.99
      vertex 79.7667 22.0944 8.99
      vertex 79.248 22.3716 8.99
    endloop
  endfacet
  facet normal 0 0 1
    outer loop
      vertex 80.8716 18.452 8.99
      vertex 79.1163 19.179 8.99
      vertex 80.5944 17.9333 8.99
    endloop
  endfacet
  facet normal -0 0 1
    outer loop
      vertex 79.0146 18.9889 8.99
      vertex 80.5944 17.9333 8.99
      vertex 79.1163 19.179 8.99
    endloop
  endfacet
  facet normal 0 0 1
    outer loop
      vertex 81.0424 20.1853 8.99
      vertex 79.1789 19.8146 8.99
      vertex 79.2 19.6 8.99
    endloop
  endfacet
  facet normal 0 0 1
    outer loop
      vertex 80.8716 20.748 8.99
      vertex 79.1163 20.021 8.99
      vertex 79.1789 19.8146 8.99
    endloop
  endfacet
  facet normal 0 0 1
    outer loop
      vertex 80.5944 21.2667 8.99
      vertex 79.0146 20.2111 8.99
      vertex 79.1163 20.021 8.99
    endloop
  endfacet
  facet normal 0 0 1
    outer loop
      vertex 80.2213 21.7213 8.99
      vertex 78.8778 20.3778 8.99
      vertex 79.0146 20.2111 8.99
    endloop
  endfacet
  facet normal 0 0 1
    outer loop
      vertex 79.7667 22.0944 8.99
      vertex 78.7111 20.5146 8.99
      vertex 78.8778 20.3778 8.99
    endloop
  endfacet
  facet normal 0 0 1
    outer loop
      vertex 78.521 20.6163 8.99
      vertex 79.248 22.3716 8.99
      vertex 78.6853 22.5424 8.99
    endloop
  endfacet
  facet normal 0 0 1
    outer loop
      vertex 79.248 22.3716 8.99
      vertex 78.521 20.6163 8.99
      vertex 78.7111 20.5146 8.99
    endloop
  endfacet
  facet normal 0 0 1
    outer loop
      vertex 78.6853 22.5424 8.99
      vertex 78.3146 20.6789 8.99
      vertex 78.521 20.6163 8.99
    endloop
  endfacet
  facet normal 0 0 1
    outer loop
      vertex 78.1 22.6 8.99
      vertex 78.3146 20.6789 8.99
      vertex 78.6853 22.5424 8.99
    endloop
  endfacet
  facet normal 0 0 1
    outer loop
      vertex 78.1 22.6 8.99
      vertex 78.1 20.7 8.99
      vertex 78.3146 20.6789 8.99
    endloop
  endfacet
  facet normal 0 0 1
    outer loop
      vertex 78.1 22.6 8.99
      vertex 77.8854 20.6789 8.99
      vertex 78.1 20.7 8.99
    endloop
  endfacet
  facet normal -0 0 1
    outer loop
      vertex 77.5147 22.5424 8.99
      vertex 77.8854 20.6789 8.99
      vertex 78.1 22.6 8.99
    endloop
  endfacet
  facet normal 0 0 1
    outer loop
      vertex 77.8854 20.6789 8.99
      vertex 77.5147 22.5424 8.99
      vertex 77.679 20.6163 8.99
    endloop
  endfacet
  facet normal -0 0 1
    outer loop
      vertex 76.952 22.3716 8.99
      vertex 77.679 20.6163 8.99
      vertex 77.5147 22.5424 8.99
    endloop
  endfacet
  facet normal 0 0 1
    outer loop
      vertex 77.679 20.6163 8.99
      vertex 76.952 22.3716 8.99
      vertex 77.4889 20.5146 8.99
    endloop
  endfacet
  facet normal -0 0 1
    outer loop
      vertex 76.4333 22.0944 8.99
      vertex 77.4889 20.5146 8.99
      vertex 76.952 22.3716 8.99
    endloop
  endfacet
  facet normal 0 0 1
    outer loop
      vertex 77.4889 20.5146 8.99
      vertex 76.4333 22.0944 8.99
      vertex 77.3222 20.3778 8.99
    endloop
  endfacet
  facet normal -0 0 1
    outer loop
      vertex 75.9787 21.7213 8.99
      vertex 77.3222 20.3778 8.99
      vertex 76.4333 22.0944 8.99
    endloop
  endfacet
  facet normal -0 0 1
    outer loop
      vertex 75.6056 21.2667 8.99
      vertex 77.1854 20.2111 8.99
      vertex 75.9787 21.7213 8.99
    endloop
  endfacet
  facet normal 0 0 1
    outer loop
      vertex 77.3222 20.3778 8.99
      vertex 75.9787 21.7213 8.99
      vertex 77.1854 20.2111 8.99
    endloop
  endfacet
  facet normal 0 0 1
    outer loop
      vertex 80.5944 17.9333 8.99
      vertex 79.0146 18.9889 8.99
      vertex 80.2213 17.4787 8.99
    endloop
  endfacet
  facet normal -0 0 1
    outer loop
      vertex 78.8778 18.8222 8.99
      vertex 80.2213 17.4787 8.99
      vertex 79.0146 18.9889 8.99
    endloop
  endfacet
  facet normal 0 0 1
    outer loop
      vertex 80.2213 17.4787 8.99
      vertex 78.8778 18.8222 8.99
      vertex 79.7667 17.1056 8.99
    endloop
  endfacet
  facet normal -0 0 1
    outer loop
      vertex 78.7111 18.6854 8.99
      vertex 79.7667 17.1056 8.99
      vertex 78.8778 18.8222 8.99
    endloop
  endfacet
  facet normal 0 0 1
    outer loop
      vertex 79.7667 17.1056 8.99
      vertex 78.7111 18.6854 8.99
      vertex 79.248 16.8284 8.99
    endloop
  endfacet
  facet normal -0 0 1
    outer loop
      vertex 78.521 18.5837 8.99
      vertex 79.248 16.8284 8.99
      vertex 78.7111 18.6854 8.99
    endloop
  endfacet
  facet normal 0 0 1
    outer loop
      vertex 79.248 16.8284 8.99
      vertex 78.521 18.5837 8.99
      vertex 78.6853 16.6576 8.99
    endloop
  endfacet
  facet normal -0 0 1
    outer loop
      vertex 78.3146 18.5211 8.99
      vertex 78.6853 16.6576 8.99
      vertex 78.521 18.5837 8.99
    endloop
  endfacet
  facet normal -0 0 1
    outer loop
      vertex 78.1 18.5 8.99
      vertex 78.6853 16.6576 8.99
      vertex 78.3146 18.5211 8.99
    endloop
  endfacet
  facet normal 0 0 1
    outer loop
      vertex 78.1 18.5 8.99
      vertex 78.1 16.6 8.99
      vertex 78.6853 16.6576 8.99
    endloop
  endfacet
  facet normal 0 0 1
    outer loop
      vertex 77.8854 18.5211 8.99
      vertex 78.1 16.6 8.99
      vertex 78.1 18.5 8.99
    endloop
  endfacet
  facet normal 0 0 1
    outer loop
      vertex 77.5147 16.6576 8.99
      vertex 77.8854 18.5211 8.99
      vertex 77.679 18.5837 8.99
    endloop
  endfacet
  facet normal 0 0 1
    outer loop
      vertex 77.8854 18.5211 8.99
      vertex 77.5147 16.6576 8.99
      vertex 78.1 16.6 8.99
    endloop
  endfacet
  facet normal 0 0 1
    outer loop
      vertex 76.952 16.8284 8.99
      vertex 77.679 18.5837 8.99
      vertex 77.4889 18.6854 8.99
    endloop
  endfacet
  facet normal 0 0 1
    outer loop
      vertex 76.4333 17.1056 8.99
      vertex 77.4889 18.6854 8.99
      vertex 77.3222 18.8222 8.99
    endloop
  endfacet
  facet normal 0 0 1
    outer loop
      vertex 75.9787 17.4787 8.99
      vertex 77.3222 18.8222 8.99
      vertex 77.1854 18.9889 8.99
    endloop
  endfacet
  facet normal 0 0 1
    outer loop
      vertex 75.6056 17.9333 8.99
      vertex 77.1854 18.9889 8.99
      vertex 77.0837 19.179 8.99
    endloop
  endfacet
  facet normal 0 0 1
    outer loop
      vertex 75.3284 18.452 8.99
      vertex 77.0837 19.179 8.99
      vertex 77.0211 19.3854 8.99
    endloop
  endfacet
  facet normal 0 0 1
    outer loop
      vertex 77.679 18.5837 8.99
      vertex 76.952 16.8284 8.99
      vertex 77.5147 16.6576 8.99
    endloop
  endfacet
  facet normal 0 0 1
    outer loop
      vertex 75.1576 19.0147 8.99
      vertex 77.0211 19.3854 8.99
      vertex 77 19.6 8.99
    endloop
  endfacet
  facet normal 0 0 1
    outer loop
      vertex 77.1854 20.2111 8.99
      vertex 75.6056 21.2667 8.99
      vertex 77.0837 20.021 8.99
    endloop
  endfacet
  facet normal -0 0 1
    outer loop
      vertex 75.3284 20.748 8.99
      vertex 77.0837 20.021 8.99
      vertex 75.6056 21.2667 8.99
    endloop
  endfacet
  facet normal 0 0 1
    outer loop
      vertex 77.4889 18.6854 8.99
      vertex 76.4333 17.1056 8.99
      vertex 76.952 16.8284 8.99
    endloop
  endfacet
  facet normal 0 0 1
    outer loop
      vertex 77.0837 20.021 8.99
      vertex 75.3284 20.748 8.99
      vertex 77.0211 19.8146 8.99
    endloop
  endfacet
  facet normal 0 0 1
    outer loop
      vertex 77.3222 18.8222 8.99
      vertex 75.9787 17.4787 8.99
      vertex 76.4333 17.1056 8.99
    endloop
  endfacet
  facet normal -0 0 1
    outer loop
      vertex 75.1576 20.1853 8.99
      vertex 77.0211 19.8146 8.99
      vertex 75.3284 20.748 8.99
    endloop
  endfacet
  facet normal 0 0 1
    outer loop
      vertex 77.1854 18.9889 8.99
      vertex 75.6056 17.9333 8.99
      vertex 75.9787 17.4787 8.99
    endloop
  endfacet
  facet normal 0 0 1
    outer loop
      vertex 77.0211 19.8146 8.99
      vertex 75.1576 20.1853 8.99
      vertex 77 19.6 8.99
    endloop
  endfacet
  facet normal 0 0 1
    outer loop
      vertex 77.0837 19.179 8.99
      vertex 75.3284 18.452 8.99
      vertex 75.6056 17.9333 8.99
    endloop
  endfacet
  facet normal 0 0 1
    outer loop
      vertex 75.1 19.6 8.99
      vertex 77 19.6 8.99
      vertex 75.1576 20.1853 8.99
    endloop
  endfacet
  facet normal 0 0 1
    outer loop
      vertex 77.0211 19.3854 8.99
      vertex 75.1576 19.0147 8.99
      vertex 75.3284 18.452 8.99
    endloop
  endfacet
  facet normal 0 0 1
    outer loop
      vertex 77 19.6 8.99
      vertex 75.1 19.6 8.99
      vertex 75.1576 19.0147 8.99
    endloop
  endfacet
  facet normal -0.290451 -0.95689 0
    outer loop
      vertex 76.952 16.8284 3
      vertex 77.5147 16.6576 8.99
      vertex 76.952 16.8284 8.99
    endloop
  endfacet
  facet normal -0.290451 -0.95689 -0
    outer loop
      vertex 77.5147 16.6576 8.99
      vertex 76.952 16.8284 3
      vertex 77.5147 16.6576 3
    endloop
  endfacet
  facet normal 0.95689 -0.290451 0
    outer loop
      vertex 80.8716 18.452 8.99
      vertex 81.0424 19.0147 3
      vertex 81.0424 19.0147 8.99
    endloop
  endfacet
  facet normal 0.95689 -0.290451 0
    outer loop
      vertex 81.0424 19.0147 3
      vertex 80.8716 18.452 8.99
      vertex 80.8716 18.452 3
    endloop
  endfacet
  facet normal 0.772994 0.634413 0
    outer loop
      vertex 80.5944 21.2667 8.99
      vertex 80.2213 21.7213 3.4
      vertex 80.2213 21.7213 8.99
    endloop
  endfacet
  facet normal 0.772994 0.634413 0
    outer loop
      vertex 80.2213 21.7213 3.4
      vertex 80.5944 21.2667 8.99
      vertex 80.5944 21.2667 3.4
    endloop
  endfacet
  facet normal -0.995193 0.097938 0
    outer loop
      vertex 75.1 19.6 3
      vertex 75.1576 20.1853 8.99
      vertex 75.1576 20.1853 3
    endloop
  endfacet
  facet normal -0.995193 0.097938 0
    outer loop
      vertex 75.1576 20.1853 8.99
      vertex 75.1 19.6 3
      vertex 75.1 19.6 8.99
    endloop
  endfacet
  facet normal 0.634413 -0.772994 4.1521e-06
    outer loop
      vertex 79.7667 17.1056 8.99
      vertex 79.8 17.1329 3.4
      vertex 80.2213 17.4787 8.99
    endloop
  endfacet
  facet normal 0.633996 -0.773336 0
    outer loop
      vertex 79.7667 17.1056 3
      vertex 79.8 17.1329 3.4
      vertex 79.7667 17.1056 8.99
    endloop
  endfacet
  facet normal 0.633996 -0.773336 0
    outer loop
      vertex 79.8 17.1329 3.4
      vertex 79.7667 17.1056 3
      vertex 79.8 17.1329 3
    endloop
  endfacet
  facet normal 0.634446 -0.772967 0
    outer loop
      vertex 80.2213 17.4787 8.99
      vertex 79.8 17.1329 3.4
      vertex 80.2213 17.4787 3.4
    endloop
  endfacet
  facet normal -0.634413 -0.772994 0
    outer loop
      vertex 75.9787 17.4787 3
      vertex 76.4333 17.1056 8.99
      vertex 75.9787 17.4787 8.99
    endloop
  endfacet
  facet normal -0.634413 -0.772994 -0
    outer loop
      vertex 76.4333 17.1056 8.99
      vertex 75.9787 17.4787 3
      vertex 76.4333 17.1056 3
    endloop
  endfacet
  facet normal -0.097938 0.995193 0
    outer loop
      vertex 78.1 22.6 3
      vertex 77.5147 22.5424 8.99
      vertex 78.1 22.6 8.99
    endloop
  endfacet
  facet normal -0.097938 0.995193 0
    outer loop
      vertex 77.5147 22.5424 8.99
      vertex 78.1 22.6 3
      vertex 77.5147 22.5424 3
    endloop
  endfacet
  facet normal 0.881949 -0.471345 0
    outer loop
      vertex 80.8716 18.452 8.99
      vertex 80.6 17.9438 3.4
      vertex 80.8716 18.452 3
    endloop
  endfacet
  facet normal 0.881957 -0.471329 -1.78853e-06
    outer loop
      vertex 80.5944 17.9333 8.99
      vertex 80.6 17.9438 3.4
      vertex 80.8716 18.452 8.99
    endloop
  endfacet
  facet normal 0.882353 -0.470588 0
    outer loop
      vertex 80.6 17.9438 3.4
      vertex 80.5944 17.9333 8.99
      vertex 80.5944 17.9333 3.4
    endloop
  endfacet
  facet normal 0.881949 -0.471345 0
    outer loop
      vertex 80.8716 18.452 3
      vertex 80.6 17.9438 3.4
      vertex 80.6 17.9438 3
    endloop
  endfacet
  facet normal -0.95689 -0.290451 0
    outer loop
      vertex 75.3284 18.452 3
      vertex 75.1576 19.0147 8.99
      vertex 75.1576 19.0147 3
    endloop
  endfacet
  facet normal -0.95689 -0.290451 0
    outer loop
      vertex 75.1576 19.0147 8.99
      vertex 75.3284 18.452 3
      vertex 75.3284 18.452 8.99
    endloop
  endfacet
  facet normal -0.995193 -0.097938 0
    outer loop
      vertex 75.1576 19.0147 3
      vertex 75.1 19.6 8.99
      vertex 75.1 19.6 3
    endloop
  endfacet
  facet normal -0.995193 -0.097938 0
    outer loop
      vertex 75.1 19.6 8.99
      vertex 75.1576 19.0147 3
      vertex 75.1576 19.0147 8.99
    endloop
  endfacet
  facet normal -0.772994 -0.634413 0
    outer loop
      vertex 75.9787 17.4787 3
      vertex 75.6056 17.9333 8.99
      vertex 75.6056 17.9333 3
    endloop
  endfacet
  facet normal -0.772994 -0.634413 0
    outer loop
      vertex 75.6056 17.9333 8.99
      vertex 75.9787 17.4787 3
      vertex 75.9787 17.4787 8.99
    endloop
  endfacet
  facet normal -0.772994 0.634413 0
    outer loop
      vertex 75.6056 21.2667 3
      vertex 75.9787 21.7213 8.99
      vertex 75.9787 21.7213 3
    endloop
  endfacet
  facet normal -0.772994 0.634413 0
    outer loop
      vertex 75.9787 21.7213 8.99
      vertex 75.6056 21.2667 3
      vertex 75.6056 21.2667 8.99
    endloop
  endfacet
  facet normal -0.95689 0.290451 0
    outer loop
      vertex 75.1576 20.1853 3
      vertex 75.3284 20.748 8.99
      vertex 75.3284 20.748 3
    endloop
  endfacet
  facet normal -0.95689 0.290451 0
    outer loop
      vertex 75.3284 20.748 8.99
      vertex 75.1576 20.1853 3
      vertex 75.1576 20.1853 8.99
    endloop
  endfacet
  facet normal -0.471329 -0.881957 0
    outer loop
      vertex 76.4333 17.1056 3
      vertex 76.952 16.8284 8.99
      vertex 76.4333 17.1056 8.99
    endloop
  endfacet
  facet normal -0.471329 -0.881957 -0
    outer loop
      vertex 76.952 16.8284 8.99
      vertex 76.4333 17.1056 3
      vertex 76.952 16.8284 3
    endloop
  endfacet
  facet normal 0.471719 0.881749 -0
    outer loop
      vertex 77.679 18.5837 3.99
      vertex 77.4889 18.6854 8.99
      vertex 77.679 18.5837 8.99
    endloop
  endfacet
  facet normal 0.471719 0.881749 0
    outer loop
      vertex 77.4889 18.6854 8.99
      vertex 77.679 18.5837 3.99
      vertex 77.4889 18.6854 3.99
    endloop
  endfacet
  facet normal -0.956954 -0.290239 0
    outer loop
      vertex 79.1789 19.8146 3.99
      vertex 79.1163 20.021 8.99
      vertex 79.1163 20.021 3.99
    endloop
  endfacet
  facet normal -0.956954 -0.290239 0
    outer loop
      vertex 79.1163 20.021 8.99
      vertex 79.1789 19.8146 3.99
      vertex 79.1789 19.8146 8.99
    endloop
  endfacet
  facet normal -0.995201 -0.0978506 0
    outer loop
      vertex 79.2 19.6 3.99
      vertex 79.1789 19.8146 8.99
      vertex 79.1789 19.8146 3.99
    endloop
  endfacet
  facet normal -0.995201 -0.0978506 0
    outer loop
      vertex 79.1789 19.8146 8.99
      vertex 79.2 19.6 3.99
      vertex 79.2 19.6 8.99
    endloop
  endfacet
  facet normal -0.881749 -0.471719 0
    outer loop
      vertex 79.1163 20.021 3.99
      vertex 79.0146 20.2111 8.99
      vertex 79.0146 20.2111 3.99
    endloop
  endfacet
  facet normal -0.881749 -0.471719 0
    outer loop
      vertex 79.0146 20.2111 8.99
      vertex 79.1163 20.021 3.99
      vertex 79.1163 20.021 8.99
    endloop
  endfacet
  facet normal -0.471719 -0.881749 0
    outer loop
      vertex 78.521 20.6163 3.99
      vertex 78.7111 20.5146 8.99
      vertex 78.521 20.6163 8.99
    endloop
  endfacet
  facet normal -0.471719 -0.881749 -0
    outer loop
      vertex 78.7111 20.5146 8.99
      vertex 78.521 20.6163 3.99
      vertex 78.7111 20.5146 3.99
    endloop
  endfacet
  facet normal 0.956954 0.290239 0
    outer loop
      vertex 77.0837 19.179 8.99
      vertex 77.0211 19.3854 3.99
      vertex 77.0211 19.3854 8.99
    endloop
  endfacet
  facet normal 0.956954 0.290239 0
    outer loop
      vertex 77.0211 19.3854 3.99
      vertex 77.0837 19.179 8.99
      vertex 77.0837 19.179 3.99
    endloop
  endfacet
  facet normal -0.471719 0.881749 0
    outer loop
      vertex 78.7111 18.6854 3.99
      vertex 78.521 18.5837 8.99
      vertex 78.7111 18.6854 8.99
    endloop
  endfacet
  facet normal -0.471719 0.881749 0
    outer loop
      vertex 78.521 18.5837 8.99
      vertex 78.7111 18.6854 3.99
      vertex 78.521 18.5837 3.99
    endloop
  endfacet
  facet normal -0.773027 -0.634373 0
    outer loop
      vertex 79.0146 20.2111 3.99
      vertex 78.8778 20.3778 8.99
      vertex 78.8778 20.3778 3.99
    endloop
  endfacet
  facet normal -0.773027 -0.634373 0
    outer loop
      vertex 78.8778 20.3778 8.99
      vertex 79.0146 20.2111 3.99
      vertex 79.0146 20.2111 8.99
    endloop
  endfacet
  facet normal -0.290239 -0.956954 0
    outer loop
      vertex 78.3146 20.6789 3.99
      vertex 78.521 20.6163 8.99
      vertex 78.3146 20.6789 8.99
    endloop
  endfacet
  facet normal -0.290239 -0.956954 -0
    outer loop
      vertex 78.521 20.6163 8.99
      vertex 78.3146 20.6789 3.99
      vertex 78.521 20.6163 3.99
    endloop
  endfacet
  facet normal 0.471719 -0.881749 0
    outer loop
      vertex 77.4889 20.5146 3.99
      vertex 77.679 20.6163 8.99
      vertex 77.4889 20.5146 8.99
    endloop
  endfacet
  facet normal 0.471719 -0.881749 0
    outer loop
      vertex 77.679 20.6163 8.99
      vertex 77.4889 20.5146 3.99
      vertex 77.679 20.6163 3.99
    endloop
  endfacet
  facet normal 0.881749 0.471719 0
    outer loop
      vertex 77.1854 18.9889 8.99
      vertex 77.0837 19.179 3.99
      vertex 77.0837 19.179 8.99
    endloop
  endfacet
  facet normal 0.881749 0.471719 0
    outer loop
      vertex 77.0837 19.179 3.99
      vertex 77.1854 18.9889 8.99
      vertex 77.1854 18.9889 3.99
    endloop
  endfacet
  facet normal -0.0978506 -0.995201 0
    outer loop
      vertex 78.1 20.7 3.99
      vertex 78.3146 20.6789 8.99
      vertex 78.1 20.7 8.99
    endloop
  endfacet
  facet normal -0.0978506 -0.995201 -0
    outer loop
      vertex 78.3146 20.6789 8.99
      vertex 78.1 20.7 3.99
      vertex 78.3146 20.6789 3.99
    endloop
  endfacet
  facet normal -0.290239 0.956954 0
    outer loop
      vertex 78.521 18.5837 3.99
      vertex 78.3146 18.5211 8.99
      vertex 78.521 18.5837 8.99
    endloop
  endfacet
  facet normal -0.290239 0.956954 0
    outer loop
      vertex 78.3146 18.5211 8.99
      vertex 78.521 18.5837 3.99
      vertex 78.3146 18.5211 3.99
    endloop
  endfacet
  facet normal 0.995201 -0.0978506 0
    outer loop
      vertex 77 19.6 8.99
      vertex 77.0211 19.8146 3.99
      vertex 77.0211 19.8146 8.99
    endloop
  endfacet
  facet normal 0.995201 -0.0978506 0
    outer loop
      vertex 77.0211 19.8146 3.99
      vertex 77 19.6 8.99
      vertex 77 19.6 3.99
    endloop
  endfacet
  facet normal -0.881749 0.471719 0
    outer loop
      vertex 79.0146 18.9889 3.99
      vertex 79.1163 19.179 8.99
      vertex 79.1163 19.179 3.99
    endloop
  endfacet
  facet normal -0.881749 0.471719 0
    outer loop
      vertex 79.1163 19.179 8.99
      vertex 79.0146 18.9889 3.99
      vertex 79.0146 18.9889 8.99
    endloop
  endfacet
  facet normal -0.773027 0.634373 0
    outer loop
      vertex 78.8778 18.8222 3.99
      vertex 79.0146 18.9889 8.99
      vertex 79.0146 18.9889 3.99
    endloop
  endfacet
  facet normal -0.773027 0.634373 0
    outer loop
      vertex 79.0146 18.9889 8.99
      vertex 78.8778 18.8222 3.99
      vertex 78.8778 18.8222 8.99
    endloop
  endfacet
  facet normal 0.634373 -0.773027 0
    outer loop
      vertex 77.3222 20.3778 3.99
      vertex 77.4889 20.5146 8.99
      vertex 77.3222 20.3778 8.99
    endloop
  endfacet
  facet normal 0.634373 -0.773027 0
    outer loop
      vertex 77.4889 20.5146 8.99
      vertex 77.3222 20.3778 3.99
      vertex 77.4889 20.5146 3.99
    endloop
  endfacet
  facet normal 0 0 1
    outer loop
      vertex 79.1789 19.8146 3.99
      vertex 79.1789 19.3854 3.99
      vertex 79.2 19.6 3.99
    endloop
  endfacet
  facet normal 0 0 1
    outer loop
      vertex 79.1163 20.021 3.99
      vertex 79.1789 19.3854 3.99
      vertex 79.1789 19.8146 3.99
    endloop
  endfacet
  facet normal 0 0 1
    outer loop
      vertex 79.1163 20.021 3.99
      vertex 79.1163 19.179 3.99
      vertex 79.1789 19.3854 3.99
    endloop
  endfacet
  facet normal 0 0 1
    outer loop
      vertex 79.0146 20.2111 3.99
      vertex 79.1163 19.179 3.99
      vertex 79.1163 20.021 3.99
    endloop
  endfacet
  facet normal 0 0 1
    outer loop
      vertex 79.0146 20.2111 3.99
      vertex 79.0146 18.9889 3.99
      vertex 79.1163 19.179 3.99
    endloop
  endfacet
  facet normal 0 0 1
    outer loop
      vertex 78.8778 20.3778 3.99
      vertex 79.0146 18.9889 3.99
      vertex 79.0146 20.2111 3.99
    endloop
  endfacet
  facet normal 0 0 1
    outer loop
      vertex 78.8778 20.3778 3.99
      vertex 78.8778 18.8222 3.99
      vertex 79.0146 18.9889 3.99
    endloop
  endfacet
  facet normal 0 0 1
    outer loop
      vertex 78.7111 20.5146 3.99
      vertex 78.8778 18.8222 3.99
      vertex 78.8778 20.3778 3.99
    endloop
  endfacet
  facet normal 0 0 1
    outer loop
      vertex 78.7111 20.5146 3.99
      vertex 78.7111 18.6854 3.99
      vertex 78.8778 18.8222 3.99
    endloop
  endfacet
  facet normal 0 0 1
    outer loop
      vertex 78.521 20.6163 3.99
      vertex 78.7111 18.6854 3.99
      vertex 78.7111 20.5146 3.99
    endloop
  endfacet
  facet normal 0 0 1
    outer loop
      vertex 78.521 20.6163 3.99
      vertex 78.521 18.5837 3.99
      vertex 78.7111 18.6854 3.99
    endloop
  endfacet
  facet normal 0 0 1
    outer loop
      vertex 78.3146 20.6789 3.99
      vertex 78.521 18.5837 3.99
      vertex 78.521 20.6163 3.99
    endloop
  endfacet
  facet normal 0 0 1
    outer loop
      vertex 78.3146 20.6789 3.99
      vertex 78.3146 18.5211 3.99
      vertex 78.521 18.5837 3.99
    endloop
  endfacet
  facet normal 0 0 1
    outer loop
      vertex 78.1 20.7 3.99
      vertex 78.3146 18.5211 3.99
      vertex 78.3146 20.6789 3.99
    endloop
  endfacet
  facet normal 0 0 1
    outer loop
      vertex 78.1 20.7 3.99
      vertex 78.1 18.5 3.99
      vertex 78.3146 18.5211 3.99
    endloop
  endfacet
  facet normal -0 0 1
    outer loop
      vertex 77.8854 20.6789 3.99
      vertex 78.1 18.5 3.99
      vertex 78.1 20.7 3.99
    endloop
  endfacet
  facet normal 0 0 1
    outer loop
      vertex 77.8854 20.6789 3.99
      vertex 77.8854 18.5211 3.99
      vertex 78.1 18.5 3.99
    endloop
  endfacet
  facet normal -0 0 1
    outer loop
      vertex 77.679 20.6163 3.99
      vertex 77.8854 18.5211 3.99
      vertex 77.8854 20.6789 3.99
    endloop
  endfacet
  facet normal 0 0 1
    outer loop
      vertex 77.679 20.6163 3.99
      vertex 77.679 18.5837 3.99
      vertex 77.8854 18.5211 3.99
    endloop
  endfacet
  facet normal -0 0 1
    outer loop
      vertex 77.4889 20.5146 3.99
      vertex 77.679 18.5837 3.99
      vertex 77.679 20.6163 3.99
    endloop
  endfacet
  facet normal 0 0 1
    outer loop
      vertex 77.4889 20.5146 3.99
      vertex 77.4889 18.6854 3.99
      vertex 77.679 18.5837 3.99
    endloop
  endfacet
  facet normal -0 0 1
    outer loop
      vertex 77.3222 20.3778 3.99
      vertex 77.4889 18.6854 3.99
      vertex 77.4889 20.5146 3.99
    endloop
  endfacet
  facet normal 0 0 1
    outer loop
      vertex 77.3222 20.3778 3.99
      vertex 77.3222 18.8222 3.99
      vertex 77.4889 18.6854 3.99
    endloop
  endfacet
  facet normal -0 0 1
    outer loop
      vertex 77.1854 20.2111 3.99
      vertex 77.3222 18.8222 3.99
      vertex 77.3222 20.3778 3.99
    endloop
  endfacet
  facet normal 0 0 1
    outer loop
      vertex 77.1854 20.2111 3.99
      vertex 77.1854 18.9889 3.99
      vertex 77.3222 18.8222 3.99
    endloop
  endfacet
  facet normal -0 0 1
    outer loop
      vertex 77.0837 20.021 3.99
      vertex 77.1854 18.9889 3.99
      vertex 77.1854 20.2111 3.99
    endloop
  endfacet
  facet normal 0 0 1
    outer loop
      vertex 77.0837 20.021 3.99
      vertex 77.0837 19.179 3.99
      vertex 77.1854 18.9889 3.99
    endloop
  endfacet
  facet normal -0 0 1
    outer loop
      vertex 77.0211 19.8146 3.99
      vertex 77.0837 19.179 3.99
      vertex 77.0837 20.021 3.99
    endloop
  endfacet
  facet normal 0 0 1
    outer loop
      vertex 77.0211 19.8146 3.99
      vertex 77.0211 19.3854 3.99
      vertex 77.0837 19.179 3.99
    endloop
  endfacet
  facet normal 0 -0 1
    outer loop
      vertex 77.0211 19.3854 3.99
      vertex 77.0211 19.8146 3.99
      vertex 77 19.6 3.99
    endloop
  endfacet
  facet normal 0.290239 -0.956954 0
    outer loop
      vertex 77.679 20.6163 3.99
      vertex 77.8854 20.6789 8.99
      vertex 77.679 20.6163 8.99
    endloop
  endfacet
  facet normal 0.290239 -0.956954 0
    outer loop
      vertex 77.8854 20.6789 8.99
      vertex 77.679 20.6163 3.99
      vertex 77.8854 20.6789 3.99
    endloop
  endfacet
  facet normal -0.634373 -0.773027 0
    outer loop
      vertex 78.7111 20.5146 3.99
      vertex 78.8778 20.3778 8.99
      vertex 78.7111 20.5146 8.99
    endloop
  endfacet
  facet normal -0.634373 -0.773027 -0
    outer loop
      vertex 78.8778 20.3778 8.99
      vertex 78.7111 20.5146 3.99
      vertex 78.8778 20.3778 3.99
    endloop
  endfacet
  facet normal 0.881749 -0.471719 0
    outer loop
      vertex 77.0837 20.021 8.99
      vertex 77.1854 20.2111 3.99
      vertex 77.1854 20.2111 8.99
    endloop
  endfacet
  facet normal 0.881749 -0.471719 0
    outer loop
      vertex 77.1854 20.2111 3.99
      vertex 77.0837 20.021 8.99
      vertex 77.0837 20.021 3.99
    endloop
  endfacet
  facet normal -0.0978506 0.995201 0
    outer loop
      vertex 78.3146 18.5211 3.99
      vertex 78.1 18.5 8.99
      vertex 78.3146 18.5211 8.99
    endloop
  endfacet
  facet normal -0.0978506 0.995201 0
    outer loop
      vertex 78.1 18.5 8.99
      vertex 78.3146 18.5211 3.99
      vertex 78.1 18.5 3.99
    endloop
  endfacet
  facet normal 0.634373 0.773027 -0
    outer loop
      vertex 77.4889 18.6854 3.99
      vertex 77.3222 18.8222 8.99
      vertex 77.4889 18.6854 8.99
    endloop
  endfacet
  facet normal 0.634373 0.773027 0
    outer loop
      vertex 77.3222 18.8222 8.99
      vertex 77.4889 18.6854 3.99
      vertex 77.3222 18.8222 3.99
    endloop
  endfacet
  facet normal 0.956954 -0.290239 0
    outer loop
      vertex 77.0211 19.8146 8.99
      vertex 77.0837 20.021 3.99
      vertex 77.0837 20.021 8.99
    endloop
  endfacet
  facet normal 0.956954 -0.290239 0
    outer loop
      vertex 77.0837 20.021 3.99
      vertex 77.0211 19.8146 8.99
      vertex 77.0211 19.8146 3.99
    endloop
  endfacet
  facet normal -0.956954 0.290239 0
    outer loop
      vertex 79.1163 19.179 3.99
      vertex 79.1789 19.3854 8.99
      vertex 79.1789 19.3854 3.99
    endloop
  endfacet
  facet normal -0.956954 0.290239 0
    outer loop
      vertex 79.1789 19.3854 8.99
      vertex 79.1163 19.179 3.99
      vertex 79.1163 19.179 8.99
    endloop
  endfacet
  facet normal 0.0978506 -0.995201 0
    outer loop
      vertex 77.8854 20.6789 3.99
      vertex 78.1 20.7 8.99
      vertex 77.8854 20.6789 8.99
    endloop
  endfacet
  facet normal 0.0978506 -0.995201 0
    outer loop
      vertex 78.1 20.7 8.99
      vertex 77.8854 20.6789 3.99
      vertex 78.1 20.7 3.99
    endloop
  endfacet
  facet normal 0.773027 -0.634373 0
    outer loop
      vertex 77.1854 20.2111 8.99
      vertex 77.3222 20.3778 3.99
      vertex 77.3222 20.3778 8.99
    endloop
  endfacet
  facet normal 0.773027 -0.634373 0
    outer loop
      vertex 77.3222 20.3778 3.99
      vertex 77.1854 20.2111 8.99
      vertex 77.1854 20.2111 3.99
    endloop
  endfacet
  facet normal -0.995201 0.0978506 0
    outer loop
      vertex 79.1789 19.3854 3.99
      vertex 79.2 19.6 8.99
      vertex 79.2 19.6 3.99
    endloop
  endfacet
  facet normal -0.995201 0.0978506 0
    outer loop
      vertex 79.2 19.6 8.99
      vertex 79.1789 19.3854 3.99
      vertex 79.1789 19.3854 8.99
    endloop
  endfacet
  facet normal 0.773027 0.634373 0
    outer loop
      vertex 77.3222 18.8222 8.99
      vertex 77.1854 18.9889 3.99
      vertex 77.1854 18.9889 8.99
    endloop
  endfacet
  facet normal 0.773027 0.634373 0
    outer loop
      vertex 77.1854 18.9889 3.99
      vertex 77.3222 18.8222 8.99
      vertex 77.3222 18.8222 3.99
    endloop
  endfacet
  facet normal -0.634373 0.773027 0
    outer loop
      vertex 78.8778 18.8222 3.99
      vertex 78.7111 18.6854 8.99
      vertex 78.8778 18.8222 8.99
    endloop
  endfacet
  facet normal -0.634373 0.773027 0
    outer loop
      vertex 78.7111 18.6854 8.99
      vertex 78.8778 18.8222 3.99
      vertex 78.7111 18.6854 3.99
    endloop
  endfacet
  facet normal 0.995201 0.0978506 0
    outer loop
      vertex 77.0211 19.3854 8.99
      vertex 77 19.6 3.99
      vertex 77 19.6 8.99
    endloop
  endfacet
  facet normal 0.995201 0.0978506 0
    outer loop
      vertex 77 19.6 3.99
      vertex 77.0211 19.3854 8.99
      vertex 77.0211 19.3854 3.99
    endloop
  endfacet
  facet normal 0.0978506 0.995201 -0
    outer loop
      vertex 78.1 18.5 3.99
      vertex 77.8854 18.5211 8.99
      vertex 78.1 18.5 8.99
    endloop
  endfacet
  facet normal 0.0978506 0.995201 0
    outer loop
      vertex 77.8854 18.5211 8.99
      vertex 78.1 18.5 3.99
      vertex 77.8854 18.5211 3.99
    endloop
  endfacet
  facet normal 0.290239 0.956954 -0
    outer loop
      vertex 77.8854 18.5211 3.99
      vertex 77.679 18.5837 8.99
      vertex 77.8854 18.5211 8.99
    endloop
  endfacet
  facet normal 0.290239 0.956954 0
    outer loop
      vertex 77.679 18.5837 8.99
      vertex 77.8854 18.5211 3.99
      vertex 77.679 18.5837 3.99
    endloop
  endfacet
  facet normal -0.471329 0.881957 0
    outer loop
      vertex 76.952 50.2716 3
      vertex 76.4333 49.9944 8.99
      vertex 76.952 50.2716 8.99
    endloop
  endfacet
  facet normal -0.471329 0.881957 0
    outer loop
      vertex 76.4333 49.9944 8.99
      vertex 76.952 50.2716 3
      vertex 76.4333 49.9944 3
    endloop
  endfacet
  facet normal 0.471329 0.881957 -0
    outer loop
      vertex 79.7667 49.9944 3
      vertex 79.248 50.2716 8.99
      vertex 79.7667 49.9944 8.99
    endloop
  endfacet
  facet normal 0.471329 0.881957 0
    outer loop
      vertex 79.248 50.2716 8.99
      vertex 79.7667 49.9944 3
      vertex 79.248 50.2716 3
    endloop
  endfacet
  facet normal 0.95689 0.290451 0
    outer loop
      vertex 81.0424 48.0853 8.99
      vertex 80.8716 48.648 3
      vertex 80.8716 48.648 8.99
    endloop
  endfacet
  facet normal 0.95689 0.290451 0
    outer loop
      vertex 80.8716 48.648 3
      vertex 81.0424 48.0853 8.99
      vertex 81.0424 48.0853 3
    endloop
  endfacet
  facet normal 0.995193 0.097938 0
    outer loop
      vertex 81.1 47.5 8.99
      vertex 81.0424 48.0853 3
      vertex 81.0424 48.0853 8.99
    endloop
  endfacet
  facet normal 0.995193 0.097938 0
    outer loop
      vertex 81.0424 48.0853 3
      vertex 81.1 47.5 8.99
      vertex 81.1 47.5 3
    endloop
  endfacet
  facet normal 0.882353 0.470588 0
    outer loop
      vertex 80.5944 49.1667 8.99
      vertex 80.6 49.1562 3.4
      vertex 80.5944 49.1667 3.4
    endloop
  endfacet
  facet normal 0.881957 0.471329 -1.78853e-06
    outer loop
      vertex 80.8716 48.648 8.99
      vertex 80.6 49.1562 3.4
      vertex 80.5944 49.1667 8.99
    endloop
  endfacet
  facet normal 0.881949 0.471345 -0
    outer loop
      vertex 80.8716 48.648 3
      vertex 80.6 49.1562 3.4
      vertex 80.8716 48.648 8.99
    endloop
  endfacet
  facet normal 0.881949 0.471345 0
    outer loop
      vertex 80.6 49.1562 3.4
      vertex 80.8716 48.648 3
      vertex 80.6 49.1562 3
    endloop
  endfacet
  facet normal 0.097938 0.995193 -0
    outer loop
      vertex 78.6853 50.4424 3
      vertex 78.1 50.5 8.99
      vertex 78.6853 50.4424 8.99
    endloop
  endfacet
  facet normal 0.097938 0.995193 0
    outer loop
      vertex 78.1 50.5 8.99
      vertex 78.6853 50.4424 3
      vertex 78.1 50.5 3
    endloop
  endfacet
  facet normal 0.097938 -0.995193 0
    outer loop
      vertex 78.1 44.5 3
      vertex 78.6853 44.5576 8.99
      vertex 78.1 44.5 8.99
    endloop
  endfacet
  facet normal 0.097938 -0.995193 0
    outer loop
      vertex 78.6853 44.5576 8.99
      vertex 78.1 44.5 3
      vertex 78.6853 44.5576 3
    endloop
  endfacet
  facet normal 0.290451 0.95689 -0
    outer loop
      vertex 79.248 50.2716 3
      vertex 78.6853 50.4424 8.99
      vertex 79.248 50.2716 8.99
    endloop
  endfacet
  facet normal 0.290451 0.95689 0
    outer loop
      vertex 78.6853 50.4424 8.99
      vertex 79.248 50.2716 3
      vertex 78.6853 50.4424 3
    endloop
  endfacet
  facet normal 0.634413 0.772994 -0
    outer loop
      vertex 80.2213 49.6213 3.4
      vertex 79.7667 49.9944 8.99
      vertex 80.2213 49.6213 8.99
    endloop
  endfacet
  facet normal 0.634446 0.772967 4.48013e-06
    outer loop
      vertex 79.8 49.9671 3.4
      vertex 79.7667 49.9944 8.99
      vertex 80.2213 49.6213 3.4
    endloop
  endfacet
  facet normal 0.633996 0.773336 0
    outer loop
      vertex 79.7667 49.9944 3
      vertex 79.8 49.9671 3.4
      vertex 79.8 49.9671 3
    endloop
  endfacet
  facet normal 0.633996 0.773336 0
    outer loop
      vertex 79.8 49.9671 3.4
      vertex 79.7667 49.9944 3
      vertex 79.7667 49.9944 8.99
    endloop
  endfacet
  facet normal 0.772994 -0.634413 0
    outer loop
      vertex 80.2213 45.3787 8.99
      vertex 80.5944 45.8333 3.4
      vertex 80.5944 45.8333 8.99
    endloop
  endfacet
  facet normal 0.772994 -0.634413 0
    outer loop
      vertex 80.5944 45.8333 3.4
      vertex 80.2213 45.3787 8.99
      vertex 80.2213 45.3787 3.4
    endloop
  endfacet
  facet normal -0.634413 0.772994 0
    outer loop
      vertex 76.4333 49.9944 3
      vertex 75.9787 49.6213 8.99
      vertex 76.4333 49.9944 8.99
    endloop
  endfacet
  facet normal -0.634413 0.772994 0
    outer loop
      vertex 75.9787 49.6213 8.99
      vertex 76.4333 49.9944 3
      vertex 75.9787 49.6213 3
    endloop
  endfacet
  facet normal 0.471329 -0.881957 0
    outer loop
      vertex 79.248 44.7284 3
      vertex 79.7667 45.0056 8.99
      vertex 79.248 44.7284 8.99
    endloop
  endfacet
  facet normal 0.471329 -0.881957 0
    outer loop
      vertex 79.7667 45.0056 8.99
      vertex 79.248 44.7284 3
      vertex 79.7667 45.0056 3
    endloop
  endfacet
  facet normal -0.881957 -0.471329 0
    outer loop
      vertex 75.6056 45.8333 3
      vertex 75.3284 46.352 8.99
      vertex 75.3284 46.352 3
    endloop
  endfacet
  facet normal -0.881957 -0.471329 0
    outer loop
      vertex 75.3284 46.352 8.99
      vertex 75.6056 45.8333 3
      vertex 75.6056 45.8333 8.99
    endloop
  endfacet
  facet normal 0.995193 -0.097938 0
    outer loop
      vertex 81.0424 46.9147 8.99
      vertex 81.1 47.5 3
      vertex 81.1 47.5 8.99
    endloop
  endfacet
  facet normal 0.995193 -0.097938 0
    outer loop
      vertex 81.1 47.5 3
      vertex 81.0424 46.9147 8.99
      vertex 81.0424 46.9147 3
    endloop
  endfacet
  facet normal -0.290451 0.95689 0
    outer loop
      vertex 77.5147 50.4424 3
      vertex 76.952 50.2716 8.99
      vertex 77.5147 50.4424 8.99
    endloop
  endfacet
  facet normal -0.290451 0.95689 0
    outer loop
      vertex 76.952 50.2716 8.99
      vertex 77.5147 50.4424 3
      vertex 76.952 50.2716 3
    endloop
  endfacet
  facet normal -0.097938 -0.995193 0
    outer loop
      vertex 77.5147 44.5576 3
      vertex 78.1 44.5 8.99
      vertex 77.5147 44.5576 8.99
    endloop
  endfacet
  facet normal -0.097938 -0.995193 -0
    outer loop
      vertex 78.1 44.5 8.99
      vertex 77.5147 44.5576 3
      vertex 78.1 44.5 3
    endloop
  endfacet
  facet normal -0.881957 0.471329 0
    outer loop
      vertex 75.3284 48.648 3
      vertex 75.6056 49.1667 8.99
      vertex 75.6056 49.1667 3
    endloop
  endfacet
  facet normal -0.881957 0.471329 0
    outer loop
      vertex 75.6056 49.1667 8.99
      vertex 75.3284 48.648 3
      vertex 75.3284 48.648 8.99
    endloop
  endfacet
  facet normal 0.290451 -0.95689 0
    outer loop
      vertex 78.6853 44.5576 3
      vertex 79.248 44.7284 8.99
      vertex 78.6853 44.5576 8.99
    endloop
  endfacet
  facet normal 0.290451 -0.95689 0
    outer loop
      vertex 79.248 44.7284 8.99
      vertex 78.6853 44.5576 3
      vertex 79.248 44.7284 3
    endloop
  endfacet
  facet normal 0 0 1
    outer loop
      vertex 79.2 47.5 8.99
      vertex 81.1 47.5 8.99
      vertex 81.0424 48.0853 8.99
    endloop
  endfacet
  facet normal 0 0 1
    outer loop
      vertex 79.1789 47.7146 8.99
      vertex 81.0424 48.0853 8.99
      vertex 80.8716 48.648 8.99
    endloop
  endfacet
  facet normal 0 0 1
    outer loop
      vertex 81.1 47.5 8.99
      vertex 79.2 47.5 8.99
      vertex 81.0424 46.9147 8.99
    endloop
  endfacet
  facet normal 0 0 1
    outer loop
      vertex 79.1163 47.921 8.99
      vertex 80.8716 48.648 8.99
      vertex 80.5944 49.1667 8.99
    endloop
  endfacet
  facet normal -0 0 1
    outer loop
      vertex 79.1789 47.2854 8.99
      vertex 81.0424 46.9147 8.99
      vertex 79.2 47.5 8.99
    endloop
  endfacet
  facet normal 0 0 1
    outer loop
      vertex 79.0146 48.1111 8.99
      vertex 80.5944 49.1667 8.99
      vertex 80.2213 49.6213 8.99
    endloop
  endfacet
  facet normal 0 0 1
    outer loop
      vertex 81.0424 46.9147 8.99
      vertex 79.1789 47.2854 8.99
      vertex 80.8716 46.352 8.99
    endloop
  endfacet
  facet normal 0 0 1
    outer loop
      vertex 78.8778 48.2778 8.99
      vertex 80.2213 49.6213 8.99
      vertex 79.7667 49.9944 8.99
    endloop
  endfacet
  facet normal -0 0 1
    outer loop
      vertex 79.1163 47.079 8.99
      vertex 80.8716 46.352 8.99
      vertex 79.1789 47.2854 8.99
    endloop
  endfacet
  facet normal 0 0 1
    outer loop
      vertex 78.7111 48.4146 8.99
      vertex 79.7667 49.9944 8.99
      vertex 79.248 50.2716 8.99
    endloop
  endfacet
  facet normal 0 0 1
    outer loop
      vertex 80.8716 46.352 8.99
      vertex 79.1163 47.079 8.99
      vertex 80.5944 45.8333 8.99
    endloop
  endfacet
  facet normal -0 0 1
    outer loop
      vertex 79.0146 46.8889 8.99
      vertex 80.5944 45.8333 8.99
      vertex 79.1163 47.079 8.99
    endloop
  endfacet
  facet normal 0 0 1
    outer loop
      vertex 81.0424 48.0853 8.99
      vertex 79.1789 47.7146 8.99
      vertex 79.2 47.5 8.99
    endloop
  endfacet
  facet normal 0 0 1
    outer loop
      vertex 80.8716 48.648 8.99
      vertex 79.1163 47.921 8.99
      vertex 79.1789 47.7146 8.99
    endloop
  endfacet
  facet normal 0 0 1
    outer loop
      vertex 80.5944 49.1667 8.99
      vertex 79.0146 48.1111 8.99
      vertex 79.1163 47.921 8.99
    endloop
  endfacet
  facet normal 0 0 1
    outer loop
      vertex 80.2213 49.6213 8.99
      vertex 78.8778 48.2778 8.99
      vertex 79.0146 48.1111 8.99
    endloop
  endfacet
  facet normal 0 0 1
    outer loop
      vertex 79.7667 49.9944 8.99
      vertex 78.7111 48.4146 8.99
      vertex 78.8778 48.2778 8.99
    endloop
  endfacet
  facet normal 0 0 1
    outer loop
      vertex 78.521 48.5163 8.99
      vertex 79.248 50.2716 8.99
      vertex 78.6853 50.4424 8.99
    endloop
  endfacet
  facet normal 0 0 1
    outer loop
      vertex 79.248 50.2716 8.99
      vertex 78.521 48.5163 8.99
      vertex 78.7111 48.4146 8.99
    endloop
  endfacet
  facet normal 0 0 1
    outer loop
      vertex 78.6853 50.4424 8.99
      vertex 78.3146 48.5789 8.99
      vertex 78.521 48.5163 8.99
    endloop
  endfacet
  facet normal 0 0 1
    outer loop
      vertex 78.1 50.5 8.99
      vertex 78.3146 48.5789 8.99
      vertex 78.6853 50.4424 8.99
    endloop
  endfacet
  facet normal 0 0 1
    outer loop
      vertex 78.1 50.5 8.99
      vertex 78.1 48.6 8.99
      vertex 78.3146 48.5789 8.99
    endloop
  endfacet
  facet normal 0 0 1
    outer loop
      vertex 78.1 50.5 8.99
      vertex 77.8854 48.5789 8.99
      vertex 78.1 48.6 8.99
    endloop
  endfacet
  facet normal -0 0 1
    outer loop
      vertex 77.5147 50.4424 8.99
      vertex 77.8854 48.5789 8.99
      vertex 78.1 50.5 8.99
    endloop
  endfacet
  facet normal 0 0 1
    outer loop
      vertex 77.8854 48.5789 8.99
      vertex 77.5147 50.4424 8.99
      vertex 77.679 48.5163 8.99
    endloop
  endfacet
  facet normal -0 0 1
    outer loop
      vertex 76.952 50.2716 8.99
      vertex 77.679 48.5163 8.99
      vertex 77.5147 50.4424 8.99
    endloop
  endfacet
  facet normal 0 0 1
    outer loop
      vertex 77.679 48.5163 8.99
      vertex 76.952 50.2716 8.99
      vertex 77.4889 48.4146 8.99
    endloop
  endfacet
  facet normal -0 0 1
    outer loop
      vertex 76.4333 49.9944 8.99
      vertex 77.4889 48.4146 8.99
      vertex 76.952 50.2716 8.99
    endloop
  endfacet
  facet normal 0 0 1
    outer loop
      vertex 77.4889 48.4146 8.99
      vertex 76.4333 49.9944 8.99
      vertex 77.3222 48.2778 8.99
    endloop
  endfacet
  facet normal -0 0 1
    outer loop
      vertex 75.9787 49.6213 8.99
      vertex 77.3222 48.2778 8.99
      vertex 76.4333 49.9944 8.99
    endloop
  endfacet
  facet normal -0 0 1
    outer loop
      vertex 75.6056 49.1667 8.99
      vertex 77.1854 48.1111 8.99
      vertex 75.9787 49.6213 8.99
    endloop
  endfacet
  facet normal 0 0 1
    outer loop
      vertex 77.3222 48.2778 8.99
      vertex 75.9787 49.6213 8.99
      vertex 77.1854 48.1111 8.99
    endloop
  endfacet
  facet normal 0 0 1
    outer loop
      vertex 80.5944 45.8333 8.99
      vertex 79.0146 46.8889 8.99
      vertex 80.2213 45.3787 8.99
    endloop
  endfacet
  facet normal -0 0 1
    outer loop
      vertex 78.8778 46.7222 8.99
      vertex 80.2213 45.3787 8.99
      vertex 79.0146 46.8889 8.99
    endloop
  endfacet
  facet normal 0 0 1
    outer loop
      vertex 80.2213 45.3787 8.99
      vertex 78.8778 46.7222 8.99
      vertex 79.7667 45.0056 8.99
    endloop
  endfacet
  facet normal -0 0 1
    outer loop
      vertex 78.7111 46.5854 8.99
      vertex 79.7667 45.0056 8.99
      vertex 78.8778 46.7222 8.99
    endloop
  endfacet
  facet normal 0 0 1
    outer loop
      vertex 79.7667 45.0056 8.99
      vertex 78.7111 46.5854 8.99
      vertex 79.248 44.7284 8.99
    endloop
  endfacet
  facet normal -0 0 1
    outer loop
      vertex 78.521 46.4837 8.99
      vertex 79.248 44.7284 8.99
      vertex 78.7111 46.5854 8.99
    endloop
  endfacet
  facet normal 0 0 1
    outer loop
      vertex 79.248 44.7284 8.99
      vertex 78.521 46.4837 8.99
      vertex 78.6853 44.5576 8.99
    endloop
  endfacet
  facet normal -0 0 1
    outer loop
      vertex 78.3146 46.4211 8.99
      vertex 78.6853 44.5576 8.99
      vertex 78.521 46.4837 8.99
    endloop
  endfacet
  facet normal -0 0 1
    outer loop
      vertex 78.1 46.4 8.99
      vertex 78.6853 44.5576 8.99
      vertex 78.3146 46.4211 8.99
    endloop
  endfacet
  facet normal 0 0 1
    outer loop
      vertex 78.1 46.4 8.99
      vertex 78.1 44.5 8.99
      vertex 78.6853 44.5576 8.99
    endloop
  endfacet
  facet normal 0 0 1
    outer loop
      vertex 77.8854 46.4211 8.99
      vertex 78.1 44.5 8.99
      vertex 78.1 46.4 8.99
    endloop
  endfacet
  facet normal 0 0 1
    outer loop
      vertex 77.5147 44.5576 8.99
      vertex 77.8854 46.4211 8.99
      vertex 77.679 46.4837 8.99
    endloop
  endfacet
  facet normal 0 0 1
    outer loop
      vertex 77.8854 46.4211 8.99
      vertex 77.5147 44.5576 8.99
      vertex 78.1 44.5 8.99
    endloop
  endfacet
  facet normal 0 0 1
    outer loop
      vertex 76.952 44.7284 8.99
      vertex 77.679 46.4837 8.99
      vertex 77.4889 46.5854 8.99
    endloop
  endfacet
  facet normal 0 0 1
    outer loop
      vertex 76.4333 45.0056 8.99
      vertex 77.4889 46.5854 8.99
      vertex 77.3222 46.7222 8.99
    endloop
  endfacet
  facet normal 0 0 1
    outer loop
      vertex 75.9787 45.3787 8.99
      vertex 77.3222 46.7222 8.99
      vertex 77.1854 46.8889 8.99
    endloop
  endfacet
  facet normal 0 0 1
    outer loop
      vertex 75.6056 45.8333 8.99
      vertex 77.1854 46.8889 8.99
      vertex 77.0837 47.079 8.99
    endloop
  endfacet
  facet normal 0 0 1
    outer loop
      vertex 75.3284 46.352 8.99
      vertex 77.0837 47.079 8.99
      vertex 77.0211 47.2854 8.99
    endloop
  endfacet
  facet normal 0 0 1
    outer loop
      vertex 77.679 46.4837 8.99
      vertex 76.952 44.7284 8.99
      vertex 77.5147 44.5576 8.99
    endloop
  endfacet
  facet normal 0 0 1
    outer loop
      vertex 75.1576 46.9147 8.99
      vertex 77.0211 47.2854 8.99
      vertex 77 47.5 8.99
    endloop
  endfacet
  facet normal 0 0 1
    outer loop
      vertex 77.1854 48.1111 8.99
      vertex 75.6056 49.1667 8.99
      vertex 77.0837 47.921 8.99
    endloop
  endfacet
  facet normal -0 0 1
    outer loop
      vertex 75.3284 48.648 8.99
      vertex 77.0837 47.921 8.99
      vertex 75.6056 49.1667 8.99
    endloop
  endfacet
  facet normal 0 0 1
    outer loop
      vertex 77.4889 46.5854 8.99
      vertex 76.4333 45.0056 8.99
      vertex 76.952 44.7284 8.99
    endloop
  endfacet
  facet normal 0 0 1
    outer loop
      vertex 77.0837 47.921 8.99
      vertex 75.3284 48.648 8.99
      vertex 77.0211 47.7146 8.99
    endloop
  endfacet
  facet normal 0 0 1
    outer loop
      vertex 77.3222 46.7222 8.99
      vertex 75.9787 45.3787 8.99
      vertex 76.4333 45.0056 8.99
    endloop
  endfacet
  facet normal -0 0 1
    outer loop
      vertex 75.1576 48.0853 8.99
      vertex 77.0211 47.7146 8.99
      vertex 75.3284 48.648 8.99
    endloop
  endfacet
  facet normal 0 0 1
    outer loop
      vertex 77.1854 46.8889 8.99
      vertex 75.6056 45.8333 8.99
      vertex 75.9787 45.3787 8.99
    endloop
  endfacet
  facet normal 0 0 1
    outer loop
      vertex 77.0211 47.7146 8.99
      vertex 75.1576 48.0853 8.99
      vertex 77 47.5 8.99
    endloop
  endfacet
  facet normal 0 0 1
    outer loop
      vertex 77.0837 47.079 8.99
      vertex 75.3284 46.352 8.99
      vertex 75.6056 45.8333 8.99
    endloop
  endfacet
  facet normal 0 0 1
    outer loop
      vertex 75.1 47.5 8.99
      vertex 77 47.5 8.99
      vertex 75.1576 48.0853 8.99
    endloop
  endfacet
  facet normal 0 0 1
    outer loop
      vertex 77.0211 47.2854 8.99
      vertex 75.1576 46.9147 8.99
      vertex 75.3284 46.352 8.99
    endloop
  endfacet
  facet normal 0 0 1
    outer loop
      vertex 77 47.5 8.99
      vertex 75.1 47.5 8.99
      vertex 75.1576 46.9147 8.99
    endloop
  endfacet
  facet normal -0.290451 -0.95689 0
    outer loop
      vertex 76.952 44.7284 3
      vertex 77.5147 44.5576 8.99
      vertex 76.952 44.7284 8.99
    endloop
  endfacet
  facet normal -0.290451 -0.95689 -0
    outer loop
      vertex 77.5147 44.5576 8.99
      vertex 76.952 44.7284 3
      vertex 77.5147 44.5576 3
    endloop
  endfacet
  facet normal 0.95689 -0.290451 0
    outer loop
      vertex 80.8716 46.352 8.99
      vertex 81.0424 46.9147 3
      vertex 81.0424 46.9147 8.99
    endloop
  endfacet
  facet normal 0.95689 -0.290451 0
    outer loop
      vertex 81.0424 46.9147 3
      vertex 80.8716 46.352 8.99
      vertex 80.8716 46.352 3
    endloop
  endfacet
  facet normal 0.772994 0.634413 0
    outer loop
      vertex 80.5944 49.1667 8.99
      vertex 80.2213 49.6213 3.4
      vertex 80.2213 49.6213 8.99
    endloop
  endfacet
  facet normal 0.772994 0.634413 0
    outer loop
      vertex 80.2213 49.6213 3.4
      vertex 80.5944 49.1667 8.99
      vertex 80.5944 49.1667 3.4
    endloop
  endfacet
  facet normal -0.995193 0.097938 0
    outer loop
      vertex 75.1 47.5 3
      vertex 75.1576 48.0853 8.99
      vertex 75.1576 48.0853 3
    endloop
  endfacet
  facet normal -0.995193 0.097938 0
    outer loop
      vertex 75.1576 48.0853 8.99
      vertex 75.1 47.5 3
      vertex 75.1 47.5 8.99
    endloop
  endfacet
  facet normal 0.634413 -0.772994 4.1521e-06
    outer loop
      vertex 79.7667 45.0056 8.99
      vertex 79.8 45.0329 3.4
      vertex 80.2213 45.3787 8.99
    endloop
  endfacet
  facet normal 0.633996 -0.773336 0
    outer loop
      vertex 79.7667 45.0056 3
      vertex 79.8 45.0329 3.4
      vertex 79.7667 45.0056 8.99
    endloop
  endfacet
  facet normal 0.633996 -0.773336 0
    outer loop
      vertex 79.8 45.0329 3.4
      vertex 79.7667 45.0056 3
      vertex 79.8 45.0329 3
    endloop
  endfacet
  facet normal 0.634446 -0.772967 0
    outer loop
      vertex 80.2213 45.3787 8.99
      vertex 79.8 45.0329 3.4
      vertex 80.2213 45.3787 3.4
    endloop
  endfacet
  facet normal -0.634413 -0.772994 0
    outer loop
      vertex 75.9787 45.3787 3
      vertex 76.4333 45.0056 8.99
      vertex 75.9787 45.3787 8.99
    endloop
  endfacet
  facet normal -0.634413 -0.772994 -0
    outer loop
      vertex 76.4333 45.0056 8.99
      vertex 75.9787 45.3787 3
      vertex 76.4333 45.0056 3
    endloop
  endfacet
  facet normal -0.097938 0.995193 0
    outer loop
      vertex 78.1 50.5 3
      vertex 77.5147 50.4424 8.99
      vertex 78.1 50.5 8.99
    endloop
  endfacet
  facet normal -0.097938 0.995193 0
    outer loop
      vertex 77.5147 50.4424 8.99
      vertex 78.1 50.5 3
      vertex 77.5147 50.4424 3
    endloop
  endfacet
  facet normal 0.881949 -0.471345 0
    outer loop
      vertex 80.8716 46.352 8.99
      vertex 80.6 45.8438 3.4
      vertex 80.8716 46.352 3
    endloop
  endfacet
  facet normal 0.881957 -0.471329 -1.78853e-06
    outer loop
      vertex 80.5944 45.8333 8.99
      vertex 80.6 45.8438 3.4
      vertex 80.8716 46.352 8.99
    endloop
  endfacet
  facet normal 0.882353 -0.470588 0
    outer loop
      vertex 80.6 45.8438 3.4
      vertex 80.5944 45.8333 8.99
      vertex 80.5944 45.8333 3.4
    endloop
  endfacet
  facet normal 0.881949 -0.471345 0
    outer loop
      vertex 80.8716 46.352 3
      vertex 80.6 45.8438 3.4
      vertex 80.6 45.8438 3
    endloop
  endfacet
  facet normal -0.95689 -0.290451 0
    outer loop
      vertex 75.3284 46.352 3
      vertex 75.1576 46.9147 8.99
      vertex 75.1576 46.9147 3
    endloop
  endfacet
  facet normal -0.95689 -0.290451 0
    outer loop
      vertex 75.1576 46.9147 8.99
      vertex 75.3284 46.352 3
      vertex 75.3284 46.352 8.99
    endloop
  endfacet
  facet normal -0.995193 -0.097938 0
    outer loop
      vertex 75.1576 46.9147 3
      vertex 75.1 47.5 8.99
      vertex 75.1 47.5 3
    endloop
  endfacet
  facet normal -0.995193 -0.097938 0
    outer loop
      vertex 75.1 47.5 8.99
      vertex 75.1576 46.9147 3
      vertex 75.1576 46.9147 8.99
    endloop
  endfacet
  facet normal -0.772994 -0.634413 0
    outer loop
      vertex 75.9787 45.3787 3
      vertex 75.6056 45.8333 8.99
      vertex 75.6056 45.8333 3
    endloop
  endfacet
  facet normal -0.772994 -0.634413 0
    outer loop
      vertex 75.6056 45.8333 8.99
      vertex 75.9787 45.3787 3
      vertex 75.9787 45.3787 8.99
    endloop
  endfacet
  facet normal -0.772994 0.634413 0
    outer loop
      vertex 75.6056 49.1667 3
      vertex 75.9787 49.6213 8.99
      vertex 75.9787 49.6213 3
    endloop
  endfacet
  facet normal -0.772994 0.634413 0
    outer loop
      vertex 75.9787 49.6213 8.99
      vertex 75.6056 49.1667 3
      vertex 75.6056 49.1667 8.99
    endloop
  endfacet
  facet normal -0.95689 0.290451 0
    outer loop
      vertex 75.1576 48.0853 3
      vertex 75.3284 48.648 8.99
      vertex 75.3284 48.648 3
    endloop
  endfacet
  facet normal -0.95689 0.290451 0
    outer loop
      vertex 75.3284 48.648 8.99
      vertex 75.1576 48.0853 3
      vertex 75.1576 48.0853 8.99
    endloop
  endfacet
  facet normal -0.471329 -0.881957 0
    outer loop
      vertex 76.4333 45.0056 3
      vertex 76.952 44.7284 8.99
      vertex 76.4333 45.0056 8.99
    endloop
  endfacet
  facet normal -0.471329 -0.881957 -0
    outer loop
      vertex 76.952 44.7284 8.99
      vertex 76.4333 45.0056 3
      vertex 76.952 44.7284 3
    endloop
  endfacet
  facet normal 0.471719 0.881749 -0
    outer loop
      vertex 77.679 46.4837 3.99
      vertex 77.4889 46.5854 8.99
      vertex 77.679 46.4837 8.99
    endloop
  endfacet
  facet normal 0.471719 0.881749 0
    outer loop
      vertex 77.4889 46.5854 8.99
      vertex 77.679 46.4837 3.99
      vertex 77.4889 46.5854 3.99
    endloop
  endfacet
  facet normal -0.956954 -0.290239 0
    outer loop
      vertex 79.1789 47.7146 3.99
      vertex 79.1163 47.921 8.99
      vertex 79.1163 47.921 3.99
    endloop
  endfacet
  facet normal -0.956954 -0.290239 0
    outer loop
      vertex 79.1163 47.921 8.99
      vertex 79.1789 47.7146 3.99
      vertex 79.1789 47.7146 8.99
    endloop
  endfacet
  facet normal -0.995201 -0.0978506 0
    outer loop
      vertex 79.2 47.5 3.99
      vertex 79.1789 47.7146 8.99
      vertex 79.1789 47.7146 3.99
    endloop
  endfacet
  facet normal -0.995201 -0.0978506 0
    outer loop
      vertex 79.1789 47.7146 8.99
      vertex 79.2 47.5 3.99
      vertex 79.2 47.5 8.99
    endloop
  endfacet
  facet normal -0.881749 -0.471719 0
    outer loop
      vertex 79.1163 47.921 3.99
      vertex 79.0146 48.1111 8.99
      vertex 79.0146 48.1111 3.99
    endloop
  endfacet
  facet normal -0.881749 -0.471719 0
    outer loop
      vertex 79.0146 48.1111 8.99
      vertex 79.1163 47.921 3.99
      vertex 79.1163 47.921 8.99
    endloop
  endfacet
  facet normal -0.471719 -0.881749 0
    outer loop
      vertex 78.521 48.5163 3.99
      vertex 78.7111 48.4146 8.99
      vertex 78.521 48.5163 8.99
    endloop
  endfacet
  facet normal -0.471719 -0.881749 -0
    outer loop
      vertex 78.7111 48.4146 8.99
      vertex 78.521 48.5163 3.99
      vertex 78.7111 48.4146 3.99
    endloop
  endfacet
  facet normal 0.956954 0.290239 0
    outer loop
      vertex 77.0837 47.079 8.99
      vertex 77.0211 47.2854 3.99
      vertex 77.0211 47.2854 8.99
    endloop
  endfacet
  facet normal 0.956954 0.290239 0
    outer loop
      vertex 77.0211 47.2854 3.99
      vertex 77.0837 47.079 8.99
      vertex 77.0837 47.079 3.99
    endloop
  endfacet
  facet normal -0.471719 0.881749 0
    outer loop
      vertex 78.7111 46.5854 3.99
      vertex 78.521 46.4837 8.99
      vertex 78.7111 46.5854 8.99
    endloop
  endfacet
  facet normal -0.471719 0.881749 0
    outer loop
      vertex 78.521 46.4837 8.99
      vertex 78.7111 46.5854 3.99
      vertex 78.521 46.4837 3.99
    endloop
  endfacet
  facet normal -0.773027 -0.634373 0
    outer loop
      vertex 79.0146 48.1111 3.99
      vertex 78.8778 48.2778 8.99
      vertex 78.8778 48.2778 3.99
    endloop
  endfacet
  facet normal -0.773027 -0.634373 0
    outer loop
      vertex 78.8778 48.2778 8.99
      vertex 79.0146 48.1111 3.99
      vertex 79.0146 48.1111 8.99
    endloop
  endfacet
  facet normal -0.290239 -0.956954 0
    outer loop
      vertex 78.3146 48.5789 3.99
      vertex 78.521 48.5163 8.99
      vertex 78.3146 48.5789 8.99
    endloop
  endfacet
  facet normal -0.290239 -0.956954 -0
    outer loop
      vertex 78.521 48.5163 8.99
      vertex 78.3146 48.5789 3.99
      vertex 78.521 48.5163 3.99
    endloop
  endfacet
  facet normal 0.471719 -0.881749 0
    outer loop
      vertex 77.4889 48.4146 3.99
      vertex 77.679 48.5163 8.99
      vertex 77.4889 48.4146 8.99
    endloop
  endfacet
  facet normal 0.471719 -0.881749 0
    outer loop
      vertex 77.679 48.5163 8.99
      vertex 77.4889 48.4146 3.99
      vertex 77.679 48.5163 3.99
    endloop
  endfacet
  facet normal 0.881749 0.471719 0
    outer loop
      vertex 77.1854 46.8889 8.99
      vertex 77.0837 47.079 3.99
      vertex 77.0837 47.079 8.99
    endloop
  endfacet
  facet normal 0.881749 0.471719 0
    outer loop
      vertex 77.0837 47.079 3.99
      vertex 77.1854 46.8889 8.99
      vertex 77.1854 46.8889 3.99
    endloop
  endfacet
  facet normal -0.0978506 -0.995201 0
    outer loop
      vertex 78.1 48.6 3.99
      vertex 78.3146 48.5789 8.99
      vertex 78.1 48.6 8.99
    endloop
  endfacet
  facet normal -0.0978506 -0.995201 -0
    outer loop
      vertex 78.3146 48.5789 8.99
      vertex 78.1 48.6 3.99
      vertex 78.3146 48.5789 3.99
    endloop
  endfacet
  facet normal -0.290239 0.956954 0
    outer loop
      vertex 78.521 46.4837 3.99
      vertex 78.3146 46.4211 8.99
      vertex 78.521 46.4837 8.99
    endloop
  endfacet
  facet normal -0.290239 0.956954 0
    outer loop
      vertex 78.3146 46.4211 8.99
      vertex 78.521 46.4837 3.99
      vertex 78.3146 46.4211 3.99
    endloop
  endfacet
  facet normal 0.995201 -0.0978506 0
    outer loop
      vertex 77 47.5 8.99
      vertex 77.0211 47.7146 3.99
      vertex 77.0211 47.7146 8.99
    endloop
  endfacet
  facet normal 0.995201 -0.0978506 0
    outer loop
      vertex 77.0211 47.7146 3.99
      vertex 77 47.5 8.99
      vertex 77 47.5 3.99
    endloop
  endfacet
  facet normal -0.881749 0.471719 0
    outer loop
      vertex 79.0146 46.8889 3.99
      vertex 79.1163 47.079 8.99
      vertex 79.1163 47.079 3.99
    endloop
  endfacet
  facet normal -0.881749 0.471719 0
    outer loop
      vertex 79.1163 47.079 8.99
      vertex 79.0146 46.8889 3.99
      vertex 79.0146 46.8889 8.99
    endloop
  endfacet
  facet normal -0.773027 0.634373 0
    outer loop
      vertex 78.8778 46.7222 3.99
      vertex 79.0146 46.8889 8.99
      vertex 79.0146 46.8889 3.99
    endloop
  endfacet
  facet normal -0.773027 0.634373 0
    outer loop
      vertex 79.0146 46.8889 8.99
      vertex 78.8778 46.7222 3.99
      vertex 78.8778 46.7222 8.99
    endloop
  endfacet
  facet normal 0.634373 -0.773027 0
    outer loop
      vertex 77.3222 48.2778 3.99
      vertex 77.4889 48.4146 8.99
      vertex 77.3222 48.2778 8.99
    endloop
  endfacet
  facet normal 0.634373 -0.773027 0
    outer loop
      vertex 77.4889 48.4146 8.99
      vertex 77.3222 48.2778 3.99
      vertex 77.4889 48.4146 3.99
    endloop
  endfacet
  facet normal 0 0 1
    outer loop
      vertex 79.1789 47.7146 3.99
      vertex 79.1789 47.2854 3.99
      vertex 79.2 47.5 3.99
    endloop
  endfacet
  facet normal 0 0 1
    outer loop
      vertex 79.1163 47.921 3.99
      vertex 79.1789 47.2854 3.99
      vertex 79.1789 47.7146 3.99
    endloop
  endfacet
  facet normal 0 0 1
    outer loop
      vertex 79.1163 47.921 3.99
      vertex 79.1163 47.079 3.99
      vertex 79.1789 47.2854 3.99
    endloop
  endfacet
  facet normal 0 0 1
    outer loop
      vertex 79.0146 48.1111 3.99
      vertex 79.1163 47.079 3.99
      vertex 79.1163 47.921 3.99
    endloop
  endfacet
  facet normal 0 0 1
    outer loop
      vertex 79.0146 48.1111 3.99
      vertex 79.0146 46.8889 3.99
      vertex 79.1163 47.079 3.99
    endloop
  endfacet
  facet normal 0 0 1
    outer loop
      vertex 78.8778 48.2778 3.99
      vertex 79.0146 46.8889 3.99
      vertex 79.0146 48.1111 3.99
    endloop
  endfacet
  facet normal 0 0 1
    outer loop
      vertex 78.8778 48.2778 3.99
      vertex 78.8778 46.7222 3.99
      vertex 79.0146 46.8889 3.99
    endloop
  endfacet
  facet normal 0 0 1
    outer loop
      vertex 78.7111 48.4146 3.99
      vertex 78.8778 46.7222 3.99
      vertex 78.8778 48.2778 3.99
    endloop
  endfacet
  facet normal 0 0 1
    outer loop
      vertex 78.7111 48.4146 3.99
      vertex 78.7111 46.5854 3.99
      vertex 78.8778 46.7222 3.99
    endloop
  endfacet
  facet normal 0 0 1
    outer loop
      vertex 78.521 48.5163 3.99
      vertex 78.7111 46.5854 3.99
      vertex 78.7111 48.4146 3.99
    endloop
  endfacet
  facet normal 0 0 1
    outer loop
      vertex 78.521 48.5163 3.99
      vertex 78.521 46.4837 3.99
      vertex 78.7111 46.5854 3.99
    endloop
  endfacet
  facet normal 0 0 1
    outer loop
      vertex 78.3146 48.5789 3.99
      vertex 78.521 46.4837 3.99
      vertex 78.521 48.5163 3.99
    endloop
  endfacet
  facet normal 0 0 1
    outer loop
      vertex 78.3146 48.5789 3.99
      vertex 78.3146 46.4211 3.99
      vertex 78.521 46.4837 3.99
    endloop
  endfacet
  facet normal 0 0 1
    outer loop
      vertex 78.1 48.6 3.99
      vertex 78.3146 46.4211 3.99
      vertex 78.3146 48.5789 3.99
    endloop
  endfacet
  facet normal 0 0 1
    outer loop
      vertex 78.1 48.6 3.99
      vertex 78.1 46.4 3.99
      vertex 78.3146 46.4211 3.99
    endloop
  endfacet
  facet normal -0 0 1
    outer loop
      vertex 77.8854 48.5789 3.99
      vertex 78.1 46.4 3.99
      vertex 78.1 48.6 3.99
    endloop
  endfacet
  facet normal 0 0 1
    outer loop
      vertex 77.8854 48.5789 3.99
      vertex 77.8854 46.4211 3.99
      vertex 78.1 46.4 3.99
    endloop
  endfacet
  facet normal -0 0 1
    outer loop
      vertex 77.679 48.5163 3.99
      vertex 77.8854 46.4211 3.99
      vertex 77.8854 48.5789 3.99
    endloop
  endfacet
  facet normal 0 0 1
    outer loop
      vertex 77.679 48.5163 3.99
      vertex 77.679 46.4837 3.99
      vertex 77.8854 46.4211 3.99
    endloop
  endfacet
  facet normal -0 0 1
    outer loop
      vertex 77.4889 48.4146 3.99
      vertex 77.679 46.4837 3.99
      vertex 77.679 48.5163 3.99
    endloop
  endfacet
  facet normal 0 0 1
    outer loop
      vertex 77.4889 48.4146 3.99
      vertex 77.4889 46.5854 3.99
      vertex 77.679 46.4837 3.99
    endloop
  endfacet
  facet normal -0 0 1
    outer loop
      vertex 77.3222 48.2778 3.99
      vertex 77.4889 46.5854 3.99
      vertex 77.4889 48.4146 3.99
    endloop
  endfacet
  facet normal 0 0 1
    outer loop
      vertex 77.3222 48.2778 3.99
      vertex 77.3222 46.7222 3.99
      vertex 77.4889 46.5854 3.99
    endloop
  endfacet
  facet normal -0 0 1
    outer loop
      vertex 77.1854 48.1111 3.99
      vertex 77.3222 46.7222 3.99
      vertex 77.3222 48.2778 3.99
    endloop
  endfacet
  facet normal 0 0 1
    outer loop
      vertex 77.1854 48.1111 3.99
      vertex 77.1854 46.8889 3.99
      vertex 77.3222 46.7222 3.99
    endloop
  endfacet
  facet normal -0 0 1
    outer loop
      vertex 77.0837 47.921 3.99
      vertex 77.1854 46.8889 3.99
      vertex 77.1854 48.1111 3.99
    endloop
  endfacet
  facet normal 0 0 1
    outer loop
      vertex 77.0837 47.921 3.99
      vertex 77.0837 47.079 3.99
      vertex 77.1854 46.8889 3.99
    endloop
  endfacet
  facet normal -0 0 1
    outer loop
      vertex 77.0211 47.7146 3.99
      vertex 77.0837 47.079 3.99
      vertex 77.0837 47.921 3.99
    endloop
  endfacet
  facet normal 0 0 1
    outer loop
      vertex 77.0211 47.7146 3.99
      vertex 77.0211 47.2854 3.99
      vertex 77.0837 47.079 3.99
    endloop
  endfacet
  facet normal 0 -0 1
    outer loop
      vertex 77.0211 47.2854 3.99
      vertex 77.0211 47.7146 3.99
      vertex 77 47.5 3.99
    endloop
  endfacet
  facet normal 0.290239 -0.956954 0
    outer loop
      vertex 77.679 48.5163 3.99
      vertex 77.8854 48.5789 8.99
      vertex 77.679 48.5163 8.99
    endloop
  endfacet
  facet normal 0.290239 -0.956954 0
    outer loop
      vertex 77.8854 48.5789 8.99
      vertex 77.679 48.5163 3.99
      vertex 77.8854 48.5789 3.99
    endloop
  endfacet
  facet normal -0.634373 -0.773027 0
    outer loop
      vertex 78.7111 48.4146 3.99
      vertex 78.8778 48.2778 8.99
      vertex 78.7111 48.4146 8.99
    endloop
  endfacet
  facet normal -0.634373 -0.773027 -0
    outer loop
      vertex 78.8778 48.2778 8.99
      vertex 78.7111 48.4146 3.99
      vertex 78.8778 48.2778 3.99
    endloop
  endfacet
  facet normal 0.881749 -0.471719 0
    outer loop
      vertex 77.0837 47.921 8.99
      vertex 77.1854 48.1111 3.99
      vertex 77.1854 48.1111 8.99
    endloop
  endfacet
  facet normal 0.881749 -0.471719 0
    outer loop
      vertex 77.1854 48.1111 3.99
      vertex 77.0837 47.921 8.99
      vertex 77.0837 47.921 3.99
    endloop
  endfacet
  facet normal -0.0978506 0.995201 0
    outer loop
      vertex 78.3146 46.4211 3.99
      vertex 78.1 46.4 8.99
      vertex 78.3146 46.4211 8.99
    endloop
  endfacet
  facet normal -0.0978506 0.995201 0
    outer loop
      vertex 78.1 46.4 8.99
      vertex 78.3146 46.4211 3.99
      vertex 78.1 46.4 3.99
    endloop
  endfacet
  facet normal 0.634373 0.773027 -0
    outer loop
      vertex 77.4889 46.5854 3.99
      vertex 77.3222 46.7222 8.99
      vertex 77.4889 46.5854 8.99
    endloop
  endfacet
  facet normal 0.634373 0.773027 0
    outer loop
      vertex 77.3222 46.7222 8.99
      vertex 77.4889 46.5854 3.99
      vertex 77.3222 46.7222 3.99
    endloop
  endfacet
  facet normal 0.956954 -0.290239 0
    outer loop
      vertex 77.0211 47.7146 8.99
      vertex 77.0837 47.921 3.99
      vertex 77.0837 47.921 8.99
    endloop
  endfacet
  facet normal 0.956954 -0.290239 0
    outer loop
      vertex 77.0837 47.921 3.99
      vertex 77.0211 47.7146 8.99
      vertex 77.0211 47.7146 3.99
    endloop
  endfacet
  facet normal -0.956954 0.290239 0
    outer loop
      vertex 79.1163 47.079 3.99
      vertex 79.1789 47.2854 8.99
      vertex 79.1789 47.2854 3.99
    endloop
  endfacet
  facet normal -0.956954 0.290239 0
    outer loop
      vertex 79.1789 47.2854 8.99
      vertex 79.1163 47.079 3.99
      vertex 79.1163 47.079 8.99
    endloop
  endfacet
  facet normal 0.0978506 -0.995201 0
    outer loop
      vertex 77.8854 48.5789 3.99
      vertex 78.1 48.6 8.99
      vertex 77.8854 48.5789 8.99
    endloop
  endfacet
  facet normal 0.0978506 -0.995201 0
    outer loop
      vertex 78.1 48.6 8.99
      vertex 77.8854 48.5789 3.99
      vertex 78.1 48.6 3.99
    endloop
  endfacet
  facet normal 0.773027 -0.634373 0
    outer loop
      vertex 77.1854 48.1111 8.99
      vertex 77.3222 48.2778 3.99
      vertex 77.3222 48.2778 8.99
    endloop
  endfacet
  facet normal 0.773027 -0.634373 0
    outer loop
      vertex 77.3222 48.2778 3.99
      vertex 77.1854 48.1111 8.99
      vertex 77.1854 48.1111 3.99
    endloop
  endfacet
  facet normal -0.995201 0.0978506 0
    outer loop
      vertex 79.1789 47.2854 3.99
      vertex 79.2 47.5 8.99
      vertex 79.2 47.5 3.99
    endloop
  endfacet
  facet normal -0.995201 0.0978506 0
    outer loop
      vertex 79.2 47.5 8.99
      vertex 79.1789 47.2854 3.99
      vertex 79.1789 47.2854 8.99
    endloop
  endfacet
  facet normal 0.773027 0.634373 0
    outer loop
      vertex 77.3222 46.7222 8.99
      vertex 77.1854 46.8889 3.99
      vertex 77.1854 46.8889 8.99
    endloop
  endfacet
  facet normal 0.773027 0.634373 0
    outer loop
      vertex 77.1854 46.8889 3.99
      vertex 77.3222 46.7222 8.99
      vertex 77.3222 46.7222 3.99
    endloop
  endfacet
  facet normal -0.634373 0.773027 0
    outer loop
      vertex 78.8778 46.7222 3.99
      vertex 78.7111 46.5854 8.99
      vertex 78.8778 46.7222 8.99
    endloop
  endfacet
  facet normal -0.634373 0.773027 0
    outer loop
      vertex 78.7111 46.5854 8.99
      vertex 78.8778 46.7222 3.99
      vertex 78.7111 46.5854 3.99
    endloop
  endfacet
  facet normal 0.995201 0.0978506 0
    outer loop
      vertex 77.0211 47.2854 8.99
      vertex 77 47.5 3.99
      vertex 77 47.5 8.99
    endloop
  endfacet
  facet normal 0.995201 0.0978506 0
    outer loop
      vertex 77 47.5 3.99
      vertex 77.0211 47.2854 8.99
      vertex 77.0211 47.2854 3.99
    endloop
  endfacet
  facet normal 0.0978506 0.995201 -0
    outer loop
      vertex 78.1 46.4 3.99
      vertex 77.8854 46.4211 8.99
      vertex 78.1 46.4 8.99
    endloop
  endfacet
  facet normal 0.0978506 0.995201 0
    outer loop
      vertex 77.8854 46.4211 8.99
      vertex 78.1 46.4 3.99
      vertex 77.8854 46.4211 3.99
    endloop
  endfacet
  facet normal 0.290239 0.956954 -0
    outer loop
      vertex 77.8854 46.4211 3.99
      vertex 77.679 46.4837 8.99
      vertex 77.8854 46.4211 8.99
    endloop
  endfacet
  facet normal 0.290239 0.956954 0
    outer loop
      vertex 77.679 46.4837 8.99
      vertex 77.8854 46.4211 3.99
      vertex 77.679 46.4837 3.99
    endloop
  endfacet
  facet normal -1 0 0
    outer loop
      vertex 20.6 82 0
      vertex 20.6 84 3
      vertex 20.6 84 0
    endloop
  endfacet
  facet normal -1 -0 0
    outer loop
      vertex 20.6 84 3
      vertex 20.6 82 0
      vertex 20.6 82 3
    endloop
  endfacet
  facet normal 1 -0 0
    outer loop
      vertex 17.4 82 3
      vertex 17.4 84 0
      vertex 17.4 84 3
    endloop
  endfacet
  facet normal 1 0 0
    outer loop
      vertex 17.4 84 0
      vertex 17.4 82 3
      vertex 17.4 82 0
    endloop
  endfacet
  facet normal 0 -1 0
    outer loop
      vertex 17.4 84 0
      vertex 20.6 84 3
      vertex 17.4 84 3
    endloop
  endfacet
  facet normal 0 -1 -0
    outer loop
      vertex 20.6 84 3
      vertex 17.4 84 0
      vertex 20.6 84 0
    endloop
  endfacet
  facet normal 0 1 -0
    outer loop
      vertex 20.6 82 0
      vertex 17.4 82 3
      vertex 20.6 82 3
    endloop
  endfacet
  facet normal 0 1 0
    outer loop
      vertex 17.4 82 3
      vertex 20.6 82 0
      vertex 17.4 82 0
    endloop
  endfacet
  facet normal -1 0 0
    outer loop
      vertex 20.6 102 0
      vertex 20.6 104 3
      vertex 20.6 104 0
    endloop
  endfacet
  facet normal -1 -0 0
    outer loop
      vertex 20.6 104 3
      vertex 20.6 102 0
      vertex 20.6 102 3
    endloop
  endfacet
  facet normal 1 -0 0
    outer loop
      vertex 17.4 102 3
      vertex 17.4 104 0
      vertex 17.4 104 3
    endloop
  endfacet
  facet normal 1 0 0
    outer loop
      vertex 17.4 104 0
      vertex 17.4 102 3
      vertex 17.4 102 0
    endloop
  endfacet
  facet normal 0 -1 0
    outer loop
      vertex 17.4 104 0
      vertex 20.6 104 3
      vertex 17.4 104 3
    endloop
  endfacet
  facet normal 0 -1 -0
    outer loop
      vertex 20.6 104 3
      vertex 17.4 104 0
      vertex 20.6 104 0
    endloop
  endfacet
  facet normal 0 1 -0
    outer loop
      vertex 20.6 102 0
      vertex 17.4 102 3
      vertex 20.6 102 3
    endloop
  endfacet
  facet normal 0 1 0
    outer loop
      vertex 17.4 102 3
      vertex 20.6 102 0
      vertex 17.4 102 0
    endloop
  endfacet
  facet normal -1 0 0
    outer loop
      vertex 42.6 82 0
      vertex 42.6 84 3
      vertex 42.6 84 0
    endloop
  endfacet
  facet normal -1 -0 0
    outer loop
      vertex 42.6 84 3
      vertex 42.6 82 0
      vertex 42.6 82 3
    endloop
  endfacet
  facet normal 1 -0 0
    outer loop
      vertex 39.4 82 3
      vertex 39.4 84 0
      vertex 39.4 84 3
    endloop
  endfacet
  facet normal 1 0 0
    outer loop
      vertex 39.4 84 0
      vertex 39.4 82 3
      vertex 39.4 82 0
    endloop
  endfacet
  facet normal 0 -1 0
    outer loop
      vertex 39.4 84 0
      vertex 42.6 84 3
      vertex 39.4 84 3
    endloop
  endfacet
  facet normal 0 -1 -0
    outer loop
      vertex 42.6 84 3
      vertex 39.4 84 0
      vertex 42.6 84 0
    endloop
  endfacet
  facet normal 0 1 -0
    outer loop
      vertex 42.6 82 0
      vertex 39.4 82 3
      vertex 42.6 82 3
    endloop
  endfacet
  facet normal 0 1 0
    outer loop
      vertex 39.4 82 3
      vertex 42.6 82 0
      vertex 39.4 82 0
    endloop
  endfacet
  facet normal -1 0 0
    outer loop
      vertex 42.6 102 0
      vertex 42.6 104 3
      vertex 42.6 104 0
    endloop
  endfacet
  facet normal -1 -0 0
    outer loop
      vertex 42.6 104 3
      vertex 42.6 102 0
      vertex 42.6 102 3
    endloop
  endfacet
  facet normal 1 -0 0
    outer loop
      vertex 39.4 102 3
      vertex 39.4 104 0
      vertex 39.4 104 3
    endloop
  endfacet
  facet normal 1 0 0
    outer loop
      vertex 39.4 104 0
      vertex 39.4 102 3
      vertex 39.4 102 0
    endloop
  endfacet
  facet normal 0 -1 0
    outer loop
      vertex 39.4 104 0
      vertex 42.6 104 3
      vertex 39.4 104 3
    endloop
  endfacet
  facet normal 0 -1 -0
    outer loop
      vertex 42.6 104 3
      vertex 39.4 104 0
      vertex 42.6 104 0
    endloop
  endfacet
  facet normal 0 1 -0
    outer loop
      vertex 42.6 102 0
      vertex 39.4 102 3
      vertex 42.6 102 3
    endloop
  endfacet
  facet normal 0 1 0
    outer loop
      vertex 39.4 102 3
      vertex 42.6 102 0
      vertex 39.4 102 0
    endloop
  endfacet
  facet normal -1 0 0
    outer loop
      vertex 45 85 2.4
      vertex 45 101 3
      vertex 45 101 2.4
    endloop
  endfacet
  facet normal -1 -0 0
    outer loop
      vertex 45 101 3
      vertex 45 85 2.4
      vertex 45 85 3
    endloop
  endfacet
  facet normal 0 0 1
    outer loop
      vertex 45 101 2.4
      vertex 44.2 100.2 2.4
      vertex 45 85 2.4
    endloop
  endfacet
  facet normal 0 0 1
    outer loop
      vertex 45 101 2.4
      vertex 15.8 100.2 2.4
      vertex 44.2 100.2 2.4
    endloop
  endfacet
  facet normal 0 0 1
    outer loop
      vertex 15.8 100.2 2.4
      vertex 15 101 2.4
      vertex 15.8 85.8 2.4
    endloop
  endfacet
  facet normal -0 0 1
    outer loop
      vertex 15 101 2.4
      vertex 15.8 100.2 2.4
      vertex 45 101 2.4
    endloop
  endfacet
  facet normal -0 0 1
    outer loop
      vertex 44.2 85.8 2.4
      vertex 45 85 2.4
      vertex 44.2 100.2 2.4
    endloop
  endfacet
  facet normal -0 0 1
    outer loop
      vertex 15.8 85.8 2.4
      vertex 45 85 2.4
      vertex 44.2 85.8 2.4
    endloop
  endfacet
  facet normal 0 0 1
    outer loop
      vertex 15.8 85.8 2.4
      vertex 15 85 2.4
      vertex 45 85 2.4
    endloop
  endfacet
  facet normal 0 0 1
    outer loop
      vertex 15 85 2.4
      vertex 15.8 85.8 2.4
      vertex 15 101 2.4
    endloop
  endfacet
  facet normal 1 -0 0
    outer loop
      vertex 15 85 3
      vertex 15 101 2.4
      vertex 15 101 3
    endloop
  endfacet
  facet normal 1 0 0
    outer loop
      vertex 15 101 2.4
      vertex 15 85 3
      vertex 15 85 2.4
    endloop
  endfacet
  facet normal 0 -1 0
    outer loop
      vertex 15 101 2.4
      vertex 45 101 3
      vertex 15 101 3
    endloop
  endfacet
  facet normal 0 -1 -0
    outer loop
      vertex 45 101 3
      vertex 15 101 2.4
      vertex 45 101 2.4
    endloop
  endfacet
  facet normal 0 1 -0
    outer loop
      vertex 45 85 2.4
      vertex 15 85 3
      vertex 45 85 3
    endloop
  endfacet
  facet normal 0 1 0
    outer loop
      vertex 15 85 3
      vertex 45 85 2.4
      vertex 15 85 2.4
    endloop
  endfacet
  facet normal 1 -0 0
    outer loop
      vertex 44.2 85.8 3
      vertex 44.2 100.2 2.4
      vertex 44.2 100.2 3
    endloop
  endfacet
  facet normal 1 0 0
    outer loop
      vertex 44.2 100.2 2.4
      vertex 44.2 85.8 3
      vertex 44.2 85.8 2.4
    endloop
  endfacet
  facet normal -1 0 0
    outer loop
      vertex 15.8 85.8 2.4
      vertex 15.8 100.2 3
      vertex 15.8 100.2 2.4
    endloop
  endfacet
  facet normal -1 -0 0
    outer loop
      vertex 15.8 100.2 3
      vertex 15.8 85.8 2.4
      vertex 15.8 85.8 3
    endloop
  endfacet
  facet normal 0 1 -0
    outer loop
      vertex 44.2 100.2 2.4
      vertex 15.8 100.2 3
      vertex 44.2 100.2 3
    endloop
  endfacet
  facet normal 0 1 0
    outer loop
      vertex 15.8 100.2 3
      vertex 44.2 100.2 2.4
      vertex 15.8 100.2 2.4
    endloop
  endfacet
  facet normal 0 -1 0
    outer loop
      vertex 15.8 85.8 2.4
      vertex 44.2 85.8 3
      vertex 15.8 85.8 3
    endloop
  endfacet
  facet normal 0 -1 -0
    outer loop
      vertex 44.2 85.8 3
      vertex 15.8 85.8 2.4
      vertex 44.2 85.8 2.4
    endloop
  endfacet
  facet normal -1 0 0
    outer loop
      vertex 105.6 77 0
      vertex 105.6 79 3
      vertex 105.6 79 0
    endloop
  endfacet
  facet normal -1 -0 0
    outer loop
      vertex 105.6 79 3
      vertex 105.6 77 0
      vertex 105.6 77 3
    endloop
  endfacet
  facet normal 1 -0 0
    outer loop
      vertex 102.4 77 3
      vertex 102.4 79 0
      vertex 102.4 79 3
    endloop
  endfacet
  facet normal 1 0 0
    outer loop
      vertex 102.4 79 0
      vertex 102.4 77 3
      vertex 102.4 77 0
    endloop
  endfacet
  facet normal 0 -1 0
    outer loop
      vertex 102.4 79 0
      vertex 105.6 79 3
      vertex 102.4 79 3
    endloop
  endfacet
  facet normal 0 -1 -0
    outer loop
      vertex 105.6 79 3
      vertex 102.4 79 0
      vertex 105.6 79 0
    endloop
  endfacet
  facet normal 0 1 -0
    outer loop
      vertex 105.6 77 0
      vertex 102.4 77 3
      vertex 105.6 77 3
    endloop
  endfacet
  facet normal 0 1 0
    outer loop
      vertex 102.4 77 3
      vertex 105.6 77 0
      vertex 102.4 77 0
    endloop
  endfacet
  facet normal -1 0 0
    outer loop
      vertex 105.6 103 0
      vertex 105.6 105 3
      vertex 105.6 105 0
    endloop
  endfacet
  facet normal -1 -0 0
    outer loop
      vertex 105.6 105 3
      vertex 105.6 103 0
      vertex 105.6 103 3
    endloop
  endfacet
  facet normal 1 -0 0
    outer loop
      vertex 102.4 103 3
      vertex 102.4 105 0
      vertex 102.4 105 3
    endloop
  endfacet
  facet normal 1 0 0
    outer loop
      vertex 102.4 105 0
      vertex 102.4 103 3
      vertex 102.4 103 0
    endloop
  endfacet
  facet normal 0 -1 0
    outer loop
      vertex 102.4 105 0
      vertex 105.6 105 3
      vertex 102.4 105 3
    endloop
  endfacet
  facet normal 0 -1 -0
    outer loop
      vertex 105.6 105 3
      vertex 102.4 105 0
      vertex 105.6 105 0
    endloop
  endfacet
  facet normal 0 1 -0
    outer loop
      vertex 105.6 103 0
      vertex 102.4 103 3
      vertex 105.6 103 3
    endloop
  endfacet
  facet normal 0 1 0
    outer loop
      vertex 102.4 103 3
      vertex 105.6 103 0
      vertex 102.4 103 0
    endloop
  endfacet
  facet normal -1 0 0
    outer loop
      vertex 157.6 77 0
      vertex 157.6 79 3
      vertex 157.6 79 0
    endloop
  endfacet
  facet normal -1 -0 0
    outer loop
      vertex 157.6 79 3
      vertex 157.6 77 0
      vertex 157.6 77 3
    endloop
  endfacet
  facet normal 1 -0 0
    outer loop
      vertex 154.4 77 3
      vertex 154.4 79 0
      vertex 154.4 79 3
    endloop
  endfacet
  facet normal 1 0 0
    outer loop
      vertex 154.4 79 0
      vertex 154.4 77 3
      vertex 154.4 77 0
    endloop
  endfacet
  facet normal 0 -1 0
    outer loop
      vertex 154.4 79 0
      vertex 157.6 79 3
      vertex 154.4 79 3
    endloop
  endfacet
  facet normal 0 -1 -0
    outer loop
      vertex 157.6 79 3
      vertex 154.4 79 0
      vertex 157.6 79 0
    endloop
  endfacet
  facet normal 0 1 -0
    outer loop
      vertex 157.6 77 0
      vertex 154.4 77 3
      vertex 157.6 77 3
    endloop
  endfacet
  facet normal 0 1 0
    outer loop
      vertex 154.4 77 3
      vertex 157.6 77 0
      vertex 154.4 77 0
    endloop
  endfacet
  facet normal -1 0 0
    outer loop
      vertex 157.6 103 0
      vertex 157.6 105 3
      vertex 157.6 105 0
    endloop
  endfacet
  facet normal -1 -0 0
    outer loop
      vertex 157.6 105 3
      vertex 157.6 103 0
      vertex 157.6 103 3
    endloop
  endfacet
  facet normal 1 -0 0
    outer loop
      vertex 154.4 103 3
      vertex 154.4 105 0
      vertex 154.4 105 3
    endloop
  endfacet
  facet normal 1 0 0
    outer loop
      vertex 154.4 105 0
      vertex 154.4 103 3
      vertex 154.4 103 0
    endloop
  endfacet
  facet normal 0 -1 0
    outer loop
      vertex 154.4 105 0
      vertex 157.6 105 3
      vertex 154.4 105 3
    endloop
  endfacet
  facet normal 0 -1 -0
    outer loop
      vertex 157.6 105 3
      vertex 154.4 105 0
      vertex 157.6 105 0
    endloop
  endfacet
  facet normal 0 1 -0
    outer loop
      vertex 157.6 103 0
      vertex 154.4 103 3
      vertex 157.6 103 3
    endloop
  endfacet
  facet normal 0 1 0
    outer loop
      vertex 154.4 103 3
      vertex 157.6 103 0
      vertex 154.4 103 0
    endloop
  endfacet
  facet normal -1 0 0
    outer loop
      vertex 160 80 2.4
      vertex 160 102 3
      vertex 160 102 2.4
    endloop
  endfacet
  facet normal -1 -0 0
    outer loop
      vertex 160 102 3
      vertex 160 80 2.4
      vertex 160 80 3
    endloop
  endfacet
  facet normal 0 0 1
    outer loop
      vertex 160 102 2.4
      vertex 159.2 101.2 2.4
      vertex 160 80 2.4
    endloop
  endfacet
  facet normal 0 0 1
    outer loop
      vertex 160 102 2.4
      vertex 100.8 101.2 2.4
      vertex 159.2 101.2 2.4
    endloop
  endfacet
  facet normal 0 0 1
    outer loop
      vertex 100.8 101.2 2.4
      vertex 100 102 2.4
      vertex 100.8 80.8 2.4
    endloop
  endfacet
  facet normal -0 0 1
    outer loop
      vertex 100 102 2.4
      vertex 100.8 101.2 2.4
      vertex 160 102 2.4
    endloop
  endfacet
  facet normal -0 0 1
    outer loop
      vertex 159.2 80.8 2.4
      vertex 160 80 2.4
      vertex 159.2 101.2 2.4
    endloop
  endfacet
  facet normal -0 0 1
    outer loop
      vertex 100.8 80.8 2.4
      vertex 160 80 2.4
      vertex 159.2 80.8 2.4
    endloop
  endfacet
  facet normal 0 0 1
    outer loop
      vertex 100.8 80.8 2.4
      vertex 100 80 2.4
      vertex 160 80 2.4
    endloop
  endfacet
  facet normal 0 0 1
    outer loop
      vertex 100 80 2.4
      vertex 100.8 80.8 2.4
      vertex 100 102 2.4
    endloop
  endfacet
  facet normal 1 -0 0
    outer loop
      vertex 100 80 3
      vertex 100 102 2.4
      vertex 100 102 3
    endloop
  endfacet
  facet normal 1 0 0
    outer loop
      vertex 100 102 2.4
      vertex 100 80 3
      vertex 100 80 2.4
    endloop
  endfacet
  facet normal 0 -1 0
    outer loop
      vertex 100 102 2.4
      vertex 160 102 3
      vertex 100 102 3
    endloop
  endfacet
  facet normal 0 -1 -0
    outer loop
      vertex 160 102 3
      vertex 100 102 2.4
      vertex 160 102 2.4
    endloop
  endfacet
  facet normal 0 1 -0
    outer loop
      vertex 160 80 2.4
      vertex 100 80 3
      vertex 160 80 3
    endloop
  endfacet
  facet normal 0 1 0
    outer loop
      vertex 100 80 3
      vertex 160 80 2.4
      vertex 100 80 2.4
    endloop
  endfacet
  facet normal 1 -0 0
    outer loop
      vertex 159.2 80.8 3
      vertex 159.2 101.2 2.4
      vertex 159.2 101.2 3
    endloop
  endfacet
  facet normal 1 0 0
    outer loop
      vertex 159.2 101.2 2.4
      vertex 159.2 80.8 3
      vertex 159.2 80.8 2.4
    endloop
  endfacet
  facet normal -1 0 0
    outer loop
      vertex 100.8 80.8 2.4
      vertex 100.8 101.2 3
      vertex 100.8 101.2 2.4
    endloop
  endfacet
  facet normal -1 -0 0
    outer loop
      vertex 100.8 101.2 3
      vertex 100.8 80.8 2.4
      vertex 100.8 80.8 3
    endloop
  endfacet
  facet normal 0 1 -0
    outer loop
      vertex 159.2 101.2 2.4
      vertex 100.8 101.2 3
      vertex 159.2 101.2 3
    endloop
  endfacet
  facet normal 0 1 0
    outer loop
      vertex 100.8 101.2 3
      vertex 159.2 101.2 2.4
      vertex 100.8 101.2 2.4
    endloop
  endfacet
  facet normal 0 -1 0
    outer loop
      vertex 100.8 80.8 2.4
      vertex 159.2 80.8 3
      vertex 100.8 80.8 3
    endloop
  endfacet
  facet normal 0 -1 -0
    outer loop
      vertex 159.2 80.8 3
      vertex 100.8 80.8 2.4
      vertex 159.2 80.8 2.4
    endloop
  endfacet
  facet normal -1 0 0
    outer loop
      vertex 162.5 20 2.4
      vertex 162.5 45.4 3
      vertex 162.5 45.4 2.4
    endloop
  endfacet
  facet normal -1 -0 0
    outer loop
      vertex 162.5 45.4 3
      vertex 162.5 20 2.4
      vertex 162.5 20 3
    endloop
  endfacet
  facet normal 0 0 -1
    outer loop
      vertex 100.528 22.002 3.4
      vertex 100.8 24.8062 3.4
      vertex 100.8 21.4938 3.4
    endloop
  endfacet
  facet normal 0 0 -1
    outer loop
      vertex 100.528 22.002 3.4
      vertex 100.528 24.298 3.4
      vertex 100.8 24.8062 3.4
    endloop
  endfacet
  facet normal 0 0 -1
    outer loop
      vertex 100.358 22.5647 3.4
      vertex 100.528 24.298 3.4
      vertex 100.528 22.002 3.4
    endloop
  endfacet
  facet normal 0 0 -1
    outer loop
      vertex 100.358 22.5647 3.4
      vertex 100.358 23.7353 3.4
      vertex 100.528 24.298 3.4
    endloop
  endfacet
  facet normal 0 -0 -1
    outer loop
      vertex 100.358 23.7353 3.4
      vertex 100.358 22.5647 3.4
      vertex 100.3 23.15 3.4
    endloop
  endfacet
  facet normal 0 0 -1
    outer loop
      vertex 100.528 41.102 3.4
      vertex 100.8 43.9062 3.4
      vertex 100.8 40.5938 3.4
    endloop
  endfacet
  facet normal 0 0 -1
    outer loop
      vertex 100.528 41.102 3.4
      vertex 100.528 43.398 3.4
      vertex 100.8 43.9062 3.4
    endloop
  endfacet
  facet normal 0 0 -1
    outer loop
      vertex 100.358 41.6647 3.4
      vertex 100.528 43.398 3.4
      vertex 100.528 41.102 3.4
    endloop
  endfacet
  facet normal 0 0 -1
    outer loop
      vertex 100.358 41.6647 3.4
      vertex 100.358 42.8353 3.4
      vertex 100.528 43.398 3.4
    endloop
  endfacet
  facet normal 0 -0 -1
    outer loop
      vertex 100.358 42.8353 3.4
      vertex 100.358 41.6647 3.4
      vertex 100.3 42.25 3.4
    endloop
  endfacet
  facet normal 0 0 -1
    outer loop
      vertex 104.448 20.3784 3.4
      vertex 105.143 20.8 3.4
      vertex 104.967 20.6556 3.4
    endloop
  endfacet
  facet normal 0 0 -1
    outer loop
      vertex 103.885 20.2076 3.4
      vertex 105.143 20.8 3.4
      vertex 104.448 20.3784 3.4
    endloop
  endfacet
  facet normal 0 0 -1
    outer loop
      vertex 103.3 20.15 3.4
      vertex 105.143 20.8 3.4
      vertex 103.885 20.2076 3.4
    endloop
  endfacet
  facet normal 0 0 -1
    outer loop
      vertex 102.715 20.2076 3.4
      vertex 105.143 20.8 3.4
      vertex 103.3 20.15 3.4
    endloop
  endfacet
  facet normal 0 0 -1
    outer loop
      vertex 101.457 20.8 3.4
      vertex 102.715 20.2076 3.4
      vertex 102.152 20.3784 3.4
    endloop
  endfacet
  facet normal 0 0 -1
    outer loop
      vertex 101.457 20.8 3.4
      vertex 102.152 20.3784 3.4
      vertex 101.633 20.6556 3.4
    endloop
  endfacet
  facet normal 0 0 -1
    outer loop
      vertex 102.715 20.2076 3.4
      vertex 101.457 20.8 3.4
      vertex 105.143 20.8 3.4
    endloop
  endfacet
  facet normal 0 0 -1
    outer loop
      vertex 105.143 44.6 3.4
      vertex 104.448 45.0216 3.4
      vertex 104.967 44.7444 3.4
    endloop
  endfacet
  facet normal 0 0 -1
    outer loop
      vertex 105.143 44.6 3.4
      vertex 103.885 45.1924 3.4
      vertex 104.448 45.0216 3.4
    endloop
  endfacet
  facet normal 0 0 -1
    outer loop
      vertex 105.143 44.6 3.4
      vertex 103.3 45.25 3.4
      vertex 103.885 45.1924 3.4
    endloop
  endfacet
  facet normal 0 0 -1
    outer loop
      vertex 105.143 44.6 3.4
      vertex 102.715 45.1924 3.4
      vertex 103.3 45.25 3.4
    endloop
  endfacet
  facet normal 0 0 -1
    outer loop
      vertex 101.457 44.6 3.4
      vertex 102.715 45.1924 3.4
      vertex 105.143 44.6 3.4
    endloop
  endfacet
  facet normal 0 0 -1
    outer loop
      vertex 102.715 45.1924 3.4
      vertex 101.457 44.6 3.4
      vertex 102.152 45.0216 3.4
    endloop
  endfacet
  facet normal 0 0 -1
    outer loop
      vertex 102.152 45.0216 3.4
      vertex 101.457 44.6 3.4
      vertex 101.633 44.7444 3.4
    endloop
  endfacet
  facet normal 0 0 -1
    outer loop
      vertex 160.348 20.3784 3.4
      vertex 161.043 20.8 3.4
      vertex 160.867 20.6556 3.4
    endloop
  endfacet
  facet normal 0 0 -1
    outer loop
      vertex 159.785 20.2076 3.4
      vertex 161.043 20.8 3.4
      vertex 160.348 20.3784 3.4
    endloop
  endfacet
  facet normal 0 0 -1
    outer loop
      vertex 159.2 20.15 3.4
      vertex 161.043 20.8 3.4
      vertex 159.785 20.2076 3.4
    endloop
  endfacet
  facet normal 0 0 -1
    outer loop
      vertex 158.615 20.2076 3.4
      vertex 161.043 20.8 3.4
      vertex 159.2 20.15 3.4
    endloop
  endfacet
  facet normal 0 0 -1
    outer loop
      vertex 157.357 20.8 3.4
      vertex 158.615 20.2076 3.4
      vertex 158.052 20.3784 3.4
    endloop
  endfacet
  facet normal 0 0 -1
    outer loop
      vertex 157.357 20.8 3.4
      vertex 158.052 20.3784 3.4
      vertex 157.533 20.6556 3.4
    endloop
  endfacet
  facet normal 0 0 -1
    outer loop
      vertex 158.615 20.2076 3.4
      vertex 157.357 20.8 3.4
      vertex 161.043 20.8 3.4
    endloop
  endfacet
  facet normal 0 0 -1
    outer loop
      vertex 161.043 44.6 3.4
      vertex 160.348 45.0216 3.4
      vertex 160.867 44.7444 3.4
    endloop
  endfacet
  facet normal 0 0 -1
    outer loop
      vertex 161.043 44.6 3.4
      vertex 159.785 45.1924 3.4
      vertex 160.348 45.0216 3.4
    endloop
  endfacet
  facet normal 0 0 -1
    outer loop
      vertex 161.043 44.6 3.4
      vertex 159.2 45.25 3.4
      vertex 159.785 45.1924 3.4
    endloop
  endfacet
  facet normal 0 0 -1
    outer loop
      vertex 161.043 44.6 3.4
      vertex 158.615 45.1924 3.4
      vertex 159.2 45.25 3.4
    endloop
  endfacet
  facet normal 0 0 -1
    outer loop
      vertex 157.357 44.6 3.4
      vertex 158.615 45.1924 3.4
      vertex 161.043 44.6 3.4
    endloop
  endfacet
  facet normal 0 0 -1
    outer loop
      vertex 158.615 45.1924 3.4
      vertex 157.357 44.6 3.4
      vertex 158.052 45.0216 3.4
    endloop
  endfacet
  facet normal 0 0 -1
    outer loop
      vertex 158.052 45.0216 3.4
      vertex 157.357 44.6 3.4
      vertex 157.533 44.7444 3.4
    endloop
  endfacet
  facet normal 0 0 -1
    outer loop
      vertex 162.142 41.6647 3.4
      vertex 162.142 42.8353 3.4
      vertex 162.2 42.25 3.4
    endloop
  endfacet
  facet normal 0 0 -1
    outer loop
      vertex 161.972 41.102 3.4
      vertex 162.142 42.8353 3.4
      vertex 162.142 41.6647 3.4
    endloop
  endfacet
  facet normal 0 0 -1
    outer loop
      vertex 161.972 41.102 3.4
      vertex 161.972 43.398 3.4
      vertex 162.142 42.8353 3.4
    endloop
  endfacet
  facet normal 0 0 -1
    outer loop
      vertex 161.7 40.5938 3.4
      vertex 161.972 43.398 3.4
      vertex 161.972 41.102 3.4
    endloop
  endfacet
  facet normal -0 0 -1
    outer loop
      vertex 161.972 43.398 3.4
      vertex 161.7 40.5938 3.4
      vertex 161.7 43.9062 3.4
    endloop
  endfacet
  facet normal 0 0 -1
    outer loop
      vertex 162.142 22.5647 3.4
      vertex 162.142 23.7353 3.4
      vertex 162.2 23.15 3.4
    endloop
  endfacet
  facet normal 0 0 -1
    outer loop
      vertex 161.972 22.002 3.4
      vertex 162.142 23.7353 3.4
      vertex 162.142 22.5647 3.4
    endloop
  endfacet
  facet normal 0 0 -1
    outer loop
      vertex 161.972 22.002 3.4
      vertex 161.972 24.298 3.4
      vertex 162.142 23.7353 3.4
    endloop
  endfacet
  facet normal 0 0 -1
    outer loop
      vertex 161.7 21.4937 3.4
      vertex 161.972 24.298 3.4
      vertex 161.972 22.002 3.4
    endloop
  endfacet
  facet normal -0 0 -1
    outer loop
      vertex 161.972 24.298 3.4
      vertex 161.7 21.4937 3.4
      vertex 161.7 24.8062 3.4
    endloop
  endfacet
  facet normal 0 0 1
    outer loop
      vertex 162.5 45.4 2.4
      vertex 161.7 44.6 2.4
      vertex 162.5 20 2.4
    endloop
  endfacet
  facet normal 0 0 1
    outer loop
      vertex 162.5 45.4 2.4
      vertex 100.8 44.6 2.4
      vertex 161.7 44.6 2.4
    endloop
  endfacet
  facet normal 0 0 1
    outer loop
      vertex 100.8 44.6 2.4
      vertex 100 45.4 2.4
      vertex 100.8 20.8 2.4
    endloop
  endfacet
  facet normal -0 0 1
    outer loop
      vertex 100 45.4 2.4
      vertex 100.8 44.6 2.4
      vertex 162.5 45.4 2.4
    endloop
  endfacet
  facet normal -0 0 1
    outer loop
      vertex 161.7 20.8 2.4
      vertex 162.5 20 2.4
      vertex 161.7 44.6 2.4
    endloop
  endfacet
  facet normal -0 0 1
    outer loop
      vertex 100.8 20.8 2.4
      vertex 162.5 20 2.4
      vertex 161.7 20.8 2.4
    endloop
  endfacet
  facet normal 0 0 1
    outer loop
      vertex 100.8 20.8 2.4
      vertex 100 20 2.4
      vertex 162.5 20 2.4
    endloop
  endfacet
  facet normal 0 0 1
    outer loop
      vertex 100 20 2.4
      vertex 100.8 20.8 2.4
      vertex 100 45.4 2.4
    endloop
  endfacet
  facet normal 1 -0 0
    outer loop
      vertex 100 20 3
      vertex 100 45.4 2.4
      vertex 100 45.4 3
    endloop
  endfacet
  facet normal 1 0 0
    outer loop
      vertex 100 45.4 2.4
      vertex 100 20 3
      vertex 100 20 2.4
    endloop
  endfacet
  facet normal 0 -1 0
    outer loop
      vertex 100 45.4 2.4
      vertex 162.5 45.4 3
      vertex 100 45.4 3
    endloop
  endfacet
  facet normal 0 -1 -0
    outer loop
      vertex 162.5 45.4 3
      vertex 100 45.4 2.4
      vertex 162.5 45.4 2.4
    endloop
  endfacet
  facet normal 0 1 -0
    outer loop
      vertex 162.5 20 2.4
      vertex 100 20 3
      vertex 162.5 20 3
    endloop
  endfacet
  facet normal 0 1 0
    outer loop
      vertex 100 20 3
      vertex 162.5 20 2.4
      vertex 100 20 2.4
    endloop
  endfacet
  facet normal 1 0 0
    outer loop
      vertex 161.7 24.8062 3.4
      vertex 161.7 21.4937 3.4
      vertex 161.7 24.8062 3
    endloop
  endfacet
  facet normal 1 0 0
    outer loop
      vertex 161.7 43.9062 3.4
      vertex 161.7 40.5938 3.4
      vertex 161.7 43.9062 3
    endloop
  endfacet
  facet normal 1 -0 0
    outer loop
      vertex 161.7 43.9062 3
      vertex 161.7 44.6 2.4
      vertex 161.7 44.6 3
    endloop
  endfacet
  facet normal 1 0 0
    outer loop
      vertex 161.7 40.5938 3
      vertex 161.7 43.9062 3
      vertex 161.7 40.5938 3.4
    endloop
  endfacet
  facet normal 1 0 0
    outer loop
      vertex 161.7 43.9062 3
      vertex 161.7 40.5938 3
      vertex 161.7 44.6 2.4
    endloop
  endfacet
  facet normal 1 -0 0
    outer loop
      vertex 161.7 24.8062 3
      vertex 161.7 44.6 2.4
      vertex 161.7 40.5938 3
    endloop
  endfacet
  facet normal 1 0 0
    outer loop
      vertex 161.7 21.4937 3
      vertex 161.7 24.8062 3
      vertex 161.7 21.4937 3.4
    endloop
  endfacet
  facet normal 1 0 0
    outer loop
      vertex 161.7 20.8 2.4
      vertex 161.7 24.8062 3
      vertex 161.7 21.4937 3
    endloop
  endfacet
  facet normal 1 0 0
    outer loop
      vertex 161.7 20.8 2.4
      vertex 161.7 21.4937 3
      vertex 161.7 20.8 3
    endloop
  endfacet
  facet normal 1 0 0
    outer loop
      vertex 161.7 24.8062 3
      vertex 161.7 20.8 2.4
      vertex 161.7 44.6 2.4
    endloop
  endfacet
  facet normal -1 0 0
    outer loop
      vertex 100.8 44.6 2.4
      vertex 100.8 43.9062 3
      vertex 100.8 44.6 3
    endloop
  endfacet
  facet normal -1 0 0
    outer loop
      vertex 100.8 43.9062 3
      vertex 100.8 40.5938 3
      vertex 100.8 43.9062 3.4
    endloop
  endfacet
  facet normal -1 0 0
    outer loop
      vertex 100.8 44.6 2.4
      vertex 100.8 40.5938 3
      vertex 100.8 43.9062 3
    endloop
  endfacet
  facet normal -1 0 0
    outer loop
      vertex 100.8 44.6 2.4
      vertex 100.8 24.8062 3
      vertex 100.8 40.5938 3
    endloop
  endfacet
  facet normal -1 0 0
    outer loop
      vertex 100.8 24.8062 3
      vertex 100.8 21.4938 3
      vertex 100.8 24.8062 3.4
    endloop
  endfacet
  facet normal -1 0 0
    outer loop
      vertex 100.8 20.8 2.4
      vertex 100.8 24.8062 3
      vertex 100.8 44.6 2.4
    endloop
  endfacet
  facet normal -1 -0 0
    outer loop
      vertex 100.8 24.8062 3
      vertex 100.8 20.8 2.4
      vertex 100.8 21.4938 3
    endloop
  endfacet
  facet normal -1 -0 0
    outer loop
      vertex 100.8 21.4938 3
      vertex 100.8 20.8 2.4
      vertex 100.8 20.8 3
    endloop
  endfacet
  facet normal -1 -0 0
    outer loop
      vertex 100.8 43.9062 3.4
      vertex 100.8 40.5938 3
      vertex 100.8 40.5938 3.4
    endloop
  endfacet
  facet normal -1 -0 0
    outer loop
      vertex 100.8 24.8062 3.4
      vertex 100.8 21.4938 3
      vertex 100.8 21.4938 3.4
    endloop
  endfacet
  facet normal 0 1 -0
    outer loop
      vertex 161.7 44.6 2.4
      vertex 161.043 44.6 3
      vertex 161.7 44.6 3
    endloop
  endfacet
  facet normal 0 1 0
    outer loop
      vertex 161.043 44.6 3
      vertex 161.7 44.6 2.4
      vertex 157.357 44.6 3
    endloop
  endfacet
  facet normal 0 1 0
    outer loop
      vertex 157.357 44.6 3
      vertex 161.7 44.6 2.4
      vertex 105.143 44.6 3
    endloop
  endfacet
  facet normal 0 1 0
    outer loop
      vertex 100.8 44.6 2.4
      vertex 105.143 44.6 3
      vertex 161.7 44.6 2.4
    endloop
  endfacet
  facet normal 0 1 0
    outer loop
      vertex 105.143 44.6 3
      vertex 100.8 44.6 2.4
      vertex 101.457 44.6 3
    endloop
  endfacet
  facet normal 0 1 0
    outer loop
      vertex 101.457 44.6 3
      vertex 100.8 44.6 2.4
      vertex 100.8 44.6 3
    endloop
  endfacet
  facet normal 0 1 -0
    outer loop
      vertex 161.043 44.6 3
      vertex 157.357 44.6 3.4
      vertex 161.043 44.6 3.4
    endloop
  endfacet
  facet normal 0 1 0
    outer loop
      vertex 157.357 44.6 3.4
      vertex 161.043 44.6 3
      vertex 157.357 44.6 3
    endloop
  endfacet
  facet normal 0 1 -0
    outer loop
      vertex 105.143 44.6 3
      vertex 101.457 44.6 3.4
      vertex 105.143 44.6 3.4
    endloop
  endfacet
  facet normal 0 1 0
    outer loop
      vertex 101.457 44.6 3.4
      vertex 105.143 44.6 3
      vertex 101.457 44.6 3
    endloop
  endfacet
  facet normal 0 -1 0
    outer loop
      vertex 100.8 20.8 2.4
      vertex 101.457 20.8 3
      vertex 100.8 20.8 3
    endloop
  endfacet
  facet normal 0 -1 -0
    outer loop
      vertex 101.457 20.8 3
      vertex 100.8 20.8 2.4
      vertex 105.143 20.8 3
    endloop
  endfacet
  facet normal 0 -1 -0
    outer loop
      vertex 105.143 20.8 3
      vertex 100.8 20.8 2.4
      vertex 157.357 20.8 3
    endloop
  endfacet
  facet normal 0 -1 0
    outer loop
      vertex 161.7 20.8 2.4
      vertex 157.357 20.8 3
      vertex 100.8 20.8 2.4
    endloop
  endfacet
  facet normal 0 -1 0
    outer loop
      vertex 157.357 20.8 3
      vertex 161.7 20.8 2.4
      vertex 161.043 20.8 3
    endloop
  endfacet
  facet normal 0 -1 0
    outer loop
      vertex 161.043 20.8 3
      vertex 161.7 20.8 2.4
      vertex 161.7 20.8 3
    endloop
  endfacet
  facet normal 0 -1 0
    outer loop
      vertex 101.457 20.8 3
      vertex 105.143 20.8 3.4
      vertex 101.457 20.8 3.4
    endloop
  endfacet
  facet normal 0 -1 -0
    outer loop
      vertex 105.143 20.8 3.4
      vertex 101.457 20.8 3
      vertex 105.143 20.8 3
    endloop
  endfacet
  facet normal 0 -1 0
    outer loop
      vertex 157.357 20.8 3
      vertex 161.043 20.8 3.4
      vertex 157.357 20.8 3.4
    endloop
  endfacet
  facet normal 0 -1 -0
    outer loop
      vertex 161.043 20.8 3.4
      vertex 157.357 20.8 3
      vertex 161.043 20.8 3
    endloop
  endfacet
  facet normal -1 0 0
    outer loop
      vertex 80.6 65.3 2.4
      vertex 80.6 49.1562 3
      vertex 80.6 65.3 3
    endloop
  endfacet
  facet normal -1 0 0
    outer loop
      vertex 80.6 49.1562 3
      vertex 80.6 45.8438 3
      vertex 80.6 49.1562 3.4
    endloop
  endfacet
  facet normal -1 0 0
    outer loop
      vertex 80.6 65.3 2.4
      vertex 80.6 45.8438 3
      vertex 80.6 49.1562 3
    endloop
  endfacet
  facet normal -1 0 0
    outer loop
      vertex 80.6 12 2.4
      vertex 80.6 45.8438 3
      vertex 80.6 65.3 2.4
    endloop
  endfacet
  facet normal -1 0 0
    outer loop
      vertex 80.6 21.2563 3
      vertex 80.6 17.9438 3
      vertex 80.6 21.2563 3.4
    endloop
  endfacet
  facet normal -1 -0 0
    outer loop
      vertex 80.6 45.8438 3
      vertex 80.6 12 2.4
      vertex 80.6 21.2563 3
    endloop
  endfacet
  facet normal -1 -0 0
    outer loop
      vertex 80.6 21.2563 3
      vertex 80.6 12 2.4
      vertex 80.6 17.9438 3
    endloop
  endfacet
  facet normal -1 -0 0
    outer loop
      vertex 80.6 17.9438 3
      vertex 80.6 12 2.4
      vertex 80.6 12 3
    endloop
  endfacet
  facet normal -1 -0 0
    outer loop
      vertex 80.6 49.1562 3.4
      vertex 80.6 45.8438 3
      vertex 80.6 45.8438 3.4
    endloop
  endfacet
  facet normal -1 -0 0
    outer loop
      vertex 80.6 21.2563 3.4
      vertex 80.6 17.9438 3
      vertex 80.6 17.9438 3.4
    endloop
  endfacet
  facet normal 0 0 -1
    outer loop
      vertex 27.6562 12 3.4
      vertex 28.1213 12.3787 3.4
      vertex 27.6667 12.0056 3.4
    endloop
  endfacet
  facet normal -0 0 -1
    outer loop
      vertex 28.1213 12.3787 3.4
      vertex 27.6562 12 3.4
      vertex 28.4671 12.8 3.4
    endloop
  endfacet
  facet normal 0 0 -1
    outer loop
      vertex 24.3438 12 3.4
      vertex 28.4671 12.8 3.4
      vertex 27.6562 12 3.4
    endloop
  endfacet
  facet normal 0 0 -1
    outer loop
      vertex 23.8787 12.3787 3.4
      vertex 24.3438 12 3.4
      vertex 24.3333 12.0056 3.4
    endloop
  endfacet
  facet normal 0 0 -1
    outer loop
      vertex 24.3438 12 3.4
      vertex 23.8787 12.3787 3.4
      vertex 28.4671 12.8 3.4
    endloop
  endfacet
  facet normal -0 0 -1
    outer loop
      vertex 28.4671 12.8 3.4
      vertex 23.8787 12.3787 3.4
      vertex 23.5329 12.8 3.4
    endloop
  endfacet
  facet normal 0 0 -1
    outer loop
      vertex 28.7692 65.3 3.4
      vertex 29.4213 64.8213 3.4
      vertex 29.685 64.5 3.4
    endloop
  endfacet
  facet normal 0 0 -1
    outer loop
      vertex 29.4213 64.8213 3.4
      vertex 28.7692 65.3 3.4
      vertex 28.9667 65.1944 3.4
    endloop
  endfacet
  facet normal 0 0 -1
    outer loop
      vertex 29.685 64.5 3.4
      vertex 25.8308 65.3 3.4
      vertex 28.7692 65.3 3.4
    endloop
  endfacet
  facet normal 0 0 -1
    outer loop
      vertex 24.915 64.5 3.4
      vertex 25.8308 65.3 3.4
      vertex 29.685 64.5 3.4
    endloop
  endfacet
  facet normal 0 -0 -1
    outer loop
      vertex 25.1787 64.8213 3.4
      vertex 25.8308 65.3 3.4
      vertex 24.915 64.5 3.4
    endloop
  endfacet
  facet normal 0 0 -1
    outer loop
      vertex 25.8308 65.3 3.4
      vertex 25.1787 64.8213 3.4
      vertex 25.6333 65.1944 3.4
    endloop
  endfacet
  facet normal 0 0 -1
    outer loop
      vertex 80.2213 17.4787 3.4
      vertex 80.6 17.9438 3.4
      vertex 80.5944 17.9333 3.4
    endloop
  endfacet
  facet normal -0 0 -1
    outer loop
      vertex 80.6 17.9438 3.4
      vertex 80.2213 17.4787 3.4
      vertex 80.6 21.2563 3.4
    endloop
  endfacet
  facet normal 0 0 -1
    outer loop
      vertex 80.2213 21.7213 3.4
      vertex 80.6 21.2563 3.4
      vertex 80.2213 17.4787 3.4
    endloop
  endfacet
  facet normal 0 0 -1
    outer loop
      vertex 80.6 21.2563 3.4
      vertex 80.2213 21.7213 3.4
      vertex 80.5944 21.2667 3.4
    endloop
  endfacet
  facet normal 0 0 -1
    outer loop
      vertex 79.8 17.1329 3.4
      vertex 80.2213 21.7213 3.4
      vertex 80.2213 17.4787 3.4
    endloop
  endfacet
  facet normal -0 0 -1
    outer loop
      vertex 80.2213 21.7213 3.4
      vertex 79.8 17.1329 3.4
      vertex 79.8 22.0671 3.4
    endloop
  endfacet
  facet normal 0 0 -1
    outer loop
      vertex 80.2213 45.3787 3.4
      vertex 80.6 45.8438 3.4
      vertex 80.5944 45.8333 3.4
    endloop
  endfacet
  facet normal -0 0 -1
    outer loop
      vertex 80.6 45.8438 3.4
      vertex 80.2213 45.3787 3.4
      vertex 80.6 49.1562 3.4
    endloop
  endfacet
  facet normal 0 0 -1
    outer loop
      vertex 80.2213 49.6213 3.4
      vertex 80.6 49.1562 3.4
      vertex 80.2213 45.3787 3.4
    endloop
  endfacet
  facet normal 0 0 -1
    outer loop
      vertex 80.6 49.1562 3.4
      vertex 80.2213 49.6213 3.4
      vertex 80.5944 49.1667 3.4
    endloop
  endfacet
  facet normal 0 0 -1
    outer loop
      vertex 79.8 45.0329 3.4
      vertex 80.2213 49.6213 3.4
      vertex 80.2213 45.3787 3.4
    endloop
  endfacet
  facet normal -0 0 -1
    outer loop
      vertex 80.2213 49.6213 3.4
      vertex 79.8 45.0329 3.4
      vertex 79.8 49.9671 3.4
    endloop
  endfacet
  facet normal 0 0 1
    outer loop
      vertex 80.6 65.3 2.4
      vertex 79.8 64.5 2.4
      vertex 80.6 12 2.4
    endloop
  endfacet
  facet normal 0 0 1
    outer loop
      vertex 80.6 65.3 2.4
      vertex 12.8 64.5 2.4
      vertex 79.8 64.5 2.4
    endloop
  endfacet
  facet normal 0 0 1
    outer loop
      vertex 12.8 64.5 2.4
      vertex 12 65.3 2.4
      vertex 12.8 12.8 2.4
    endloop
  endfacet
  facet normal -0 0 1
    outer loop
      vertex 12 65.3 2.4
      vertex 12.8 64.5 2.4
      vertex 80.6 65.3 2.4
    endloop
  endfacet
  facet normal -0 0 1
    outer loop
      vertex 79.8 12.8 2.4
      vertex 80.6 12 2.4
      vertex 79.8 64.5 2.4
    endloop
  endfacet
  facet normal -0 0 1
    outer loop
      vertex 12.8 12.8 2.4
      vertex 80.6 12 2.4
      vertex 79.8 12.8 2.4
    endloop
  endfacet
  facet normal 0 0 1
    outer loop
      vertex 12.8 12.8 2.4
      vertex 12 12 2.4
      vertex 80.6 12 2.4
    endloop
  endfacet
  facet normal 0 0 1
    outer loop
      vertex 12 12 2.4
      vertex 12.8 12.8 2.4
      vertex 12 65.3 2.4
    endloop
  endfacet
  facet normal 1 -0 0
    outer loop
      vertex 12 12 3
      vertex 12 65.3 2.4
      vertex 12 65.3 3
    endloop
  endfacet
  facet normal 1 0 0
    outer loop
      vertex 12 65.3 2.4
      vertex 12 12 3
      vertex 12 12 2.4
    endloop
  endfacet
  facet normal 0 -1 0
    outer loop
      vertex 12 65.3 2.4
      vertex 25.8308 65.3 3
      vertex 12 65.3 3
    endloop
  endfacet
  facet normal 0 -1 -0
    outer loop
      vertex 25.8308 65.3 3
      vertex 12 65.3 2.4
      vertex 28.7692 65.3 3
    endloop
  endfacet
  facet normal 0 -1 0
    outer loop
      vertex 80.6 65.3 2.4
      vertex 28.7692 65.3 3
      vertex 12 65.3 2.4
    endloop
  endfacet
  facet normal 0 -1 0
    outer loop
      vertex 28.7692 65.3 3
      vertex 80.6 65.3 2.4
      vertex 80.6 65.3 3
    endloop
  endfacet
  facet normal 0 -1 0
    outer loop
      vertex 25.8308 65.3 3
      vertex 28.7692 65.3 3.4
      vertex 25.8308 65.3 3.4
    endloop
  endfacet
  facet normal 0 -1 -0
    outer loop
      vertex 28.7692 65.3 3.4
      vertex 25.8308 65.3 3
      vertex 28.7692 65.3 3
    endloop
  endfacet
  facet normal 0 1 -0
    outer loop
      vertex 80.6 12 2.4
      vertex 27.6562 12 3
      vertex 80.6 12 3
    endloop
  endfacet
  facet normal 0 1 0
    outer loop
      vertex 12 12 2.4
      vertex 27.6562 12 3
      vertex 80.6 12 2.4
    endloop
  endfacet
  facet normal 0 1 0
    outer loop
      vertex 27.6562 12 3
      vertex 12 12 2.4
      vertex 24.3438 12 3
    endloop
  endfacet
  facet normal 0 1 0
    outer loop
      vertex 24.3438 12 3
      vertex 12 12 2.4
      vertex 12 12 3
    endloop
  endfacet
  facet normal 0 1 -0
    outer loop
      vertex 27.6562 12 3
      vertex 24.3438 12 3.4
      vertex 27.6562 12 3.4
    endloop
  endfacet
  facet normal 0 1 0
    outer loop
      vertex 24.3438 12 3.4
      vertex 27.6562 12 3
      vertex 24.3438 12 3
    endloop
  endfacet
  facet normal 1 0 0
    outer loop
      vertex 79.8 22.0671 3.4
      vertex 79.8 17.1329 3.4
      vertex 79.8 22.0671 3
    endloop
  endfacet
  facet normal 1 0 0
    outer loop
      vertex 79.8 49.9671 3.4
      vertex 79.8 45.0329 3.4
      vertex 79.8 49.9671 3
    endloop
  endfacet
  facet normal 1 -0 0
    outer loop
      vertex 79.8 49.9671 3
      vertex 79.8 64.5 2.4
      vertex 79.8 64.5 3
    endloop
  endfacet
  facet normal 1 0 0
    outer loop
      vertex 79.8 45.0329 3
      vertex 79.8 49.9671 3
      vertex 79.8 45.0329 3.4
    endloop
  endfacet
  facet normal 1 -0 0
    outer loop
      vertex 79.8 45.0329 3
      vertex 79.8 64.5 2.4
      vertex 79.8 49.9671 3
    endloop
  endfacet
  facet normal 1 0 0
    outer loop
      vertex 79.8 12.8 2.4
      vertex 79.8 45.0329 3
      vertex 79.8 22.0671 3
    endloop
  endfacet
  facet normal 1 0 0
    outer loop
      vertex 79.8 17.1329 3
      vertex 79.8 22.0671 3
      vertex 79.8 17.1329 3.4
    endloop
  endfacet
  facet normal 1 0 0
    outer loop
      vertex 79.8 12.8 2.4
      vertex 79.8 22.0671 3
      vertex 79.8 17.1329 3
    endloop
  endfacet
  facet normal 1 0 0
    outer loop
      vertex 79.8 12.8 2.4
      vertex 79.8 17.1329 3
      vertex 79.8 12.8 3
    endloop
  endfacet
  facet normal 1 0 0
    outer loop
      vertex 79.8 45.0329 3
      vertex 79.8 12.8 2.4
      vertex 79.8 64.5 2.4
    endloop
  endfacet
  facet normal -1 0 0
    outer loop
      vertex 12.8 12.8 2.4
      vertex 12.8 64.5 3
      vertex 12.8 64.5 2.4
    endloop
  endfacet
  facet normal -1 -0 0
    outer loop
      vertex 12.8 64.5 3
      vertex 12.8 12.8 2.4
      vertex 12.8 12.8 3
    endloop
  endfacet
  facet normal 0 1 -0
    outer loop
      vertex 79.8 64.5 2.4
      vertex 29.685 64.5 3
      vertex 79.8 64.5 3
    endloop
  endfacet
  facet normal 0 1 0
    outer loop
      vertex 12.8 64.5 2.4
      vertex 29.685 64.5 3
      vertex 79.8 64.5 2.4
    endloop
  endfacet
  facet normal 0 1 0
    outer loop
      vertex 29.685 64.5 3
      vertex 12.8 64.5 2.4
      vertex 24.915 64.5 3
    endloop
  endfacet
  facet normal 0 1 0
    outer loop
      vertex 24.915 64.5 3
      vertex 12.8 64.5 2.4
      vertex 12.8 64.5 3
    endloop
  endfacet
  facet normal 0 1 -0
    outer loop
      vertex 29.685 64.5 3
      vertex 24.915 64.5 3.4
      vertex 29.685 64.5 3.4
    endloop
  endfacet
  facet normal 0 1 0
    outer loop
      vertex 24.915 64.5 3.4
      vertex 29.685 64.5 3
      vertex 24.915 64.5 3
    endloop
  endfacet
  facet normal 0 -1 0
    outer loop
      vertex 12.8 12.8 2.4
      vertex 23.5329 12.8 3
      vertex 12.8 12.8 3
    endloop
  endfacet
  facet normal 0 -1 -0
    outer loop
      vertex 23.5329 12.8 3
      vertex 12.8 12.8 2.4
      vertex 28.4671 12.8 3
    endloop
  endfacet
  facet normal 0 -1 0
    outer loop
      vertex 79.8 12.8 2.4
      vertex 28.4671 12.8 3
      vertex 12.8 12.8 2.4
    endloop
  endfacet
  facet normal 0 -1 0
    outer loop
      vertex 28.4671 12.8 3
      vertex 79.8 12.8 2.4
      vertex 79.8 12.8 3
    endloop
  endfacet
  facet normal 0 -1 0
    outer loop
      vertex 23.5329 12.8 3
      vertex 28.4671 12.8 3.4
      vertex 23.5329 12.8 3.4
    endloop
  endfacet
  facet normal 0 -1 -0
    outer loop
      vertex 28.4671 12.8 3.4
      vertex 23.5329 12.8 3
      vertex 28.4671 12.8 3
    endloop
  endfacet
  facet normal 0.881921 -0.471398 0
    outer loop
      vertex 4.92127 7.86104 1
      vertex 5.12919 8.25003 0
      vertex 5.12919 8.25003 1
    endloop
  endfacet
  facet normal 0.881921 -0.471398 0
    outer loop
      vertex 5.12919 8.25003 0
      vertex 4.92127 7.86104 1
      vertex 4.92127 7.86104 0
    endloop
  endfacet
  facet normal -0.0980108 0.995185 0
    outer loop
      vertex 7.43895 4.79323 0
      vertex 7 4.75 1
      vertex 7.43895 4.79323 1
    endloop
  endfacet
  facet normal -0.0980108 0.995185 0
    outer loop
      vertex 7 4.75 1
      vertex 7.43895 4.79323 0
      vertex 7 4.75 0
    endloop
  endfacet
  facet normal -0.95694 -0.290286 0
    outer loop
      vertex 9.20677 7.43895 0
      vertex 9.07873 7.86104 1
      vertex 9.07873 7.86104 0
    endloop
  endfacet
  facet normal -0.95694 -0.290286 0
    outer loop
      vertex 9.07873 7.86104 1
      vertex 9.20677 7.43895 0
      vertex 9.20677 7.43895 1
    endloop
  endfacet
  facet normal -0.995185 -0.0980108 0
    outer loop
      vertex 9.25 7 0
      vertex 9.20677 7.43895 1
      vertex 9.20677 7.43895 0
    endloop
  endfacet
  facet normal -0.995185 -0.0980108 0
    outer loop
      vertex 9.20677 7.43895 1
      vertex 9.25 7 0
      vertex 9.25 7 1
    endloop
  endfacet
  facet normal -0.290286 0.95694 0
    outer loop
      vertex 7.86104 4.92127 0
      vertex 7.43895 4.79323 1
      vertex 7.86104 4.92127 1
    endloop
  endfacet
  facet normal -0.290286 0.95694 0
    outer loop
      vertex 7.43895 4.79323 1
      vertex 7.86104 4.92127 0
      vertex 7.43895 4.79323 0
    endloop
  endfacet
  facet normal 0.95694 0.290286 0
    outer loop
      vertex 4.92127 6.13896 1
      vertex 4.79323 6.56105 0
      vertex 4.79323 6.56105 1
    endloop
  endfacet
  facet normal 0.95694 0.290286 0
    outer loop
      vertex 4.79323 6.56105 0
      vertex 4.92127 6.13896 1
      vertex 4.92127 6.13896 0
    endloop
  endfacet
  facet normal -0.773009 0.634395 0
    outer loop
      vertex 8.59099 5.40901 0
      vertex 8.87081 5.74997 1
      vertex 8.87081 5.74997 0
    endloop
  endfacet
  facet normal -0.773009 0.634395 0
    outer loop
      vertex 8.87081 5.74997 1
      vertex 8.59099 5.40901 0
      vertex 8.59099 5.40901 1
    endloop
  endfacet
  facet normal -0.881921 -0.471398 0
    outer loop
      vertex 9.07873 7.86104 0
      vertex 8.87081 8.25003 1
      vertex 8.87081 8.25003 0
    endloop
  endfacet
  facet normal -0.881921 -0.471398 0
    outer loop
      vertex 8.87081 8.25003 1
      vertex 9.07873 7.86104 0
      vertex 9.07873 7.86104 1
    endloop
  endfacet
  facet normal -0.634395 -0.773009 0
    outer loop
      vertex 8.25003 8.87081 0
      vertex 8.59099 8.59099 1
      vertex 8.25003 8.87081 1
    endloop
  endfacet
  facet normal -0.634395 -0.773009 -0
    outer loop
      vertex 8.59099 8.59099 1
      vertex 8.25003 8.87081 0
      vertex 8.59099 8.59099 0
    endloop
  endfacet
  facet normal -0.290286 -0.95694 0
    outer loop
      vertex 7.43895 9.20677 0
      vertex 7.86104 9.07873 1
      vertex 7.43895 9.20677 1
    endloop
  endfacet
  facet normal -0.290286 -0.95694 -0
    outer loop
      vertex 7.86104 9.07873 1
      vertex 7.43895 9.20677 0
      vertex 7.86104 9.07873 0
    endloop
  endfacet
  facet normal 0.881921 0.471398 0
    outer loop
      vertex 5.12919 5.74997 1
      vertex 4.92127 6.13896 0
      vertex 4.92127 6.13896 1
    endloop
  endfacet
  facet normal 0.881921 0.471398 0
    outer loop
      vertex 4.92127 6.13896 0
      vertex 5.12919 5.74997 1
      vertex 5.12919 5.74997 0
    endloop
  endfacet
  facet normal -0.773009 -0.634395 0
    outer loop
      vertex 8.87081 8.25003 0
      vertex 8.59099 8.59099 1
      vertex 8.59099 8.59099 0
    endloop
  endfacet
  facet normal -0.773009 -0.634395 0
    outer loop
      vertex 8.59099 8.59099 1
      vertex 8.87081 8.25003 0
      vertex 8.87081 8.25003 1
    endloop
  endfacet
  facet normal -0.0980108 -0.995185 0
    outer loop
      vertex 7 9.25 0
      vertex 7.43895 9.20677 1
      vertex 7 9.25 1
    endloop
  endfacet
  facet normal -0.0980108 -0.995185 -0
    outer loop
      vertex 7.43895 9.20677 1
      vertex 7 9.25 0
      vertex 7.43895 9.20677 0
    endloop
  endfacet
  facet normal 0.290286 -0.95694 0
    outer loop
      vertex 6.13896 9.07873 0
      vertex 6.56105 9.20677 1
      vertex 6.13896 9.07873 1
    endloop
  endfacet
  facet normal 0.290286 -0.95694 0
    outer loop
      vertex 6.56105 9.20677 1
      vertex 6.13896 9.07873 0
      vertex 6.56105 9.20677 0
    endloop
  endfacet
  facet normal 0.634395 0.773009 -0
    outer loop
      vertex 5.74997 5.12919 0
      vertex 5.40901 5.40901 1
      vertex 5.74997 5.12919 1
    endloop
  endfacet
  facet normal 0.634395 0.773009 0
    outer loop
      vertex 5.40901 5.40901 1
      vertex 5.74997 5.12919 0
      vertex 5.40901 5.40901 0
    endloop
  endfacet
  facet normal -0.471398 -0.881921 0
    outer loop
      vertex 7.86104 9.07873 0
      vertex 8.25003 8.87081 1
      vertex 7.86104 9.07873 1
    endloop
  endfacet
  facet normal -0.471398 -0.881921 -0
    outer loop
      vertex 8.25003 8.87081 1
      vertex 7.86104 9.07873 0
      vertex 8.25003 8.87081 0
    endloop
  endfacet
  facet normal 0.995185 -0.0980108 0
    outer loop
      vertex 4.75 7 1
      vertex 4.79323 7.43895 0
      vertex 4.79323 7.43895 1
    endloop
  endfacet
  facet normal 0.995185 -0.0980108 0
    outer loop
      vertex 4.79323 7.43895 0
      vertex 4.75 7 1
      vertex 4.75 7 0
    endloop
  endfacet
  facet normal -0.881921 0.471398 0
    outer loop
      vertex 8.87081 5.74997 0
      vertex 9.07873 6.13896 1
      vertex 9.07873 6.13896 0
    endloop
  endfacet
  facet normal -0.881921 0.471398 0
    outer loop
      vertex 9.07873 6.13896 1
      vertex 8.87081 5.74997 0
      vertex 8.87081 5.74997 1
    endloop
  endfacet
  facet normal -0.471398 0.881921 0
    outer loop
      vertex 8.25003 5.12919 0
      vertex 7.86104 4.92127 1
      vertex 8.25003 5.12919 1
    endloop
  endfacet
  facet normal -0.471398 0.881921 0
    outer loop
      vertex 7.86104 4.92127 1
      vertex 8.25003 5.12919 0
      vertex 7.86104 4.92127 0
    endloop
  endfacet
  facet normal 0.634395 -0.773009 0
    outer loop
      vertex 5.40901 8.59099 0
      vertex 5.74997 8.87081 1
      vertex 5.40901 8.59099 1
    endloop
  endfacet
  facet normal 0.634395 -0.773009 0
    outer loop
      vertex 5.74997 8.87081 1
      vertex 5.40901 8.59099 0
      vertex 5.74997 8.87081 0
    endloop
  endfacet
  facet normal 0.471398 -0.881921 0
    outer loop
      vertex 5.74997 8.87081 0
      vertex 6.13896 9.07873 1
      vertex 5.74997 8.87081 1
    endloop
  endfacet
  facet normal 0.471398 -0.881921 0
    outer loop
      vertex 6.13896 9.07873 1
      vertex 5.74997 8.87081 0
      vertex 6.13896 9.07873 0
    endloop
  endfacet
  facet normal 0.471398 0.881921 -0
    outer loop
      vertex 6.13896 4.92127 0
      vertex 5.74997 5.12919 1
      vertex 6.13896 4.92127 1
    endloop
  endfacet
  facet normal 0.471398 0.881921 0
    outer loop
      vertex 5.74997 5.12919 1
      vertex 6.13896 4.92127 0
      vertex 5.74997 5.12919 0
    endloop
  endfacet
  facet normal 0.95694 -0.290286 0
    outer loop
      vertex 4.79323 7.43895 1
      vertex 4.92127 7.86104 0
      vertex 4.92127 7.86104 1
    endloop
  endfacet
  facet normal 0.95694 -0.290286 0
    outer loop
      vertex 4.92127 7.86104 0
      vertex 4.79323 7.43895 1
      vertex 4.79323 7.43895 0
    endloop
  endfacet
  facet normal -0.95694 0.290286 0
    outer loop
      vertex 9.07873 6.13896 0
      vertex 9.20677 6.56105 1
      vertex 9.20677 6.56105 0
    endloop
  endfacet
  facet normal -0.95694 0.290286 0
    outer loop
      vertex 9.20677 6.56105 1
      vertex 9.07873 6.13896 0
      vertex 9.07873 6.13896 1
    endloop
  endfacet
  facet normal 0.0980108 -0.995185 0
    outer loop
      vertex 6.56105 9.20677 0
      vertex 7 9.25 1
      vertex 6.56105 9.20677 1
    endloop
  endfacet
  facet normal 0.0980108 -0.995185 0
    outer loop
      vertex 7 9.25 1
      vertex 6.56105 9.20677 0
      vertex 7 9.25 0
    endloop
  endfacet
  facet normal 0.773009 -0.634395 0
    outer loop
      vertex 5.12919 8.25003 1
      vertex 5.40901 8.59099 0
      vertex 5.40901 8.59099 1
    endloop
  endfacet
  facet normal 0.773009 -0.634395 0
    outer loop
      vertex 5.40901 8.59099 0
      vertex 5.12919 8.25003 1
      vertex 5.12919 8.25003 0
    endloop
  endfacet
  facet normal -0.995185 0.0980108 0
    outer loop
      vertex 9.20677 6.56105 0
      vertex 9.25 7 1
      vertex 9.25 7 0
    endloop
  endfacet
  facet normal -0.995185 0.0980108 0
    outer loop
      vertex 9.25 7 1
      vertex 9.20677 6.56105 0
      vertex 9.20677 6.56105 1
    endloop
  endfacet
  facet normal 0.773009 0.634395 0
    outer loop
      vertex 5.40901 5.40901 1
      vertex 5.12919 5.74997 0
      vertex 5.12919 5.74997 1
    endloop
  endfacet
  facet normal 0.773009 0.634395 0
    outer loop
      vertex 5.12919 5.74997 0
      vertex 5.40901 5.40901 1
      vertex 5.40901 5.40901 0
    endloop
  endfacet
  facet normal -0.634395 0.773009 0
    outer loop
      vertex 8.59099 5.40901 0
      vertex 8.25003 5.12919 1
      vertex 8.59099 5.40901 1
    endloop
  endfacet
  facet normal -0.634395 0.773009 0
    outer loop
      vertex 8.25003 5.12919 1
      vertex 8.59099 5.40901 0
      vertex 8.25003 5.12919 0
    endloop
  endfacet
  facet normal 0.995185 0.0980108 0
    outer loop
      vertex 4.79323 6.56105 1
      vertex 4.75 7 0
      vertex 4.75 7 1
    endloop
  endfacet
  facet normal 0.995185 0.0980108 0
    outer loop
      vertex 4.75 7 0
      vertex 4.79323 6.56105 1
      vertex 4.79323 6.56105 0
    endloop
  endfacet
  facet normal 0.0980108 0.995185 -0
    outer loop
      vertex 7 4.75 0
      vertex 6.56105 4.79323 1
      vertex 7 4.75 1
    endloop
  endfacet
  facet normal 0.0980108 0.995185 0
    outer loop
      vertex 6.56105 4.79323 1
      vertex 7 4.75 0
      vertex 6.56105 4.79323 0
    endloop
  endfacet
  facet normal 0.290286 0.95694 -0
    outer loop
      vertex 6.56105 4.79323 0
      vertex 6.13896 4.92127 1
      vertex 6.56105 4.79323 1
    endloop
  endfacet
  facet normal 0.290286 0.95694 0
    outer loop
      vertex 6.13896 4.92127 1
      vertex 6.56105 4.79323 0
      vertex 6.13896 4.92127 0
    endloop
  endfacet
  facet normal 0.707148 0.0696435 0.703627
    outer loop
      vertex 2.84121 6.17499 3
      vertex 4.79323 6.56105 1
      vertex 4.75 7 1
    endloop
  endfacet
  facet normal 0.707369 0.068141 0.703552
    outer loop
      vertex 4.79323 6.56105 1
      vertex 2.84121 6.17499 3
      vertex 2.84142 6.17281 3
    endloop
  endfacet
  facet normal 0.679972 -0.206268 0.703628
    outer loop
      vertex 2.84206 7.82929 3
      vertex 4.79323 7.43895 1
      vertex 4.92127 7.86104 1
    endloop
  endfacet
  facet normal 0.679747 -0.207161 0.703583
    outer loop
      vertex 4.79323 7.43895 1
      vertex 2.84206 7.82929 3
      vertex 2.84142 7.82719 3
    endloop
  endfacet
  facet normal 0.679972 0.206268 0.703628
    outer loop
      vertex 4.79323 6.56105 1
      vertex 2.84206 6.17071 3
      vertex 4.92127 6.13896 1
    endloop
  endfacet
  facet normal 0.679747 0.207161 0.703583
    outer loop
      vertex 2.84206 6.17071 3
      vertex 4.79323 6.56105 1
      vertex 2.84142 6.17281 3
    endloop
  endfacet
  facet normal 0.33496 0.626665 0.703629
    outer loop
      vertex 5.74997 5.12919 1
      vertex 4.64629 3.47349 3
      vertex 6.13896 4.92127 1
    endloop
  endfacet
  facet normal 0.335705 0.626219 0.703671
    outer loop
      vertex 4.64629 3.47349 3
      vertex 5.74997 5.12919 1
      vertex 4.64435 3.47453 3
    endloop
  endfacet
  facet normal -0.707136 -0.0696842 0.703636
    outer loop
      vertex 11.2401 7 3
      vertex 11.1588 7.82501 3
      vertex 9.25 7 1
    endloop
  endfacet
  facet normal -0.707832 -0.0649387 0.70339
    outer loop
      vertex 9.20677 7.43895 1
      vertex 11.1588 7.82501 3
      vertex 11.1586 7.82719 3
    endloop
  endfacet
  facet normal -0.707147 -0.0696433 0.703629
    outer loop
      vertex 11.1588 7.82501 3
      vertex 9.20677 7.43895 1
      vertex 9.25 7 1
    endloop
  endfacet
  facet normal -0.334962 0.626663 0.703629
    outer loop
      vertex 8.6226 3.0827 3
      vertex 9.35371 3.47349 3
      vertex 7.86104 4.92127 1
    endloop
  endfacet
  facet normal -0.54927 0.450786 0.703629
    outer loop
      vertex 9.99817 4.00183 3
      vertex 10.5241 4.64266 3
      vertex 8.59099 5.40901 1
    endloop
  endfacet
  facet normal -0.0696509 0.707146 0.703628
    outer loop
      vertex 7.82501 2.84121 3
      vertex 7 4.75 1
      vertex 7 2.75995 3
    endloop
  endfacet
  facet normal 0.453402 -0.547321 0.703468
    outer loop
      vertex 4.64266 10.5241 3
      vertex 5.74997 8.87081 1
      vertex 4.64435 10.5255 3
    endloop
  endfacet
  facet normal 0.45078 -0.549274 0.703631
    outer loop
      vertex 5.74997 8.87081 1
      vertex 4.64266 10.5241 3
      vertex 5.40901 8.59099 1
    endloop
  endfacet
  facet normal 0.334962 0.626663 0.703629
    outer loop
      vertex 5.3774 3.0827 3
      vertex 6.13896 4.92127 1
      vertex 4.64629 3.47349 3
    endloop
  endfacet
  facet normal 0.450781 0.549276 0.703628
    outer loop
      vertex 4.64266 3.47592 3
      vertex 5.74997 5.12919 1
      vertex 5.40901 5.40901 1
    endloop
  endfacet
  facet normal 0.451396 0.548819 0.703591
    outer loop
      vertex 5.74997 5.12919 1
      vertex 4.64266 3.47592 3
      vertex 4.64435 3.47453 3
    endloop
  endfacet
  facet normal -0.547321 0.453402 0.703468
    outer loop
      vertex 8.87081 5.74997 1
      vertex 10.5241 4.64266 3
      vertex 10.5255 4.64435 3
    endloop
  endfacet
  facet normal -0.549274 0.45078 0.703631
    outer loop
      vertex 10.5241 4.64266 3
      vertex 8.87081 5.74997 1
      vertex 8.59099 5.40901 1
    endloop
  endfacet
  facet normal 0.0696842 -0.707136 0.703636
    outer loop
      vertex 7 9.25 1
      vertex 7 11.2401 3
      vertex 6.17499 11.1588 3
    endloop
  endfacet
  facet normal -0.62666 0.334968 0.703629
    outer loop
      vertex 10.5265 4.64629 3
      vertex 10.9173 5.3774 3
      vertex 9.07873 6.13896 1
    endloop
  endfacet
  facet normal -0.22504 -0.67512 0.702545
    outer loop
      vertex 7.43895 9.20677 1
      vertex 7.82929 11.1579 3
      vertex 7.82719 11.1586 3
    endloop
  endfacet
  facet normal -0.20627 -0.679978 0.703621
    outer loop
      vertex 7.82929 11.1579 3
      vertex 7.43895 9.20677 1
      vertex 7.86104 9.07873 1
    endloop
  endfacet
  facet normal 0.20623 -0.679984 0.703627
    outer loop
      vertex 6.13896 9.07873 1
      vertex 6.17071 11.1579 3
      vertex 5.3774 10.9173 3
    endloop
  endfacet
  facet normal 0.450786 -0.54927 0.703629
    outer loop
      vertex 5.40901 8.59099 1
      vertex 4.64266 10.5241 3
      vertex 4.00183 9.99817 3
    endloop
  endfacet
  facet normal 0.334968 -0.62666 0.703629
    outer loop
      vertex 6.13896 9.07873 1
      vertex 5.3774 10.9173 3
      vertex 4.64629 10.5265 3
    endloop
  endfacet
  facet normal -0.206268 0.679972 0.703628
    outer loop
      vertex 7.43895 4.79323 1
      vertex 7.82929 2.84206 3
      vertex 7.86104 4.92127 1
    endloop
  endfacet
  facet normal -0.207161 0.679747 0.703583
    outer loop
      vertex 7.82929 2.84206 3
      vertex 7.43895 4.79323 1
      vertex 7.82719 2.84142 3
    endloop
  endfacet
  facet normal -0.679984 0.20623 0.703627
    outer loop
      vertex 10.9173 5.3774 3
      vertex 11.1579 6.17071 3
      vertex 9.07873 6.13896 1
    endloop
  endfacet
  facet normal -0.707136 0.0696842 0.703636
    outer loop
      vertex 11.1588 6.17499 3
      vertex 11.2401 7 3
      vertex 9.25 7 1
    endloop
  endfacet
  facet normal 0.206261 0.679973 0.703629
    outer loop
      vertex 6.17071 2.84206 3
      vertex 6.13896 4.92127 1
      vertex 5.3774 3.0827 3
    endloop
  endfacet
  facet normal 0.626663 -0.334962 0.703629
    outer loop
      vertex 4.92127 7.86104 1
      vertex 3.47349 9.35371 3
      vertex 3.0827 8.6226 3
    endloop
  endfacet
  facet normal -0.20623 -0.679984 0.703627
    outer loop
      vertex 7.86104 9.07873 1
      vertex 8.6226 10.9173 3
      vertex 7.82929 11.1579 3
    endloop
  endfacet
  facet normal -0.707147 0.0696433 0.703629
    outer loop
      vertex 9.20677 6.56105 1
      vertex 11.1588 6.17499 3
      vertex 9.25 7 1
    endloop
  endfacet
  facet normal -0.707832 0.0649387 0.70339
    outer loop
      vertex 11.1588 6.17499 3
      vertex 9.20677 6.56105 1
      vertex 11.1586 6.17281 3
    endloop
  endfacet
  facet normal -0.068141 0.707369 0.703552
    outer loop
      vertex 7.43895 4.79323 1
      vertex 7.82501 2.84121 3
      vertex 7.82719 2.84142 3
    endloop
  endfacet
  facet normal -0.0696435 0.707148 0.703627
    outer loop
      vertex 7.82501 2.84121 3
      vertex 7.43895 4.79323 1
      vertex 7 4.75 1
    endloop
  endfacet
  facet normal -0.67512 0.22504 0.702545
    outer loop
      vertex 9.20677 6.56105 1
      vertex 11.1579 6.17071 3
      vertex 11.1586 6.17281 3
    endloop
  endfacet
  facet normal -0.679978 0.20627 0.703621
    outer loop
      vertex 11.1579 6.17071 3
      vertex 9.20677 6.56105 1
      vertex 9.07873 6.13896 1
    endloop
  endfacet
  facet normal 0.0649387 -0.707832 0.70339
    outer loop
      vertex 6.56105 9.20677 1
      vertex 6.17499 11.1588 3
      vertex 6.17281 11.1586 3
    endloop
  endfacet
  facet normal 0.0696433 -0.707147 0.703629
    outer loop
      vertex 6.17499 11.1588 3
      vertex 6.56105 9.20677 1
      vertex 7 9.25 1
    endloop
  endfacet
  facet normal 0.549276 0.450781 0.703628
    outer loop
      vertex 5.12919 5.74997 1
      vertex 3.47592 4.64266 3
      vertex 5.40901 5.40901 1
    endloop
  endfacet
  facet normal 0.548819 0.451396 0.703591
    outer loop
      vertex 3.47592 4.64266 3
      vertex 5.12919 5.74997 1
      vertex 3.47453 4.64435 3
    endloop
  endfacet
  facet normal 0.207161 0.679747 0.703583
    outer loop
      vertex 6.56105 4.79323 1
      vertex 6.17071 2.84206 3
      vertex 6.17281 2.84142 3
    endloop
  endfacet
  facet normal 0.206268 0.679972 0.703628
    outer loop
      vertex 6.17071 2.84206 3
      vertex 6.56105 4.79323 1
      vertex 6.13896 4.92127 1
    endloop
  endfacet
  facet normal 0.0696509 0.707146 0.703628
    outer loop
      vertex 7 2.75995 3
      vertex 7 4.75 1
      vertex 6.17499 2.84121 3
    endloop
  endfacet
  facet normal -0.54927 -0.450786 0.703629
    outer loop
      vertex 10.5241 9.35734 3
      vertex 9.99817 9.99817 3
      vertex 8.59099 8.59099 1
    endloop
  endfacet
  facet normal 0.707146 0.0696509 0.703628
    outer loop
      vertex 2.84121 6.17499 3
      vertex 4.75 7 1
      vertex 2.75995 7 3
    endloop
  endfacet
  facet normal 0.334961 -0.626666 0.703627
    outer loop
      vertex 4.64629 10.5265 3
      vertex 5.74997 8.87081 1
      vertex 6.13896 9.07873 1
    endloop
  endfacet
  facet normal 0.325818 -0.632088 0.70307
    outer loop
      vertex 5.74997 8.87081 1
      vertex 4.64629 10.5265 3
      vertex 4.64435 10.5255 3
    endloop
  endfacet
  facet normal -0.626666 0.334961 0.703627
    outer loop
      vertex 8.87081 5.74997 1
      vertex 10.5265 4.64629 3
      vertex 9.07873 6.13896 1
    endloop
  endfacet
  facet normal -0.632088 0.325818 0.70307
    outer loop
      vertex 10.5265 4.64629 3
      vertex 8.87081 5.74997 1
      vertex 10.5255 4.64435 3
    endloop
  endfacet
  facet normal -0.450777 0.549279 0.703629
    outer loop
      vertex 9.35734 3.47592 3
      vertex 9.99817 4.00183 3
      vertex 8.59099 5.40901 1
    endloop
  endfacet
  facet normal 0.549279 0.450777 0.703629
    outer loop
      vertex 4.00183 4.00183 3
      vertex 5.40901 5.40901 1
      vertex 3.47592 4.64266 3
    endloop
  endfacet
  facet normal -0.206261 0.679973 0.703629
    outer loop
      vertex 8.6226 3.0827 3
      vertex 7.86104 4.92127 1
      vertex 7.82929 2.84206 3
    endloop
  endfacet
  facet normal -0.335705 0.626219 0.703671
    outer loop
      vertex 8.25003 5.12919 1
      vertex 9.35371 3.47349 3
      vertex 9.35565 3.47453 3
    endloop
  endfacet
  facet normal -0.33496 0.626665 0.703629
    outer loop
      vertex 9.35371 3.47349 3
      vertex 8.25003 5.12919 1
      vertex 7.86104 4.92127 1
    endloop
  endfacet
  facet normal -0.632088 -0.325818 0.70307
    outer loop
      vertex 8.87081 8.25003 1
      vertex 10.5265 9.35371 3
      vertex 10.5255 9.35565 3
    endloop
  endfacet
  facet normal -0.626666 -0.334961 0.703627
    outer loop
      vertex 10.5265 9.35371 3
      vertex 8.87081 8.25003 1
      vertex 9.07873 7.86104 1
    endloop
  endfacet
  facet normal -0.450781 0.549276 0.703628
    outer loop
      vertex 8.25003 5.12919 1
      vertex 9.35734 3.47592 3
      vertex 8.59099 5.40901 1
    endloop
  endfacet
  facet normal -0.451396 0.548819 0.703591
    outer loop
      vertex 9.35734 3.47592 3
      vertex 8.25003 5.12919 1
      vertex 9.35565 3.47453 3
    endloop
  endfacet
  facet normal -0.547321 -0.453402 0.703468
    outer loop
      vertex 10.5241 9.35734 3
      vertex 8.87081 8.25003 1
      vertex 10.5255 9.35565 3
    endloop
  endfacet
  facet normal -0.549274 -0.45078 0.703631
    outer loop
      vertex 8.87081 8.25003 1
      vertex 10.5241 9.35734 3
      vertex 8.59099 8.59099 1
    endloop
  endfacet
  facet normal 0.626219 -0.335705 0.703671
    outer loop
      vertex 3.47349 9.35371 3
      vertex 5.12919 8.25003 1
      vertex 3.47453 9.35565 3
    endloop
  endfacet
  facet normal 0.626665 -0.33496 0.703629
    outer loop
      vertex 5.12919 8.25003 1
      vertex 3.47349 9.35371 3
      vertex 4.92127 7.86104 1
    endloop
  endfacet
  facet normal 0.549276 -0.450781 0.703628
    outer loop
      vertex 3.47592 9.35734 3
      vertex 5.12919 8.25003 1
      vertex 5.40901 8.59099 1
    endloop
  endfacet
  facet normal 0.548819 -0.451396 0.703591
    outer loop
      vertex 5.12919 8.25003 1
      vertex 3.47592 9.35734 3
      vertex 3.47453 9.35565 3
    endloop
  endfacet
  facet normal -0.0696842 -0.707136 0.703636
    outer loop
      vertex 7.82501 11.1588 3
      vertex 7 11.2401 3
      vertex 7 9.25 1
    endloop
  endfacet
  facet normal -0.453402 -0.547321 0.703468
    outer loop
      vertex 8.25003 8.87081 1
      vertex 9.35734 10.5241 3
      vertex 9.35565 10.5255 3
    endloop
  endfacet
  facet normal -0.45078 -0.549274 0.703631
    outer loop
      vertex 9.35734 10.5241 3
      vertex 8.25003 8.87081 1
      vertex 8.59099 8.59099 1
    endloop
  endfacet
  facet normal 0.549279 -0.450777 0.703629
    outer loop
      vertex 5.40901 8.59099 1
      vertex 4.00183 9.99817 3
      vertex 3.47592 9.35734 3
    endloop
  endfacet
  facet normal -0.450786 -0.54927 0.703629
    outer loop
      vertex 9.99817 9.99817 3
      vertex 9.35734 10.5241 3
      vertex 8.59099 8.59099 1
    endloop
  endfacet
  facet normal -0.62666 -0.334968 0.703629
    outer loop
      vertex 10.9173 8.6226 3
      vertex 10.5265 9.35371 3
      vertex 9.07873 7.86104 1
    endloop
  endfacet
  facet normal 0.450777 0.549279 0.703629
    outer loop
      vertex 4.64266 3.47592 3
      vertex 5.40901 5.40901 1
      vertex 4.00183 4.00183 3
    endloop
  endfacet
  facet normal 0.0696435 0.707148 0.703627
    outer loop
      vertex 6.56105 4.79323 1
      vertex 6.17499 2.84121 3
      vertex 7 4.75 1
    endloop
  endfacet
  facet normal 0.068141 0.707369 0.703552
    outer loop
      vertex 6.17499 2.84121 3
      vertex 6.56105 4.79323 1
      vertex 6.17281 2.84142 3
    endloop
  endfacet
  facet normal 0.626663 0.334962 0.703629
    outer loop
      vertex 3.47349 4.64629 3
      vertex 4.92127 6.13896 1
      vertex 3.0827 5.3774 3
    endloop
  endfacet
  facet normal 0.626665 0.33496 0.703629
    outer loop
      vertex 3.47349 4.64629 3
      vertex 5.12919 5.74997 1
      vertex 4.92127 6.13896 1
    endloop
  endfacet
  facet normal 0.626219 0.335705 0.703671
    outer loop
      vertex 5.12919 5.74997 1
      vertex 3.47349 4.64629 3
      vertex 3.47453 4.64435 3
    endloop
  endfacet
  facet normal 0.679973 0.206261 0.703629
    outer loop
      vertex 3.0827 5.3774 3
      vertex 4.92127 6.13896 1
      vertex 2.84206 6.17071 3
    endloop
  endfacet
  facet normal -0.334968 -0.62666 0.703629
    outer loop
      vertex 9.35371 10.5265 3
      vertex 8.6226 10.9173 3
      vertex 7.86104 9.07873 1
    endloop
  endfacet
  facet normal 0.679973 -0.206261 0.703629
    outer loop
      vertex 4.92127 7.86104 1
      vertex 3.0827 8.6226 3
      vertex 2.84206 7.82929 3
    endloop
  endfacet
  facet normal -0.325818 -0.632088 0.70307
    outer loop
      vertex 9.35371 10.5265 3
      vertex 8.25003 8.87081 1
      vertex 9.35565 10.5255 3
    endloop
  endfacet
  facet normal -0.334961 -0.626666 0.703627
    outer loop
      vertex 8.25003 8.87081 1
      vertex 9.35371 10.5265 3
      vertex 7.86104 9.07873 1
    endloop
  endfacet
  facet normal 0.707146 -0.0696509 0.703628
    outer loop
      vertex 4.75 7 1
      vertex 2.84121 7.82501 3
      vertex 2.75995 7 3
    endloop
  endfacet
  facet normal 0.22504 -0.67512 0.702545
    outer loop
      vertex 6.17071 11.1579 3
      vertex 6.56105 9.20677 1
      vertex 6.17281 11.1586 3
    endloop
  endfacet
  facet normal 0.20627 -0.679978 0.703621
    outer loop
      vertex 6.56105 9.20677 1
      vertex 6.17071 11.1579 3
      vertex 6.13896 9.07873 1
    endloop
  endfacet
  facet normal 0.707369 -0.068141 0.703552
    outer loop
      vertex 2.84121 7.82501 3
      vertex 4.79323 7.43895 1
      vertex 2.84142 7.82719 3
    endloop
  endfacet
  facet normal 0.707148 -0.0696435 0.703627
    outer loop
      vertex 4.79323 7.43895 1
      vertex 2.84121 7.82501 3
      vertex 4.75 7 1
    endloop
  endfacet
  facet normal -0.0696433 -0.707147 0.703629
    outer loop
      vertex 7.43895 9.20677 1
      vertex 7.82501 11.1588 3
      vertex 7 9.25 1
    endloop
  endfacet
  facet normal -0.0649387 -0.707832 0.70339
    outer loop
      vertex 7.82501 11.1588 3
      vertex 7.43895 9.20677 1
      vertex 7.82719 11.1586 3
    endloop
  endfacet
  facet normal -0.679984 -0.20623 0.703627
    outer loop
      vertex 11.1579 7.82929 3
      vertex 10.9173 8.6226 3
      vertex 9.07873 7.86104 1
    endloop
  endfacet
  facet normal -0.67512 -0.22504 0.702545
    outer loop
      vertex 11.1579 7.82929 3
      vertex 9.20677 7.43895 1
      vertex 11.1586 7.82719 3
    endloop
  endfacet
  facet normal -0.679978 -0.20627 0.703621
    outer loop
      vertex 9.20677 7.43895 1
      vertex 11.1579 7.82929 3
      vertex 9.07873 7.86104 1
    endloop
  endfacet
  facet normal 0.881926 -0.471388 0
    outer loop
      vertex 4.92127 123.861 1
      vertex 5.12919 124.25 0
      vertex 5.12919 124.25 1
    endloop
  endfacet
  facet normal 0.881926 -0.471388 0
    outer loop
      vertex 5.12919 124.25 0
      vertex 4.92127 123.861 1
      vertex 4.92127 123.861 0
    endloop
  endfacet
  facet normal -0.0974944 0.995236 0
    outer loop
      vertex 7.43895 120.793 0
      vertex 7 120.75 1
      vertex 7.43895 120.793 1
    endloop
  endfacet
  facet normal -0.0974944 0.995236 0
    outer loop
      vertex 7 120.75 1
      vertex 7.43895 120.793 0
      vertex 7 120.75 0
    endloop
  endfacet
  facet normal -0.956923 -0.290342 0
    outer loop
      vertex 9.20677 123.439 0
      vertex 9.07873 123.861 1
      vertex 9.07873 123.861 0
    endloop
  endfacet
  facet normal -0.956923 -0.290342 0
    outer loop
      vertex 9.07873 123.861 1
      vertex 9.20677 123.439 0
      vertex 9.20677 123.439 1
    endloop
  endfacet
  facet normal -0.995186 -0.0979998 0
    outer loop
      vertex 9.25 123 0
      vertex 9.20677 123.439 1
      vertex 9.20677 123.439 0
    endloop
  endfacet
  facet normal -0.995186 -0.0979998 0
    outer loop
      vertex 9.20677 123.439 1
      vertex 9.25 123 0
      vertex 9.25 123 1
    endloop
  endfacet
  facet normal -0.290202 0.956965 0
    outer loop
      vertex 7.86104 120.921 0
      vertex 7.43895 120.793 1
      vertex 7.86104 120.921 1
    endloop
  endfacet
  facet normal -0.290202 0.956965 0
    outer loop
      vertex 7.43895 120.793 1
      vertex 7.86104 120.921 0
      vertex 7.43895 120.793 0
    endloop
  endfacet
  facet normal 0.956923 0.290342 0
    outer loop
      vertex 4.92127 122.139 1
      vertex 4.79323 122.561 0
      vertex 4.79323 122.561 1
    endloop
  endfacet
  facet normal 0.956923 0.290342 0
    outer loop
      vertex 4.79323 122.561 0
      vertex 4.92127 122.139 1
      vertex 4.92127 122.139 0
    endloop
  endfacet
  facet normal -0.773045 0.634351 0
    outer loop
      vertex 8.59099 121.409 0
      vertex 8.87081 121.75 1
      vertex 8.87081 121.75 0
    endloop
  endfacet
  facet normal -0.773045 0.634351 0
    outer loop
      vertex 8.87081 121.75 1
      vertex 8.59099 121.409 0
      vertex 8.59099 121.409 1
    endloop
  endfacet
  facet normal -0.634639 -0.772809 0
    outer loop
      vertex 8.25003 124.871 0
      vertex 8.59099 124.591 1
      vertex 8.25003 124.871 1
    endloop
  endfacet
  facet normal -0.634639 -0.772809 -0
    outer loop
      vertex 8.59099 124.591 1
      vertex 8.25003 124.871 0
      vertex 8.59099 124.591 0
    endloop
  endfacet
  facet normal -0.290202 -0.956965 0
    outer loop
      vertex 7.43895 125.207 0
      vertex 7.86104 125.079 1
      vertex 7.43895 125.207 1
    endloop
  endfacet
  facet normal -0.290202 -0.956965 -0
    outer loop
      vertex 7.86104 125.079 1
      vertex 7.43895 125.207 0
      vertex 7.86104 125.079 0
    endloop
  endfacet
  facet normal 0.881926 0.471388 0
    outer loop
      vertex 5.12919 121.75 1
      vertex 4.92127 122.139 0
      vertex 4.92127 122.139 1
    endloop
  endfacet
  facet normal 0.881926 0.471388 0
    outer loop
      vertex 4.92127 122.139 0
      vertex 5.12919 121.75 1
      vertex 5.12919 121.75 0
    endloop
  endfacet
  facet normal -0.773045 -0.634351 0
    outer loop
      vertex 8.87081 124.25 0
      vertex 8.59099 124.591 1
      vertex 8.59099 124.591 0
    endloop
  endfacet
  facet normal -0.773045 -0.634351 0
    outer loop
      vertex 8.59099 124.591 1
      vertex 8.87081 124.25 0
      vertex 8.87081 124.25 1
    endloop
  endfacet
  facet normal -0.0974944 -0.995236 0
    outer loop
      vertex 7 125.25 0
      vertex 7.43895 125.207 1
      vertex 7 125.25 1
    endloop
  endfacet
  facet normal -0.0974944 -0.995236 -0
    outer loop
      vertex 7.43895 125.207 1
      vertex 7 125.25 0
      vertex 7.43895 125.207 0
    endloop
  endfacet
  facet normal 0.290202 -0.956965 0
    outer loop
      vertex 6.13896 125.079 0
      vertex 6.56105 125.207 1
      vertex 6.13896 125.079 1
    endloop
  endfacet
  facet normal 0.290202 -0.956965 0
    outer loop
      vertex 6.56105 125.207 1
      vertex 6.13896 125.079 0
      vertex 6.56105 125.207 0
    endloop
  endfacet
  facet normal 0.634639 0.772809 -0
    outer loop
      vertex 5.74997 121.129 0
      vertex 5.40901 121.409 1
      vertex 5.74997 121.129 1
    endloop
  endfacet
  facet normal 0.634639 0.772809 0
    outer loop
      vertex 5.40901 121.409 1
      vertex 5.74997 121.129 0
      vertex 5.40901 121.409 0
    endloop
  endfacet
  facet normal -0.471539 -0.881845 0
    outer loop
      vertex 7.86104 125.079 0
      vertex 8.25003 124.871 1
      vertex 7.86104 125.079 1
    endloop
  endfacet
  facet normal -0.471539 -0.881845 -0
    outer loop
      vertex 8.25003 124.871 1
      vertex 7.86104 125.079 0
      vertex 8.25003 124.871 0
    endloop
  endfacet
  facet normal 0.995186 -0.0979998 0
    outer loop
      vertex 4.75 123 1
      vertex 4.79323 123.439 0
      vertex 4.79323 123.439 1
    endloop
  endfacet
  facet normal 0.995186 -0.0979998 0
    outer loop
      vertex 4.79323 123.439 0
      vertex 4.75 123 1
      vertex 4.75 123 0
    endloop
  endfacet
  facet normal -0.881926 0.471388 0
    outer loop
      vertex 8.87081 121.75 0
      vertex 9.07873 122.139 1
      vertex 9.07873 122.139 0
    endloop
  endfacet
  facet normal -0.881926 0.471388 0
    outer loop
      vertex 9.07873 122.139 1
      vertex 8.87081 121.75 0
      vertex 8.87081 121.75 1
    endloop
  endfacet
  facet normal -0.471539 0.881845 0
    outer loop
      vertex 8.25003 121.129 0
      vertex 7.86104 120.921 1
      vertex 8.25003 121.129 1
    endloop
  endfacet
  facet normal -0.471539 0.881845 0
    outer loop
      vertex 7.86104 120.921 1
      vertex 8.25003 121.129 0
      vertex 7.86104 120.921 0
    endloop
  endfacet
  facet normal 0.634639 -0.772809 0
    outer loop
      vertex 5.40901 124.591 0
      vertex 5.74997 124.871 1
      vertex 5.40901 124.591 1
    endloop
  endfacet
  facet normal 0.634639 -0.772809 0
    outer loop
      vertex 5.74997 124.871 1
      vertex 5.40901 124.591 0
      vertex 5.74997 124.871 0
    endloop
  endfacet
  facet normal 0.471539 -0.881845 0
    outer loop
      vertex 5.74997 124.871 0
      vertex 6.13896 125.079 1
      vertex 5.74997 124.871 1
    endloop
  endfacet
  facet normal 0.471539 -0.881845 0
    outer loop
      vertex 6.13896 125.079 1
      vertex 5.74997 124.871 0
      vertex 6.13896 125.079 0
    endloop
  endfacet
  facet normal 0.471539 0.881845 -0
    outer loop
      vertex 6.13896 120.921 0
      vertex 5.74997 121.129 1
      vertex 6.13896 120.921 1
    endloop
  endfacet
  facet normal 0.471539 0.881845 0
    outer loop
      vertex 5.74997 121.129 1
      vertex 6.13896 120.921 0
      vertex 5.74997 121.129 0
    endloop
  endfacet
  facet normal 0.956923 -0.290342 0
    outer loop
      vertex 4.79323 123.439 1
      vertex 4.92127 123.861 0
      vertex 4.92127 123.861 1
    endloop
  endfacet
  facet normal 0.956923 -0.290342 0
    outer loop
      vertex 4.92127 123.861 0
      vertex 4.79323 123.439 1
      vertex 4.79323 123.439 0
    endloop
  endfacet
  facet normal -0.956923 0.290342 0
    outer loop
      vertex 9.07873 122.139 0
      vertex 9.20677 122.561 1
      vertex 9.20677 122.561 0
    endloop
  endfacet
  facet normal -0.956923 0.290342 0
    outer loop
      vertex 9.20677 122.561 1
      vertex 9.07873 122.139 0
      vertex 9.07873 122.139 1
    endloop
  endfacet
  facet normal -0.881926 -0.471388 0
    outer loop
      vertex 9.07873 123.861 0
      vertex 8.87081 124.25 1
      vertex 8.87081 124.25 0
    endloop
  endfacet
  facet normal -0.881926 -0.471388 0
    outer loop
      vertex 8.87081 124.25 1
      vertex 9.07873 123.861 0
      vertex 9.07873 123.861 1
    endloop
  endfacet
  facet normal 0.0974944 -0.995236 0
    outer loop
      vertex 6.56105 125.207 0
      vertex 7 125.25 1
      vertex 6.56105 125.207 1
    endloop
  endfacet
  facet normal 0.0974944 -0.995236 0
    outer loop
      vertex 7 125.25 1
      vertex 6.56105 125.207 0
      vertex 7 125.25 0
    endloop
  endfacet
  facet normal 0.773045 -0.634351 0
    outer loop
      vertex 5.12919 124.25 1
      vertex 5.40901 124.591 0
      vertex 5.40901 124.591 1
    endloop
  endfacet
  facet normal 0.773045 -0.634351 0
    outer loop
      vertex 5.40901 124.591 0
      vertex 5.12919 124.25 1
      vertex 5.12919 124.25 0
    endloop
  endfacet
  facet normal -0.995186 0.0979998 0
    outer loop
      vertex 9.20677 122.561 0
      vertex 9.25 123 1
      vertex 9.25 123 0
    endloop
  endfacet
  facet normal -0.995186 0.0979998 0
    outer loop
      vertex 9.25 123 1
      vertex 9.20677 122.561 0
      vertex 9.20677 122.561 1
    endloop
  endfacet
  facet normal 0.773045 0.634351 0
    outer loop
      vertex 5.40901 121.409 1
      vertex 5.12919 121.75 0
      vertex 5.12919 121.75 1
    endloop
  endfacet
  facet normal 0.773045 0.634351 0
    outer loop
      vertex 5.12919 121.75 0
      vertex 5.40901 121.409 1
      vertex 5.40901 121.409 0
    endloop
  endfacet
  facet normal -0.634639 0.772809 0
    outer loop
      vertex 8.59099 121.409 0
      vertex 8.25003 121.129 1
      vertex 8.59099 121.409 1
    endloop
  endfacet
  facet normal -0.634639 0.772809 0
    outer loop
      vertex 8.25003 121.129 1
      vertex 8.59099 121.409 0
      vertex 8.25003 121.129 0
    endloop
  endfacet
  facet normal 0.995186 0.0979998 0
    outer loop
      vertex 4.79323 122.561 1
      vertex 4.75 123 0
      vertex 4.75 123 1
    endloop
  endfacet
  facet normal 0.995186 0.0979998 0
    outer loop
      vertex 4.75 123 0
      vertex 4.79323 122.561 1
      vertex 4.79323 122.561 0
    endloop
  endfacet
  facet normal 0.0974944 0.995236 -0
    outer loop
      vertex 7 120.75 0
      vertex 6.56105 120.793 1
      vertex 7 120.75 1
    endloop
  endfacet
  facet normal 0.0974944 0.995236 0
    outer loop
      vertex 6.56105 120.793 1
      vertex 7 120.75 0
      vertex 6.56105 120.793 0
    endloop
  endfacet
  facet normal 0.290202 0.956965 -0
    outer loop
      vertex 6.56105 120.793 0
      vertex 6.13896 120.921 1
      vertex 6.56105 120.793 1
    endloop
  endfacet
  facet normal 0.290202 0.956965 0
    outer loop
      vertex 6.13896 120.921 1
      vertex 6.56105 120.793 0
      vertex 6.13896 120.921 0
    endloop
  endfacet
  facet normal 0.70715 0.0696358 0.703626
    outer loop
      vertex 2.84121 122.175 3
      vertex 4.79323 122.561 1
      vertex 4.75 123 1
    endloop
  endfacet
  facet normal 0.706473 0.0741797 0.703842
    outer loop
      vertex 4.79323 122.561 1
      vertex 2.84121 122.175 3
      vertex 2.84142 122.173 3
    endloop
  endfacet
  facet normal 0.679978 -0.206314 0.703608
    outer loop
      vertex 2.84206 123.829 3
      vertex 4.79323 123.439 1
      vertex 4.92127 123.861 1
    endloop
  endfacet
  facet normal 0.677315 -0.216741 0.703042
    outer loop
      vertex 4.79323 123.439 1
      vertex 2.84206 123.829 3
      vertex 2.84142 123.827 3
    endloop
  endfacet
  facet normal 0.679978 0.206314 0.703608
    outer loop
      vertex 4.79323 122.561 1
      vertex 2.84206 122.171 3
      vertex 4.92127 122.139 1
    endloop
  endfacet
  facet normal 0.677315 0.216741 0.703042
    outer loop
      vertex 2.84206 122.171 3
      vertex 4.79323 122.561 1
      vertex 2.84142 122.173 3
    endloop
  endfacet
  facet normal 0.335036 0.626565 0.703682
    outer loop
      vertex 5.74997 121.129 1
      vertex 4.64629 119.473 3
      vertex 6.13896 120.921 1
    endloop
  endfacet
  facet normal 0.514554 0.499117 0.69722
    outer loop
      vertex 4.64629 119.473 3
      vertex 5.74997 121.129 1
      vertex 4.64435 119.475 3
    endloop
  endfacet
  facet normal -0.707136 -0.069685 0.703636
    outer loop
      vertex 11.2401 123 3
      vertex 11.1588 123.825 3
      vertex 9.25 123 1
    endloop
  endfacet
  facet normal -0.706992 -0.0706992 0.703679
    outer loop
      vertex 9.20677 123.439 1
      vertex 11.1588 123.825 3
      vertex 11.1586 123.827 3
    endloop
  endfacet
  facet normal -0.707149 -0.0696356 0.703627
    outer loop
      vertex 11.1588 123.825 3
      vertex 9.20677 123.439 1
      vertex 9.25 123 1
    endloop
  endfacet
  facet normal -0.334463 0.626998 0.703568
    outer loop
      vertex 8.6226 119.083 3
      vertex 9.35371 119.473 3
      vertex 7.86104 120.921 1
    endloop
  endfacet
  facet normal -0.549348 0.450731 0.703604
    outer loop
      vertex 9.99817 120.002 3
      vertex 10.5241 120.643 3
      vertex 8.59099 121.409 1
    endloop
  endfacet
  facet normal -0.06943 0.707166 0.70363
    outer loop
      vertex 7.82501 118.841 3
      vertex 7 120.75 1
      vertex 7 118.76 3
    endloop
  endfacet
  facet normal 0.361307 -0.610609 0.704708
    outer loop
      vertex 4.64266 126.524 3
      vertex 5.74997 124.871 1
      vertex 4.64435 126.525 3
    endloop
  endfacet
  facet normal 0.450985 -0.549171 0.70358
    outer loop
      vertex 5.74997 124.871 1
      vertex 4.64266 126.524 3
      vertex 5.40901 124.591 1
    endloop
  endfacet
  facet normal 0.334463 0.626998 0.703568
    outer loop
      vertex 5.3774 119.083 3
      vertex 6.13896 120.921 1
      vertex 4.64629 119.473 3
    endloop
  endfacet
  facet normal 0.450985 0.549171 0.70358
    outer loop
      vertex 4.64266 119.476 3
      vertex 5.74997 121.129 1
      vertex 5.40901 121.409 1
    endloop
  endfacet
  facet normal 0.361307 0.610609 0.704708
    outer loop
      vertex 5.74997 121.129 1
      vertex 4.64266 119.476 3
      vertex 4.64435 119.475 3
    endloop
  endfacet
  facet normal -0.425438 0.595613 0.681358
    outer loop
      vertex 8.87081 121.75 1
      vertex 10.5241 120.643 3
      vertex 10.5255 120.644 3
    endloop
  endfacet
  facet normal -0.549325 0.450769 0.703597
    outer loop
      vertex 10.5241 120.643 3
      vertex 8.87081 121.75 1
      vertex 8.59099 121.409 1
    endloop
  endfacet
  facet normal 0.06943 -0.707166 0.70363
    outer loop
      vertex 7 125.25 1
      vertex 7 127.24 3
      vertex 6.17499 127.159 3
    endloop
  endfacet
  facet normal -0.626609 0.334991 0.703664
    outer loop
      vertex 10.5265 120.646 3
      vertex 10.9173 121.377 3
      vertex 9.07873 122.139 1
    endloop
  endfacet
  facet normal -0.309429 -0.649801 0.694272
    outer loop
      vertex 7.43895 125.207 1
      vertex 7.82929 127.158 3
      vertex 7.82719 127.159 3
    endloop
  endfacet
  facet normal -0.206216 -0.680015 0.703601
    outer loop
      vertex 7.82929 127.158 3
      vertex 7.43895 125.207 1
      vertex 7.86104 125.079 1
    endloop
  endfacet
  facet normal 0.206567 -0.679966 0.703545
    outer loop
      vertex 6.13896 125.079 1
      vertex 6.17071 127.158 3
      vertex 5.3774 126.917 3
    endloop
  endfacet
  facet normal 0.450836 -0.549258 0.703607
    outer loop
      vertex 5.40901 124.591 1
      vertex 4.64266 126.524 3
      vertex 4.00183 125.998 3
    endloop
  endfacet
  facet normal 0.334463 -0.626998 0.703568
    outer loop
      vertex 6.13896 125.079 1
      vertex 5.3774 126.917 3
      vertex 4.64629 126.527 3
    endloop
  endfacet
  facet normal -0.206216 0.680015 0.703601
    outer loop
      vertex 7.43895 120.793 1
      vertex 7.82929 118.842 3
      vertex 7.86104 120.921 1
    endloop
  endfacet
  facet normal -0.309429 0.649801 0.694272
    outer loop
      vertex 7.82929 118.842 3
      vertex 7.43895 120.793 1
      vertex 7.82719 118.841 3
    endloop
  endfacet
  facet normal -0.68002 0.206061 0.703642
    outer loop
      vertex 10.9173 121.377 3
      vertex 11.1579 122.171 3
      vertex 9.07873 122.139 1
    endloop
  endfacet
  facet normal -0.707136 0.069685 0.703636
    outer loop
      vertex 11.1588 122.175 3
      vertex 11.2401 123 3
      vertex 9.25 123 1
    endloop
  endfacet
  facet normal 0.206567 0.679966 0.703545
    outer loop
      vertex 6.17071 118.842 3
      vertex 6.13896 120.921 1
      vertex 5.3774 119.083 3
    endloop
  endfacet
  facet normal 0.626612 -0.334984 0.703664
    outer loop
      vertex 4.92127 123.861 1
      vertex 3.47349 125.354 3
      vertex 3.0827 124.623 3
    endloop
  endfacet
  facet normal -0.206567 -0.679966 0.703545
    outer loop
      vertex 7.86104 125.079 1
      vertex 8.6226 126.917 3
      vertex 7.82929 127.158 3
    endloop
  endfacet
  facet normal -0.707149 0.0696356 0.703627
    outer loop
      vertex 9.20677 122.561 1
      vertex 11.1588 122.175 3
      vertex 9.25 123 1
    endloop
  endfacet
  facet normal -0.706992 0.0706992 0.703679
    outer loop
      vertex 11.1588 122.175 3
      vertex 9.20677 122.561 1
      vertex 11.1586 122.173 3
    endloop
  endfacet
  facet normal 0 0.715642 0.698467
    outer loop
      vertex 7.43895 120.793 1
      vertex 7.82501 118.841 3
      vertex 7.82719 118.841 3
    endloop
  endfacet
  facet normal -0.0692786 0.707206 0.703606
    outer loop
      vertex 7.82501 118.841 3
      vertex 7.43895 120.793 1
      vertex 7 120.75 1
    endloop
  endfacet
  facet normal -0.672361 0.235326 0.701821
    outer loop
      vertex 9.20677 122.561 1
      vertex 11.1579 122.171 3
      vertex 11.1586 122.173 3
    endloop
  endfacet
  facet normal -0.679985 0.206316 0.703601
    outer loop
      vertex 11.1579 122.171 3
      vertex 9.20677 122.561 1
      vertex 9.07873 122.139 1
    endloop
  endfacet
  facet normal 0 -0.715642 0.698467
    outer loop
      vertex 6.56105 125.207 1
      vertex 6.17499 127.159 3
      vertex 6.17281 127.159 3
    endloop
  endfacet
  facet normal 0.0692786 -0.707206 0.703606
    outer loop
      vertex 6.17499 127.159 3
      vertex 6.56105 125.207 1
      vertex 7 125.25 1
    endloop
  endfacet
  facet normal 0.549327 0.450771 0.703595
    outer loop
      vertex 5.12919 121.75 1
      vertex 3.47592 120.643 3
      vertex 5.40901 121.409 1
    endloop
  endfacet
  facet normal 0.427205 0.593816 0.68182
    outer loop
      vertex 3.47592 120.643 3
      vertex 5.12919 121.75 1
      vertex 3.47453 120.644 3
    endloop
  endfacet
  facet normal 0.309429 0.649801 0.694272
    outer loop
      vertex 6.56105 120.793 1
      vertex 6.17071 118.842 3
      vertex 6.17281 118.841 3
    endloop
  endfacet
  facet normal 0.206216 0.680015 0.703601
    outer loop
      vertex 6.17071 118.842 3
      vertex 6.56105 120.793 1
      vertex 6.13896 120.921 1
    endloop
  endfacet
  facet normal 0.06943 0.707166 0.70363
    outer loop
      vertex 7 118.76 3
      vertex 7 120.75 1
      vertex 6.17499 118.841 3
    endloop
  endfacet
  facet normal -0.549348 -0.450731 0.703604
    outer loop
      vertex 10.5241 125.357 3
      vertex 9.99817 125.998 3
      vertex 8.59099 124.591 1
    endloop
  endfacet
  facet normal 0.707146 0.0696518 0.703628
    outer loop
      vertex 2.84121 122.175 3
      vertex 4.75 123 1
      vertex 2.75995 123 3
    endloop
  endfacet
  facet normal 0.335036 -0.626565 0.703682
    outer loop
      vertex 4.64629 126.527 3
      vertex 5.74997 124.871 1
      vertex 6.13896 125.079 1
    endloop
  endfacet
  facet normal 0.514554 -0.499117 0.69722
    outer loop
      vertex 5.74997 124.871 1
      vertex 4.64629 126.527 3
      vertex 4.64435 126.525 3
    endloop
  endfacet
  facet normal -0.626646 0.334942 0.703654
    outer loop
      vertex 8.87081 121.75 1
      vertex 10.5265 120.646 3
      vertex 9.07873 122.139 1
    endloop
  endfacet
  facet normal -0.636481 0.318241 0.702577
    outer loop
      vertex 10.5265 120.646 3
      vertex 8.87081 121.75 1
      vertex 10.5255 120.644 3
    endloop
  endfacet
  facet normal -0.450836 0.549258 0.703607
    outer loop
      vertex 9.35734 119.476 3
      vertex 9.99817 120.002 3
      vertex 8.59099 121.409 1
    endloop
  endfacet
  facet normal 0.549356 0.450721 0.703604
    outer loop
      vertex 4.00183 120.002 3
      vertex 5.40901 121.409 1
      vertex 3.47592 120.643 3
    endloop
  endfacet
  facet normal -0.206567 0.679966 0.703545
    outer loop
      vertex 8.6226 119.083 3
      vertex 7.86104 120.921 1
      vertex 7.82929 118.842 3
    endloop
  endfacet
  facet normal -0.514554 0.499117 0.69722
    outer loop
      vertex 8.25003 121.129 1
      vertex 9.35371 119.473 3
      vertex 9.35565 119.475 3
    endloop
  endfacet
  facet normal -0.335036 0.626565 0.703682
    outer loop
      vertex 9.35371 119.473 3
      vertex 8.25003 121.129 1
      vertex 7.86104 120.921 1
    endloop
  endfacet
  facet normal -0.636481 -0.318241 0.702577
    outer loop
      vertex 8.87081 124.25 1
      vertex 10.5265 125.354 3
      vertex 10.5255 125.356 3
    endloop
  endfacet
  facet normal -0.626646 -0.334942 0.703654
    outer loop
      vertex 10.5265 125.354 3
      vertex 8.87081 124.25 1
      vertex 9.07873 123.861 1
    endloop
  endfacet
  facet normal -0.450985 0.549171 0.70358
    outer loop
      vertex 8.25003 121.129 1
      vertex 9.35734 119.476 3
      vertex 8.59099 121.409 1
    endloop
  endfacet
  facet normal -0.361307 0.610609 0.704708
    outer loop
      vertex 9.35734 119.476 3
      vertex 8.25003 121.129 1
      vertex 9.35565 119.475 3
    endloop
  endfacet
  facet normal -0.425438 -0.595613 0.681358
    outer loop
      vertex 10.5241 125.357 3
      vertex 8.87081 124.25 1
      vertex 10.5255 125.356 3
    endloop
  endfacet
  facet normal -0.549325 -0.450769 0.703597
    outer loop
      vertex 8.87081 124.25 1
      vertex 10.5241 125.357 3
      vertex 8.59099 124.591 1
    endloop
  endfacet
  facet normal 0.63077 -0.328 0.703239
    outer loop
      vertex 3.47349 125.354 3
      vertex 5.12919 124.25 1
      vertex 3.47453 125.356 3
    endloop
  endfacet
  facet normal 0.626645 -0.334941 0.703655
    outer loop
      vertex 5.12919 124.25 1
      vertex 3.47349 125.354 3
      vertex 4.92127 123.861 1
    endloop
  endfacet
  facet normal 0.549327 -0.450771 0.703595
    outer loop
      vertex 3.47592 125.357 3
      vertex 5.12919 124.25 1
      vertex 5.40901 124.591 1
    endloop
  endfacet
  facet normal 0.427205 -0.593816 0.68182
    outer loop
      vertex 5.12919 124.25 1
      vertex 3.47592 125.357 3
      vertex 3.47453 125.356 3
    endloop
  endfacet
  facet normal -0.06943 -0.707166 0.70363
    outer loop
      vertex 7.82501 127.159 3
      vertex 7 127.24 3
      vertex 7 125.25 1
    endloop
  endfacet
  facet normal -0.361307 -0.610609 0.704708
    outer loop
      vertex 8.25003 124.871 1
      vertex 9.35734 126.524 3
      vertex 9.35565 126.525 3
    endloop
  endfacet
  facet normal -0.450985 -0.549171 0.70358
    outer loop
      vertex 9.35734 126.524 3
      vertex 8.25003 124.871 1
      vertex 8.59099 124.591 1
    endloop
  endfacet
  facet normal 0.549356 -0.450721 0.703604
    outer loop
      vertex 5.40901 124.591 1
      vertex 4.00183 125.998 3
      vertex 3.47592 125.357 3
    endloop
  endfacet
  facet normal -0.450836 -0.549258 0.703607
    outer loop
      vertex 9.99817 125.998 3
      vertex 9.35734 126.524 3
      vertex 8.59099 124.591 1
    endloop
  endfacet
  facet normal -0.626609 -0.334991 0.703664
    outer loop
      vertex 10.9173 124.623 3
      vertex 10.5265 125.354 3
      vertex 9.07873 123.861 1
    endloop
  endfacet
  facet normal 0.450836 0.549258 0.703607
    outer loop
      vertex 4.64266 119.476 3
      vertex 5.40901 121.409 1
      vertex 4.00183 120.002 3
    endloop
  endfacet
  facet normal 0.0692786 0.707206 0.703606
    outer loop
      vertex 6.56105 120.793 1
      vertex 6.17499 118.841 3
      vertex 7 120.75 1
    endloop
  endfacet
  facet normal 0 0.715642 0.698467
    outer loop
      vertex 6.17499 118.841 3
      vertex 6.56105 120.793 1
      vertex 6.17281 118.841 3
    endloop
  endfacet
  facet normal 0.626612 0.334984 0.703664
    outer loop
      vertex 3.47349 120.646 3
      vertex 4.92127 122.139 1
      vertex 3.0827 121.377 3
    endloop
  endfacet
  facet normal 0.626645 0.334941 0.703655
    outer loop
      vertex 3.47349 120.646 3
      vertex 5.12919 121.75 1
      vertex 4.92127 122.139 1
    endloop
  endfacet
  facet normal 0.63077 0.328 0.703239
    outer loop
      vertex 5.12919 121.75 1
      vertex 3.47349 120.646 3
      vertex 3.47453 120.644 3
    endloop
  endfacet
  facet normal 0.680009 0.206092 0.703643
    outer loop
      vertex 3.0827 121.377 3
      vertex 4.92127 122.139 1
      vertex 2.84206 122.171 3
    endloop
  endfacet
  facet normal -0.334463 -0.626998 0.703568
    outer loop
      vertex 9.35371 126.527 3
      vertex 8.6226 126.917 3
      vertex 7.86104 125.079 1
    endloop
  endfacet
  facet normal 0.680009 -0.206092 0.703643
    outer loop
      vertex 4.92127 123.861 1
      vertex 3.0827 124.623 3
      vertex 2.84206 123.829 3
    endloop
  endfacet
  facet normal -0.514554 -0.499117 0.69722
    outer loop
      vertex 9.35371 126.527 3
      vertex 8.25003 124.871 1
      vertex 9.35565 126.525 3
    endloop
  endfacet
  facet normal -0.335036 -0.626565 0.703682
    outer loop
      vertex 8.25003 124.871 1
      vertex 9.35371 126.527 3
      vertex 7.86104 125.079 1
    endloop
  endfacet
  facet normal 0.707146 -0.0696518 0.703628
    outer loop
      vertex 4.75 123 1
      vertex 2.84121 123.825 3
      vertex 2.75995 123 3
    endloop
  endfacet
  facet normal 0.309429 -0.649801 0.694272
    outer loop
      vertex 6.17071 127.158 3
      vertex 6.56105 125.207 1
      vertex 6.17281 127.159 3
    endloop
  endfacet
  facet normal 0.206216 -0.680015 0.703601
    outer loop
      vertex 6.56105 125.207 1
      vertex 6.17071 127.158 3
      vertex 6.13896 125.079 1
    endloop
  endfacet
  facet normal 0.706473 -0.0741797 0.703842
    outer loop
      vertex 2.84121 123.825 3
      vertex 4.79323 123.439 1
      vertex 2.84142 123.827 3
    endloop
  endfacet
  facet normal 0.70715 -0.0696358 0.703626
    outer loop
      vertex 4.79323 123.439 1
      vertex 2.84121 123.825 3
      vertex 4.75 123 1
    endloop
  endfacet
  facet normal -0.0692786 -0.707206 0.703606
    outer loop
      vertex 7.43895 125.207 1
      vertex 7.82501 127.159 3
      vertex 7 125.25 1
    endloop
  endfacet
  facet normal 0 -0.715642 0.698467
    outer loop
      vertex 7.82501 127.159 3
      vertex 7.43895 125.207 1
      vertex 7.82719 127.159 3
    endloop
  endfacet
  facet normal -0.68002 -0.206061 0.703642
    outer loop
      vertex 11.1579 123.829 3
      vertex 10.9173 124.623 3
      vertex 9.07873 123.861 1
    endloop
  endfacet
  facet normal -0.672361 -0.235326 0.701821
    outer loop
      vertex 11.1579 123.829 3
      vertex 9.20677 123.439 1
      vertex 11.1586 123.827 3
    endloop
  endfacet
  facet normal -0.679985 -0.206316 0.703601
    outer loop
      vertex 9.20677 123.439 1
      vertex 11.1579 123.829 3
      vertex 9.07873 123.861 1
    endloop
  endfacet
  facet normal 0.881845 -0.471539 0
    outer loop
      vertex 190.921 7.86104 1
      vertex 191.129 8.25003 0
      vertex 191.129 8.25003 1
    endloop
  endfacet
  facet normal 0.881845 -0.471539 0
    outer loop
      vertex 191.129 8.25003 0
      vertex 190.921 7.86104 1
      vertex 190.921 7.86104 0
    endloop
  endfacet
  facet normal -0.0979998 0.995186 0
    outer loop
      vertex 193.439 4.79323 0
      vertex 193 4.75 1
      vertex 193.439 4.79323 1
    endloop
  endfacet
  facet normal -0.0979998 0.995186 0
    outer loop
      vertex 193 4.75 1
      vertex 193.439 4.79323 0
      vertex 193 4.75 0
    endloop
  endfacet
  facet normal -0.956965 -0.290202 0
    outer loop
      vertex 195.207 7.43895 0
      vertex 195.079 7.86104 1
      vertex 195.079 7.86104 0
    endloop
  endfacet
  facet normal -0.956965 -0.290202 0
    outer loop
      vertex 195.079 7.86104 1
      vertex 195.207 7.43895 0
      vertex 195.207 7.43895 1
    endloop
  endfacet
  facet normal -0.995236 -0.0974944 0
    outer loop
      vertex 195.25 7 0
      vertex 195.207 7.43895 1
      vertex 195.207 7.43895 0
    endloop
  endfacet
  facet normal -0.995236 -0.0974944 0
    outer loop
      vertex 195.207 7.43895 1
      vertex 195.25 7 0
      vertex 195.25 7 1
    endloop
  endfacet
  facet normal -0.290342 0.956923 0
    outer loop
      vertex 193.861 4.92127 0
      vertex 193.439 4.79323 1
      vertex 193.861 4.92127 1
    endloop
  endfacet
  facet normal -0.290342 0.956923 0
    outer loop
      vertex 193.439 4.79323 1
      vertex 193.861 4.92127 0
      vertex 193.439 4.79323 0
    endloop
  endfacet
  facet normal 0.956965 0.290202 0
    outer loop
      vertex 190.921 6.13896 1
      vertex 190.793 6.56105 0
      vertex 190.793 6.56105 1
    endloop
  endfacet
  facet normal 0.956965 0.290202 0
    outer loop
      vertex 190.793 6.56105 0
      vertex 190.921 6.13896 1
      vertex 190.921 6.13896 0
    endloop
  endfacet
  facet normal -0.772809 0.634639 0
    outer loop
      vertex 194.591 5.40901 0
      vertex 194.871 5.74997 1
      vertex 194.871 5.74997 0
    endloop
  endfacet
  facet normal -0.772809 0.634639 0
    outer loop
      vertex 194.871 5.74997 1
      vertex 194.591 5.40901 0
      vertex 194.591 5.40901 1
    endloop
  endfacet
  facet normal -0.881845 -0.471539 0
    outer loop
      vertex 195.079 7.86104 0
      vertex 194.871 8.25003 1
      vertex 194.871 8.25003 0
    endloop
  endfacet
  facet normal -0.881845 -0.471539 0
    outer loop
      vertex 194.871 8.25003 1
      vertex 195.079 7.86104 0
      vertex 195.079 7.86104 1
    endloop
  endfacet
  facet normal -0.634351 -0.773045 0
    outer loop
      vertex 194.25 8.87081 0
      vertex 194.591 8.59099 1
      vertex 194.25 8.87081 1
    endloop
  endfacet
  facet normal -0.634351 -0.773045 -0
    outer loop
      vertex 194.591 8.59099 1
      vertex 194.25 8.87081 0
      vertex 194.591 8.59099 0
    endloop
  endfacet
  facet normal -0.290342 -0.956923 0
    outer loop
      vertex 193.439 9.20677 0
      vertex 193.861 9.07873 1
      vertex 193.439 9.20677 1
    endloop
  endfacet
  facet normal -0.290342 -0.956923 -0
    outer loop
      vertex 193.861 9.07873 1
      vertex 193.439 9.20677 0
      vertex 193.861 9.07873 0
    endloop
  endfacet
  facet normal 0.881845 0.471539 0
    outer loop
      vertex 191.129 5.74997 1
      vertex 190.921 6.13896 0
      vertex 190.921 6.13896 1
    endloop
  endfacet
  facet normal 0.881845 0.471539 0
    outer loop
      vertex 190.921 6.13896 0
      vertex 191.129 5.74997 1
      vertex 191.129 5.74997 0
    endloop
  endfacet
  facet normal -0.772809 -0.634639 0
    outer loop
      vertex 194.871 8.25003 0
      vertex 194.591 8.59099 1
      vertex 194.591 8.59099 0
    endloop
  endfacet
  facet normal -0.772809 -0.634639 0
    outer loop
      vertex 194.591 8.59099 1
      vertex 194.871 8.25003 0
      vertex 194.871 8.25003 1
    endloop
  endfacet
  facet normal -0.0979998 -0.995186 0
    outer loop
      vertex 193 9.25 0
      vertex 193.439 9.20677 1
      vertex 193 9.25 1
    endloop
  endfacet
  facet normal -0.0979998 -0.995186 -0
    outer loop
      vertex 193.439 9.20677 1
      vertex 193 9.25 0
      vertex 193.439 9.20677 0
    endloop
  endfacet
  facet normal 0.290342 -0.956923 0
    outer loop
      vertex 192.139 9.07873 0
      vertex 192.561 9.20677 1
      vertex 192.139 9.07873 1
    endloop
  endfacet
  facet normal 0.290342 -0.956923 0
    outer loop
      vertex 192.561 9.20677 1
      vertex 192.139 9.07873 0
      vertex 192.561 9.20677 0
    endloop
  endfacet
  facet normal 0.634351 0.773045 -0
    outer loop
      vertex 191.75 5.12919 0
      vertex 191.409 5.40901 1
      vertex 191.75 5.12919 1
    endloop
  endfacet
  facet normal 0.634351 0.773045 0
    outer loop
      vertex 191.409 5.40901 1
      vertex 191.75 5.12919 0
      vertex 191.409 5.40901 0
    endloop
  endfacet
  facet normal -0.471388 -0.881926 0
    outer loop
      vertex 193.861 9.07873 0
      vertex 194.25 8.87081 1
      vertex 193.861 9.07873 1
    endloop
  endfacet
  facet normal -0.471388 -0.881926 -0
    outer loop
      vertex 194.25 8.87081 1
      vertex 193.861 9.07873 0
      vertex 194.25 8.87081 0
    endloop
  endfacet
  facet normal 0.995236 -0.0974944 0
    outer loop
      vertex 190.75 7 1
      vertex 190.793 7.43895 0
      vertex 190.793 7.43895 1
    endloop
  endfacet
  facet normal 0.995236 -0.0974944 0
    outer loop
      vertex 190.793 7.43895 0
      vertex 190.75 7 1
      vertex 190.75 7 0
    endloop
  endfacet
  facet normal -0.881845 0.471539 0
    outer loop
      vertex 194.871 5.74997 0
      vertex 195.079 6.13896 1
      vertex 195.079 6.13896 0
    endloop
  endfacet
  facet normal -0.881845 0.471539 0
    outer loop
      vertex 195.079 6.13896 1
      vertex 194.871 5.74997 0
      vertex 194.871 5.74997 1
    endloop
  endfacet
  facet normal -0.471388 0.881926 0
    outer loop
      vertex 194.25 5.12919 0
      vertex 193.861 4.92127 1
      vertex 194.25 5.12919 1
    endloop
  endfacet
  facet normal -0.471388 0.881926 0
    outer loop
      vertex 193.861 4.92127 1
      vertex 194.25 5.12919 0
      vertex 193.861 4.92127 0
    endloop
  endfacet
  facet normal 0.634351 -0.773045 0
    outer loop
      vertex 191.409 8.59099 0
      vertex 191.75 8.87081 1
      vertex 191.409 8.59099 1
    endloop
  endfacet
  facet normal 0.634351 -0.773045 0
    outer loop
      vertex 191.75 8.87081 1
      vertex 191.409 8.59099 0
      vertex 191.75 8.87081 0
    endloop
  endfacet
  facet normal 0.471388 -0.881926 0
    outer loop
      vertex 191.75 8.87081 0
      vertex 192.139 9.07873 1
      vertex 191.75 8.87081 1
    endloop
  endfacet
  facet normal 0.471388 -0.881926 0
    outer loop
      vertex 192.139 9.07873 1
      vertex 191.75 8.87081 0
      vertex 192.139 9.07873 0
    endloop
  endfacet
  facet normal 0.471388 0.881926 -0
    outer loop
      vertex 192.139 4.92127 0
      vertex 191.75 5.12919 1
      vertex 192.139 4.92127 1
    endloop
  endfacet
  facet normal 0.471388 0.881926 0
    outer loop
      vertex 191.75 5.12919 1
      vertex 192.139 4.92127 0
      vertex 191.75 5.12919 0
    endloop
  endfacet
  facet normal 0.956965 -0.290202 0
    outer loop
      vertex 190.793 7.43895 1
      vertex 190.921 7.86104 0
      vertex 190.921 7.86104 1
    endloop
  endfacet
  facet normal 0.956965 -0.290202 0
    outer loop
      vertex 190.921 7.86104 0
      vertex 190.793 7.43895 1
      vertex 190.793 7.43895 0
    endloop
  endfacet
  facet normal -0.956965 0.290202 0
    outer loop
      vertex 195.079 6.13896 0
      vertex 195.207 6.56105 1
      vertex 195.207 6.56105 0
    endloop
  endfacet
  facet normal -0.956965 0.290202 0
    outer loop
      vertex 195.207 6.56105 1
      vertex 195.079 6.13896 0
      vertex 195.079 6.13896 1
    endloop
  endfacet
  facet normal 0.0979998 -0.995186 0
    outer loop
      vertex 192.561 9.20677 0
      vertex 193 9.25 1
      vertex 192.561 9.20677 1
    endloop
  endfacet
  facet normal 0.0979998 -0.995186 0
    outer loop
      vertex 193 9.25 1
      vertex 192.561 9.20677 0
      vertex 193 9.25 0
    endloop
  endfacet
  facet normal 0.772809 -0.634639 0
    outer loop
      vertex 191.129 8.25003 1
      vertex 191.409 8.59099 0
      vertex 191.409 8.59099 1
    endloop
  endfacet
  facet normal 0.772809 -0.634639 0
    outer loop
      vertex 191.409 8.59099 0
      vertex 191.129 8.25003 1
      vertex 191.129 8.25003 0
    endloop
  endfacet
  facet normal -0.995236 0.0974944 0
    outer loop
      vertex 195.207 6.56105 0
      vertex 195.25 7 1
      vertex 195.25 7 0
    endloop
  endfacet
  facet normal -0.995236 0.0974944 0
    outer loop
      vertex 195.25 7 1
      vertex 195.207 6.56105 0
      vertex 195.207 6.56105 1
    endloop
  endfacet
  facet normal 0.772809 0.634639 0
    outer loop
      vertex 191.409 5.40901 1
      vertex 191.129 5.74997 0
      vertex 191.129 5.74997 1
    endloop
  endfacet
  facet normal 0.772809 0.634639 0
    outer loop
      vertex 191.129 5.74997 0
      vertex 191.409 5.40901 1
      vertex 191.409 5.40901 0
    endloop
  endfacet
  facet normal -0.634351 0.773045 0
    outer loop
      vertex 194.591 5.40901 0
      vertex 194.25 5.12919 1
      vertex 194.591 5.40901 1
    endloop
  endfacet
  facet normal -0.634351 0.773045 0
    outer loop
      vertex 194.25 5.12919 1
      vertex 194.591 5.40901 0
      vertex 194.25 5.12919 0
    endloop
  endfacet
  facet normal 0.995236 0.0974944 0
    outer loop
      vertex 190.793 6.56105 1
      vertex 190.75 7 0
      vertex 190.75 7 1
    endloop
  endfacet
  facet normal 0.995236 0.0974944 0
    outer loop
      vertex 190.75 7 0
      vertex 190.793 6.56105 1
      vertex 190.793 6.56105 0
    endloop
  endfacet
  facet normal 0.0979998 0.995186 -0
    outer loop
      vertex 193 4.75 0
      vertex 192.561 4.79323 1
      vertex 193 4.75 1
    endloop
  endfacet
  facet normal 0.0979998 0.995186 0
    outer loop
      vertex 192.561 4.79323 1
      vertex 193 4.75 0
      vertex 192.561 4.79323 0
    endloop
  endfacet
  facet normal 0.290342 0.956923 -0
    outer loop
      vertex 192.561 4.79323 0
      vertex 192.139 4.92127 1
      vertex 192.561 4.79323 1
    endloop
  endfacet
  facet normal 0.290342 0.956923 0
    outer loop
      vertex 192.139 4.92127 1
      vertex 192.561 4.79323 0
      vertex 192.139 4.92127 0
    endloop
  endfacet
  facet normal 0.707206 0.0692786 0.703606
    outer loop
      vertex 188.841 6.17499 3
      vertex 190.793 6.56105 1
      vertex 190.75 7 1
    endloop
  endfacet
  facet normal 0.715642 0 0.698467
    outer loop
      vertex 190.793 6.56105 1
      vertex 188.841 6.17499 3
      vertex 188.841 6.17281 3
    endloop
  endfacet
  facet normal 0.680015 -0.206216 0.703601
    outer loop
      vertex 188.842 7.82929 3
      vertex 190.793 7.43895 1
      vertex 190.921 7.86104 1
    endloop
  endfacet
  facet normal 0.649801 -0.309429 0.694272
    outer loop
      vertex 190.793 7.43895 1
      vertex 188.842 7.82929 3
      vertex 188.841 7.82719 3
    endloop
  endfacet
  facet normal 0.680015 0.206216 0.703601
    outer loop
      vertex 190.793 6.56105 1
      vertex 188.842 6.17071 3
      vertex 190.921 6.13896 1
    endloop
  endfacet
  facet normal 0.649801 0.309429 0.694272
    outer loop
      vertex 188.842 6.17071 3
      vertex 190.793 6.56105 1
      vertex 188.841 6.17281 3
    endloop
  endfacet
  facet normal 0.334941 0.626645 0.703655
    outer loop
      vertex 191.75 5.12919 1
      vertex 190.646 3.47349 3
      vertex 192.139 4.92127 1
    endloop
  endfacet
  facet normal 0.328 0.63077 0.703239
    outer loop
      vertex 190.646 3.47349 3
      vertex 191.75 5.12919 1
      vertex 190.644 3.47453 3
    endloop
  endfacet
  facet normal -0.707166 -0.06943 0.70363
    outer loop
      vertex 197.24 7 3
      vertex 197.159 7.82501 3
      vertex 195.25 7 1
    endloop
  endfacet
  facet normal -0.715642 0 0.698467
    outer loop
      vertex 195.207 7.43895 1
      vertex 197.159 7.82501 3
      vertex 197.159 7.82719 3
    endloop
  endfacet
  facet normal -0.707206 -0.0692786 0.703606
    outer loop
      vertex 197.159 7.82501 3
      vertex 195.207 7.43895 1
      vertex 195.25 7 1
    endloop
  endfacet
  facet normal -0.334984 0.626612 0.703664
    outer loop
      vertex 194.623 3.0827 3
      vertex 195.354 3.47349 3
      vertex 193.861 4.92127 1
    endloop
  endfacet
  facet normal -0.549258 0.450836 0.703607
    outer loop
      vertex 195.998 4.00183 3
      vertex 196.524 4.64266 3
      vertex 194.591 5.40901 1
    endloop
  endfacet
  facet normal -0.0696518 0.707146 0.703628
    outer loop
      vertex 193.825 2.84121 3
      vertex 193 4.75 1
      vertex 193 2.75995 3
    endloop
  endfacet
  facet normal 0.595613 -0.425438 0.681358
    outer loop
      vertex 190.643 10.5241 3
      vertex 191.75 8.87081 1
      vertex 190.644 10.5255 3
    endloop
  endfacet
  facet normal 0.450769 -0.549325 0.703597
    outer loop
      vertex 191.75 8.87081 1
      vertex 190.643 10.5241 3
      vertex 191.409 8.59099 1
    endloop
  endfacet
  facet normal 0.334984 0.626612 0.703664
    outer loop
      vertex 191.377 3.0827 3
      vertex 192.139 4.92127 1
      vertex 190.646 3.47349 3
    endloop
  endfacet
  facet normal 0.450771 0.549327 0.703595
    outer loop
      vertex 190.643 3.47592 3
      vertex 191.75 5.12919 1
      vertex 191.409 5.40901 1
    endloop
  endfacet
  facet normal 0.593816 0.427205 0.68182
    outer loop
      vertex 191.75 5.12919 1
      vertex 190.643 3.47592 3
      vertex 190.644 3.47453 3
    endloop
  endfacet
  facet normal -0.610609 0.361307 0.704708
    outer loop
      vertex 194.871 5.74997 1
      vertex 196.524 4.64266 3
      vertex 196.525 4.64435 3
    endloop
  endfacet
  facet normal -0.549171 0.450985 0.70358
    outer loop
      vertex 196.524 4.64266 3
      vertex 194.871 5.74997 1
      vertex 194.591 5.40901 1
    endloop
  endfacet
  facet normal 0.069685 -0.707136 0.703636
    outer loop
      vertex 193 9.25 1
      vertex 193 11.2401 3
      vertex 192.175 11.1588 3
    endloop
  endfacet
  facet normal -0.626998 0.334463 0.703568
    outer loop
      vertex 196.527 4.64629 3
      vertex 196.917 5.3774 3
      vertex 195.079 6.13896 1
    endloop
  endfacet
  facet normal -0.235326 -0.672361 0.701821
    outer loop
      vertex 193.439 9.20677 1
      vertex 193.829 11.1579 3
      vertex 193.827 11.1586 3
    endloop
  endfacet
  facet normal -0.206316 -0.679985 0.703601
    outer loop
      vertex 193.829 11.1579 3
      vertex 193.439 9.20677 1
      vertex 193.861 9.07873 1
    endloop
  endfacet
  facet normal 0.206061 -0.68002 0.703642
    outer loop
      vertex 192.139 9.07873 1
      vertex 192.171 11.1579 3
      vertex 191.377 10.9173 3
    endloop
  endfacet
  facet normal 0.450731 -0.549348 0.703604
    outer loop
      vertex 191.409 8.59099 1
      vertex 190.643 10.5241 3
      vertex 190.002 9.99817 3
    endloop
  endfacet
  facet normal 0.334991 -0.626609 0.703664
    outer loop
      vertex 192.139 9.07873 1
      vertex 191.377 10.9173 3
      vertex 190.646 10.5265 3
    endloop
  endfacet
  facet normal -0.206314 0.679978 0.703608
    outer loop
      vertex 193.439 4.79323 1
      vertex 193.829 2.84206 3
      vertex 193.861 4.92127 1
    endloop
  endfacet
  facet normal -0.216741 0.677315 0.703042
    outer loop
      vertex 193.829 2.84206 3
      vertex 193.439 4.79323 1
      vertex 193.827 2.84142 3
    endloop
  endfacet
  facet normal -0.679966 0.206567 0.703545
    outer loop
      vertex 196.917 5.3774 3
      vertex 197.158 6.17071 3
      vertex 195.079 6.13896 1
    endloop
  endfacet
  facet normal -0.707166 0.06943 0.70363
    outer loop
      vertex 197.159 6.17499 3
      vertex 197.24 7 3
      vertex 195.25 7 1
    endloop
  endfacet
  facet normal 0.206092 0.680009 0.703643
    outer loop
      vertex 192.171 2.84206 3
      vertex 192.139 4.92127 1
      vertex 191.377 3.0827 3
    endloop
  endfacet
  facet normal 0.626998 -0.334463 0.703568
    outer loop
      vertex 190.921 7.86104 1
      vertex 189.473 9.35371 3
      vertex 189.083 8.6226 3
    endloop
  endfacet
  facet normal -0.206061 -0.68002 0.703642
    outer loop
      vertex 193.861 9.07873 1
      vertex 194.623 10.9173 3
      vertex 193.829 11.1579 3
    endloop
  endfacet
  facet normal -0.707206 0.0692786 0.703606
    outer loop
      vertex 195.207 6.56105 1
      vertex 197.159 6.17499 3
      vertex 195.25 7 1
    endloop
  endfacet
  facet normal -0.715642 0 0.698467
    outer loop
      vertex 197.159 6.17499 3
      vertex 195.207 6.56105 1
      vertex 197.159 6.17281 3
    endloop
  endfacet
  facet normal -0.0741797 0.706473 0.703842
    outer loop
      vertex 193.439 4.79323 1
      vertex 193.825 2.84121 3
      vertex 193.827 2.84142 3
    endloop
  endfacet
  facet normal -0.0696358 0.70715 0.703626
    outer loop
      vertex 193.825 2.84121 3
      vertex 193.439 4.79323 1
      vertex 193 4.75 1
    endloop
  endfacet
  facet normal -0.649801 0.309429 0.694272
    outer loop
      vertex 195.207 6.56105 1
      vertex 197.158 6.17071 3
      vertex 197.159 6.17281 3
    endloop
  endfacet
  facet normal -0.680015 0.206216 0.703601
    outer loop
      vertex 197.158 6.17071 3
      vertex 195.207 6.56105 1
      vertex 195.079 6.13896 1
    endloop
  endfacet
  facet normal 0.0706992 -0.706992 0.703679
    outer loop
      vertex 192.561 9.20677 1
      vertex 192.175 11.1588 3
      vertex 192.173 11.1586 3
    endloop
  endfacet
  facet normal 0.0696356 -0.707149 0.703627
    outer loop
      vertex 192.175 11.1588 3
      vertex 192.561 9.20677 1
      vertex 193 9.25 1
    endloop
  endfacet
  facet normal 0.549171 0.450985 0.70358
    outer loop
      vertex 191.129 5.74997 1
      vertex 189.476 4.64266 3
      vertex 191.409 5.40901 1
    endloop
  endfacet
  facet normal 0.610609 0.361307 0.704708
    outer loop
      vertex 189.476 4.64266 3
      vertex 191.129 5.74997 1
      vertex 189.475 4.64435 3
    endloop
  endfacet
  facet normal 0.216741 0.677315 0.703042
    outer loop
      vertex 192.561 4.79323 1
      vertex 192.171 2.84206 3
      vertex 192.173 2.84142 3
    endloop
  endfacet
  facet normal 0.206314 0.679978 0.703608
    outer loop
      vertex 192.171 2.84206 3
      vertex 192.561 4.79323 1
      vertex 192.139 4.92127 1
    endloop
  endfacet
  facet normal 0.0696518 0.707146 0.703628
    outer loop
      vertex 193 2.75995 3
      vertex 193 4.75 1
      vertex 192.175 2.84121 3
    endloop
  endfacet
  facet normal -0.549258 -0.450836 0.703607
    outer loop
      vertex 196.524 9.35734 3
      vertex 195.998 9.99817 3
      vertex 194.591 8.59099 1
    endloop
  endfacet
  facet normal 0.707166 0.06943 0.70363
    outer loop
      vertex 188.841 6.17499 3
      vertex 190.75 7 1
      vertex 188.76 7 3
    endloop
  endfacet
  facet normal 0.334942 -0.626646 0.703654
    outer loop
      vertex 190.646 10.5265 3
      vertex 191.75 8.87081 1
      vertex 192.139 9.07873 1
    endloop
  endfacet
  facet normal 0.318241 -0.636481 0.702577
    outer loop
      vertex 191.75 8.87081 1
      vertex 190.646 10.5265 3
      vertex 190.644 10.5255 3
    endloop
  endfacet
  facet normal -0.626565 0.335036 0.703682
    outer loop
      vertex 194.871 5.74997 1
      vertex 196.527 4.64629 3
      vertex 195.079 6.13896 1
    endloop
  endfacet
  facet normal -0.499117 0.514554 0.69722
    outer loop
      vertex 196.527 4.64629 3
      vertex 194.871 5.74997 1
      vertex 196.525 4.64435 3
    endloop
  endfacet
  facet normal -0.450721 0.549356 0.703604
    outer loop
      vertex 195.357 3.47592 3
      vertex 195.998 4.00183 3
      vertex 194.591 5.40901 1
    endloop
  endfacet
  facet normal 0.549258 0.450836 0.703607
    outer loop
      vertex 190.002 4.00183 3
      vertex 191.409 5.40901 1
      vertex 189.476 4.64266 3
    endloop
  endfacet
  facet normal -0.206092 0.680009 0.703643
    outer loop
      vertex 194.623 3.0827 3
      vertex 193.861 4.92127 1
      vertex 193.829 2.84206 3
    endloop
  endfacet
  facet normal -0.328 0.63077 0.703239
    outer loop
      vertex 194.25 5.12919 1
      vertex 195.354 3.47349 3
      vertex 195.356 3.47453 3
    endloop
  endfacet
  facet normal -0.334941 0.626645 0.703655
    outer loop
      vertex 195.354 3.47349 3
      vertex 194.25 5.12919 1
      vertex 193.861 4.92127 1
    endloop
  endfacet
  facet normal -0.499117 -0.514554 0.69722
    outer loop
      vertex 194.871 8.25003 1
      vertex 196.527 9.35371 3
      vertex 196.525 9.35565 3
    endloop
  endfacet
  facet normal -0.626565 -0.335036 0.703682
    outer loop
      vertex 196.527 9.35371 3
      vertex 194.871 8.25003 1
      vertex 195.079 7.86104 1
    endloop
  endfacet
  facet normal -0.450771 0.549327 0.703595
    outer loop
      vertex 194.25 5.12919 1
      vertex 195.357 3.47592 3
      vertex 194.591 5.40901 1
    endloop
  endfacet
  facet normal -0.593816 0.427205 0.68182
    outer loop
      vertex 195.357 3.47592 3
      vertex 194.25 5.12919 1
      vertex 195.356 3.47453 3
    endloop
  endfacet
  facet normal -0.610609 -0.361307 0.704708
    outer loop
      vertex 196.524 9.35734 3
      vertex 194.871 8.25003 1
      vertex 196.525 9.35565 3
    endloop
  endfacet
  facet normal -0.549171 -0.450985 0.70358
    outer loop
      vertex 194.871 8.25003 1
      vertex 196.524 9.35734 3
      vertex 194.591 8.59099 1
    endloop
  endfacet
  facet normal 0.499117 -0.514554 0.69722
    outer loop
      vertex 189.473 9.35371 3
      vertex 191.129 8.25003 1
      vertex 189.475 9.35565 3
    endloop
  endfacet
  facet normal 0.626565 -0.335036 0.703682
    outer loop
      vertex 191.129 8.25003 1
      vertex 189.473 9.35371 3
      vertex 190.921 7.86104 1
    endloop
  endfacet
  facet normal 0.549171 -0.450985 0.70358
    outer loop
      vertex 189.476 9.35734 3
      vertex 191.129 8.25003 1
      vertex 191.409 8.59099 1
    endloop
  endfacet
  facet normal 0.610609 -0.361307 0.704708
    outer loop
      vertex 191.129 8.25003 1
      vertex 189.476 9.35734 3
      vertex 189.475 9.35565 3
    endloop
  endfacet
  facet normal -0.069685 -0.707136 0.703636
    outer loop
      vertex 193.825 11.1588 3
      vertex 193 11.2401 3
      vertex 193 9.25 1
    endloop
  endfacet
  facet normal -0.595613 -0.425438 0.681358
    outer loop
      vertex 194.25 8.87081 1
      vertex 195.357 10.5241 3
      vertex 195.356 10.5255 3
    endloop
  endfacet
  facet normal -0.450769 -0.549325 0.703597
    outer loop
      vertex 195.357 10.5241 3
      vertex 194.25 8.87081 1
      vertex 194.591 8.59099 1
    endloop
  endfacet
  facet normal 0.549258 -0.450836 0.703607
    outer loop
      vertex 191.409 8.59099 1
      vertex 190.002 9.99817 3
      vertex 189.476 9.35734 3
    endloop
  endfacet
  facet normal -0.450731 -0.549348 0.703604
    outer loop
      vertex 195.998 9.99817 3
      vertex 195.357 10.5241 3
      vertex 194.591 8.59099 1
    endloop
  endfacet
  facet normal -0.626998 -0.334463 0.703568
    outer loop
      vertex 196.917 8.6226 3
      vertex 196.527 9.35371 3
      vertex 195.079 7.86104 1
    endloop
  endfacet
  facet normal 0.450721 0.549356 0.703604
    outer loop
      vertex 190.643 3.47592 3
      vertex 191.409 5.40901 1
      vertex 190.002 4.00183 3
    endloop
  endfacet
  facet normal 0.0696358 0.70715 0.703626
    outer loop
      vertex 192.561 4.79323 1
      vertex 192.175 2.84121 3
      vertex 193 4.75 1
    endloop
  endfacet
  facet normal 0.0741797 0.706473 0.703842
    outer loop
      vertex 192.175 2.84121 3
      vertex 192.561 4.79323 1
      vertex 192.173 2.84142 3
    endloop
  endfacet
  facet normal 0.626998 0.334463 0.703568
    outer loop
      vertex 189.473 4.64629 3
      vertex 190.921 6.13896 1
      vertex 189.083 5.3774 3
    endloop
  endfacet
  facet normal 0.626565 0.335036 0.703682
    outer loop
      vertex 189.473 4.64629 3
      vertex 191.129 5.74997 1
      vertex 190.921 6.13896 1
    endloop
  endfacet
  facet normal 0.499117 0.514554 0.69722
    outer loop
      vertex 191.129 5.74997 1
      vertex 189.473 4.64629 3
      vertex 189.475 4.64435 3
    endloop
  endfacet
  facet normal 0.679966 0.206567 0.703545
    outer loop
      vertex 189.083 5.3774 3
      vertex 190.921 6.13896 1
      vertex 188.842 6.17071 3
    endloop
  endfacet
  facet normal -0.334991 -0.626609 0.703664
    outer loop
      vertex 195.354 10.5265 3
      vertex 194.623 10.9173 3
      vertex 193.861 9.07873 1
    endloop
  endfacet
  facet normal 0.679966 -0.206567 0.703545
    outer loop
      vertex 190.921 7.86104 1
      vertex 189.083 8.6226 3
      vertex 188.842 7.82929 3
    endloop
  endfacet
  facet normal -0.318241 -0.636481 0.702577
    outer loop
      vertex 195.354 10.5265 3
      vertex 194.25 8.87081 1
      vertex 195.356 10.5255 3
    endloop
  endfacet
  facet normal -0.334942 -0.626646 0.703654
    outer loop
      vertex 194.25 8.87081 1
      vertex 195.354 10.5265 3
      vertex 193.861 9.07873 1
    endloop
  endfacet
  facet normal 0.707166 -0.06943 0.70363
    outer loop
      vertex 190.75 7 1
      vertex 188.841 7.82501 3
      vertex 188.76 7 3
    endloop
  endfacet
  facet normal 0.235326 -0.672361 0.701821
    outer loop
      vertex 192.171 11.1579 3
      vertex 192.561 9.20677 1
      vertex 192.173 11.1586 3
    endloop
  endfacet
  facet normal 0.206316 -0.679985 0.703601
    outer loop
      vertex 192.561 9.20677 1
      vertex 192.171 11.1579 3
      vertex 192.139 9.07873 1
    endloop
  endfacet
  facet normal 0.715642 -0 0.698467
    outer loop
      vertex 188.841 7.82501 3
      vertex 190.793 7.43895 1
      vertex 188.841 7.82719 3
    endloop
  endfacet
  facet normal 0.707206 -0.0692786 0.703606
    outer loop
      vertex 190.793 7.43895 1
      vertex 188.841 7.82501 3
      vertex 190.75 7 1
    endloop
  endfacet
  facet normal -0.0696356 -0.707149 0.703627
    outer loop
      vertex 193.439 9.20677 1
      vertex 193.825 11.1588 3
      vertex 193 9.25 1
    endloop
  endfacet
  facet normal -0.0706992 -0.706992 0.703679
    outer loop
      vertex 193.825 11.1588 3
      vertex 193.439 9.20677 1
      vertex 193.827 11.1586 3
    endloop
  endfacet
  facet normal -0.679966 -0.206567 0.703545
    outer loop
      vertex 197.158 7.82929 3
      vertex 196.917 8.6226 3
      vertex 195.079 7.86104 1
    endloop
  endfacet
  facet normal -0.649801 -0.309429 0.694272
    outer loop
      vertex 197.158 7.82929 3
      vertex 195.207 7.43895 1
      vertex 197.159 7.82719 3
    endloop
  endfacet
  facet normal -0.680015 -0.206216 0.703601
    outer loop
      vertex 195.207 7.43895 1
      vertex 197.158 7.82929 3
      vertex 195.079 7.86104 1
    endloop
  endfacet
  facet normal 0.88185 -0.471529 0
    outer loop
      vertex 190.921 123.861 1
      vertex 191.129 124.25 0
      vertex 191.129 124.25 1
    endloop
  endfacet
  facet normal 0.88185 -0.471529 0
    outer loop
      vertex 191.129 124.25 0
      vertex 190.921 123.861 1
      vertex 190.921 123.861 0
    endloop
  endfacet
  facet normal -0.0974834 0.995237 0
    outer loop
      vertex 193.439 120.793 0
      vertex 193 120.75 1
      vertex 193.439 120.793 1
    endloop
  endfacet
  facet normal -0.0974834 0.995237 0
    outer loop
      vertex 193 120.75 1
      vertex 193.439 120.793 0
      vertex 193 120.75 0
    endloop
  endfacet
  facet normal -0.956948 -0.290259 0
    outer loop
      vertex 195.207 123.439 0
      vertex 195.079 123.861 1
      vertex 195.079 123.861 0
    endloop
  endfacet
  facet normal -0.956948 -0.290259 0
    outer loop
      vertex 195.079 123.861 1
      vertex 195.207 123.439 0
      vertex 195.207 123.439 1
    endloop
  endfacet
  facet normal -0.995237 -0.0974834 0
    outer loop
      vertex 195.25 123 0
      vertex 195.207 123.439 1
      vertex 195.207 123.439 0
    endloop
  endfacet
  facet normal -0.995237 -0.0974834 0
    outer loop
      vertex 195.207 123.439 1
      vertex 195.25 123 0
      vertex 195.25 123 1
    endloop
  endfacet
  facet normal -0.290259 0.956948 0
    outer loop
      vertex 193.861 120.921 0
      vertex 193.439 120.793 1
      vertex 193.861 120.921 1
    endloop
  endfacet
  facet normal -0.290259 0.956948 0
    outer loop
      vertex 193.439 120.793 1
      vertex 193.861 120.921 0
      vertex 193.439 120.793 0
    endloop
  endfacet
  facet normal 0.956948 0.290259 0
    outer loop
      vertex 190.921 122.139 1
      vertex 190.793 122.561 0
      vertex 190.793 122.561 1
    endloop
  endfacet
  facet normal 0.956948 0.290259 0
    outer loop
      vertex 190.793 122.561 0
      vertex 190.921 122.139 1
      vertex 190.921 122.139 0
    endloop
  endfacet
  facet normal -0.772845 0.634594 0
    outer loop
      vertex 194.591 121.409 0
      vertex 194.871 121.75 1
      vertex 194.871 121.75 0
    endloop
  endfacet
  facet normal -0.772845 0.634594 0
    outer loop
      vertex 194.871 121.75 1
      vertex 194.591 121.409 0
      vertex 194.591 121.409 1
    endloop
  endfacet
  facet normal -0.88185 -0.471529 0
    outer loop
      vertex 195.079 123.861 0
      vertex 194.871 124.25 1
      vertex 194.871 124.25 0
    endloop
  endfacet
  facet normal -0.88185 -0.471529 0
    outer loop
      vertex 194.871 124.25 1
      vertex 195.079 123.861 0
      vertex 195.079 123.861 1
    endloop
  endfacet
  facet normal -0.634594 -0.772845 0
    outer loop
      vertex 194.25 124.871 0
      vertex 194.591 124.591 1
      vertex 194.25 124.871 1
    endloop
  endfacet
  facet normal -0.634594 -0.772845 -0
    outer loop
      vertex 194.591 124.591 1
      vertex 194.25 124.871 0
      vertex 194.591 124.591 0
    endloop
  endfacet
  facet normal -0.290259 -0.956948 0
    outer loop
      vertex 193.439 125.207 0
      vertex 193.861 125.079 1
      vertex 193.439 125.207 1
    endloop
  endfacet
  facet normal -0.290259 -0.956948 -0
    outer loop
      vertex 193.861 125.079 1
      vertex 193.439 125.207 0
      vertex 193.861 125.079 0
    endloop
  endfacet
  facet normal 0.88185 0.471529 0
    outer loop
      vertex 191.129 121.75 1
      vertex 190.921 122.139 0
      vertex 190.921 122.139 1
    endloop
  endfacet
  facet normal 0.88185 0.471529 0
    outer loop
      vertex 190.921 122.139 0
      vertex 191.129 121.75 1
      vertex 191.129 121.75 0
    endloop
  endfacet
  facet normal -0.772845 -0.634594 0
    outer loop
      vertex 194.871 124.25 0
      vertex 194.591 124.591 1
      vertex 194.591 124.591 0
    endloop
  endfacet
  facet normal -0.772845 -0.634594 0
    outer loop
      vertex 194.591 124.591 1
      vertex 194.871 124.25 0
      vertex 194.871 124.25 1
    endloop
  endfacet
  facet normal -0.0974834 -0.995237 0
    outer loop
      vertex 193 125.25 0
      vertex 193.439 125.207 1
      vertex 193 125.25 1
    endloop
  endfacet
  facet normal -0.0974834 -0.995237 -0
    outer loop
      vertex 193.439 125.207 1
      vertex 193 125.25 0
      vertex 193.439 125.207 0
    endloop
  endfacet
  facet normal 0.290259 -0.956948 0
    outer loop
      vertex 192.139 125.079 0
      vertex 192.561 125.207 1
      vertex 192.139 125.079 1
    endloop
  endfacet
  facet normal 0.290259 -0.956948 0
    outer loop
      vertex 192.561 125.207 1
      vertex 192.139 125.079 0
      vertex 192.561 125.207 0
    endloop
  endfacet
  facet normal 0.634594 0.772845 -0
    outer loop
      vertex 191.75 121.129 0
      vertex 191.409 121.409 1
      vertex 191.75 121.129 1
    endloop
  endfacet
  facet normal 0.634594 0.772845 0
    outer loop
      vertex 191.409 121.409 1
      vertex 191.75 121.129 0
      vertex 191.409 121.409 0
    endloop
  endfacet
  facet normal -0.471529 -0.88185 0
    outer loop
      vertex 193.861 125.079 0
      vertex 194.25 124.871 1
      vertex 193.861 125.079 1
    endloop
  endfacet
  facet normal -0.471529 -0.88185 -0
    outer loop
      vertex 194.25 124.871 1
      vertex 193.861 125.079 0
      vertex 194.25 124.871 0
    endloop
  endfacet
  facet normal 0.995237 -0.0974834 0
    outer loop
      vertex 190.75 123 1
      vertex 190.793 123.439 0
      vertex 190.793 123.439 1
    endloop
  endfacet
  facet normal 0.995237 -0.0974834 0
    outer loop
      vertex 190.793 123.439 0
      vertex 190.75 123 1
      vertex 190.75 123 0
    endloop
  endfacet
  facet normal -0.88185 0.471529 0
    outer loop
      vertex 194.871 121.75 0
      vertex 195.079 122.139 1
      vertex 195.079 122.139 0
    endloop
  endfacet
  facet normal -0.88185 0.471529 0
    outer loop
      vertex 195.079 122.139 1
      vertex 194.871 121.75 0
      vertex 194.871 121.75 1
    endloop
  endfacet
  facet normal -0.471529 0.88185 0
    outer loop
      vertex 194.25 121.129 0
      vertex 193.861 120.921 1
      vertex 194.25 121.129 1
    endloop
  endfacet
  facet normal -0.471529 0.88185 0
    outer loop
      vertex 193.861 120.921 1
      vertex 194.25 121.129 0
      vertex 193.861 120.921 0
    endloop
  endfacet
  facet normal 0.634594 -0.772845 0
    outer loop
      vertex 191.409 124.591 0
      vertex 191.75 124.871 1
      vertex 191.409 124.591 1
    endloop
  endfacet
  facet normal 0.634594 -0.772845 0
    outer loop
      vertex 191.75 124.871 1
      vertex 191.409 124.591 0
      vertex 191.75 124.871 0
    endloop
  endfacet
  facet normal 0.471529 -0.88185 0
    outer loop
      vertex 191.75 124.871 0
      vertex 192.139 125.079 1
      vertex 191.75 124.871 1
    endloop
  endfacet
  facet normal 0.471529 -0.88185 0
    outer loop
      vertex 192.139 125.079 1
      vertex 191.75 124.871 0
      vertex 192.139 125.079 0
    endloop
  endfacet
  facet normal 0.471529 0.88185 -0
    outer loop
      vertex 192.139 120.921 0
      vertex 191.75 121.129 1
      vertex 192.139 120.921 1
    endloop
  endfacet
  facet normal 0.471529 0.88185 0
    outer loop
      vertex 191.75 121.129 1
      vertex 192.139 120.921 0
      vertex 191.75 121.129 0
    endloop
  endfacet
  facet normal 0.956948 -0.290259 0
    outer loop
      vertex 190.793 123.439 1
      vertex 190.921 123.861 0
      vertex 190.921 123.861 1
    endloop
  endfacet
  facet normal 0.956948 -0.290259 0
    outer loop
      vertex 190.921 123.861 0
      vertex 190.793 123.439 1
      vertex 190.793 123.439 0
    endloop
  endfacet
  facet normal -0.956948 0.290259 0
    outer loop
      vertex 195.079 122.139 0
      vertex 195.207 122.561 1
      vertex 195.207 122.561 0
    endloop
  endfacet
  facet normal -0.956948 0.290259 0
    outer loop
      vertex 195.207 122.561 1
      vertex 195.079 122.139 0
      vertex 195.079 122.139 1
    endloop
  endfacet
  facet normal 0.0974834 -0.995237 0
    outer loop
      vertex 192.561 125.207 0
      vertex 193 125.25 1
      vertex 192.561 125.207 1
    endloop
  endfacet
  facet normal 0.0974834 -0.995237 0
    outer loop
      vertex 193 125.25 1
      vertex 192.561 125.207 0
      vertex 193 125.25 0
    endloop
  endfacet
  facet normal 0.772845 -0.634594 0
    outer loop
      vertex 191.129 124.25 1
      vertex 191.409 124.591 0
      vertex 191.409 124.591 1
    endloop
  endfacet
  facet normal 0.772845 -0.634594 0
    outer loop
      vertex 191.409 124.591 0
      vertex 191.129 124.25 1
      vertex 191.129 124.25 0
    endloop
  endfacet
  facet normal -0.995237 0.0974834 0
    outer loop
      vertex 195.207 122.561 0
      vertex 195.25 123 1
      vertex 195.25 123 0
    endloop
  endfacet
  facet normal -0.995237 0.0974834 0
    outer loop
      vertex 195.25 123 1
      vertex 195.207 122.561 0
      vertex 195.207 122.561 1
    endloop
  endfacet
  facet normal 0.772845 0.634594 0
    outer loop
      vertex 191.409 121.409 1
      vertex 191.129 121.75 0
      vertex 191.129 121.75 1
    endloop
  endfacet
  facet normal 0.772845 0.634594 0
    outer loop
      vertex 191.129 121.75 0
      vertex 191.409 121.409 1
      vertex 191.409 121.409 0
    endloop
  endfacet
  facet normal -0.634594 0.772845 0
    outer loop
      vertex 194.591 121.409 0
      vertex 194.25 121.129 1
      vertex 194.591 121.409 1
    endloop
  endfacet
  facet normal -0.634594 0.772845 0
    outer loop
      vertex 194.25 121.129 1
      vertex 194.591 121.409 0
      vertex 194.25 121.129 0
    endloop
  endfacet
  facet normal 0.995237 0.0974834 0
    outer loop
      vertex 190.793 122.561 1
      vertex 190.75 123 0
      vertex 190.75 123 1
    endloop
  endfacet
  facet normal 0.995237 0.0974834 0
    outer loop
      vertex 190.75 123 0
      vertex 190.793 122.561 1
      vertex 190.793 122.561 0
    endloop
  endfacet
  facet normal 0.0974834 0.995237 -0
    outer loop
      vertex 193 120.75 0
      vertex 192.561 120.793 1
      vertex 193 120.75 1
    endloop
  endfacet
  facet normal 0.0974834 0.995237 0
    outer loop
      vertex 192.561 120.793 1
      vertex 193 120.75 0
      vertex 192.561 120.793 0
    endloop
  endfacet
  facet normal 0.290259 0.956948 -0
    outer loop
      vertex 192.561 120.793 0
      vertex 192.139 120.921 1
      vertex 192.561 120.793 1
    endloop
  endfacet
  facet normal 0.290259 0.956948 0
    outer loop
      vertex 192.139 120.921 1
      vertex 192.561 120.793 0
      vertex 192.139 120.921 0
    endloop
  endfacet
  facet normal 0.707208 0.0692709 0.703604
    outer loop
      vertex 188.841 122.175 3
      vertex 190.793 122.561 1
      vertex 190.75 123 1
    endloop
  endfacet
  facet normal 0.715642 0 0.698467
    outer loop
      vertex 190.793 122.561 1
      vertex 188.841 122.175 3
      vertex 188.841 122.173 3
    endloop
  endfacet
  facet normal 0.680021 -0.206262 0.703582
    outer loop
      vertex 188.842 123.829 3
      vertex 190.793 123.439 1
      vertex 190.921 123.861 1
    endloop
  endfacet
  facet normal 0.645319 -0.322659 0.692427
    outer loop
      vertex 190.793 123.439 1
      vertex 188.842 123.829 3
      vertex 188.841 123.827 3
    endloop
  endfacet
  facet normal 0.680021 0.206262 0.703582
    outer loop
      vertex 190.793 122.561 1
      vertex 188.842 122.171 3
      vertex 190.921 122.139 1
    endloop
  endfacet
  facet normal 0.645319 0.322659 0.692427
    outer loop
      vertex 188.842 122.171 3
      vertex 190.793 122.561 1
      vertex 188.841 122.173 3
    endloop
  endfacet
  facet normal 0.335016 0.626545 0.703708
    outer loop
      vertex 191.75 121.129 1
      vertex 190.646 119.473 3
      vertex 192.139 120.921 1
    endloop
  endfacet
  facet normal 0.506084 0.506084 0.698396
    outer loop
      vertex 190.646 119.473 3
      vertex 191.75 121.129 1
      vertex 190.644 119.475 3
    endloop
  endfacet
  facet normal -0.707166 -0.0694309 0.70363
    outer loop
      vertex 197.24 123 3
      vertex 197.159 123.825 3
      vertex 195.25 123 1
    endloop
  endfacet
  facet normal -0.715642 0 0.698467
    outer loop
      vertex 195.207 123.439 1
      vertex 197.159 123.825 3
      vertex 197.159 123.827 3
    endloop
  endfacet
  facet normal -0.707208 -0.0692709 0.703604
    outer loop
      vertex 197.159 123.825 3
      vertex 195.207 123.439 1
      vertex 195.25 123 1
    endloop
  endfacet
  facet normal -0.334486 0.626947 0.703603
    outer loop
      vertex 194.623 119.083 3
      vertex 195.354 119.473 3
      vertex 193.861 120.921 1
    endloop
  endfacet
  facet normal -0.549335 0.450781 0.703582
    outer loop
      vertex 195.998 120.002 3
      vertex 196.524 120.643 3
      vertex 194.591 121.409 1
    endloop
  endfacet
  facet normal -0.0694309 0.707166 0.70363
    outer loop
      vertex 193.825 118.841 3
      vertex 193 120.75 1
      vertex 193 118.76 3
    endloop
  endfacet
  facet normal 0.506084 -0.506084 0.698396
    outer loop
      vertex 190.643 126.524 3
      vertex 191.75 124.871 1
      vertex 190.644 126.525 3
    endloop
  endfacet
  facet normal 0.450974 -0.549222 0.703546
    outer loop
      vertex 191.75 124.871 1
      vertex 190.643 126.524 3
      vertex 191.409 124.591 1
    endloop
  endfacet
  facet normal 0.334486 0.626947 0.703603
    outer loop
      vertex 191.377 119.083 3
      vertex 192.139 120.921 1
      vertex 190.646 119.473 3
    endloop
  endfacet
  facet normal 0.450974 0.549222 0.703546
    outer loop
      vertex 190.643 119.476 3
      vertex 191.75 121.129 1
      vertex 191.409 121.409 1
    endloop
  endfacet
  facet normal 0.506084 0.506084 0.698396
    outer loop
      vertex 191.75 121.129 1
      vertex 190.643 119.476 3
      vertex 190.644 119.475 3
    endloop
  endfacet
  facet normal -0.506084 0.506084 0.698396
    outer loop
      vertex 194.871 121.75 1
      vertex 196.524 120.643 3
      vertex 196.525 120.644 3
    endloop
  endfacet
  facet normal -0.549222 0.450974 0.703546
    outer loop
      vertex 196.524 120.643 3
      vertex 194.871 121.75 1
      vertex 194.591 121.409 1
    endloop
  endfacet
  facet normal 0.0694309 -0.707166 0.70363
    outer loop
      vertex 193 125.25 1
      vertex 193 127.24 3
      vertex 192.175 127.159 3
    endloop
  endfacet
  facet normal -0.626947 0.334486 0.703603
    outer loop
      vertex 196.527 120.646 3
      vertex 196.917 121.377 3
      vertex 195.079 122.139 1
    endloop
  endfacet
  facet normal -0.322659 -0.645319 0.692427
    outer loop
      vertex 193.439 125.207 1
      vertex 193.829 127.158 3
      vertex 193.827 127.159 3
    endloop
  endfacet
  facet normal -0.206262 -0.680021 0.703582
    outer loop
      vertex 193.829 127.158 3
      vertex 193.439 125.207 1
      vertex 193.861 125.079 1
    endloop
  endfacet
  facet normal 0.206399 -0.680002 0.70356
    outer loop
      vertex 192.139 125.079 1
      vertex 192.171 127.158 3
      vertex 191.377 126.917 3
    endloop
  endfacet
  facet normal 0.450781 -0.549335 0.703582
    outer loop
      vertex 191.409 124.591 1
      vertex 190.643 126.524 3
      vertex 190.002 125.998 3
    endloop
  endfacet
  facet normal 0.334486 -0.626947 0.703603
    outer loop
      vertex 192.139 125.079 1
      vertex 191.377 126.917 3
      vertex 190.646 126.527 3
    endloop
  endfacet
  facet normal -0.206262 0.680021 0.703582
    outer loop
      vertex 193.439 120.793 1
      vertex 193.829 118.842 3
      vertex 193.861 120.921 1
    endloop
  endfacet
  facet normal -0.322659 0.645319 0.692427
    outer loop
      vertex 193.829 118.842 3
      vertex 193.439 120.793 1
      vertex 193.827 118.841 3
    endloop
  endfacet
  facet normal -0.680002 0.206399 0.70356
    outer loop
      vertex 196.917 121.377 3
      vertex 197.158 122.171 3
      vertex 195.079 122.139 1
    endloop
  endfacet
  facet normal -0.707166 0.0694309 0.70363
    outer loop
      vertex 197.159 122.175 3
      vertex 197.24 123 3
      vertex 195.25 123 1
    endloop
  endfacet
  facet normal 0.206399 0.680002 0.70356
    outer loop
      vertex 192.171 118.842 3
      vertex 192.139 120.921 1
      vertex 191.377 119.083 3
    endloop
  endfacet
  facet normal 0.626947 -0.334486 0.703603
    outer loop
      vertex 190.921 123.861 1
      vertex 189.473 125.354 3
      vertex 189.083 124.623 3
    endloop
  endfacet
  facet normal -0.206399 -0.680002 0.70356
    outer loop
      vertex 193.861 125.079 1
      vertex 194.623 126.917 3
      vertex 193.829 127.158 3
    endloop
  endfacet
  facet normal -0.707208 0.0692709 0.703604
    outer loop
      vertex 195.207 122.561 1
      vertex 197.159 122.175 3
      vertex 195.25 123 1
    endloop
  endfacet
  facet normal -0.715642 0 0.698467
    outer loop
      vertex 197.159 122.175 3
      vertex 195.207 122.561 1
      vertex 197.159 122.173 3
    endloop
  endfacet
  facet normal 0 0.715642 0.698467
    outer loop
      vertex 193.439 120.793 1
      vertex 193.825 118.841 3
      vertex 193.827 118.841 3
    endloop
  endfacet
  facet normal -0.0692709 0.707208 0.703604
    outer loop
      vertex 193.825 118.841 3
      vertex 193.439 120.793 1
      vertex 193 120.75 1
    endloop
  endfacet
  facet normal -0.645319 0.322659 0.692427
    outer loop
      vertex 195.207 122.561 1
      vertex 197.158 122.171 3
      vertex 197.159 122.173 3
    endloop
  endfacet
  facet normal -0.680021 0.206262 0.703582
    outer loop
      vertex 197.158 122.171 3
      vertex 195.207 122.561 1
      vertex 195.079 122.139 1
    endloop
  endfacet
  facet normal 0 -0.715642 0.698467
    outer loop
      vertex 192.561 125.207 1
      vertex 192.175 127.159 3
      vertex 192.173 127.159 3
    endloop
  endfacet
  facet normal 0.0692709 -0.707208 0.703604
    outer loop
      vertex 192.175 127.159 3
      vertex 192.561 125.207 1
      vertex 193 125.25 1
    endloop
  endfacet
  facet normal 0.549222 0.450974 0.703546
    outer loop
      vertex 191.129 121.75 1
      vertex 189.476 120.643 3
      vertex 191.409 121.409 1
    endloop
  endfacet
  facet normal 0.506084 0.506084 0.698396
    outer loop
      vertex 189.476 120.643 3
      vertex 191.129 121.75 1
      vertex 189.475 120.644 3
    endloop
  endfacet
  facet normal 0.322659 0.645319 0.692427
    outer loop
      vertex 192.561 120.793 1
      vertex 192.171 118.842 3
      vertex 192.173 118.841 3
    endloop
  endfacet
  facet normal 0.206262 0.680021 0.703582
    outer loop
      vertex 192.171 118.842 3
      vertex 192.561 120.793 1
      vertex 192.139 120.921 1
    endloop
  endfacet
  facet normal 0.0694309 0.707166 0.70363
    outer loop
      vertex 193 118.76 3
      vertex 193 120.75 1
      vertex 192.175 118.841 3
    endloop
  endfacet
  facet normal -0.549335 -0.450781 0.703582
    outer loop
      vertex 196.524 125.357 3
      vertex 195.998 125.998 3
      vertex 194.591 124.591 1
    endloop
  endfacet
  facet normal 0.707166 0.0694309 0.70363
    outer loop
      vertex 188.841 122.175 3
      vertex 190.75 123 1
      vertex 188.76 123 3
    endloop
  endfacet
  facet normal 0.335016 -0.626545 0.703708
    outer loop
      vertex 190.646 126.527 3
      vertex 191.75 124.871 1
      vertex 192.139 125.079 1
    endloop
  endfacet
  facet normal 0.506084 -0.506084 0.698396
    outer loop
      vertex 191.75 124.871 1
      vertex 190.646 126.527 3
      vertex 190.644 126.525 3
    endloop
  endfacet
  facet normal -0.626545 0.335016 0.703708
    outer loop
      vertex 194.871 121.75 1
      vertex 196.527 120.646 3
      vertex 195.079 122.139 1
    endloop
  endfacet
  facet normal -0.506084 0.506084 0.698396
    outer loop
      vertex 196.527 120.646 3
      vertex 194.871 121.75 1
      vertex 196.525 120.644 3
    endloop
  endfacet
  facet normal -0.450781 0.549335 0.703582
    outer loop
      vertex 195.357 119.476 3
      vertex 195.998 120.002 3
      vertex 194.591 121.409 1
    endloop
  endfacet
  facet normal 0.549335 0.450781 0.703582
    outer loop
      vertex 190.002 120.002 3
      vertex 191.409 121.409 1
      vertex 189.476 120.643 3
    endloop
  endfacet
  facet normal -0.206399 0.680002 0.70356
    outer loop
      vertex 194.623 119.083 3
      vertex 193.861 120.921 1
      vertex 193.829 118.842 3
    endloop
  endfacet
  facet normal -0.506084 0.506084 0.698396
    outer loop
      vertex 194.25 121.129 1
      vertex 195.354 119.473 3
      vertex 195.356 119.475 3
    endloop
  endfacet
  facet normal -0.335016 0.626545 0.703708
    outer loop
      vertex 195.354 119.473 3
      vertex 194.25 121.129 1
      vertex 193.861 120.921 1
    endloop
  endfacet
  facet normal -0.506084 -0.506084 0.698396
    outer loop
      vertex 194.871 124.25 1
      vertex 196.527 125.354 3
      vertex 196.525 125.356 3
    endloop
  endfacet
  facet normal -0.626545 -0.335016 0.703708
    outer loop
      vertex 196.527 125.354 3
      vertex 194.871 124.25 1
      vertex 195.079 123.861 1
    endloop
  endfacet
  facet normal -0.450974 0.549222 0.703546
    outer loop
      vertex 194.25 121.129 1
      vertex 195.357 119.476 3
      vertex 194.591 121.409 1
    endloop
  endfacet
  facet normal -0.506084 0.506084 0.698396
    outer loop
      vertex 195.357 119.476 3
      vertex 194.25 121.129 1
      vertex 195.356 119.475 3
    endloop
  endfacet
  facet normal -0.506084 -0.506084 0.698396
    outer loop
      vertex 196.524 125.357 3
      vertex 194.871 124.25 1
      vertex 196.525 125.356 3
    endloop
  endfacet
  facet normal -0.549222 -0.450974 0.703546
    outer loop
      vertex 194.871 124.25 1
      vertex 196.524 125.357 3
      vertex 194.591 124.591 1
    endloop
  endfacet
  facet normal 0.506084 -0.506084 0.698396
    outer loop
      vertex 189.473 125.354 3
      vertex 191.129 124.25 1
      vertex 189.475 125.356 3
    endloop
  endfacet
  facet normal 0.626545 -0.335016 0.703708
    outer loop
      vertex 191.129 124.25 1
      vertex 189.473 125.354 3
      vertex 190.921 123.861 1
    endloop
  endfacet
  facet normal 0.549222 -0.450974 0.703546
    outer loop
      vertex 189.476 125.357 3
      vertex 191.129 124.25 1
      vertex 191.409 124.591 1
    endloop
  endfacet
  facet normal 0.506084 -0.506084 0.698396
    outer loop
      vertex 191.129 124.25 1
      vertex 189.476 125.357 3
      vertex 189.475 125.356 3
    endloop
  endfacet
  facet normal -0.0694309 -0.707166 0.70363
    outer loop
      vertex 193.825 127.159 3
      vertex 193 127.24 3
      vertex 193 125.25 1
    endloop
  endfacet
  facet normal -0.506084 -0.506084 0.698396
    outer loop
      vertex 194.25 124.871 1
      vertex 195.357 126.524 3
      vertex 195.356 126.525 3
    endloop
  endfacet
  facet normal -0.450974 -0.549222 0.703546
    outer loop
      vertex 195.357 126.524 3
      vertex 194.25 124.871 1
      vertex 194.591 124.591 1
    endloop
  endfacet
  facet normal 0.549335 -0.450781 0.703582
    outer loop
      vertex 191.409 124.591 1
      vertex 190.002 125.998 3
      vertex 189.476 125.357 3
    endloop
  endfacet
  facet normal -0.450781 -0.549335 0.703582
    outer loop
      vertex 195.998 125.998 3
      vertex 195.357 126.524 3
      vertex 194.591 124.591 1
    endloop
  endfacet
  facet normal -0.626947 -0.334486 0.703603
    outer loop
      vertex 196.917 124.623 3
      vertex 196.527 125.354 3
      vertex 195.079 123.861 1
    endloop
  endfacet
  facet normal 0.450781 0.549335 0.703582
    outer loop
      vertex 190.643 119.476 3
      vertex 191.409 121.409 1
      vertex 190.002 120.002 3
    endloop
  endfacet
  facet normal 0.0692709 0.707208 0.703604
    outer loop
      vertex 192.561 120.793 1
      vertex 192.175 118.841 3
      vertex 193 120.75 1
    endloop
  endfacet
  facet normal 0 0.715642 0.698467
    outer loop
      vertex 192.175 118.841 3
      vertex 192.561 120.793 1
      vertex 192.173 118.841 3
    endloop
  endfacet
  facet normal 0.626947 0.334486 0.703603
    outer loop
      vertex 189.473 120.646 3
      vertex 190.921 122.139 1
      vertex 189.083 121.377 3
    endloop
  endfacet
  facet normal 0.626545 0.335016 0.703708
    outer loop
      vertex 189.473 120.646 3
      vertex 191.129 121.75 1
      vertex 190.921 122.139 1
    endloop
  endfacet
  facet normal 0.506084 0.506084 0.698396
    outer loop
      vertex 191.129 121.75 1
      vertex 189.473 120.646 3
      vertex 189.475 120.644 3
    endloop
  endfacet
  facet normal 0.680002 0.206399 0.70356
    outer loop
      vertex 189.083 121.377 3
      vertex 190.921 122.139 1
      vertex 188.842 122.171 3
    endloop
  endfacet
  facet normal -0.334486 -0.626947 0.703603
    outer loop
      vertex 195.354 126.527 3
      vertex 194.623 126.917 3
      vertex 193.861 125.079 1
    endloop
  endfacet
  facet normal 0.680002 -0.206399 0.70356
    outer loop
      vertex 190.921 123.861 1
      vertex 189.083 124.623 3
      vertex 188.842 123.829 3
    endloop
  endfacet
  facet normal -0.506084 -0.506084 0.698396
    outer loop
      vertex 195.354 126.527 3
      vertex 194.25 124.871 1
      vertex 195.356 126.525 3
    endloop
  endfacet
  facet normal -0.335016 -0.626545 0.703708
    outer loop
      vertex 194.25 124.871 1
      vertex 195.354 126.527 3
      vertex 193.861 125.079 1
    endloop
  endfacet
  facet normal 0.707166 -0.0694309 0.70363
    outer loop
      vertex 190.75 123 1
      vertex 188.841 123.825 3
      vertex 188.76 123 3
    endloop
  endfacet
  facet normal 0.322659 -0.645319 0.692427
    outer loop
      vertex 192.171 127.158 3
      vertex 192.561 125.207 1
      vertex 192.173 127.159 3
    endloop
  endfacet
  facet normal 0.206262 -0.680021 0.703582
    outer loop
      vertex 192.561 125.207 1
      vertex 192.171 127.158 3
      vertex 192.139 125.079 1
    endloop
  endfacet
  facet normal 0.715642 -0 0.698467
    outer loop
      vertex 188.841 123.825 3
      vertex 190.793 123.439 1
      vertex 188.841 123.827 3
    endloop
  endfacet
  facet normal 0.707208 -0.0692709 0.703604
    outer loop
      vertex 190.793 123.439 1
      vertex 188.841 123.825 3
      vertex 190.75 123 1
    endloop
  endfacet
  facet normal -0.0692709 -0.707208 0.703604
    outer loop
      vertex 193.439 125.207 1
      vertex 193.825 127.159 3
      vertex 193 125.25 1
    endloop
  endfacet
  facet normal 0 -0.715642 0.698467
    outer loop
      vertex 193.825 127.159 3
      vertex 193.439 125.207 1
      vertex 193.827 127.159 3
    endloop
  endfacet
  facet normal -0.680002 -0.206399 0.70356
    outer loop
      vertex 197.158 123.829 3
      vertex 196.917 124.623 3
      vertex 195.079 123.861 1
    endloop
  endfacet
  facet normal -0.645319 -0.322659 0.692427
    outer loop
      vertex 197.158 123.829 3
      vertex 195.207 123.439 1
      vertex 197.159 123.827 3
    endloop
  endfacet
  facet normal -0.680021 -0.206262 0.703582
    outer loop
      vertex 195.207 123.439 1
      vertex 197.158 123.829 3
      vertex 195.079 123.861 1
    endloop
  endfacet
  facet normal -1 0 0
    outer loop
      vertex 66 82 0
      vertex 66 108 3
      vertex 66 108 0
    endloop
  endfacet
  facet normal -1 -0 0
    outer loop
      vertex 66 108 3
      vertex 66 82 0
      vertex 66 82 3
    endloop
  endfacet
  facet normal 1 -0 0
    outer loop
      vertex 60 82 3
      vertex 60 108 0
      vertex 60 108 3
    endloop
  endfacet
  facet normal 1 0 0
    outer loop
      vertex 60 108 0
      vertex 60 82 3
      vertex 60 82 0
    endloop
  endfacet
  facet normal 0 -1 0
    outer loop
      vertex 60 108 0
      vertex 66 108 3
      vertex 60 108 3
    endloop
  endfacet
  facet normal 0 -1 -0
    outer loop
      vertex 66 108 3
      vertex 60 108 0
      vertex 66 108 0
    endloop
  endfacet
  facet normal 0 1 -0
    outer loop
      vertex 66 82 0
      vertex 60 82 3
      vertex 66 82 3
    endloop
  endfacet
  facet normal 0 1 0
    outer loop
      vertex 60 82 3
      vertex 66 82 0
      vertex 60 82 0
    endloop
  endfacet
  facet normal -1 0 0
    outer loop
      vertex 77 82 0
      vertex 77 108 3
      vertex 77 108 0
    endloop
  endfacet
  facet normal -1 -0 0
    outer loop
      vertex 77 108 3
      vertex 77 82 0
      vertex 77 82 3
    endloop
  endfacet
  facet normal 1 -0 0
    outer loop
      vertex 71 82 3
      vertex 71 108 0
      vertex 71 108 3
    endloop
  endfacet
  facet normal 1 0 0
    outer loop
      vertex 71 108 0
      vertex 71 82 3
      vertex 71 82 0
    endloop
  endfacet
  facet normal 0 -1 0
    outer loop
      vertex 71 108 0
      vertex 77 108 3
      vertex 71 108 3
    endloop
  endfacet
  facet normal 0 -1 -0
    outer loop
      vertex 77 108 3
      vertex 71 108 0
      vertex 77 108 0
    endloop
  endfacet
  facet normal 0 1 -0
    outer loop
      vertex 77 82 0
      vertex 71 82 3
      vertex 77 82 3
    endloop
  endfacet
  facet normal 0 1 0
    outer loop
      vertex 71 82 3
      vertex 77 82 0
      vertex 71 82 0
    endloop
  endfacet
  facet normal -1 0 0
    outer loop
      vertex 88 82 0
      vertex 88 108 3
      vertex 88 108 0
    endloop
  endfacet
  facet normal -1 -0 0
    outer loop
      vertex 88 108 3
      vertex 88 82 0
      vertex 88 82 3
    endloop
  endfacet
  facet normal 1 -0 0
    outer loop
      vertex 82 82 3
      vertex 82 108 0
      vertex 82 108 3
    endloop
  endfacet
  facet normal 1 0 0
    outer loop
      vertex 82 108 0
      vertex 82 82 3
      vertex 82 82 0
    endloop
  endfacet
  facet normal 0 -1 0
    outer loop
      vertex 82 108 0
      vertex 88 108 3
      vertex 82 108 3
    endloop
  endfacet
  facet normal 0 -1 -0
    outer loop
      vertex 88 108 3
      vertex 82 108 0
      vertex 88 108 0
    endloop
  endfacet
  facet normal 0 1 -0
    outer loop
      vertex 88 82 0
      vertex 82 82 3
      vertex 88 82 3
    endloop
  endfacet
  facet normal 0 1 0
    outer loop
      vertex 82 82 3
      vertex 88 82 0
      vertex 82 82 0
    endloop
  endfacet
  facet normal -1 0 0
    outer loop
      vertex 99 82 0
      vertex 99 108 3
      vertex 99 108 0
    endloop
  endfacet
  facet normal -1 -0 0
    outer loop
      vertex 99 108 3
      vertex 99 82 0
      vertex 99 82 3
    endloop
  endfacet
  facet normal 1 -0 0
    outer loop
      vertex 93 82 3
      vertex 93 108 0
      vertex 93 108 3
    endloop
  endfacet
  facet normal 1 0 0
    outer loop
      vertex 93 108 0
      vertex 93 82 3
      vertex 93 82 0
    endloop
  endfacet
  facet normal 0 -1 0
    outer loop
      vertex 93 108 0
      vertex 99 108 3
      vertex 93 108 3
    endloop
  endfacet
  facet normal 0 -1 -0
    outer loop
      vertex 99 108 3
      vertex 93 108 0
      vertex 99 108 0
    endloop
  endfacet
  facet normal 0 1 -0
    outer loop
      vertex 99 82 0
      vertex 93 82 3
      vertex 99 82 3
    endloop
  endfacet
  facet normal 0 1 0
    outer loop
      vertex 93 82 3
      vertex 99 82 0
      vertex 93 82 0
    endloop
  endfacet
endsolid OpenSCAD_Model
