solid OpenSCAD_Model
  facet normal 1 -0 0
    outer loop
      vertex -5.5 -56.3 1.9
      vertex -5.5 -35.5 0
      vertex -5.5 -35.5 1.9
    endloop
  endfacet
  facet normal 1 0 0
    outer loop
      vertex -5.5 -35.5 0
      vertex -5.5 -56.3 1.9
      vertex -5.5 -56.3 0
    endloop
  endfacet
  facet normal 0 1 -0
    outer loop
      vertex -5.5 -35.5 0
      vertex -26 -35.5 1.9
      vertex -5.5 -35.5 1.9
    endloop
  endfacet
  facet normal 0 1 0
    outer loop
      vertex -26 -35.5 1.9
      vertex -5.5 -35.5 0
      vertex -26 -35.5 0
    endloop
  endfacet
  facet normal 0 -1 0
    outer loop
      vertex -26 -56.3 0
      vertex -5.5 -56.3 1.9
      vertex -26 -56.3 1.9
    endloop
  endfacet
  facet normal 0 -1 -0
    outer loop
      vertex -5.5 -56.3 1.9
      vertex -26 -56.3 0
      vertex -5.5 -56.3 0
    endloop
  endfacet
  facet normal -1 0 0
    outer loop
      vertex -26 -56.3 0
      vertex -26 -35.5 1.9
      vertex -26 -35.5 0
    endloop
  endfacet
  facet normal -1 -0 0
    outer loop
      vertex -26 -35.5 1.9
      vertex -26 -56.3 0
      vertex -26 -56.3 1.9
    endloop
  endfacet
  facet normal -0 0 1
    outer loop
      vertex -26 -35.5 1.9
      vertex -5.5 -56.3 1.9
      vertex -5.5 -35.5 1.9
    endloop
  endfacet
  facet normal 0 0 1
    outer loop
      vertex -5.5 -56.3 1.9
      vertex -26 -35.5 1.9
      vertex -26 -56.3 1.9
    endloop
  endfacet
  facet normal 1 -0 0
    outer loop
      vertex 26 -56.3 1.9
      vertex 26 -35.5 0
      vertex 26 -35.5 1.9
    endloop
  endfacet
  facet normal 1 0 0
    outer loop
      vertex 26 -35.5 0
      vertex 26 -56.3 1.9
      vertex 26 -56.3 0
    endloop
  endfacet
  facet normal 0 1 -0
    outer loop
      vertex 26 -35.5 0
      vertex 5.5 -35.5 1.9
      vertex 26 -35.5 1.9
    endloop
  endfacet
  facet normal 0 1 0
    outer loop
      vertex 5.5 -35.5 1.9
      vertex 26 -35.5 0
      vertex 5.5 -35.5 0
    endloop
  endfacet
  facet normal 0 -1 0
    outer loop
      vertex 5.5 -56.3 0
      vertex 26 -56.3 1.9
      vertex 5.5 -56.3 1.9
    endloop
  endfacet
  facet normal 0 -1 -0
    outer loop
      vertex 26 -56.3 1.9
      vertex 5.5 -56.3 0
      vertex 26 -56.3 0
    endloop
  endfacet
  facet normal -1 0 0
    outer loop
      vertex 5.5 -56.3 0
      vertex 5.5 -35.5 1.9
      vertex 5.5 -35.5 0
    endloop
  endfacet
  facet normal -1 -0 0
    outer loop
      vertex 5.5 -35.5 1.9
      vertex 5.5 -56.3 0
      vertex 5.5 -56.3 1.9
    endloop
  endfacet
  facet normal -0 0 1
    outer loop
      vertex 5.5 -35.5 1.9
      vertex 26 -56.3 1.9
      vertex 26 -35.5 1.9
    endloop
  endfacet
  facet normal 0 0 1
    outer loop
      vertex 26 -56.3 1.9
      vertex 5.5 -35.5 1.9
      vertex 5.5 -56.3 1.9
    endloop
  endfacet
  facet normal 1 -0 0
    outer loop
      vertex 28 -70 0
      vertex 28 -20 -2.5
      vertex 28 -20 0
    endloop
  endfacet
  facet normal 1 0 0
    outer loop
      vertex 28 -20 -2.5
      vertex 28 -70 0
      vertex 28 -70 -2.5
    endloop
  endfacet
  facet normal 0 1 -0
    outer loop
      vertex 28 -20 -2.5
      vertex -28 -20 0
      vertex 28 -20 0
    endloop
  endfacet
  facet normal 0 1 0
    outer loop
      vertex -28 -20 0
      vertex 28 -20 -2.5
      vertex -28 -20 -2.5
    endloop
  endfacet
  facet normal 0 -1 0
    outer loop
      vertex -28 -70 -2.5
      vertex 28 -70 0
      vertex -28 -70 0
    endloop
  endfacet
  facet normal 0 -1 -0
    outer loop
      vertex 28 -70 0
      vertex -28 -70 -2.5
      vertex 28 -70 -2.5
    endloop
  endfacet
  facet normal -1 0 0
    outer loop
      vertex -28 -70 -2.5
      vertex -28 -20 0
      vertex -28 -20 -2.5
    endloop
  endfacet
  facet normal -1 -0 0
    outer loop
      vertex -28 -20 0
      vertex -28 -70 -2.5
      vertex -28 -70 0
    endloop
  endfacet
  facet normal 0 0 -1
    outer loop
      vertex 2.67302 -64.638 -2.5
      vertex 28 -70 -2.5
      vertex 2.85317 -65.073 -2.5
    endloop
  endfacet
  facet normal 0 0 -1
    outer loop
      vertex 28 -20 -2.5
      vertex 2.96306 -24.4693 -2.5
      vertex 3 -24 -2.5
    endloop
  endfacet
  facet normal 0 0 -1
    outer loop
      vertex 2.42705 -64.2366 -2.5
      vertex 28 -70 -2.5
      vertex 2.67302 -64.638 -2.5
    endloop
  endfacet
  facet normal 0 0 -1
    outer loop
      vertex 28 -20 -2.5
      vertex 2.85317 -24.9271 -2.5
      vertex 2.96306 -24.4693 -2.5
    endloop
  endfacet
  facet normal 0 0 -1
    outer loop
      vertex 2.12132 -63.8787 -2.5
      vertex 28 -70 -2.5
      vertex 2.42705 -64.2366 -2.5
    endloop
  endfacet
  facet normal 0 0 -1
    outer loop
      vertex 28 -20 -2.5
      vertex 2.67302 -25.362 -2.5
      vertex 2.85317 -24.9271 -2.5
    endloop
  endfacet
  facet normal 0 0 -1
    outer loop
      vertex 28 -70 -2.5
      vertex 2.12132 -63.8787 -2.5
      vertex 28 -20 -2.5
    endloop
  endfacet
  facet normal 0 0 -1
    outer loop
      vertex 28 -20 -2.5
      vertex 2.42705 -25.7634 -2.5
      vertex 2.67302 -25.362 -2.5
    endloop
  endfacet
  facet normal 0 0 -1
    outer loop
      vertex 2.12132 -26.1213 -2.5
      vertex 28 -20 -2.5
      vertex 2.12132 -63.8787 -2.5
    endloop
  endfacet
  facet normal 0 0 -1
    outer loop
      vertex 28 -20 -2.5
      vertex 2.12132 -26.1213 -2.5
      vertex 2.42705 -25.7634 -2.5
    endloop
  endfacet
  facet normal 0 0 -1
    outer loop
      vertex 1.76336 -63.5729 -2.5
      vertex 2.12132 -26.1213 -2.5
      vertex 2.12132 -63.8787 -2.5
    endloop
  endfacet
  facet normal 0 0 -1
    outer loop
      vertex 1.76336 -63.5729 -2.5
      vertex 1.76336 -26.4271 -2.5
      vertex 2.12132 -26.1213 -2.5
    endloop
  endfacet
  facet normal 0 0 -1
    outer loop
      vertex 1.36197 -63.327 -2.5
      vertex 1.76336 -26.4271 -2.5
      vertex 1.76336 -63.5729 -2.5
    endloop
  endfacet
  facet normal 0 0 -1
    outer loop
      vertex 1.36197 -63.327 -2.5
      vertex 1.36197 -26.673 -2.5
      vertex 1.76336 -26.4271 -2.5
    endloop
  endfacet
  facet normal 0 0 -1
    outer loop
      vertex 0.927051 -63.1468 -2.5
      vertex 1.36197 -26.673 -2.5
      vertex 1.36197 -63.327 -2.5
    endloop
  endfacet
  facet normal 0 0 -1
    outer loop
      vertex 0.927051 -63.1468 -2.5
      vertex 0.927051 -26.8532 -2.5
      vertex 1.36197 -26.673 -2.5
    endloop
  endfacet
  facet normal 0 0 -1
    outer loop
      vertex 0.469303 -63.0369 -2.5
      vertex 0.927051 -26.8532 -2.5
      vertex 0.927051 -63.1468 -2.5
    endloop
  endfacet
  facet normal 0 0 -1
    outer loop
      vertex 0.469303 -63.0369 -2.5
      vertex 0.469303 -26.9631 -2.5
      vertex 0.927051 -26.8532 -2.5
    endloop
  endfacet
  facet normal 0 0 -1
    outer loop
      vertex 0 -63 -2.5
      vertex 0.469303 -26.9631 -2.5
      vertex 0.469303 -63.0369 -2.5
    endloop
  endfacet
  facet normal 0 0 -1
    outer loop
      vertex 0 -63 -2.5
      vertex 0 -27 -2.5
      vertex 0.469303 -26.9631 -2.5
    endloop
  endfacet
  facet normal 0 0 -1
    outer loop
      vertex -0.469303 -63.0369 -2.5
      vertex 0 -27 -2.5
      vertex 0 -63 -2.5
    endloop
  endfacet
  facet normal 0 0 -1
    outer loop
      vertex -0.469303 -63.0369 -2.5
      vertex -0.469303 -26.9631 -2.5
      vertex 0 -27 -2.5
    endloop
  endfacet
  facet normal 0 0 -1
    outer loop
      vertex -0.927051 -63.1468 -2.5
      vertex -0.469303 -26.9631 -2.5
      vertex -0.469303 -63.0369 -2.5
    endloop
  endfacet
  facet normal 0 0 -1
    outer loop
      vertex -0.927051 -63.1468 -2.5
      vertex -0.927051 -26.8532 -2.5
      vertex -0.469303 -26.9631 -2.5
    endloop
  endfacet
  facet normal 0 0 -1
    outer loop
      vertex -1.36197 -63.327 -2.5
      vertex -0.927051 -26.8532 -2.5
      vertex -0.927051 -63.1468 -2.5
    endloop
  endfacet
  facet normal 0 0 -1
    outer loop
      vertex -1.36197 -63.327 -2.5
      vertex -1.36197 -26.673 -2.5
      vertex -0.927051 -26.8532 -2.5
    endloop
  endfacet
  facet normal 0 0 -1
    outer loop
      vertex -1.76336 -63.5729 -2.5
      vertex -1.36197 -26.673 -2.5
      vertex -1.36197 -63.327 -2.5
    endloop
  endfacet
  facet normal 0 0 -1
    outer loop
      vertex -1.76336 -63.5729 -2.5
      vertex -1.76336 -26.4271 -2.5
      vertex -1.36197 -26.673 -2.5
    endloop
  endfacet
  facet normal 0 0 -1
    outer loop
      vertex -2.12132 -63.8787 -2.5
      vertex -1.76336 -26.4271 -2.5
      vertex -1.76336 -63.5729 -2.5
    endloop
  endfacet
  facet normal 0 0 -1
    outer loop
      vertex -2.12132 -63.8787 -2.5
      vertex -2.12132 -26.1213 -2.5
      vertex -1.76336 -26.4271 -2.5
    endloop
  endfacet
  facet normal 0 0 -1
    outer loop
      vertex -28 -70 -2.5
      vertex -2.12132 -63.8787 -2.5
      vertex -2.42705 -64.2366 -2.5
    endloop
  endfacet
  facet normal -0 0 -1
    outer loop
      vertex -2.12132 -63.8787 -2.5
      vertex -28 -70 -2.5
      vertex -2.12132 -26.1213 -2.5
    endloop
  endfacet
  facet normal 0 0 -1
    outer loop
      vertex -28 -70 -2.5
      vertex -2.42705 -64.2366 -2.5
      vertex -2.67302 -64.638 -2.5
    endloop
  endfacet
  facet normal 0 0 -1
    outer loop
      vertex -28 -20 -2.5
      vertex -2.12132 -26.1213 -2.5
      vertex -28 -70 -2.5
    endloop
  endfacet
  facet normal 0 0 -1
    outer loop
      vertex -28 -70 -2.5
      vertex -2.67302 -64.638 -2.5
      vertex -2.85317 -65.073 -2.5
    endloop
  endfacet
  facet normal 0 0 -1
    outer loop
      vertex -2.12132 -26.1213 -2.5
      vertex -28 -20 -2.5
      vertex -2.42705 -25.7634 -2.5
    endloop
  endfacet
  facet normal 0 0 -1
    outer loop
      vertex -28 -70 -2.5
      vertex -2.85317 -65.073 -2.5
      vertex -2.96306 -65.5307 -2.5
    endloop
  endfacet
  facet normal 0 0 -1
    outer loop
      vertex -2.42705 -25.7634 -2.5
      vertex -28 -20 -2.5
      vertex -2.67302 -25.362 -2.5
    endloop
  endfacet
  facet normal 0 0 -1
    outer loop
      vertex -28 -70 -2.5
      vertex -2.96306 -65.5307 -2.5
      vertex -3 -66 -2.5
    endloop
  endfacet
  facet normal 0 0 -1
    outer loop
      vertex -2.67302 -25.362 -2.5
      vertex -28 -20 -2.5
      vertex -2.85317 -24.9271 -2.5
    endloop
  endfacet
  facet normal 0 0 -1
    outer loop
      vertex 2.96306 -65.5307 -2.5
      vertex 28 -70 -2.5
      vertex 3 -66 -2.5
    endloop
  endfacet
  facet normal 0 0 -1
    outer loop
      vertex 28 -70 -2.5
      vertex 2.96306 -66.4693 -2.5
      vertex 3 -66 -2.5
    endloop
  endfacet
  facet normal 0 0 -1
    outer loop
      vertex 28 -70 -2.5
      vertex 2.85317 -66.927 -2.5
      vertex 2.96306 -66.4693 -2.5
    endloop
  endfacet
  facet normal 0 0 -1
    outer loop
      vertex 28 -70 -2.5
      vertex 2.67302 -67.362 -2.5
      vertex 2.85317 -66.927 -2.5
    endloop
  endfacet
  facet normal 0 0 -1
    outer loop
      vertex 28 -70 -2.5
      vertex 2.42705 -67.7634 -2.5
      vertex 2.67302 -67.362 -2.5
    endloop
  endfacet
  facet normal 0 0 -1
    outer loop
      vertex 28 -70 -2.5
      vertex 2.12132 -68.1213 -2.5
      vertex 2.42705 -67.7634 -2.5
    endloop
  endfacet
  facet normal 0 0 -1
    outer loop
      vertex 28 -70 -2.5
      vertex 1.76336 -68.427 -2.5
      vertex 2.12132 -68.1213 -2.5
    endloop
  endfacet
  facet normal 0 0 -1
    outer loop
      vertex 28 -70 -2.5
      vertex 1.36197 -68.673 -2.5
      vertex 1.76336 -68.427 -2.5
    endloop
  endfacet
  facet normal 0 0 -1
    outer loop
      vertex 28 -70 -2.5
      vertex 0.927051 -68.8532 -2.5
      vertex 1.36197 -68.673 -2.5
    endloop
  endfacet
  facet normal 0 0 -1
    outer loop
      vertex 28 -70 -2.5
      vertex 0.469303 -68.9631 -2.5
      vertex 0.927051 -68.8532 -2.5
    endloop
  endfacet
  facet normal 0 0 -1
    outer loop
      vertex 28 -70 -2.5
      vertex 0 -69 -2.5
      vertex 0.469303 -68.9631 -2.5
    endloop
  endfacet
  facet normal 0 0 -1
    outer loop
      vertex -2.85317 -24.9271 -2.5
      vertex -28 -20 -2.5
      vertex -2.96306 -24.4693 -2.5
    endloop
  endfacet
  facet normal -0 0 -1
    outer loop
      vertex -2.96306 -66.4693 -2.5
      vertex -28 -70 -2.5
      vertex -3 -66 -2.5
    endloop
  endfacet
  facet normal -0 0 -1
    outer loop
      vertex -2.85317 -66.927 -2.5
      vertex -28 -70 -2.5
      vertex -2.96306 -66.4693 -2.5
    endloop
  endfacet
  facet normal -0 0 -1
    outer loop
      vertex -2.67302 -67.362 -2.5
      vertex -28 -70 -2.5
      vertex -2.85317 -66.927 -2.5
    endloop
  endfacet
  facet normal -0 0 -1
    outer loop
      vertex -2.42705 -67.7634 -2.5
      vertex -28 -70 -2.5
      vertex -2.67302 -67.362 -2.5
    endloop
  endfacet
  facet normal -0 0 -1
    outer loop
      vertex -2.12132 -68.1213 -2.5
      vertex -28 -70 -2.5
      vertex -2.42705 -67.7634 -2.5
    endloop
  endfacet
  facet normal -0 0 -1
    outer loop
      vertex -1.76336 -68.427 -2.5
      vertex -28 -70 -2.5
      vertex -2.12132 -68.1213 -2.5
    endloop
  endfacet
  facet normal -0 0 -1
    outer loop
      vertex -1.36197 -68.673 -2.5
      vertex -28 -70 -2.5
      vertex -1.76336 -68.427 -2.5
    endloop
  endfacet
  facet normal -0 0 -1
    outer loop
      vertex -0.927051 -68.8532 -2.5
      vertex -28 -70 -2.5
      vertex -1.36197 -68.673 -2.5
    endloop
  endfacet
  facet normal -0 0 -1
    outer loop
      vertex -0.469303 -68.9631 -2.5
      vertex -28 -70 -2.5
      vertex -0.927051 -68.8532 -2.5
    endloop
  endfacet
  facet normal -0 0 -1
    outer loop
      vertex 0 -69 -2.5
      vertex -28 -70 -2.5
      vertex -0.469303 -68.9631 -2.5
    endloop
  endfacet
  facet normal 0 0 -1
    outer loop
      vertex -28 -70 -2.5
      vertex 0 -69 -2.5
      vertex 28 -70 -2.5
    endloop
  endfacet
  facet normal 0 0 -1
    outer loop
      vertex 2.85317 -65.073 -2.5
      vertex 28 -70 -2.5
      vertex 2.96306 -65.5307 -2.5
    endloop
  endfacet
  facet normal 0 0 -1
    outer loop
      vertex 2.96306 -23.5307 -2.5
      vertex 28 -20 -2.5
      vertex 3 -24 -2.5
    endloop
  endfacet
  facet normal 0 0 -1
    outer loop
      vertex 2.85317 -23.0729 -2.5
      vertex 28 -20 -2.5
      vertex 2.96306 -23.5307 -2.5
    endloop
  endfacet
  facet normal 0 0 -1
    outer loop
      vertex 2.67302 -22.638 -2.5
      vertex 28 -20 -2.5
      vertex 2.85317 -23.0729 -2.5
    endloop
  endfacet
  facet normal 0 0 -1
    outer loop
      vertex 2.42705 -22.2366 -2.5
      vertex 28 -20 -2.5
      vertex 2.67302 -22.638 -2.5
    endloop
  endfacet
  facet normal 0 0 -1
    outer loop
      vertex 2.12132 -21.8787 -2.5
      vertex 28 -20 -2.5
      vertex 2.42705 -22.2366 -2.5
    endloop
  endfacet
  facet normal 0 0 -1
    outer loop
      vertex 1.76336 -21.5729 -2.5
      vertex 28 -20 -2.5
      vertex 2.12132 -21.8787 -2.5
    endloop
  endfacet
  facet normal 0 0 -1
    outer loop
      vertex 1.36197 -21.327 -2.5
      vertex 28 -20 -2.5
      vertex 1.76336 -21.5729 -2.5
    endloop
  endfacet
  facet normal 0 0 -1
    outer loop
      vertex 0.927051 -21.1468 -2.5
      vertex 28 -20 -2.5
      vertex 1.36197 -21.327 -2.5
    endloop
  endfacet
  facet normal 0 0 -1
    outer loop
      vertex 0.469303 -21.0369 -2.5
      vertex 28 -20 -2.5
      vertex 0.927051 -21.1468 -2.5
    endloop
  endfacet
  facet normal 0 0 -1
    outer loop
      vertex 0 -21 -2.5
      vertex 28 -20 -2.5
      vertex 0.469303 -21.0369 -2.5
    endloop
  endfacet
  facet normal 0 0 -1
    outer loop
      vertex -2.96306 -24.4693 -2.5
      vertex -28 -20 -2.5
      vertex -3 -24 -2.5
    endloop
  endfacet
  facet normal 0 0 -1
    outer loop
      vertex -3 -24 -2.5
      vertex -28 -20 -2.5
      vertex -2.96306 -23.5307 -2.5
    endloop
  endfacet
  facet normal 0 0 -1
    outer loop
      vertex -2.96306 -23.5307 -2.5
      vertex -28 -20 -2.5
      vertex -2.85317 -23.0729 -2.5
    endloop
  endfacet
  facet normal 0 0 -1
    outer loop
      vertex 0 -21 -2.5
      vertex -28 -20 -2.5
      vertex 28 -20 -2.5
    endloop
  endfacet
  facet normal 0 0 -1
    outer loop
      vertex -0.469303 -21.0369 -2.5
      vertex -28 -20 -2.5
      vertex 0 -21 -2.5
    endloop
  endfacet
  facet normal 0 0 -1
    outer loop
      vertex -0.927051 -21.1468 -2.5
      vertex -28 -20 -2.5
      vertex -0.469303 -21.0369 -2.5
    endloop
  endfacet
  facet normal 0 0 -1
    outer loop
      vertex -1.36197 -21.327 -2.5
      vertex -28 -20 -2.5
      vertex -0.927051 -21.1468 -2.5
    endloop
  endfacet
  facet normal 0 0 -1
    outer loop
      vertex -1.76336 -21.5729 -2.5
      vertex -28 -20 -2.5
      vertex -1.36197 -21.327 -2.5
    endloop
  endfacet
  facet normal 0 0 -1
    outer loop
      vertex -2.12132 -21.8787 -2.5
      vertex -28 -20 -2.5
      vertex -1.76336 -21.5729 -2.5
    endloop
  endfacet
  facet normal 0 0 -1
    outer loop
      vertex -2.42705 -22.2366 -2.5
      vertex -28 -20 -2.5
      vertex -2.12132 -21.8787 -2.5
    endloop
  endfacet
  facet normal 0 0 -1
    outer loop
      vertex -2.67302 -22.638 -2.5
      vertex -28 -20 -2.5
      vertex -2.42705 -22.2366 -2.5
    endloop
  endfacet
  facet normal 0 0 -1
    outer loop
      vertex -2.85317 -23.0729 -2.5
      vertex -28 -20 -2.5
      vertex -2.67302 -22.638 -2.5
    endloop
  endfacet
  facet normal -0 0 1
    outer loop
      vertex 1.6168 -24.5253 0
      vertex 5.5 -35.5 0
      vertex 1.67907 -24.2659 0
    endloop
  endfacet
  facet normal 0 0 1
    outer loop
      vertex 5.5 -35.5 0
      vertex 1.67907 -65.7341 0
      vertex 1.7 -66 0
    endloop
  endfacet
  facet normal -0 0 1
    outer loop
      vertex 1.51471 -24.7718 0
      vertex 5.5 -35.5 0
      vertex 1.6168 -24.5253 0
    endloop
  endfacet
  facet normal 0 0 1
    outer loop
      vertex 5.5 -35.5 0
      vertex 1.6168 -65.4747 0
      vertex 1.67907 -65.7341 0
    endloop
  endfacet
  facet normal -0 0 1
    outer loop
      vertex 1.37533 -24.9992 0
      vertex 5.5 -35.5 0
      vertex 1.51471 -24.7718 0
    endloop
  endfacet
  facet normal 0 0 1
    outer loop
      vertex 5.5 -35.5 0
      vertex 1.51471 -65.2282 0
      vertex 1.6168 -65.4747 0
    endloop
  endfacet
  facet normal -0 0 1
    outer loop
      vertex 1.20208 -25.2021 0
      vertex 5.5 -35.5 0
      vertex 1.37533 -24.9992 0
    endloop
  endfacet
  facet normal 0 0 1
    outer loop
      vertex 5.5 -35.5 0
      vertex 1.37533 -65.0008 0
      vertex 1.51471 -65.2282 0
    endloop
  endfacet
  facet normal -0 0 1
    outer loop
      vertex 0.999234 -25.3753 0
      vertex 5.5 -35.5 0
      vertex 1.20208 -25.2021 0
    endloop
  endfacet
  facet normal 0 0 1
    outer loop
      vertex 5.5 -35.5 0
      vertex 1.20208 -64.7979 0
      vertex 1.37533 -65.0008 0
    endloop
  endfacet
  facet normal -0 0 1
    outer loop
      vertex 0.771784 -25.5147 0
      vertex 5.5 -35.5 0
      vertex 0.999234 -25.3753 0
    endloop
  endfacet
  facet normal 0 0 1
    outer loop
      vertex -5.5 -56.3 0
      vertex 5.5 -35.5 0
      vertex -5.5 -35.5 0
    endloop
  endfacet
  facet normal -0 0 1
    outer loop
      vertex 0.525329 -25.6168 0
      vertex 5.5 -35.5 0
      vertex 0.771784 -25.5147 0
    endloop
  endfacet
  facet normal 0 0 1
    outer loop
      vertex 5.5 -35.5 0
      vertex 0.999234 -64.6247 0
      vertex 1.20208 -64.7979 0
    endloop
  endfacet
  facet normal -0 0 1
    outer loop
      vertex 0.265938 -25.6791 0
      vertex 5.5 -35.5 0
      vertex 0.525329 -25.6168 0
    endloop
  endfacet
  facet normal 0 0 1
    outer loop
      vertex 5.5 -35.5 0
      vertex -5.5 -56.3 0
      vertex 0.999234 -64.6247 0
    endloop
  endfacet
  facet normal -0 0 1
    outer loop
      vertex 0 -25.7 0
      vertex 5.5 -35.5 0
      vertex 0.265938 -25.6791 0
    endloop
  endfacet
  facet normal 0 0 1
    outer loop
      vertex 0.999234 -64.6247 0
      vertex -5.5 -56.3 0
      vertex 0.771784 -64.4853 0
    endloop
  endfacet
  facet normal 0 0 1
    outer loop
      vertex 5.5 -35.5 0
      vertex 0 -25.7 0
      vertex -5.5 -35.5 0
    endloop
  endfacet
  facet normal 0 0 1
    outer loop
      vertex 0.771784 -64.4853 0
      vertex -5.5 -56.3 0
      vertex 0.525329 -64.3832 0
    endloop
  endfacet
  facet normal 0 0 1
    outer loop
      vertex -5.5 -35.5 0
      vertex 0 -25.7 0
      vertex -0.265938 -25.6791 0
    endloop
  endfacet
  facet normal 0 0 1
    outer loop
      vertex 0.525329 -64.3832 0
      vertex -5.5 -56.3 0
      vertex 0.265938 -64.3209 0
    endloop
  endfacet
  facet normal 0 0 1
    outer loop
      vertex -5.5 -35.5 0
      vertex -0.265938 -25.6791 0
      vertex -0.525329 -25.6168 0
    endloop
  endfacet
  facet normal 0 0 1
    outer loop
      vertex 0.265938 -64.3209 0
      vertex -5.5 -56.3 0
      vertex 0 -64.3 0
    endloop
  endfacet
  facet normal 0 0 1
    outer loop
      vertex -5.5 -35.5 0
      vertex -0.525329 -25.6168 0
      vertex -0.771784 -25.5147 0
    endloop
  endfacet
  facet normal 0 0 1
    outer loop
      vertex 0 -64.3 0
      vertex -5.5 -56.3 0
      vertex -0.265938 -64.3209 0
    endloop
  endfacet
  facet normal 0 0 1
    outer loop
      vertex -5.5 -35.5 0
      vertex -0.771784 -25.5147 0
      vertex -0.999234 -25.3753 0
    endloop
  endfacet
  facet normal 0 0 1
    outer loop
      vertex -0.265938 -64.3209 0
      vertex -5.5 -56.3 0
      vertex -0.525329 -64.3832 0
    endloop
  endfacet
  facet normal 0 0 1
    outer loop
      vertex -5.5 -35.5 0
      vertex -0.999234 -25.3753 0
      vertex -1.20208 -25.2021 0
    endloop
  endfacet
  facet normal 0 0 1
    outer loop
      vertex -0.525329 -64.3832 0
      vertex -5.5 -56.3 0
      vertex -0.771784 -64.4853 0
    endloop
  endfacet
  facet normal 0 0 1
    outer loop
      vertex -5.5 -35.5 0
      vertex -1.20208 -25.2021 0
      vertex -1.37533 -24.9992 0
    endloop
  endfacet
  facet normal 0 0 1
    outer loop
      vertex -0.771784 -64.4853 0
      vertex -5.5 -56.3 0
      vertex -0.999234 -64.6247 0
    endloop
  endfacet
  facet normal 0 0 1
    outer loop
      vertex -5.5 -35.5 0
      vertex -1.37533 -24.9992 0
      vertex -1.51471 -24.7718 0
    endloop
  endfacet
  facet normal 0 0 1
    outer loop
      vertex -0.999234 -64.6247 0
      vertex -5.5 -56.3 0
      vertex -1.20208 -64.7979 0
    endloop
  endfacet
  facet normal 0 0 1
    outer loop
      vertex -5.5 -35.5 0
      vertex -1.51471 -24.7718 0
      vertex -1.6168 -24.5253 0
    endloop
  endfacet
  facet normal 0 0 1
    outer loop
      vertex -1.20208 -64.7979 0
      vertex -5.5 -56.3 0
      vertex -1.37533 -65.0008 0
    endloop
  endfacet
  facet normal 0 0 1
    outer loop
      vertex -5.5 -35.5 0
      vertex -1.6168 -24.5253 0
      vertex -1.67907 -24.2659 0
    endloop
  endfacet
  facet normal 0 0 1
    outer loop
      vertex -1.37533 -65.0008 0
      vertex -5.5 -56.3 0
      vertex -1.51471 -65.2282 0
    endloop
  endfacet
  facet normal 0 0 1
    outer loop
      vertex -28 -20 0
      vertex -1.67907 -24.2659 0
      vertex -1.7 -24 0
    endloop
  endfacet
  facet normal 0 0 1
    outer loop
      vertex -1.51471 -65.2282 0
      vertex -5.5 -56.3 0
      vertex -1.6168 -65.4747 0
    endloop
  endfacet
  facet normal 0 0 1
    outer loop
      vertex 28 -20 0
      vertex 26 -35.5 0
      vertex 28 -70 0
    endloop
  endfacet
  facet normal 0 0 1
    outer loop
      vertex 28 -20 0
      vertex 5.5 -35.5 0
      vertex 26 -35.5 0
    endloop
  endfacet
  facet normal 0 0 1
    outer loop
      vertex 28 -20 0
      vertex 1.67907 -24.2659 0
      vertex 5.5 -35.5 0
    endloop
  endfacet
  facet normal 0 0 1
    outer loop
      vertex 1.67907 -24.2659 0
      vertex 28 -20 0
      vertex 1.7 -24 0
    endloop
  endfacet
  facet normal 0 0 1
    outer loop
      vertex 28 -20 0
      vertex 1.67907 -23.7341 0
      vertex 1.7 -24 0
    endloop
  endfacet
  facet normal 0 0 1
    outer loop
      vertex 28 -20 0
      vertex 1.6168 -23.4747 0
      vertex 1.67907 -23.7341 0
    endloop
  endfacet
  facet normal 0 0 1
    outer loop
      vertex 28 -20 0
      vertex 1.51471 -23.2282 0
      vertex 1.6168 -23.4747 0
    endloop
  endfacet
  facet normal 0 0 1
    outer loop
      vertex 28 -20 0
      vertex 1.37533 -23.0008 0
      vertex 1.51471 -23.2282 0
    endloop
  endfacet
  facet normal 0 0 1
    outer loop
      vertex 28 -20 0
      vertex 1.20208 -22.7979 0
      vertex 1.37533 -23.0008 0
    endloop
  endfacet
  facet normal 0 0 1
    outer loop
      vertex 28 -20 0
      vertex 0.999234 -22.6247 0
      vertex 1.20208 -22.7979 0
    endloop
  endfacet
  facet normal 0 0 1
    outer loop
      vertex 28 -20 0
      vertex 0.771784 -22.4853 0
      vertex 0.999234 -22.6247 0
    endloop
  endfacet
  facet normal 0 0 1
    outer loop
      vertex 28 -20 0
      vertex 0.525329 -22.3832 0
      vertex 0.771784 -22.4853 0
    endloop
  endfacet
  facet normal 0 0 1
    outer loop
      vertex 28 -20 0
      vertex 0.265938 -22.3209 0
      vertex 0.525329 -22.3832 0
    endloop
  endfacet
  facet normal 0 0 1
    outer loop
      vertex 28 -20 0
      vertex 0 -22.3 0
      vertex 0.265938 -22.3209 0
    endloop
  endfacet
  facet normal -0 0 1
    outer loop
      vertex -28 -20 0
      vertex 0 -22.3 0
      vertex 28 -20 0
    endloop
  endfacet
  facet normal 0 0 1
    outer loop
      vertex -1.6168 -65.4747 0
      vertex -5.5 -56.3 0
      vertex -1.67907 -65.7341 0
    endloop
  endfacet
  facet normal 0 0 1
    outer loop
      vertex -28 -20 0
      vertex -1.7 -24 0
      vertex -1.67907 -23.7341 0
    endloop
  endfacet
  facet normal 0 0 1
    outer loop
      vertex -28 -20 0
      vertex -1.67907 -23.7341 0
      vertex -1.6168 -23.4747 0
    endloop
  endfacet
  facet normal 0 0 1
    outer loop
      vertex -1.67907 -24.2659 0
      vertex -28 -20 0
      vertex -5.5 -35.5 0
    endloop
  endfacet
  facet normal 0 0 1
    outer loop
      vertex -28 -20 0
      vertex -1.6168 -23.4747 0
      vertex -1.51471 -23.2282 0
    endloop
  endfacet
  facet normal 0 0 1
    outer loop
      vertex -28 -20 0
      vertex -1.51471 -23.2282 0
      vertex -1.37533 -23.0008 0
    endloop
  endfacet
  facet normal 0 0 1
    outer loop
      vertex -28 -20 0
      vertex -1.37533 -23.0008 0
      vertex -1.20208 -22.7979 0
    endloop
  endfacet
  facet normal 0 0 1
    outer loop
      vertex -28 -20 0
      vertex -1.20208 -22.7979 0
      vertex -0.999234 -22.6247 0
    endloop
  endfacet
  facet normal 0 0 1
    outer loop
      vertex -28 -20 0
      vertex -0.999234 -22.6247 0
      vertex -0.771784 -22.4853 0
    endloop
  endfacet
  facet normal 0 0 1
    outer loop
      vertex -28 -70 0
      vertex -26 -35.5 0
      vertex -28 -20 0
    endloop
  endfacet
  facet normal 0 0 1
    outer loop
      vertex -5.5 -35.5 0
      vertex -28 -20 0
      vertex -26 -35.5 0
    endloop
  endfacet
  facet normal 0 0 1
    outer loop
      vertex -0.525329 -22.3832 0
      vertex -28 -20 0
      vertex -0.771784 -22.4853 0
    endloop
  endfacet
  facet normal 0 0 1
    outer loop
      vertex -0.265938 -22.3209 0
      vertex -28 -20 0
      vertex -0.525329 -22.3832 0
    endloop
  endfacet
  facet normal 0 0 1
    outer loop
      vertex 0 -22.3 0
      vertex -28 -20 0
      vertex -0.265938 -22.3209 0
    endloop
  endfacet
  facet normal -0 0 1
    outer loop
      vertex 26 -56.3 0
      vertex 28 -70 0
      vertex 26 -35.5 0
    endloop
  endfacet
  facet normal -0 0 1
    outer loop
      vertex 5.5 -56.3 0
      vertex 28 -70 0
      vertex 26 -56.3 0
    endloop
  endfacet
  facet normal 0 0 1
    outer loop
      vertex 5.5 -35.5 0
      vertex 1.7 -66 0
      vertex 5.5 -56.3 0
    endloop
  endfacet
  facet normal -0 0 1
    outer loop
      vertex 1.7 -66 0
      vertex 28 -70 0
      vertex 5.5 -56.3 0
    endloop
  endfacet
  facet normal -0 0 1
    outer loop
      vertex 1.67907 -66.2659 0
      vertex 28 -70 0
      vertex 1.7 -66 0
    endloop
  endfacet
  facet normal -0 0 1
    outer loop
      vertex 1.6168 -66.5253 0
      vertex 28 -70 0
      vertex 1.67907 -66.2659 0
    endloop
  endfacet
  facet normal -0 0 1
    outer loop
      vertex 1.51471 -66.7718 0
      vertex 28 -70 0
      vertex 1.6168 -66.5253 0
    endloop
  endfacet
  facet normal -0 0 1
    outer loop
      vertex 1.37533 -66.9992 0
      vertex 28 -70 0
      vertex 1.51471 -66.7718 0
    endloop
  endfacet
  facet normal -0 0 1
    outer loop
      vertex 1.20208 -67.2021 0
      vertex 28 -70 0
      vertex 1.37533 -66.9992 0
    endloop
  endfacet
  facet normal -0 0 1
    outer loop
      vertex 0.999234 -67.3753 0
      vertex 28 -70 0
      vertex 1.20208 -67.2021 0
    endloop
  endfacet
  facet normal -0 0 1
    outer loop
      vertex 0.771784 -67.5147 0
      vertex 28 -70 0
      vertex 0.999234 -67.3753 0
    endloop
  endfacet
  facet normal -0 0 1
    outer loop
      vertex 0.525329 -67.6168 0
      vertex 28 -70 0
      vertex 0.771784 -67.5147 0
    endloop
  endfacet
  facet normal -0 0 1
    outer loop
      vertex 0.265938 -67.6791 0
      vertex 28 -70 0
      vertex 0.525329 -67.6168 0
    endloop
  endfacet
  facet normal -0 0 1
    outer loop
      vertex 0 -67.7 0
      vertex 28 -70 0
      vertex 0.265938 -67.6791 0
    endloop
  endfacet
  facet normal 0 0 1
    outer loop
      vertex -28 -70 0
      vertex 0 -67.7 0
      vertex -0.265938 -67.6791 0
    endloop
  endfacet
  facet normal 0 0 1
    outer loop
      vertex -1.67907 -65.7341 0
      vertex -5.5 -56.3 0
      vertex -1.7 -66 0
    endloop
  endfacet
  facet normal 0 0 1
    outer loop
      vertex -28 -70 0
      vertex -1.7 -66 0
      vertex -5.5 -56.3 0
    endloop
  endfacet
  facet normal 0 0 1
    outer loop
      vertex -1.7 -66 0
      vertex -28 -70 0
      vertex -1.67907 -66.2659 0
    endloop
  endfacet
  facet normal 0 0 1
    outer loop
      vertex -28 -70 0
      vertex -5.5 -56.3 0
      vertex -26 -56.3 0
    endloop
  endfacet
  facet normal 0 0 1
    outer loop
      vertex -1.67907 -66.2659 0
      vertex -28 -70 0
      vertex -1.6168 -66.5253 0
    endloop
  endfacet
  facet normal 0 0 1
    outer loop
      vertex -1.6168 -66.5253 0
      vertex -28 -70 0
      vertex -1.51471 -66.7718 0
    endloop
  endfacet
  facet normal 0 0 1
    outer loop
      vertex -1.51471 -66.7718 0
      vertex -28 -70 0
      vertex -1.37533 -66.9992 0
    endloop
  endfacet
  facet normal 0 0 1
    outer loop
      vertex -1.37533 -66.9992 0
      vertex -28 -70 0
      vertex -1.20208 -67.2021 0
    endloop
  endfacet
  facet normal 0 0 1
    outer loop
      vertex -1.20208 -67.2021 0
      vertex -28 -70 0
      vertex -0.999234 -67.3753 0
    endloop
  endfacet
  facet normal 0 0 1
    outer loop
      vertex 0 -67.7 0
      vertex -28 -70 0
      vertex 28 -70 0
    endloop
  endfacet
  facet normal 0 0 1
    outer loop
      vertex -0.525329 -67.6168 0
      vertex -28 -70 0
      vertex -0.265938 -67.6791 0
    endloop
  endfacet
  facet normal 0 0 1
    outer loop
      vertex -0.771784 -67.5147 0
      vertex -28 -70 0
      vertex -0.525329 -67.6168 0
    endloop
  endfacet
  facet normal 0 0 1
    outer loop
      vertex -0.999234 -67.3753 0
      vertex -28 -70 0
      vertex -0.771784 -67.5147 0
    endloop
  endfacet
  facet normal 0 0 1
    outer loop
      vertex -26 -35.5 0
      vertex -28 -70 0
      vertex -26 -56.3 0
    endloop
  endfacet
  facet normal -0.972375 0.233423 0
    outer loop
      vertex 1.6168 -66.5253 -0.7
      vertex 1.67907 -66.2659 0
      vertex 1.67907 -66.2659 -0.7
    endloop
  endfacet
  facet normal -0.972375 0.233423 0
    outer loop
      vertex 1.67907 -66.2659 0
      vertex 1.6168 -66.5253 -0.7
      vertex 1.6168 -66.5253 0
    endloop
  endfacet
  facet normal -0.996916 0.0784711 0
    outer loop
      vertex 1.67907 -66.2659 -0.7
      vertex 1.7 -66 0
      vertex 1.7 -66 -0.7
    endloop
  endfacet
  facet normal -0.996916 0.0784711 0
    outer loop
      vertex 1.7 -66 0
      vertex 1.67907 -66.2659 -0.7
      vertex 1.67907 -66.2659 0
    endloop
  endfacet
  facet normal -0.923898 0.38264 0
    outer loop
      vertex 1.51471 -66.7718 -0.7
      vertex 1.6168 -66.5253 0
      vertex 1.6168 -66.5253 -0.7
    endloop
  endfacet
  facet normal -0.923898 0.38264 0
    outer loop
      vertex 1.6168 -66.5253 0
      vertex 1.51471 -66.7718 -0.7
      vertex 1.51471 -66.7718 0
    endloop
  endfacet
  facet normal -0.522549 -0.852609 0
    outer loop
      vertex 0.771784 -64.4853 -0.7
      vertex 0.999234 -64.6247 0
      vertex 0.771784 -64.4853 0
    endloop
  endfacet
  facet normal -0.522549 -0.852609 -0
    outer loop
      vertex 0.999234 -64.6247 0
      vertex 0.771784 -64.4853 -0.7
      vertex 0.999234 -64.6247 -0.7
    endloop
  endfacet
  facet normal 0.923898 0.38264 0
    outer loop
      vertex -1.51471 -66.7718 0
      vertex -1.6168 -66.5253 -0.7
      vertex -1.6168 -66.5253 0
    endloop
  endfacet
  facet normal 0.923898 0.38264 0
    outer loop
      vertex -1.6168 -66.5253 -0.7
      vertex -1.51471 -66.7718 0
      vertex -1.51471 -66.7718 -0.7
    endloop
  endfacet
  facet normal 0.522549 -0.852609 0
    outer loop
      vertex -0.999234 -64.6247 -0.7
      vertex -0.771784 -64.4853 0
      vertex -0.999234 -64.6247 0
    endloop
  endfacet
  facet normal 0.522549 -0.852609 0
    outer loop
      vertex -0.771784 -64.4853 0
      vertex -0.999234 -64.6247 -0.7
      vertex -0.771784 -64.4853 -0.7
    endloop
  endfacet
  facet normal -0.382731 -0.92386 0
    outer loop
      vertex 0.525329 -64.3832 -0.7
      vertex 0.771784 -64.4853 0
      vertex 0.525329 -64.3832 0
    endloop
  endfacet
  facet normal -0.382731 -0.92386 -0
    outer loop
      vertex 0.771784 -64.4853 0
      vertex 0.525329 -64.3832 -0.7
      vertex 0.771784 -64.4853 -0.7
    endloop
  endfacet
  facet normal 0.382731 0.92386 -0
    outer loop
      vertex -0.525329 -67.6168 -0.7
      vertex -0.771784 -67.5147 0
      vertex -0.525329 -67.6168 0
    endloop
  endfacet
  facet normal 0.382731 0.92386 0
    outer loop
      vertex -0.771784 -67.5147 0
      vertex -0.525329 -67.6168 -0.7
      vertex -0.771784 -67.5147 -0.7
    endloop
  endfacet
  facet normal 0.522549 0.852609 -0
    outer loop
      vertex -0.771784 -67.5147 -0.7
      vertex -0.999234 -67.3753 0
      vertex -0.771784 -67.5147 0
    endloop
  endfacet
  facet normal 0.522549 0.852609 0
    outer loop
      vertex -0.999234 -67.3753 0
      vertex -0.771784 -67.5147 -0.7
      vertex -0.999234 -67.3753 -0.7
    endloop
  endfacet
  facet normal 0.233537 0.972348 -0
    outer loop
      vertex -0.265938 -67.6791 -0.7
      vertex -0.525329 -67.6168 0
      vertex -0.265938 -67.6791 0
    endloop
  endfacet
  facet normal 0.233537 0.972348 0
    outer loop
      vertex -0.525329 -67.6168 0
      vertex -0.265938 -67.6791 -0.7
      vertex -0.525329 -67.6168 -0.7
    endloop
  endfacet
  facet normal -0.649346 -0.760493 0
    outer loop
      vertex 0.999234 -64.6247 -0.7
      vertex 1.20208 -64.7979 0
      vertex 0.999234 -64.6247 0
    endloop
  endfacet
  facet normal -0.649346 -0.760493 -0
    outer loop
      vertex 1.20208 -64.7979 0
      vertex 0.999234 -64.6247 -0.7
      vertex 1.20208 -64.7979 -0.7
    endloop
  endfacet
  facet normal 0.0783482 0.996926 -0
    outer loop
      vertex 0 -67.7 -0.7
      vertex -0.265938 -67.6791 0
      vertex 0 -67.7 0
    endloop
  endfacet
  facet normal 0.0783482 0.996926 0
    outer loop
      vertex -0.265938 -67.6791 0
      vertex 0 -67.7 -0.7
      vertex -0.265938 -67.6791 -0.7
    endloop
  endfacet
  facet normal 0.923898 -0.38264 0
    outer loop
      vertex -1.6168 -65.4747 0
      vertex -1.51471 -65.2282 -0.7
      vertex -1.51471 -65.2282 0
    endloop
  endfacet
  facet normal 0.923898 -0.38264 0
    outer loop
      vertex -1.51471 -65.2282 -0.7
      vertex -1.6168 -65.4747 0
      vertex -1.6168 -65.4747 -0.7
    endloop
  endfacet
  facet normal 0.760485 0.649355 0
    outer loop
      vertex -1.20208 -67.2021 0
      vertex -1.37533 -66.9992 -0.7
      vertex -1.37533 -66.9992 0
    endloop
  endfacet
  facet normal 0.760485 0.649355 0
    outer loop
      vertex -1.37533 -66.9992 -0.7
      vertex -1.20208 -67.2021 0
      vertex -1.20208 -67.2021 -0.7
    endloop
  endfacet
  facet normal 0.233537 -0.972348 0
    outer loop
      vertex -0.525329 -64.3832 -0.7
      vertex -0.265938 -64.3209 0
      vertex -0.525329 -64.3832 0
    endloop
  endfacet
  facet normal 0.233537 -0.972348 0
    outer loop
      vertex -0.265938 -64.3209 0
      vertex -0.525329 -64.3832 -0.7
      vertex -0.265938 -64.3209 -0.7
    endloop
  endfacet
  facet normal -0.923898 -0.38264 0
    outer loop
      vertex 1.6168 -65.4747 -0.7
      vertex 1.51471 -65.2282 0
      vertex 1.51471 -65.2282 -0.7
    endloop
  endfacet
  facet normal -0.923898 -0.38264 0
    outer loop
      vertex 1.51471 -65.2282 0
      vertex 1.6168 -65.4747 -0.7
      vertex 1.6168 -65.4747 0
    endloop
  endfacet
  facet normal 0.760485 -0.649355 0
    outer loop
      vertex -1.37533 -65.0008 0
      vertex -1.20208 -64.7979 -0.7
      vertex -1.20208 -64.7979 0
    endloop
  endfacet
  facet normal 0.760485 -0.649355 0
    outer loop
      vertex -1.20208 -64.7979 -0.7
      vertex -1.37533 -65.0008 0
      vertex -1.37533 -65.0008 -0.7
    endloop
  endfacet
  facet normal 0.649346 0.760493 -0
    outer loop
      vertex -0.999234 -67.3753 -0.7
      vertex -1.20208 -67.2021 0
      vertex -0.999234 -67.3753 0
    endloop
  endfacet
  facet normal 0.649346 0.760493 0
    outer loop
      vertex -1.20208 -67.2021 0
      vertex -0.999234 -67.3753 -0.7
      vertex -1.20208 -67.2021 -0.7
    endloop
  endfacet
  facet normal -0.0783482 -0.996926 0
    outer loop
      vertex 0 -64.3 -0.7
      vertex 0.265938 -64.3209 0
      vertex 0 -64.3 0
    endloop
  endfacet
  facet normal -0.0783482 -0.996926 -0
    outer loop
      vertex 0.265938 -64.3209 0
      vertex 0 -64.3 -0.7
      vertex 0.265938 -64.3209 -0.7
    endloop
  endfacet
  facet normal -0.852592 -0.522578 0
    outer loop
      vertex 1.51471 -65.2282 -0.7
      vertex 1.37533 -65.0008 0
      vertex 1.37533 -65.0008 -0.7
    endloop
  endfacet
  facet normal -0.852592 -0.522578 0
    outer loop
      vertex 1.37533 -65.0008 0
      vertex 1.51471 -65.2282 -0.7
      vertex 1.51471 -65.2282 0
    endloop
  endfacet
  facet normal -0.852592 0.522578 0
    outer loop
      vertex 1.37533 -66.9992 -0.7
      vertex 1.51471 -66.7718 0
      vertex 1.51471 -66.7718 -0.7
    endloop
  endfacet
  facet normal -0.852592 0.522578 0
    outer loop
      vertex 1.51471 -66.7718 0
      vertex 1.37533 -66.9992 -0.7
      vertex 1.37533 -66.9992 0
    endloop
  endfacet
  facet normal -0.996916 -0.0784711 0
    outer loop
      vertex 1.7 -66 -0.7
      vertex 1.67907 -65.7341 0
      vertex 1.67907 -65.7341 -0.7
    endloop
  endfacet
  facet normal -0.996916 -0.0784711 0
    outer loop
      vertex 1.67907 -65.7341 0
      vertex 1.7 -66 -0.7
      vertex 1.7 -66 0
    endloop
  endfacet
  facet normal -0.972375 -0.233423 0
    outer loop
      vertex 1.67907 -65.7341 -0.7
      vertex 1.6168 -65.4747 0
      vertex 1.6168 -65.4747 -0.7
    endloop
  endfacet
  facet normal -0.972375 -0.233423 0
    outer loop
      vertex 1.6168 -65.4747 0
      vertex 1.67907 -65.7341 -0.7
      vertex 1.67907 -65.7341 0
    endloop
  endfacet
  facet normal 0.972375 -0.233423 0
    outer loop
      vertex -1.67907 -65.7341 0
      vertex -1.6168 -65.4747 -0.7
      vertex -1.6168 -65.4747 0
    endloop
  endfacet
  facet normal 0.972375 -0.233423 0
    outer loop
      vertex -1.6168 -65.4747 -0.7
      vertex -1.67907 -65.7341 0
      vertex -1.67907 -65.7341 -0.7
    endloop
  endfacet
  facet normal -0.522549 0.852609 0
    outer loop
      vertex 0.999234 -67.3753 -0.7
      vertex 0.771784 -67.5147 0
      vertex 0.999234 -67.3753 0
    endloop
  endfacet
  facet normal -0.522549 0.852609 0
    outer loop
      vertex 0.771784 -67.5147 0
      vertex 0.999234 -67.3753 -0.7
      vertex 0.771784 -67.5147 -0.7
    endloop
  endfacet
  facet normal -0.760485 0.649355 0
    outer loop
      vertex 1.20208 -67.2021 -0.7
      vertex 1.37533 -66.9992 0
      vertex 1.37533 -66.9992 -0.7
    endloop
  endfacet
  facet normal -0.760485 0.649355 0
    outer loop
      vertex 1.37533 -66.9992 0
      vertex 1.20208 -67.2021 -0.7
      vertex 1.20208 -67.2021 0
    endloop
  endfacet
  facet normal 0.996916 0.0784711 0
    outer loop
      vertex -1.67907 -66.2659 0
      vertex -1.7 -66 -0.7
      vertex -1.7 -66 0
    endloop
  endfacet
  facet normal 0.996916 0.0784711 0
    outer loop
      vertex -1.7 -66 -0.7
      vertex -1.67907 -66.2659 0
      vertex -1.67907 -66.2659 -0.7
    endloop
  endfacet
  facet normal -0.649346 0.760493 0
    outer loop
      vertex 1.20208 -67.2021 -0.7
      vertex 0.999234 -67.3753 0
      vertex 1.20208 -67.2021 0
    endloop
  endfacet
  facet normal -0.649346 0.760493 0
    outer loop
      vertex 0.999234 -67.3753 0
      vertex 1.20208 -67.2021 -0.7
      vertex 0.999234 -67.3753 -0.7
    endloop
  endfacet
  facet normal -0.233537 -0.972348 0
    outer loop
      vertex 0.265938 -64.3209 -0.7
      vertex 0.525329 -64.3832 0
      vertex 0.265938 -64.3209 0
    endloop
  endfacet
  facet normal -0.233537 -0.972348 -0
    outer loop
      vertex 0.525329 -64.3832 0
      vertex 0.265938 -64.3209 -0.7
      vertex 0.525329 -64.3832 -0.7
    endloop
  endfacet
  facet normal 0.852592 -0.522578 0
    outer loop
      vertex -1.51471 -65.2282 0
      vertex -1.37533 -65.0008 -0.7
      vertex -1.37533 -65.0008 0
    endloop
  endfacet
  facet normal 0.852592 -0.522578 0
    outer loop
      vertex -1.37533 -65.0008 -0.7
      vertex -1.51471 -65.2282 0
      vertex -1.51471 -65.2282 -0.7
    endloop
  endfacet
  facet normal -0.0783482 0.996926 0
    outer loop
      vertex 0.265938 -67.6791 -0.7
      vertex 0 -67.7 0
      vertex 0.265938 -67.6791 0
    endloop
  endfacet
  facet normal -0.0783482 0.996926 0
    outer loop
      vertex 0 -67.7 0
      vertex 0.265938 -67.6791 -0.7
      vertex 0 -67.7 -0.7
    endloop
  endfacet
  facet normal 0.649346 -0.760493 0
    outer loop
      vertex -1.20208 -64.7979 -0.7
      vertex -0.999234 -64.6247 0
      vertex -1.20208 -64.7979 0
    endloop
  endfacet
  facet normal 0.649346 -0.760493 0
    outer loop
      vertex -0.999234 -64.6247 0
      vertex -1.20208 -64.7979 -0.7
      vertex -0.999234 -64.6247 -0.7
    endloop
  endfacet
  facet normal -0.760485 -0.649355 0
    outer loop
      vertex 1.37533 -65.0008 -0.7
      vertex 1.20208 -64.7979 0
      vertex 1.20208 -64.7979 -0.7
    endloop
  endfacet
  facet normal -0.760485 -0.649355 0
    outer loop
      vertex 1.20208 -64.7979 0
      vertex 1.37533 -65.0008 -0.7
      vertex 1.37533 -65.0008 0
    endloop
  endfacet
  facet normal 0.852592 0.522578 0
    outer loop
      vertex -1.37533 -66.9992 0
      vertex -1.51471 -66.7718 -0.7
      vertex -1.51471 -66.7718 0
    endloop
  endfacet
  facet normal 0.852592 0.522578 0
    outer loop
      vertex -1.51471 -66.7718 -0.7
      vertex -1.37533 -66.9992 0
      vertex -1.37533 -66.9992 -0.7
    endloop
  endfacet
  facet normal 0.996916 -0.0784711 0
    outer loop
      vertex -1.7 -66 0
      vertex -1.67907 -65.7341 -0.7
      vertex -1.67907 -65.7341 0
    endloop
  endfacet
  facet normal 0.996916 -0.0784711 0
    outer loop
      vertex -1.67907 -65.7341 -0.7
      vertex -1.7 -66 0
      vertex -1.7 -66 -0.7
    endloop
  endfacet
  facet normal 0.382731 -0.92386 0
    outer loop
      vertex -0.771784 -64.4853 -0.7
      vertex -0.525329 -64.3832 0
      vertex -0.771784 -64.4853 0
    endloop
  endfacet
  facet normal 0.382731 -0.92386 0
    outer loop
      vertex -0.525329 -64.3832 0
      vertex -0.771784 -64.4853 -0.7
      vertex -0.525329 -64.3832 -0.7
    endloop
  endfacet
  facet normal -0.382731 0.92386 0
    outer loop
      vertex 0.771784 -67.5147 -0.7
      vertex 0.525329 -67.6168 0
      vertex 0.771784 -67.5147 0
    endloop
  endfacet
  facet normal -0.382731 0.92386 0
    outer loop
      vertex 0.525329 -67.6168 0
      vertex 0.771784 -67.5147 -0.7
      vertex 0.525329 -67.6168 -0.7
    endloop
  endfacet
  facet normal -0.233537 0.972348 0
    outer loop
      vertex 0.525329 -67.6168 -0.7
      vertex 0.265938 -67.6791 0
      vertex 0.525329 -67.6168 0
    endloop
  endfacet
  facet normal -0.233537 0.972348 0
    outer loop
      vertex 0.265938 -67.6791 0
      vertex 0.525329 -67.6168 -0.7
      vertex 0.265938 -67.6791 -0.7
    endloop
  endfacet
  facet normal 0.972375 0.233423 0
    outer loop
      vertex -1.6168 -66.5253 0
      vertex -1.67907 -66.2659 -0.7
      vertex -1.67907 -66.2659 0
    endloop
  endfacet
  facet normal 0.972375 0.233423 0
    outer loop
      vertex -1.67907 -66.2659 -0.7
      vertex -1.6168 -66.5253 0
      vertex -1.6168 -66.5253 -0.7
    endloop
  endfacet
  facet normal 0.0783482 -0.996926 0
    outer loop
      vertex -0.265938 -64.3209 -0.7
      vertex 0 -64.3 0
      vertex -0.265938 -64.3209 0
    endloop
  endfacet
  facet normal 0.0783482 -0.996926 0
    outer loop
      vertex 0 -64.3 0
      vertex -0.265938 -64.3209 -0.7
      vertex 0 -64.3 -0.7
    endloop
  endfacet
  facet normal 0.923904 0.382624 0
    outer loop
      vertex -2.67302 -67.362 -0.7
      vertex -2.85317 -66.927 -2.5
      vertex -2.85317 -66.927 -0.7
    endloop
  endfacet
  facet normal 0.923904 0.382624 0
    outer loop
      vertex -2.85317 -66.927 -2.5
      vertex -2.67302 -67.362 -0.7
      vertex -2.67302 -67.362 -2.5
    endloop
  endfacet
  facet normal -0.972367 0.233457 0
    outer loop
      vertex 2.85317 -66.927 -2.5
      vertex 2.96306 -66.4693 -0.7
      vertex 2.96306 -66.4693 -2.5
    endloop
  endfacet
  facet normal -0.972367 0.233457 0
    outer loop
      vertex 2.96306 -66.4693 -0.7
      vertex 2.85317 -66.927 -2.5
      vertex 2.85317 -66.927 -0.7
    endloop
  endfacet
  facet normal -0.996916 0.0784703 0
    outer loop
      vertex 2.96306 -66.4693 -2.5
      vertex 3 -66 -0.7
      vertex 3 -66 -2.5
    endloop
  endfacet
  facet normal -0.996916 0.0784703 0
    outer loop
      vertex 3 -66 -0.7
      vertex 2.96306 -66.4693 -2.5
      vertex 2.96306 -66.4693 -0.7
    endloop
  endfacet
  facet normal -0.923904 0.382624 0
    outer loop
      vertex 2.67302 -67.362 -2.5
      vertex 2.85317 -66.927 -0.7
      vertex 2.85317 -66.927 -2.5
    endloop
  endfacet
  facet normal -0.923904 0.382624 0
    outer loop
      vertex 2.85317 -66.927 -0.7
      vertex 2.67302 -67.362 -2.5
      vertex 2.67302 -67.362 -0.7
    endloop
  endfacet
  facet normal -0.522387 -0.852708 0
    outer loop
      vertex 1.36197 -63.327 -2.5
      vertex 1.76336 -63.5729 -0.7
      vertex 1.36197 -63.327 -0.7
    endloop
  endfacet
  facet normal -0.522387 -0.852708 -0
    outer loop
      vertex 1.76336 -63.5729 -0.7
      vertex 1.36197 -63.327 -2.5
      vertex 1.76336 -63.5729 -2.5
    endloop
  endfacet
  facet normal -0.972367 -0.233457 0
    outer loop
      vertex 2.96306 -65.5307 -2.5
      vertex 2.85317 -65.073 -0.7
      vertex 2.85317 -65.073 -2.5
    endloop
  endfacet
  facet normal -0.972367 -0.233457 0
    outer loop
      vertex 2.85317 -65.073 -0.7
      vertex 2.96306 -65.5307 -2.5
      vertex 2.96306 -65.5307 -0.7
    endloop
  endfacet
  facet normal -0.382775 -0.923841 0
    outer loop
      vertex 0.927051 -63.1468 -2.5
      vertex 1.36197 -63.327 -0.7
      vertex 0.927051 -63.1468 -0.7
    endloop
  endfacet
  facet normal -0.382775 -0.923841 -0
    outer loop
      vertex 1.36197 -63.327 -0.7
      vertex 0.927051 -63.1468 -2.5
      vertex 1.36197 -63.327 -2.5
    endloop
  endfacet
  facet normal 0.382775 0.923841 -0
    outer loop
      vertex -0.927051 -68.8532 -2.5
      vertex -1.36197 -68.673 -0.7
      vertex -0.927051 -68.8532 -0.7
    endloop
  endfacet
  facet normal 0.382775 0.923841 0
    outer loop
      vertex -1.36197 -68.673 -0.7
      vertex -0.927051 -68.8532 -2.5
      vertex -1.36197 -68.673 -2.5
    endloop
  endfacet
  facet normal 0.522542 0.852614 -0
    outer loop
      vertex -1.36197 -68.673 -2.5
      vertex -1.76336 -68.427 -0.7
      vertex -1.36197 -68.673 -0.7
    endloop
  endfacet
  facet normal 0.522542 0.852614 0
    outer loop
      vertex -1.76336 -68.427 -0.7
      vertex -1.36197 -68.673 -2.5
      vertex -1.76336 -68.427 -2.5
    endloop
  endfacet
  facet normal -0.649415 0.760434 0
    outer loop
      vertex 2.12132 -68.1213 -2.5
      vertex 1.76336 -68.427 -0.7
      vertex 2.12132 -68.1213 -0.7
    endloop
  endfacet
  facet normal -0.649415 0.760434 0
    outer loop
      vertex 1.76336 -68.427 -0.7
      vertex 2.12132 -68.1213 -2.5
      vertex 1.76336 -68.427 -2.5
    endloop
  endfacet
  facet normal 0.233454 0.972368 -0
    outer loop
      vertex -0.469303 -68.9631 -2.5
      vertex -0.927051 -68.8532 -0.7
      vertex -0.469303 -68.9631 -0.7
    endloop
  endfacet
  facet normal 0.233454 0.972368 0
    outer loop
      vertex -0.927051 -68.8532 -0.7
      vertex -0.469303 -68.9631 -2.5
      vertex -0.927051 -68.8532 -2.5
    endloop
  endfacet
  facet normal 0.923904 -0.382624 0
    outer loop
      vertex -2.85317 -65.073 -0.7
      vertex -2.67302 -64.638 -2.5
      vertex -2.67302 -64.638 -0.7
    endloop
  endfacet
  facet normal 0.923904 -0.382624 0
    outer loop
      vertex -2.67302 -64.638 -2.5
      vertex -2.85317 -65.073 -0.7
      vertex -2.85317 -65.073 -2.5
    endloop
  endfacet
  facet normal 0.0783853 0.996923 -0
    outer loop
      vertex 0 -69 -2.5
      vertex -0.469303 -68.9631 -0.7
      vertex 0 -69 -0.7
    endloop
  endfacet
  facet normal 0.0783853 0.996923 0
    outer loop
      vertex -0.469303 -68.9631 -0.7
      vertex 0 -69 -2.5
      vertex -0.469303 -68.9631 -2.5
    endloop
  endfacet
  facet normal 0.233454 -0.972368 0
    outer loop
      vertex -0.927051 -63.1468 -2.5
      vertex -0.469303 -63.0369 -0.7
      vertex -0.927051 -63.1468 -0.7
    endloop
  endfacet
  facet normal 0.233454 -0.972368 0
    outer loop
      vertex -0.469303 -63.0369 -0.7
      vertex -0.927051 -63.1468 -2.5
      vertex -0.469303 -63.0369 -2.5
    endloop
  endfacet
  facet normal 0 0 -1
    outer loop
      vertex 1.7 -66 -0.7
      vertex 3 -66 -0.7
      vertex 2.96306 -66.4693 -0.7
    endloop
  endfacet
  facet normal 0 0 -1
    outer loop
      vertex 1.67907 -66.2659 -0.7
      vertex 2.96306 -66.4693 -0.7
      vertex 2.85317 -66.927 -0.7
    endloop
  endfacet
  facet normal 0 0 -1
    outer loop
      vertex 3 -66 -0.7
      vertex 1.7 -66 -0.7
      vertex 2.96306 -65.5307 -0.7
    endloop
  endfacet
  facet normal 0 0 -1
    outer loop
      vertex 1.6168 -66.5253 -0.7
      vertex 2.85317 -66.927 -0.7
      vertex 2.67302 -67.362 -0.7
    endloop
  endfacet
  facet normal 0 0 -1
    outer loop
      vertex 1.67907 -65.7341 -0.7
      vertex 2.96306 -65.5307 -0.7
      vertex 1.7 -66 -0.7
    endloop
  endfacet
  facet normal 0 0 -1
    outer loop
      vertex 1.51471 -66.7718 -0.7
      vertex 2.67302 -67.362 -0.7
      vertex 2.42705 -67.7634 -0.7
    endloop
  endfacet
  facet normal -0 0 -1
    outer loop
      vertex 2.96306 -65.5307 -0.7
      vertex 1.67907 -65.7341 -0.7
      vertex 2.85317 -65.073 -0.7
    endloop
  endfacet
  facet normal 0 0 -1
    outer loop
      vertex 1.37533 -66.9992 -0.7
      vertex 2.42705 -67.7634 -0.7
      vertex 2.12132 -68.1213 -0.7
    endloop
  endfacet
  facet normal 0 0 -1
    outer loop
      vertex 1.6168 -65.4747 -0.7
      vertex 2.85317 -65.073 -0.7
      vertex 1.67907 -65.7341 -0.7
    endloop
  endfacet
  facet normal 0 0 -1
    outer loop
      vertex 1.20208 -67.2021 -0.7
      vertex 2.12132 -68.1213 -0.7
      vertex 1.76336 -68.427 -0.7
    endloop
  endfacet
  facet normal -0 0 -1
    outer loop
      vertex 2.85317 -65.073 -0.7
      vertex 1.6168 -65.4747 -0.7
      vertex 2.67302 -64.638 -0.7
    endloop
  endfacet
  facet normal 0 0 -1
    outer loop
      vertex 1.51471 -65.2282 -0.7
      vertex 2.67302 -64.638 -0.7
      vertex 1.6168 -65.4747 -0.7
    endloop
  endfacet
  facet normal 0 0 -1
    outer loop
      vertex 2.96306 -66.4693 -0.7
      vertex 1.67907 -66.2659 -0.7
      vertex 1.7 -66 -0.7
    endloop
  endfacet
  facet normal 0 0 -1
    outer loop
      vertex 2.85317 -66.927 -0.7
      vertex 1.6168 -66.5253 -0.7
      vertex 1.67907 -66.2659 -0.7
    endloop
  endfacet
  facet normal 0 0 -1
    outer loop
      vertex 2.67302 -67.362 -0.7
      vertex 1.51471 -66.7718 -0.7
      vertex 1.6168 -66.5253 -0.7
    endloop
  endfacet
  facet normal 0 0 -1
    outer loop
      vertex 2.42705 -67.7634 -0.7
      vertex 1.37533 -66.9992 -0.7
      vertex 1.51471 -66.7718 -0.7
    endloop
  endfacet
  facet normal 0 0 -1
    outer loop
      vertex 0.999234 -67.3753 -0.7
      vertex 1.76336 -68.427 -0.7
      vertex 1.36197 -68.673 -0.7
    endloop
  endfacet
  facet normal 0 0 -1
    outer loop
      vertex 2.12132 -68.1213 -0.7
      vertex 1.20208 -67.2021 -0.7
      vertex 1.37533 -66.9992 -0.7
    endloop
  endfacet
  facet normal 0 0 -1
    outer loop
      vertex 1.76336 -68.427 -0.7
      vertex 0.999234 -67.3753 -0.7
      vertex 1.20208 -67.2021 -0.7
    endloop
  endfacet
  facet normal 0 0 -1
    outer loop
      vertex 0.771784 -67.5147 -0.7
      vertex 1.36197 -68.673 -0.7
      vertex 0.927051 -68.8532 -0.7
    endloop
  endfacet
  facet normal 0 0 -1
    outer loop
      vertex 1.36197 -68.673 -0.7
      vertex 0.771784 -67.5147 -0.7
      vertex 0.999234 -67.3753 -0.7
    endloop
  endfacet
  facet normal 0 0 -1
    outer loop
      vertex 0.927051 -68.8532 -0.7
      vertex 0.525329 -67.6168 -0.7
      vertex 0.771784 -67.5147 -0.7
    endloop
  endfacet
  facet normal 0 0 -1
    outer loop
      vertex 0.469303 -68.9631 -0.7
      vertex 0.525329 -67.6168 -0.7
      vertex 0.927051 -68.8532 -0.7
    endloop
  endfacet
  facet normal 0 0 -1
    outer loop
      vertex 0.469303 -68.9631 -0.7
      vertex 0.265938 -67.6791 -0.7
      vertex 0.525329 -67.6168 -0.7
    endloop
  endfacet
  facet normal 0 0 -1
    outer loop
      vertex 0 -69 -0.7
      vertex 0.265938 -67.6791 -0.7
      vertex 0.469303 -68.9631 -0.7
    endloop
  endfacet
  facet normal 0 0 -1
    outer loop
      vertex 0 -69 -0.7
      vertex 0 -67.7 -0.7
      vertex 0.265938 -67.6791 -0.7
    endloop
  endfacet
  facet normal 0 0 -1
    outer loop
      vertex 0 -69 -0.7
      vertex -0.265938 -67.6791 -0.7
      vertex 0 -67.7 -0.7
    endloop
  endfacet
  facet normal 0 0 -1
    outer loop
      vertex -0.469303 -68.9631 -0.7
      vertex -0.265938 -67.6791 -0.7
      vertex 0 -69 -0.7
    endloop
  endfacet
  facet normal 0 0 -1
    outer loop
      vertex -0.469303 -68.9631 -0.7
      vertex -0.525329 -67.6168 -0.7
      vertex -0.265938 -67.6791 -0.7
    endloop
  endfacet
  facet normal 0 0 -1
    outer loop
      vertex -0.927051 -68.8532 -0.7
      vertex -0.525329 -67.6168 -0.7
      vertex -0.469303 -68.9631 -0.7
    endloop
  endfacet
  facet normal -0 0 -1
    outer loop
      vertex -0.525329 -67.6168 -0.7
      vertex -0.927051 -68.8532 -0.7
      vertex -0.771784 -67.5147 -0.7
    endloop
  endfacet
  facet normal 0 0 -1
    outer loop
      vertex -1.36197 -68.673 -0.7
      vertex -0.771784 -67.5147 -0.7
      vertex -0.927051 -68.8532 -0.7
    endloop
  endfacet
  facet normal -0 0 -1
    outer loop
      vertex -0.771784 -67.5147 -0.7
      vertex -1.36197 -68.673 -0.7
      vertex -0.999234 -67.3753 -0.7
    endloop
  endfacet
  facet normal 0 0 -1
    outer loop
      vertex -1.76336 -68.427 -0.7
      vertex -0.999234 -67.3753 -0.7
      vertex -1.36197 -68.673 -0.7
    endloop
  endfacet
  facet normal -0 0 -1
    outer loop
      vertex -0.999234 -67.3753 -0.7
      vertex -1.76336 -68.427 -0.7
      vertex -1.20208 -67.2021 -0.7
    endloop
  endfacet
  facet normal 0 0 -1
    outer loop
      vertex -2.12132 -68.1213 -0.7
      vertex -1.20208 -67.2021 -0.7
      vertex -1.76336 -68.427 -0.7
    endloop
  endfacet
  facet normal -0 0 -1
    outer loop
      vertex -1.20208 -67.2021 -0.7
      vertex -2.12132 -68.1213 -0.7
      vertex -1.37533 -66.9992 -0.7
    endloop
  endfacet
  facet normal 0 0 -1
    outer loop
      vertex -2.42705 -67.7634 -0.7
      vertex -1.37533 -66.9992 -0.7
      vertex -2.12132 -68.1213 -0.7
    endloop
  endfacet
  facet normal 0 0 -1
    outer loop
      vertex -2.67302 -67.362 -0.7
      vertex -1.51471 -66.7718 -0.7
      vertex -2.42705 -67.7634 -0.7
    endloop
  endfacet
  facet normal -0 0 -1
    outer loop
      vertex -1.37533 -66.9992 -0.7
      vertex -2.42705 -67.7634 -0.7
      vertex -1.51471 -66.7718 -0.7
    endloop
  endfacet
  facet normal -0 0 -1
    outer loop
      vertex 2.67302 -64.638 -0.7
      vertex 1.51471 -65.2282 -0.7
      vertex 2.42705 -64.2366 -0.7
    endloop
  endfacet
  facet normal 0 0 -1
    outer loop
      vertex 1.37533 -65.0008 -0.7
      vertex 2.42705 -64.2366 -0.7
      vertex 1.51471 -65.2282 -0.7
    endloop
  endfacet
  facet normal -0 0 -1
    outer loop
      vertex 2.42705 -64.2366 -0.7
      vertex 1.37533 -65.0008 -0.7
      vertex 2.12132 -63.8787 -0.7
    endloop
  endfacet
  facet normal 0 0 -1
    outer loop
      vertex 1.20208 -64.7979 -0.7
      vertex 2.12132 -63.8787 -0.7
      vertex 1.37533 -65.0008 -0.7
    endloop
  endfacet
  facet normal -0 0 -1
    outer loop
      vertex 2.12132 -63.8787 -0.7
      vertex 1.20208 -64.7979 -0.7
      vertex 1.76336 -63.5729 -0.7
    endloop
  endfacet
  facet normal 0 0 -1
    outer loop
      vertex 0.999234 -64.6247 -0.7
      vertex 1.76336 -63.5729 -0.7
      vertex 1.20208 -64.7979 -0.7
    endloop
  endfacet
  facet normal -0 0 -1
    outer loop
      vertex 1.76336 -63.5729 -0.7
      vertex 0.999234 -64.6247 -0.7
      vertex 1.36197 -63.327 -0.7
    endloop
  endfacet
  facet normal 0 0 -1
    outer loop
      vertex 0.771784 -64.4853 -0.7
      vertex 1.36197 -63.327 -0.7
      vertex 0.999234 -64.6247 -0.7
    endloop
  endfacet
  facet normal -0 0 -1
    outer loop
      vertex 1.36197 -63.327 -0.7
      vertex 0.771784 -64.4853 -0.7
      vertex 0.927051 -63.1468 -0.7
    endloop
  endfacet
  facet normal 0 0 -1
    outer loop
      vertex 0.525329 -64.3832 -0.7
      vertex 0.927051 -63.1468 -0.7
      vertex 0.771784 -64.4853 -0.7
    endloop
  endfacet
  facet normal 0 0 -1
    outer loop
      vertex 0.525329 -64.3832 -0.7
      vertex 0.469303 -63.0369 -0.7
      vertex 0.927051 -63.1468 -0.7
    endloop
  endfacet
  facet normal 0 0 -1
    outer loop
      vertex 0.265938 -64.3209 -0.7
      vertex 0.469303 -63.0369 -0.7
      vertex 0.525329 -64.3832 -0.7
    endloop
  endfacet
  facet normal 0 0 -1
    outer loop
      vertex 0 -64.3 -0.7
      vertex 0.469303 -63.0369 -0.7
      vertex 0.265938 -64.3209 -0.7
    endloop
  endfacet
  facet normal 0 0 -1
    outer loop
      vertex 0 -64.3 -0.7
      vertex 0 -63 -0.7
      vertex 0.469303 -63.0369 -0.7
    endloop
  endfacet
  facet normal 0 0 -1
    outer loop
      vertex -0.265938 -64.3209 -0.7
      vertex 0 -63 -0.7
      vertex 0 -64.3 -0.7
    endloop
  endfacet
  facet normal 0 0 -1
    outer loop
      vertex -0.265938 -64.3209 -0.7
      vertex -0.469303 -63.0369 -0.7
      vertex 0 -63 -0.7
    endloop
  endfacet
  facet normal 0 0 -1
    outer loop
      vertex -0.525329 -64.3832 -0.7
      vertex -0.469303 -63.0369 -0.7
      vertex -0.265938 -64.3209 -0.7
    endloop
  endfacet
  facet normal 0 0 -1
    outer loop
      vertex -0.927051 -63.1468 -0.7
      vertex -0.525329 -64.3832 -0.7
      vertex -0.771784 -64.4853 -0.7
    endloop
  endfacet
  facet normal 0 0 -1
    outer loop
      vertex -0.525329 -64.3832 -0.7
      vertex -0.927051 -63.1468 -0.7
      vertex -0.469303 -63.0369 -0.7
    endloop
  endfacet
  facet normal 0 0 -1
    outer loop
      vertex -1.36197 -63.327 -0.7
      vertex -0.771784 -64.4853 -0.7
      vertex -0.999234 -64.6247 -0.7
    endloop
  endfacet
  facet normal 0 0 -1
    outer loop
      vertex -1.76336 -63.5729 -0.7
      vertex -0.999234 -64.6247 -0.7
      vertex -1.20208 -64.7979 -0.7
    endloop
  endfacet
  facet normal 0 0 -1
    outer loop
      vertex -0.771784 -64.4853 -0.7
      vertex -1.36197 -63.327 -0.7
      vertex -0.927051 -63.1468 -0.7
    endloop
  endfacet
  facet normal 0 0 -1
    outer loop
      vertex -2.12132 -63.8787 -0.7
      vertex -1.20208 -64.7979 -0.7
      vertex -1.37533 -65.0008 -0.7
    endloop
  endfacet
  facet normal 0 0 -1
    outer loop
      vertex -2.42705 -64.2366 -0.7
      vertex -1.37533 -65.0008 -0.7
      vertex -1.51471 -65.2282 -0.7
    endloop
  endfacet
  facet normal 0 0 -1
    outer loop
      vertex -2.67302 -64.638 -0.7
      vertex -1.51471 -65.2282 -0.7
      vertex -1.6168 -65.4747 -0.7
    endloop
  endfacet
  facet normal 0 0 -1
    outer loop
      vertex -2.85317 -65.073 -0.7
      vertex -1.6168 -65.4747 -0.7
      vertex -1.67907 -65.7341 -0.7
    endloop
  endfacet
  facet normal 0 0 -1
    outer loop
      vertex -0.999234 -64.6247 -0.7
      vertex -1.76336 -63.5729 -0.7
      vertex -1.36197 -63.327 -0.7
    endloop
  endfacet
  facet normal 0 0 -1
    outer loop
      vertex -2.96306 -65.5307 -0.7
      vertex -1.67907 -65.7341 -0.7
      vertex -1.7 -66 -0.7
    endloop
  endfacet
  facet normal -0 0 -1
    outer loop
      vertex -1.51471 -66.7718 -0.7
      vertex -2.67302 -67.362 -0.7
      vertex -1.6168 -66.5253 -0.7
    endloop
  endfacet
  facet normal 0 0 -1
    outer loop
      vertex -2.85317 -66.927 -0.7
      vertex -1.6168 -66.5253 -0.7
      vertex -2.67302 -67.362 -0.7
    endloop
  endfacet
  facet normal 0 0 -1
    outer loop
      vertex -1.20208 -64.7979 -0.7
      vertex -2.12132 -63.8787 -0.7
      vertex -1.76336 -63.5729 -0.7
    endloop
  endfacet
  facet normal -0 0 -1
    outer loop
      vertex -1.6168 -66.5253 -0.7
      vertex -2.85317 -66.927 -0.7
      vertex -1.67907 -66.2659 -0.7
    endloop
  endfacet
  facet normal 0 0 -1
    outer loop
      vertex -1.37533 -65.0008 -0.7
      vertex -2.42705 -64.2366 -0.7
      vertex -2.12132 -63.8787 -0.7
    endloop
  endfacet
  facet normal 0 0 -1
    outer loop
      vertex -2.96306 -66.4693 -0.7
      vertex -1.67907 -66.2659 -0.7
      vertex -2.85317 -66.927 -0.7
    endloop
  endfacet
  facet normal 0 0 -1
    outer loop
      vertex -1.51471 -65.2282 -0.7
      vertex -2.67302 -64.638 -0.7
      vertex -2.42705 -64.2366 -0.7
    endloop
  endfacet
  facet normal -0 0 -1
    outer loop
      vertex -1.67907 -66.2659 -0.7
      vertex -2.96306 -66.4693 -0.7
      vertex -1.7 -66 -0.7
    endloop
  endfacet
  facet normal 0 0 -1
    outer loop
      vertex -1.6168 -65.4747 -0.7
      vertex -2.85317 -65.073 -0.7
      vertex -2.67302 -64.638 -0.7
    endloop
  endfacet
  facet normal 0 0 -1
    outer loop
      vertex -3 -66 -0.7
      vertex -1.7 -66 -0.7
      vertex -2.96306 -66.4693 -0.7
    endloop
  endfacet
  facet normal 0 0 -1
    outer loop
      vertex -1.67907 -65.7341 -0.7
      vertex -2.96306 -65.5307 -0.7
      vertex -2.85317 -65.073 -0.7
    endloop
  endfacet
  facet normal 0 0 -1
    outer loop
      vertex -1.7 -66 -0.7
      vertex -3 -66 -0.7
      vertex -2.96306 -65.5307 -0.7
    endloop
  endfacet
  facet normal -0.923904 -0.382624 0
    outer loop
      vertex 2.85317 -65.073 -2.5
      vertex 2.67302 -64.638 -0.7
      vertex 2.67302 -64.638 -2.5
    endloop
  endfacet
  facet normal -0.923904 -0.382624 0
    outer loop
      vertex 2.67302 -64.638 -0.7
      vertex 2.85317 -65.073 -2.5
      vertex 2.85317 -65.073 -0.7
    endloop
  endfacet
  facet normal 0.760349 -0.649515 0
    outer loop
      vertex -2.42705 -64.2366 -0.7
      vertex -2.12132 -63.8787 -2.5
      vertex -2.12132 -63.8787 -0.7
    endloop
  endfacet
  facet normal 0.760349 -0.649515 0
    outer loop
      vertex -2.12132 -63.8787 -2.5
      vertex -2.42705 -64.2366 -0.7
      vertex -2.42705 -64.2366 -2.5
    endloop
  endfacet
  facet normal 0.649415 0.760434 -0
    outer loop
      vertex -1.76336 -68.427 -2.5
      vertex -2.12132 -68.1213 -0.7
      vertex -1.76336 -68.427 -0.7
    endloop
  endfacet
  facet normal 0.649415 0.760434 0
    outer loop
      vertex -2.12132 -68.1213 -0.7
      vertex -1.76336 -68.427 -2.5
      vertex -2.12132 -68.1213 -2.5
    endloop
  endfacet
  facet normal -0.0783853 -0.996923 0
    outer loop
      vertex 0 -63 -2.5
      vertex 0.469303 -63.0369 -0.7
      vertex 0 -63 -0.7
    endloop
  endfacet
  facet normal -0.0783853 -0.996923 -0
    outer loop
      vertex 0.469303 -63.0369 -0.7
      vertex 0 -63 -2.5
      vertex 0.469303 -63.0369 -2.5
    endloop
  endfacet
  facet normal 0.649538 -0.760329 0
    outer loop
      vertex -2.12132 -63.8787 -2.5
      vertex -1.76336 -63.5729 -0.7
      vertex -2.12132 -63.8787 -0.7
    endloop
  endfacet
  facet normal 0.649538 -0.760329 0
    outer loop
      vertex -1.76336 -63.5729 -0.7
      vertex -2.12132 -63.8787 -2.5
      vertex -1.76336 -63.5729 -2.5
    endloop
  endfacet
  facet normal -0.852648 -0.522486 0
    outer loop
      vertex 2.67302 -64.638 -2.5
      vertex 2.42705 -64.2366 -0.7
      vertex 2.42705 -64.2366 -2.5
    endloop
  endfacet
  facet normal -0.852648 -0.522486 0
    outer loop
      vertex 2.42705 -64.2366 -0.7
      vertex 2.67302 -64.638 -2.5
      vertex 2.67302 -64.638 -0.7
    endloop
  endfacet
  facet normal -0.852648 0.522486 0
    outer loop
      vertex 2.42705 -67.7634 -2.5
      vertex 2.67302 -67.362 -0.7
      vertex 2.67302 -67.362 -2.5
    endloop
  endfacet
  facet normal -0.852648 0.522486 0
    outer loop
      vertex 2.67302 -67.362 -0.7
      vertex 2.42705 -67.7634 -2.5
      vertex 2.42705 -67.7634 -0.7
    endloop
  endfacet
  facet normal -0.760349 0.649515 0
    outer loop
      vertex 2.12132 -68.1213 -2.5
      vertex 2.42705 -67.7634 -0.7
      vertex 2.42705 -67.7634 -2.5
    endloop
  endfacet
  facet normal -0.760349 0.649515 0
    outer loop
      vertex 2.42705 -67.7634 -0.7
      vertex 2.12132 -68.1213 -2.5
      vertex 2.12132 -68.1213 -0.7
    endloop
  endfacet
  facet normal 0.760349 0.649515 0
    outer loop
      vertex -2.12132 -68.1213 -0.7
      vertex -2.42705 -67.7634 -2.5
      vertex -2.42705 -67.7634 -0.7
    endloop
  endfacet
  facet normal 0.760349 0.649515 0
    outer loop
      vertex -2.42705 -67.7634 -2.5
      vertex -2.12132 -68.1213 -0.7
      vertex -2.12132 -68.1213 -2.5
    endloop
  endfacet
  facet normal -0.0783853 0.996923 0
    outer loop
      vertex 0.469303 -68.9631 -2.5
      vertex 0 -69 -0.7
      vertex 0.469303 -68.9631 -0.7
    endloop
  endfacet
  facet normal -0.0783853 0.996923 0
    outer loop
      vertex 0 -69 -0.7
      vertex 0.469303 -68.9631 -2.5
      vertex 0 -69 -2.5
    endloop
  endfacet
  facet normal -0.382775 0.923841 0
    outer loop
      vertex 1.36197 -68.673 -2.5
      vertex 0.927051 -68.8532 -0.7
      vertex 1.36197 -68.673 -0.7
    endloop
  endfacet
  facet normal -0.382775 0.923841 0
    outer loop
      vertex 0.927051 -68.8532 -0.7
      vertex 1.36197 -68.673 -2.5
      vertex 0.927051 -68.8532 -2.5
    endloop
  endfacet
  facet normal 0.972367 0.233457 0
    outer loop
      vertex -2.85317 -66.927 -0.7
      vertex -2.96306 -66.4693 -2.5
      vertex -2.96306 -66.4693 -0.7
    endloop
  endfacet
  facet normal 0.972367 0.233457 0
    outer loop
      vertex -2.96306 -66.4693 -2.5
      vertex -2.85317 -66.927 -0.7
      vertex -2.85317 -66.927 -2.5
    endloop
  endfacet
  facet normal 0.972367 -0.233457 0
    outer loop
      vertex -2.96306 -65.5307 -0.7
      vertex -2.85317 -65.073 -2.5
      vertex -2.85317 -65.073 -0.7
    endloop
  endfacet
  facet normal 0.972367 -0.233457 0
    outer loop
      vertex -2.85317 -65.073 -2.5
      vertex -2.96306 -65.5307 -0.7
      vertex -2.96306 -65.5307 -2.5
    endloop
  endfacet
  facet normal -0.522542 0.852614 0
    outer loop
      vertex 1.76336 -68.427 -2.5
      vertex 1.36197 -68.673 -0.7
      vertex 1.76336 -68.427 -0.7
    endloop
  endfacet
  facet normal -0.522542 0.852614 0
    outer loop
      vertex 1.36197 -68.673 -0.7
      vertex 1.76336 -68.427 -2.5
      vertex 1.36197 -68.673 -2.5
    endloop
  endfacet
  facet normal -0.233454 -0.972368 0
    outer loop
      vertex 0.469303 -63.0369 -2.5
      vertex 0.927051 -63.1468 -0.7
      vertex 0.469303 -63.0369 -0.7
    endloop
  endfacet
  facet normal -0.233454 -0.972368 -0
    outer loop
      vertex 0.927051 -63.1468 -0.7
      vertex 0.469303 -63.0369 -2.5
      vertex 0.927051 -63.1468 -2.5
    endloop
  endfacet
  facet normal -0.996916 -0.0784703 0
    outer loop
      vertex 3 -66 -2.5
      vertex 2.96306 -65.5307 -0.7
      vertex 2.96306 -65.5307 -2.5
    endloop
  endfacet
  facet normal -0.996916 -0.0784703 0
    outer loop
      vertex 2.96306 -65.5307 -0.7
      vertex 3 -66 -2.5
      vertex 3 -66 -0.7
    endloop
  endfacet
  facet normal -0.760349 -0.649515 0
    outer loop
      vertex 2.42705 -64.2366 -2.5
      vertex 2.12132 -63.8787 -0.7
      vertex 2.12132 -63.8787 -2.5
    endloop
  endfacet
  facet normal -0.760349 -0.649515 0
    outer loop
      vertex 2.12132 -63.8787 -0.7
      vertex 2.42705 -64.2366 -2.5
      vertex 2.42705 -64.2366 -0.7
    endloop
  endfacet
  facet normal 0.852648 -0.522486 0
    outer loop
      vertex -2.67302 -64.638 -0.7
      vertex -2.42705 -64.2366 -2.5
      vertex -2.42705 -64.2366 -0.7
    endloop
  endfacet
  facet normal 0.852648 -0.522486 0
    outer loop
      vertex -2.42705 -64.2366 -2.5
      vertex -2.67302 -64.638 -0.7
      vertex -2.67302 -64.638 -2.5
    endloop
  endfacet
  facet normal 0.996916 -0.0784703 0
    outer loop
      vertex -3 -66 -0.7
      vertex -2.96306 -65.5307 -2.5
      vertex -2.96306 -65.5307 -0.7
    endloop
  endfacet
  facet normal 0.996916 -0.0784703 0
    outer loop
      vertex -2.96306 -65.5307 -2.5
      vertex -3 -66 -0.7
      vertex -3 -66 -2.5
    endloop
  endfacet
  facet normal 0.0783853 -0.996923 0
    outer loop
      vertex -0.469303 -63.0369 -2.5
      vertex 0 -63 -0.7
      vertex -0.469303 -63.0369 -0.7
    endloop
  endfacet
  facet normal 0.0783853 -0.996923 0
    outer loop
      vertex 0 -63 -0.7
      vertex -0.469303 -63.0369 -2.5
      vertex 0 -63 -2.5
    endloop
  endfacet
  facet normal -0.233454 0.972368 0
    outer loop
      vertex 0.927051 -68.8532 -2.5
      vertex 0.469303 -68.9631 -0.7
      vertex 0.927051 -68.8532 -0.7
    endloop
  endfacet
  facet normal -0.233454 0.972368 0
    outer loop
      vertex 0.469303 -68.9631 -0.7
      vertex 0.927051 -68.8532 -2.5
      vertex 0.469303 -68.9631 -2.5
    endloop
  endfacet
  facet normal 0.522387 -0.852708 0
    outer loop
      vertex -1.76336 -63.5729 -2.5
      vertex -1.36197 -63.327 -0.7
      vertex -1.76336 -63.5729 -0.7
    endloop
  endfacet
  facet normal 0.522387 -0.852708 0
    outer loop
      vertex -1.36197 -63.327 -0.7
      vertex -1.76336 -63.5729 -2.5
      vertex -1.36197 -63.327 -2.5
    endloop
  endfacet
  facet normal 0.382775 -0.923841 0
    outer loop
      vertex -1.36197 -63.327 -2.5
      vertex -0.927051 -63.1468 -0.7
      vertex -1.36197 -63.327 -0.7
    endloop
  endfacet
  facet normal 0.382775 -0.923841 0
    outer loop
      vertex -0.927051 -63.1468 -0.7
      vertex -1.36197 -63.327 -2.5
      vertex -0.927051 -63.1468 -2.5
    endloop
  endfacet
  facet normal 0.996916 0.0784703 0
    outer loop
      vertex -2.96306 -66.4693 -0.7
      vertex -3 -66 -2.5
      vertex -3 -66 -0.7
    endloop
  endfacet
  facet normal 0.996916 0.0784703 0
    outer loop
      vertex -3 -66 -2.5
      vertex -2.96306 -66.4693 -0.7
      vertex -2.96306 -66.4693 -2.5
    endloop
  endfacet
  facet normal 0.852648 0.522486 0
    outer loop
      vertex -2.42705 -67.7634 -0.7
      vertex -2.67302 -67.362 -2.5
      vertex -2.67302 -67.362 -0.7
    endloop
  endfacet
  facet normal 0.852648 0.522486 0
    outer loop
      vertex -2.67302 -67.362 -2.5
      vertex -2.42705 -67.7634 -0.7
      vertex -2.42705 -67.7634 -2.5
    endloop
  endfacet
  facet normal -0.649538 -0.760329 0
    outer loop
      vertex 1.76336 -63.5729 -2.5
      vertex 2.12132 -63.8787 -0.7
      vertex 1.76336 -63.5729 -0.7
    endloop
  endfacet
  facet normal -0.649538 -0.760329 -0
    outer loop
      vertex 2.12132 -63.8787 -0.7
      vertex 1.76336 -63.5729 -2.5
      vertex 2.12132 -63.8787 -2.5
    endloop
  endfacet
  facet normal -0.972375 0.233423 0
    outer loop
      vertex 1.6168 -24.5253 -0.7
      vertex 1.67907 -24.2659 0
      vertex 1.67907 -24.2659 -0.7
    endloop
  endfacet
  facet normal -0.972375 0.233423 0
    outer loop
      vertex 1.67907 -24.2659 0
      vertex 1.6168 -24.5253 -0.7
      vertex 1.6168 -24.5253 0
    endloop
  endfacet
  facet normal -0.996916 0.0784711 0
    outer loop
      vertex 1.67907 -24.2659 -0.7
      vertex 1.7 -24 0
      vertex 1.7 -24 -0.7
    endloop
  endfacet
  facet normal -0.996916 0.0784711 0
    outer loop
      vertex 1.7 -24 0
      vertex 1.67907 -24.2659 -0.7
      vertex 1.67907 -24.2659 0
    endloop
  endfacet
  facet normal -0.923898 0.38264 0
    outer loop
      vertex 1.51471 -24.7718 -0.7
      vertex 1.6168 -24.5253 0
      vertex 1.6168 -24.5253 -0.7
    endloop
  endfacet
  facet normal -0.923898 0.38264 0
    outer loop
      vertex 1.6168 -24.5253 0
      vertex 1.51471 -24.7718 -0.7
      vertex 1.51471 -24.7718 0
    endloop
  endfacet
  facet normal -0.522549 -0.852609 0
    outer loop
      vertex 0.771784 -22.4853 -0.7
      vertex 0.999234 -22.6247 0
      vertex 0.771784 -22.4853 0
    endloop
  endfacet
  facet normal -0.522549 -0.852609 -0
    outer loop
      vertex 0.999234 -22.6247 0
      vertex 0.771784 -22.4853 -0.7
      vertex 0.999234 -22.6247 -0.7
    endloop
  endfacet
  facet normal 0.923898 0.38264 0
    outer loop
      vertex -1.51471 -24.7718 0
      vertex -1.6168 -24.5253 -0.7
      vertex -1.6168 -24.5253 0
    endloop
  endfacet
  facet normal 0.923898 0.38264 0
    outer loop
      vertex -1.6168 -24.5253 -0.7
      vertex -1.51471 -24.7718 0
      vertex -1.51471 -24.7718 -0.7
    endloop
  endfacet
  facet normal 0.522549 -0.852609 0
    outer loop
      vertex -0.999234 -22.6247 -0.7
      vertex -0.771784 -22.4853 0
      vertex -0.999234 -22.6247 0
    endloop
  endfacet
  facet normal 0.522549 -0.852609 0
    outer loop
      vertex -0.771784 -22.4853 0
      vertex -0.999234 -22.6247 -0.7
      vertex -0.771784 -22.4853 -0.7
    endloop
  endfacet
  facet normal -0.382731 -0.92386 0
    outer loop
      vertex 0.525329 -22.3832 -0.7
      vertex 0.771784 -22.4853 0
      vertex 0.525329 -22.3832 0
    endloop
  endfacet
  facet normal -0.382731 -0.92386 -0
    outer loop
      vertex 0.771784 -22.4853 0
      vertex 0.525329 -22.3832 -0.7
      vertex 0.771784 -22.4853 -0.7
    endloop
  endfacet
  facet normal 0.382731 0.92386 -0
    outer loop
      vertex -0.525329 -25.6168 -0.7
      vertex -0.771784 -25.5147 0
      vertex -0.525329 -25.6168 0
    endloop
  endfacet
  facet normal 0.382731 0.92386 0
    outer loop
      vertex -0.771784 -25.5147 0
      vertex -0.525329 -25.6168 -0.7
      vertex -0.771784 -25.5147 -0.7
    endloop
  endfacet
  facet normal 0.522549 0.852609 -0
    outer loop
      vertex -0.771784 -25.5147 -0.7
      vertex -0.999234 -25.3753 0
      vertex -0.771784 -25.5147 0
    endloop
  endfacet
  facet normal 0.522549 0.852609 0
    outer loop
      vertex -0.999234 -25.3753 0
      vertex -0.771784 -25.5147 -0.7
      vertex -0.999234 -25.3753 -0.7
    endloop
  endfacet
  facet normal 0.233537 0.972348 -0
    outer loop
      vertex -0.265938 -25.6791 -0.7
      vertex -0.525329 -25.6168 0
      vertex -0.265938 -25.6791 0
    endloop
  endfacet
  facet normal 0.233537 0.972348 0
    outer loop
      vertex -0.525329 -25.6168 0
      vertex -0.265938 -25.6791 -0.7
      vertex -0.525329 -25.6168 -0.7
    endloop
  endfacet
  facet normal -0.649346 -0.760493 0
    outer loop
      vertex 0.999234 -22.6247 -0.7
      vertex 1.20208 -22.7979 0
      vertex 0.999234 -22.6247 0
    endloop
  endfacet
  facet normal -0.649346 -0.760493 -0
    outer loop
      vertex 1.20208 -22.7979 0
      vertex 0.999234 -22.6247 -0.7
      vertex 1.20208 -22.7979 -0.7
    endloop
  endfacet
  facet normal 0.0783482 0.996926 -0
    outer loop
      vertex 0 -25.7 -0.7
      vertex -0.265938 -25.6791 0
      vertex 0 -25.7 0
    endloop
  endfacet
  facet normal 0.0783482 0.996926 0
    outer loop
      vertex -0.265938 -25.6791 0
      vertex 0 -25.7 -0.7
      vertex -0.265938 -25.6791 -0.7
    endloop
  endfacet
  facet normal 0.923898 -0.38264 0
    outer loop
      vertex -1.6168 -23.4747 0
      vertex -1.51471 -23.2282 -0.7
      vertex -1.51471 -23.2282 0
    endloop
  endfacet
  facet normal 0.923898 -0.38264 0
    outer loop
      vertex -1.51471 -23.2282 -0.7
      vertex -1.6168 -23.4747 0
      vertex -1.6168 -23.4747 -0.7
    endloop
  endfacet
  facet normal 0.760485 0.649355 0
    outer loop
      vertex -1.20208 -25.2021 0
      vertex -1.37533 -24.9992 -0.7
      vertex -1.37533 -24.9992 0
    endloop
  endfacet
  facet normal 0.760485 0.649355 0
    outer loop
      vertex -1.37533 -24.9992 -0.7
      vertex -1.20208 -25.2021 0
      vertex -1.20208 -25.2021 -0.7
    endloop
  endfacet
  facet normal 0.233537 -0.972348 0
    outer loop
      vertex -0.525329 -22.3832 -0.7
      vertex -0.265938 -22.3209 0
      vertex -0.525329 -22.3832 0
    endloop
  endfacet
  facet normal 0.233537 -0.972348 0
    outer loop
      vertex -0.265938 -22.3209 0
      vertex -0.525329 -22.3832 -0.7
      vertex -0.265938 -22.3209 -0.7
    endloop
  endfacet
  facet normal -0.923898 -0.38264 0
    outer loop
      vertex 1.6168 -23.4747 -0.7
      vertex 1.51471 -23.2282 0
      vertex 1.51471 -23.2282 -0.7
    endloop
  endfacet
  facet normal -0.923898 -0.38264 0
    outer loop
      vertex 1.51471 -23.2282 0
      vertex 1.6168 -23.4747 -0.7
      vertex 1.6168 -23.4747 0
    endloop
  endfacet
  facet normal 0.760485 -0.649355 0
    outer loop
      vertex -1.37533 -23.0008 0
      vertex -1.20208 -22.7979 -0.7
      vertex -1.20208 -22.7979 0
    endloop
  endfacet
  facet normal 0.760485 -0.649355 0
    outer loop
      vertex -1.20208 -22.7979 -0.7
      vertex -1.37533 -23.0008 0
      vertex -1.37533 -23.0008 -0.7
    endloop
  endfacet
  facet normal 0.649346 0.760493 -0
    outer loop
      vertex -0.999234 -25.3753 -0.7
      vertex -1.20208 -25.2021 0
      vertex -0.999234 -25.3753 0
    endloop
  endfacet
  facet normal 0.649346 0.760493 0
    outer loop
      vertex -1.20208 -25.2021 0
      vertex -0.999234 -25.3753 -0.7
      vertex -1.20208 -25.2021 -0.7
    endloop
  endfacet
  facet normal -0.0783482 -0.996926 0
    outer loop
      vertex 0 -22.3 -0.7
      vertex 0.265938 -22.3209 0
      vertex 0 -22.3 0
    endloop
  endfacet
  facet normal -0.0783482 -0.996926 -0
    outer loop
      vertex 0.265938 -22.3209 0
      vertex 0 -22.3 -0.7
      vertex 0.265938 -22.3209 -0.7
    endloop
  endfacet
  facet normal -0.852592 -0.522578 0
    outer loop
      vertex 1.51471 -23.2282 -0.7
      vertex 1.37533 -23.0008 0
      vertex 1.37533 -23.0008 -0.7
    endloop
  endfacet
  facet normal -0.852592 -0.522578 0
    outer loop
      vertex 1.37533 -23.0008 0
      vertex 1.51471 -23.2282 -0.7
      vertex 1.51471 -23.2282 0
    endloop
  endfacet
  facet normal -0.852592 0.522578 0
    outer loop
      vertex 1.37533 -24.9992 -0.7
      vertex 1.51471 -24.7718 0
      vertex 1.51471 -24.7718 -0.7
    endloop
  endfacet
  facet normal -0.852592 0.522578 0
    outer loop
      vertex 1.51471 -24.7718 0
      vertex 1.37533 -24.9992 -0.7
      vertex 1.37533 -24.9992 0
    endloop
  endfacet
  facet normal -0.996916 -0.0784711 0
    outer loop
      vertex 1.7 -24 -0.7
      vertex 1.67907 -23.7341 0
      vertex 1.67907 -23.7341 -0.7
    endloop
  endfacet
  facet normal -0.996916 -0.0784711 0
    outer loop
      vertex 1.67907 -23.7341 0
      vertex 1.7 -24 -0.7
      vertex 1.7 -24 0
    endloop
  endfacet
  facet normal -0.972375 -0.233423 0
    outer loop
      vertex 1.67907 -23.7341 -0.7
      vertex 1.6168 -23.4747 0
      vertex 1.6168 -23.4747 -0.7
    endloop
  endfacet
  facet normal -0.972375 -0.233423 0
    outer loop
      vertex 1.6168 -23.4747 0
      vertex 1.67907 -23.7341 -0.7
      vertex 1.67907 -23.7341 0
    endloop
  endfacet
  facet normal 0.972375 -0.233423 0
    outer loop
      vertex -1.67907 -23.7341 0
      vertex -1.6168 -23.4747 -0.7
      vertex -1.6168 -23.4747 0
    endloop
  endfacet
  facet normal 0.972375 -0.233423 0
    outer loop
      vertex -1.6168 -23.4747 -0.7
      vertex -1.67907 -23.7341 0
      vertex -1.67907 -23.7341 -0.7
    endloop
  endfacet
  facet normal -0.522549 0.852609 0
    outer loop
      vertex 0.999234 -25.3753 -0.7
      vertex 0.771784 -25.5147 0
      vertex 0.999234 -25.3753 0
    endloop
  endfacet
  facet normal -0.522549 0.852609 0
    outer loop
      vertex 0.771784 -25.5147 0
      vertex 0.999234 -25.3753 -0.7
      vertex 0.771784 -25.5147 -0.7
    endloop
  endfacet
  facet normal -0.760485 0.649355 0
    outer loop
      vertex 1.20208 -25.2021 -0.7
      vertex 1.37533 -24.9992 0
      vertex 1.37533 -24.9992 -0.7
    endloop
  endfacet
  facet normal -0.760485 0.649355 0
    outer loop
      vertex 1.37533 -24.9992 0
      vertex 1.20208 -25.2021 -0.7
      vertex 1.20208 -25.2021 0
    endloop
  endfacet
  facet normal 0.996916 0.0784711 0
    outer loop
      vertex -1.67907 -24.2659 0
      vertex -1.7 -24 -0.7
      vertex -1.7 -24 0
    endloop
  endfacet
  facet normal 0.996916 0.0784711 0
    outer loop
      vertex -1.7 -24 -0.7
      vertex -1.67907 -24.2659 0
      vertex -1.67907 -24.2659 -0.7
    endloop
  endfacet
  facet normal -0.649346 0.760493 0
    outer loop
      vertex 1.20208 -25.2021 -0.7
      vertex 0.999234 -25.3753 0
      vertex 1.20208 -25.2021 0
    endloop
  endfacet
  facet normal -0.649346 0.760493 0
    outer loop
      vertex 0.999234 -25.3753 0
      vertex 1.20208 -25.2021 -0.7
      vertex 0.999234 -25.3753 -0.7
    endloop
  endfacet
  facet normal -0.233537 -0.972348 0
    outer loop
      vertex 0.265938 -22.3209 -0.7
      vertex 0.525329 -22.3832 0
      vertex 0.265938 -22.3209 0
    endloop
  endfacet
  facet normal -0.233537 -0.972348 -0
    outer loop
      vertex 0.525329 -22.3832 0
      vertex 0.265938 -22.3209 -0.7
      vertex 0.525329 -22.3832 -0.7
    endloop
  endfacet
  facet normal 0.852592 -0.522578 0
    outer loop
      vertex -1.51471 -23.2282 0
      vertex -1.37533 -23.0008 -0.7
      vertex -1.37533 -23.0008 0
    endloop
  endfacet
  facet normal 0.852592 -0.522578 0
    outer loop
      vertex -1.37533 -23.0008 -0.7
      vertex -1.51471 -23.2282 0
      vertex -1.51471 -23.2282 -0.7
    endloop
  endfacet
  facet normal -0.0783482 0.996926 0
    outer loop
      vertex 0.265938 -25.6791 -0.7
      vertex 0 -25.7 0
      vertex 0.265938 -25.6791 0
    endloop
  endfacet
  facet normal -0.0783482 0.996926 0
    outer loop
      vertex 0 -25.7 0
      vertex 0.265938 -25.6791 -0.7
      vertex 0 -25.7 -0.7
    endloop
  endfacet
  facet normal 0.649346 -0.760493 0
    outer loop
      vertex -1.20208 -22.7979 -0.7
      vertex -0.999234 -22.6247 0
      vertex -1.20208 -22.7979 0
    endloop
  endfacet
  facet normal 0.649346 -0.760493 0
    outer loop
      vertex -0.999234 -22.6247 0
      vertex -1.20208 -22.7979 -0.7
      vertex -0.999234 -22.6247 -0.7
    endloop
  endfacet
  facet normal -0.760485 -0.649355 0
    outer loop
      vertex 1.37533 -23.0008 -0.7
      vertex 1.20208 -22.7979 0
      vertex 1.20208 -22.7979 -0.7
    endloop
  endfacet
  facet normal -0.760485 -0.649355 0
    outer loop
      vertex 1.20208 -22.7979 0
      vertex 1.37533 -23.0008 -0.7
      vertex 1.37533 -23.0008 0
    endloop
  endfacet
  facet normal 0.852592 0.522578 0
    outer loop
      vertex -1.37533 -24.9992 0
      vertex -1.51471 -24.7718 -0.7
      vertex -1.51471 -24.7718 0
    endloop
  endfacet
  facet normal 0.852592 0.522578 0
    outer loop
      vertex -1.51471 -24.7718 -0.7
      vertex -1.37533 -24.9992 0
      vertex -1.37533 -24.9992 -0.7
    endloop
  endfacet
  facet normal 0.996916 -0.0784711 0
    outer loop
      vertex -1.7 -24 0
      vertex -1.67907 -23.7341 -0.7
      vertex -1.67907 -23.7341 0
    endloop
  endfacet
  facet normal 0.996916 -0.0784711 0
    outer loop
      vertex -1.67907 -23.7341 -0.7
      vertex -1.7 -24 0
      vertex -1.7 -24 -0.7
    endloop
  endfacet
  facet normal 0.382731 -0.92386 0
    outer loop
      vertex -0.771784 -22.4853 -0.7
      vertex -0.525329 -22.3832 0
      vertex -0.771784 -22.4853 0
    endloop
  endfacet
  facet normal 0.382731 -0.92386 0
    outer loop
      vertex -0.525329 -22.3832 0
      vertex -0.771784 -22.4853 -0.7
      vertex -0.525329 -22.3832 -0.7
    endloop
  endfacet
  facet normal -0.382731 0.92386 0
    outer loop
      vertex 0.771784 -25.5147 -0.7
      vertex 0.525329 -25.6168 0
      vertex 0.771784 -25.5147 0
    endloop
  endfacet
  facet normal -0.382731 0.92386 0
    outer loop
      vertex 0.525329 -25.6168 0
      vertex 0.771784 -25.5147 -0.7
      vertex 0.525329 -25.6168 -0.7
    endloop
  endfacet
  facet normal -0.233537 0.972348 0
    outer loop
      vertex 0.525329 -25.6168 -0.7
      vertex 0.265938 -25.6791 0
      vertex 0.525329 -25.6168 0
    endloop
  endfacet
  facet normal -0.233537 0.972348 0
    outer loop
      vertex 0.265938 -25.6791 0
      vertex 0.525329 -25.6168 -0.7
      vertex 0.265938 -25.6791 -0.7
    endloop
  endfacet
  facet normal 0.972375 0.233423 0
    outer loop
      vertex -1.6168 -24.5253 0
      vertex -1.67907 -24.2659 -0.7
      vertex -1.67907 -24.2659 0
    endloop
  endfacet
  facet normal 0.972375 0.233423 0
    outer loop
      vertex -1.67907 -24.2659 -0.7
      vertex -1.6168 -24.5253 0
      vertex -1.6168 -24.5253 -0.7
    endloop
  endfacet
  facet normal 0.0783482 -0.996926 0
    outer loop
      vertex -0.265938 -22.3209 -0.7
      vertex 0 -22.3 0
      vertex -0.265938 -22.3209 0
    endloop
  endfacet
  facet normal 0.0783482 -0.996926 0
    outer loop
      vertex 0 -22.3 0
      vertex -0.265938 -22.3209 -0.7
      vertex 0 -22.3 -0.7
    endloop
  endfacet
  facet normal 0.923873 0.382699 0
    outer loop
      vertex -2.67302 -25.362 -0.7
      vertex -2.85317 -24.9271 -2.5
      vertex -2.85317 -24.9271 -0.7
    endloop
  endfacet
  facet normal 0.923873 0.382699 0
    outer loop
      vertex -2.85317 -24.9271 -2.5
      vertex -2.67302 -25.362 -0.7
      vertex -2.67302 -25.362 -2.5
    endloop
  endfacet
  facet normal -0.972379 0.233409 0
    outer loop
      vertex 2.85317 -24.9271 -2.5
      vertex 2.96306 -24.4693 -0.7
      vertex 2.96306 -24.4693 -2.5
    endloop
  endfacet
  facet normal -0.972379 0.233409 0
    outer loop
      vertex 2.96306 -24.4693 -0.7
      vertex 2.85317 -24.9271 -2.5
      vertex 2.85317 -24.9271 -0.7
    endloop
  endfacet
  facet normal -0.996916 0.0784703 0
    outer loop
      vertex 2.96306 -24.4693 -2.5
      vertex 3 -24 -0.7
      vertex 3 -24 -2.5
    endloop
  endfacet
  facet normal -0.996916 0.0784703 0
    outer loop
      vertex 3 -24 -0.7
      vertex 2.96306 -24.4693 -2.5
      vertex 2.96306 -24.4693 -0.7
    endloop
  endfacet
  facet normal -0.923873 0.382699 0
    outer loop
      vertex 2.67302 -25.362 -2.5
      vertex 2.85317 -24.9271 -0.7
      vertex 2.85317 -24.9271 -2.5
    endloop
  endfacet
  facet normal -0.923873 0.382699 0
    outer loop
      vertex 2.85317 -24.9271 -0.7
      vertex 2.67302 -25.362 -2.5
      vertex 2.67302 -25.362 -0.7
    endloop
  endfacet
  facet normal -0.522387 -0.852708 0
    outer loop
      vertex 1.36197 -21.327 -2.5
      vertex 1.76336 -21.5729 -0.7
      vertex 1.36197 -21.327 -0.7
    endloop
  endfacet
  facet normal -0.522387 -0.852708 -0
    outer loop
      vertex 1.76336 -21.5729 -0.7
      vertex 1.36197 -21.327 -2.5
      vertex 1.76336 -21.5729 -2.5
    endloop
  endfacet
  facet normal -0.972379 -0.233409 0
    outer loop
      vertex 2.96306 -23.5307 -2.5
      vertex 2.85317 -23.0729 -0.7
      vertex 2.85317 -23.0729 -2.5
    endloop
  endfacet
  facet normal -0.972379 -0.233409 0
    outer loop
      vertex 2.85317 -23.0729 -0.7
      vertex 2.96306 -23.5307 -2.5
      vertex 2.96306 -23.5307 -0.7
    endloop
  endfacet
  facet normal -0.382775 -0.923841 0
    outer loop
      vertex 0.927051 -21.1468 -2.5
      vertex 1.36197 -21.327 -0.7
      vertex 0.927051 -21.1468 -0.7
    endloop
  endfacet
  facet normal -0.382775 -0.923841 -0
    outer loop
      vertex 1.36197 -21.327 -0.7
      vertex 0.927051 -21.1468 -2.5
      vertex 1.36197 -21.327 -2.5
    endloop
  endfacet
  facet normal 0.382775 0.923841 -0
    outer loop
      vertex -0.927051 -26.8532 -2.5
      vertex -1.36197 -26.673 -0.7
      vertex -0.927051 -26.8532 -0.7
    endloop
  endfacet
  facet normal 0.382775 0.923841 0
    outer loop
      vertex -1.36197 -26.673 -0.7
      vertex -0.927051 -26.8532 -2.5
      vertex -1.36197 -26.673 -2.5
    endloop
  endfacet
  facet normal 0.522387 0.852708 -0
    outer loop
      vertex -1.36197 -26.673 -2.5
      vertex -1.76336 -26.4271 -0.7
      vertex -1.36197 -26.673 -0.7
    endloop
  endfacet
  facet normal 0.522387 0.852708 0
    outer loop
      vertex -1.76336 -26.4271 -0.7
      vertex -1.36197 -26.673 -2.5
      vertex -1.76336 -26.4271 -2.5
    endloop
  endfacet
  facet normal -0.649538 0.760329 0
    outer loop
      vertex 2.12132 -26.1213 -2.5
      vertex 1.76336 -26.4271 -0.7
      vertex 2.12132 -26.1213 -0.7
    endloop
  endfacet
  facet normal -0.649538 0.760329 0
    outer loop
      vertex 1.76336 -26.4271 -0.7
      vertex 2.12132 -26.1213 -2.5
      vertex 1.76336 -26.4271 -2.5
    endloop
  endfacet
  facet normal 0.233454 0.972368 -0
    outer loop
      vertex -0.469303 -26.9631 -2.5
      vertex -0.927051 -26.8532 -0.7
      vertex -0.469303 -26.9631 -0.7
    endloop
  endfacet
  facet normal 0.233454 0.972368 0
    outer loop
      vertex -0.927051 -26.8532 -0.7
      vertex -0.469303 -26.9631 -2.5
      vertex -0.927051 -26.8532 -2.5
    endloop
  endfacet
  facet normal 0.923873 -0.382699 0
    outer loop
      vertex -2.85317 -23.0729 -0.7
      vertex -2.67302 -22.638 -2.5
      vertex -2.67302 -22.638 -0.7
    endloop
  endfacet
  facet normal 0.923873 -0.382699 0
    outer loop
      vertex -2.67302 -22.638 -2.5
      vertex -2.85317 -23.0729 -0.7
      vertex -2.85317 -23.0729 -2.5
    endloop
  endfacet
  facet normal 0.0783853 0.996923 -0
    outer loop
      vertex 0 -27 -2.5
      vertex -0.469303 -26.9631 -0.7
      vertex 0 -27 -0.7
    endloop
  endfacet
  facet normal 0.0783853 0.996923 0
    outer loop
      vertex -0.469303 -26.9631 -0.7
      vertex 0 -27 -2.5
      vertex -0.469303 -26.9631 -2.5
    endloop
  endfacet
  facet normal 0.233454 -0.972368 0
    outer loop
      vertex -0.927051 -21.1468 -2.5
      vertex -0.469303 -21.0369 -0.7
      vertex -0.927051 -21.1468 -0.7
    endloop
  endfacet
  facet normal 0.233454 -0.972368 0
    outer loop
      vertex -0.469303 -21.0369 -0.7
      vertex -0.927051 -21.1468 -2.5
      vertex -0.469303 -21.0369 -2.5
    endloop
  endfacet
  facet normal 0 0 -1
    outer loop
      vertex 1.7 -24 -0.7
      vertex 3 -24 -0.7
      vertex 2.96306 -24.4693 -0.7
    endloop
  endfacet
  facet normal 0 0 -1
    outer loop
      vertex 1.67907 -24.2659 -0.7
      vertex 2.96306 -24.4693 -0.7
      vertex 2.85317 -24.9271 -0.7
    endloop
  endfacet
  facet normal 0 0 -1
    outer loop
      vertex 3 -24 -0.7
      vertex 1.7 -24 -0.7
      vertex 2.96306 -23.5307 -0.7
    endloop
  endfacet
  facet normal 0 0 -1
    outer loop
      vertex 1.6168 -24.5253 -0.7
      vertex 2.85317 -24.9271 -0.7
      vertex 2.67302 -25.362 -0.7
    endloop
  endfacet
  facet normal 0 0 -1
    outer loop
      vertex 1.67907 -23.7341 -0.7
      vertex 2.96306 -23.5307 -0.7
      vertex 1.7 -24 -0.7
    endloop
  endfacet
  facet normal 0 0 -1
    outer loop
      vertex 1.51471 -24.7718 -0.7
      vertex 2.67302 -25.362 -0.7
      vertex 2.42705 -25.7634 -0.7
    endloop
  endfacet
  facet normal -0 0 -1
    outer loop
      vertex 2.96306 -23.5307 -0.7
      vertex 1.67907 -23.7341 -0.7
      vertex 2.85317 -23.0729 -0.7
    endloop
  endfacet
  facet normal 0 0 -1
    outer loop
      vertex 1.37533 -24.9992 -0.7
      vertex 2.42705 -25.7634 -0.7
      vertex 2.12132 -26.1213 -0.7
    endloop
  endfacet
  facet normal 0 0 -1
    outer loop
      vertex 1.6168 -23.4747 -0.7
      vertex 2.85317 -23.0729 -0.7
      vertex 1.67907 -23.7341 -0.7
    endloop
  endfacet
  facet normal 0 0 -1
    outer loop
      vertex 1.20208 -25.2021 -0.7
      vertex 2.12132 -26.1213 -0.7
      vertex 1.76336 -26.4271 -0.7
    endloop
  endfacet
  facet normal -0 0 -1
    outer loop
      vertex 2.85317 -23.0729 -0.7
      vertex 1.6168 -23.4747 -0.7
      vertex 2.67302 -22.638 -0.7
    endloop
  endfacet
  facet normal 0 0 -1
    outer loop
      vertex 1.51471 -23.2282 -0.7
      vertex 2.67302 -22.638 -0.7
      vertex 1.6168 -23.4747 -0.7
    endloop
  endfacet
  facet normal 0 0 -1
    outer loop
      vertex 2.96306 -24.4693 -0.7
      vertex 1.67907 -24.2659 -0.7
      vertex 1.7 -24 -0.7
    endloop
  endfacet
  facet normal 0 0 -1
    outer loop
      vertex 2.85317 -24.9271 -0.7
      vertex 1.6168 -24.5253 -0.7
      vertex 1.67907 -24.2659 -0.7
    endloop
  endfacet
  facet normal 0 0 -1
    outer loop
      vertex 2.67302 -25.362 -0.7
      vertex 1.51471 -24.7718 -0.7
      vertex 1.6168 -24.5253 -0.7
    endloop
  endfacet
  facet normal 0 0 -1
    outer loop
      vertex 2.42705 -25.7634 -0.7
      vertex 1.37533 -24.9992 -0.7
      vertex 1.51471 -24.7718 -0.7
    endloop
  endfacet
  facet normal 0 0 -1
    outer loop
      vertex 0.999234 -25.3753 -0.7
      vertex 1.76336 -26.4271 -0.7
      vertex 1.36197 -26.673 -0.7
    endloop
  endfacet
  facet normal 0 0 -1
    outer loop
      vertex 2.12132 -26.1213 -0.7
      vertex 1.20208 -25.2021 -0.7
      vertex 1.37533 -24.9992 -0.7
    endloop
  endfacet
  facet normal 0 0 -1
    outer loop
      vertex 1.76336 -26.4271 -0.7
      vertex 0.999234 -25.3753 -0.7
      vertex 1.20208 -25.2021 -0.7
    endloop
  endfacet
  facet normal 0 0 -1
    outer loop
      vertex 0.771784 -25.5147 -0.7
      vertex 1.36197 -26.673 -0.7
      vertex 0.927051 -26.8532 -0.7
    endloop
  endfacet
  facet normal 0 0 -1
    outer loop
      vertex 1.36197 -26.673 -0.7
      vertex 0.771784 -25.5147 -0.7
      vertex 0.999234 -25.3753 -0.7
    endloop
  endfacet
  facet normal 0 0 -1
    outer loop
      vertex 0.927051 -26.8532 -0.7
      vertex 0.525329 -25.6168 -0.7
      vertex 0.771784 -25.5147 -0.7
    endloop
  endfacet
  facet normal 0 0 -1
    outer loop
      vertex 0.469303 -26.9631 -0.7
      vertex 0.525329 -25.6168 -0.7
      vertex 0.927051 -26.8532 -0.7
    endloop
  endfacet
  facet normal 0 0 -1
    outer loop
      vertex 0.469303 -26.9631 -0.7
      vertex 0.265938 -25.6791 -0.7
      vertex 0.525329 -25.6168 -0.7
    endloop
  endfacet
  facet normal 0 0 -1
    outer loop
      vertex 0 -27 -0.7
      vertex 0.265938 -25.6791 -0.7
      vertex 0.469303 -26.9631 -0.7
    endloop
  endfacet
  facet normal 0 0 -1
    outer loop
      vertex 0 -27 -0.7
      vertex 0 -25.7 -0.7
      vertex 0.265938 -25.6791 -0.7
    endloop
  endfacet
  facet normal 0 0 -1
    outer loop
      vertex 0 -27 -0.7
      vertex -0.265938 -25.6791 -0.7
      vertex 0 -25.7 -0.7
    endloop
  endfacet
  facet normal 0 0 -1
    outer loop
      vertex -0.469303 -26.9631 -0.7
      vertex -0.265938 -25.6791 -0.7
      vertex 0 -27 -0.7
    endloop
  endfacet
  facet normal 0 0 -1
    outer loop
      vertex -0.469303 -26.9631 -0.7
      vertex -0.525329 -25.6168 -0.7
      vertex -0.265938 -25.6791 -0.7
    endloop
  endfacet
  facet normal 0 0 -1
    outer loop
      vertex -0.927051 -26.8532 -0.7
      vertex -0.525329 -25.6168 -0.7
      vertex -0.469303 -26.9631 -0.7
    endloop
  endfacet
  facet normal -0 0 -1
    outer loop
      vertex -0.525329 -25.6168 -0.7
      vertex -0.927051 -26.8532 -0.7
      vertex -0.771784 -25.5147 -0.7
    endloop
  endfacet
  facet normal 0 0 -1
    outer loop
      vertex -1.36197 -26.673 -0.7
      vertex -0.771784 -25.5147 -0.7
      vertex -0.927051 -26.8532 -0.7
    endloop
  endfacet
  facet normal -0 0 -1
    outer loop
      vertex -0.771784 -25.5147 -0.7
      vertex -1.36197 -26.673 -0.7
      vertex -0.999234 -25.3753 -0.7
    endloop
  endfacet
  facet normal 0 0 -1
    outer loop
      vertex -1.76336 -26.4271 -0.7
      vertex -0.999234 -25.3753 -0.7
      vertex -1.36197 -26.673 -0.7
    endloop
  endfacet
  facet normal -0 0 -1
    outer loop
      vertex -0.999234 -25.3753 -0.7
      vertex -1.76336 -26.4271 -0.7
      vertex -1.20208 -25.2021 -0.7
    endloop
  endfacet
  facet normal 0 0 -1
    outer loop
      vertex -2.12132 -26.1213 -0.7
      vertex -1.20208 -25.2021 -0.7
      vertex -1.76336 -26.4271 -0.7
    endloop
  endfacet
  facet normal -0 0 -1
    outer loop
      vertex -1.20208 -25.2021 -0.7
      vertex -2.12132 -26.1213 -0.7
      vertex -1.37533 -24.9992 -0.7
    endloop
  endfacet
  facet normal 0 0 -1
    outer loop
      vertex -2.42705 -25.7634 -0.7
      vertex -1.37533 -24.9992 -0.7
      vertex -2.12132 -26.1213 -0.7
    endloop
  endfacet
  facet normal 0 0 -1
    outer loop
      vertex -2.67302 -25.362 -0.7
      vertex -1.51471 -24.7718 -0.7
      vertex -2.42705 -25.7634 -0.7
    endloop
  endfacet
  facet normal -0 0 -1
    outer loop
      vertex -1.37533 -24.9992 -0.7
      vertex -2.42705 -25.7634 -0.7
      vertex -1.51471 -24.7718 -0.7
    endloop
  endfacet
  facet normal -0 0 -1
    outer loop
      vertex 2.67302 -22.638 -0.7
      vertex 1.51471 -23.2282 -0.7
      vertex 2.42705 -22.2366 -0.7
    endloop
  endfacet
  facet normal 0 0 -1
    outer loop
      vertex 1.37533 -23.0008 -0.7
      vertex 2.42705 -22.2366 -0.7
      vertex 1.51471 -23.2282 -0.7
    endloop
  endfacet
  facet normal -0 0 -1
    outer loop
      vertex 2.42705 -22.2366 -0.7
      vertex 1.37533 -23.0008 -0.7
      vertex 2.12132 -21.8787 -0.7
    endloop
  endfacet
  facet normal 0 0 -1
    outer loop
      vertex 1.20208 -22.7979 -0.7
      vertex 2.12132 -21.8787 -0.7
      vertex 1.37533 -23.0008 -0.7
    endloop
  endfacet
  facet normal -0 0 -1
    outer loop
      vertex 2.12132 -21.8787 -0.7
      vertex 1.20208 -22.7979 -0.7
      vertex 1.76336 -21.5729 -0.7
    endloop
  endfacet
  facet normal 0 0 -1
    outer loop
      vertex 0.999234 -22.6247 -0.7
      vertex 1.76336 -21.5729 -0.7
      vertex 1.20208 -22.7979 -0.7
    endloop
  endfacet
  facet normal -0 0 -1
    outer loop
      vertex 1.76336 -21.5729 -0.7
      vertex 0.999234 -22.6247 -0.7
      vertex 1.36197 -21.327 -0.7
    endloop
  endfacet
  facet normal 0 0 -1
    outer loop
      vertex 0.771784 -22.4853 -0.7
      vertex 1.36197 -21.327 -0.7
      vertex 0.999234 -22.6247 -0.7
    endloop
  endfacet
  facet normal -0 0 -1
    outer loop
      vertex 1.36197 -21.327 -0.7
      vertex 0.771784 -22.4853 -0.7
      vertex 0.927051 -21.1468 -0.7
    endloop
  endfacet
  facet normal 0 0 -1
    outer loop
      vertex 0.525329 -22.3832 -0.7
      vertex 0.927051 -21.1468 -0.7
      vertex 0.771784 -22.4853 -0.7
    endloop
  endfacet
  facet normal 0 0 -1
    outer loop
      vertex 0.525329 -22.3832 -0.7
      vertex 0.469303 -21.0369 -0.7
      vertex 0.927051 -21.1468 -0.7
    endloop
  endfacet
  facet normal 0 0 -1
    outer loop
      vertex 0.265938 -22.3209 -0.7
      vertex 0.469303 -21.0369 -0.7
      vertex 0.525329 -22.3832 -0.7
    endloop
  endfacet
  facet normal 0 0 -1
    outer loop
      vertex 0 -22.3 -0.7
      vertex 0.469303 -21.0369 -0.7
      vertex 0.265938 -22.3209 -0.7
    endloop
  endfacet
  facet normal 0 0 -1
    outer loop
      vertex 0 -22.3 -0.7
      vertex 0 -21 -0.7
      vertex 0.469303 -21.0369 -0.7
    endloop
  endfacet
  facet normal 0 0 -1
    outer loop
      vertex -0.265938 -22.3209 -0.7
      vertex 0 -21 -0.7
      vertex 0 -22.3 -0.7
    endloop
  endfacet
  facet normal 0 0 -1
    outer loop
      vertex -0.265938 -22.3209 -0.7
      vertex -0.469303 -21.0369 -0.7
      vertex 0 -21 -0.7
    endloop
  endfacet
  facet normal 0 0 -1
    outer loop
      vertex -0.525329 -22.3832 -0.7
      vertex -0.469303 -21.0369 -0.7
      vertex -0.265938 -22.3209 -0.7
    endloop
  endfacet
  facet normal 0 0 -1
    outer loop
      vertex -0.927051 -21.1468 -0.7
      vertex -0.525329 -22.3832 -0.7
      vertex -0.771784 -22.4853 -0.7
    endloop
  endfacet
  facet normal 0 0 -1
    outer loop
      vertex -0.525329 -22.3832 -0.7
      vertex -0.927051 -21.1468 -0.7
      vertex -0.469303 -21.0369 -0.7
    endloop
  endfacet
  facet normal 0 0 -1
    outer loop
      vertex -1.36197 -21.327 -0.7
      vertex -0.771784 -22.4853 -0.7
      vertex -0.999234 -22.6247 -0.7
    endloop
  endfacet
  facet normal 0 0 -1
    outer loop
      vertex -1.76336 -21.5729 -0.7
      vertex -0.999234 -22.6247 -0.7
      vertex -1.20208 -22.7979 -0.7
    endloop
  endfacet
  facet normal 0 0 -1
    outer loop
      vertex -0.771784 -22.4853 -0.7
      vertex -1.36197 -21.327 -0.7
      vertex -0.927051 -21.1468 -0.7
    endloop
  endfacet
  facet normal 0 0 -1
    outer loop
      vertex -2.12132 -21.8787 -0.7
      vertex -1.20208 -22.7979 -0.7
      vertex -1.37533 -23.0008 -0.7
    endloop
  endfacet
  facet normal 0 0 -1
    outer loop
      vertex -2.42705 -22.2366 -0.7
      vertex -1.37533 -23.0008 -0.7
      vertex -1.51471 -23.2282 -0.7
    endloop
  endfacet
  facet normal 0 0 -1
    outer loop
      vertex -2.67302 -22.638 -0.7
      vertex -1.51471 -23.2282 -0.7
      vertex -1.6168 -23.4747 -0.7
    endloop
  endfacet
  facet normal 0 0 -1
    outer loop
      vertex -2.85317 -23.0729 -0.7
      vertex -1.6168 -23.4747 -0.7
      vertex -1.67907 -23.7341 -0.7
    endloop
  endfacet
  facet normal 0 0 -1
    outer loop
      vertex -0.999234 -22.6247 -0.7
      vertex -1.76336 -21.5729 -0.7
      vertex -1.36197 -21.327 -0.7
    endloop
  endfacet
  facet normal 0 0 -1
    outer loop
      vertex -2.96306 -23.5307 -0.7
      vertex -1.67907 -23.7341 -0.7
      vertex -1.7 -24 -0.7
    endloop
  endfacet
  facet normal -0 0 -1
    outer loop
      vertex -1.51471 -24.7718 -0.7
      vertex -2.67302 -25.362 -0.7
      vertex -1.6168 -24.5253 -0.7
    endloop
  endfacet
  facet normal 0 0 -1
    outer loop
      vertex -2.85317 -24.9271 -0.7
      vertex -1.6168 -24.5253 -0.7
      vertex -2.67302 -25.362 -0.7
    endloop
  endfacet
  facet normal 0 0 -1
    outer loop
      vertex -1.20208 -22.7979 -0.7
      vertex -2.12132 -21.8787 -0.7
      vertex -1.76336 -21.5729 -0.7
    endloop
  endfacet
  facet normal -0 0 -1
    outer loop
      vertex -1.6168 -24.5253 -0.7
      vertex -2.85317 -24.9271 -0.7
      vertex -1.67907 -24.2659 -0.7
    endloop
  endfacet
  facet normal 0 0 -1
    outer loop
      vertex -1.37533 -23.0008 -0.7
      vertex -2.42705 -22.2366 -0.7
      vertex -2.12132 -21.8787 -0.7
    endloop
  endfacet
  facet normal 0 0 -1
    outer loop
      vertex -2.96306 -24.4693 -0.7
      vertex -1.67907 -24.2659 -0.7
      vertex -2.85317 -24.9271 -0.7
    endloop
  endfacet
  facet normal 0 0 -1
    outer loop
      vertex -1.51471 -23.2282 -0.7
      vertex -2.67302 -22.638 -0.7
      vertex -2.42705 -22.2366 -0.7
    endloop
  endfacet
  facet normal -0 0 -1
    outer loop
      vertex -1.67907 -24.2659 -0.7
      vertex -2.96306 -24.4693 -0.7
      vertex -1.7 -24 -0.7
    endloop
  endfacet
  facet normal 0 0 -1
    outer loop
      vertex -1.6168 -23.4747 -0.7
      vertex -2.85317 -23.0729 -0.7
      vertex -2.67302 -22.638 -0.7
    endloop
  endfacet
  facet normal 0 0 -1
    outer loop
      vertex -3 -24 -0.7
      vertex -1.7 -24 -0.7
      vertex -2.96306 -24.4693 -0.7
    endloop
  endfacet
  facet normal 0 0 -1
    outer loop
      vertex -1.67907 -23.7341 -0.7
      vertex -2.96306 -23.5307 -0.7
      vertex -2.85317 -23.0729 -0.7
    endloop
  endfacet
  facet normal 0 0 -1
    outer loop
      vertex -1.7 -24 -0.7
      vertex -3 -24 -0.7
      vertex -2.96306 -23.5307 -0.7
    endloop
  endfacet
  facet normal -0.923873 -0.382699 0
    outer loop
      vertex 2.85317 -23.0729 -2.5
      vertex 2.67302 -22.638 -0.7
      vertex 2.67302 -22.638 -2.5
    endloop
  endfacet
  facet normal -0.923873 -0.382699 0
    outer loop
      vertex 2.67302 -22.638 -0.7
      vertex 2.85317 -23.0729 -2.5
      vertex 2.85317 -23.0729 -0.7
    endloop
  endfacet
  facet normal 0.760349 -0.649515 0
    outer loop
      vertex -2.42705 -22.2366 -0.7
      vertex -2.12132 -21.8787 -2.5
      vertex -2.12132 -21.8787 -0.7
    endloop
  endfacet
  facet normal 0.760349 -0.649515 0
    outer loop
      vertex -2.12132 -21.8787 -2.5
      vertex -2.42705 -22.2366 -0.7
      vertex -2.42705 -22.2366 -2.5
    endloop
  endfacet
  facet normal 0.649538 0.760329 -0
    outer loop
      vertex -1.76336 -26.4271 -2.5
      vertex -2.12132 -26.1213 -0.7
      vertex -1.76336 -26.4271 -0.7
    endloop
  endfacet
  facet normal 0.649538 0.760329 0
    outer loop
      vertex -2.12132 -26.1213 -0.7
      vertex -1.76336 -26.4271 -2.5
      vertex -2.12132 -26.1213 -2.5
    endloop
  endfacet
  facet normal -0.0783853 -0.996923 0
    outer loop
      vertex 0 -21 -2.5
      vertex 0.469303 -21.0369 -0.7
      vertex 0 -21 -0.7
    endloop
  endfacet
  facet normal -0.0783853 -0.996923 -0
    outer loop
      vertex 0.469303 -21.0369 -0.7
      vertex 0 -21 -2.5
      vertex 0.469303 -21.0369 -2.5
    endloop
  endfacet
  facet normal 0.649538 -0.760329 0
    outer loop
      vertex -2.12132 -21.8787 -2.5
      vertex -1.76336 -21.5729 -0.7
      vertex -2.12132 -21.8787 -0.7
    endloop
  endfacet
  facet normal 0.649538 -0.760329 0
    outer loop
      vertex -1.76336 -21.5729 -0.7
      vertex -2.12132 -21.8787 -2.5
      vertex -1.76336 -21.5729 -2.5
    endloop
  endfacet
  facet normal -0.852648 -0.522486 0
    outer loop
      vertex 2.67302 -22.638 -2.5
      vertex 2.42705 -22.2366 -0.7
      vertex 2.42705 -22.2366 -2.5
    endloop
  endfacet
  facet normal -0.852648 -0.522486 0
    outer loop
      vertex 2.42705 -22.2366 -0.7
      vertex 2.67302 -22.638 -2.5
      vertex 2.67302 -22.638 -0.7
    endloop
  endfacet
  facet normal -0.852648 0.522486 0
    outer loop
      vertex 2.42705 -25.7634 -2.5
      vertex 2.67302 -25.362 -0.7
      vertex 2.67302 -25.362 -2.5
    endloop
  endfacet
  facet normal -0.852648 0.522486 0
    outer loop
      vertex 2.67302 -25.362 -0.7
      vertex 2.42705 -25.7634 -2.5
      vertex 2.42705 -25.7634 -0.7
    endloop
  endfacet
  facet normal -0.760349 0.649515 0
    outer loop
      vertex 2.12132 -26.1213 -2.5
      vertex 2.42705 -25.7634 -0.7
      vertex 2.42705 -25.7634 -2.5
    endloop
  endfacet
  facet normal -0.760349 0.649515 0
    outer loop
      vertex 2.42705 -25.7634 -0.7
      vertex 2.12132 -26.1213 -2.5
      vertex 2.12132 -26.1213 -0.7
    endloop
  endfacet
  facet normal 0.760349 0.649515 0
    outer loop
      vertex -2.12132 -26.1213 -0.7
      vertex -2.42705 -25.7634 -2.5
      vertex -2.42705 -25.7634 -0.7
    endloop
  endfacet
  facet normal 0.760349 0.649515 0
    outer loop
      vertex -2.42705 -25.7634 -2.5
      vertex -2.12132 -26.1213 -0.7
      vertex -2.12132 -26.1213 -2.5
    endloop
  endfacet
  facet normal -0.0783853 0.996923 0
    outer loop
      vertex 0.469303 -26.9631 -2.5
      vertex 0 -27 -0.7
      vertex 0.469303 -26.9631 -0.7
    endloop
  endfacet
  facet normal -0.0783853 0.996923 0
    outer loop
      vertex 0 -27 -0.7
      vertex 0.469303 -26.9631 -2.5
      vertex 0 -27 -2.5
    endloop
  endfacet
  facet normal -0.382775 0.923841 0
    outer loop
      vertex 1.36197 -26.673 -2.5
      vertex 0.927051 -26.8532 -0.7
      vertex 1.36197 -26.673 -0.7
    endloop
  endfacet
  facet normal -0.382775 0.923841 0
    outer loop
      vertex 0.927051 -26.8532 -0.7
      vertex 1.36197 -26.673 -2.5
      vertex 0.927051 -26.8532 -2.5
    endloop
  endfacet
  facet normal 0.972379 0.233409 0
    outer loop
      vertex -2.85317 -24.9271 -0.7
      vertex -2.96306 -24.4693 -2.5
      vertex -2.96306 -24.4693 -0.7
    endloop
  endfacet
  facet normal 0.972379 0.233409 0
    outer loop
      vertex -2.96306 -24.4693 -2.5
      vertex -2.85317 -24.9271 -0.7
      vertex -2.85317 -24.9271 -2.5
    endloop
  endfacet
  facet normal 0.972379 -0.233409 0
    outer loop
      vertex -2.96306 -23.5307 -0.7
      vertex -2.85317 -23.0729 -2.5
      vertex -2.85317 -23.0729 -0.7
    endloop
  endfacet
  facet normal 0.972379 -0.233409 0
    outer loop
      vertex -2.85317 -23.0729 -2.5
      vertex -2.96306 -23.5307 -0.7
      vertex -2.96306 -23.5307 -2.5
    endloop
  endfacet
  facet normal -0.522387 0.852708 0
    outer loop
      vertex 1.76336 -26.4271 -2.5
      vertex 1.36197 -26.673 -0.7
      vertex 1.76336 -26.4271 -0.7
    endloop
  endfacet
  facet normal -0.522387 0.852708 0
    outer loop
      vertex 1.36197 -26.673 -0.7
      vertex 1.76336 -26.4271 -2.5
      vertex 1.36197 -26.673 -2.5
    endloop
  endfacet
  facet normal -0.233454 -0.972368 0
    outer loop
      vertex 0.469303 -21.0369 -2.5
      vertex 0.927051 -21.1468 -0.7
      vertex 0.469303 -21.0369 -0.7
    endloop
  endfacet
  facet normal -0.233454 -0.972368 -0
    outer loop
      vertex 0.927051 -21.1468 -0.7
      vertex 0.469303 -21.0369 -2.5
      vertex 0.927051 -21.1468 -2.5
    endloop
  endfacet
  facet normal -0.996916 -0.0784703 0
    outer loop
      vertex 3 -24 -2.5
      vertex 2.96306 -23.5307 -0.7
      vertex 2.96306 -23.5307 -2.5
    endloop
  endfacet
  facet normal -0.996916 -0.0784703 0
    outer loop
      vertex 2.96306 -23.5307 -0.7
      vertex 3 -24 -2.5
      vertex 3 -24 -0.7
    endloop
  endfacet
  facet normal -0.760349 -0.649515 0
    outer loop
      vertex 2.42705 -22.2366 -2.5
      vertex 2.12132 -21.8787 -0.7
      vertex 2.12132 -21.8787 -2.5
    endloop
  endfacet
  facet normal -0.760349 -0.649515 0
    outer loop
      vertex 2.12132 -21.8787 -0.7
      vertex 2.42705 -22.2366 -2.5
      vertex 2.42705 -22.2366 -0.7
    endloop
  endfacet
  facet normal 0.852648 -0.522486 0
    outer loop
      vertex -2.67302 -22.638 -0.7
      vertex -2.42705 -22.2366 -2.5
      vertex -2.42705 -22.2366 -0.7
    endloop
  endfacet
  facet normal 0.852648 -0.522486 0
    outer loop
      vertex -2.42705 -22.2366 -2.5
      vertex -2.67302 -22.638 -0.7
      vertex -2.67302 -22.638 -2.5
    endloop
  endfacet
  facet normal 0.996916 -0.0784703 0
    outer loop
      vertex -3 -24 -0.7
      vertex -2.96306 -23.5307 -2.5
      vertex -2.96306 -23.5307 -0.7
    endloop
  endfacet
  facet normal 0.996916 -0.0784703 0
    outer loop
      vertex -2.96306 -23.5307 -2.5
      vertex -3 -24 -0.7
      vertex -3 -24 -2.5
    endloop
  endfacet
  facet normal 0.0783853 -0.996923 0
    outer loop
      vertex -0.469303 -21.0369 -2.5
      vertex 0 -21 -0.7
      vertex -0.469303 -21.0369 -0.7
    endloop
  endfacet
  facet normal 0.0783853 -0.996923 0
    outer loop
      vertex 0 -21 -0.7
      vertex -0.469303 -21.0369 -2.5
      vertex 0 -21 -2.5
    endloop
  endfacet
  facet normal -0.233454 0.972368 0
    outer loop
      vertex 0.927051 -26.8532 -2.5
      vertex 0.469303 -26.9631 -0.7
      vertex 0.927051 -26.8532 -0.7
    endloop
  endfacet
  facet normal -0.233454 0.972368 0
    outer loop
      vertex 0.469303 -26.9631 -0.7
      vertex 0.927051 -26.8532 -2.5
      vertex 0.469303 -26.9631 -2.5
    endloop
  endfacet
  facet normal 0.522387 -0.852708 0
    outer loop
      vertex -1.76336 -21.5729 -2.5
      vertex -1.36197 -21.327 -0.7
      vertex -1.76336 -21.5729 -0.7
    endloop
  endfacet
  facet normal 0.522387 -0.852708 0
    outer loop
      vertex -1.36197 -21.327 -0.7
      vertex -1.76336 -21.5729 -2.5
      vertex -1.36197 -21.327 -2.5
    endloop
  endfacet
  facet normal 0.382775 -0.923841 0
    outer loop
      vertex -1.36197 -21.327 -2.5
      vertex -0.927051 -21.1468 -0.7
      vertex -1.36197 -21.327 -0.7
    endloop
  endfacet
  facet normal 0.382775 -0.923841 0
    outer loop
      vertex -0.927051 -21.1468 -0.7
      vertex -1.36197 -21.327 -2.5
      vertex -0.927051 -21.1468 -2.5
    endloop
  endfacet
  facet normal 0.996916 0.0784703 0
    outer loop
      vertex -2.96306 -24.4693 -0.7
      vertex -3 -24 -2.5
      vertex -3 -24 -0.7
    endloop
  endfacet
  facet normal 0.996916 0.0784703 0
    outer loop
      vertex -3 -24 -2.5
      vertex -2.96306 -24.4693 -0.7
      vertex -2.96306 -24.4693 -2.5
    endloop
  endfacet
  facet normal 0.852648 0.522486 0
    outer loop
      vertex -2.42705 -25.7634 -0.7
      vertex -2.67302 -25.362 -2.5
      vertex -2.67302 -25.362 -0.7
    endloop
  endfacet
  facet normal 0.852648 0.522486 0
    outer loop
      vertex -2.67302 -25.362 -2.5
      vertex -2.42705 -25.7634 -0.7
      vertex -2.42705 -25.7634 -2.5
    endloop
  endfacet
  facet normal -0.649538 -0.760329 0
    outer loop
      vertex 1.76336 -21.5729 -2.5
      vertex 2.12132 -21.8787 -0.7
      vertex 1.76336 -21.5729 -0.7
    endloop
  endfacet
  facet normal -0.649538 -0.760329 -0
    outer loop
      vertex 2.12132 -21.8787 -0.7
      vertex 1.76336 -21.5729 -2.5
      vertex 2.12132 -21.8787 -2.5
    endloop
  endfacet
endsolid OpenSCAD_Model
