solid OpenSCAD_Model
  facet normal 0 0 -1
    outer loop
      vertex -9.54593 -9.54593 0
      vertex -8.89919 -6.46564 0
      vertex -7.77817 -7.77817 0
    endloop
  endfacet
  facet normal 0 0 -1
    outer loop
      vertex -10.9217 -7.93509 0
      vertex -8.89919 -6.46564 0
      vertex -9.54593 -9.54593 0
    endloop
  endfacet
  facet normal -0 0 -1
    outer loop
      vertex -8.89919 -6.46564 0
      vertex -10.9217 -7.93509 0
      vertex -9.80107 -4.99388 0
    endloop
  endfacet
  facet normal 0 0 -1
    outer loop
      vertex -12.0286 -6.12886 0
      vertex -9.80107 -4.99388 0
      vertex -10.9217 -7.93509 0
    endloop
  endfacet
  facet normal -0 0 -1
    outer loop
      vertex -9.80107 -4.99388 0
      vertex -12.0286 -6.12886 0
      vertex -10.4616 -3.39919 0
    endloop
  endfacet
  facet normal 0 0 -1
    outer loop
      vertex -12.8392 -4.17172 0
      vertex -10.4616 -3.39919 0
      vertex -12.0286 -6.12886 0
    endloop
  endfacet
  facet normal 0 0 -1
    outer loop
      vertex -12.8805 -4 0
      vertex -10.4616 -3.39919 0
      vertex -12.8392 -4.17172 0
    endloop
  endfacet
  facet normal 0 0 -1
    outer loop
      vertex -3.39919 10.4616 0
      vertex -3 13.1206 0
      vertex -1.72076 10.8646 0
    endloop
  endfacet
  facet normal 0 0 -1
    outer loop
      vertex -3.39919 10.4616 0
      vertex -4.17172 12.8392 0
      vertex -3 13.1206 0
    endloop
  endfacet
  facet normal 0 0 -1
    outer loop
      vertex -4.99388 9.80107 0
      vertex -4.17172 12.8392 0
      vertex -3.39919 10.4616 0
    endloop
  endfacet
  facet normal 0 0 -1
    outer loop
      vertex -4.99388 9.80107 0
      vertex -6.12886 12.0286 0
      vertex -4.17172 12.8392 0
    endloop
  endfacet
  facet normal 0 0 -1
    outer loop
      vertex -6.46564 8.89919 0
      vertex -6.12886 12.0286 0
      vertex -4.99388 9.80107 0
    endloop
  endfacet
  facet normal 0 0 -1
    outer loop
      vertex -7.93509 10.9217 0
      vertex -6.46564 8.89919 0
      vertex -7.77817 7.77817 0
    endloop
  endfacet
  facet normal 0 0 -1
    outer loop
      vertex -6.46564 8.89919 0
      vertex -7.93509 10.9217 0
      vertex -6.12886 12.0286 0
    endloop
  endfacet
  facet normal 0 0 -1
    outer loop
      vertex -9.54593 9.54593 0
      vertex -7.77817 7.77817 0
      vertex -8.89919 6.46564 0
    endloop
  endfacet
  facet normal 0 0 -1
    outer loop
      vertex -7.77817 7.77817 0
      vertex -9.54593 9.54593 0
      vertex -7.93509 10.9217 0
    endloop
  endfacet
  facet normal 0 0 -1
    outer loop
      vertex -10.9217 7.93509 0
      vertex -8.89919 6.46564 0
      vertex -9.80107 4.99388 0
    endloop
  endfacet
  facet normal 0 0 -1
    outer loop
      vertex -12.0286 6.12886 0
      vertex -9.80107 4.99388 0
      vertex -10.4616 3.39919 0
    endloop
  endfacet
  facet normal 0 0 -1
    outer loop
      vertex -12.8805 4 0
      vertex -10.4616 3.39919 0
      vertex -10.8646 1.72076 0
    endloop
  endfacet
  facet normal 0 0 -1
    outer loop
      vertex -8.89919 6.46564 0
      vertex -10.9217 7.93509 0
      vertex -9.54593 9.54593 0
    endloop
  endfacet
  facet normal 0 0 -1
    outer loop
      vertex -12.8805 4 0
      vertex -10.8646 1.72076 0
      vertex -11 0 0
    endloop
  endfacet
  facet normal -0 0 -1
    outer loop
      vertex -10.4616 -3.39919 0
      vertex -12.8805 -4 0
      vertex -10.8646 -1.72076 0
    endloop
  endfacet
  facet normal 0 0 -1
    outer loop
      vertex -9.80107 4.99388 0
      vertex -12.0286 6.12886 0
      vertex -10.9217 7.93509 0
    endloop
  endfacet
  facet normal -0 0 -1
    outer loop
      vertex -10.8646 -1.72076 0
      vertex -12.8805 -4 0
      vertex -11 0 0
    endloop
  endfacet
  facet normal 0 0 -1
    outer loop
      vertex -18.5 -4 0
      vertex -11 0 0
      vertex -12.8805 -4 0
    endloop
  endfacet
  facet normal 0 0 -1
    outer loop
      vertex -10.4616 3.39919 0
      vertex -12.8805 4 0
      vertex -12.8392 4.17172 0
    endloop
  endfacet
  facet normal 0 0 -1
    outer loop
      vertex -10.4616 3.39919 0
      vertex -12.8392 4.17172 0
      vertex -12.0286 6.12886 0
    endloop
  endfacet
  facet normal 0 0 -1
    outer loop
      vertex -18.5 4 0
      vertex -11 0 0
      vertex -18.5 -4 0
    endloop
  endfacet
  facet normal 0 0 -1
    outer loop
      vertex -11 0 0
      vertex -18.5 4 0
      vertex -12.8805 4 0
    endloop
  endfacet
  facet normal 0 0 -1
    outer loop
      vertex 11 0 0
      vertex 13.5 0 0
      vertex 13.3338 -2.11186 0
    endloop
  endfacet
  facet normal 0 0 -1
    outer loop
      vertex 10.8646 -1.72076 0
      vertex 13.3338 -2.11186 0
      vertex 12.8392 -4.17172 0
    endloop
  endfacet
  facet normal 0 0 -1
    outer loop
      vertex 13.5 0 0
      vertex 11 0 0
      vertex 13.3338 2.11186 0
    endloop
  endfacet
  facet normal 0 0 -1
    outer loop
      vertex 10.4616 -3.39919 0
      vertex 12.8392 -4.17172 0
      vertex 12.0286 -6.12886 0
    endloop
  endfacet
  facet normal 0 0 -1
    outer loop
      vertex 10.8646 1.72076 0
      vertex 13.3338 2.11186 0
      vertex 11 0 0
    endloop
  endfacet
  facet normal -0 0 -1
    outer loop
      vertex 13.3338 2.11186 0
      vertex 10.8646 1.72076 0
      vertex 12.8392 4.17172 0
    endloop
  endfacet
  facet normal 0 0 -1
    outer loop
      vertex 9.80107 -4.99388 0
      vertex 12.0286 -6.12886 0
      vertex 10.9217 -7.93509 0
    endloop
  endfacet
  facet normal 0 0 -1
    outer loop
      vertex 13.3338 -2.11186 0
      vertex 10.8646 -1.72076 0
      vertex 11 0 0
    endloop
  endfacet
  facet normal 0 0 -1
    outer loop
      vertex 12.8392 -4.17172 0
      vertex 10.4616 -3.39919 0
      vertex 10.8646 -1.72076 0
    endloop
  endfacet
  facet normal 0 0 -1
    outer loop
      vertex 12.0286 -6.12886 0
      vertex 9.80107 -4.99388 0
      vertex 10.4616 -3.39919 0
    endloop
  endfacet
  facet normal 0 0 -1
    outer loop
      vertex 8.89919 -6.46564 0
      vertex 10.9217 -7.93509 0
      vertex 9.54593 -9.54593 0
    endloop
  endfacet
  facet normal 0 0 -1
    outer loop
      vertex 10.9217 -7.93509 0
      vertex 8.89919 -6.46564 0
      vertex 9.80107 -4.99388 0
    endloop
  endfacet
  facet normal 0 -0 -1
    outer loop
      vertex 8.89919 -6.46564 0
      vertex 9.54593 -9.54593 0
      vertex 7.77817 -7.77817 0
    endloop
  endfacet
  facet normal 0 0 -1
    outer loop
      vertex 10.4616 3.39919 0
      vertex 12.8392 4.17172 0
      vertex 10.8646 1.72076 0
    endloop
  endfacet
  facet normal -0 0 -1
    outer loop
      vertex 12.8392 4.17172 0
      vertex 10.4616 3.39919 0
      vertex 12.0286 6.12886 0
    endloop
  endfacet
  facet normal 0 0 -1
    outer loop
      vertex 9.80107 4.99388 0
      vertex 12.0286 6.12886 0
      vertex 10.4616 3.39919 0
    endloop
  endfacet
  facet normal -0 0 -1
    outer loop
      vertex 12.0286 6.12886 0
      vertex 9.80107 4.99388 0
      vertex 10.9217 7.93509 0
    endloop
  endfacet
  facet normal 0 0 -1
    outer loop
      vertex 8.89919 6.46564 0
      vertex 10.9217 7.93509 0
      vertex 9.80107 4.99388 0
    endloop
  endfacet
  facet normal -0 0 -1
    outer loop
      vertex 10.9217 7.93509 0
      vertex 8.89919 6.46564 0
      vertex 9.54593 9.54593 0
    endloop
  endfacet
  facet normal 0 0 -1
    outer loop
      vertex 7.77817 7.77817 0
      vertex 9.54593 9.54593 0
      vertex 8.89919 6.46564 0
    endloop
  endfacet
  facet normal -0 0 -1
    outer loop
      vertex 9.54593 9.54593 0
      vertex 7.77817 7.77817 0
      vertex 7.93509 10.9217 0
    endloop
  endfacet
  facet normal 0 0 -1
    outer loop
      vertex 6.46564 8.89919 0
      vertex 7.93509 10.9217 0
      vertex 7.77817 7.77817 0
    endloop
  endfacet
  facet normal 0 0 -1
    outer loop
      vertex 6.46564 8.89919 0
      vertex 6.12886 12.0286 0
      vertex 7.93509 10.9217 0
    endloop
  endfacet
  facet normal 0 0 -1
    outer loop
      vertex 4.99388 9.80107 0
      vertex 6.12886 12.0286 0
      vertex 6.46564 8.89919 0
    endloop
  endfacet
  facet normal 0 0 -1
    outer loop
      vertex 4.99388 9.80107 0
      vertex 4.17172 12.8392 0
      vertex 6.12886 12.0286 0
    endloop
  endfacet
  facet normal 0 0 -1
    outer loop
      vertex 3.39919 10.4616 0
      vertex 4.17172 12.8392 0
      vertex 4.99388 9.80107 0
    endloop
  endfacet
  facet normal 0 0 -1
    outer loop
      vertex 3.39919 10.4616 0
      vertex 2.2 13.3126 0
      vertex 4.17172 12.8392 0
    endloop
  endfacet
  facet normal 0 0 -1
    outer loop
      vertex 1.72076 10.8646 0
      vertex 2.2 13.3126 0
      vertex 3.39919 10.4616 0
    endloop
  endfacet
  facet normal 0 0 -1
    outer loop
      vertex 0 11 0
      vertex 2.2 13.3126 0
      vertex 1.72076 10.8646 0
    endloop
  endfacet
  facet normal -0 0 -1
    outer loop
      vertex 2.2 13.3126 0
      vertex 0 11 0
      vertex 2.2 13.5 0
    endloop
  endfacet
  facet normal 0 0 -1
    outer loop
      vertex -3 13.1206 0
      vertex 0 11 0
      vertex -1.72076 10.8646 0
    endloop
  endfacet
  facet normal 0 0 -1
    outer loop
      vertex -3 13.5 0
      vertex 0 11 0
      vertex -3 13.1206 0
    endloop
  endfacet
  facet normal 0 0 -1
    outer loop
      vertex 0 11 0
      vertex -3 13.5 0
      vertex 2.2 13.5 0
    endloop
  endfacet
  facet normal 0 0 1
    outer loop
      vertex 0 11 8
      vertex 2.2 13.3126 8
      vertex 2.2 13.5 8
    endloop
  endfacet
  facet normal 0 0 1
    outer loop
      vertex 2.2 13.3126 8
      vertex 0 11 8
      vertex 1.72076 10.8646 8
    endloop
  endfacet
  facet normal -0 0 1
    outer loop
      vertex -3 13.5 8
      vertex 0 11 8
      vertex 2.2 13.5 8
    endloop
  endfacet
  facet normal 0 0 1
    outer loop
      vertex 0 11 8
      vertex -3 13.5 8
      vertex -3 13.1206 8
    endloop
  endfacet
  facet normal 0 0 1
    outer loop
      vertex 0 11 8
      vertex -3 13.1206 8
      vertex -1.72076 10.8646 8
    endloop
  endfacet
  facet normal 0 0 1
    outer loop
      vertex -3 13.1206 8
      vertex -3.39919 10.4616 8
      vertex -1.72076 10.8646 8
    endloop
  endfacet
  facet normal -0 0 1
    outer loop
      vertex -4.17172 12.8392 8
      vertex -3.39919 10.4616 8
      vertex -3 13.1206 8
    endloop
  endfacet
  facet normal 0 0 1
    outer loop
      vertex -4.17172 12.8392 8
      vertex -4.99388 9.80107 8
      vertex -3.39919 10.4616 8
    endloop
  endfacet
  facet normal -0 0 1
    outer loop
      vertex -6.12886 12.0286 8
      vertex -4.99388 9.80107 8
      vertex -4.17172 12.8392 8
    endloop
  endfacet
  facet normal 0 0 1
    outer loop
      vertex -6.12886 12.0286 8
      vertex -6.46564 8.89919 8
      vertex -4.99388 9.80107 8
    endloop
  endfacet
  facet normal -0 0 1
    outer loop
      vertex -7.93509 10.9217 8
      vertex -6.46564 8.89919 8
      vertex -6.12886 12.0286 8
    endloop
  endfacet
  facet normal 0 0 1
    outer loop
      vertex -6.46564 8.89919 8
      vertex -7.93509 10.9217 8
      vertex -7.77817 7.77817 8
    endloop
  endfacet
  facet normal -0 0 1
    outer loop
      vertex -9.54593 9.54593 8
      vertex -7.77817 7.77817 8
      vertex -7.93509 10.9217 8
    endloop
  endfacet
  facet normal 0 0 1
    outer loop
      vertex -7.77817 7.77817 8
      vertex -9.54593 9.54593 8
      vertex -8.89919 6.46564 8
    endloop
  endfacet
  facet normal -0 0 1
    outer loop
      vertex -10.9217 7.93509 8
      vertex -8.89919 6.46564 8
      vertex -9.54593 9.54593 8
    endloop
  endfacet
  facet normal 0 0 1
    outer loop
      vertex -8.89919 6.46564 8
      vertex -10.9217 7.93509 8
      vertex -9.80107 4.99388 8
    endloop
  endfacet
  facet normal -0 0 1
    outer loop
      vertex -12.0286 6.12886 8
      vertex -9.80107 4.99388 8
      vertex -10.9217 7.93509 8
    endloop
  endfacet
  facet normal 0 0 1
    outer loop
      vertex -9.80107 4.99388 8
      vertex -12.0286 6.12886 8
      vertex -10.4616 3.39919 8
    endloop
  endfacet
  facet normal -0 0 1
    outer loop
      vertex -12.8392 4.17172 8
      vertex -10.4616 3.39919 8
      vertex -12.0286 6.12886 8
    endloop
  endfacet
  facet normal -0 0 1
    outer loop
      vertex -12.8805 4 8
      vertex -10.4616 3.39919 8
      vertex -12.8392 4.17172 8
    endloop
  endfacet
  facet normal 0 0 1
    outer loop
      vertex 11 0 8
      vertex 13.5 0 8
      vertex 13.3338 2.11186 8
    endloop
  endfacet
  facet normal 0 0 1
    outer loop
      vertex 10.8646 1.72076 8
      vertex 13.3338 2.11186 8
      vertex 12.8392 4.17172 8
    endloop
  endfacet
  facet normal 0 0 1
    outer loop
      vertex 13.5 0 8
      vertex 11 0 8
      vertex 13.3338 -2.11186 8
    endloop
  endfacet
  facet normal 0 0 1
    outer loop
      vertex 10.4616 3.39919 8
      vertex 12.8392 4.17172 8
      vertex 12.0286 6.12886 8
    endloop
  endfacet
  facet normal -0 0 1
    outer loop
      vertex 10.8646 -1.72076 8
      vertex 13.3338 -2.11186 8
      vertex 11 0 8
    endloop
  endfacet
  facet normal 0 0 1
    outer loop
      vertex 13.3338 -2.11186 8
      vertex 10.8646 -1.72076 8
      vertex 12.8392 -4.17172 8
    endloop
  endfacet
  facet normal 0 0 1
    outer loop
      vertex 9.80107 4.99388 8
      vertex 12.0286 6.12886 8
      vertex 10.9217 7.93509 8
    endloop
  endfacet
  facet normal 0 0 1
    outer loop
      vertex 13.3338 2.11186 8
      vertex 10.8646 1.72076 8
      vertex 11 0 8
    endloop
  endfacet
  facet normal 0 0 1
    outer loop
      vertex 12.8392 4.17172 8
      vertex 10.4616 3.39919 8
      vertex 10.8646 1.72076 8
    endloop
  endfacet
  facet normal 0 0 1
    outer loop
      vertex 12.0286 6.12886 8
      vertex 9.80107 4.99388 8
      vertex 10.4616 3.39919 8
    endloop
  endfacet
  facet normal 0 0 1
    outer loop
      vertex 8.89919 6.46564 8
      vertex 10.9217 7.93509 8
      vertex 9.54593 9.54593 8
    endloop
  endfacet
  facet normal 0 0 1
    outer loop
      vertex 10.9217 7.93509 8
      vertex 8.89919 6.46564 8
      vertex 9.80107 4.99388 8
    endloop
  endfacet
  facet normal 0 0 1
    outer loop
      vertex 7.77817 7.77817 8
      vertex 9.54593 9.54593 8
      vertex 7.93509 10.9217 8
    endloop
  endfacet
  facet normal 0 0 1
    outer loop
      vertex 9.54593 9.54593 8
      vertex 7.77817 7.77817 8
      vertex 8.89919 6.46564 8
    endloop
  endfacet
  facet normal 0 0 1
    outer loop
      vertex 7.93509 10.9217 8
      vertex 6.46564 8.89919 8
      vertex 7.77817 7.77817 8
    endloop
  endfacet
  facet normal 0 0 1
    outer loop
      vertex 6.12886 12.0286 8
      vertex 6.46564 8.89919 8
      vertex 7.93509 10.9217 8
    endloop
  endfacet
  facet normal 0 0 1
    outer loop
      vertex 6.12886 12.0286 8
      vertex 4.99388 9.80107 8
      vertex 6.46564 8.89919 8
    endloop
  endfacet
  facet normal 0 0 1
    outer loop
      vertex 4.17172 12.8392 8
      vertex 4.99388 9.80107 8
      vertex 6.12886 12.0286 8
    endloop
  endfacet
  facet normal 0 0 1
    outer loop
      vertex 4.17172 12.8392 8
      vertex 3.39919 10.4616 8
      vertex 4.99388 9.80107 8
    endloop
  endfacet
  facet normal 0 0 1
    outer loop
      vertex 2.2 13.3126 8
      vertex 3.39919 10.4616 8
      vertex 4.17172 12.8392 8
    endloop
  endfacet
  facet normal 0 0 1
    outer loop
      vertex 3.39919 10.4616 8
      vertex 2.2 13.3126 8
      vertex 1.72076 10.8646 8
    endloop
  endfacet
  facet normal -0 0 1
    outer loop
      vertex 10.4616 -3.39919 8
      vertex 12.8392 -4.17172 8
      vertex 10.8646 -1.72076 8
    endloop
  endfacet
  facet normal 0 0 1
    outer loop
      vertex 12.8392 -4.17172 8
      vertex 10.4616 -3.39919 8
      vertex 12.0286 -6.12886 8
    endloop
  endfacet
  facet normal -0 0 1
    outer loop
      vertex 9.80107 -4.99388 8
      vertex 12.0286 -6.12886 8
      vertex 10.4616 -3.39919 8
    endloop
  endfacet
  facet normal 0 0 1
    outer loop
      vertex 12.0286 -6.12886 8
      vertex 9.80107 -4.99388 8
      vertex 10.9217 -7.93509 8
    endloop
  endfacet
  facet normal -0 0 1
    outer loop
      vertex 8.89919 -6.46564 8
      vertex 10.9217 -7.93509 8
      vertex 9.80107 -4.99388 8
    endloop
  endfacet
  facet normal 0 0 1
    outer loop
      vertex 10.9217 -7.93509 8
      vertex 8.89919 -6.46564 8
      vertex 9.54593 -9.54593 8
    endloop
  endfacet
  facet normal 0 0 1
    outer loop
      vertex 9.54593 -9.54593 8
      vertex 8.89919 -6.46564 8
      vertex 7.77817 -7.77817 8
    endloop
  endfacet
  facet normal 0 0 1
    outer loop
      vertex -8.89919 -6.46564 8
      vertex -9.54593 -9.54593 8
      vertex -7.77817 -7.77817 8
    endloop
  endfacet
  facet normal 0 0 1
    outer loop
      vertex -10.9217 -7.93509 8
      vertex -8.89919 -6.46564 8
      vertex -9.80107 -4.99388 8
    endloop
  endfacet
  facet normal 0 0 1
    outer loop
      vertex -12.0286 -6.12886 8
      vertex -9.80107 -4.99388 8
      vertex -10.4616 -3.39919 8
    endloop
  endfacet
  facet normal 0 0 1
    outer loop
      vertex -12.8805 -4 8
      vertex -10.4616 -3.39919 8
      vertex -10.8646 -1.72076 8
    endloop
  endfacet
  facet normal 0 0 1
    outer loop
      vertex -8.89919 -6.46564 8
      vertex -10.9217 -7.93509 8
      vertex -9.54593 -9.54593 8
    endloop
  endfacet
  facet normal 0 0 1
    outer loop
      vertex -12.8805 -4 8
      vertex -10.8646 -1.72076 8
      vertex -11 0 8
    endloop
  endfacet
  facet normal 0 0 1
    outer loop
      vertex -10.4616 3.39919 8
      vertex -12.8805 4 8
      vertex -10.8646 1.72076 8
    endloop
  endfacet
  facet normal 0 0 1
    outer loop
      vertex -9.80107 -4.99388 8
      vertex -12.0286 -6.12886 8
      vertex -10.9217 -7.93509 8
    endloop
  endfacet
  facet normal 0 0 1
    outer loop
      vertex -10.8646 1.72076 8
      vertex -12.8805 4 8
      vertex -11 0 8
    endloop
  endfacet
  facet normal -0 0 1
    outer loop
      vertex -18.5 4 8
      vertex -11 0 8
      vertex -12.8805 4 8
    endloop
  endfacet
  facet normal 0 0 1
    outer loop
      vertex -10.4616 -3.39919 8
      vertex -12.8805 -4 8
      vertex -12.8392 -4.17172 8
    endloop
  endfacet
  facet normal 0 0 1
    outer loop
      vertex -10.4616 -3.39919 8
      vertex -12.8392 -4.17172 8
      vertex -12.0286 -6.12886 8
    endloop
  endfacet
  facet normal 0 0 1
    outer loop
      vertex -18.5 -4 8
      vertex -11 0 8
      vertex -18.5 4 8
    endloop
  endfacet
  facet normal 0 0 1
    outer loop
      vertex -11 0 8
      vertex -18.5 -4 8
      vertex -12.8805 -4 8
    endloop
  endfacet
  facet normal 0.76041 -0.649443 0
    outer loop
      vertex 9.54593 -9.54593 8
      vertex 10.9217 -7.93509 0
      vertex 10.9217 -7.93509 8
    endloop
  endfacet
  facet normal 0.76041 -0.649443 0
    outer loop
      vertex 10.9217 -7.93509 0
      vertex 9.54593 -9.54593 8
      vertex 9.54593 -9.54593 0
    endloop
  endfacet
  facet normal 0.852632 -0.522513 0
    outer loop
      vertex 10.9217 -7.93509 8
      vertex 12.0286 -6.12886 0
      vertex 12.0286 -6.12886 8
    endloop
  endfacet
  facet normal 0.852632 -0.522513 0
    outer loop
      vertex 12.0286 -6.12886 0
      vertex 10.9217 -7.93509 8
      vertex 10.9217 -7.93509 0
    endloop
  endfacet
  facet normal 0.923892 -0.382654 0
    outer loop
      vertex 12.0286 -6.12886 8
      vertex 12.8392 -4.17172 0
      vertex 12.8392 -4.17172 8
    endloop
  endfacet
  facet normal 0.923892 -0.382654 0
    outer loop
      vertex 12.8392 -4.17172 0
      vertex 12.0286 -6.12886 8
      vertex 12.0286 -6.12886 0
    endloop
  endfacet
  facet normal 0.972362 -0.233477 0
    outer loop
      vertex 12.8392 -4.17172 8
      vertex 13.3338 -2.11186 0
      vertex 13.3338 -2.11186 8
    endloop
  endfacet
  facet normal 0.972362 -0.233477 0
    outer loop
      vertex 13.3338 -2.11186 0
      vertex 12.8392 -4.17172 8
      vertex 12.8392 -4.17172 0
    endloop
  endfacet
  facet normal 0.996918 -0.0784558 0
    outer loop
      vertex 13.3338 -2.11186 8
      vertex 13.5 0 0
      vertex 13.5 0 8
    endloop
  endfacet
  facet normal 0.996918 -0.0784558 0
    outer loop
      vertex 13.5 0 0
      vertex 13.3338 -2.11186 8
      vertex 13.3338 -2.11186 0
    endloop
  endfacet
  facet normal 0.996918 0.0784558 0
    outer loop
      vertex 13.5 0 8
      vertex 13.3338 2.11186 0
      vertex 13.3338 2.11186 8
    endloop
  endfacet
  facet normal 0.996918 0.0784558 0
    outer loop
      vertex 13.3338 2.11186 0
      vertex 13.5 0 8
      vertex 13.5 0 0
    endloop
  endfacet
  facet normal 0.972362 0.233477 0
    outer loop
      vertex 13.3338 2.11186 8
      vertex 12.8392 4.17172 0
      vertex 12.8392 4.17172 8
    endloop
  endfacet
  facet normal 0.972362 0.233477 0
    outer loop
      vertex 12.8392 4.17172 0
      vertex 13.3338 2.11186 8
      vertex 13.3338 2.11186 0
    endloop
  endfacet
  facet normal 0.923892 0.382654 0
    outer loop
      vertex 12.8392 4.17172 8
      vertex 12.0286 6.12886 0
      vertex 12.0286 6.12886 8
    endloop
  endfacet
  facet normal 0.923892 0.382654 0
    outer loop
      vertex 12.0286 6.12886 0
      vertex 12.8392 4.17172 8
      vertex 12.8392 4.17172 0
    endloop
  endfacet
  facet normal 0.852632 0.522513 0
    outer loop
      vertex 12.0286 6.12886 8
      vertex 10.9217 7.93509 0
      vertex 10.9217 7.93509 8
    endloop
  endfacet
  facet normal 0.852632 0.522513 0
    outer loop
      vertex 10.9217 7.93509 0
      vertex 12.0286 6.12886 8
      vertex 12.0286 6.12886 0
    endloop
  endfacet
  facet normal 0.76041 0.649443 0
    outer loop
      vertex 10.9217 7.93509 8
      vertex 9.54593 9.54593 0
      vertex 9.54593 9.54593 8
    endloop
  endfacet
  facet normal 0.76041 0.649443 0
    outer loop
      vertex 9.54593 9.54593 0
      vertex 10.9217 7.93509 8
      vertex 10.9217 7.93509 0
    endloop
  endfacet
  facet normal 0.649443 0.76041 -0
    outer loop
      vertex 9.54593 9.54593 0
      vertex 7.93509 10.9217 8
      vertex 9.54593 9.54593 8
    endloop
  endfacet
  facet normal 0.649443 0.76041 0
    outer loop
      vertex 7.93509 10.9217 8
      vertex 9.54593 9.54593 0
      vertex 7.93509 10.9217 0
    endloop
  endfacet
  facet normal 0.522513 0.852632 -0
    outer loop
      vertex 7.93509 10.9217 0
      vertex 6.12886 12.0286 8
      vertex 7.93509 10.9217 8
    endloop
  endfacet
  facet normal 0.522513 0.852632 0
    outer loop
      vertex 6.12886 12.0286 8
      vertex 7.93509 10.9217 0
      vertex 6.12886 12.0286 0
    endloop
  endfacet
  facet normal 0.382654 0.923892 -0
    outer loop
      vertex 6.12886 12.0286 0
      vertex 4.17172 12.8392 8
      vertex 6.12886 12.0286 8
    endloop
  endfacet
  facet normal 0.382654 0.923892 0
    outer loop
      vertex 4.17172 12.8392 8
      vertex 6.12886 12.0286 0
      vertex 4.17172 12.8392 0
    endloop
  endfacet
  facet normal 0.23346 0.972366 -0
    outer loop
      vertex 4.17172 12.8392 0
      vertex 2.2 13.3126 8
      vertex 4.17172 12.8392 8
    endloop
  endfacet
  facet normal 0.23346 0.972366 0
    outer loop
      vertex 2.2 13.3126 8
      vertex 4.17172 12.8392 0
      vertex 2.2 13.3126 0
    endloop
  endfacet
  facet normal -0.23352 0.972352 0
    outer loop
      vertex -3 13.1206 0
      vertex -4.17172 12.8392 8
      vertex -3 13.1206 8
    endloop
  endfacet
  facet normal -0.23352 0.972352 0
    outer loop
      vertex -4.17172 12.8392 8
      vertex -3 13.1206 0
      vertex -4.17172 12.8392 0
    endloop
  endfacet
  facet normal -0.382654 0.923892 0
    outer loop
      vertex -4.17172 12.8392 0
      vertex -6.12886 12.0286 8
      vertex -4.17172 12.8392 8
    endloop
  endfacet
  facet normal -0.382654 0.923892 0
    outer loop
      vertex -6.12886 12.0286 8
      vertex -4.17172 12.8392 0
      vertex -6.12886 12.0286 0
    endloop
  endfacet
  facet normal -0.522513 0.852632 0
    outer loop
      vertex -6.12886 12.0286 0
      vertex -7.93509 10.9217 8
      vertex -6.12886 12.0286 8
    endloop
  endfacet
  facet normal -0.522513 0.852632 0
    outer loop
      vertex -7.93509 10.9217 8
      vertex -6.12886 12.0286 0
      vertex -7.93509 10.9217 0
    endloop
  endfacet
  facet normal -0.649443 0.76041 0
    outer loop
      vertex -7.93509 10.9217 0
      vertex -9.54593 9.54593 8
      vertex -7.93509 10.9217 8
    endloop
  endfacet
  facet normal -0.649443 0.76041 0
    outer loop
      vertex -9.54593 9.54593 8
      vertex -7.93509 10.9217 0
      vertex -9.54593 9.54593 0
    endloop
  endfacet
  facet normal -0.76041 0.649443 0
    outer loop
      vertex -10.9217 7.93509 0
      vertex -9.54593 9.54593 8
      vertex -9.54593 9.54593 0
    endloop
  endfacet
  facet normal -0.76041 0.649443 0
    outer loop
      vertex -9.54593 9.54593 8
      vertex -10.9217 7.93509 0
      vertex -10.9217 7.93509 8
    endloop
  endfacet
  facet normal -0.852632 0.522513 0
    outer loop
      vertex -12.0286 6.12886 0
      vertex -10.9217 7.93509 8
      vertex -10.9217 7.93509 0
    endloop
  endfacet
  facet normal -0.852632 0.522513 0
    outer loop
      vertex -10.9217 7.93509 8
      vertex -12.0286 6.12886 0
      vertex -12.0286 6.12886 8
    endloop
  endfacet
  facet normal -0.923892 0.382654 0
    outer loop
      vertex -12.8392 4.17172 0
      vertex -12.0286 6.12886 8
      vertex -12.0286 6.12886 0
    endloop
  endfacet
  facet normal -0.923892 0.382654 0
    outer loop
      vertex -12.0286 6.12886 8
      vertex -12.8392 4.17172 0
      vertex -12.8392 4.17172 8
    endloop
  endfacet
  facet normal -0.972275 0.23384 0
    outer loop
      vertex -12.8805 4 0
      vertex -12.8392 4.17172 8
      vertex -12.8392 4.17172 0
    endloop
  endfacet
  facet normal -0.972275 0.23384 0
    outer loop
      vertex -12.8392 4.17172 8
      vertex -12.8805 4 0
      vertex -12.8805 4 8
    endloop
  endfacet
  facet normal -0.972275 -0.23384 0
    outer loop
      vertex -12.8392 -4.17172 0
      vertex -12.8805 -4 8
      vertex -12.8805 -4 0
    endloop
  endfacet
  facet normal -0.972275 -0.23384 0
    outer loop
      vertex -12.8805 -4 8
      vertex -12.8392 -4.17172 0
      vertex -12.8392 -4.17172 8
    endloop
  endfacet
  facet normal -0.923892 -0.382654 0
    outer loop
      vertex -12.0286 -6.12886 0
      vertex -12.8392 -4.17172 8
      vertex -12.8392 -4.17172 0
    endloop
  endfacet
  facet normal -0.923892 -0.382654 0
    outer loop
      vertex -12.8392 -4.17172 8
      vertex -12.0286 -6.12886 0
      vertex -12.0286 -6.12886 8
    endloop
  endfacet
  facet normal -0.852632 -0.522513 0
    outer loop
      vertex -10.9217 -7.93509 0
      vertex -12.0286 -6.12886 8
      vertex -12.0286 -6.12886 0
    endloop
  endfacet
  facet normal -0.852632 -0.522513 0
    outer loop
      vertex -12.0286 -6.12886 8
      vertex -10.9217 -7.93509 0
      vertex -10.9217 -7.93509 8
    endloop
  endfacet
  facet normal -0.76041 -0.649443 0
    outer loop
      vertex -9.54593 -9.54593 0
      vertex -10.9217 -7.93509 8
      vertex -10.9217 -7.93509 0
    endloop
  endfacet
  facet normal -0.76041 -0.649443 0
    outer loop
      vertex -10.9217 -7.93509 8
      vertex -9.54593 -9.54593 0
      vertex -9.54593 -9.54593 8
    endloop
  endfacet
  facet normal 0.760402 0.649453 0
    outer loop
      vertex -7.77817 -7.77817 8
      vertex -8.89919 -6.46564 0
      vertex -8.89919 -6.46564 8
    endloop
  endfacet
  facet normal 0.760402 0.649453 0
    outer loop
      vertex -8.89919 -6.46564 0
      vertex -7.77817 -7.77817 8
      vertex -7.77817 -7.77817 0
    endloop
  endfacet
  facet normal 0.852644 0.522492 0
    outer loop
      vertex -8.89919 -6.46564 8
      vertex -9.80107 -4.99388 0
      vertex -9.80107 -4.99388 8
    endloop
  endfacet
  facet normal 0.852644 0.522492 0
    outer loop
      vertex -9.80107 -4.99388 0
      vertex -8.89919 -6.46564 8
      vertex -8.89919 -6.46564 0
    endloop
  endfacet
  facet normal 0.923882 0.382677 0
    outer loop
      vertex -9.80107 -4.99388 8
      vertex -10.4616 -3.39919 0
      vertex -10.4616 -3.39919 8
    endloop
  endfacet
  facet normal 0.923882 0.382677 0
    outer loop
      vertex -10.4616 -3.39919 0
      vertex -9.80107 -4.99388 8
      vertex -9.80107 -4.99388 0
    endloop
  endfacet
  facet normal 0.972364 0.23347 0
    outer loop
      vertex -10.4616 -3.39919 8
      vertex -10.8646 -1.72076 0
      vertex -10.8646 -1.72076 8
    endloop
  endfacet
  facet normal 0.972364 0.23347 0
    outer loop
      vertex -10.8646 -1.72076 0
      vertex -10.4616 -3.39919 8
      vertex -10.4616 -3.39919 0
    endloop
  endfacet
  facet normal 0.996919 0.0784437 0
    outer loop
      vertex -10.8646 -1.72076 8
      vertex -11 0 0
      vertex -11 0 8
    endloop
  endfacet
  facet normal 0.996919 0.0784437 0
    outer loop
      vertex -11 0 0
      vertex -10.8646 -1.72076 8
      vertex -10.8646 -1.72076 0
    endloop
  endfacet
  facet normal 0.996919 -0.0784437 0
    outer loop
      vertex -11 0 8
      vertex -10.8646 1.72076 0
      vertex -10.8646 1.72076 8
    endloop
  endfacet
  facet normal 0.996919 -0.0784437 0
    outer loop
      vertex -10.8646 1.72076 0
      vertex -11 0 8
      vertex -11 0 0
    endloop
  endfacet
  facet normal 0.972364 -0.23347 0
    outer loop
      vertex -10.8646 1.72076 8
      vertex -10.4616 3.39919 0
      vertex -10.4616 3.39919 8
    endloop
  endfacet
  facet normal 0.972364 -0.23347 0
    outer loop
      vertex -10.4616 3.39919 0
      vertex -10.8646 1.72076 8
      vertex -10.8646 1.72076 0
    endloop
  endfacet
  facet normal 0.923882 -0.382677 0
    outer loop
      vertex -10.4616 3.39919 8
      vertex -9.80107 4.99388 0
      vertex -9.80107 4.99388 8
    endloop
  endfacet
  facet normal 0.923882 -0.382677 0
    outer loop
      vertex -9.80107 4.99388 0
      vertex -10.4616 3.39919 8
      vertex -10.4616 3.39919 0
    endloop
  endfacet
  facet normal 0.852644 -0.522492 0
    outer loop
      vertex -9.80107 4.99388 8
      vertex -8.89919 6.46564 0
      vertex -8.89919 6.46564 8
    endloop
  endfacet
  facet normal 0.852644 -0.522492 0
    outer loop
      vertex -8.89919 6.46564 0
      vertex -9.80107 4.99388 8
      vertex -9.80107 4.99388 0
    endloop
  endfacet
  facet normal 0.760402 -0.649453 0
    outer loop
      vertex -8.89919 6.46564 8
      vertex -7.77817 7.77817 0
      vertex -7.77817 7.77817 8
    endloop
  endfacet
  facet normal 0.760402 -0.649453 0
    outer loop
      vertex -7.77817 7.77817 0
      vertex -8.89919 6.46564 8
      vertex -8.89919 6.46564 0
    endloop
  endfacet
  facet normal 0.649453 -0.760402 0
    outer loop
      vertex -7.77817 7.77817 0
      vertex -6.46564 8.89919 8
      vertex -7.77817 7.77817 8
    endloop
  endfacet
  facet normal 0.649453 -0.760402 0
    outer loop
      vertex -6.46564 8.89919 8
      vertex -7.77817 7.77817 0
      vertex -6.46564 8.89919 0
    endloop
  endfacet
  facet normal 0.522492 -0.852644 0
    outer loop
      vertex -6.46564 8.89919 0
      vertex -4.99388 9.80107 8
      vertex -6.46564 8.89919 8
    endloop
  endfacet
  facet normal 0.522492 -0.852644 0
    outer loop
      vertex -4.99388 9.80107 8
      vertex -6.46564 8.89919 0
      vertex -4.99388 9.80107 0
    endloop
  endfacet
  facet normal 0.382677 -0.923882 0
    outer loop
      vertex -4.99388 9.80107 0
      vertex -3.39919 10.4616 8
      vertex -4.99388 9.80107 8
    endloop
  endfacet
  facet normal 0.382677 -0.923882 0
    outer loop
      vertex -3.39919 10.4616 8
      vertex -4.99388 9.80107 0
      vertex -3.39919 10.4616 0
    endloop
  endfacet
  facet normal 0.23347 -0.972364 0
    outer loop
      vertex -3.39919 10.4616 0
      vertex -1.72076 10.8646 8
      vertex -3.39919 10.4616 8
    endloop
  endfacet
  facet normal 0.23347 -0.972364 0
    outer loop
      vertex -1.72076 10.8646 8
      vertex -3.39919 10.4616 0
      vertex -1.72076 10.8646 0
    endloop
  endfacet
  facet normal 0.0784437 -0.996919 0
    outer loop
      vertex -1.72076 10.8646 0
      vertex 0 11 8
      vertex -1.72076 10.8646 8
    endloop
  endfacet
  facet normal 0.0784437 -0.996919 0
    outer loop
      vertex 0 11 8
      vertex -1.72076 10.8646 0
      vertex 0 11 0
    endloop
  endfacet
  facet normal -0.0784437 -0.996919 0
    outer loop
      vertex 0 11 0
      vertex 1.72076 10.8646 8
      vertex 0 11 8
    endloop
  endfacet
  facet normal -0.0784437 -0.996919 -0
    outer loop
      vertex 1.72076 10.8646 8
      vertex 0 11 0
      vertex 1.72076 10.8646 0
    endloop
  endfacet
  facet normal -0.23347 -0.972364 0
    outer loop
      vertex 1.72076 10.8646 0
      vertex 3.39919 10.4616 8
      vertex 1.72076 10.8646 8
    endloop
  endfacet
  facet normal -0.23347 -0.972364 -0
    outer loop
      vertex 3.39919 10.4616 8
      vertex 1.72076 10.8646 0
      vertex 3.39919 10.4616 0
    endloop
  endfacet
  facet normal -0.382677 -0.923882 0
    outer loop
      vertex 3.39919 10.4616 0
      vertex 4.99388 9.80107 8
      vertex 3.39919 10.4616 8
    endloop
  endfacet
  facet normal -0.382677 -0.923882 -0
    outer loop
      vertex 4.99388 9.80107 8
      vertex 3.39919 10.4616 0
      vertex 4.99388 9.80107 0
    endloop
  endfacet
  facet normal -0.522492 -0.852644 0
    outer loop
      vertex 4.99388 9.80107 0
      vertex 6.46564 8.89919 8
      vertex 4.99388 9.80107 8
    endloop
  endfacet
  facet normal -0.522492 -0.852644 -0
    outer loop
      vertex 6.46564 8.89919 8
      vertex 4.99388 9.80107 0
      vertex 6.46564 8.89919 0
    endloop
  endfacet
  facet normal -0.649453 -0.760402 0
    outer loop
      vertex 6.46564 8.89919 0
      vertex 7.77817 7.77817 8
      vertex 6.46564 8.89919 8
    endloop
  endfacet
  facet normal -0.649453 -0.760402 -0
    outer loop
      vertex 7.77817 7.77817 8
      vertex 6.46564 8.89919 0
      vertex 7.77817 7.77817 0
    endloop
  endfacet
  facet normal -0.760402 -0.649453 0
    outer loop
      vertex 8.89919 6.46564 0
      vertex 7.77817 7.77817 8
      vertex 7.77817 7.77817 0
    endloop
  endfacet
  facet normal -0.760402 -0.649453 0
    outer loop
      vertex 7.77817 7.77817 8
      vertex 8.89919 6.46564 0
      vertex 8.89919 6.46564 8
    endloop
  endfacet
  facet normal -0.852644 -0.522492 0
    outer loop
      vertex 9.80107 4.99388 0
      vertex 8.89919 6.46564 8
      vertex 8.89919 6.46564 0
    endloop
  endfacet
  facet normal -0.852644 -0.522492 0
    outer loop
      vertex 8.89919 6.46564 8
      vertex 9.80107 4.99388 0
      vertex 9.80107 4.99388 8
    endloop
  endfacet
  facet normal -0.923882 -0.382677 0
    outer loop
      vertex 10.4616 3.39919 0
      vertex 9.80107 4.99388 8
      vertex 9.80107 4.99388 0
    endloop
  endfacet
  facet normal -0.923882 -0.382677 0
    outer loop
      vertex 9.80107 4.99388 8
      vertex 10.4616 3.39919 0
      vertex 10.4616 3.39919 8
    endloop
  endfacet
  facet normal -0.972364 -0.23347 0
    outer loop
      vertex 10.8646 1.72076 0
      vertex 10.4616 3.39919 8
      vertex 10.4616 3.39919 0
    endloop
  endfacet
  facet normal -0.972364 -0.23347 0
    outer loop
      vertex 10.4616 3.39919 8
      vertex 10.8646 1.72076 0
      vertex 10.8646 1.72076 8
    endloop
  endfacet
  facet normal -0.996919 -0.0784437 0
    outer loop
      vertex 11 0 0
      vertex 10.8646 1.72076 8
      vertex 10.8646 1.72076 0
    endloop
  endfacet
  facet normal -0.996919 -0.0784437 0
    outer loop
      vertex 10.8646 1.72076 8
      vertex 11 0 0
      vertex 11 0 8
    endloop
  endfacet
  facet normal -0.996919 0.0784437 0
    outer loop
      vertex 10.8646 -1.72076 0
      vertex 11 0 8
      vertex 11 0 0
    endloop
  endfacet
  facet normal -0.996919 0.0784437 0
    outer loop
      vertex 11 0 8
      vertex 10.8646 -1.72076 0
      vertex 10.8646 -1.72076 8
    endloop
  endfacet
  facet normal -0.972364 0.23347 0
    outer loop
      vertex 10.4616 -3.39919 0
      vertex 10.8646 -1.72076 8
      vertex 10.8646 -1.72076 0
    endloop
  endfacet
  facet normal -0.972364 0.23347 0
    outer loop
      vertex 10.8646 -1.72076 8
      vertex 10.4616 -3.39919 0
      vertex 10.4616 -3.39919 8
    endloop
  endfacet
  facet normal -0.923882 0.382677 0
    outer loop
      vertex 9.80107 -4.99388 0
      vertex 10.4616 -3.39919 8
      vertex 10.4616 -3.39919 0
    endloop
  endfacet
  facet normal -0.923882 0.382677 0
    outer loop
      vertex 10.4616 -3.39919 8
      vertex 9.80107 -4.99388 0
      vertex 9.80107 -4.99388 8
    endloop
  endfacet
  facet normal -0.852644 0.522492 0
    outer loop
      vertex 8.89919 -6.46564 0
      vertex 9.80107 -4.99388 8
      vertex 9.80107 -4.99388 0
    endloop
  endfacet
  facet normal -0.852644 0.522492 0
    outer loop
      vertex 9.80107 -4.99388 8
      vertex 8.89919 -6.46564 0
      vertex 8.89919 -6.46564 8
    endloop
  endfacet
  facet normal -0.760402 0.649453 0
    outer loop
      vertex 7.77817 -7.77817 0
      vertex 8.89919 -6.46564 8
      vertex 8.89919 -6.46564 0
    endloop
  endfacet
  facet normal -0.760402 0.649453 0
    outer loop
      vertex 8.89919 -6.46564 8
      vertex 7.77817 -7.77817 0
      vertex 7.77817 -7.77817 8
    endloop
  endfacet
  facet normal -0 0.522542 0.852614
    outer loop
      vertex -3 17.8809 6.58885
      vertex 2.2 17.4528 6.85122
      vertex 2.2 17.8809 6.58885
    endloop
  endfacet
  facet normal 0 0.522542 0.852614
    outer loop
      vertex 2.2 17.4528 6.85122
      vertex -3 17.8809 6.58885
      vertex -3 17.4528 6.85122
    endloop
  endfacet
  facet normal -0 0.382694 0.923875
    outer loop
      vertex -3 17.4528 6.85122
      vertex 2.2 16.9889 7.04338
      vertex 2.2 17.4528 6.85122
    endloop
  endfacet
  facet normal 0 0.382694 0.923875
    outer loop
      vertex 2.2 16.9889 7.04338
      vertex -3 17.4528 6.85122
      vertex -3 16.9889 7.04338
    endloop
  endfacet
  facet normal 0 0.923853 0.382748
    outer loop
      vertex 2.2 19.0434 4.98885
      vertex -3 18.8512 5.45277
      vertex 2.2 18.8512 5.45277
    endloop
  endfacet
  facet normal 0 0.923853 0.382748
    outer loop
      vertex -3 18.8512 5.45277
      vertex 2.2 19.0434 4.98885
      vertex -3 19.0434 4.98885
    endloop
  endfacet
  facet normal 0 0.760321 -0.649547
    outer loop
      vertex 2.2 18.2627 1.73726
      vertex -3 18.5889 2.11909
      vertex 2.2 18.5889 2.11909
    endloop
  endfacet
  facet normal 0 0.760321 -0.649547
    outer loop
      vertex -3 18.5889 2.11909
      vertex 2.2 18.2627 1.73726
      vertex -3 18.2627 1.73726
    endloop
  endfacet
  facet normal 0 0.649473 -0.760384
    outer loop
      vertex -3 17.8809 1.41115
      vertex 2.2 18.2627 1.73726
      vertex 2.2 17.8809 1.41115
    endloop
  endfacet
  facet normal 0 0.649473 -0.760384
    outer loop
      vertex 2.2 18.2627 1.73726
      vertex -3 17.8809 1.41115
      vertex -3 18.2627 1.73726
    endloop
  endfacet
  facet normal 0 0.26443 -0.964405
    outer loop
      vertex -3 13.5 0
      vertex 2.2 16.9889 0.956619
      vertex 2.2 13.5 0
    endloop
  endfacet
  facet normal 0 0.26443 -0.964405
    outer loop
      vertex 2.2 16.9889 0.956619
      vertex -3 13.5 0
      vertex -3 16.9889 0.956619
    endloop
  endfacet
  facet normal 0 0.522542 -0.852614
    outer loop
      vertex -3 17.4528 1.14878
      vertex 2.2 17.8809 1.41115
      vertex 2.2 17.4528 1.14878
    endloop
  endfacet
  facet normal 0 0.522542 -0.852614
    outer loop
      vertex 2.2 17.8809 1.41115
      vertex -3 17.4528 1.14878
      vertex -3 17.8809 1.41115
    endloop
  endfacet
  facet normal 0 0.972379 0.233406
    outer loop
      vertex 2.2 19.1606 4.50059
      vertex -3 19.0434 4.98885
      vertex 2.2 19.0434 4.98885
    endloop
  endfacet
  facet normal 0 0.972379 0.233406
    outer loop
      vertex -3 19.0434 4.98885
      vertex 2.2 19.1606 4.50059
      vertex -3 19.1606 4.50059
    endloop
  endfacet
  facet normal 0 0.852697 -0.522405
    outer loop
      vertex 2.2 18.5889 2.11909
      vertex -3 18.8512 2.54723
      vertex 2.2 18.8512 2.54723
    endloop
  endfacet
  facet normal 0 0.852697 -0.522405
    outer loop
      vertex -3 18.8512 2.54723
      vertex 2.2 18.5889 2.11909
      vertex -3 18.5889 2.11909
    endloop
  endfacet
  facet normal 0 0.996917 -0.0784645
    outer loop
      vertex 2.2 19.1606 3.49941
      vertex -3 19.2 4
      vertex 2.2 19.2 4
    endloop
  endfacet
  facet normal 0 0.996917 -0.0784645
    outer loop
      vertex -3 19.2 4
      vertex 2.2 19.1606 3.49941
      vertex -3 19.1606 3.49941
    endloop
  endfacet
  facet normal 0 0.972379 -0.233406
    outer loop
      vertex 2.2 19.0434 3.01115
      vertex -3 19.1606 3.49941
      vertex 2.2 19.1606 3.49941
    endloop
  endfacet
  facet normal 0 0.972379 -0.233406
    outer loop
      vertex -3 19.1606 3.49941
      vertex 2.2 19.0434 3.01115
      vertex -3 19.0434 3.01115
    endloop
  endfacet
  facet normal -0 0.26443 0.964405
    outer loop
      vertex -3 16.9889 7.04338
      vertex 2.2 13.5 8
      vertex 2.2 16.9889 7.04338
    endloop
  endfacet
  facet normal 0 0.26443 0.964405
    outer loop
      vertex 2.2 13.5 8
      vertex -3 16.9889 7.04338
      vertex -3 13.5 8
    endloop
  endfacet
  facet normal -0 0.649473 0.760384
    outer loop
      vertex -3 18.2627 6.26274
      vertex 2.2 17.8809 6.58885
      vertex 2.2 18.2627 6.26274
    endloop
  endfacet
  facet normal 0 0.649473 0.760384
    outer loop
      vertex 2.2 17.8809 6.58885
      vertex -3 18.2627 6.26274
      vertex -3 17.8809 6.58885
    endloop
  endfacet
  facet normal 0 0.760321 0.649547
    outer loop
      vertex 2.2 18.5889 5.88091
      vertex -3 18.2627 6.26274
      vertex 2.2 18.2627 6.26274
    endloop
  endfacet
  facet normal 0 0.760321 0.649547
    outer loop
      vertex -3 18.2627 6.26274
      vertex 2.2 18.5889 5.88091
      vertex -3 18.5889 5.88091
    endloop
  endfacet
  facet normal 0 0.382696 -0.923874
    outer loop
      vertex -3 16.9889 0.956619
      vertex 2.2 17.4528 1.14878
      vertex 2.2 16.9889 0.956619
    endloop
  endfacet
  facet normal 0 0.382696 -0.923874
    outer loop
      vertex 2.2 17.4528 1.14878
      vertex -3 16.9889 0.956619
      vertex -3 17.4528 1.14878
    endloop
  endfacet
  facet normal 0 0.996917 0.0784645
    outer loop
      vertex 2.2 19.2 4
      vertex -3 19.1606 4.50059
      vertex 2.2 19.1606 4.50059
    endloop
  endfacet
  facet normal 0 0.996917 0.0784645
    outer loop
      vertex -3 19.1606 4.50059
      vertex 2.2 19.2 4
      vertex -3 19.2 4
    endloop
  endfacet
  facet normal 0 0.852697 0.522405
    outer loop
      vertex 2.2 18.8512 5.45277
      vertex -3 18.5889 5.88091
      vertex 2.2 18.5889 5.88091
    endloop
  endfacet
  facet normal 0 0.852697 0.522405
    outer loop
      vertex -3 18.5889 5.88091
      vertex 2.2 18.8512 5.45277
      vertex -3 18.8512 5.45277
    endloop
  endfacet
  facet normal -1 0 0
    outer loop
      vertex -3 16.85 4
      vertex -3 19.2 4
      vertex -3 19.1606 3.49941
    endloop
  endfacet
  facet normal -1 0 0
    outer loop
      vertex -3 16.8395 3.86703
      vertex -3 19.1606 3.49941
      vertex -3 19.0434 3.01115
    endloop
  endfacet
  facet normal -1 0 0
    outer loop
      vertex -3 19.2 4
      vertex -3 16.85 4
      vertex -3 19.1606 4.50059
    endloop
  endfacet
  facet normal -1 0 0
    outer loop
      vertex -3 16.8084 3.73734
      vertex -3 19.0434 3.01115
      vertex -3 18.8512 2.54723
    endloop
  endfacet
  facet normal -1 0 0
    outer loop
      vertex -3 16.8395 4.13297
      vertex -3 19.1606 4.50059
      vertex -3 16.85 4
    endloop
  endfacet
  facet normal -1 0 0
    outer loop
      vertex -3 16.7574 3.61411
      vertex -3 18.8512 2.54723
      vertex -3 18.5889 2.11909
    endloop
  endfacet
  facet normal -1 -0 0
    outer loop
      vertex -3 19.1606 4.50059
      vertex -3 16.8395 4.13297
      vertex -3 19.0434 4.98885
    endloop
  endfacet
  facet normal -1 0 0
    outer loop
      vertex -3 16.6877 3.50038
      vertex -3 18.5889 2.11909
      vertex -3 18.2627 1.73726
    endloop
  endfacet
  facet normal -1 0 0
    outer loop
      vertex -3 16.8084 4.26266
      vertex -3 19.0434 4.98885
      vertex -3 16.8395 4.13297
    endloop
  endfacet
  facet normal -1 0 0
    outer loop
      vertex -3 16.601 3.39896
      vertex -3 18.2627 1.73726
      vertex -3 17.8809 1.41115
    endloop
  endfacet
  facet normal -1 -0 0
    outer loop
      vertex -3 19.0434 4.98885
      vertex -3 16.8084 4.26266
      vertex -3 18.8512 5.45277
    endloop
  endfacet
  facet normal -1 0 0
    outer loop
      vertex -3 16.4996 3.31234
      vertex -3 17.8809 1.41115
      vertex -3 17.4528 1.14878
    endloop
  endfacet
  facet normal -1 0 0
    outer loop
      vertex -3 16.7574 4.38589
      vertex -3 18.8512 5.45277
      vertex -3 16.8084 4.26266
    endloop
  endfacet
  facet normal -1 0 0
    outer loop
      vertex -3 16.3859 3.24265
      vertex -3 17.4528 1.14878
      vertex -3 16.9889 0.956619
    endloop
  endfacet
  facet normal -1 -0 0
    outer loop
      vertex -3 18.8512 5.45277
      vertex -3 16.7574 4.38589
      vertex -3 18.5889 5.88091
    endloop
  endfacet
  facet normal -1 0 0
    outer loop
      vertex -3 16.6877 4.49962
      vertex -3 18.5889 5.88091
      vertex -3 16.7574 4.38589
    endloop
  endfacet
  facet normal -1 0 0
    outer loop
      vertex -3 19.1606 3.49941
      vertex -3 16.8395 3.86703
      vertex -3 16.85 4
    endloop
  endfacet
  facet normal -1 0 0
    outer loop
      vertex -3 19.0434 3.01115
      vertex -3 16.8084 3.73734
      vertex -3 16.8395 3.86703
    endloop
  endfacet
  facet normal -1 0 0
    outer loop
      vertex -3 18.8512 2.54723
      vertex -3 16.7574 3.61411
      vertex -3 16.8084 3.73734
    endloop
  endfacet
  facet normal -1 0 0
    outer loop
      vertex -3 18.5889 2.11909
      vertex -3 16.6877 3.50038
      vertex -3 16.7574 3.61411
    endloop
  endfacet
  facet normal -1 0 0
    outer loop
      vertex -3 18.2627 1.73726
      vertex -3 16.601 3.39896
      vertex -3 16.6877 3.50038
    endloop
  endfacet
  facet normal -1 0 0
    outer loop
      vertex -3 17.8809 1.41115
      vertex -3 16.4996 3.31234
      vertex -3 16.601 3.39896
    endloop
  endfacet
  facet normal -1 0 0
    outer loop
      vertex -3 17.4528 1.14878
      vertex -3 16.3859 3.24265
      vertex -3 16.4996 3.31234
    endloop
  endfacet
  facet normal -1 0 0
    outer loop
      vertex -3 16.9889 0.956619
      vertex -3 16.2627 3.1916
      vertex -3 16.3859 3.24265
    endloop
  endfacet
  facet normal -1 0 0
    outer loop
      vertex -3 16.9889 0.956619
      vertex -3 16.133 3.16047
      vertex -3 16.2627 3.1916
    endloop
  endfacet
  facet normal -1 0 0
    outer loop
      vertex -3 16.9889 0.956619
      vertex -3 16 3.15
      vertex -3 16.133 3.16047
    endloop
  endfacet
  facet normal -1 0 0
    outer loop
      vertex -3 16.9889 0.956619
      vertex -3 15.867 3.16047
      vertex -3 16 3.15
    endloop
  endfacet
  facet normal -1 0 0
    outer loop
      vertex -3 16.9889 0.956619
      vertex -3 15.7373 3.1916
      vertex -3 15.867 3.16047
    endloop
  endfacet
  facet normal -1 0 0
    outer loop
      vertex -3 13.5 0
      vertex -3 15.7373 3.1916
      vertex -3 16.9889 0.956619
    endloop
  endfacet
  facet normal -1 -0 0
    outer loop
      vertex -3 15.7373 3.1916
      vertex -3 13.5 0
      vertex -3 15.6141 3.24265
    endloop
  endfacet
  facet normal -1 -0 0
    outer loop
      vertex -3 15.6141 3.24265
      vertex -3 13.5 0
      vertex -3 15.5004 3.31234
    endloop
  endfacet
  facet normal -1 -0 0
    outer loop
      vertex -3 15.5004 3.31234
      vertex -3 13.5 0
      vertex -3 15.399 3.39896
    endloop
  endfacet
  facet normal -1 -0 0
    outer loop
      vertex -3 15.1916 3.73734
      vertex -3 13.1206 0
      vertex -3 15.1605 3.86703
    endloop
  endfacet
  facet normal -1 -0 0
    outer loop
      vertex -3 15.2426 3.61411
      vertex -3 13.1206 0
      vertex -3 15.1916 3.73734
    endloop
  endfacet
  facet normal -1 -0 0
    outer loop
      vertex -3 15.3123 3.50038
      vertex -3 13.1206 0
      vertex -3 15.2426 3.61411
    endloop
  endfacet
  facet normal -1 0 0
    outer loop
      vertex -3 13.1206 0
      vertex -3 15.3123 3.50038
      vertex -3 13.5 0
    endloop
  endfacet
  facet normal -1 -0 0
    outer loop
      vertex -3 15.399 3.39896
      vertex -3 13.5 0
      vertex -3 15.3123 3.50038
    endloop
  endfacet
  facet normal -1 -0 0
    outer loop
      vertex -3 18.5889 5.88091
      vertex -3 16.6877 4.49962
      vertex -3 18.2627 6.26274
    endloop
  endfacet
  facet normal -1 0 0
    outer loop
      vertex -3 16.601 4.60104
      vertex -3 18.2627 6.26274
      vertex -3 16.6877 4.49962
    endloop
  endfacet
  facet normal -1 -0 0
    outer loop
      vertex -3 18.2627 6.26274
      vertex -3 16.601 4.60104
      vertex -3 17.8809 6.58885
    endloop
  endfacet
  facet normal -1 0 0
    outer loop
      vertex -3 16.4996 4.68766
      vertex -3 17.8809 6.58885
      vertex -3 16.601 4.60104
    endloop
  endfacet
  facet normal -1 -0 0
    outer loop
      vertex -3 17.8809 6.58885
      vertex -3 16.4996 4.68766
      vertex -3 17.4528 6.85122
    endloop
  endfacet
  facet normal -1 0 0
    outer loop
      vertex -3 16.3859 4.75735
      vertex -3 17.4528 6.85122
      vertex -3 16.4996 4.68766
    endloop
  endfacet
  facet normal -1 -0 0
    outer loop
      vertex -3 17.4528 6.85122
      vertex -3 16.3859 4.75735
      vertex -3 16.9889 7.04338
    endloop
  endfacet
  facet normal -1 0 0
    outer loop
      vertex -3 16.2627 4.8084
      vertex -3 16.9889 7.04338
      vertex -3 16.3859 4.75735
    endloop
  endfacet
  facet normal -1 0 0
    outer loop
      vertex -3 16.133 4.83953
      vertex -3 16.9889 7.04338
      vertex -3 16.2627 4.8084
    endloop
  endfacet
  facet normal -1 0 0
    outer loop
      vertex -3 16 4.85
      vertex -3 16.9889 7.04338
      vertex -3 16.133 4.83953
    endloop
  endfacet
  facet normal -1 0 0
    outer loop
      vertex -3 15.867 4.83953
      vertex -3 16.9889 7.04338
      vertex -3 16 4.85
    endloop
  endfacet
  facet normal -1 0 0
    outer loop
      vertex -3 15.7373 4.8084
      vertex -3 16.9889 7.04338
      vertex -3 15.867 4.83953
    endloop
  endfacet
  facet normal -1 0 0
    outer loop
      vertex -3 13.5 8
      vertex -3 15.7373 4.8084
      vertex -3 15.6141 4.75735
    endloop
  endfacet
  facet normal -1 0 0
    outer loop
      vertex -3 13.5 8
      vertex -3 15.6141 4.75735
      vertex -3 15.5004 4.68766
    endloop
  endfacet
  facet normal -1 0 0
    outer loop
      vertex -3 13.5 8
      vertex -3 15.5004 4.68766
      vertex -3 15.399 4.60104
    endloop
  endfacet
  facet normal -1 0 0
    outer loop
      vertex -3 13.5 8
      vertex -3 15.399 4.60104
      vertex -3 15.3123 4.49962
    endloop
  endfacet
  facet normal -1 -0 0
    outer loop
      vertex -3 15.1605 3.86703
      vertex -3 13.1206 0
      vertex -3 15.15 4
    endloop
  endfacet
  facet normal -1 0 0
    outer loop
      vertex -3 13.1206 8
      vertex -3 15.15 4
      vertex -3 13.1206 0
    endloop
  endfacet
  facet normal -1 0 0
    outer loop
      vertex -3 15.7373 4.8084
      vertex -3 13.5 8
      vertex -3 16.9889 7.04338
    endloop
  endfacet
  facet normal -1 0 0
    outer loop
      vertex -3 13.1206 8
      vertex -3 15.3123 4.49962
      vertex -3 15.2426 4.38589
    endloop
  endfacet
  facet normal -1 0 0
    outer loop
      vertex -3 13.1206 8
      vertex -3 15.2426 4.38589
      vertex -3 15.1916 4.26266
    endloop
  endfacet
  facet normal -1 0 0
    outer loop
      vertex -3 15.15 4
      vertex -3 13.1206 8
      vertex -3 15.1605 4.13297
    endloop
  endfacet
  facet normal -1 0 0
    outer loop
      vertex -3 15.1605 4.13297
      vertex -3 13.1206 8
      vertex -3 15.1916 4.26266
    endloop
  endfacet
  facet normal -1 0 0
    outer loop
      vertex -3 15.3123 4.49962
      vertex -3 13.1206 8
      vertex -3 13.5 8
    endloop
  endfacet
  facet normal 1 0 0
    outer loop
      vertex 2.2 16.85 4
      vertex 2.2 19.2 4
      vertex 2.2 19.1606 4.50059
    endloop
  endfacet
  facet normal 1 0 0
    outer loop
      vertex 2.2 16.8395 4.13297
      vertex 2.2 19.1606 4.50059
      vertex 2.2 19.0434 4.98885
    endloop
  endfacet
  facet normal 1 0 0
    outer loop
      vertex 2.2 19.2 4
      vertex 2.2 16.85 4
      vertex 2.2 19.1606 3.49941
    endloop
  endfacet
  facet normal 1 0 0
    outer loop
      vertex 2.2 16.8084 4.26266
      vertex 2.2 19.0434 4.98885
      vertex 2.2 18.8512 5.45277
    endloop
  endfacet
  facet normal 1 -0 0
    outer loop
      vertex 2.2 16.8395 3.86703
      vertex 2.2 19.1606 3.49941
      vertex 2.2 16.85 4
    endloop
  endfacet
  facet normal 1 0 0
    outer loop
      vertex 2.2 16.7574 4.38589
      vertex 2.2 18.8512 5.45277
      vertex 2.2 18.5889 5.88091
    endloop
  endfacet
  facet normal 1 0 0
    outer loop
      vertex 2.2 19.1606 3.49941
      vertex 2.2 16.8395 3.86703
      vertex 2.2 19.0434 3.01115
    endloop
  endfacet
  facet normal 1 0 0
    outer loop
      vertex 2.2 16.6877 4.49962
      vertex 2.2 18.5889 5.88091
      vertex 2.2 18.2627 6.26274
    endloop
  endfacet
  facet normal 1 -0 0
    outer loop
      vertex 2.2 16.8084 3.73734
      vertex 2.2 19.0434 3.01115
      vertex 2.2 16.8395 3.86703
    endloop
  endfacet
  facet normal 1 0 0
    outer loop
      vertex 2.2 16.601 4.60104
      vertex 2.2 18.2627 6.26274
      vertex 2.2 17.8809 6.58885
    endloop
  endfacet
  facet normal 1 0 0
    outer loop
      vertex 2.2 19.0434 3.01115
      vertex 2.2 16.8084 3.73734
      vertex 2.2 18.8512 2.54723
    endloop
  endfacet
  facet normal 1 0 0
    outer loop
      vertex 2.2 16.4996 4.68766
      vertex 2.2 17.8809 6.58885
      vertex 2.2 17.4528 6.85122
    endloop
  endfacet
  facet normal 1 -0 0
    outer loop
      vertex 2.2 16.7574 3.61411
      vertex 2.2 18.8512 2.54723
      vertex 2.2 16.8084 3.73734
    endloop
  endfacet
  facet normal 1 0 0
    outer loop
      vertex 2.2 16.3859 4.75735
      vertex 2.2 17.4528 6.85122
      vertex 2.2 16.9889 7.04338
    endloop
  endfacet
  facet normal 1 0 0
    outer loop
      vertex 2.2 18.8512 2.54723
      vertex 2.2 16.7574 3.61411
      vertex 2.2 18.5889 2.11909
    endloop
  endfacet
  facet normal 1 -0 0
    outer loop
      vertex 2.2 16.6877 3.50038
      vertex 2.2 18.5889 2.11909
      vertex 2.2 16.7574 3.61411
    endloop
  endfacet
  facet normal 1 0 0
    outer loop
      vertex 2.2 19.1606 4.50059
      vertex 2.2 16.8395 4.13297
      vertex 2.2 16.85 4
    endloop
  endfacet
  facet normal 1 0 0
    outer loop
      vertex 2.2 19.0434 4.98885
      vertex 2.2 16.8084 4.26266
      vertex 2.2 16.8395 4.13297
    endloop
  endfacet
  facet normal 1 0 0
    outer loop
      vertex 2.2 18.8512 5.45277
      vertex 2.2 16.7574 4.38589
      vertex 2.2 16.8084 4.26266
    endloop
  endfacet
  facet normal 1 0 0
    outer loop
      vertex 2.2 18.5889 5.88091
      vertex 2.2 16.6877 4.49962
      vertex 2.2 16.7574 4.38589
    endloop
  endfacet
  facet normal 1 0 0
    outer loop
      vertex 2.2 18.2627 6.26274
      vertex 2.2 16.601 4.60104
      vertex 2.2 16.6877 4.49962
    endloop
  endfacet
  facet normal 1 0 0
    outer loop
      vertex 2.2 17.8809 6.58885
      vertex 2.2 16.4996 4.68766
      vertex 2.2 16.601 4.60104
    endloop
  endfacet
  facet normal 1 0 0
    outer loop
      vertex 2.2 17.4528 6.85122
      vertex 2.2 16.3859 4.75735
      vertex 2.2 16.4996 4.68766
    endloop
  endfacet
  facet normal 1 0 0
    outer loop
      vertex 2.2 16.9889 7.04338
      vertex 2.2 16.2627 4.8084
      vertex 2.2 16.3859 4.75735
    endloop
  endfacet
  facet normal 1 0 0
    outer loop
      vertex 2.2 16.9889 7.04338
      vertex 2.2 16.133 4.83953
      vertex 2.2 16.2627 4.8084
    endloop
  endfacet
  facet normal 1 0 0
    outer loop
      vertex 2.2 16.9889 7.04338
      vertex 2.2 16 4.85
      vertex 2.2 16.133 4.83953
    endloop
  endfacet
  facet normal 1 0 0
    outer loop
      vertex 2.2 16.9889 7.04338
      vertex 2.2 15.867 4.83953
      vertex 2.2 16 4.85
    endloop
  endfacet
  facet normal 1 0 0
    outer loop
      vertex 2.2 16.9889 7.04338
      vertex 2.2 15.7373 4.8084
      vertex 2.2 15.867 4.83953
    endloop
  endfacet
  facet normal 1 0 0
    outer loop
      vertex 2.2 13.5 8
      vertex 2.2 15.7373 4.8084
      vertex 2.2 16.9889 7.04338
    endloop
  endfacet
  facet normal 1 0 0
    outer loop
      vertex 2.2 15.7373 4.8084
      vertex 2.2 13.5 8
      vertex 2.2 15.6141 4.75735
    endloop
  endfacet
  facet normal 1 0 0
    outer loop
      vertex 2.2 15.6141 4.75735
      vertex 2.2 13.5 8
      vertex 2.2 15.5004 4.68766
    endloop
  endfacet
  facet normal 1 0 0
    outer loop
      vertex 2.2 15.5004 4.68766
      vertex 2.2 13.5 8
      vertex 2.2 15.399 4.60104
    endloop
  endfacet
  facet normal 1 0 0
    outer loop
      vertex 2.2 15.1916 4.26266
      vertex 2.2 13.3126 8
      vertex 2.2 15.1605 4.13297
    endloop
  endfacet
  facet normal 1 0 0
    outer loop
      vertex 2.2 15.2426 4.38589
      vertex 2.2 13.3126 8
      vertex 2.2 15.1916 4.26266
    endloop
  endfacet
  facet normal 1 0 0
    outer loop
      vertex 2.2 15.3123 4.49962
      vertex 2.2 13.3126 8
      vertex 2.2 15.2426 4.38589
    endloop
  endfacet
  facet normal 1 -0 0
    outer loop
      vertex 2.2 13.3126 8
      vertex 2.2 15.3123 4.49962
      vertex 2.2 13.5 8
    endloop
  endfacet
  facet normal 1 0 0
    outer loop
      vertex 2.2 15.399 4.60104
      vertex 2.2 13.5 8
      vertex 2.2 15.3123 4.49962
    endloop
  endfacet
  facet normal 1 0 0
    outer loop
      vertex 2.2 18.5889 2.11909
      vertex 2.2 16.6877 3.50038
      vertex 2.2 18.2627 1.73726
    endloop
  endfacet
  facet normal 1 -0 0
    outer loop
      vertex 2.2 16.601 3.39896
      vertex 2.2 18.2627 1.73726
      vertex 2.2 16.6877 3.50038
    endloop
  endfacet
  facet normal 1 0 0
    outer loop
      vertex 2.2 18.2627 1.73726
      vertex 2.2 16.601 3.39896
      vertex 2.2 17.8809 1.41115
    endloop
  endfacet
  facet normal 1 -0 0
    outer loop
      vertex 2.2 16.4996 3.31234
      vertex 2.2 17.8809 1.41115
      vertex 2.2 16.601 3.39896
    endloop
  endfacet
  facet normal 1 0 0
    outer loop
      vertex 2.2 17.8809 1.41115
      vertex 2.2 16.4996 3.31234
      vertex 2.2 17.4528 1.14878
    endloop
  endfacet
  facet normal 1 -0 0
    outer loop
      vertex 2.2 16.3859 3.24265
      vertex 2.2 17.4528 1.14878
      vertex 2.2 16.4996 3.31234
    endloop
  endfacet
  facet normal 1 0 0
    outer loop
      vertex 2.2 17.4528 1.14878
      vertex 2.2 16.3859 3.24265
      vertex 2.2 16.9889 0.956619
    endloop
  endfacet
  facet normal 1 -0 0
    outer loop
      vertex 2.2 16.2627 3.1916
      vertex 2.2 16.9889 0.956619
      vertex 2.2 16.3859 3.24265
    endloop
  endfacet
  facet normal 1 -0 0
    outer loop
      vertex 2.2 16.133 3.16047
      vertex 2.2 16.9889 0.956619
      vertex 2.2 16.2627 3.1916
    endloop
  endfacet
  facet normal 1 -0 0
    outer loop
      vertex 2.2 16 3.15
      vertex 2.2 16.9889 0.956619
      vertex 2.2 16.133 3.16047
    endloop
  endfacet
  facet normal 1 0 0
    outer loop
      vertex 2.2 15.867 3.16047
      vertex 2.2 16.9889 0.956619
      vertex 2.2 16 3.15
    endloop
  endfacet
  facet normal 1 0 0
    outer loop
      vertex 2.2 15.7373 3.1916
      vertex 2.2 16.9889 0.956619
      vertex 2.2 15.867 3.16047
    endloop
  endfacet
  facet normal 1 0 0
    outer loop
      vertex 2.2 13.5 0
      vertex 2.2 15.7373 3.1916
      vertex 2.2 15.6141 3.24265
    endloop
  endfacet
  facet normal 1 0 0
    outer loop
      vertex 2.2 13.5 0
      vertex 2.2 15.6141 3.24265
      vertex 2.2 15.5004 3.31234
    endloop
  endfacet
  facet normal 1 0 0
    outer loop
      vertex 2.2 13.5 0
      vertex 2.2 15.5004 3.31234
      vertex 2.2 15.399 3.39896
    endloop
  endfacet
  facet normal 1 0 0
    outer loop
      vertex 2.2 13.5 0
      vertex 2.2 15.399 3.39896
      vertex 2.2 15.3123 3.50038
    endloop
  endfacet
  facet normal 1 0 0
    outer loop
      vertex 2.2 15.1605 4.13297
      vertex 2.2 13.3126 8
      vertex 2.2 15.15 4
    endloop
  endfacet
  facet normal 1 0 0
    outer loop
      vertex 2.2 13.3126 0
      vertex 2.2 15.15 4
      vertex 2.2 13.3126 8
    endloop
  endfacet
  facet normal 1 0 0
    outer loop
      vertex 2.2 15.7373 3.1916
      vertex 2.2 13.5 0
      vertex 2.2 16.9889 0.956619
    endloop
  endfacet
  facet normal 1 0 0
    outer loop
      vertex 2.2 13.3126 0
      vertex 2.2 15.3123 3.50038
      vertex 2.2 15.2426 3.61411
    endloop
  endfacet
  facet normal 1 0 0
    outer loop
      vertex 2.2 13.3126 0
      vertex 2.2 15.2426 3.61411
      vertex 2.2 15.1916 3.73734
    endloop
  endfacet
  facet normal 1 0 0
    outer loop
      vertex 2.2 15.15 4
      vertex 2.2 13.3126 0
      vertex 2.2 15.1605 3.86703
    endloop
  endfacet
  facet normal 1 0 0
    outer loop
      vertex 2.2 15.1605 3.86703
      vertex 2.2 13.3126 0
      vertex 2.2 15.1916 3.73734
    endloop
  endfacet
  facet normal 1 0 0
    outer loop
      vertex 2.2 15.3123 3.50038
      vertex 2.2 13.3126 0
      vertex 2.2 13.5 0
    endloop
  endfacet
  facet normal 0 0.923853 -0.382748
    outer loop
      vertex 2.2 18.8512 2.54723
      vertex -3 19.0434 3.01115
      vertex 2.2 19.0434 3.01115
    endloop
  endfacet
  facet normal 0 0.923853 -0.382748
    outer loop
      vertex -3 19.0434 3.01115
      vertex 2.2 18.8512 2.54723
      vertex -3 18.8512 2.54723
    endloop
  endfacet
  facet normal -1 0 0
    outer loop
      vertex -18.5 -4 0
      vertex -18.5 4 8
      vertex -18.5 4 0
    endloop
  endfacet
  facet normal -1 -0 0
    outer loop
      vertex -18.5 4 8
      vertex -18.5 -4 0
      vertex -18.5 -4 8
    endloop
  endfacet
  facet normal 0 1 0
    outer loop
      vertex -12.8805 4 8
      vertex -16 4 4.85
      vertex -18.5 4 8
    endloop
  endfacet
  facet normal 0 1 0
    outer loop
      vertex -12.8805 4 8
      vertex -15.867 4 4.83953
      vertex -16 4 4.85
    endloop
  endfacet
  facet normal 0 1 0
    outer loop
      vertex -12.8805 4 8
      vertex -15.7373 4 4.8084
      vertex -15.867 4 4.83953
    endloop
  endfacet
  facet normal 0 1 0
    outer loop
      vertex -12.8805 4 8
      vertex -15.6141 4 4.75735
      vertex -15.7373 4 4.8084
    endloop
  endfacet
  facet normal 0 1 0
    outer loop
      vertex -12.8805 4 8
      vertex -15.5004 4 4.68766
      vertex -15.6141 4 4.75735
    endloop
  endfacet
  facet normal 0 1 0
    outer loop
      vertex -12.8805 4 8
      vertex -15.399 4 4.60104
      vertex -15.5004 4 4.68766
    endloop
  endfacet
  facet normal 0 1 0
    outer loop
      vertex -12.8805 4 8
      vertex -15.3123 4 4.49962
      vertex -15.399 4 4.60104
    endloop
  endfacet
  facet normal 0 1 0
    outer loop
      vertex -12.8805 4 8
      vertex -15.2426 4 4.38589
      vertex -15.3123 4 4.49962
    endloop
  endfacet
  facet normal 0 1 0
    outer loop
      vertex -12.8805 4 8
      vertex -15.1916 4 4.26266
      vertex -15.2426 4 4.38589
    endloop
  endfacet
  facet normal 0 1 0
    outer loop
      vertex -12.8805 4 8
      vertex -15.1605 4 4.13297
      vertex -15.1916 4 4.26266
    endloop
  endfacet
  facet normal 0 1 0
    outer loop
      vertex -12.8805 4 8
      vertex -15.15 4 4
      vertex -15.1605 4 4.13297
    endloop
  endfacet
  facet normal 0 1 -0
    outer loop
      vertex -12.8805 4 0
      vertex -15.15 4 4
      vertex -12.8805 4 8
    endloop
  endfacet
  facet normal 0 1 0
    outer loop
      vertex -15.15 4 4
      vertex -12.8805 4 0
      vertex -15.1605 4 3.86703
    endloop
  endfacet
  facet normal 0 1 0
    outer loop
      vertex -15.1605 4 3.86703
      vertex -12.8805 4 0
      vertex -15.1916 4 3.73734
    endloop
  endfacet
  facet normal 0 1 0
    outer loop
      vertex -15.867 4 3.16047
      vertex -12.8805 4 0
      vertex -16 4 3.15
    endloop
  endfacet
  facet normal 0 1 0
    outer loop
      vertex -15.7373 4 3.1916
      vertex -12.8805 4 0
      vertex -15.867 4 3.16047
    endloop
  endfacet
  facet normal 0 1 0
    outer loop
      vertex -15.6141 4 3.24265
      vertex -12.8805 4 0
      vertex -15.7373 4 3.1916
    endloop
  endfacet
  facet normal 0 1 0
    outer loop
      vertex -15.5004 4 3.31234
      vertex -12.8805 4 0
      vertex -15.6141 4 3.24265
    endloop
  endfacet
  facet normal 0 1 0
    outer loop
      vertex -15.399 4 3.39896
      vertex -12.8805 4 0
      vertex -15.5004 4 3.31234
    endloop
  endfacet
  facet normal 0 1 0
    outer loop
      vertex -15.3123 4 3.50038
      vertex -12.8805 4 0
      vertex -15.399 4 3.39896
    endloop
  endfacet
  facet normal 0 1 0
    outer loop
      vertex -15.2426 4 3.61411
      vertex -12.8805 4 0
      vertex -15.3123 4 3.50038
    endloop
  endfacet
  facet normal 0 1 0
    outer loop
      vertex -15.1916 4 3.73734
      vertex -12.8805 4 0
      vertex -15.2426 4 3.61411
    endloop
  endfacet
  facet normal 0 1 -0
    outer loop
      vertex -16.133 4 4.83953
      vertex -18.5 4 8
      vertex -16 4 4.85
    endloop
  endfacet
  facet normal 0 1 -0
    outer loop
      vertex -16.2627 4 4.8084
      vertex -18.5 4 8
      vertex -16.133 4 4.83953
    endloop
  endfacet
  facet normal 0 1 -0
    outer loop
      vertex -16.3859 4 4.75735
      vertex -18.5 4 8
      vertex -16.2627 4 4.8084
    endloop
  endfacet
  facet normal 0 1 -0
    outer loop
      vertex -16.4996 4 4.68766
      vertex -18.5 4 8
      vertex -16.3859 4 4.75735
    endloop
  endfacet
  facet normal 0 1 -0
    outer loop
      vertex -16.601 4 4.60104
      vertex -18.5 4 8
      vertex -16.4996 4 4.68766
    endloop
  endfacet
  facet normal 0 1 -0
    outer loop
      vertex -16.6877 4 4.49962
      vertex -18.5 4 8
      vertex -16.601 4 4.60104
    endloop
  endfacet
  facet normal 0 1 -0
    outer loop
      vertex -16.7574 4 4.38589
      vertex -18.5 4 8
      vertex -16.6877 4 4.49962
    endloop
  endfacet
  facet normal 0 1 -0
    outer loop
      vertex -16.8084 4 4.26266
      vertex -18.5 4 8
      vertex -16.7574 4 4.38589
    endloop
  endfacet
  facet normal 0 1 -0
    outer loop
      vertex -16.8395 4 4.13297
      vertex -18.5 4 8
      vertex -16.8084 4 4.26266
    endloop
  endfacet
  facet normal 0 1 -0
    outer loop
      vertex -16.85 4 4
      vertex -18.5 4 8
      vertex -16.8395 4 4.13297
    endloop
  endfacet
  facet normal 0 1 0
    outer loop
      vertex -18.5 4 0
      vertex -16.85 4 4
      vertex -16.8395 4 3.86703
    endloop
  endfacet
  facet normal 0 1 0
    outer loop
      vertex -18.5 4 0
      vertex -16.8395 4 3.86703
      vertex -16.8084 4 3.73734
    endloop
  endfacet
  facet normal 0 1 0
    outer loop
      vertex -18.5 4 0
      vertex -16 4 3.15
      vertex -12.8805 4 0
    endloop
  endfacet
  facet normal 0 1 0
    outer loop
      vertex -16 4 3.15
      vertex -18.5 4 0
      vertex -16.133 4 3.16047
    endloop
  endfacet
  facet normal 0 1 0
    outer loop
      vertex -16.133 4 3.16047
      vertex -18.5 4 0
      vertex -16.2627 4 3.1916
    endloop
  endfacet
  facet normal 0 1 0
    outer loop
      vertex -16.2627 4 3.1916
      vertex -18.5 4 0
      vertex -16.3859 4 3.24265
    endloop
  endfacet
  facet normal 0 1 0
    outer loop
      vertex -16.3859 4 3.24265
      vertex -18.5 4 0
      vertex -16.4996 4 3.31234
    endloop
  endfacet
  facet normal 0 1 0
    outer loop
      vertex -16.85 4 4
      vertex -18.5 4 0
      vertex -18.5 4 8
    endloop
  endfacet
  facet normal 0 1 0
    outer loop
      vertex -16.7574 4 3.61411
      vertex -18.5 4 0
      vertex -16.8084 4 3.73734
    endloop
  endfacet
  facet normal 0 1 0
    outer loop
      vertex -16.6877 4 3.50038
      vertex -18.5 4 0
      vertex -16.7574 4 3.61411
    endloop
  endfacet
  facet normal 0 1 0
    outer loop
      vertex -16.601 4 3.39896
      vertex -18.5 4 0
      vertex -16.6877 4 3.50038
    endloop
  endfacet
  facet normal 0 1 0
    outer loop
      vertex -16.4996 4 3.31234
      vertex -18.5 4 0
      vertex -16.601 4 3.39896
    endloop
  endfacet
  facet normal 0 -1 0
    outer loop
      vertex -18.5 -4 8
      vertex -16 -4 4.85
      vertex -12.8805 -4 8
    endloop
  endfacet
  facet normal 0 -1 0
    outer loop
      vertex -18.5 -4 8
      vertex -16.133 -4 4.83953
      vertex -16 -4 4.85
    endloop
  endfacet
  facet normal 0 -1 0
    outer loop
      vertex -18.5 -4 8
      vertex -16.2627 -4 4.8084
      vertex -16.133 -4 4.83953
    endloop
  endfacet
  facet normal 0 -1 0
    outer loop
      vertex -18.5 -4 8
      vertex -16.3859 -4 4.75735
      vertex -16.2627 -4 4.8084
    endloop
  endfacet
  facet normal 0 -1 0
    outer loop
      vertex -18.5 -4 8
      vertex -16.4996 -4 4.68766
      vertex -16.3859 -4 4.75735
    endloop
  endfacet
  facet normal 0 -1 0
    outer loop
      vertex -18.5 -4 8
      vertex -16.601 -4 4.60104
      vertex -16.4996 -4 4.68766
    endloop
  endfacet
  facet normal 0 -1 0
    outer loop
      vertex -18.5 -4 8
      vertex -16.6877 -4 4.49962
      vertex -16.601 -4 4.60104
    endloop
  endfacet
  facet normal 0 -1 0
    outer loop
      vertex -18.5 -4 8
      vertex -16.7574 -4 4.38589
      vertex -16.6877 -4 4.49962
    endloop
  endfacet
  facet normal 0 -1 0
    outer loop
      vertex -18.5 -4 8
      vertex -16.8084 -4 4.26266
      vertex -16.7574 -4 4.38589
    endloop
  endfacet
  facet normal 0 -1 0
    outer loop
      vertex -18.5 -4 8
      vertex -16.8395 -4 4.13297
      vertex -16.8084 -4 4.26266
    endloop
  endfacet
  facet normal 0 -1 0
    outer loop
      vertex -18.5 -4 8
      vertex -16.85 -4 4
      vertex -16.8395 -4 4.13297
    endloop
  endfacet
  facet normal 0 -1 0
    outer loop
      vertex -18.5 -4 0
      vertex -16.85 -4 4
      vertex -18.5 -4 8
    endloop
  endfacet
  facet normal 0 -1 -0
    outer loop
      vertex -16.85 -4 4
      vertex -18.5 -4 0
      vertex -16.8395 -4 3.86703
    endloop
  endfacet
  facet normal 0 -1 -0
    outer loop
      vertex -16.133 -4 3.16047
      vertex -18.5 -4 0
      vertex -16 -4 3.15
    endloop
  endfacet
  facet normal 0 -1 -0
    outer loop
      vertex -16.2627 -4 3.1916
      vertex -18.5 -4 0
      vertex -16.133 -4 3.16047
    endloop
  endfacet
  facet normal 0 -1 -0
    outer loop
      vertex -16.3859 -4 3.24265
      vertex -18.5 -4 0
      vertex -16.2627 -4 3.1916
    endloop
  endfacet
  facet normal 0 -1 -0
    outer loop
      vertex -16.4996 -4 3.31234
      vertex -18.5 -4 0
      vertex -16.3859 -4 3.24265
    endloop
  endfacet
  facet normal 0 -1 -0
    outer loop
      vertex -16.601 -4 3.39896
      vertex -18.5 -4 0
      vertex -16.4996 -4 3.31234
    endloop
  endfacet
  facet normal 0 -1 -0
    outer loop
      vertex -16.6877 -4 3.50038
      vertex -18.5 -4 0
      vertex -16.601 -4 3.39896
    endloop
  endfacet
  facet normal 0 -1 -0
    outer loop
      vertex -16.7574 -4 3.61411
      vertex -18.5 -4 0
      vertex -16.6877 -4 3.50038
    endloop
  endfacet
  facet normal 0 -1 -0
    outer loop
      vertex -16.8084 -4 3.73734
      vertex -18.5 -4 0
      vertex -16.7574 -4 3.61411
    endloop
  endfacet
  facet normal 0 -1 -0
    outer loop
      vertex -16.8395 -4 3.86703
      vertex -18.5 -4 0
      vertex -16.8084 -4 3.73734
    endloop
  endfacet
  facet normal 0 -1 0
    outer loop
      vertex -15.867 -4 4.83953
      vertex -12.8805 -4 8
      vertex -16 -4 4.85
    endloop
  endfacet
  facet normal 0 -1 0
    outer loop
      vertex -15.7373 -4 4.8084
      vertex -12.8805 -4 8
      vertex -15.867 -4 4.83953
    endloop
  endfacet
  facet normal 0 -1 0
    outer loop
      vertex -15.6141 -4 4.75735
      vertex -12.8805 -4 8
      vertex -15.7373 -4 4.8084
    endloop
  endfacet
  facet normal 0 -1 0
    outer loop
      vertex -15.5004 -4 4.68766
      vertex -12.8805 -4 8
      vertex -15.6141 -4 4.75735
    endloop
  endfacet
  facet normal 0 -1 0
    outer loop
      vertex -15.399 -4 4.60104
      vertex -12.8805 -4 8
      vertex -15.5004 -4 4.68766
    endloop
  endfacet
  facet normal 0 -1 0
    outer loop
      vertex -15.3123 -4 4.49962
      vertex -12.8805 -4 8
      vertex -15.399 -4 4.60104
    endloop
  endfacet
  facet normal 0 -1 0
    outer loop
      vertex -15.2426 -4 4.38589
      vertex -12.8805 -4 8
      vertex -15.3123 -4 4.49962
    endloop
  endfacet
  facet normal 0 -1 0
    outer loop
      vertex -15.1916 -4 4.26266
      vertex -12.8805 -4 8
      vertex -15.2426 -4 4.38589
    endloop
  endfacet
  facet normal 0 -1 0
    outer loop
      vertex -15.1605 -4 4.13297
      vertex -12.8805 -4 8
      vertex -15.1916 -4 4.26266
    endloop
  endfacet
  facet normal 0 -1 0
    outer loop
      vertex -15.15 -4 4
      vertex -12.8805 -4 8
      vertex -15.1605 -4 4.13297
    endloop
  endfacet
  facet normal 0 -1 0
    outer loop
      vertex -12.8805 -4 0
      vertex -15.15 -4 4
      vertex -15.1605 -4 3.86703
    endloop
  endfacet
  facet normal 0 -1 0
    outer loop
      vertex -12.8805 -4 0
      vertex -15.1605 -4 3.86703
      vertex -15.1916 -4 3.73734
    endloop
  endfacet
  facet normal 0 -1 0
    outer loop
      vertex -12.8805 -4 0
      vertex -15.1916 -4 3.73734
      vertex -15.2426 -4 3.61411
    endloop
  endfacet
  facet normal 0 -1 0
    outer loop
      vertex -18.5 -4 0
      vertex -15.867 -4 3.16047
      vertex -16 -4 3.15
    endloop
  endfacet
  facet normal 0 -1 0
    outer loop
      vertex -12.8805 -4 0
      vertex -15.867 -4 3.16047
      vertex -18.5 -4 0
    endloop
  endfacet
  facet normal 0 -1 0
    outer loop
      vertex -15.867 -4 3.16047
      vertex -12.8805 -4 0
      vertex -15.7373 -4 3.1916
    endloop
  endfacet
  facet normal 0 -1 0
    outer loop
      vertex -15.7373 -4 3.1916
      vertex -12.8805 -4 0
      vertex -15.6141 -4 3.24265
    endloop
  endfacet
  facet normal 0 -1 0
    outer loop
      vertex -15.6141 -4 3.24265
      vertex -12.8805 -4 0
      vertex -15.5004 -4 3.31234
    endloop
  endfacet
  facet normal 0 -1 0
    outer loop
      vertex -15.15 -4 4
      vertex -12.8805 -4 0
      vertex -12.8805 -4 8
    endloop
  endfacet
  facet normal 0 -1 0
    outer loop
      vertex -15.3123 -4 3.50038
      vertex -12.8805 -4 0
      vertex -15.2426 -4 3.61411
    endloop
  endfacet
  facet normal 0 -1 0
    outer loop
      vertex -15.399 -4 3.39896
      vertex -12.8805 -4 0
      vertex -15.3123 -4 3.50038
    endloop
  endfacet
  facet normal 0 -1 0
    outer loop
      vertex -15.5004 -4 3.31234
      vertex -12.8805 -4 0
      vertex -15.399 -4 3.39896
    endloop
  endfacet
  facet normal -0.707107 -0.707107 0
    outer loop
      vertex 9.54593 -9.54593 0
      vertex 7.77817 -7.77817 8
      vertex 7.77817 -7.77817 0
    endloop
  endfacet
  facet normal -0.707107 -0.707107 0
    outer loop
      vertex 7.77817 -7.77817 8
      vertex 9.54593 -9.54593 0
      vertex 9.54593 -9.54593 8
    endloop
  endfacet
  facet normal 0.707107 -0.707107 0
    outer loop
      vertex -9.54593 -9.54593 8
      vertex -7.77817 -7.77817 0
      vertex -7.77817 -7.77817 8
    endloop
  endfacet
  facet normal 0.707107 -0.707107 0
    outer loop
      vertex -7.77817 -7.77817 0
      vertex -9.54593 -9.54593 8
      vertex -9.54593 -9.54593 0
    endloop
  endfacet
  facet normal 0 0.649518 -0.760346
    outer loop
      vertex -3 15.399 4.60104
      vertex 2.2 15.5004 4.68766
      vertex 2.2 15.399 4.60104
    endloop
  endfacet
  facet normal 0 0.649518 -0.760346
    outer loop
      vertex 2.2 15.5004 4.68766
      vertex -3 15.399 4.60104
      vertex -3 15.5004 4.68766
    endloop
  endfacet
  facet normal 0 0.078479 -0.996916
    outer loop
      vertex -3 15.867 4.83953
      vertex 2.2 16 4.85
      vertex 2.2 15.867 4.83953
    endloop
  endfacet
  facet normal 0 0.078479 -0.996916
    outer loop
      vertex 2.2 16 4.85
      vertex -3 15.867 4.83953
      vertex -3 16 4.85
    endloop
  endfacet
  facet normal 0 -0.382804 -0.923829
    outer loop
      vertex -3 16.2627 4.8084
      vertex 2.2 16.3859 4.75735
      vertex 2.2 16.2627 4.8084
    endloop
  endfacet
  facet normal -0 -0.382804 -0.923829
    outer loop
      vertex 2.2 16.3859 4.75735
      vertex -3 16.2627 4.8084
      vertex -3 16.3859 4.75735
    endloop
  endfacet
  facet normal 0 0.923995 -0.382405
    outer loop
      vertex 2.2 15.1916 4.26266
      vertex -3 15.2426 4.38589
      vertex 2.2 15.2426 4.38589
    endloop
  endfacet
  facet normal 0 0.923995 -0.382405
    outer loop
      vertex -3 15.2426 4.38589
      vertex 2.2 15.1916 4.26266
      vertex -3 15.1916 4.26266
    endloop
  endfacet
  facet normal 0 -0.078479 0.996916
    outer loop
      vertex -3 16.133 3.16047
      vertex 2.2 16 3.15
      vertex 2.2 16.133 3.16047
    endloop
  endfacet
  facet normal 0 -0.078479 0.996916
    outer loop
      vertex 2.2 16 3.15
      vertex -3 16.133 3.16047
      vertex -3 16 3.15
    endloop
  endfacet
  facet normal 0 0.85262 0.522532
    outer loop
      vertex 2.2 15.3123 3.50038
      vertex -3 15.2426 3.61411
      vertex 2.2 15.2426 3.61411
    endloop
  endfacet
  facet normal 0 0.85262 0.522532
    outer loop
      vertex -3 15.2426 3.61411
      vertex 2.2 15.3123 3.50038
      vertex -3 15.3123 3.50038
    endloop
  endfacet
  facet normal -0 0.233387 0.972384
    outer loop
      vertex -3 15.867 3.16047
      vertex 2.2 15.7373 3.1916
      vertex 2.2 15.867 3.16047
    endloop
  endfacet
  facet normal 0 0.233387 0.972384
    outer loop
      vertex 2.2 15.7373 3.1916
      vertex -3 15.867 3.16047
      vertex -3 15.7373 3.1916
    endloop
  endfacet
  facet normal 0 -0.522578 -0.852592
    outer loop
      vertex -3 16.3859 4.75735
      vertex 2.2 16.4996 4.68766
      vertex 2.2 16.3859 4.75735
    endloop
  endfacet
  facet normal -0 -0.522578 -0.852592
    outer loop
      vertex 2.2 16.4996 4.68766
      vertex -3 16.3859 4.75735
      vertex -3 16.4996 4.68766
    endloop
  endfacet
  facet normal -0 0.078479 0.996916
    outer loop
      vertex -3 16 3.15
      vertex 2.2 15.867 3.16047
      vertex 2.2 16 3.15
    endloop
  endfacet
  facet normal 0 0.078479 0.996916
    outer loop
      vertex 2.2 15.867 3.16047
      vertex -3 16 3.15
      vertex -3 15.867 3.16047
    endloop
  endfacet
  facet normal 0 0.996897 0.0787201
    outer loop
      vertex 2.2 15.1605 3.86703
      vertex -3 15.15 4
      vertex 2.2 15.15 4
    endloop
  endfacet
  facet normal 0 0.996897 0.0787201
    outer loop
      vertex -3 15.15 4
      vertex 2.2 15.1605 3.86703
      vertex -3 15.1605 3.86703
    endloop
  endfacet
  facet normal 0 0.85262 -0.522532
    outer loop
      vertex 2.2 15.2426 4.38589
      vertex -3 15.3123 4.49962
      vertex 2.2 15.3123 4.49962
    endloop
  endfacet
  facet normal 0 0.85262 -0.522532
    outer loop
      vertex -3 15.3123 4.49962
      vertex 2.2 15.2426 4.38589
      vertex -3 15.2426 4.38589
    endloop
  endfacet
  facet normal 0 0.923995 0.382405
    outer loop
      vertex 2.2 15.2426 3.61411
      vertex -3 15.1916 3.73734
      vertex 2.2 15.1916 3.73734
    endloop
  endfacet
  facet normal 0 0.923995 0.382405
    outer loop
      vertex -3 15.1916 3.73734
      vertex 2.2 15.2426 3.61411
      vertex -3 15.2426 3.61411
    endloop
  endfacet
  facet normal 0 0.996897 -0.0787201
    outer loop
      vertex 2.2 15.15 4
      vertex -3 15.1605 4.13297
      vertex 2.2 15.1605 4.13297
    endloop
  endfacet
  facet normal 0 0.996897 -0.0787201
    outer loop
      vertex -3 15.1605 4.13297
      vertex 2.2 15.15 4
      vertex -3 15.15 4
    endloop
  endfacet
  facet normal 0 -0.649518 -0.760346
    outer loop
      vertex -3 16.4996 4.68766
      vertex 2.2 16.601 4.60104
      vertex 2.2 16.4996 4.68766
    endloop
  endfacet
  facet normal -0 -0.649518 -0.760346
    outer loop
      vertex 2.2 16.601 4.60104
      vertex -3 16.4996 4.68766
      vertex -3 16.601 4.60104
    endloop
  endfacet
  facet normal 0 -0.996897 -0.0787201
    outer loop
      vertex -3 16.85 4
      vertex 2.2 16.8395 4.13297
      vertex -3 16.8395 4.13297
    endloop
  endfacet
  facet normal 0 -0.996897 -0.0787201
    outer loop
      vertex 2.2 16.8395 4.13297
      vertex -3 16.85 4
      vertex 2.2 16.85 4
    endloop
  endfacet
  facet normal 0 -0.923995 -0.382405
    outer loop
      vertex -3 16.8084 4.26266
      vertex 2.2 16.7574 4.38589
      vertex -3 16.7574 4.38589
    endloop
  endfacet
  facet normal 0 -0.923995 -0.382405
    outer loop
      vertex 2.2 16.7574 4.38589
      vertex -3 16.8084 4.26266
      vertex 2.2 16.8084 4.26266
    endloop
  endfacet
  facet normal -0 0.382804 0.923829
    outer loop
      vertex -3 15.7373 3.1916
      vertex 2.2 15.6141 3.24265
      vertex 2.2 15.7373 3.1916
    endloop
  endfacet
  facet normal 0 0.382804 0.923829
    outer loop
      vertex 2.2 15.6141 3.24265
      vertex -3 15.7373 3.1916
      vertex -3 15.6141 3.24265
    endloop
  endfacet
  facet normal 0 0.233387 -0.972384
    outer loop
      vertex -3 15.7373 4.8084
      vertex 2.2 15.867 4.83953
      vertex 2.2 15.7373 4.8084
    endloop
  endfacet
  facet normal 0 0.233387 -0.972384
    outer loop
      vertex 2.2 15.867 4.83953
      vertex -3 15.7373 4.8084
      vertex -3 15.867 4.83953
    endloop
  endfacet
  facet normal 0 -0.923995 0.382405
    outer loop
      vertex -3 16.7574 3.61411
      vertex 2.2 16.8084 3.73734
      vertex -3 16.8084 3.73734
    endloop
  endfacet
  facet normal 0 -0.923995 0.382405
    outer loop
      vertex 2.2 16.8084 3.73734
      vertex -3 16.7574 3.61411
      vertex 2.2 16.7574 3.61411
    endloop
  endfacet
  facet normal 0 -0.85262 -0.522532
    outer loop
      vertex -3 16.7574 4.38589
      vertex 2.2 16.6877 4.49962
      vertex -3 16.6877 4.49962
    endloop
  endfacet
  facet normal 0 -0.85262 -0.522532
    outer loop
      vertex 2.2 16.6877 4.49962
      vertex -3 16.7574 4.38589
      vertex 2.2 16.7574 4.38589
    endloop
  endfacet
  facet normal 0 -0.078479 -0.996916
    outer loop
      vertex -3 16 4.85
      vertex 2.2 16.133 4.83953
      vertex 2.2 16 4.85
    endloop
  endfacet
  facet normal -0 -0.078479 -0.996916
    outer loop
      vertex 2.2 16.133 4.83953
      vertex -3 16 4.85
      vertex -3 16.133 4.83953
    endloop
  endfacet
  facet normal 0 0.760113 -0.649791
    outer loop
      vertex 2.2 15.3123 4.49962
      vertex -3 15.399 4.60104
      vertex 2.2 15.399 4.60104
    endloop
  endfacet
  facet normal 0 0.760113 -0.649791
    outer loop
      vertex -3 15.399 4.60104
      vertex 2.2 15.3123 4.49962
      vertex -3 15.3123 4.49962
    endloop
  endfacet
  facet normal 0 0.382804 -0.923829
    outer loop
      vertex -3 15.6141 4.75735
      vertex 2.2 15.7373 4.8084
      vertex 2.2 15.6141 4.75735
    endloop
  endfacet
  facet normal 0 0.382804 -0.923829
    outer loop
      vertex 2.2 15.7373 4.8084
      vertex -3 15.6141 4.75735
      vertex -3 15.7373 4.8084
    endloop
  endfacet
  facet normal 0 -0.85262 0.522532
    outer loop
      vertex -3 16.6877 3.50038
      vertex 2.2 16.7574 3.61411
      vertex -3 16.7574 3.61411
    endloop
  endfacet
  facet normal 0 -0.85262 0.522532
    outer loop
      vertex 2.2 16.7574 3.61411
      vertex -3 16.6877 3.50038
      vertex 2.2 16.6877 3.50038
    endloop
  endfacet
  facet normal 0 0.972431 -0.233191
    outer loop
      vertex 2.2 15.1605 4.13297
      vertex -3 15.1916 4.26266
      vertex 2.2 15.1916 4.26266
    endloop
  endfacet
  facet normal 0 0.972431 -0.233191
    outer loop
      vertex -3 15.1916 4.26266
      vertex 2.2 15.1605 4.13297
      vertex -3 15.1605 4.13297
    endloop
  endfacet
  facet normal 0 0.522578 -0.852592
    outer loop
      vertex -3 15.5004 4.68766
      vertex 2.2 15.6141 4.75735
      vertex 2.2 15.5004 4.68766
    endloop
  endfacet
  facet normal 0 0.522578 -0.852592
    outer loop
      vertex 2.2 15.6141 4.75735
      vertex -3 15.5004 4.68766
      vertex -3 15.6141 4.75735
    endloop
  endfacet
  facet normal -0 0.522578 0.852592
    outer loop
      vertex -3 15.6141 3.24265
      vertex 2.2 15.5004 3.31234
      vertex 2.2 15.6141 3.24265
    endloop
  endfacet
  facet normal 0 0.522578 0.852592
    outer loop
      vertex 2.2 15.5004 3.31234
      vertex -3 15.6141 3.24265
      vertex -3 15.5004 3.31234
    endloop
  endfacet
  facet normal -0 0.649518 0.760346
    outer loop
      vertex -3 15.5004 3.31234
      vertex 2.2 15.399 3.39896
      vertex 2.2 15.5004 3.31234
    endloop
  endfacet
  facet normal 0 0.649518 0.760346
    outer loop
      vertex 2.2 15.399 3.39896
      vertex -3 15.5004 3.31234
      vertex -3 15.399 3.39896
    endloop
  endfacet
  facet normal 0 -0.760113 -0.649791
    outer loop
      vertex -3 16.6877 4.49962
      vertex 2.2 16.601 4.60104
      vertex -3 16.601 4.60104
    endloop
  endfacet
  facet normal 0 -0.760113 -0.649791
    outer loop
      vertex 2.2 16.601 4.60104
      vertex -3 16.6877 4.49962
      vertex 2.2 16.6877 4.49962
    endloop
  endfacet
  facet normal 0 -0.972431 -0.233191
    outer loop
      vertex -3 16.8395 4.13297
      vertex 2.2 16.8084 4.26266
      vertex -3 16.8084 4.26266
    endloop
  endfacet
  facet normal 0 -0.972431 -0.233191
    outer loop
      vertex 2.2 16.8084 4.26266
      vertex -3 16.8395 4.13297
      vertex 2.2 16.8395 4.13297
    endloop
  endfacet
  facet normal 0 0.972431 0.233191
    outer loop
      vertex 2.2 15.1916 3.73734
      vertex -3 15.1605 3.86703
      vertex 2.2 15.1605 3.86703
    endloop
  endfacet
  facet normal 0 0.972431 0.233191
    outer loop
      vertex -3 15.1605 3.86703
      vertex 2.2 15.1916 3.73734
      vertex -3 15.1916 3.73734
    endloop
  endfacet
  facet normal 0 0.760113 0.649791
    outer loop
      vertex 2.2 15.399 3.39896
      vertex -3 15.3123 3.50038
      vertex 2.2 15.3123 3.50038
    endloop
  endfacet
  facet normal 0 0.760113 0.649791
    outer loop
      vertex -3 15.3123 3.50038
      vertex 2.2 15.399 3.39896
      vertex -3 15.399 3.39896
    endloop
  endfacet
  facet normal 0 -0.382804 0.923829
    outer loop
      vertex -3 16.3859 3.24265
      vertex 2.2 16.2627 3.1916
      vertex 2.2 16.3859 3.24265
    endloop
  endfacet
  facet normal 0 -0.382804 0.923829
    outer loop
      vertex 2.2 16.2627 3.1916
      vertex -3 16.3859 3.24265
      vertex -3 16.2627 3.1916
    endloop
  endfacet
  facet normal 0 -0.522578 0.852592
    outer loop
      vertex -3 16.4996 3.31234
      vertex 2.2 16.3859 3.24265
      vertex 2.2 16.4996 3.31234
    endloop
  endfacet
  facet normal 0 -0.522578 0.852592
    outer loop
      vertex 2.2 16.3859 3.24265
      vertex -3 16.4996 3.31234
      vertex -3 16.3859 3.24265
    endloop
  endfacet
  facet normal 0 -0.233387 0.972384
    outer loop
      vertex -3 16.2627 3.1916
      vertex 2.2 16.133 3.16047
      vertex 2.2 16.2627 3.1916
    endloop
  endfacet
  facet normal 0 -0.233387 0.972384
    outer loop
      vertex 2.2 16.133 3.16047
      vertex -3 16.2627 3.1916
      vertex -3 16.133 3.16047
    endloop
  endfacet
  facet normal 0 -0.996897 0.0787201
    outer loop
      vertex -3 16.8395 3.86703
      vertex 2.2 16.85 4
      vertex -3 16.85 4
    endloop
  endfacet
  facet normal 0 -0.996897 0.0787201
    outer loop
      vertex 2.2 16.85 4
      vertex -3 16.8395 3.86703
      vertex 2.2 16.8395 3.86703
    endloop
  endfacet
  facet normal 0 -0.760113 0.649791
    outer loop
      vertex -3 16.601 3.39896
      vertex 2.2 16.6877 3.50038
      vertex -3 16.6877 3.50038
    endloop
  endfacet
  facet normal 0 -0.760113 0.649791
    outer loop
      vertex 2.2 16.6877 3.50038
      vertex -3 16.601 3.39896
      vertex 2.2 16.601 3.39896
    endloop
  endfacet
  facet normal 0 -0.233387 -0.972384
    outer loop
      vertex -3 16.133 4.83953
      vertex 2.2 16.2627 4.8084
      vertex 2.2 16.133 4.83953
    endloop
  endfacet
  facet normal -0 -0.233387 -0.972384
    outer loop
      vertex 2.2 16.2627 4.8084
      vertex -3 16.133 4.83953
      vertex -3 16.2627 4.8084
    endloop
  endfacet
  facet normal 0 -0.972431 0.233191
    outer loop
      vertex -3 16.8084 3.73734
      vertex 2.2 16.8395 3.86703
      vertex -3 16.8395 3.86703
    endloop
  endfacet
  facet normal 0 -0.972431 0.233191
    outer loop
      vertex 2.2 16.8395 3.86703
      vertex -3 16.8084 3.73734
      vertex 2.2 16.8084 3.73734
    endloop
  endfacet
  facet normal 0 -0.649518 0.760346
    outer loop
      vertex -3 16.601 3.39896
      vertex 2.2 16.4996 3.31234
      vertex 2.2 16.601 3.39896
    endloop
  endfacet
  facet normal 0 -0.649518 0.760346
    outer loop
      vertex 2.2 16.4996 3.31234
      vertex -3 16.601 3.39896
      vertex -3 16.4996 3.31234
    endloop
  endfacet
  facet normal 0.233387 0 0.972384
    outer loop
      vertex -16.2627 4 3.1916
      vertex -16.133 -4 3.16047
      vertex -16.133 4 3.16047
    endloop
  endfacet
  facet normal 0.233387 0 0.972384
    outer loop
      vertex -16.133 -4 3.16047
      vertex -16.2627 4 3.1916
      vertex -16.2627 -4 3.1916
    endloop
  endfacet
  facet normal -0.972431 0 0.233191
    outer loop
      vertex -15.1916 -4 3.73734
      vertex -15.1605 4 3.86703
      vertex -15.1916 4 3.73734
    endloop
  endfacet
  facet normal -0.972431 0 0.233191
    outer loop
      vertex -15.1605 4 3.86703
      vertex -15.1916 -4 3.73734
      vertex -15.1605 -4 3.86703
    endloop
  endfacet
  facet normal -0.996897 0 0.0787201
    outer loop
      vertex -15.1605 -4 3.86703
      vertex -15.15 4 4
      vertex -15.1605 4 3.86703
    endloop
  endfacet
  facet normal -0.996897 0 0.0787201
    outer loop
      vertex -15.15 4 4
      vertex -15.1605 -4 3.86703
      vertex -15.15 -4 4
    endloop
  endfacet
  facet normal -0.923995 0 0.382405
    outer loop
      vertex -15.2426 -4 3.61411
      vertex -15.1916 4 3.73734
      vertex -15.2426 4 3.61411
    endloop
  endfacet
  facet normal -0.923995 0 0.382405
    outer loop
      vertex -15.1916 4 3.73734
      vertex -15.2426 -4 3.61411
      vertex -15.1916 -4 3.73734
    endloop
  endfacet
  facet normal -0.078479 0 0.996916
    outer loop
      vertex -16 4 3.15
      vertex -15.867 -4 3.16047
      vertex -15.867 4 3.16047
    endloop
  endfacet
  facet normal -0.078479 0 0.996916
    outer loop
      vertex -15.867 -4 3.16047
      vertex -16 4 3.15
      vertex -16 -4 3.15
    endloop
  endfacet
  facet normal -0.996897 0 -0.0787201
    outer loop
      vertex -15.15 -4 4
      vertex -15.1605 4 4.13297
      vertex -15.15 4 4
    endloop
  endfacet
  facet normal -0.996897 -0 -0.0787201
    outer loop
      vertex -15.1605 4 4.13297
      vertex -15.15 -4 4
      vertex -15.1605 -4 4.13297
    endloop
  endfacet
  facet normal 0.522578 0 -0.852592
    outer loop
      vertex -16.4996 -4 4.68766
      vertex -16.3859 4 4.75735
      vertex -16.3859 -4 4.75735
    endloop
  endfacet
  facet normal 0.522578 0 -0.852592
    outer loop
      vertex -16.3859 4 4.75735
      vertex -16.4996 -4 4.68766
      vertex -16.4996 4 4.68766
    endloop
  endfacet
  facet normal -0.85262 0 0.522532
    outer loop
      vertex -15.3123 -4 3.50038
      vertex -15.2426 4 3.61411
      vertex -15.3123 4 3.50038
    endloop
  endfacet
  facet normal -0.85262 0 0.522532
    outer loop
      vertex -15.2426 4 3.61411
      vertex -15.3123 -4 3.50038
      vertex -15.2426 -4 3.61411
    endloop
  endfacet
  facet normal 0.760113 0 -0.649791
    outer loop
      vertex -16.601 -4 4.60104
      vertex -16.6877 4 4.49962
      vertex -16.601 4 4.60104
    endloop
  endfacet
  facet normal 0.760113 0 -0.649791
    outer loop
      vertex -16.6877 4 4.49962
      vertex -16.601 -4 4.60104
      vertex -16.6877 -4 4.49962
    endloop
  endfacet
  facet normal 0.996897 -0 0.0787201
    outer loop
      vertex -16.85 -4 4
      vertex -16.8395 4 3.86703
      vertex -16.85 4 4
    endloop
  endfacet
  facet normal 0.996897 0 0.0787201
    outer loop
      vertex -16.8395 4 3.86703
      vertex -16.85 -4 4
      vertex -16.8395 -4 3.86703
    endloop
  endfacet
  facet normal -0.233387 0 -0.972384
    outer loop
      vertex -15.867 -4 4.83953
      vertex -15.7373 4 4.8084
      vertex -15.7373 -4 4.8084
    endloop
  endfacet
  facet normal -0.233387 0 -0.972384
    outer loop
      vertex -15.7373 4 4.8084
      vertex -15.867 -4 4.83953
      vertex -15.867 4 4.83953
    endloop
  endfacet
  facet normal 0.85262 -0 0.522532
    outer loop
      vertex -16.7574 -4 3.61411
      vertex -16.6877 4 3.50038
      vertex -16.7574 4 3.61411
    endloop
  endfacet
  facet normal 0.85262 0 0.522532
    outer loop
      vertex -16.6877 4 3.50038
      vertex -16.7574 -4 3.61411
      vertex -16.6877 -4 3.50038
    endloop
  endfacet
  facet normal 0.233387 0 -0.972384
    outer loop
      vertex -16.2627 -4 4.8084
      vertex -16.133 4 4.83953
      vertex -16.133 -4 4.83953
    endloop
  endfacet
  facet normal 0.233387 0 -0.972384
    outer loop
      vertex -16.133 4 4.83953
      vertex -16.2627 -4 4.8084
      vertex -16.2627 4 4.8084
    endloop
  endfacet
  facet normal 0.760113 -0 0.649791
    outer loop
      vertex -16.6877 -4 3.50038
      vertex -16.601 4 3.39896
      vertex -16.6877 4 3.50038
    endloop
  endfacet
  facet normal 0.760113 0 0.649791
    outer loop
      vertex -16.601 4 3.39896
      vertex -16.6877 -4 3.50038
      vertex -16.601 -4 3.39896
    endloop
  endfacet
  facet normal 0.382804 0 -0.923829
    outer loop
      vertex -16.3859 -4 4.75735
      vertex -16.2627 4 4.8084
      vertex -16.2627 -4 4.8084
    endloop
  endfacet
  facet normal 0.382804 0 -0.923829
    outer loop
      vertex -16.2627 4 4.8084
      vertex -16.3859 -4 4.75735
      vertex -16.3859 4 4.75735
    endloop
  endfacet
  facet normal 0.85262 0 -0.522532
    outer loop
      vertex -16.6877 -4 4.49962
      vertex -16.7574 4 4.38589
      vertex -16.6877 4 4.49962
    endloop
  endfacet
  facet normal 0.85262 0 -0.522532
    outer loop
      vertex -16.7574 4 4.38589
      vertex -16.6877 -4 4.49962
      vertex -16.7574 -4 4.38589
    endloop
  endfacet
  facet normal -0.972431 0 -0.233191
    outer loop
      vertex -15.1605 -4 4.13297
      vertex -15.1916 4 4.26266
      vertex -15.1605 4 4.13297
    endloop
  endfacet
  facet normal -0.972431 -0 -0.233191
    outer loop
      vertex -15.1916 4 4.26266
      vertex -15.1605 -4 4.13297
      vertex -15.1916 -4 4.26266
    endloop
  endfacet
  facet normal 0.522578 0 0.852592
    outer loop
      vertex -16.4996 4 3.31234
      vertex -16.3859 -4 3.24265
      vertex -16.3859 4 3.24265
    endloop
  endfacet
  facet normal 0.522578 0 0.852592
    outer loop
      vertex -16.3859 -4 3.24265
      vertex -16.4996 4 3.31234
      vertex -16.4996 -4 3.31234
    endloop
  endfacet
  facet normal -0.85262 0 -0.522532
    outer loop
      vertex -15.2426 -4 4.38589
      vertex -15.3123 4 4.49962
      vertex -15.2426 4 4.38589
    endloop
  endfacet
  facet normal -0.85262 -0 -0.522532
    outer loop
      vertex -15.3123 4 4.49962
      vertex -15.2426 -4 4.38589
      vertex -15.3123 -4 4.49962
    endloop
  endfacet
  facet normal 0.078479 0 0.996916
    outer loop
      vertex -16.133 4 3.16047
      vertex -16 -4 3.15
      vertex -16 4 3.15
    endloop
  endfacet
  facet normal 0.078479 0 0.996916
    outer loop
      vertex -16 -4 3.15
      vertex -16.133 4 3.16047
      vertex -16.133 -4 3.16047
    endloop
  endfacet
  facet normal -0.233387 0 0.972384
    outer loop
      vertex -15.867 4 3.16047
      vertex -15.7373 -4 3.1916
      vertex -15.7373 4 3.1916
    endloop
  endfacet
  facet normal -0.233387 0 0.972384
    outer loop
      vertex -15.7373 -4 3.1916
      vertex -15.867 4 3.16047
      vertex -15.867 -4 3.16047
    endloop
  endfacet
  facet normal 0.382804 0 0.923829
    outer loop
      vertex -16.3859 4 3.24265
      vertex -16.2627 -4 3.1916
      vertex -16.2627 4 3.1916
    endloop
  endfacet
  facet normal 0.382804 0 0.923829
    outer loop
      vertex -16.2627 -4 3.1916
      vertex -16.3859 4 3.24265
      vertex -16.3859 -4 3.24265
    endloop
  endfacet
  facet normal 0.972431 0 -0.233191
    outer loop
      vertex -16.8084 -4 4.26266
      vertex -16.8395 4 4.13297
      vertex -16.8084 4 4.26266
    endloop
  endfacet
  facet normal 0.972431 0 -0.233191
    outer loop
      vertex -16.8395 4 4.13297
      vertex -16.8084 -4 4.26266
      vertex -16.8395 -4 4.13297
    endloop
  endfacet
  facet normal -0.923995 0 -0.382405
    outer loop
      vertex -15.1916 -4 4.26266
      vertex -15.2426 4 4.38589
      vertex -15.1916 4 4.26266
    endloop
  endfacet
  facet normal -0.923995 -0 -0.382405
    outer loop
      vertex -15.2426 4 4.38589
      vertex -15.1916 -4 4.26266
      vertex -15.2426 -4 4.38589
    endloop
  endfacet
  facet normal -0.382804 0 0.923829
    outer loop
      vertex -15.7373 4 3.1916
      vertex -15.6141 -4 3.24265
      vertex -15.6141 4 3.24265
    endloop
  endfacet
  facet normal -0.382804 0 0.923829
    outer loop
      vertex -15.6141 -4 3.24265
      vertex -15.7373 4 3.1916
      vertex -15.7373 -4 3.1916
    endloop
  endfacet
  facet normal -0.522578 0 0.852592
    outer loop
      vertex -15.6141 4 3.24265
      vertex -15.5004 -4 3.31234
      vertex -15.5004 4 3.31234
    endloop
  endfacet
  facet normal -0.522578 0 0.852592
    outer loop
      vertex -15.5004 -4 3.31234
      vertex -15.6141 4 3.24265
      vertex -15.6141 -4 3.24265
    endloop
  endfacet
  facet normal 0.923995 0 -0.382405
    outer loop
      vertex -16.7574 -4 4.38589
      vertex -16.8084 4 4.26266
      vertex -16.7574 4 4.38589
    endloop
  endfacet
  facet normal 0.923995 0 -0.382405
    outer loop
      vertex -16.8084 4 4.26266
      vertex -16.7574 -4 4.38589
      vertex -16.8084 -4 4.26266
    endloop
  endfacet
  facet normal -0.078479 0 -0.996916
    outer loop
      vertex -16 -4 4.85
      vertex -15.867 4 4.83953
      vertex -15.867 -4 4.83953
    endloop
  endfacet
  facet normal -0.078479 0 -0.996916
    outer loop
      vertex -15.867 4 4.83953
      vertex -16 -4 4.85
      vertex -16 4 4.85
    endloop
  endfacet
  facet normal 0.972431 -0 0.233191
    outer loop
      vertex -16.8395 -4 3.86703
      vertex -16.8084 4 3.73734
      vertex -16.8395 4 3.86703
    endloop
  endfacet
  facet normal 0.972431 0 0.233191
    outer loop
      vertex -16.8084 4 3.73734
      vertex -16.8395 -4 3.86703
      vertex -16.8084 -4 3.73734
    endloop
  endfacet
  facet normal 0.078479 0 -0.996916
    outer loop
      vertex -16.133 -4 4.83953
      vertex -16 4 4.85
      vertex -16 -4 4.85
    endloop
  endfacet
  facet normal 0.078479 0 -0.996916
    outer loop
      vertex -16 4 4.85
      vertex -16.133 -4 4.83953
      vertex -16.133 4 4.83953
    endloop
  endfacet
  facet normal -0.649518 0 0.760346
    outer loop
      vertex -15.5004 4 3.31234
      vertex -15.399 -4 3.39896
      vertex -15.399 4 3.39896
    endloop
  endfacet
  facet normal -0.649518 0 0.760346
    outer loop
      vertex -15.399 -4 3.39896
      vertex -15.5004 4 3.31234
      vertex -15.5004 -4 3.31234
    endloop
  endfacet
  facet normal 0.649518 0 -0.760346
    outer loop
      vertex -16.601 -4 4.60104
      vertex -16.4996 4 4.68766
      vertex -16.4996 -4 4.68766
    endloop
  endfacet
  facet normal 0.649518 0 -0.760346
    outer loop
      vertex -16.4996 4 4.68766
      vertex -16.601 -4 4.60104
      vertex -16.601 4 4.60104
    endloop
  endfacet
  facet normal -0.382804 0 -0.923829
    outer loop
      vertex -15.7373 -4 4.8084
      vertex -15.6141 4 4.75735
      vertex -15.6141 -4 4.75735
    endloop
  endfacet
  facet normal -0.382804 0 -0.923829
    outer loop
      vertex -15.6141 4 4.75735
      vertex -15.7373 -4 4.8084
      vertex -15.7373 4 4.8084
    endloop
  endfacet
  facet normal 0.923995 -0 0.382405
    outer loop
      vertex -16.8084 -4 3.73734
      vertex -16.7574 4 3.61411
      vertex -16.8084 4 3.73734
    endloop
  endfacet
  facet normal 0.923995 0 0.382405
    outer loop
      vertex -16.7574 4 3.61411
      vertex -16.8084 -4 3.73734
      vertex -16.7574 -4 3.61411
    endloop
  endfacet
  facet normal 0.649518 0 0.760346
    outer loop
      vertex -16.601 4 3.39896
      vertex -16.4996 -4 3.31234
      vertex -16.4996 4 3.31234
    endloop
  endfacet
  facet normal 0.649518 0 0.760346
    outer loop
      vertex -16.4996 -4 3.31234
      vertex -16.601 4 3.39896
      vertex -16.601 -4 3.39896
    endloop
  endfacet
  facet normal -0.522578 0 -0.852592
    outer loop
      vertex -15.6141 -4 4.75735
      vertex -15.5004 4 4.68766
      vertex -15.5004 -4 4.68766
    endloop
  endfacet
  facet normal -0.522578 0 -0.852592
    outer loop
      vertex -15.5004 4 4.68766
      vertex -15.6141 -4 4.75735
      vertex -15.6141 4 4.75735
    endloop
  endfacet
  facet normal -0.760113 0 0.649791
    outer loop
      vertex -15.399 -4 3.39896
      vertex -15.3123 4 3.50038
      vertex -15.399 4 3.39896
    endloop
  endfacet
  facet normal -0.760113 0 0.649791
    outer loop
      vertex -15.3123 4 3.50038
      vertex -15.399 -4 3.39896
      vertex -15.3123 -4 3.50038
    endloop
  endfacet
  facet normal 0.996897 0 -0.0787201
    outer loop
      vertex -16.8395 -4 4.13297
      vertex -16.85 4 4
      vertex -16.8395 4 4.13297
    endloop
  endfacet
  facet normal 0.996897 0 -0.0787201
    outer loop
      vertex -16.85 4 4
      vertex -16.8395 -4 4.13297
      vertex -16.85 -4 4
    endloop
  endfacet
  facet normal -0.649518 0 -0.760346
    outer loop
      vertex -15.5004 -4 4.68766
      vertex -15.399 4 4.60104
      vertex -15.399 -4 4.60104
    endloop
  endfacet
  facet normal -0.649518 0 -0.760346
    outer loop
      vertex -15.399 4 4.60104
      vertex -15.5004 -4 4.68766
      vertex -15.5004 4 4.68766
    endloop
  endfacet
  facet normal -0.760113 0 -0.649791
    outer loop
      vertex -15.3123 -4 4.49962
      vertex -15.399 4 4.60104
      vertex -15.3123 4 4.49962
    endloop
  endfacet
  facet normal -0.760113 -0 -0.649791
    outer loop
      vertex -15.399 4 4.60104
      vertex -15.3123 -4 4.49962
      vertex -15.399 -4 4.60104
    endloop
  endfacet
endsolid OpenSCAD_Model
