solid OpenSCAD_Model
  facet normal 0 -0.987143 0.159839
    outer loop
      vertex -16 -11 3.5
      vertex -13 -9.38304 13.4861
      vertex -16 -9.38304 13.4861
    endloop
  endfacet
  facet normal 0 -0.987143 0.159839
    outer loop
      vertex -13 -9.38304 13.4861
      vertex -16 -11 3.5
      vertex -13 -11 3.5
    endloop
  endfacet
  facet normal 1 0 0
    outer loop
      vertex -13 9.38304 13.4861
      vertex -13 3.65445 12.5788
      vertex -13 3.7 12
    endloop
  endfacet
  facet normal 1 0 0
    outer loop
      vertex -13 5.58396 19.6857
      vertex -13 3.51891 13.1434
      vertex -13 3.65445 12.5788
    endloop
  endfacet
  facet normal 1 0 0
    outer loop
      vertex -13 5.58396 19.6857
      vertex -13 3.29672 13.6798
      vertex -13 3.51891 13.1434
    endloop
  endfacet
  facet normal 1 0 0
    outer loop
      vertex -13 5.58396 19.6857
      vertex -13 2.99336 14.1748
      vertex -13 3.29672 13.6798
    endloop
  endfacet
  facet normal 1 0 0
    outer loop
      vertex -13 1.67976 15.2967
      vertex -13 4.31291 20.4646
      vertex -13 2.93566 21.035
    endloop
  endfacet
  facet normal 1 0 0
    outer loop
      vertex -13 5.58396 19.6857
      vertex -13 2.61629 14.6163
      vertex -13 2.99336 14.1748
    endloop
  endfacet
  facet normal 1 0 0
    outer loop
      vertex -13 5.58396 19.6857
      vertex -13 2.1748 14.9934
      vertex -13 2.61629 14.6163
    endloop
  endfacet
  facet normal 1 0 0
    outer loop
      vertex -13 4.31291 20.4646
      vertex -13 1.67976 15.2967
      vertex -13 2.1748 14.9934
    endloop
  endfacet
  facet normal 1 0 0
    outer loop
      vertex -13 1.14336 15.5189
      vertex -13 2.93566 21.035
      vertex -13 1.48613 21.383
    endloop
  endfacet
  facet normal 1 0 0
    outer loop
      vertex -13 2.93566 21.035
      vertex -13 1.14336 15.5189
      vertex -13 1.67976 15.2967
    endloop
  endfacet
  facet normal 1 0 0
    outer loop
      vertex -13 1.48613 21.383
      vertex -13 0.578807 15.6544
      vertex -13 1.14336 15.5189
    endloop
  endfacet
  facet normal 1 0 0
    outer loop
      vertex -13 0 21.5
      vertex -13 0.578807 15.6544
      vertex -13 1.48613 21.383
    endloop
  endfacet
  facet normal 1 0 0
    outer loop
      vertex -13 0 21.5
      vertex -13 0 15.7
      vertex -13 0.578807 15.6544
    endloop
  endfacet
  facet normal 1 0 0
    outer loop
      vertex -13 0 21.5
      vertex -13 -0.578807 15.6544
      vertex -13 0 15.7
    endloop
  endfacet
  facet normal 1 -0 0
    outer loop
      vertex -13 -1.48613 21.383
      vertex -13 -0.578807 15.6544
      vertex -13 0 21.5
    endloop
  endfacet
  facet normal 1 0 0
    outer loop
      vertex -13 -0.578807 15.6544
      vertex -13 -1.48613 21.383
      vertex -13 -1.14336 15.5189
    endloop
  endfacet
  facet normal 1 -0 0
    outer loop
      vertex -13 -2.93566 21.035
      vertex -13 -1.14336 15.5189
      vertex -13 -1.48613 21.383
    endloop
  endfacet
  facet normal 1 0 0
    outer loop
      vertex -13 -1.14336 15.5189
      vertex -13 -2.93566 21.035
      vertex -13 -1.67976 15.2967
    endloop
  endfacet
  facet normal 1 -0 0
    outer loop
      vertex -13 -4.31291 20.4646
      vertex -13 -1.67976 15.2967
      vertex -13 -2.93566 21.035
    endloop
  endfacet
  facet normal 1 0 0
    outer loop
      vertex -13 -1.67976 15.2967
      vertex -13 -4.31291 20.4646
      vertex -13 -2.1748 14.9934
    endloop
  endfacet
  facet normal 1 -0 0
    outer loop
      vertex -13 -5.58396 19.6857
      vertex -13 -2.1748 14.9934
      vertex -13 -4.31291 20.4646
    endloop
  endfacet
  facet normal 1 0 0
    outer loop
      vertex -13 -2.1748 14.9934
      vertex -13 -5.58396 19.6857
      vertex -13 -2.61629 14.6163
    endloop
  endfacet
  facet normal 1 -0 0
    outer loop
      vertex -13 -6.71751 18.7175
      vertex -13 -2.61629 14.6163
      vertex -13 -5.58396 19.6857
    endloop
  endfacet
  facet normal 1 0 0
    outer loop
      vertex -13 -2.61629 14.6163
      vertex -13 -6.71751 18.7175
      vertex -13 -2.99336 14.1748
    endloop
  endfacet
  facet normal 1 0 0
    outer loop
      vertex -13 -2.99336 14.1748
      vertex -13 -7.68566 17.584
      vertex -13 -3.29672 13.6798
    endloop
  endfacet
  facet normal 1 -0 0
    outer loop
      vertex -13 -7.68566 17.584
      vertex -13 -2.99336 14.1748
      vertex -13 -6.71751 18.7175
    endloop
  endfacet
  facet normal 1 -0 0
    outer loop
      vertex -13 3.29672 10.3202
      vertex -13 11 3.5
      vertex -13 9.38304 13.4861
    endloop
  endfacet
  facet normal 1 0 0
    outer loop
      vertex -13 3.65445 12.5788
      vertex -13 9.38304 13.4861
      vertex -13 9.03504 14.9357
    endloop
  endfacet
  facet normal 1 0 0
    outer loop
      vertex -13 3.65445 12.5788
      vertex -13 9.03504 14.9357
      vertex -13 8.46456 16.3129
    endloop
  endfacet
  facet normal 1 0 0
    outer loop
      vertex -13 3.65445 12.5788
      vertex -13 8.46456 16.3129
      vertex -13 7.68566 17.584
    endloop
  endfacet
  facet normal 1 0 0
    outer loop
      vertex -13 3.65445 12.5788
      vertex -13 7.68566 17.584
      vertex -13 6.71751 18.7175
    endloop
  endfacet
  facet normal 1 0 0
    outer loop
      vertex -13 3.65445 12.5788
      vertex -13 6.71751 18.7175
      vertex -13 5.58396 19.6857
    endloop
  endfacet
  facet normal 1 0 0
    outer loop
      vertex -13 2.1748 14.9934
      vertex -13 5.58396 19.6857
      vertex -13 4.31291 20.4646
    endloop
  endfacet
  facet normal 1 0 0
    outer loop
      vertex -13 9.38304 13.4861
      vertex -13 3.7 12
      vertex -13 3.65445 11.4212
    endloop
  endfacet
  facet normal 1 0 0
    outer loop
      vertex -13 9.38304 13.4861
      vertex -13 3.65445 11.4212
      vertex -13 3.51891 10.8566
    endloop
  endfacet
  facet normal 1 0 0
    outer loop
      vertex -13 3.29672 10.3202
      vertex -13 9.38304 13.4861
      vertex -13 3.51891 10.8566
    endloop
  endfacet
  facet normal 1 -0 0
    outer loop
      vertex -13 2.99336 9.82519
      vertex -13 11 3.5
      vertex -13 3.29672 10.3202
    endloop
  endfacet
  facet normal 1 -0 0
    outer loop
      vertex -13 2.61629 9.3837
      vertex -13 11 3.5
      vertex -13 2.99336 9.82519
    endloop
  endfacet
  facet normal 1 -0 0
    outer loop
      vertex -13 2.1748 9.00664
      vertex -13 11 3.5
      vertex -13 2.61629 9.3837
    endloop
  endfacet
  facet normal 1 -0 0
    outer loop
      vertex -13 1.67976 8.70328
      vertex -13 11 3.5
      vertex -13 2.1748 9.00664
    endloop
  endfacet
  facet normal 1 0 0
    outer loop
      vertex -13 11 3.5
      vertex -13 1.67976 8.70328
      vertex -13 11 3
    endloop
  endfacet
  facet normal 1 -0 0
    outer loop
      vertex -13 1.14336 8.48109
      vertex -13 11 3
      vertex -13 1.67976 8.70328
    endloop
  endfacet
  facet normal 1 -0 0
    outer loop
      vertex -13 0.578807 8.34555
      vertex -13 11 3
      vertex -13 1.14336 8.48109
    endloop
  endfacet
  facet normal 1 0 0
    outer loop
      vertex -13 -8 3
      vertex -13 0.578807 8.34555
      vertex -13 0 8.3
    endloop
  endfacet
  facet normal 1 0 0
    outer loop
      vertex -13 -8 3
      vertex -13 0 8.3
      vertex -13 -0.578807 8.34555
    endloop
  endfacet
  facet normal 1 0 0
    outer loop
      vertex -13 -8 3
      vertex -13 -0.578807 8.34555
      vertex -13 -1.14336 8.48109
    endloop
  endfacet
  facet normal 1 0 0
    outer loop
      vertex -13 -8 3
      vertex -13 -1.14336 8.48109
      vertex -13 -1.67976 8.70328
    endloop
  endfacet
  facet normal 1 -0 0
    outer loop
      vertex -13 -8.46456 16.3129
      vertex -13 -3.29672 13.6798
      vertex -13 -7.68566 17.584
    endloop
  endfacet
  facet normal 1 0 0
    outer loop
      vertex -13 -3.29672 13.6798
      vertex -13 -8.46456 16.3129
      vertex -13 -3.51891 13.1434
    endloop
  endfacet
  facet normal 1 -0 0
    outer loop
      vertex -13 -9.03504 14.9357
      vertex -13 -3.51891 13.1434
      vertex -13 -8.46456 16.3129
    endloop
  endfacet
  facet normal 1 0 0
    outer loop
      vertex -13 -3.51891 13.1434
      vertex -13 -9.03504 14.9357
      vertex -13 -3.65445 12.5788
    endloop
  endfacet
  facet normal 1 -0 0
    outer loop
      vertex -13 -9.38304 13.4861
      vertex -13 -3.65445 12.5788
      vertex -13 -9.03504 14.9357
    endloop
  endfacet
  facet normal 1 0 0
    outer loop
      vertex -13 -3.65445 12.5788
      vertex -13 -9.38304 13.4861
      vertex -13 -3.7 12
    endloop
  endfacet
  facet normal 1 0 0
    outer loop
      vertex -13 0.578807 8.34555
      vertex -13 -8 3
      vertex -13 11 3
    endloop
  endfacet
  facet normal 1 0 0
    outer loop
      vertex -13 -2.1748 9.00664
      vertex -13 -8 3
      vertex -13 -1.67976 8.70328
    endloop
  endfacet
  facet normal 1 0 0
    outer loop
      vertex -13 -2.61629 9.3837
      vertex -13 -8 3
      vertex -13 -2.1748 9.00664
    endloop
  endfacet
  facet normal 1 0 0
    outer loop
      vertex -13 -2.99336 9.82519
      vertex -13 -8 3
      vertex -13 -2.61629 9.3837
    endloop
  endfacet
  facet normal 1 0 0
    outer loop
      vertex -13 -3.29672 10.3202
      vertex -13 -8 3
      vertex -13 -2.99336 9.82519
    endloop
  endfacet
  facet normal 1 0 0
    outer loop
      vertex -13 -3.7 12
      vertex -13 -9.38304 13.4861
      vertex -13 -3.65445 11.4212
    endloop
  endfacet
  facet normal 1 0 0
    outer loop
      vertex -13 -3.65445 11.4212
      vertex -13 -9.38304 13.4861
      vertex -13 -3.51891 10.8566
    endloop
  endfacet
  facet normal 1 0 0
    outer loop
      vertex -13 -3.29672 10.3202
      vertex -13 -9.38304 13.4861
      vertex -13 -8 3
    endloop
  endfacet
  facet normal 1 0 0
    outer loop
      vertex -13 -3.51891 10.8566
      vertex -13 -9.38304 13.4861
      vertex -13 -3.29672 10.3202
    endloop
  endfacet
  facet normal 1 -0 0
    outer loop
      vertex -13 -11 3.5
      vertex -13 -8 3
      vertex -13 -9.38304 13.4861
    endloop
  endfacet
  facet normal 1 0 0
    outer loop
      vertex -13 -11 2.5
      vertex -13 -8 3
      vertex -13 -11 3.5
    endloop
  endfacet
  facet normal 1 0 0
    outer loop
      vertex -13 -8 3
      vertex -13 -11 2.5
      vertex -13 -8 2.5
    endloop
  endfacet
  facet normal 0 1 -0
    outer loop
      vertex -13 11 3
      vertex -16 11 3.5
      vertex -13 11 3.5
    endloop
  endfacet
  facet normal 0 1 0
    outer loop
      vertex -16 11 3.5
      vertex -13 11 3
      vertex -16 11 3
    endloop
  endfacet
  facet normal 0 0 -1
    outer loop
      vertex -16 -11 2.5
      vertex -13 -8 2.5
      vertex -13 -11 2.5
    endloop
  endfacet
  facet normal -0 0 -1
    outer loop
      vertex -13 -8 2.5
      vertex -16 -11 2.5
      vertex -16 -8 2.5
    endloop
  endfacet
  facet normal 0 0.923874 0.382698
    outer loop
      vertex -13 9.03504 14.9357
      vertex -16 8.46456 16.3129
      vertex -13 8.46456 16.3129
    endloop
  endfacet
  facet normal 0 0.923874 0.382698
    outer loop
      vertex -16 8.46456 16.3129
      vertex -13 9.03504 14.9357
      vertex -16 9.03504 14.9357
    endloop
  endfacet
  facet normal 0 -0.76039 0.649467
    outer loop
      vertex -16 -7.68566 17.584
      vertex -13 -6.71751 18.7175
      vertex -16 -6.71751 18.7175
    endloop
  endfacet
  facet normal 0 -0.76039 0.649467
    outer loop
      vertex -13 -6.71751 18.7175
      vertex -16 -7.68566 17.584
      vertex -13 -7.68566 17.584
    endloop
  endfacet
  facet normal 0 -0.972373 0.233434
    outer loop
      vertex -16 -9.38304 13.4861
      vertex -13 -9.03504 14.9357
      vertex -16 -9.03504 14.9357
    endloop
  endfacet
  facet normal 0 -0.972373 0.233434
    outer loop
      vertex -13 -9.03504 14.9357
      vertex -16 -9.38304 13.4861
      vertex -13 -9.38304 13.4861
    endloop
  endfacet
  facet normal -0 0.38264 0.923897
    outer loop
      vertex -16 4.31291 20.4646
      vertex -13 2.93566 21.035
      vertex -13 4.31291 20.4646
    endloop
  endfacet
  facet normal 0 0.38264 0.923897
    outer loop
      vertex -13 2.93566 21.035
      vertex -16 4.31291 20.4646
      vertex -16 2.93566 21.035
    endloop
  endfacet
  facet normal 0 -0.923874 0.382698
    outer loop
      vertex -16 -9.03504 14.9357
      vertex -13 -8.46456 16.3129
      vertex -16 -8.46456 16.3129
    endloop
  endfacet
  facet normal 0 -0.923874 0.382698
    outer loop
      vertex -13 -8.46456 16.3129
      vertex -16 -9.03504 14.9357
      vertex -13 -9.03504 14.9357
    endloop
  endfacet
  facet normal -0 0.0784851 0.996915
    outer loop
      vertex -16 1.48613 21.383
      vertex -13 0 21.5
      vertex -13 1.48613 21.383
    endloop
  endfacet
  facet normal 0 0.0784851 0.996915
    outer loop
      vertex -13 0 21.5
      vertex -16 1.48613 21.383
      vertex -16 0 21.5
    endloop
  endfacet
  facet normal 0 0.987143 0.159839
    outer loop
      vertex -13 11 3.5
      vertex -16 9.38304 13.4861
      vertex -13 9.38304 13.4861
    endloop
  endfacet
  facet normal 0 0.987143 0.159839
    outer loop
      vertex -16 9.38304 13.4861
      vertex -13 11 3.5
      vertex -16 11 3.5
    endloop
  endfacet
  facet normal 0 -0.0784851 0.996915
    outer loop
      vertex -16 0 21.5
      vertex -13 -1.48613 21.383
      vertex -13 0 21.5
    endloop
  endfacet
  facet normal 0 -0.0784851 0.996915
    outer loop
      vertex -13 -1.48613 21.383
      vertex -16 0 21.5
      vertex -16 -1.48613 21.383
    endloop
  endfacet
  facet normal -0 0.64947 0.760387
    outer loop
      vertex -16 6.71751 18.7175
      vertex -13 5.58396 19.6857
      vertex -13 6.71751 18.7175
    endloop
  endfacet
  facet normal 0 0.64947 0.760387
    outer loop
      vertex -13 5.58396 19.6857
      vertex -16 6.71751 18.7175
      vertex -16 5.58396 19.6857
    endloop
  endfacet
  facet normal 0 -1 0
    outer loop
      vertex -16 -11 2.5
      vertex -13 -11 3.5
      vertex -16 -11 3.5
    endloop
  endfacet
  facet normal 0 -1 -0
    outer loop
      vertex -13 -11 3.5
      vertex -16 -11 2.5
      vertex -13 -11 2.5
    endloop
  endfacet
  facet normal -0 0.522498 0.85264
    outer loop
      vertex -16 5.58396 19.6857
      vertex -13 4.31291 20.4646
      vertex -13 5.58396 19.6857
    endloop
  endfacet
  facet normal 0 0.522498 0.85264
    outer loop
      vertex -13 4.31291 20.4646
      vertex -16 5.58396 19.6857
      vertex -16 4.31291 20.4646
    endloop
  endfacet
  facet normal 0 -0.852649 0.522483
    outer loop
      vertex -16 -8.46456 16.3129
      vertex -13 -7.68566 17.584
      vertex -16 -7.68566 17.584
    endloop
  endfacet
  facet normal 0 -0.852649 0.522483
    outer loop
      vertex -13 -7.68566 17.584
      vertex -16 -8.46456 16.3129
      vertex -13 -8.46456 16.3129
    endloop
  endfacet
  facet normal -0 0.233444 0.97237
    outer loop
      vertex -16 2.93566 21.035
      vertex -13 1.48613 21.383
      vertex -13 2.93566 21.035
    endloop
  endfacet
  facet normal 0 0.233444 0.97237
    outer loop
      vertex -13 1.48613 21.383
      vertex -16 2.93566 21.035
      vertex -16 1.48613 21.383
    endloop
  endfacet
  facet normal 0 0.76039 0.649467
    outer loop
      vertex -13 7.68566 17.584
      vertex -16 6.71751 18.7175
      vertex -13 6.71751 18.7175
    endloop
  endfacet
  facet normal 0 0.76039 0.649467
    outer loop
      vertex -16 6.71751 18.7175
      vertex -13 7.68566 17.584
      vertex -16 7.68566 17.584
    endloop
  endfacet
  facet normal 0 0.972373 0.233434
    outer loop
      vertex -13 9.38304 13.4861
      vertex -16 9.03504 14.9357
      vertex -13 9.03504 14.9357
    endloop
  endfacet
  facet normal 0 0.972373 0.233434
    outer loop
      vertex -16 9.03504 14.9357
      vertex -13 9.38304 13.4861
      vertex -16 9.38304 13.4861
    endloop
  endfacet
  facet normal 0 0.852649 0.522483
    outer loop
      vertex -13 8.46456 16.3129
      vertex -16 7.68566 17.584
      vertex -13 7.68566 17.584
    endloop
  endfacet
  facet normal 0 0.852649 0.522483
    outer loop
      vertex -16 7.68566 17.584
      vertex -13 8.46456 16.3129
      vertex -16 8.46456 16.3129
    endloop
  endfacet
  facet normal 0 -0.233444 0.97237
    outer loop
      vertex -16 -1.48613 21.383
      vertex -13 -2.93566 21.035
      vertex -13 -1.48613 21.383
    endloop
  endfacet
  facet normal 0 -0.233444 0.97237
    outer loop
      vertex -13 -2.93566 21.035
      vertex -16 -1.48613 21.383
      vertex -16 -2.93566 21.035
    endloop
  endfacet
  facet normal 0 -0.64947 0.760387
    outer loop
      vertex -16 -5.58396 19.6857
      vertex -13 -6.71751 18.7175
      vertex -13 -5.58396 19.6857
    endloop
  endfacet
  facet normal 0 -0.64947 0.760387
    outer loop
      vertex -13 -6.71751 18.7175
      vertex -16 -5.58396 19.6857
      vertex -16 -6.71751 18.7175
    endloop
  endfacet
  facet normal -1 0 0
    outer loop
      vertex -16 -11 2.5
      vertex -16 -8 3
      vertex -16 -8 2.5
    endloop
  endfacet
  facet normal -1 0 0
    outer loop
      vertex -16 -8 3
      vertex -16 -9.38304 13.4861
      vertex -16 -8.46456 16.3129
    endloop
  endfacet
  facet normal -1 0 0
    outer loop
      vertex -16 -8.46456 16.3129
      vertex -16 -9.38304 13.4861
      vertex -16 -9.03504 14.9357
    endloop
  endfacet
  facet normal -1 -0 0
    outer loop
      vertex -16 -8 3
      vertex -16 -11 2.5
      vertex -16 -11 3.5
    endloop
  endfacet
  facet normal -1 0 0
    outer loop
      vertex -16 -8 3
      vertex -16 -11 3.5
      vertex -16 -9.38304 13.4861
    endloop
  endfacet
  facet normal -1 0 0
    outer loop
      vertex -16 1.67976 8.70328
      vertex -16 11 3.5
      vertex -16 11 3
    endloop
  endfacet
  facet normal -1 0 0
    outer loop
      vertex -16 11 3.5
      vertex -16 3.29672 10.3202
      vertex -16 9.38304 13.4861
    endloop
  endfacet
  facet normal -1 0 -0
    outer loop
      vertex -16 3.65445 11.4212
      vertex -16 9.38304 13.4861
      vertex -16 3.51891 10.8566
    endloop
  endfacet
  facet normal -1 0 0
    outer loop
      vertex -16 3.65445 12.5788
      vertex -16 9.38304 13.4861
      vertex -16 3.7 12
    endloop
  endfacet
  facet normal -1 -0 0
    outer loop
      vertex -16 9.38304 13.4861
      vertex -16 3.65445 12.5788
      vertex -16 9.03504 14.9357
    endloop
  endfacet
  facet normal -1 -0 0
    outer loop
      vertex -16 9.03504 14.9357
      vertex -16 3.51891 13.1434
      vertex -16 8.46456 16.3129
    endloop
  endfacet
  facet normal -1 -0 0
    outer loop
      vertex -16 8.46456 16.3129
      vertex -16 3.29672 13.6798
      vertex -16 7.68566 17.584
    endloop
  endfacet
  facet normal -1 0 0
    outer loop
      vertex -16 3.29672 13.6798
      vertex -16 8.46456 16.3129
      vertex -16 3.51891 13.1434
    endloop
  endfacet
  facet normal -1 0 0
    outer loop
      vertex -16 3.51891 13.1434
      vertex -16 9.03504 14.9357
      vertex -16 3.65445 12.5788
    endloop
  endfacet
  facet normal -1 0 -0
    outer loop
      vertex -16 3.7 12
      vertex -16 9.38304 13.4861
      vertex -16 3.65445 11.4212
    endloop
  endfacet
  facet normal -1 0 0
    outer loop
      vertex -16 9.38304 13.4861
      vertex -16 3.29672 10.3202
      vertex -16 3.51891 10.8566
    endloop
  endfacet
  facet normal -1 0 0
    outer loop
      vertex -16 11 3.5
      vertex -16 2.99336 9.82519
      vertex -16 3.29672 10.3202
    endloop
  endfacet
  facet normal -1 0 0
    outer loop
      vertex -16 11 3.5
      vertex -16 2.61629 9.3837
      vertex -16 2.99336 9.82519
    endloop
  endfacet
  facet normal -1 0 0
    outer loop
      vertex -16 11 3.5
      vertex -16 2.1748 9.00664
      vertex -16 2.61629 9.3837
    endloop
  endfacet
  facet normal -1 0 0
    outer loop
      vertex -16 11 3.5
      vertex -16 1.67976 8.70328
      vertex -16 2.1748 9.00664
    endloop
  endfacet
  facet normal -1 0 0
    outer loop
      vertex -16 11 3
      vertex -16 1.14336 8.48109
      vertex -16 1.67976 8.70328
    endloop
  endfacet
  facet normal -1 0 0
    outer loop
      vertex -16 11 3
      vertex -16 0.578807 8.34555
      vertex -16 1.14336 8.48109
    endloop
  endfacet
  facet normal -1 0 0
    outer loop
      vertex -16 -8 3
      vertex -16 0.578807 8.34555
      vertex -16 11 3
    endloop
  endfacet
  facet normal -1 0 0
    outer loop
      vertex -16 0.578807 8.34555
      vertex -16 -8 3
      vertex -16 0 8.3
    endloop
  endfacet
  facet normal -1 -0 0
    outer loop
      vertex -16 0 8.3
      vertex -16 -8 3
      vertex -16 -0.578807 8.34555
    endloop
  endfacet
  facet normal -1 -0 0
    outer loop
      vertex -16 -0.578807 8.34555
      vertex -16 -8 3
      vertex -16 -1.14336 8.48109
    endloop
  endfacet
  facet normal -1 0 0
    outer loop
      vertex -16 -2.1748 14.9934
      vertex -16 -5.58396 19.6857
      vertex -16 -4.31291 20.4646
    endloop
  endfacet
  facet normal -1 0 0
    outer loop
      vertex -16 -8.46456 16.3129
      vertex -16 -3.7 12
      vertex -16 -3.65445 11.4212
    endloop
  endfacet
  facet normal -1 0 0
    outer loop
      vertex -16 -3.65445 12.5788
      vertex -16 -6.71751 18.7175
      vertex -16 -5.58396 19.6857
    endloop
  endfacet
  facet normal -1 0 0
    outer loop
      vertex -16 -8 3
      vertex -16 -3.65445 11.4212
      vertex -16 -3.51891 10.8566
    endloop
  endfacet
  facet normal -1 0 0
    outer loop
      vertex -16 -3.65445 12.5788
      vertex -16 -7.68566 17.584
      vertex -16 -6.71751 18.7175
    endloop
  endfacet
  facet normal -1 0 0
    outer loop
      vertex -16 -8 3
      vertex -16 -3.51891 10.8566
      vertex -16 -3.29672 10.3202
    endloop
  endfacet
  facet normal -1 -0 0
    outer loop
      vertex -16 -1.14336 8.48109
      vertex -16 -8 3
      vertex -16 -1.67976 8.70328
    endloop
  endfacet
  facet normal -1 0 0
    outer loop
      vertex -16 -8 3
      vertex -16 -2.1748 9.00664
      vertex -16 -1.67976 8.70328
    endloop
  endfacet
  facet normal -1 0 0
    outer loop
      vertex -16 -8 3
      vertex -16 -2.61629 9.3837
      vertex -16 -2.1748 9.00664
    endloop
  endfacet
  facet normal -1 0 0
    outer loop
      vertex -16 -8 3
      vertex -16 -2.99336 9.82519
      vertex -16 -2.61629 9.3837
    endloop
  endfacet
  facet normal -1 0 0
    outer loop
      vertex -16 -8 3
      vertex -16 -3.29672 10.3202
      vertex -16 -2.99336 9.82519
    endloop
  endfacet
  facet normal -1 -0 0
    outer loop
      vertex -16 -3.65445 11.4212
      vertex -16 -8 3
      vertex -16 -8.46456 16.3129
    endloop
  endfacet
  facet normal -1 0 0
    outer loop
      vertex -16 -3.65445 12.5788
      vertex -16 -8.46456 16.3129
      vertex -16 -7.68566 17.584
    endloop
  endfacet
  facet normal -1 0 0
    outer loop
      vertex -16 2.99336 14.1748
      vertex -16 7.68566 17.584
      vertex -16 3.29672 13.6798
    endloop
  endfacet
  facet normal -1 -0 0
    outer loop
      vertex -16 7.68566 17.584
      vertex -16 2.99336 14.1748
      vertex -16 6.71751 18.7175
    endloop
  endfacet
  facet normal -1 0 0
    outer loop
      vertex -16 2.61629 14.6163
      vertex -16 6.71751 18.7175
      vertex -16 2.99336 14.1748
    endloop
  endfacet
  facet normal -1 -0 0
    outer loop
      vertex -16 6.71751 18.7175
      vertex -16 2.61629 14.6163
      vertex -16 5.58396 19.6857
    endloop
  endfacet
  facet normal -1 0 0
    outer loop
      vertex -16 2.1748 14.9934
      vertex -16 5.58396 19.6857
      vertex -16 2.61629 14.6163
    endloop
  endfacet
  facet normal -1 -0 0
    outer loop
      vertex -16 5.58396 19.6857
      vertex -16 2.1748 14.9934
      vertex -16 4.31291 20.4646
    endloop
  endfacet
  facet normal -1 0 0
    outer loop
      vertex -16 1.67976 15.2967
      vertex -16 4.31291 20.4646
      vertex -16 2.1748 14.9934
    endloop
  endfacet
  facet normal -1 -0 0
    outer loop
      vertex -16 4.31291 20.4646
      vertex -16 1.67976 15.2967
      vertex -16 2.93566 21.035
    endloop
  endfacet
  facet normal -1 0 0
    outer loop
      vertex -16 1.14336 15.5189
      vertex -16 2.93566 21.035
      vertex -16 1.67976 15.2967
    endloop
  endfacet
  facet normal -1 -0 0
    outer loop
      vertex -16 2.93566 21.035
      vertex -16 1.14336 15.5189
      vertex -16 1.48613 21.383
    endloop
  endfacet
  facet normal -1 0 0
    outer loop
      vertex -16 0.578807 15.6544
      vertex -16 1.48613 21.383
      vertex -16 1.14336 15.5189
    endloop
  endfacet
  facet normal -1 0 0
    outer loop
      vertex -16 0 15.7
      vertex -16 1.48613 21.383
      vertex -16 0.578807 15.6544
    endloop
  endfacet
  facet normal -1 0 0
    outer loop
      vertex -16 0 15.7
      vertex -16 0 21.5
      vertex -16 1.48613 21.383
    endloop
  endfacet
  facet normal -1 0 0
    outer loop
      vertex -16 -0.578807 15.6544
      vertex -16 0 21.5
      vertex -16 0 15.7
    endloop
  endfacet
  facet normal -1 0 0
    outer loop
      vertex -16 -1.48613 21.383
      vertex -16 -0.578807 15.6544
      vertex -16 -1.14336 15.5189
    endloop
  endfacet
  facet normal -1 0 0
    outer loop
      vertex -16 -0.578807 15.6544
      vertex -16 -1.48613 21.383
      vertex -16 0 21.5
    endloop
  endfacet
  facet normal -1 0 0
    outer loop
      vertex -16 -2.93566 21.035
      vertex -16 -1.14336 15.5189
      vertex -16 -1.67976 15.2967
    endloop
  endfacet
  facet normal -1 0 0
    outer loop
      vertex -16 -4.31291 20.4646
      vertex -16 -1.67976 15.2967
      vertex -16 -2.1748 14.9934
    endloop
  endfacet
  facet normal -1 0 0
    outer loop
      vertex -16 -5.58396 19.6857
      vertex -16 -2.1748 14.9934
      vertex -16 -2.61629 14.6163
    endloop
  endfacet
  facet normal -1 0 0
    outer loop
      vertex -16 -1.14336 15.5189
      vertex -16 -2.93566 21.035
      vertex -16 -1.48613 21.383
    endloop
  endfacet
  facet normal -1 0 0
    outer loop
      vertex -16 -5.58396 19.6857
      vertex -16 -2.61629 14.6163
      vertex -16 -2.99336 14.1748
    endloop
  endfacet
  facet normal -1 0 0
    outer loop
      vertex -16 -5.58396 19.6857
      vertex -16 -2.99336 14.1748
      vertex -16 -3.29672 13.6798
    endloop
  endfacet
  facet normal -1 0 0
    outer loop
      vertex -16 -5.58396 19.6857
      vertex -16 -3.29672 13.6798
      vertex -16 -3.51891 13.1434
    endloop
  endfacet
  facet normal -1 0 0
    outer loop
      vertex -16 -5.58396 19.6857
      vertex -16 -3.51891 13.1434
      vertex -16 -3.65445 12.5788
    endloop
  endfacet
  facet normal -1 0 0
    outer loop
      vertex -16 -1.67976 15.2967
      vertex -16 -4.31291 20.4646
      vertex -16 -2.93566 21.035
    endloop
  endfacet
  facet normal -1 0 0
    outer loop
      vertex -16 -8.46456 16.3129
      vertex -16 -3.65445 12.5788
      vertex -16 -3.7 12
    endloop
  endfacet
  facet normal 0 -0.38264 0.923897
    outer loop
      vertex -16 -2.93566 21.035
      vertex -13 -4.31291 20.4646
      vertex -13 -2.93566 21.035
    endloop
  endfacet
  facet normal 0 -0.38264 0.923897
    outer loop
      vertex -13 -4.31291 20.4646
      vertex -16 -2.93566 21.035
      vertex -16 -4.31291 20.4646
    endloop
  endfacet
  facet normal 0 -0.522498 0.85264
    outer loop
      vertex -16 -4.31291 20.4646
      vertex -13 -5.58396 19.6857
      vertex -13 -4.31291 20.4646
    endloop
  endfacet
  facet normal 0 -0.522498 0.85264
    outer loop
      vertex -13 -5.58396 19.6857
      vertex -16 -4.31291 20.4646
      vertex -16 -5.58396 19.6857
    endloop
  endfacet
  facet normal 0 0.972373 -0.233432
    outer loop
      vertex -13 -3.65445 12.5788
      vertex -16 -3.51891 13.1434
      vertex -13 -3.51891 13.1434
    endloop
  endfacet
  facet normal 0 0.972373 -0.233432
    outer loop
      vertex -16 -3.51891 13.1434
      vertex -13 -3.65445 12.5788
      vertex -16 -3.65445 12.5788
    endloop
  endfacet
  facet normal 0 0.996918 -0.0784547
    outer loop
      vertex -13 -3.7 12
      vertex -16 -3.65445 12.5788
      vertex -13 -3.65445 12.5788
    endloop
  endfacet
  facet normal 0 0.996918 -0.0784547
    outer loop
      vertex -16 -3.65445 12.5788
      vertex -13 -3.7 12
      vertex -16 -3.7 12
    endloop
  endfacet
  facet normal 0 -0.852627 0.52252
    outer loop
      vertex -16 2.99336 9.82519
      vertex -13 3.29672 10.3202
      vertex -16 3.29672 10.3202
    endloop
  endfacet
  facet normal 0 -0.852627 0.52252
    outer loop
      vertex -13 3.29672 10.3202
      vertex -16 2.99336 9.82519
      vertex -13 2.99336 9.82519
    endloop
  endfacet
  facet normal 0 0.996918 0.0784547
    outer loop
      vertex -13 -3.65445 11.4212
      vertex -16 -3.7 12
      vertex -13 -3.7 12
    endloop
  endfacet
  facet normal 0 0.996918 0.0784547
    outer loop
      vertex -16 -3.7 12
      vertex -13 -3.65445 11.4212
      vertex -16 -3.65445 11.4212
    endloop
  endfacet
  facet normal 0 0.852627 0.52252
    outer loop
      vertex -13 -2.99336 9.82519
      vertex -16 -3.29672 10.3202
      vertex -13 -3.29672 10.3202
    endloop
  endfacet
  facet normal 0 0.852627 0.52252
    outer loop
      vertex -16 -3.29672 10.3202
      vertex -13 -2.99336 9.82519
      vertex -16 -2.99336 9.82519
    endloop
  endfacet
  facet normal 0 -0.0785394 -0.996911
    outer loop
      vertex -16 0 15.7
      vertex -13 0.578807 15.6544
      vertex -13 0 15.7
    endloop
  endfacet
  facet normal -0 -0.0785394 -0.996911
    outer loop
      vertex -13 0.578807 15.6544
      vertex -16 0 15.7
      vertex -16 0.578807 15.6544
    endloop
  endfacet
  facet normal 0 -0.923876 0.382692
    outer loop
      vertex -16 3.29672 10.3202
      vertex -13 3.51891 10.8566
      vertex -16 3.51891 10.8566
    endloop
  endfacet
  facet normal 0 -0.923876 0.382692
    outer loop
      vertex -13 3.51891 10.8566
      vertex -16 3.29672 10.3202
      vertex -13 3.29672 10.3202
    endloop
  endfacet
  facet normal 0 -0.760412 -0.649441
    outer loop
      vertex -16 2.99336 14.1748
      vertex -13 2.61629 14.6163
      vertex -16 2.61629 14.6163
    endloop
  endfacet
  facet normal 0 -0.760412 -0.649441
    outer loop
      vertex -13 2.61629 14.6163
      vertex -16 2.99336 14.1748
      vertex -13 2.99336 14.1748
    endloop
  endfacet
  facet normal 0 -0.522497 0.852641
    outer loop
      vertex -16 2.1748 9.00664
      vertex -13 1.67976 8.70328
      vertex -13 2.1748 9.00664
    endloop
  endfacet
  facet normal 0 -0.522497 0.852641
    outer loop
      vertex -13 1.67976 8.70328
      vertex -16 2.1748 9.00664
      vertex -16 1.67976 8.70328
    endloop
  endfacet
  facet normal 0 0.382707 -0.92387
    outer loop
      vertex -16 -1.67976 15.2967
      vertex -13 -1.14336 15.5189
      vertex -13 -1.67976 15.2967
    endloop
  endfacet
  facet normal 0 0.382707 -0.92387
    outer loop
      vertex -13 -1.14336 15.5189
      vertex -16 -1.67976 15.2967
      vertex -16 -1.14336 15.5189
    endloop
  endfacet
  facet normal -0 0.0784538 0.996918
    outer loop
      vertex -16 0 8.3
      vertex -13 -0.578807 8.34555
      vertex -13 0 8.3
    endloop
  endfacet
  facet normal 0 0.0784538 0.996918
    outer loop
      vertex -13 -0.578807 8.34555
      vertex -16 0 8.3
      vertex -16 -0.578807 8.34555
    endloop
  endfacet
  facet normal 0 -0.996918 -0.0784547
    outer loop
      vertex -16 3.7 12
      vertex -13 3.65445 12.5788
      vertex -16 3.65445 12.5788
    endloop
  endfacet
  facet normal 0 -0.996918 -0.0784547
    outer loop
      vertex -13 3.65445 12.5788
      vertex -16 3.7 12
      vertex -13 3.7 12
    endloop
  endfacet
  facet normal 0 0.852622 -0.522528
    outer loop
      vertex -13 -3.29672 13.6798
      vertex -16 -2.99336 14.1748
      vertex -13 -2.99336 14.1748
    endloop
  endfacet
  facet normal 0 0.852622 -0.522528
    outer loop
      vertex -16 -2.99336 14.1748
      vertex -13 -3.29672 13.6798
      vertex -16 -3.29672 13.6798
    endloop
  endfacet
  facet normal 0 -0.382692 0.923876
    outer loop
      vertex -16 1.67976 8.70328
      vertex -13 1.14336 8.48109
      vertex -13 1.67976 8.70328
    endloop
  endfacet
  facet normal 0 -0.382692 0.923876
    outer loop
      vertex -13 1.14336 8.48109
      vertex -16 1.67976 8.70328
      vertex -16 1.14336 8.48109
    endloop
  endfacet
  facet normal 0 0.760412 -0.649441
    outer loop
      vertex -13 -2.99336 14.1748
      vertex -16 -2.61629 14.6163
      vertex -13 -2.61629 14.6163
    endloop
  endfacet
  facet normal 0 0.760412 -0.649441
    outer loop
      vertex -16 -2.61629 14.6163
      vertex -13 -2.99336 14.1748
      vertex -16 -2.99336 14.1748
    endloop
  endfacet
  facet normal -0 0.23345 0.972369
    outer loop
      vertex -16 -0.578807 8.34555
      vertex -13 -1.14336 8.48109
      vertex -13 -0.578807 8.34555
    endloop
  endfacet
  facet normal 0 0.23345 0.972369
    outer loop
      vertex -13 -1.14336 8.48109
      vertex -16 -0.578807 8.34555
      vertex -16 -1.14336 8.48109
    endloop
  endfacet
  facet normal -0 0.522497 0.852641
    outer loop
      vertex -16 -1.67976 8.70328
      vertex -13 -2.1748 9.00664
      vertex -13 -1.67976 8.70328
    endloop
  endfacet
  facet normal 0 0.522497 0.852641
    outer loop
      vertex -13 -2.1748 9.00664
      vertex -16 -1.67976 8.70328
      vertex -16 -2.1748 9.00664
    endloop
  endfacet
  facet normal 0 -0.64944 0.760413
    outer loop
      vertex -16 2.61629 9.3837
      vertex -13 2.1748 9.00664
      vertex -13 2.61629 9.3837
    endloop
  endfacet
  facet normal 0 -0.64944 0.760413
    outer loop
      vertex -13 2.1748 9.00664
      vertex -16 2.61629 9.3837
      vertex -16 2.1748 9.00664
    endloop
  endfacet
  facet normal 0 -0.996918 0.0784547
    outer loop
      vertex -16 3.65445 11.4212
      vertex -13 3.7 12
      vertex -16 3.7 12
    endloop
  endfacet
  facet normal 0 -0.996918 0.0784547
    outer loop
      vertex -13 3.7 12
      vertex -16 3.65445 11.4212
      vertex -13 3.65445 11.4212
    endloop
  endfacet
  facet normal 0 -0.972373 0.233432
    outer loop
      vertex -16 3.51891 10.8566
      vertex -13 3.65445 11.4212
      vertex -16 3.65445 11.4212
    endloop
  endfacet
  facet normal 0 -0.972373 0.233432
    outer loop
      vertex -13 3.65445 11.4212
      vertex -16 3.51891 10.8566
      vertex -13 3.51891 10.8566
    endloop
  endfacet
  facet normal 0 -0.0784538 0.996918
    outer loop
      vertex -16 0.578807 8.34555
      vertex -13 0 8.3
      vertex -13 0.578807 8.34555
    endloop
  endfacet
  facet normal 0 -0.0784538 0.996918
    outer loop
      vertex -13 0 8.3
      vertex -16 0.578807 8.34555
      vertex -16 0 8.3
    endloop
  endfacet
  facet normal 0 0.760404 0.64945
    outer loop
      vertex -13 -2.61629 9.3837
      vertex -16 -2.99336 9.82519
      vertex -13 -2.99336 9.82519
    endloop
  endfacet
  facet normal 0 0.760404 0.64945
    outer loop
      vertex -16 -2.99336 9.82519
      vertex -13 -2.61629 9.3837
      vertex -16 -2.61629 9.3837
    endloop
  endfacet
  facet normal 0 0.0785394 -0.996911
    outer loop
      vertex -16 -0.578807 15.6544
      vertex -13 0 15.7
      vertex -13 -0.578807 15.6544
    endloop
  endfacet
  facet normal 0 0.0785394 -0.996911
    outer loop
      vertex -13 0 15.7
      vertex -16 -0.578807 15.6544
      vertex -16 0 15.7
    endloop
  endfacet
  facet normal 0 0.923876 0.382692
    outer loop
      vertex -13 -3.29672 10.3202
      vertex -16 -3.51891 10.8566
      vertex -13 -3.51891 10.8566
    endloop
  endfacet
  facet normal 0 0.923876 0.382692
    outer loop
      vertex -16 -3.51891 10.8566
      vertex -13 -3.29672 10.3202
      vertex -16 -3.29672 10.3202
    endloop
  endfacet
  facet normal 0 0.522422 -0.852687
    outer loop
      vertex -16 -2.1748 14.9934
      vertex -13 -1.67976 15.2967
      vertex -13 -2.1748 14.9934
    endloop
  endfacet
  facet normal 0 0.522422 -0.852687
    outer loop
      vertex -13 -1.67976 15.2967
      vertex -16 -2.1748 14.9934
      vertex -16 -1.67976 15.2967
    endloop
  endfacet
  facet normal 0 0.233385 -0.972384
    outer loop
      vertex -16 -1.14336 15.5189
      vertex -13 -0.578807 15.6544
      vertex -13 -1.14336 15.5189
    endloop
  endfacet
  facet normal 0 0.233385 -0.972384
    outer loop
      vertex -13 -0.578807 15.6544
      vertex -16 -1.14336 15.5189
      vertex -16 -0.578807 15.6544
    endloop
  endfacet
  facet normal 0 -0.760404 0.64945
    outer loop
      vertex -16 2.61629 9.3837
      vertex -13 2.99336 9.82519
      vertex -16 2.99336 9.82519
    endloop
  endfacet
  facet normal 0 -0.760404 0.64945
    outer loop
      vertex -13 2.99336 9.82519
      vertex -16 2.61629 9.3837
      vertex -13 2.61629 9.3837
    endloop
  endfacet
  facet normal 0 0.972373 0.233432
    outer loop
      vertex -13 -3.51891 10.8566
      vertex -16 -3.65445 11.4212
      vertex -13 -3.65445 11.4212
    endloop
  endfacet
  facet normal 0 0.972373 0.233432
    outer loop
      vertex -16 -3.65445 11.4212
      vertex -13 -3.51891 10.8566
      vertex -16 -3.51891 10.8566
    endloop
  endfacet
  facet normal 0 0.64948 -0.760379
    outer loop
      vertex -16 -2.61629 14.6163
      vertex -13 -2.1748 14.9934
      vertex -13 -2.61629 14.6163
    endloop
  endfacet
  facet normal 0 0.64948 -0.760379
    outer loop
      vertex -13 -2.1748 14.9934
      vertex -16 -2.61629 14.6163
      vertex -16 -2.1748 14.9934
    endloop
  endfacet
  facet normal 0 -0.23345 0.972369
    outer loop
      vertex -16 1.14336 8.48109
      vertex -13 0.578807 8.34555
      vertex -13 1.14336 8.48109
    endloop
  endfacet
  facet normal 0 -0.23345 0.972369
    outer loop
      vertex -13 0.578807 8.34555
      vertex -16 1.14336 8.48109
      vertex -16 0.578807 8.34555
    endloop
  endfacet
  facet normal -0 0.382692 0.923876
    outer loop
      vertex -16 -1.14336 8.48109
      vertex -13 -1.67976 8.70328
      vertex -13 -1.14336 8.48109
    endloop
  endfacet
  facet normal 0 0.382692 0.923876
    outer loop
      vertex -13 -1.67976 8.70328
      vertex -16 -1.14336 8.48109
      vertex -16 -1.67976 8.70328
    endloop
  endfacet
  facet normal 0 -0.972373 -0.233432
    outer loop
      vertex -16 3.65445 12.5788
      vertex -13 3.51891 13.1434
      vertex -16 3.51891 13.1434
    endloop
  endfacet
  facet normal 0 -0.972373 -0.233432
    outer loop
      vertex -13 3.51891 13.1434
      vertex -16 3.65445 12.5788
      vertex -13 3.65445 12.5788
    endloop
  endfacet
  facet normal -0 0.64944 0.760413
    outer loop
      vertex -16 -2.1748 9.00664
      vertex -13 -2.61629 9.3837
      vertex -13 -2.1748 9.00664
    endloop
  endfacet
  facet normal 0 0.64944 0.760413
    outer loop
      vertex -13 -2.61629 9.3837
      vertex -16 -2.1748 9.00664
      vertex -16 -2.61629 9.3837
    endloop
  endfacet
  facet normal 0 -0.923876 -0.382692
    outer loop
      vertex -16 3.51891 13.1434
      vertex -13 3.29672 13.6798
      vertex -16 3.29672 13.6798
    endloop
  endfacet
  facet normal 0 -0.923876 -0.382692
    outer loop
      vertex -13 3.29672 13.6798
      vertex -16 3.51891 13.1434
      vertex -13 3.51891 13.1434
    endloop
  endfacet
  facet normal 0 -0.852622 -0.522528
    outer loop
      vertex -16 3.29672 13.6798
      vertex -13 2.99336 14.1748
      vertex -16 2.99336 14.1748
    endloop
  endfacet
  facet normal 0 -0.852622 -0.522528
    outer loop
      vertex -13 2.99336 14.1748
      vertex -16 3.29672 13.6798
      vertex -13 3.29672 13.6798
    endloop
  endfacet
  facet normal 0 -0.522422 -0.852687
    outer loop
      vertex -16 1.67976 15.2967
      vertex -13 2.1748 14.9934
      vertex -13 1.67976 15.2967
    endloop
  endfacet
  facet normal -0 -0.522422 -0.852687
    outer loop
      vertex -13 2.1748 14.9934
      vertex -16 1.67976 15.2967
      vertex -16 2.1748 14.9934
    endloop
  endfacet
  facet normal 0 -0.64948 -0.760379
    outer loop
      vertex -16 2.1748 14.9934
      vertex -13 2.61629 14.6163
      vertex -13 2.1748 14.9934
    endloop
  endfacet
  facet normal -0 -0.64948 -0.760379
    outer loop
      vertex -13 2.61629 14.6163
      vertex -16 2.1748 14.9934
      vertex -16 2.61629 14.6163
    endloop
  endfacet
  facet normal 0 -0.233385 -0.972384
    outer loop
      vertex -16 0.578807 15.6544
      vertex -13 1.14336 15.5189
      vertex -13 0.578807 15.6544
    endloop
  endfacet
  facet normal -0 -0.233385 -0.972384
    outer loop
      vertex -13 1.14336 15.5189
      vertex -16 0.578807 15.6544
      vertex -16 1.14336 15.5189
    endloop
  endfacet
  facet normal 0 -0.382707 -0.92387
    outer loop
      vertex -16 1.14336 15.5189
      vertex -13 1.67976 15.2967
      vertex -13 1.14336 15.5189
    endloop
  endfacet
  facet normal -0 -0.382707 -0.92387
    outer loop
      vertex -13 1.67976 15.2967
      vertex -16 1.14336 15.5189
      vertex -16 1.67976 15.2967
    endloop
  endfacet
  facet normal 0 0.923876 -0.382692
    outer loop
      vertex -13 -3.51891 13.1434
      vertex -16 -3.29672 13.6798
      vertex -13 -3.29672 13.6798
    endloop
  endfacet
  facet normal 0 0.923876 -0.382692
    outer loop
      vertex -16 -3.29672 13.6798
      vertex -13 -3.51891 13.1434
      vertex -16 -3.51891 13.1434
    endloop
  endfacet
  facet normal 0 -0.987143 0.159839
    outer loop
      vertex 4 -11 3.5
      vertex 7 -9.38304 13.4861
      vertex 4 -9.38304 13.4861
    endloop
  endfacet
  facet normal 0 -0.987143 0.159839
    outer loop
      vertex 7 -9.38304 13.4861
      vertex 4 -11 3.5
      vertex 7 -11 3.5
    endloop
  endfacet
  facet normal 1 0 0
    outer loop
      vertex 7 9.38304 13.4861
      vertex 7 3.65445 12.5788
      vertex 7 3.7 12
    endloop
  endfacet
  facet normal 1 0 0
    outer loop
      vertex 7 5.58396 19.6857
      vertex 7 3.51891 13.1434
      vertex 7 3.65445 12.5788
    endloop
  endfacet
  facet normal 1 0 0
    outer loop
      vertex 7 5.58396 19.6857
      vertex 7 3.29672 13.6798
      vertex 7 3.51891 13.1434
    endloop
  endfacet
  facet normal 1 0 0
    outer loop
      vertex 7 5.58396 19.6857
      vertex 7 2.99336 14.1748
      vertex 7 3.29672 13.6798
    endloop
  endfacet
  facet normal 1 0 0
    outer loop
      vertex 7 1.67976 15.2967
      vertex 7 4.31291 20.4646
      vertex 7 2.93566 21.035
    endloop
  endfacet
  facet normal 1 0 0
    outer loop
      vertex 7 5.58396 19.6857
      vertex 7 2.61629 14.6163
      vertex 7 2.99336 14.1748
    endloop
  endfacet
  facet normal 1 0 0
    outer loop
      vertex 7 5.58396 19.6857
      vertex 7 2.1748 14.9934
      vertex 7 2.61629 14.6163
    endloop
  endfacet
  facet normal 1 0 0
    outer loop
      vertex 7 4.31291 20.4646
      vertex 7 1.67976 15.2967
      vertex 7 2.1748 14.9934
    endloop
  endfacet
  facet normal 1 0 0
    outer loop
      vertex 7 1.14336 15.5189
      vertex 7 2.93566 21.035
      vertex 7 1.48613 21.383
    endloop
  endfacet
  facet normal 1 0 0
    outer loop
      vertex 7 2.93566 21.035
      vertex 7 1.14336 15.5189
      vertex 7 1.67976 15.2967
    endloop
  endfacet
  facet normal 1 0 0
    outer loop
      vertex 7 1.48613 21.383
      vertex 7 0.578807 15.6544
      vertex 7 1.14336 15.5189
    endloop
  endfacet
  facet normal 1 0 0
    outer loop
      vertex 7 0 21.5
      vertex 7 0.578807 15.6544
      vertex 7 1.48613 21.383
    endloop
  endfacet
  facet normal 1 0 0
    outer loop
      vertex 7 0 21.5
      vertex 7 0 15.7
      vertex 7 0.578807 15.6544
    endloop
  endfacet
  facet normal 1 0 0
    outer loop
      vertex 7 0 21.5
      vertex 7 -0.578807 15.6544
      vertex 7 0 15.7
    endloop
  endfacet
  facet normal 1 -0 0
    outer loop
      vertex 7 -1.48613 21.383
      vertex 7 -0.578807 15.6544
      vertex 7 0 21.5
    endloop
  endfacet
  facet normal 1 0 0
    outer loop
      vertex 7 -0.578807 15.6544
      vertex 7 -1.48613 21.383
      vertex 7 -1.14336 15.5189
    endloop
  endfacet
  facet normal 1 -0 0
    outer loop
      vertex 7 -2.93566 21.035
      vertex 7 -1.14336 15.5189
      vertex 7 -1.48613 21.383
    endloop
  endfacet
  facet normal 1 0 0
    outer loop
      vertex 7 -1.14336 15.5189
      vertex 7 -2.93566 21.035
      vertex 7 -1.67976 15.2967
    endloop
  endfacet
  facet normal 1 -0 0
    outer loop
      vertex 7 -4.31291 20.4646
      vertex 7 -1.67976 15.2967
      vertex 7 -2.93566 21.035
    endloop
  endfacet
  facet normal 1 0 0
    outer loop
      vertex 7 -1.67976 15.2967
      vertex 7 -4.31291 20.4646
      vertex 7 -2.1748 14.9934
    endloop
  endfacet
  facet normal 1 -0 0
    outer loop
      vertex 7 -5.58396 19.6857
      vertex 7 -2.1748 14.9934
      vertex 7 -4.31291 20.4646
    endloop
  endfacet
  facet normal 1 0 0
    outer loop
      vertex 7 -2.1748 14.9934
      vertex 7 -5.58396 19.6857
      vertex 7 -2.61629 14.6163
    endloop
  endfacet
  facet normal 1 -0 0
    outer loop
      vertex 7 -6.71751 18.7175
      vertex 7 -2.61629 14.6163
      vertex 7 -5.58396 19.6857
    endloop
  endfacet
  facet normal 1 0 0
    outer loop
      vertex 7 -2.61629 14.6163
      vertex 7 -6.71751 18.7175
      vertex 7 -2.99336 14.1748
    endloop
  endfacet
  facet normal 1 0 0
    outer loop
      vertex 7 -2.99336 14.1748
      vertex 7 -7.68566 17.584
      vertex 7 -3.29672 13.6798
    endloop
  endfacet
  facet normal 1 -0 0
    outer loop
      vertex 7 -7.68566 17.584
      vertex 7 -2.99336 14.1748
      vertex 7 -6.71751 18.7175
    endloop
  endfacet
  facet normal 1 -0 0
    outer loop
      vertex 7 3.29672 10.3202
      vertex 7 11 3.5
      vertex 7 9.38304 13.4861
    endloop
  endfacet
  facet normal 1 0 0
    outer loop
      vertex 7 3.65445 12.5788
      vertex 7 9.38304 13.4861
      vertex 7 9.03504 14.9357
    endloop
  endfacet
  facet normal 1 0 0
    outer loop
      vertex 7 3.65445 12.5788
      vertex 7 9.03504 14.9357
      vertex 7 8.46456 16.3129
    endloop
  endfacet
  facet normal 1 0 0
    outer loop
      vertex 7 3.65445 12.5788
      vertex 7 8.46456 16.3129
      vertex 7 7.68566 17.584
    endloop
  endfacet
  facet normal 1 0 0
    outer loop
      vertex 7 3.65445 12.5788
      vertex 7 7.68566 17.584
      vertex 7 6.71751 18.7175
    endloop
  endfacet
  facet normal 1 0 0
    outer loop
      vertex 7 3.65445 12.5788
      vertex 7 6.71751 18.7175
      vertex 7 5.58396 19.6857
    endloop
  endfacet
  facet normal 1 0 0
    outer loop
      vertex 7 2.1748 14.9934
      vertex 7 5.58396 19.6857
      vertex 7 4.31291 20.4646
    endloop
  endfacet
  facet normal 1 0 0
    outer loop
      vertex 7 9.38304 13.4861
      vertex 7 3.7 12
      vertex 7 3.65445 11.4212
    endloop
  endfacet
  facet normal 1 0 0
    outer loop
      vertex 7 9.38304 13.4861
      vertex 7 3.65445 11.4212
      vertex 7 3.51891 10.8566
    endloop
  endfacet
  facet normal 1 0 0
    outer loop
      vertex 7 3.29672 10.3202
      vertex 7 9.38304 13.4861
      vertex 7 3.51891 10.8566
    endloop
  endfacet
  facet normal 1 -0 0
    outer loop
      vertex 7 2.99336 9.82519
      vertex 7 11 3.5
      vertex 7 3.29672 10.3202
    endloop
  endfacet
  facet normal 1 -0 0
    outer loop
      vertex 7 2.61629 9.3837
      vertex 7 11 3.5
      vertex 7 2.99336 9.82519
    endloop
  endfacet
  facet normal 1 -0 0
    outer loop
      vertex 7 2.1748 9.00664
      vertex 7 11 3.5
      vertex 7 2.61629 9.3837
    endloop
  endfacet
  facet normal 1 -0 0
    outer loop
      vertex 7 1.67976 8.70328
      vertex 7 11 3.5
      vertex 7 2.1748 9.00664
    endloop
  endfacet
  facet normal 1 0 0
    outer loop
      vertex 7 11 3.5
      vertex 7 1.67976 8.70328
      vertex 7 11 3
    endloop
  endfacet
  facet normal 1 -0 0
    outer loop
      vertex 7 1.14336 8.48109
      vertex 7 11 3
      vertex 7 1.67976 8.70328
    endloop
  endfacet
  facet normal 1 -0 0
    outer loop
      vertex 7 0.578807 8.34555
      vertex 7 11 3
      vertex 7 1.14336 8.48109
    endloop
  endfacet
  facet normal 1 0 0
    outer loop
      vertex 7 -8 3
      vertex 7 0.578807 8.34555
      vertex 7 0 8.3
    endloop
  endfacet
  facet normal 1 0 0
    outer loop
      vertex 7 -8 3
      vertex 7 0 8.3
      vertex 7 -0.578807 8.34555
    endloop
  endfacet
  facet normal 1 0 0
    outer loop
      vertex 7 -8 3
      vertex 7 -0.578807 8.34555
      vertex 7 -1.14336 8.48109
    endloop
  endfacet
  facet normal 1 0 0
    outer loop
      vertex 7 -8 3
      vertex 7 -1.14336 8.48109
      vertex 7 -1.67976 8.70328
    endloop
  endfacet
  facet normal 1 -0 0
    outer loop
      vertex 7 -8.46456 16.3129
      vertex 7 -3.29672 13.6798
      vertex 7 -7.68566 17.584
    endloop
  endfacet
  facet normal 1 0 0
    outer loop
      vertex 7 -3.29672 13.6798
      vertex 7 -8.46456 16.3129
      vertex 7 -3.51891 13.1434
    endloop
  endfacet
  facet normal 1 -0 0
    outer loop
      vertex 7 -9.03504 14.9357
      vertex 7 -3.51891 13.1434
      vertex 7 -8.46456 16.3129
    endloop
  endfacet
  facet normal 1 0 0
    outer loop
      vertex 7 -3.51891 13.1434
      vertex 7 -9.03504 14.9357
      vertex 7 -3.65445 12.5788
    endloop
  endfacet
  facet normal 1 -0 0
    outer loop
      vertex 7 -9.38304 13.4861
      vertex 7 -3.65445 12.5788
      vertex 7 -9.03504 14.9357
    endloop
  endfacet
  facet normal 1 0 0
    outer loop
      vertex 7 -3.65445 12.5788
      vertex 7 -9.38304 13.4861
      vertex 7 -3.7 12
    endloop
  endfacet
  facet normal 1 0 0
    outer loop
      vertex 7 0.578807 8.34555
      vertex 7 -8 3
      vertex 7 11 3
    endloop
  endfacet
  facet normal 1 0 0
    outer loop
      vertex 7 -2.1748 9.00664
      vertex 7 -8 3
      vertex 7 -1.67976 8.70328
    endloop
  endfacet
  facet normal 1 0 0
    outer loop
      vertex 7 -2.61629 9.3837
      vertex 7 -8 3
      vertex 7 -2.1748 9.00664
    endloop
  endfacet
  facet normal 1 0 0
    outer loop
      vertex 7 -2.99336 9.82519
      vertex 7 -8 3
      vertex 7 -2.61629 9.3837
    endloop
  endfacet
  facet normal 1 0 0
    outer loop
      vertex 7 -3.29672 10.3202
      vertex 7 -8 3
      vertex 7 -2.99336 9.82519
    endloop
  endfacet
  facet normal 1 0 0
    outer loop
      vertex 7 -3.7 12
      vertex 7 -9.38304 13.4861
      vertex 7 -3.65445 11.4212
    endloop
  endfacet
  facet normal 1 0 0
    outer loop
      vertex 7 -3.65445 11.4212
      vertex 7 -9.38304 13.4861
      vertex 7 -3.51891 10.8566
    endloop
  endfacet
  facet normal 1 0 0
    outer loop
      vertex 7 -3.29672 10.3202
      vertex 7 -9.38304 13.4861
      vertex 7 -8 3
    endloop
  endfacet
  facet normal 1 0 0
    outer loop
      vertex 7 -3.51891 10.8566
      vertex 7 -9.38304 13.4861
      vertex 7 -3.29672 10.3202
    endloop
  endfacet
  facet normal 1 -0 0
    outer loop
      vertex 7 -11 3.5
      vertex 7 -8 3
      vertex 7 -9.38304 13.4861
    endloop
  endfacet
  facet normal 1 0 0
    outer loop
      vertex 7 -11 2.5
      vertex 7 -8 3
      vertex 7 -11 3.5
    endloop
  endfacet
  facet normal 1 0 0
    outer loop
      vertex 7 -8 3
      vertex 7 -11 2.5
      vertex 7 -8 2.5
    endloop
  endfacet
  facet normal 0 1 -0
    outer loop
      vertex 7 11 3
      vertex 4 11 3.5
      vertex 7 11 3.5
    endloop
  endfacet
  facet normal 0 1 0
    outer loop
      vertex 4 11 3.5
      vertex 7 11 3
      vertex 4 11 3
    endloop
  endfacet
  facet normal 0 0 -1
    outer loop
      vertex 4 -11 2.5
      vertex 7 -8 2.5
      vertex 7 -11 2.5
    endloop
  endfacet
  facet normal -0 0 -1
    outer loop
      vertex 7 -8 2.5
      vertex 4 -11 2.5
      vertex 4 -8 2.5
    endloop
  endfacet
  facet normal 0 0.923874 0.382698
    outer loop
      vertex 7 9.03504 14.9357
      vertex 4 8.46456 16.3129
      vertex 7 8.46456 16.3129
    endloop
  endfacet
  facet normal 0 0.923874 0.382698
    outer loop
      vertex 4 8.46456 16.3129
      vertex 7 9.03504 14.9357
      vertex 4 9.03504 14.9357
    endloop
  endfacet
  facet normal 0 -0.76039 0.649467
    outer loop
      vertex 4 -7.68566 17.584
      vertex 7 -6.71751 18.7175
      vertex 4 -6.71751 18.7175
    endloop
  endfacet
  facet normal 0 -0.76039 0.649467
    outer loop
      vertex 7 -6.71751 18.7175
      vertex 4 -7.68566 17.584
      vertex 7 -7.68566 17.584
    endloop
  endfacet
  facet normal 0 -0.972373 0.233434
    outer loop
      vertex 4 -9.38304 13.4861
      vertex 7 -9.03504 14.9357
      vertex 4 -9.03504 14.9357
    endloop
  endfacet
  facet normal 0 -0.972373 0.233434
    outer loop
      vertex 7 -9.03504 14.9357
      vertex 4 -9.38304 13.4861
      vertex 7 -9.38304 13.4861
    endloop
  endfacet
  facet normal -0 0.38264 0.923897
    outer loop
      vertex 4 4.31291 20.4646
      vertex 7 2.93566 21.035
      vertex 7 4.31291 20.4646
    endloop
  endfacet
  facet normal 0 0.38264 0.923897
    outer loop
      vertex 7 2.93566 21.035
      vertex 4 4.31291 20.4646
      vertex 4 2.93566 21.035
    endloop
  endfacet
  facet normal 0 -0.923874 0.382698
    outer loop
      vertex 4 -9.03504 14.9357
      vertex 7 -8.46456 16.3129
      vertex 4 -8.46456 16.3129
    endloop
  endfacet
  facet normal 0 -0.923874 0.382698
    outer loop
      vertex 7 -8.46456 16.3129
      vertex 4 -9.03504 14.9357
      vertex 7 -9.03504 14.9357
    endloop
  endfacet
  facet normal -0 0.0784851 0.996915
    outer loop
      vertex 4 1.48613 21.383
      vertex 7 0 21.5
      vertex 7 1.48613 21.383
    endloop
  endfacet
  facet normal 0 0.0784851 0.996915
    outer loop
      vertex 7 0 21.5
      vertex 4 1.48613 21.383
      vertex 4 0 21.5
    endloop
  endfacet
  facet normal 0 0.987143 0.159839
    outer loop
      vertex 7 11 3.5
      vertex 4 9.38304 13.4861
      vertex 7 9.38304 13.4861
    endloop
  endfacet
  facet normal 0 0.987143 0.159839
    outer loop
      vertex 4 9.38304 13.4861
      vertex 7 11 3.5
      vertex 4 11 3.5
    endloop
  endfacet
  facet normal 0 -0.0784851 0.996915
    outer loop
      vertex 4 0 21.5
      vertex 7 -1.48613 21.383
      vertex 7 0 21.5
    endloop
  endfacet
  facet normal 0 -0.0784851 0.996915
    outer loop
      vertex 7 -1.48613 21.383
      vertex 4 0 21.5
      vertex 4 -1.48613 21.383
    endloop
  endfacet
  facet normal -0 0.64947 0.760387
    outer loop
      vertex 4 6.71751 18.7175
      vertex 7 5.58396 19.6857
      vertex 7 6.71751 18.7175
    endloop
  endfacet
  facet normal 0 0.64947 0.760387
    outer loop
      vertex 7 5.58396 19.6857
      vertex 4 6.71751 18.7175
      vertex 4 5.58396 19.6857
    endloop
  endfacet
  facet normal 0 -1 0
    outer loop
      vertex 4 -11 2.5
      vertex 7 -11 3.5
      vertex 4 -11 3.5
    endloop
  endfacet
  facet normal 0 -1 -0
    outer loop
      vertex 7 -11 3.5
      vertex 4 -11 2.5
      vertex 7 -11 2.5
    endloop
  endfacet
  facet normal -0 0.522498 0.85264
    outer loop
      vertex 4 5.58396 19.6857
      vertex 7 4.31291 20.4646
      vertex 7 5.58396 19.6857
    endloop
  endfacet
  facet normal 0 0.522498 0.85264
    outer loop
      vertex 7 4.31291 20.4646
      vertex 4 5.58396 19.6857
      vertex 4 4.31291 20.4646
    endloop
  endfacet
  facet normal 0 -0.852649 0.522483
    outer loop
      vertex 4 -8.46456 16.3129
      vertex 7 -7.68566 17.584
      vertex 4 -7.68566 17.584
    endloop
  endfacet
  facet normal 0 -0.852649 0.522483
    outer loop
      vertex 7 -7.68566 17.584
      vertex 4 -8.46456 16.3129
      vertex 7 -8.46456 16.3129
    endloop
  endfacet
  facet normal -0 0.233444 0.97237
    outer loop
      vertex 4 2.93566 21.035
      vertex 7 1.48613 21.383
      vertex 7 2.93566 21.035
    endloop
  endfacet
  facet normal 0 0.233444 0.97237
    outer loop
      vertex 7 1.48613 21.383
      vertex 4 2.93566 21.035
      vertex 4 1.48613 21.383
    endloop
  endfacet
  facet normal 0 0.76039 0.649467
    outer loop
      vertex 7 7.68566 17.584
      vertex 4 6.71751 18.7175
      vertex 7 6.71751 18.7175
    endloop
  endfacet
  facet normal 0 0.76039 0.649467
    outer loop
      vertex 4 6.71751 18.7175
      vertex 7 7.68566 17.584
      vertex 4 7.68566 17.584
    endloop
  endfacet
  facet normal 0 0.972373 0.233434
    outer loop
      vertex 7 9.38304 13.4861
      vertex 4 9.03504 14.9357
      vertex 7 9.03504 14.9357
    endloop
  endfacet
  facet normal 0 0.972373 0.233434
    outer loop
      vertex 4 9.03504 14.9357
      vertex 7 9.38304 13.4861
      vertex 4 9.38304 13.4861
    endloop
  endfacet
  facet normal 0 0.852649 0.522483
    outer loop
      vertex 7 8.46456 16.3129
      vertex 4 7.68566 17.584
      vertex 7 7.68566 17.584
    endloop
  endfacet
  facet normal 0 0.852649 0.522483
    outer loop
      vertex 4 7.68566 17.584
      vertex 7 8.46456 16.3129
      vertex 4 8.46456 16.3129
    endloop
  endfacet
  facet normal 0 -0.233444 0.97237
    outer loop
      vertex 4 -1.48613 21.383
      vertex 7 -2.93566 21.035
      vertex 7 -1.48613 21.383
    endloop
  endfacet
  facet normal 0 -0.233444 0.97237
    outer loop
      vertex 7 -2.93566 21.035
      vertex 4 -1.48613 21.383
      vertex 4 -2.93566 21.035
    endloop
  endfacet
  facet normal 0 -0.64947 0.760387
    outer loop
      vertex 4 -5.58396 19.6857
      vertex 7 -6.71751 18.7175
      vertex 7 -5.58396 19.6857
    endloop
  endfacet
  facet normal 0 -0.64947 0.760387
    outer loop
      vertex 7 -6.71751 18.7175
      vertex 4 -5.58396 19.6857
      vertex 4 -6.71751 18.7175
    endloop
  endfacet
  facet normal -1 0 0
    outer loop
      vertex 4 -11 2.5
      vertex 4 -8 3
      vertex 4 -8 2.5
    endloop
  endfacet
  facet normal -1 0 0
    outer loop
      vertex 4 -8 3
      vertex 4 -9.38304 13.4861
      vertex 4 -8.46456 16.3129
    endloop
  endfacet
  facet normal -1 0 0
    outer loop
      vertex 4 -8.46456 16.3129
      vertex 4 -9.38304 13.4861
      vertex 4 -9.03504 14.9357
    endloop
  endfacet
  facet normal -1 -0 0
    outer loop
      vertex 4 -8 3
      vertex 4 -11 2.5
      vertex 4 -11 3.5
    endloop
  endfacet
  facet normal -1 0 0
    outer loop
      vertex 4 -8 3
      vertex 4 -11 3.5
      vertex 4 -9.38304 13.4861
    endloop
  endfacet
  facet normal -1 0 0
    outer loop
      vertex 4 1.67976 8.70328
      vertex 4 11 3.5
      vertex 4 11 3
    endloop
  endfacet
  facet normal -1 0 0
    outer loop
      vertex 4 11 3.5
      vertex 4 3.29672 10.3202
      vertex 4 9.38304 13.4861
    endloop
  endfacet
  facet normal -1 0 -0
    outer loop
      vertex 4 3.65445 11.4212
      vertex 4 9.38304 13.4861
      vertex 4 3.51891 10.8566
    endloop
  endfacet
  facet normal -1 0 0
    outer loop
      vertex 4 3.65445 12.5788
      vertex 4 9.38304 13.4861
      vertex 4 3.7 12
    endloop
  endfacet
  facet normal -1 -0 0
    outer loop
      vertex 4 9.38304 13.4861
      vertex 4 3.65445 12.5788
      vertex 4 9.03504 14.9357
    endloop
  endfacet
  facet normal -1 -0 0
    outer loop
      vertex 4 9.03504 14.9357
      vertex 4 3.51891 13.1434
      vertex 4 8.46456 16.3129
    endloop
  endfacet
  facet normal -1 -0 0
    outer loop
      vertex 4 8.46456 16.3129
      vertex 4 3.29672 13.6798
      vertex 4 7.68566 17.584
    endloop
  endfacet
  facet normal -1 0 0
    outer loop
      vertex 4 3.29672 13.6798
      vertex 4 8.46456 16.3129
      vertex 4 3.51891 13.1434
    endloop
  endfacet
  facet normal -1 0 0
    outer loop
      vertex 4 3.51891 13.1434
      vertex 4 9.03504 14.9357
      vertex 4 3.65445 12.5788
    endloop
  endfacet
  facet normal -1 0 -0
    outer loop
      vertex 4 3.7 12
      vertex 4 9.38304 13.4861
      vertex 4 3.65445 11.4212
    endloop
  endfacet
  facet normal -1 0 0
    outer loop
      vertex 4 9.38304 13.4861
      vertex 4 3.29672 10.3202
      vertex 4 3.51891 10.8566
    endloop
  endfacet
  facet normal -1 0 0
    outer loop
      vertex 4 11 3.5
      vertex 4 2.99336 9.82519
      vertex 4 3.29672 10.3202
    endloop
  endfacet
  facet normal -1 0 0
    outer loop
      vertex 4 11 3.5
      vertex 4 2.61629 9.3837
      vertex 4 2.99336 9.82519
    endloop
  endfacet
  facet normal -1 0 0
    outer loop
      vertex 4 11 3.5
      vertex 4 2.1748 9.00664
      vertex 4 2.61629 9.3837
    endloop
  endfacet
  facet normal -1 0 0
    outer loop
      vertex 4 11 3.5
      vertex 4 1.67976 8.70328
      vertex 4 2.1748 9.00664
    endloop
  endfacet
  facet normal -1 0 0
    outer loop
      vertex 4 11 3
      vertex 4 1.14336 8.48109
      vertex 4 1.67976 8.70328
    endloop
  endfacet
  facet normal -1 0 0
    outer loop
      vertex 4 11 3
      vertex 4 0.578807 8.34555
      vertex 4 1.14336 8.48109
    endloop
  endfacet
  facet normal -1 0 0
    outer loop
      vertex 4 -8 3
      vertex 4 0.578807 8.34555
      vertex 4 11 3
    endloop
  endfacet
  facet normal -1 0 0
    outer loop
      vertex 4 0.578807 8.34555
      vertex 4 -8 3
      vertex 4 0 8.3
    endloop
  endfacet
  facet normal -1 -0 0
    outer loop
      vertex 4 0 8.3
      vertex 4 -8 3
      vertex 4 -0.578807 8.34555
    endloop
  endfacet
  facet normal -1 -0 0
    outer loop
      vertex 4 -0.578807 8.34555
      vertex 4 -8 3
      vertex 4 -1.14336 8.48109
    endloop
  endfacet
  facet normal -1 0 0
    outer loop
      vertex 4 -2.1748 14.9934
      vertex 4 -5.58396 19.6857
      vertex 4 -4.31291 20.4646
    endloop
  endfacet
  facet normal -1 0 0
    outer loop
      vertex 4 -8.46456 16.3129
      vertex 4 -3.7 12
      vertex 4 -3.65445 11.4212
    endloop
  endfacet
  facet normal -1 0 0
    outer loop
      vertex 4 -3.65445 12.5788
      vertex 4 -6.71751 18.7175
      vertex 4 -5.58396 19.6857
    endloop
  endfacet
  facet normal -1 0 0
    outer loop
      vertex 4 -8 3
      vertex 4 -3.65445 11.4212
      vertex 4 -3.51891 10.8566
    endloop
  endfacet
  facet normal -1 0 0
    outer loop
      vertex 4 -3.65445 12.5788
      vertex 4 -7.68566 17.584
      vertex 4 -6.71751 18.7175
    endloop
  endfacet
  facet normal -1 0 0
    outer loop
      vertex 4 -8 3
      vertex 4 -3.51891 10.8566
      vertex 4 -3.29672 10.3202
    endloop
  endfacet
  facet normal -1 -0 0
    outer loop
      vertex 4 -1.14336 8.48109
      vertex 4 -8 3
      vertex 4 -1.67976 8.70328
    endloop
  endfacet
  facet normal -1 0 0
    outer loop
      vertex 4 -8 3
      vertex 4 -2.1748 9.00664
      vertex 4 -1.67976 8.70328
    endloop
  endfacet
  facet normal -1 0 0
    outer loop
      vertex 4 -8 3
      vertex 4 -2.61629 9.3837
      vertex 4 -2.1748 9.00664
    endloop
  endfacet
  facet normal -1 0 0
    outer loop
      vertex 4 -8 3
      vertex 4 -2.99336 9.82519
      vertex 4 -2.61629 9.3837
    endloop
  endfacet
  facet normal -1 0 0
    outer loop
      vertex 4 -8 3
      vertex 4 -3.29672 10.3202
      vertex 4 -2.99336 9.82519
    endloop
  endfacet
  facet normal -1 -0 0
    outer loop
      vertex 4 -3.65445 11.4212
      vertex 4 -8 3
      vertex 4 -8.46456 16.3129
    endloop
  endfacet
  facet normal -1 0 0
    outer loop
      vertex 4 -3.65445 12.5788
      vertex 4 -8.46456 16.3129
      vertex 4 -7.68566 17.584
    endloop
  endfacet
  facet normal -1 0 0
    outer loop
      vertex 4 2.99336 14.1748
      vertex 4 7.68566 17.584
      vertex 4 3.29672 13.6798
    endloop
  endfacet
  facet normal -1 -0 0
    outer loop
      vertex 4 7.68566 17.584
      vertex 4 2.99336 14.1748
      vertex 4 6.71751 18.7175
    endloop
  endfacet
  facet normal -1 0 0
    outer loop
      vertex 4 2.61629 14.6163
      vertex 4 6.71751 18.7175
      vertex 4 2.99336 14.1748
    endloop
  endfacet
  facet normal -1 -0 0
    outer loop
      vertex 4 6.71751 18.7175
      vertex 4 2.61629 14.6163
      vertex 4 5.58396 19.6857
    endloop
  endfacet
  facet normal -1 0 0
    outer loop
      vertex 4 2.1748 14.9934
      vertex 4 5.58396 19.6857
      vertex 4 2.61629 14.6163
    endloop
  endfacet
  facet normal -1 -0 0
    outer loop
      vertex 4 5.58396 19.6857
      vertex 4 2.1748 14.9934
      vertex 4 4.31291 20.4646
    endloop
  endfacet
  facet normal -1 0 0
    outer loop
      vertex 4 1.67976 15.2967
      vertex 4 4.31291 20.4646
      vertex 4 2.1748 14.9934
    endloop
  endfacet
  facet normal -1 -0 0
    outer loop
      vertex 4 4.31291 20.4646
      vertex 4 1.67976 15.2967
      vertex 4 2.93566 21.035
    endloop
  endfacet
  facet normal -1 0 0
    outer loop
      vertex 4 1.14336 15.5189
      vertex 4 2.93566 21.035
      vertex 4 1.67976 15.2967
    endloop
  endfacet
  facet normal -1 -0 0
    outer loop
      vertex 4 2.93566 21.035
      vertex 4 1.14336 15.5189
      vertex 4 1.48613 21.383
    endloop
  endfacet
  facet normal -1 0 0
    outer loop
      vertex 4 0.578807 15.6544
      vertex 4 1.48613 21.383
      vertex 4 1.14336 15.5189
    endloop
  endfacet
  facet normal -1 0 0
    outer loop
      vertex 4 0 15.7
      vertex 4 1.48613 21.383
      vertex 4 0.578807 15.6544
    endloop
  endfacet
  facet normal -1 0 0
    outer loop
      vertex 4 0 15.7
      vertex 4 0 21.5
      vertex 4 1.48613 21.383
    endloop
  endfacet
  facet normal -1 0 0
    outer loop
      vertex 4 -0.578807 15.6544
      vertex 4 0 21.5
      vertex 4 0 15.7
    endloop
  endfacet
  facet normal -1 0 0
    outer loop
      vertex 4 -1.48613 21.383
      vertex 4 -0.578807 15.6544
      vertex 4 -1.14336 15.5189
    endloop
  endfacet
  facet normal -1 0 0
    outer loop
      vertex 4 -0.578807 15.6544
      vertex 4 -1.48613 21.383
      vertex 4 0 21.5
    endloop
  endfacet
  facet normal -1 0 0
    outer loop
      vertex 4 -2.93566 21.035
      vertex 4 -1.14336 15.5189
      vertex 4 -1.67976 15.2967
    endloop
  endfacet
  facet normal -1 0 0
    outer loop
      vertex 4 -4.31291 20.4646
      vertex 4 -1.67976 15.2967
      vertex 4 -2.1748 14.9934
    endloop
  endfacet
  facet normal -1 0 0
    outer loop
      vertex 4 -5.58396 19.6857
      vertex 4 -2.1748 14.9934
      vertex 4 -2.61629 14.6163
    endloop
  endfacet
  facet normal -1 0 0
    outer loop
      vertex 4 -1.14336 15.5189
      vertex 4 -2.93566 21.035
      vertex 4 -1.48613 21.383
    endloop
  endfacet
  facet normal -1 0 0
    outer loop
      vertex 4 -5.58396 19.6857
      vertex 4 -2.61629 14.6163
      vertex 4 -2.99336 14.1748
    endloop
  endfacet
  facet normal -1 0 0
    outer loop
      vertex 4 -5.58396 19.6857
      vertex 4 -2.99336 14.1748
      vertex 4 -3.29672 13.6798
    endloop
  endfacet
  facet normal -1 0 0
    outer loop
      vertex 4 -5.58396 19.6857
      vertex 4 -3.29672 13.6798
      vertex 4 -3.51891 13.1434
    endloop
  endfacet
  facet normal -1 0 0
    outer loop
      vertex 4 -5.58396 19.6857
      vertex 4 -3.51891 13.1434
      vertex 4 -3.65445 12.5788
    endloop
  endfacet
  facet normal -1 0 0
    outer loop
      vertex 4 -1.67976 15.2967
      vertex 4 -4.31291 20.4646
      vertex 4 -2.93566 21.035
    endloop
  endfacet
  facet normal -1 0 0
    outer loop
      vertex 4 -8.46456 16.3129
      vertex 4 -3.65445 12.5788
      vertex 4 -3.7 12
    endloop
  endfacet
  facet normal 0 -0.38264 0.923897
    outer loop
      vertex 4 -2.93566 21.035
      vertex 7 -4.31291 20.4646
      vertex 7 -2.93566 21.035
    endloop
  endfacet
  facet normal 0 -0.38264 0.923897
    outer loop
      vertex 7 -4.31291 20.4646
      vertex 4 -2.93566 21.035
      vertex 4 -4.31291 20.4646
    endloop
  endfacet
  facet normal 0 -0.522498 0.85264
    outer loop
      vertex 4 -4.31291 20.4646
      vertex 7 -5.58396 19.6857
      vertex 7 -4.31291 20.4646
    endloop
  endfacet
  facet normal 0 -0.522498 0.85264
    outer loop
      vertex 7 -5.58396 19.6857
      vertex 4 -4.31291 20.4646
      vertex 4 -5.58396 19.6857
    endloop
  endfacet
  facet normal 0 0.972373 -0.233432
    outer loop
      vertex 7 -3.65445 12.5788
      vertex 4 -3.51891 13.1434
      vertex 7 -3.51891 13.1434
    endloop
  endfacet
  facet normal 0 0.972373 -0.233432
    outer loop
      vertex 4 -3.51891 13.1434
      vertex 7 -3.65445 12.5788
      vertex 4 -3.65445 12.5788
    endloop
  endfacet
  facet normal 0 0.996918 -0.0784547
    outer loop
      vertex 7 -3.7 12
      vertex 4 -3.65445 12.5788
      vertex 7 -3.65445 12.5788
    endloop
  endfacet
  facet normal 0 0.996918 -0.0784547
    outer loop
      vertex 4 -3.65445 12.5788
      vertex 7 -3.7 12
      vertex 4 -3.7 12
    endloop
  endfacet
  facet normal 0 -0.852627 0.52252
    outer loop
      vertex 4 2.99336 9.82519
      vertex 7 3.29672 10.3202
      vertex 4 3.29672 10.3202
    endloop
  endfacet
  facet normal 0 -0.852627 0.52252
    outer loop
      vertex 7 3.29672 10.3202
      vertex 4 2.99336 9.82519
      vertex 7 2.99336 9.82519
    endloop
  endfacet
  facet normal 0 0.996918 0.0784547
    outer loop
      vertex 7 -3.65445 11.4212
      vertex 4 -3.7 12
      vertex 7 -3.7 12
    endloop
  endfacet
  facet normal 0 0.996918 0.0784547
    outer loop
      vertex 4 -3.7 12
      vertex 7 -3.65445 11.4212
      vertex 4 -3.65445 11.4212
    endloop
  endfacet
  facet normal 0 0.852627 0.52252
    outer loop
      vertex 7 -2.99336 9.82519
      vertex 4 -3.29672 10.3202
      vertex 7 -3.29672 10.3202
    endloop
  endfacet
  facet normal 0 0.852627 0.52252
    outer loop
      vertex 4 -3.29672 10.3202
      vertex 7 -2.99336 9.82519
      vertex 4 -2.99336 9.82519
    endloop
  endfacet
  facet normal 0 -0.0785394 -0.996911
    outer loop
      vertex 4 0 15.7
      vertex 7 0.578807 15.6544
      vertex 7 0 15.7
    endloop
  endfacet
  facet normal -0 -0.0785394 -0.996911
    outer loop
      vertex 7 0.578807 15.6544
      vertex 4 0 15.7
      vertex 4 0.578807 15.6544
    endloop
  endfacet
  facet normal 0 -0.923876 0.382692
    outer loop
      vertex 4 3.29672 10.3202
      vertex 7 3.51891 10.8566
      vertex 4 3.51891 10.8566
    endloop
  endfacet
  facet normal 0 -0.923876 0.382692
    outer loop
      vertex 7 3.51891 10.8566
      vertex 4 3.29672 10.3202
      vertex 7 3.29672 10.3202
    endloop
  endfacet
  facet normal 0 -0.760412 -0.649441
    outer loop
      vertex 4 2.99336 14.1748
      vertex 7 2.61629 14.6163
      vertex 4 2.61629 14.6163
    endloop
  endfacet
  facet normal 0 -0.760412 -0.649441
    outer loop
      vertex 7 2.61629 14.6163
      vertex 4 2.99336 14.1748
      vertex 7 2.99336 14.1748
    endloop
  endfacet
  facet normal 0 -0.522497 0.852641
    outer loop
      vertex 4 2.1748 9.00664
      vertex 7 1.67976 8.70328
      vertex 7 2.1748 9.00664
    endloop
  endfacet
  facet normal 0 -0.522497 0.852641
    outer loop
      vertex 7 1.67976 8.70328
      vertex 4 2.1748 9.00664
      vertex 4 1.67976 8.70328
    endloop
  endfacet
  facet normal 0 0.382707 -0.92387
    outer loop
      vertex 4 -1.67976 15.2967
      vertex 7 -1.14336 15.5189
      vertex 7 -1.67976 15.2967
    endloop
  endfacet
  facet normal 0 0.382707 -0.92387
    outer loop
      vertex 7 -1.14336 15.5189
      vertex 4 -1.67976 15.2967
      vertex 4 -1.14336 15.5189
    endloop
  endfacet
  facet normal -0 0.0784538 0.996918
    outer loop
      vertex 4 0 8.3
      vertex 7 -0.578807 8.34555
      vertex 7 0 8.3
    endloop
  endfacet
  facet normal 0 0.0784538 0.996918
    outer loop
      vertex 7 -0.578807 8.34555
      vertex 4 0 8.3
      vertex 4 -0.578807 8.34555
    endloop
  endfacet
  facet normal 0 -0.996918 -0.0784547
    outer loop
      vertex 4 3.7 12
      vertex 7 3.65445 12.5788
      vertex 4 3.65445 12.5788
    endloop
  endfacet
  facet normal 0 -0.996918 -0.0784547
    outer loop
      vertex 7 3.65445 12.5788
      vertex 4 3.7 12
      vertex 7 3.7 12
    endloop
  endfacet
  facet normal 0 0.852622 -0.522528
    outer loop
      vertex 7 -3.29672 13.6798
      vertex 4 -2.99336 14.1748
      vertex 7 -2.99336 14.1748
    endloop
  endfacet
  facet normal 0 0.852622 -0.522528
    outer loop
      vertex 4 -2.99336 14.1748
      vertex 7 -3.29672 13.6798
      vertex 4 -3.29672 13.6798
    endloop
  endfacet
  facet normal 0 -0.382692 0.923876
    outer loop
      vertex 4 1.67976 8.70328
      vertex 7 1.14336 8.48109
      vertex 7 1.67976 8.70328
    endloop
  endfacet
  facet normal 0 -0.382692 0.923876
    outer loop
      vertex 7 1.14336 8.48109
      vertex 4 1.67976 8.70328
      vertex 4 1.14336 8.48109
    endloop
  endfacet
  facet normal 0 0.760412 -0.649441
    outer loop
      vertex 7 -2.99336 14.1748
      vertex 4 -2.61629 14.6163
      vertex 7 -2.61629 14.6163
    endloop
  endfacet
  facet normal 0 0.760412 -0.649441
    outer loop
      vertex 4 -2.61629 14.6163
      vertex 7 -2.99336 14.1748
      vertex 4 -2.99336 14.1748
    endloop
  endfacet
  facet normal -0 0.23345 0.972369
    outer loop
      vertex 4 -0.578807 8.34555
      vertex 7 -1.14336 8.48109
      vertex 7 -0.578807 8.34555
    endloop
  endfacet
  facet normal 0 0.23345 0.972369
    outer loop
      vertex 7 -1.14336 8.48109
      vertex 4 -0.578807 8.34555
      vertex 4 -1.14336 8.48109
    endloop
  endfacet
  facet normal -0 0.522497 0.852641
    outer loop
      vertex 4 -1.67976 8.70328
      vertex 7 -2.1748 9.00664
      vertex 7 -1.67976 8.70328
    endloop
  endfacet
  facet normal 0 0.522497 0.852641
    outer loop
      vertex 7 -2.1748 9.00664
      vertex 4 -1.67976 8.70328
      vertex 4 -2.1748 9.00664
    endloop
  endfacet
  facet normal 0 -0.64944 0.760413
    outer loop
      vertex 4 2.61629 9.3837
      vertex 7 2.1748 9.00664
      vertex 7 2.61629 9.3837
    endloop
  endfacet
  facet normal 0 -0.64944 0.760413
    outer loop
      vertex 7 2.1748 9.00664
      vertex 4 2.61629 9.3837
      vertex 4 2.1748 9.00664
    endloop
  endfacet
  facet normal 0 -0.996918 0.0784547
    outer loop
      vertex 4 3.65445 11.4212
      vertex 7 3.7 12
      vertex 4 3.7 12
    endloop
  endfacet
  facet normal 0 -0.996918 0.0784547
    outer loop
      vertex 7 3.7 12
      vertex 4 3.65445 11.4212
      vertex 7 3.65445 11.4212
    endloop
  endfacet
  facet normal 0 -0.972373 0.233432
    outer loop
      vertex 4 3.51891 10.8566
      vertex 7 3.65445 11.4212
      vertex 4 3.65445 11.4212
    endloop
  endfacet
  facet normal 0 -0.972373 0.233432
    outer loop
      vertex 7 3.65445 11.4212
      vertex 4 3.51891 10.8566
      vertex 7 3.51891 10.8566
    endloop
  endfacet
  facet normal 0 -0.0784538 0.996918
    outer loop
      vertex 4 0.578807 8.34555
      vertex 7 0 8.3
      vertex 7 0.578807 8.34555
    endloop
  endfacet
  facet normal 0 -0.0784538 0.996918
    outer loop
      vertex 7 0 8.3
      vertex 4 0.578807 8.34555
      vertex 4 0 8.3
    endloop
  endfacet
  facet normal 0 -0.760404 0.64945
    outer loop
      vertex 4 2.61629 9.3837
      vertex 7 2.99336 9.82519
      vertex 4 2.99336 9.82519
    endloop
  endfacet
  facet normal 0 -0.760404 0.64945
    outer loop
      vertex 7 2.99336 9.82519
      vertex 4 2.61629 9.3837
      vertex 7 2.61629 9.3837
    endloop
  endfacet
  facet normal 0 0.760404 0.64945
    outer loop
      vertex 7 -2.61629 9.3837
      vertex 4 -2.99336 9.82519
      vertex 7 -2.99336 9.82519
    endloop
  endfacet
  facet normal 0 0.760404 0.64945
    outer loop
      vertex 4 -2.99336 9.82519
      vertex 7 -2.61629 9.3837
      vertex 4 -2.61629 9.3837
    endloop
  endfacet
  facet normal 0 0.0785394 -0.996911
    outer loop
      vertex 4 -0.578807 15.6544
      vertex 7 0 15.7
      vertex 7 -0.578807 15.6544
    endloop
  endfacet
  facet normal 0 0.0785394 -0.996911
    outer loop
      vertex 7 0 15.7
      vertex 4 -0.578807 15.6544
      vertex 4 0 15.7
    endloop
  endfacet
  facet normal 0 0.923876 0.382692
    outer loop
      vertex 7 -3.29672 10.3202
      vertex 4 -3.51891 10.8566
      vertex 7 -3.51891 10.8566
    endloop
  endfacet
  facet normal 0 0.923876 0.382692
    outer loop
      vertex 4 -3.51891 10.8566
      vertex 7 -3.29672 10.3202
      vertex 4 -3.29672 10.3202
    endloop
  endfacet
  facet normal 0 0.522422 -0.852687
    outer loop
      vertex 4 -2.1748 14.9934
      vertex 7 -1.67976 15.2967
      vertex 7 -2.1748 14.9934
    endloop
  endfacet
  facet normal 0 0.522422 -0.852687
    outer loop
      vertex 7 -1.67976 15.2967
      vertex 4 -2.1748 14.9934
      vertex 4 -1.67976 15.2967
    endloop
  endfacet
  facet normal 0 0.233385 -0.972384
    outer loop
      vertex 4 -1.14336 15.5189
      vertex 7 -0.578807 15.6544
      vertex 7 -1.14336 15.5189
    endloop
  endfacet
  facet normal 0 0.233385 -0.972384
    outer loop
      vertex 7 -0.578807 15.6544
      vertex 4 -1.14336 15.5189
      vertex 4 -0.578807 15.6544
    endloop
  endfacet
  facet normal 0 0.972373 0.233432
    outer loop
      vertex 7 -3.51891 10.8566
      vertex 4 -3.65445 11.4212
      vertex 7 -3.65445 11.4212
    endloop
  endfacet
  facet normal 0 0.972373 0.233432
    outer loop
      vertex 4 -3.65445 11.4212
      vertex 7 -3.51891 10.8566
      vertex 4 -3.51891 10.8566
    endloop
  endfacet
  facet normal 0 0.64948 -0.760379
    outer loop
      vertex 4 -2.61629 14.6163
      vertex 7 -2.1748 14.9934
      vertex 7 -2.61629 14.6163
    endloop
  endfacet
  facet normal 0 0.64948 -0.760379
    outer loop
      vertex 7 -2.1748 14.9934
      vertex 4 -2.61629 14.6163
      vertex 4 -2.1748 14.9934
    endloop
  endfacet
  facet normal 0 -0.23345 0.972369
    outer loop
      vertex 4 1.14336 8.48109
      vertex 7 0.578807 8.34555
      vertex 7 1.14336 8.48109
    endloop
  endfacet
  facet normal 0 -0.23345 0.972369
    outer loop
      vertex 7 0.578807 8.34555
      vertex 4 1.14336 8.48109
      vertex 4 0.578807 8.34555
    endloop
  endfacet
  facet normal -0 0.382692 0.923876
    outer loop
      vertex 4 -1.14336 8.48109
      vertex 7 -1.67976 8.70328
      vertex 7 -1.14336 8.48109
    endloop
  endfacet
  facet normal 0 0.382692 0.923876
    outer loop
      vertex 7 -1.67976 8.70328
      vertex 4 -1.14336 8.48109
      vertex 4 -1.67976 8.70328
    endloop
  endfacet
  facet normal 0 -0.972373 -0.233432
    outer loop
      vertex 4 3.65445 12.5788
      vertex 7 3.51891 13.1434
      vertex 4 3.51891 13.1434
    endloop
  endfacet
  facet normal 0 -0.972373 -0.233432
    outer loop
      vertex 7 3.51891 13.1434
      vertex 4 3.65445 12.5788
      vertex 7 3.65445 12.5788
    endloop
  endfacet
  facet normal -0 0.64944 0.760413
    outer loop
      vertex 4 -2.1748 9.00664
      vertex 7 -2.61629 9.3837
      vertex 7 -2.1748 9.00664
    endloop
  endfacet
  facet normal 0 0.64944 0.760413
    outer loop
      vertex 7 -2.61629 9.3837
      vertex 4 -2.1748 9.00664
      vertex 4 -2.61629 9.3837
    endloop
  endfacet
  facet normal 0 -0.923876 -0.382692
    outer loop
      vertex 4 3.51891 13.1434
      vertex 7 3.29672 13.6798
      vertex 4 3.29672 13.6798
    endloop
  endfacet
  facet normal 0 -0.923876 -0.382692
    outer loop
      vertex 7 3.29672 13.6798
      vertex 4 3.51891 13.1434
      vertex 7 3.51891 13.1434
    endloop
  endfacet
  facet normal 0 -0.852622 -0.522528
    outer loop
      vertex 4 3.29672 13.6798
      vertex 7 2.99336 14.1748
      vertex 4 2.99336 14.1748
    endloop
  endfacet
  facet normal 0 -0.852622 -0.522528
    outer loop
      vertex 7 2.99336 14.1748
      vertex 4 3.29672 13.6798
      vertex 7 3.29672 13.6798
    endloop
  endfacet
  facet normal 0 -0.522422 -0.852687
    outer loop
      vertex 4 1.67976 15.2967
      vertex 7 2.1748 14.9934
      vertex 7 1.67976 15.2967
    endloop
  endfacet
  facet normal -0 -0.522422 -0.852687
    outer loop
      vertex 7 2.1748 14.9934
      vertex 4 1.67976 15.2967
      vertex 4 2.1748 14.9934
    endloop
  endfacet
  facet normal 0 -0.64948 -0.760379
    outer loop
      vertex 4 2.1748 14.9934
      vertex 7 2.61629 14.6163
      vertex 7 2.1748 14.9934
    endloop
  endfacet
  facet normal -0 -0.64948 -0.760379
    outer loop
      vertex 7 2.61629 14.6163
      vertex 4 2.1748 14.9934
      vertex 4 2.61629 14.6163
    endloop
  endfacet
  facet normal 0 -0.233385 -0.972384
    outer loop
      vertex 4 0.578807 15.6544
      vertex 7 1.14336 15.5189
      vertex 7 0.578807 15.6544
    endloop
  endfacet
  facet normal -0 -0.233385 -0.972384
    outer loop
      vertex 7 1.14336 15.5189
      vertex 4 0.578807 15.6544
      vertex 4 1.14336 15.5189
    endloop
  endfacet
  facet normal 0 -0.382707 -0.92387
    outer loop
      vertex 4 1.14336 15.5189
      vertex 7 1.67976 15.2967
      vertex 7 1.14336 15.5189
    endloop
  endfacet
  facet normal -0 -0.382707 -0.92387
    outer loop
      vertex 7 1.67976 15.2967
      vertex 4 1.14336 15.5189
      vertex 4 1.67976 15.2967
    endloop
  endfacet
  facet normal 0 0.923876 -0.382692
    outer loop
      vertex 7 -3.51891 13.1434
      vertex 4 -3.29672 13.6798
      vertex 7 -3.29672 13.6798
    endloop
  endfacet
  facet normal 0 0.923876 -0.382692
    outer loop
      vertex 4 -3.29672 13.6798
      vertex 7 -3.51891 13.1434
      vertex 4 -3.51891 13.1434
    endloop
  endfacet
  facet normal 0 -0.987143 0.159839
    outer loop
      vertex 24 -11 3.5
      vertex 27 -9.38304 13.4861
      vertex 24 -9.38304 13.4861
    endloop
  endfacet
  facet normal 0 -0.987143 0.159839
    outer loop
      vertex 27 -9.38304 13.4861
      vertex 24 -11 3.5
      vertex 27 -11 3.5
    endloop
  endfacet
  facet normal 1 0 0
    outer loop
      vertex 27 9.38304 13.4861
      vertex 27 3.65445 12.5788
      vertex 27 3.7 12
    endloop
  endfacet
  facet normal 1 0 0
    outer loop
      vertex 27 5.58396 19.6857
      vertex 27 3.51891 13.1434
      vertex 27 3.65445 12.5788
    endloop
  endfacet
  facet normal 1 0 0
    outer loop
      vertex 27 5.58396 19.6857
      vertex 27 3.29672 13.6798
      vertex 27 3.51891 13.1434
    endloop
  endfacet
  facet normal 1 0 0
    outer loop
      vertex 27 5.58396 19.6857
      vertex 27 2.99336 14.1748
      vertex 27 3.29672 13.6798
    endloop
  endfacet
  facet normal 1 0 0
    outer loop
      vertex 27 1.67976 15.2967
      vertex 27 4.31291 20.4646
      vertex 27 2.93566 21.035
    endloop
  endfacet
  facet normal 1 0 0
    outer loop
      vertex 27 5.58396 19.6857
      vertex 27 2.61629 14.6163
      vertex 27 2.99336 14.1748
    endloop
  endfacet
  facet normal 1 0 0
    outer loop
      vertex 27 5.58396 19.6857
      vertex 27 2.1748 14.9934
      vertex 27 2.61629 14.6163
    endloop
  endfacet
  facet normal 1 0 0
    outer loop
      vertex 27 4.31291 20.4646
      vertex 27 1.67976 15.2967
      vertex 27 2.1748 14.9934
    endloop
  endfacet
  facet normal 1 0 0
    outer loop
      vertex 27 1.14336 15.5189
      vertex 27 2.93566 21.035
      vertex 27 1.48613 21.383
    endloop
  endfacet
  facet normal 1 0 0
    outer loop
      vertex 27 2.93566 21.035
      vertex 27 1.14336 15.5189
      vertex 27 1.67976 15.2967
    endloop
  endfacet
  facet normal 1 0 0
    outer loop
      vertex 27 1.48613 21.383
      vertex 27 0.578807 15.6544
      vertex 27 1.14336 15.5189
    endloop
  endfacet
  facet normal 1 0 0
    outer loop
      vertex 27 0 21.5
      vertex 27 0.578807 15.6544
      vertex 27 1.48613 21.383
    endloop
  endfacet
  facet normal 1 0 0
    outer loop
      vertex 27 0 21.5
      vertex 27 0 15.7
      vertex 27 0.578807 15.6544
    endloop
  endfacet
  facet normal 1 0 0
    outer loop
      vertex 27 0 21.5
      vertex 27 -0.578807 15.6544
      vertex 27 0 15.7
    endloop
  endfacet
  facet normal 1 -0 0
    outer loop
      vertex 27 -1.48613 21.383
      vertex 27 -0.578807 15.6544
      vertex 27 0 21.5
    endloop
  endfacet
  facet normal 1 0 0
    outer loop
      vertex 27 -0.578807 15.6544
      vertex 27 -1.48613 21.383
      vertex 27 -1.14336 15.5189
    endloop
  endfacet
  facet normal 1 -0 0
    outer loop
      vertex 27 -2.93566 21.035
      vertex 27 -1.14336 15.5189
      vertex 27 -1.48613 21.383
    endloop
  endfacet
  facet normal 1 0 0
    outer loop
      vertex 27 -1.14336 15.5189
      vertex 27 -2.93566 21.035
      vertex 27 -1.67976 15.2967
    endloop
  endfacet
  facet normal 1 -0 0
    outer loop
      vertex 27 -4.31291 20.4646
      vertex 27 -1.67976 15.2967
      vertex 27 -2.93566 21.035
    endloop
  endfacet
  facet normal 1 0 0
    outer loop
      vertex 27 -1.67976 15.2967
      vertex 27 -4.31291 20.4646
      vertex 27 -2.1748 14.9934
    endloop
  endfacet
  facet normal 1 -0 0
    outer loop
      vertex 27 -5.58396 19.6857
      vertex 27 -2.1748 14.9934
      vertex 27 -4.31291 20.4646
    endloop
  endfacet
  facet normal 1 0 0
    outer loop
      vertex 27 -2.1748 14.9934
      vertex 27 -5.58396 19.6857
      vertex 27 -2.61629 14.6163
    endloop
  endfacet
  facet normal 1 -0 0
    outer loop
      vertex 27 -6.71751 18.7175
      vertex 27 -2.61629 14.6163
      vertex 27 -5.58396 19.6857
    endloop
  endfacet
  facet normal 1 0 0
    outer loop
      vertex 27 -2.61629 14.6163
      vertex 27 -6.71751 18.7175
      vertex 27 -2.99336 14.1748
    endloop
  endfacet
  facet normal 1 0 0
    outer loop
      vertex 27 -2.99336 14.1748
      vertex 27 -7.68566 17.584
      vertex 27 -3.29672 13.6798
    endloop
  endfacet
  facet normal 1 -0 0
    outer loop
      vertex 27 -7.68566 17.584
      vertex 27 -2.99336 14.1748
      vertex 27 -6.71751 18.7175
    endloop
  endfacet
  facet normal 1 -0 0
    outer loop
      vertex 27 3.29672 10.3202
      vertex 27 11 3.5
      vertex 27 9.38304 13.4861
    endloop
  endfacet
  facet normal 1 0 0
    outer loop
      vertex 27 3.65445 12.5788
      vertex 27 9.38304 13.4861
      vertex 27 9.03504 14.9357
    endloop
  endfacet
  facet normal 1 0 0
    outer loop
      vertex 27 3.65445 12.5788
      vertex 27 9.03504 14.9357
      vertex 27 8.46456 16.3129
    endloop
  endfacet
  facet normal 1 0 0
    outer loop
      vertex 27 3.65445 12.5788
      vertex 27 8.46456 16.3129
      vertex 27 7.68566 17.584
    endloop
  endfacet
  facet normal 1 0 0
    outer loop
      vertex 27 3.65445 12.5788
      vertex 27 7.68566 17.584
      vertex 27 6.71751 18.7175
    endloop
  endfacet
  facet normal 1 0 0
    outer loop
      vertex 27 3.65445 12.5788
      vertex 27 6.71751 18.7175
      vertex 27 5.58396 19.6857
    endloop
  endfacet
  facet normal 1 0 0
    outer loop
      vertex 27 2.1748 14.9934
      vertex 27 5.58396 19.6857
      vertex 27 4.31291 20.4646
    endloop
  endfacet
  facet normal 1 0 0
    outer loop
      vertex 27 9.38304 13.4861
      vertex 27 3.7 12
      vertex 27 3.65445 11.4212
    endloop
  endfacet
  facet normal 1 0 0
    outer loop
      vertex 27 9.38304 13.4861
      vertex 27 3.65445 11.4212
      vertex 27 3.51891 10.8566
    endloop
  endfacet
  facet normal 1 0 0
    outer loop
      vertex 27 3.29672 10.3202
      vertex 27 9.38304 13.4861
      vertex 27 3.51891 10.8566
    endloop
  endfacet
  facet normal 1 -0 0
    outer loop
      vertex 27 2.99336 9.82519
      vertex 27 11 3.5
      vertex 27 3.29672 10.3202
    endloop
  endfacet
  facet normal 1 -0 0
    outer loop
      vertex 27 2.61629 9.3837
      vertex 27 11 3.5
      vertex 27 2.99336 9.82519
    endloop
  endfacet
  facet normal 1 -0 0
    outer loop
      vertex 27 2.1748 9.00664
      vertex 27 11 3.5
      vertex 27 2.61629 9.3837
    endloop
  endfacet
  facet normal 1 -0 0
    outer loop
      vertex 27 1.67976 8.70328
      vertex 27 11 3.5
      vertex 27 2.1748 9.00664
    endloop
  endfacet
  facet normal 1 0 0
    outer loop
      vertex 27 11 3.5
      vertex 27 1.67976 8.70328
      vertex 27 11 3
    endloop
  endfacet
  facet normal 1 -0 0
    outer loop
      vertex 27 1.14336 8.48109
      vertex 27 11 3
      vertex 27 1.67976 8.70328
    endloop
  endfacet
  facet normal 1 -0 0
    outer loop
      vertex 27 0.578807 8.34555
      vertex 27 11 3
      vertex 27 1.14336 8.48109
    endloop
  endfacet
  facet normal 1 0 0
    outer loop
      vertex 27 -8 3
      vertex 27 0.578807 8.34555
      vertex 27 0 8.3
    endloop
  endfacet
  facet normal 1 0 0
    outer loop
      vertex 27 -8 3
      vertex 27 0 8.3
      vertex 27 -0.578807 8.34555
    endloop
  endfacet
  facet normal 1 0 0
    outer loop
      vertex 27 -8 3
      vertex 27 -0.578807 8.34555
      vertex 27 -1.14336 8.48109
    endloop
  endfacet
  facet normal 1 0 0
    outer loop
      vertex 27 -8 3
      vertex 27 -1.14336 8.48109
      vertex 27 -1.67976 8.70328
    endloop
  endfacet
  facet normal 1 -0 0
    outer loop
      vertex 27 -8.46456 16.3129
      vertex 27 -3.29672 13.6798
      vertex 27 -7.68566 17.584
    endloop
  endfacet
  facet normal 1 0 0
    outer loop
      vertex 27 -3.29672 13.6798
      vertex 27 -8.46456 16.3129
      vertex 27 -3.51891 13.1434
    endloop
  endfacet
  facet normal 1 -0 0
    outer loop
      vertex 27 -9.03504 14.9357
      vertex 27 -3.51891 13.1434
      vertex 27 -8.46456 16.3129
    endloop
  endfacet
  facet normal 1 0 0
    outer loop
      vertex 27 -3.51891 13.1434
      vertex 27 -9.03504 14.9357
      vertex 27 -3.65445 12.5788
    endloop
  endfacet
  facet normal 1 -0 0
    outer loop
      vertex 27 -9.38304 13.4861
      vertex 27 -3.65445 12.5788
      vertex 27 -9.03504 14.9357
    endloop
  endfacet
  facet normal 1 0 0
    outer loop
      vertex 27 -3.65445 12.5788
      vertex 27 -9.38304 13.4861
      vertex 27 -3.7 12
    endloop
  endfacet
  facet normal 1 0 0
    outer loop
      vertex 27 0.578807 8.34555
      vertex 27 -8 3
      vertex 27 11 3
    endloop
  endfacet
  facet normal 1 0 0
    outer loop
      vertex 27 -2.1748 9.00664
      vertex 27 -8 3
      vertex 27 -1.67976 8.70328
    endloop
  endfacet
  facet normal 1 0 0
    outer loop
      vertex 27 -2.61629 9.3837
      vertex 27 -8 3
      vertex 27 -2.1748 9.00664
    endloop
  endfacet
  facet normal 1 0 0
    outer loop
      vertex 27 -2.99336 9.82519
      vertex 27 -8 3
      vertex 27 -2.61629 9.3837
    endloop
  endfacet
  facet normal 1 0 0
    outer loop
      vertex 27 -3.29672 10.3202
      vertex 27 -8 3
      vertex 27 -2.99336 9.82519
    endloop
  endfacet
  facet normal 1 0 0
    outer loop
      vertex 27 -3.7 12
      vertex 27 -9.38304 13.4861
      vertex 27 -3.65445 11.4212
    endloop
  endfacet
  facet normal 1 0 0
    outer loop
      vertex 27 -3.65445 11.4212
      vertex 27 -9.38304 13.4861
      vertex 27 -3.51891 10.8566
    endloop
  endfacet
  facet normal 1 0 0
    outer loop
      vertex 27 -3.29672 10.3202
      vertex 27 -9.38304 13.4861
      vertex 27 -8 3
    endloop
  endfacet
  facet normal 1 0 0
    outer loop
      vertex 27 -3.51891 10.8566
      vertex 27 -9.38304 13.4861
      vertex 27 -3.29672 10.3202
    endloop
  endfacet
  facet normal 1 -0 0
    outer loop
      vertex 27 -11 3.5
      vertex 27 -8 3
      vertex 27 -9.38304 13.4861
    endloop
  endfacet
  facet normal 1 0 0
    outer loop
      vertex 27 -11 2.5
      vertex 27 -8 3
      vertex 27 -11 3.5
    endloop
  endfacet
  facet normal 1 0 0
    outer loop
      vertex 27 -8 3
      vertex 27 -11 2.5
      vertex 27 -8 2.5
    endloop
  endfacet
  facet normal 0 1 -0
    outer loop
      vertex 27 11 3
      vertex 24 11 3.5
      vertex 27 11 3.5
    endloop
  endfacet
  facet normal 0 1 0
    outer loop
      vertex 24 11 3.5
      vertex 27 11 3
      vertex 24 11 3
    endloop
  endfacet
  facet normal 0 0 -1
    outer loop
      vertex 24 -11 2.5
      vertex 27 -8 2.5
      vertex 27 -11 2.5
    endloop
  endfacet
  facet normal -0 0 -1
    outer loop
      vertex 27 -8 2.5
      vertex 24 -11 2.5
      vertex 24 -8 2.5
    endloop
  endfacet
  facet normal 0 0.923874 0.382698
    outer loop
      vertex 27 9.03504 14.9357
      vertex 24 8.46456 16.3129
      vertex 27 8.46456 16.3129
    endloop
  endfacet
  facet normal 0 0.923874 0.382698
    outer loop
      vertex 24 8.46456 16.3129
      vertex 27 9.03504 14.9357
      vertex 24 9.03504 14.9357
    endloop
  endfacet
  facet normal 0 -0.76039 0.649467
    outer loop
      vertex 24 -7.68566 17.584
      vertex 27 -6.71751 18.7175
      vertex 24 -6.71751 18.7175
    endloop
  endfacet
  facet normal 0 -0.76039 0.649467
    outer loop
      vertex 27 -6.71751 18.7175
      vertex 24 -7.68566 17.584
      vertex 27 -7.68566 17.584
    endloop
  endfacet
  facet normal 0 -0.972373 0.233434
    outer loop
      vertex 24 -9.38304 13.4861
      vertex 27 -9.03504 14.9357
      vertex 24 -9.03504 14.9357
    endloop
  endfacet
  facet normal 0 -0.972373 0.233434
    outer loop
      vertex 27 -9.03504 14.9357
      vertex 24 -9.38304 13.4861
      vertex 27 -9.38304 13.4861
    endloop
  endfacet
  facet normal -0 0.38264 0.923897
    outer loop
      vertex 24 4.31291 20.4646
      vertex 27 2.93566 21.035
      vertex 27 4.31291 20.4646
    endloop
  endfacet
  facet normal 0 0.38264 0.923897
    outer loop
      vertex 27 2.93566 21.035
      vertex 24 4.31291 20.4646
      vertex 24 2.93566 21.035
    endloop
  endfacet
  facet normal 0 -0.923874 0.382698
    outer loop
      vertex 24 -9.03504 14.9357
      vertex 27 -8.46456 16.3129
      vertex 24 -8.46456 16.3129
    endloop
  endfacet
  facet normal 0 -0.923874 0.382698
    outer loop
      vertex 27 -8.46456 16.3129
      vertex 24 -9.03504 14.9357
      vertex 27 -9.03504 14.9357
    endloop
  endfacet
  facet normal -0 0.0784851 0.996915
    outer loop
      vertex 24 1.48613 21.383
      vertex 27 0 21.5
      vertex 27 1.48613 21.383
    endloop
  endfacet
  facet normal 0 0.0784851 0.996915
    outer loop
      vertex 27 0 21.5
      vertex 24 1.48613 21.383
      vertex 24 0 21.5
    endloop
  endfacet
  facet normal 0 0.987143 0.159839
    outer loop
      vertex 27 11 3.5
      vertex 24 9.38304 13.4861
      vertex 27 9.38304 13.4861
    endloop
  endfacet
  facet normal 0 0.987143 0.159839
    outer loop
      vertex 24 9.38304 13.4861
      vertex 27 11 3.5
      vertex 24 11 3.5
    endloop
  endfacet
  facet normal 0 -0.0784851 0.996915
    outer loop
      vertex 24 0 21.5
      vertex 27 -1.48613 21.383
      vertex 27 0 21.5
    endloop
  endfacet
  facet normal 0 -0.0784851 0.996915
    outer loop
      vertex 27 -1.48613 21.383
      vertex 24 0 21.5
      vertex 24 -1.48613 21.383
    endloop
  endfacet
  facet normal -0 0.64947 0.760387
    outer loop
      vertex 24 6.71751 18.7175
      vertex 27 5.58396 19.6857
      vertex 27 6.71751 18.7175
    endloop
  endfacet
  facet normal 0 0.64947 0.760387
    outer loop
      vertex 27 5.58396 19.6857
      vertex 24 6.71751 18.7175
      vertex 24 5.58396 19.6857
    endloop
  endfacet
  facet normal 0 -1 0
    outer loop
      vertex 24 -11 2.5
      vertex 27 -11 3.5
      vertex 24 -11 3.5
    endloop
  endfacet
  facet normal 0 -1 -0
    outer loop
      vertex 27 -11 3.5
      vertex 24 -11 2.5
      vertex 27 -11 2.5
    endloop
  endfacet
  facet normal -0 0.522498 0.85264
    outer loop
      vertex 24 5.58396 19.6857
      vertex 27 4.31291 20.4646
      vertex 27 5.58396 19.6857
    endloop
  endfacet
  facet normal 0 0.522498 0.85264
    outer loop
      vertex 27 4.31291 20.4646
      vertex 24 5.58396 19.6857
      vertex 24 4.31291 20.4646
    endloop
  endfacet
  facet normal 0 -0.852649 0.522483
    outer loop
      vertex 24 -8.46456 16.3129
      vertex 27 -7.68566 17.584
      vertex 24 -7.68566 17.584
    endloop
  endfacet
  facet normal 0 -0.852649 0.522483
    outer loop
      vertex 27 -7.68566 17.584
      vertex 24 -8.46456 16.3129
      vertex 27 -8.46456 16.3129
    endloop
  endfacet
  facet normal -0 0.233444 0.97237
    outer loop
      vertex 24 2.93566 21.035
      vertex 27 1.48613 21.383
      vertex 27 2.93566 21.035
    endloop
  endfacet
  facet normal 0 0.233444 0.97237
    outer loop
      vertex 27 1.48613 21.383
      vertex 24 2.93566 21.035
      vertex 24 1.48613 21.383
    endloop
  endfacet
  facet normal 0 0.972373 0.233434
    outer loop
      vertex 27 9.38304 13.4861
      vertex 24 9.03504 14.9357
      vertex 27 9.03504 14.9357
    endloop
  endfacet
  facet normal 0 0.972373 0.233434
    outer loop
      vertex 24 9.03504 14.9357
      vertex 27 9.38304 13.4861
      vertex 24 9.38304 13.4861
    endloop
  endfacet
  facet normal 0 0.852649 0.522483
    outer loop
      vertex 27 8.46456 16.3129
      vertex 24 7.68566 17.584
      vertex 27 7.68566 17.584
    endloop
  endfacet
  facet normal 0 0.852649 0.522483
    outer loop
      vertex 24 7.68566 17.584
      vertex 27 8.46456 16.3129
      vertex 24 8.46456 16.3129
    endloop
  endfacet
  facet normal 0 0.76039 0.649467
    outer loop
      vertex 27 7.68566 17.584
      vertex 24 6.71751 18.7175
      vertex 27 6.71751 18.7175
    endloop
  endfacet
  facet normal 0 0.76039 0.649467
    outer loop
      vertex 24 6.71751 18.7175
      vertex 27 7.68566 17.584
      vertex 24 7.68566 17.584
    endloop
  endfacet
  facet normal 0 -0.233444 0.97237
    outer loop
      vertex 24 -1.48613 21.383
      vertex 27 -2.93566 21.035
      vertex 27 -1.48613 21.383
    endloop
  endfacet
  facet normal 0 -0.233444 0.97237
    outer loop
      vertex 27 -2.93566 21.035
      vertex 24 -1.48613 21.383
      vertex 24 -2.93566 21.035
    endloop
  endfacet
  facet normal 0 -0.64947 0.760387
    outer loop
      vertex 24 -5.58396 19.6857
      vertex 27 -6.71751 18.7175
      vertex 27 -5.58396 19.6857
    endloop
  endfacet
  facet normal 0 -0.64947 0.760387
    outer loop
      vertex 27 -6.71751 18.7175
      vertex 24 -5.58396 19.6857
      vertex 24 -6.71751 18.7175
    endloop
  endfacet
  facet normal -1 0 0
    outer loop
      vertex 24 -11 2.5
      vertex 24 -8 3
      vertex 24 -8 2.5
    endloop
  endfacet
  facet normal -1 0 0
    outer loop
      vertex 24 -8 3
      vertex 24 -9.38304 13.4861
      vertex 24 -8.46456 16.3129
    endloop
  endfacet
  facet normal -1 0 0
    outer loop
      vertex 24 -8.46456 16.3129
      vertex 24 -9.38304 13.4861
      vertex 24 -9.03504 14.9357
    endloop
  endfacet
  facet normal -1 -0 0
    outer loop
      vertex 24 -8 3
      vertex 24 -11 2.5
      vertex 24 -11 3.5
    endloop
  endfacet
  facet normal -1 0 0
    outer loop
      vertex 24 -8 3
      vertex 24 -11 3.5
      vertex 24 -9.38304 13.4861
    endloop
  endfacet
  facet normal -1 0 0
    outer loop
      vertex 24 1.67976 8.70328
      vertex 24 11 3.5
      vertex 24 11 3
    endloop
  endfacet
  facet normal -1 0 0
    outer loop
      vertex 24 11 3.5
      vertex 24 3.29672 10.3202
      vertex 24 9.38304 13.4861
    endloop
  endfacet
  facet normal -1 0 -0
    outer loop
      vertex 24 3.65445 11.4212
      vertex 24 9.38304 13.4861
      vertex 24 3.51891 10.8566
    endloop
  endfacet
  facet normal -1 0 0
    outer loop
      vertex 24 3.65445 12.5788
      vertex 24 9.38304 13.4861
      vertex 24 3.7 12
    endloop
  endfacet
  facet normal -1 -0 0
    outer loop
      vertex 24 9.38304 13.4861
      vertex 24 3.65445 12.5788
      vertex 24 9.03504 14.9357
    endloop
  endfacet
  facet normal -1 -0 0
    outer loop
      vertex 24 9.03504 14.9357
      vertex 24 3.51891 13.1434
      vertex 24 8.46456 16.3129
    endloop
  endfacet
  facet normal -1 -0 0
    outer loop
      vertex 24 8.46456 16.3129
      vertex 24 3.29672 13.6798
      vertex 24 7.68566 17.584
    endloop
  endfacet
  facet normal -1 0 0
    outer loop
      vertex 24 3.29672 13.6798
      vertex 24 8.46456 16.3129
      vertex 24 3.51891 13.1434
    endloop
  endfacet
  facet normal -1 0 0
    outer loop
      vertex 24 3.51891 13.1434
      vertex 24 9.03504 14.9357
      vertex 24 3.65445 12.5788
    endloop
  endfacet
  facet normal -1 0 -0
    outer loop
      vertex 24 3.7 12
      vertex 24 9.38304 13.4861
      vertex 24 3.65445 11.4212
    endloop
  endfacet
  facet normal -1 0 0
    outer loop
      vertex 24 9.38304 13.4861
      vertex 24 3.29672 10.3202
      vertex 24 3.51891 10.8566
    endloop
  endfacet
  facet normal -1 0 0
    outer loop
      vertex 24 11 3.5
      vertex 24 2.99336 9.82519
      vertex 24 3.29672 10.3202
    endloop
  endfacet
  facet normal -1 0 0
    outer loop
      vertex 24 11 3.5
      vertex 24 2.61629 9.3837
      vertex 24 2.99336 9.82519
    endloop
  endfacet
  facet normal -1 0 0
    outer loop
      vertex 24 11 3.5
      vertex 24 2.1748 9.00664
      vertex 24 2.61629 9.3837
    endloop
  endfacet
  facet normal -1 0 0
    outer loop
      vertex 24 11 3.5
      vertex 24 1.67976 8.70328
      vertex 24 2.1748 9.00664
    endloop
  endfacet
  facet normal -1 0 0
    outer loop
      vertex 24 11 3
      vertex 24 1.14336 8.48109
      vertex 24 1.67976 8.70328
    endloop
  endfacet
  facet normal -1 0 0
    outer loop
      vertex 24 11 3
      vertex 24 0.578807 8.34555
      vertex 24 1.14336 8.48109
    endloop
  endfacet
  facet normal -1 0 0
    outer loop
      vertex 24 -8 3
      vertex 24 0.578807 8.34555
      vertex 24 11 3
    endloop
  endfacet
  facet normal -1 0 0
    outer loop
      vertex 24 0.578807 8.34555
      vertex 24 -8 3
      vertex 24 0 8.3
    endloop
  endfacet
  facet normal -1 -0 0
    outer loop
      vertex 24 0 8.3
      vertex 24 -8 3
      vertex 24 -0.578807 8.34555
    endloop
  endfacet
  facet normal -1 -0 0
    outer loop
      vertex 24 -0.578807 8.34555
      vertex 24 -8 3
      vertex 24 -1.14336 8.48109
    endloop
  endfacet
  facet normal -1 0 0
    outer loop
      vertex 24 -2.1748 14.9934
      vertex 24 -5.58396 19.6857
      vertex 24 -4.31291 20.4646
    endloop
  endfacet
  facet normal -1 0 0
    outer loop
      vertex 24 -8.46456 16.3129
      vertex 24 -3.7 12
      vertex 24 -3.65445 11.4212
    endloop
  endfacet
  facet normal -1 0 0
    outer loop
      vertex 24 -3.65445 12.5788
      vertex 24 -6.71751 18.7175
      vertex 24 -5.58396 19.6857
    endloop
  endfacet
  facet normal -1 0 0
    outer loop
      vertex 24 -8 3
      vertex 24 -3.65445 11.4212
      vertex 24 -3.51891 10.8566
    endloop
  endfacet
  facet normal -1 0 0
    outer loop
      vertex 24 -3.65445 12.5788
      vertex 24 -7.68566 17.584
      vertex 24 -6.71751 18.7175
    endloop
  endfacet
  facet normal -1 0 0
    outer loop
      vertex 24 -8 3
      vertex 24 -3.51891 10.8566
      vertex 24 -3.29672 10.3202
    endloop
  endfacet
  facet normal -1 -0 0
    outer loop
      vertex 24 -1.14336 8.48109
      vertex 24 -8 3
      vertex 24 -1.67976 8.70328
    endloop
  endfacet
  facet normal -1 0 0
    outer loop
      vertex 24 -8 3
      vertex 24 -2.1748 9.00664
      vertex 24 -1.67976 8.70328
    endloop
  endfacet
  facet normal -1 0 0
    outer loop
      vertex 24 -8 3
      vertex 24 -2.61629 9.3837
      vertex 24 -2.1748 9.00664
    endloop
  endfacet
  facet normal -1 0 0
    outer loop
      vertex 24 -8 3
      vertex 24 -2.99336 9.82519
      vertex 24 -2.61629 9.3837
    endloop
  endfacet
  facet normal -1 0 0
    outer loop
      vertex 24 -8 3
      vertex 24 -3.29672 10.3202
      vertex 24 -2.99336 9.82519
    endloop
  endfacet
  facet normal -1 -0 0
    outer loop
      vertex 24 -3.65445 11.4212
      vertex 24 -8 3
      vertex 24 -8.46456 16.3129
    endloop
  endfacet
  facet normal -1 0 0
    outer loop
      vertex 24 -3.65445 12.5788
      vertex 24 -8.46456 16.3129
      vertex 24 -7.68566 17.584
    endloop
  endfacet
  facet normal -1 0 0
    outer loop
      vertex 24 2.99336 14.1748
      vertex 24 7.68566 17.584
      vertex 24 3.29672 13.6798
    endloop
  endfacet
  facet normal -1 -0 0
    outer loop
      vertex 24 7.68566 17.584
      vertex 24 2.99336 14.1748
      vertex 24 6.71751 18.7175
    endloop
  endfacet
  facet normal -1 0 0
    outer loop
      vertex 24 2.61629 14.6163
      vertex 24 6.71751 18.7175
      vertex 24 2.99336 14.1748
    endloop
  endfacet
  facet normal -1 -0 0
    outer loop
      vertex 24 6.71751 18.7175
      vertex 24 2.61629 14.6163
      vertex 24 5.58396 19.6857
    endloop
  endfacet
  facet normal -1 0 0
    outer loop
      vertex 24 2.1748 14.9934
      vertex 24 5.58396 19.6857
      vertex 24 2.61629 14.6163
    endloop
  endfacet
  facet normal -1 -0 0
    outer loop
      vertex 24 5.58396 19.6857
      vertex 24 2.1748 14.9934
      vertex 24 4.31291 20.4646
    endloop
  endfacet
  facet normal -1 0 0
    outer loop
      vertex 24 1.67976 15.2967
      vertex 24 4.31291 20.4646
      vertex 24 2.1748 14.9934
    endloop
  endfacet
  facet normal -1 -0 0
    outer loop
      vertex 24 4.31291 20.4646
      vertex 24 1.67976 15.2967
      vertex 24 2.93566 21.035
    endloop
  endfacet
  facet normal -1 0 0
    outer loop
      vertex 24 1.14336 15.5189
      vertex 24 2.93566 21.035
      vertex 24 1.67976 15.2967
    endloop
  endfacet
  facet normal -1 -0 0
    outer loop
      vertex 24 2.93566 21.035
      vertex 24 1.14336 15.5189
      vertex 24 1.48613 21.383
    endloop
  endfacet
  facet normal -1 0 0
    outer loop
      vertex 24 0.578807 15.6544
      vertex 24 1.48613 21.383
      vertex 24 1.14336 15.5189
    endloop
  endfacet
  facet normal -1 0 0
    outer loop
      vertex 24 0 15.7
      vertex 24 1.48613 21.383
      vertex 24 0.578807 15.6544
    endloop
  endfacet
  facet normal -1 0 0
    outer loop
      vertex 24 0 15.7
      vertex 24 0 21.5
      vertex 24 1.48613 21.383
    endloop
  endfacet
  facet normal -1 0 0
    outer loop
      vertex 24 -0.578807 15.6544
      vertex 24 0 21.5
      vertex 24 0 15.7
    endloop
  endfacet
  facet normal -1 0 0
    outer loop
      vertex 24 -1.48613 21.383
      vertex 24 -0.578807 15.6544
      vertex 24 -1.14336 15.5189
    endloop
  endfacet
  facet normal -1 0 0
    outer loop
      vertex 24 -0.578807 15.6544
      vertex 24 -1.48613 21.383
      vertex 24 0 21.5
    endloop
  endfacet
  facet normal -1 0 0
    outer loop
      vertex 24 -2.93566 21.035
      vertex 24 -1.14336 15.5189
      vertex 24 -1.67976 15.2967
    endloop
  endfacet
  facet normal -1 0 0
    outer loop
      vertex 24 -4.31291 20.4646
      vertex 24 -1.67976 15.2967
      vertex 24 -2.1748 14.9934
    endloop
  endfacet
  facet normal -1 0 0
    outer loop
      vertex 24 -5.58396 19.6857
      vertex 24 -2.1748 14.9934
      vertex 24 -2.61629 14.6163
    endloop
  endfacet
  facet normal -1 0 0
    outer loop
      vertex 24 -1.14336 15.5189
      vertex 24 -2.93566 21.035
      vertex 24 -1.48613 21.383
    endloop
  endfacet
  facet normal -1 0 0
    outer loop
      vertex 24 -5.58396 19.6857
      vertex 24 -2.61629 14.6163
      vertex 24 -2.99336 14.1748
    endloop
  endfacet
  facet normal -1 0 0
    outer loop
      vertex 24 -5.58396 19.6857
      vertex 24 -2.99336 14.1748
      vertex 24 -3.29672 13.6798
    endloop
  endfacet
  facet normal -1 0 0
    outer loop
      vertex 24 -5.58396 19.6857
      vertex 24 -3.29672 13.6798
      vertex 24 -3.51891 13.1434
    endloop
  endfacet
  facet normal -1 0 0
    outer loop
      vertex 24 -5.58396 19.6857
      vertex 24 -3.51891 13.1434
      vertex 24 -3.65445 12.5788
    endloop
  endfacet
  facet normal -1 0 0
    outer loop
      vertex 24 -1.67976 15.2967
      vertex 24 -4.31291 20.4646
      vertex 24 -2.93566 21.035
    endloop
  endfacet
  facet normal -1 0 0
    outer loop
      vertex 24 -8.46456 16.3129
      vertex 24 -3.65445 12.5788
      vertex 24 -3.7 12
    endloop
  endfacet
  facet normal 0 -0.38264 0.923897
    outer loop
      vertex 24 -2.93566 21.035
      vertex 27 -4.31291 20.4646
      vertex 27 -2.93566 21.035
    endloop
  endfacet
  facet normal 0 -0.38264 0.923897
    outer loop
      vertex 27 -4.31291 20.4646
      vertex 24 -2.93566 21.035
      vertex 24 -4.31291 20.4646
    endloop
  endfacet
  facet normal 0 -0.522498 0.85264
    outer loop
      vertex 24 -4.31291 20.4646
      vertex 27 -5.58396 19.6857
      vertex 27 -4.31291 20.4646
    endloop
  endfacet
  facet normal 0 -0.522498 0.85264
    outer loop
      vertex 27 -5.58396 19.6857
      vertex 24 -4.31291 20.4646
      vertex 24 -5.58396 19.6857
    endloop
  endfacet
  facet normal 0 0.972373 -0.233432
    outer loop
      vertex 27 -3.65445 12.5788
      vertex 24 -3.51891 13.1434
      vertex 27 -3.51891 13.1434
    endloop
  endfacet
  facet normal 0 0.972373 -0.233432
    outer loop
      vertex 24 -3.51891 13.1434
      vertex 27 -3.65445 12.5788
      vertex 24 -3.65445 12.5788
    endloop
  endfacet
  facet normal 0 0.996918 -0.0784547
    outer loop
      vertex 27 -3.7 12
      vertex 24 -3.65445 12.5788
      vertex 27 -3.65445 12.5788
    endloop
  endfacet
  facet normal 0 0.996918 -0.0784547
    outer loop
      vertex 24 -3.65445 12.5788
      vertex 27 -3.7 12
      vertex 24 -3.7 12
    endloop
  endfacet
  facet normal 0 -0.852627 0.52252
    outer loop
      vertex 24 2.99336 9.82519
      vertex 27 3.29672 10.3202
      vertex 24 3.29672 10.3202
    endloop
  endfacet
  facet normal 0 -0.852627 0.52252
    outer loop
      vertex 27 3.29672 10.3202
      vertex 24 2.99336 9.82519
      vertex 27 2.99336 9.82519
    endloop
  endfacet
  facet normal 0 0.996918 0.0784547
    outer loop
      vertex 27 -3.65445 11.4212
      vertex 24 -3.7 12
      vertex 27 -3.7 12
    endloop
  endfacet
  facet normal 0 0.996918 0.0784547
    outer loop
      vertex 24 -3.7 12
      vertex 27 -3.65445 11.4212
      vertex 24 -3.65445 11.4212
    endloop
  endfacet
  facet normal 0 0.852627 0.52252
    outer loop
      vertex 27 -2.99336 9.82519
      vertex 24 -3.29672 10.3202
      vertex 27 -3.29672 10.3202
    endloop
  endfacet
  facet normal 0 0.852627 0.52252
    outer loop
      vertex 24 -3.29672 10.3202
      vertex 27 -2.99336 9.82519
      vertex 24 -2.99336 9.82519
    endloop
  endfacet
  facet normal 0 -0.0785394 -0.996911
    outer loop
      vertex 24 0 15.7
      vertex 27 0.578807 15.6544
      vertex 27 0 15.7
    endloop
  endfacet
  facet normal -0 -0.0785394 -0.996911
    outer loop
      vertex 27 0.578807 15.6544
      vertex 24 0 15.7
      vertex 24 0.578807 15.6544
    endloop
  endfacet
  facet normal 0 -0.923876 0.382692
    outer loop
      vertex 24 3.29672 10.3202
      vertex 27 3.51891 10.8566
      vertex 24 3.51891 10.8566
    endloop
  endfacet
  facet normal 0 -0.923876 0.382692
    outer loop
      vertex 27 3.51891 10.8566
      vertex 24 3.29672 10.3202
      vertex 27 3.29672 10.3202
    endloop
  endfacet
  facet normal 0 -0.760412 -0.649441
    outer loop
      vertex 24 2.99336 14.1748
      vertex 27 2.61629 14.6163
      vertex 24 2.61629 14.6163
    endloop
  endfacet
  facet normal 0 -0.760412 -0.649441
    outer loop
      vertex 27 2.61629 14.6163
      vertex 24 2.99336 14.1748
      vertex 27 2.99336 14.1748
    endloop
  endfacet
  facet normal 0 -0.522497 0.852641
    outer loop
      vertex 24 2.1748 9.00664
      vertex 27 1.67976 8.70328
      vertex 27 2.1748 9.00664
    endloop
  endfacet
  facet normal 0 -0.522497 0.852641
    outer loop
      vertex 27 1.67976 8.70328
      vertex 24 2.1748 9.00664
      vertex 24 1.67976 8.70328
    endloop
  endfacet
  facet normal 0 0.382707 -0.92387
    outer loop
      vertex 24 -1.67976 15.2967
      vertex 27 -1.14336 15.5189
      vertex 27 -1.67976 15.2967
    endloop
  endfacet
  facet normal 0 0.382707 -0.92387
    outer loop
      vertex 27 -1.14336 15.5189
      vertex 24 -1.67976 15.2967
      vertex 24 -1.14336 15.5189
    endloop
  endfacet
  facet normal -0 0.0784538 0.996918
    outer loop
      vertex 24 0 8.3
      vertex 27 -0.578807 8.34555
      vertex 27 0 8.3
    endloop
  endfacet
  facet normal 0 0.0784538 0.996918
    outer loop
      vertex 27 -0.578807 8.34555
      vertex 24 0 8.3
      vertex 24 -0.578807 8.34555
    endloop
  endfacet
  facet normal 0 -0.996918 -0.0784547
    outer loop
      vertex 24 3.7 12
      vertex 27 3.65445 12.5788
      vertex 24 3.65445 12.5788
    endloop
  endfacet
  facet normal 0 -0.996918 -0.0784547
    outer loop
      vertex 27 3.65445 12.5788
      vertex 24 3.7 12
      vertex 27 3.7 12
    endloop
  endfacet
  facet normal 0 0.852622 -0.522528
    outer loop
      vertex 27 -3.29672 13.6798
      vertex 24 -2.99336 14.1748
      vertex 27 -2.99336 14.1748
    endloop
  endfacet
  facet normal 0 0.852622 -0.522528
    outer loop
      vertex 24 -2.99336 14.1748
      vertex 27 -3.29672 13.6798
      vertex 24 -3.29672 13.6798
    endloop
  endfacet
  facet normal 0 -0.382692 0.923876
    outer loop
      vertex 24 1.67976 8.70328
      vertex 27 1.14336 8.48109
      vertex 27 1.67976 8.70328
    endloop
  endfacet
  facet normal 0 -0.382692 0.923876
    outer loop
      vertex 27 1.14336 8.48109
      vertex 24 1.67976 8.70328
      vertex 24 1.14336 8.48109
    endloop
  endfacet
  facet normal 0 0.760412 -0.649441
    outer loop
      vertex 27 -2.99336 14.1748
      vertex 24 -2.61629 14.6163
      vertex 27 -2.61629 14.6163
    endloop
  endfacet
  facet normal 0 0.760412 -0.649441
    outer loop
      vertex 24 -2.61629 14.6163
      vertex 27 -2.99336 14.1748
      vertex 24 -2.99336 14.1748
    endloop
  endfacet
  facet normal -0 0.23345 0.972369
    outer loop
      vertex 24 -0.578807 8.34555
      vertex 27 -1.14336 8.48109
      vertex 27 -0.578807 8.34555
    endloop
  endfacet
  facet normal 0 0.23345 0.972369
    outer loop
      vertex 27 -1.14336 8.48109
      vertex 24 -0.578807 8.34555
      vertex 24 -1.14336 8.48109
    endloop
  endfacet
  facet normal -0 0.522497 0.852641
    outer loop
      vertex 24 -1.67976 8.70328
      vertex 27 -2.1748 9.00664
      vertex 27 -1.67976 8.70328
    endloop
  endfacet
  facet normal 0 0.522497 0.852641
    outer loop
      vertex 27 -2.1748 9.00664
      vertex 24 -1.67976 8.70328
      vertex 24 -2.1748 9.00664
    endloop
  endfacet
  facet normal 0 -0.64944 0.760413
    outer loop
      vertex 24 2.61629 9.3837
      vertex 27 2.1748 9.00664
      vertex 27 2.61629 9.3837
    endloop
  endfacet
  facet normal 0 -0.64944 0.760413
    outer loop
      vertex 27 2.1748 9.00664
      vertex 24 2.61629 9.3837
      vertex 24 2.1748 9.00664
    endloop
  endfacet
  facet normal 0 -0.996918 0.0784547
    outer loop
      vertex 24 3.65445 11.4212
      vertex 27 3.7 12
      vertex 24 3.7 12
    endloop
  endfacet
  facet normal 0 -0.996918 0.0784547
    outer loop
      vertex 27 3.7 12
      vertex 24 3.65445 11.4212
      vertex 27 3.65445 11.4212
    endloop
  endfacet
  facet normal 0 -0.972373 0.233432
    outer loop
      vertex 24 3.51891 10.8566
      vertex 27 3.65445 11.4212
      vertex 24 3.65445 11.4212
    endloop
  endfacet
  facet normal 0 -0.972373 0.233432
    outer loop
      vertex 27 3.65445 11.4212
      vertex 24 3.51891 10.8566
      vertex 27 3.51891 10.8566
    endloop
  endfacet
  facet normal 0 -0.0784538 0.996918
    outer loop
      vertex 24 0.578807 8.34555
      vertex 27 0 8.3
      vertex 27 0.578807 8.34555
    endloop
  endfacet
  facet normal 0 -0.0784538 0.996918
    outer loop
      vertex 27 0 8.3
      vertex 24 0.578807 8.34555
      vertex 24 0 8.3
    endloop
  endfacet
  facet normal 0 0.760404 0.64945
    outer loop
      vertex 27 -2.61629 9.3837
      vertex 24 -2.99336 9.82519
      vertex 27 -2.99336 9.82519
    endloop
  endfacet
  facet normal 0 0.760404 0.64945
    outer loop
      vertex 24 -2.99336 9.82519
      vertex 27 -2.61629 9.3837
      vertex 24 -2.61629 9.3837
    endloop
  endfacet
  facet normal 0 0.0785394 -0.996911
    outer loop
      vertex 24 -0.578807 15.6544
      vertex 27 0 15.7
      vertex 27 -0.578807 15.6544
    endloop
  endfacet
  facet normal 0 0.0785394 -0.996911
    outer loop
      vertex 27 0 15.7
      vertex 24 -0.578807 15.6544
      vertex 24 0 15.7
    endloop
  endfacet
  facet normal 0 0.923876 0.382692
    outer loop
      vertex 27 -3.29672 10.3202
      vertex 24 -3.51891 10.8566
      vertex 27 -3.51891 10.8566
    endloop
  endfacet
  facet normal 0 0.923876 0.382692
    outer loop
      vertex 24 -3.51891 10.8566
      vertex 27 -3.29672 10.3202
      vertex 24 -3.29672 10.3202
    endloop
  endfacet
  facet normal 0 0.522422 -0.852687
    outer loop
      vertex 24 -2.1748 14.9934
      vertex 27 -1.67976 15.2967
      vertex 27 -2.1748 14.9934
    endloop
  endfacet
  facet normal 0 0.522422 -0.852687
    outer loop
      vertex 27 -1.67976 15.2967
      vertex 24 -2.1748 14.9934
      vertex 24 -1.67976 15.2967
    endloop
  endfacet
  facet normal 0 0.233385 -0.972384
    outer loop
      vertex 24 -1.14336 15.5189
      vertex 27 -0.578807 15.6544
      vertex 27 -1.14336 15.5189
    endloop
  endfacet
  facet normal 0 0.233385 -0.972384
    outer loop
      vertex 27 -0.578807 15.6544
      vertex 24 -1.14336 15.5189
      vertex 24 -0.578807 15.6544
    endloop
  endfacet
  facet normal 0 -0.760404 0.64945
    outer loop
      vertex 24 2.61629 9.3837
      vertex 27 2.99336 9.82519
      vertex 24 2.99336 9.82519
    endloop
  endfacet
  facet normal 0 -0.760404 0.64945
    outer loop
      vertex 27 2.99336 9.82519
      vertex 24 2.61629 9.3837
      vertex 27 2.61629 9.3837
    endloop
  endfacet
  facet normal 0 0.972373 0.233432
    outer loop
      vertex 27 -3.51891 10.8566
      vertex 24 -3.65445 11.4212
      vertex 27 -3.65445 11.4212
    endloop
  endfacet
  facet normal 0 0.972373 0.233432
    outer loop
      vertex 24 -3.65445 11.4212
      vertex 27 -3.51891 10.8566
      vertex 24 -3.51891 10.8566
    endloop
  endfacet
  facet normal 0 0.64948 -0.760379
    outer loop
      vertex 24 -2.61629 14.6163
      vertex 27 -2.1748 14.9934
      vertex 27 -2.61629 14.6163
    endloop
  endfacet
  facet normal 0 0.64948 -0.760379
    outer loop
      vertex 27 -2.1748 14.9934
      vertex 24 -2.61629 14.6163
      vertex 24 -2.1748 14.9934
    endloop
  endfacet
  facet normal 0 -0.23345 0.972369
    outer loop
      vertex 24 1.14336 8.48109
      vertex 27 0.578807 8.34555
      vertex 27 1.14336 8.48109
    endloop
  endfacet
  facet normal 0 -0.23345 0.972369
    outer loop
      vertex 27 0.578807 8.34555
      vertex 24 1.14336 8.48109
      vertex 24 0.578807 8.34555
    endloop
  endfacet
  facet normal -0 0.382692 0.923876
    outer loop
      vertex 24 -1.14336 8.48109
      vertex 27 -1.67976 8.70328
      vertex 27 -1.14336 8.48109
    endloop
  endfacet
  facet normal 0 0.382692 0.923876
    outer loop
      vertex 27 -1.67976 8.70328
      vertex 24 -1.14336 8.48109
      vertex 24 -1.67976 8.70328
    endloop
  endfacet
  facet normal 0 -0.972373 -0.233432
    outer loop
      vertex 24 3.65445 12.5788
      vertex 27 3.51891 13.1434
      vertex 24 3.51891 13.1434
    endloop
  endfacet
  facet normal 0 -0.972373 -0.233432
    outer loop
      vertex 27 3.51891 13.1434
      vertex 24 3.65445 12.5788
      vertex 27 3.65445 12.5788
    endloop
  endfacet
  facet normal -0 0.64944 0.760413
    outer loop
      vertex 24 -2.1748 9.00664
      vertex 27 -2.61629 9.3837
      vertex 27 -2.1748 9.00664
    endloop
  endfacet
  facet normal 0 0.64944 0.760413
    outer loop
      vertex 27 -2.61629 9.3837
      vertex 24 -2.1748 9.00664
      vertex 24 -2.61629 9.3837
    endloop
  endfacet
  facet normal 0 -0.923876 -0.382692
    outer loop
      vertex 24 3.51891 13.1434
      vertex 27 3.29672 13.6798
      vertex 24 3.29672 13.6798
    endloop
  endfacet
  facet normal 0 -0.923876 -0.382692
    outer loop
      vertex 27 3.29672 13.6798
      vertex 24 3.51891 13.1434
      vertex 27 3.51891 13.1434
    endloop
  endfacet
  facet normal 0 -0.852622 -0.522528
    outer loop
      vertex 24 3.29672 13.6798
      vertex 27 2.99336 14.1748
      vertex 24 2.99336 14.1748
    endloop
  endfacet
  facet normal 0 -0.852622 -0.522528
    outer loop
      vertex 27 2.99336 14.1748
      vertex 24 3.29672 13.6798
      vertex 27 3.29672 13.6798
    endloop
  endfacet
  facet normal 0 -0.522422 -0.852687
    outer loop
      vertex 24 1.67976 15.2967
      vertex 27 2.1748 14.9934
      vertex 27 1.67976 15.2967
    endloop
  endfacet
  facet normal -0 -0.522422 -0.852687
    outer loop
      vertex 27 2.1748 14.9934
      vertex 24 1.67976 15.2967
      vertex 24 2.1748 14.9934
    endloop
  endfacet
  facet normal 0 -0.64948 -0.760379
    outer loop
      vertex 24 2.1748 14.9934
      vertex 27 2.61629 14.6163
      vertex 27 2.1748 14.9934
    endloop
  endfacet
  facet normal -0 -0.64948 -0.760379
    outer loop
      vertex 27 2.61629 14.6163
      vertex 24 2.1748 14.9934
      vertex 24 2.61629 14.6163
    endloop
  endfacet
  facet normal 0 -0.233385 -0.972384
    outer loop
      vertex 24 0.578807 15.6544
      vertex 27 1.14336 15.5189
      vertex 27 0.578807 15.6544
    endloop
  endfacet
  facet normal -0 -0.233385 -0.972384
    outer loop
      vertex 27 1.14336 15.5189
      vertex 24 0.578807 15.6544
      vertex 24 1.14336 15.5189
    endloop
  endfacet
  facet normal 0 -0.382707 -0.92387
    outer loop
      vertex 24 1.14336 15.5189
      vertex 27 1.67976 15.2967
      vertex 27 1.14336 15.5189
    endloop
  endfacet
  facet normal -0 -0.382707 -0.92387
    outer loop
      vertex 27 1.67976 15.2967
      vertex 24 1.14336 15.5189
      vertex 24 1.67976 15.2967
    endloop
  endfacet
  facet normal 0 0.923876 -0.382692
    outer loop
      vertex 27 -3.51891 13.1434
      vertex 24 -3.29672 13.6798
      vertex 27 -3.29672 13.6798
    endloop
  endfacet
  facet normal 0 0.923876 -0.382692
    outer loop
      vertex 24 -3.29672 13.6798
      vertex 27 -3.51891 13.1434
      vertex 24 -3.51891 13.1434
    endloop
  endfacet
  facet normal 0 -0.987143 0.159839
    outer loop
      vertex 44 -11 3.5
      vertex 47 -9.38304 13.4861
      vertex 44 -9.38304 13.4861
    endloop
  endfacet
  facet normal 0 -0.987143 0.159839
    outer loop
      vertex 47 -9.38304 13.4861
      vertex 44 -11 3.5
      vertex 47 -11 3.5
    endloop
  endfacet
  facet normal 0 1 -0
    outer loop
      vertex 47 11 3
      vertex 44 11 3.5
      vertex 47 11 3.5
    endloop
  endfacet
  facet normal 0 1 0
    outer loop
      vertex 44 11 3.5
      vertex 47 11 3
      vertex 44 11 3
    endloop
  endfacet
  facet normal 0 0 -1
    outer loop
      vertex 44 -11 2.5
      vertex 47 -8 2.5
      vertex 47 -11 2.5
    endloop
  endfacet
  facet normal -0 0 -1
    outer loop
      vertex 47 -8 2.5
      vertex 44 -11 2.5
      vertex 44 -8 2.5
    endloop
  endfacet
  facet normal 0 0.923874 0.382698
    outer loop
      vertex 47 9.03504 14.9357
      vertex 44 8.46456 16.3129
      vertex 47 8.46456 16.3129
    endloop
  endfacet
  facet normal 0 0.923874 0.382698
    outer loop
      vertex 44 8.46456 16.3129
      vertex 47 9.03504 14.9357
      vertex 44 9.03504 14.9357
    endloop
  endfacet
  facet normal 0 -0.76039 0.649467
    outer loop
      vertex 44 -7.68566 17.584
      vertex 47 -6.71751 18.7175
      vertex 44 -6.71751 18.7175
    endloop
  endfacet
  facet normal 0 -0.76039 0.649467
    outer loop
      vertex 47 -6.71751 18.7175
      vertex 44 -7.68566 17.584
      vertex 47 -7.68566 17.584
    endloop
  endfacet
  facet normal 0 -0.972373 0.233434
    outer loop
      vertex 44 -9.38304 13.4861
      vertex 47 -9.03504 14.9357
      vertex 44 -9.03504 14.9357
    endloop
  endfacet
  facet normal 0 -0.972373 0.233434
    outer loop
      vertex 47 -9.03504 14.9357
      vertex 44 -9.38304 13.4861
      vertex 47 -9.38304 13.4861
    endloop
  endfacet
  facet normal -0 0.38264 0.923897
    outer loop
      vertex 44 4.31291 20.4646
      vertex 47 2.93566 21.035
      vertex 47 4.31291 20.4646
    endloop
  endfacet
  facet normal 0 0.38264 0.923897
    outer loop
      vertex 47 2.93566 21.035
      vertex 44 4.31291 20.4646
      vertex 44 2.93566 21.035
    endloop
  endfacet
  facet normal 0 -0.923874 0.382698
    outer loop
      vertex 44 -9.03504 14.9357
      vertex 47 -8.46456 16.3129
      vertex 44 -8.46456 16.3129
    endloop
  endfacet
  facet normal 0 -0.923874 0.382698
    outer loop
      vertex 47 -8.46456 16.3129
      vertex 44 -9.03504 14.9357
      vertex 47 -9.03504 14.9357
    endloop
  endfacet
  facet normal -0 0.0784851 0.996915
    outer loop
      vertex 44 1.48613 21.383
      vertex 47 0 21.5
      vertex 47 1.48613 21.383
    endloop
  endfacet
  facet normal 0 0.0784851 0.996915
    outer loop
      vertex 47 0 21.5
      vertex 44 1.48613 21.383
      vertex 44 0 21.5
    endloop
  endfacet
  facet normal 0 0.987143 0.159839
    outer loop
      vertex 47 11 3.5
      vertex 44 9.38304 13.4861
      vertex 47 9.38304 13.4861
    endloop
  endfacet
  facet normal 0 0.987143 0.159839
    outer loop
      vertex 44 9.38304 13.4861
      vertex 47 11 3.5
      vertex 44 11 3.5
    endloop
  endfacet
  facet normal 0 -0.0784851 0.996915
    outer loop
      vertex 44 0 21.5
      vertex 47 -1.48613 21.383
      vertex 47 0 21.5
    endloop
  endfacet
  facet normal 0 -0.0784851 0.996915
    outer loop
      vertex 47 -1.48613 21.383
      vertex 44 0 21.5
      vertex 44 -1.48613 21.383
    endloop
  endfacet
  facet normal -0 0.64947 0.760387
    outer loop
      vertex 44 6.71751 18.7175
      vertex 47 5.58396 19.6857
      vertex 47 6.71751 18.7175
    endloop
  endfacet
  facet normal 0 0.64947 0.760387
    outer loop
      vertex 47 5.58396 19.6857
      vertex 44 6.71751 18.7175
      vertex 44 5.58396 19.6857
    endloop
  endfacet
  facet normal 0 -1 0
    outer loop
      vertex 44 -11 2.5
      vertex 47 -11 3.5
      vertex 44 -11 3.5
    endloop
  endfacet
  facet normal 0 -1 -0
    outer loop
      vertex 47 -11 3.5
      vertex 44 -11 2.5
      vertex 47 -11 2.5
    endloop
  endfacet
  facet normal -0 0.522498 0.85264
    outer loop
      vertex 44 5.58396 19.6857
      vertex 47 4.31291 20.4646
      vertex 47 5.58396 19.6857
    endloop
  endfacet
  facet normal 0 0.522498 0.85264
    outer loop
      vertex 47 4.31291 20.4646
      vertex 44 5.58396 19.6857
      vertex 44 4.31291 20.4646
    endloop
  endfacet
  facet normal 0 -0.852649 0.522483
    outer loop
      vertex 44 -8.46456 16.3129
      vertex 47 -7.68566 17.584
      vertex 44 -7.68566 17.584
    endloop
  endfacet
  facet normal 0 -0.852649 0.522483
    outer loop
      vertex 47 -7.68566 17.584
      vertex 44 -8.46456 16.3129
      vertex 47 -8.46456 16.3129
    endloop
  endfacet
  facet normal -0 0.233444 0.97237
    outer loop
      vertex 44 2.93566 21.035
      vertex 47 1.48613 21.383
      vertex 47 2.93566 21.035
    endloop
  endfacet
  facet normal 0 0.233444 0.97237
    outer loop
      vertex 47 1.48613 21.383
      vertex 44 2.93566 21.035
      vertex 44 1.48613 21.383
    endloop
  endfacet
  facet normal 0 0.76039 0.649467
    outer loop
      vertex 47 7.68566 17.584
      vertex 44 6.71751 18.7175
      vertex 47 6.71751 18.7175
    endloop
  endfacet
  facet normal 0 0.76039 0.649467
    outer loop
      vertex 44 6.71751 18.7175
      vertex 47 7.68566 17.584
      vertex 44 7.68566 17.584
    endloop
  endfacet
  facet normal 0 0.972373 0.233434
    outer loop
      vertex 47 9.38304 13.4861
      vertex 44 9.03504 14.9357
      vertex 47 9.03504 14.9357
    endloop
  endfacet
  facet normal 0 0.972373 0.233434
    outer loop
      vertex 44 9.03504 14.9357
      vertex 47 9.38304 13.4861
      vertex 44 9.38304 13.4861
    endloop
  endfacet
  facet normal 0 0.852649 0.522483
    outer loop
      vertex 47 8.46456 16.3129
      vertex 44 7.68566 17.584
      vertex 47 7.68566 17.584
    endloop
  endfacet
  facet normal 0 0.852649 0.522483
    outer loop
      vertex 44 7.68566 17.584
      vertex 47 8.46456 16.3129
      vertex 44 8.46456 16.3129
    endloop
  endfacet
  facet normal 0 -0.233444 0.97237
    outer loop
      vertex 44 -1.48613 21.383
      vertex 47 -2.93566 21.035
      vertex 47 -1.48613 21.383
    endloop
  endfacet
  facet normal 0 -0.233444 0.97237
    outer loop
      vertex 47 -2.93566 21.035
      vertex 44 -1.48613 21.383
      vertex 44 -2.93566 21.035
    endloop
  endfacet
  facet normal 0 -0.64947 0.760387
    outer loop
      vertex 44 -5.58396 19.6857
      vertex 47 -6.71751 18.7175
      vertex 47 -5.58396 19.6857
    endloop
  endfacet
  facet normal 0 -0.64947 0.760387
    outer loop
      vertex 47 -6.71751 18.7175
      vertex 44 -5.58396 19.6857
      vertex 44 -6.71751 18.7175
    endloop
  endfacet
  facet normal -1 0 0
    outer loop
      vertex 44 -11 2.5
      vertex 44 -8 3
      vertex 44 -8 2.5
    endloop
  endfacet
  facet normal -1 0 0
    outer loop
      vertex 44 -8 3
      vertex 44 -9.38304 13.4861
      vertex 44 -8.46456 16.3129
    endloop
  endfacet
  facet normal -1 0 0
    outer loop
      vertex 44 -8.46456 16.3129
      vertex 44 -9.38304 13.4861
      vertex 44 -9.03504 14.9357
    endloop
  endfacet
  facet normal -1 -0 0
    outer loop
      vertex 44 -8 3
      vertex 44 -11 2.5
      vertex 44 -11 3.5
    endloop
  endfacet
  facet normal -1 0 0
    outer loop
      vertex 44 -8 3
      vertex 44 -11 3.5
      vertex 44 -9.38304 13.4861
    endloop
  endfacet
  facet normal -1 0 0
    outer loop
      vertex 44 1.67976 8.70328
      vertex 44 11 3.5
      vertex 44 11 3
    endloop
  endfacet
  facet normal -1 0 0
    outer loop
      vertex 44 11 3.5
      vertex 44 3.29672 10.3202
      vertex 44 9.38304 13.4861
    endloop
  endfacet
  facet normal -1 0 -0
    outer loop
      vertex 44 3.65445 11.4212
      vertex 44 9.38304 13.4861
      vertex 44 3.51891 10.8566
    endloop
  endfacet
  facet normal -1 0 0
    outer loop
      vertex 44 3.65445 12.5788
      vertex 44 9.38304 13.4861
      vertex 44 3.7 12
    endloop
  endfacet
  facet normal -1 -0 0
    outer loop
      vertex 44 9.38304 13.4861
      vertex 44 3.65445 12.5788
      vertex 44 9.03504 14.9357
    endloop
  endfacet
  facet normal -1 -0 0
    outer loop
      vertex 44 9.03504 14.9357
      vertex 44 3.51891 13.1434
      vertex 44 8.46456 16.3129
    endloop
  endfacet
  facet normal -1 -0 0
    outer loop
      vertex 44 8.46456 16.3129
      vertex 44 3.29672 13.6798
      vertex 44 7.68566 17.584
    endloop
  endfacet
  facet normal -1 0 0
    outer loop
      vertex 44 3.29672 13.6798
      vertex 44 8.46456 16.3129
      vertex 44 3.51891 13.1434
    endloop
  endfacet
  facet normal -1 0 0
    outer loop
      vertex 44 3.51891 13.1434
      vertex 44 9.03504 14.9357
      vertex 44 3.65445 12.5788
    endloop
  endfacet
  facet normal -1 0 -0
    outer loop
      vertex 44 3.7 12
      vertex 44 9.38304 13.4861
      vertex 44 3.65445 11.4212
    endloop
  endfacet
  facet normal -1 0 0
    outer loop
      vertex 44 9.38304 13.4861
      vertex 44 3.29672 10.3202
      vertex 44 3.51891 10.8566
    endloop
  endfacet
  facet normal -1 0 0
    outer loop
      vertex 44 11 3.5
      vertex 44 2.99336 9.82519
      vertex 44 3.29672 10.3202
    endloop
  endfacet
  facet normal -1 0 0
    outer loop
      vertex 44 11 3.5
      vertex 44 2.61629 9.3837
      vertex 44 2.99336 9.82519
    endloop
  endfacet
  facet normal -1 0 0
    outer loop
      vertex 44 11 3.5
      vertex 44 2.1748 9.00664
      vertex 44 2.61629 9.3837
    endloop
  endfacet
  facet normal -1 0 0
    outer loop
      vertex 44 11 3.5
      vertex 44 1.67976 8.70328
      vertex 44 2.1748 9.00664
    endloop
  endfacet
  facet normal -1 0 0
    outer loop
      vertex 44 11 3
      vertex 44 1.14336 8.48109
      vertex 44 1.67976 8.70328
    endloop
  endfacet
  facet normal -1 0 0
    outer loop
      vertex 44 11 3
      vertex 44 0.578807 8.34555
      vertex 44 1.14336 8.48109
    endloop
  endfacet
  facet normal -1 0 0
    outer loop
      vertex 44 -8 3
      vertex 44 0.578807 8.34555
      vertex 44 11 3
    endloop
  endfacet
  facet normal -1 0 0
    outer loop
      vertex 44 0.578807 8.34555
      vertex 44 -8 3
      vertex 44 0 8.3
    endloop
  endfacet
  facet normal -1 -0 0
    outer loop
      vertex 44 0 8.3
      vertex 44 -8 3
      vertex 44 -0.578807 8.34555
    endloop
  endfacet
  facet normal -1 -0 0
    outer loop
      vertex 44 -0.578807 8.34555
      vertex 44 -8 3
      vertex 44 -1.14336 8.48109
    endloop
  endfacet
  facet normal -1 0 0
    outer loop
      vertex 44 -2.1748 14.9934
      vertex 44 -5.58396 19.6857
      vertex 44 -4.31291 20.4646
    endloop
  endfacet
  facet normal -1 0 0
    outer loop
      vertex 44 -8.46456 16.3129
      vertex 44 -3.7 12
      vertex 44 -3.65445 11.4212
    endloop
  endfacet
  facet normal -1 0 0
    outer loop
      vertex 44 -3.65445 12.5788
      vertex 44 -6.71751 18.7175
      vertex 44 -5.58396 19.6857
    endloop
  endfacet
  facet normal -1 0 0
    outer loop
      vertex 44 -8 3
      vertex 44 -3.65445 11.4212
      vertex 44 -3.51891 10.8566
    endloop
  endfacet
  facet normal -1 0 0
    outer loop
      vertex 44 -3.65445 12.5788
      vertex 44 -7.68566 17.584
      vertex 44 -6.71751 18.7175
    endloop
  endfacet
  facet normal -1 0 0
    outer loop
      vertex 44 -8 3
      vertex 44 -3.51891 10.8566
      vertex 44 -3.29672 10.3202
    endloop
  endfacet
  facet normal -1 -0 0
    outer loop
      vertex 44 -1.14336 8.48109
      vertex 44 -8 3
      vertex 44 -1.67976 8.70328
    endloop
  endfacet
  facet normal -1 0 0
    outer loop
      vertex 44 -8 3
      vertex 44 -2.1748 9.00664
      vertex 44 -1.67976 8.70328
    endloop
  endfacet
  facet normal -1 0 0
    outer loop
      vertex 44 -8 3
      vertex 44 -2.61629 9.3837
      vertex 44 -2.1748 9.00664
    endloop
  endfacet
  facet normal -1 0 0
    outer loop
      vertex 44 -8 3
      vertex 44 -2.99336 9.82519
      vertex 44 -2.61629 9.3837
    endloop
  endfacet
  facet normal -1 0 0
    outer loop
      vertex 44 -8 3
      vertex 44 -3.29672 10.3202
      vertex 44 -2.99336 9.82519
    endloop
  endfacet
  facet normal -1 -0 0
    outer loop
      vertex 44 -3.65445 11.4212
      vertex 44 -8 3
      vertex 44 -8.46456 16.3129
    endloop
  endfacet
  facet normal -1 0 0
    outer loop
      vertex 44 -3.65445 12.5788
      vertex 44 -8.46456 16.3129
      vertex 44 -7.68566 17.584
    endloop
  endfacet
  facet normal -1 0 0
    outer loop
      vertex 44 2.99336 14.1748
      vertex 44 7.68566 17.584
      vertex 44 3.29672 13.6798
    endloop
  endfacet
  facet normal -1 -0 0
    outer loop
      vertex 44 7.68566 17.584
      vertex 44 2.99336 14.1748
      vertex 44 6.71751 18.7175
    endloop
  endfacet
  facet normal -1 0 0
    outer loop
      vertex 44 2.61629 14.6163
      vertex 44 6.71751 18.7175
      vertex 44 2.99336 14.1748
    endloop
  endfacet
  facet normal -1 -0 0
    outer loop
      vertex 44 6.71751 18.7175
      vertex 44 2.61629 14.6163
      vertex 44 5.58396 19.6857
    endloop
  endfacet
  facet normal -1 0 0
    outer loop
      vertex 44 2.1748 14.9934
      vertex 44 5.58396 19.6857
      vertex 44 2.61629 14.6163
    endloop
  endfacet
  facet normal -1 -0 0
    outer loop
      vertex 44 5.58396 19.6857
      vertex 44 2.1748 14.9934
      vertex 44 4.31291 20.4646
    endloop
  endfacet
  facet normal -1 0 0
    outer loop
      vertex 44 1.67976 15.2967
      vertex 44 4.31291 20.4646
      vertex 44 2.1748 14.9934
    endloop
  endfacet
  facet normal -1 -0 0
    outer loop
      vertex 44 4.31291 20.4646
      vertex 44 1.67976 15.2967
      vertex 44 2.93566 21.035
    endloop
  endfacet
  facet normal -1 0 0
    outer loop
      vertex 44 1.14336 15.5189
      vertex 44 2.93566 21.035
      vertex 44 1.67976 15.2967
    endloop
  endfacet
  facet normal -1 -0 0
    outer loop
      vertex 44 2.93566 21.035
      vertex 44 1.14336 15.5189
      vertex 44 1.48613 21.383
    endloop
  endfacet
  facet normal -1 0 0
    outer loop
      vertex 44 0.578807 15.6544
      vertex 44 1.48613 21.383
      vertex 44 1.14336 15.5189
    endloop
  endfacet
  facet normal -1 0 0
    outer loop
      vertex 44 0 15.7
      vertex 44 1.48613 21.383
      vertex 44 0.578807 15.6544
    endloop
  endfacet
  facet normal -1 0 0
    outer loop
      vertex 44 0 15.7
      vertex 44 0 21.5
      vertex 44 1.48613 21.383
    endloop
  endfacet
  facet normal -1 0 0
    outer loop
      vertex 44 -0.578807 15.6544
      vertex 44 0 21.5
      vertex 44 0 15.7
    endloop
  endfacet
  facet normal -1 0 0
    outer loop
      vertex 44 -1.48613 21.383
      vertex 44 -0.578807 15.6544
      vertex 44 -1.14336 15.5189
    endloop
  endfacet
  facet normal -1 0 0
    outer loop
      vertex 44 -0.578807 15.6544
      vertex 44 -1.48613 21.383
      vertex 44 0 21.5
    endloop
  endfacet
  facet normal -1 0 0
    outer loop
      vertex 44 -2.93566 21.035
      vertex 44 -1.14336 15.5189
      vertex 44 -1.67976 15.2967
    endloop
  endfacet
  facet normal -1 0 0
    outer loop
      vertex 44 -4.31291 20.4646
      vertex 44 -1.67976 15.2967
      vertex 44 -2.1748 14.9934
    endloop
  endfacet
  facet normal -1 0 0
    outer loop
      vertex 44 -5.58396 19.6857
      vertex 44 -2.1748 14.9934
      vertex 44 -2.61629 14.6163
    endloop
  endfacet
  facet normal -1 0 0
    outer loop
      vertex 44 -1.14336 15.5189
      vertex 44 -2.93566 21.035
      vertex 44 -1.48613 21.383
    endloop
  endfacet
  facet normal -1 0 0
    outer loop
      vertex 44 -5.58396 19.6857
      vertex 44 -2.61629 14.6163
      vertex 44 -2.99336 14.1748
    endloop
  endfacet
  facet normal -1 0 0
    outer loop
      vertex 44 -5.58396 19.6857
      vertex 44 -2.99336 14.1748
      vertex 44 -3.29672 13.6798
    endloop
  endfacet
  facet normal -1 0 0
    outer loop
      vertex 44 -5.58396 19.6857
      vertex 44 -3.29672 13.6798
      vertex 44 -3.51891 13.1434
    endloop
  endfacet
  facet normal -1 0 0
    outer loop
      vertex 44 -5.58396 19.6857
      vertex 44 -3.51891 13.1434
      vertex 44 -3.65445 12.5788
    endloop
  endfacet
  facet normal -1 0 0
    outer loop
      vertex 44 -1.67976 15.2967
      vertex 44 -4.31291 20.4646
      vertex 44 -2.93566 21.035
    endloop
  endfacet
  facet normal -1 0 0
    outer loop
      vertex 44 -8.46456 16.3129
      vertex 44 -3.65445 12.5788
      vertex 44 -3.7 12
    endloop
  endfacet
  facet normal 1 0 0
    outer loop
      vertex 47 9.38304 13.4861
      vertex 47 3.65445 12.5788
      vertex 47 3.7 12
    endloop
  endfacet
  facet normal 1 0 0
    outer loop
      vertex 47 5.58396 19.6857
      vertex 47 3.51891 13.1434
      vertex 47 3.65445 12.5788
    endloop
  endfacet
  facet normal 1 0 0
    outer loop
      vertex 47 5.58396 19.6857
      vertex 47 3.29672 13.6798
      vertex 47 3.51891 13.1434
    endloop
  endfacet
  facet normal 1 0 0
    outer loop
      vertex 47 5.58396 19.6857
      vertex 47 2.99336 14.1748
      vertex 47 3.29672 13.6798
    endloop
  endfacet
  facet normal 1 0 0
    outer loop
      vertex 47 1.67976 15.2967
      vertex 47 4.31291 20.4646
      vertex 47 2.93566 21.035
    endloop
  endfacet
  facet normal 1 0 0
    outer loop
      vertex 47 5.58396 19.6857
      vertex 47 2.61629 14.6163
      vertex 47 2.99336 14.1748
    endloop
  endfacet
  facet normal 1 0 0
    outer loop
      vertex 47 5.58396 19.6857
      vertex 47 2.1748 14.9934
      vertex 47 2.61629 14.6163
    endloop
  endfacet
  facet normal 1 0 0
    outer loop
      vertex 47 4.31291 20.4646
      vertex 47 1.67976 15.2967
      vertex 47 2.1748 14.9934
    endloop
  endfacet
  facet normal 1 0 0
    outer loop
      vertex 47 1.14336 15.5189
      vertex 47 2.93566 21.035
      vertex 47 1.48613 21.383
    endloop
  endfacet
  facet normal 1 0 0
    outer loop
      vertex 47 2.93566 21.035
      vertex 47 1.14336 15.5189
      vertex 47 1.67976 15.2967
    endloop
  endfacet
  facet normal 1 0 0
    outer loop
      vertex 47 1.48613 21.383
      vertex 47 0.578807 15.6544
      vertex 47 1.14336 15.5189
    endloop
  endfacet
  facet normal 1 0 0
    outer loop
      vertex 47 0 21.5
      vertex 47 0.578807 15.6544
      vertex 47 1.48613 21.383
    endloop
  endfacet
  facet normal 1 0 0
    outer loop
      vertex 47 0 21.5
      vertex 47 0 15.7
      vertex 47 0.578807 15.6544
    endloop
  endfacet
  facet normal 1 0 0
    outer loop
      vertex 47 0 21.5
      vertex 47 -0.578807 15.6544
      vertex 47 0 15.7
    endloop
  endfacet
  facet normal 1 -0 0
    outer loop
      vertex 47 -1.48613 21.383
      vertex 47 -0.578807 15.6544
      vertex 47 0 21.5
    endloop
  endfacet
  facet normal 1 0 0
    outer loop
      vertex 47 -0.578807 15.6544
      vertex 47 -1.48613 21.383
      vertex 47 -1.14336 15.5189
    endloop
  endfacet
  facet normal 1 -0 0
    outer loop
      vertex 47 -2.93566 21.035
      vertex 47 -1.14336 15.5189
      vertex 47 -1.48613 21.383
    endloop
  endfacet
  facet normal 1 0 0
    outer loop
      vertex 47 -1.14336 15.5189
      vertex 47 -2.93566 21.035
      vertex 47 -1.67976 15.2967
    endloop
  endfacet
  facet normal 1 -0 0
    outer loop
      vertex 47 -4.31291 20.4646
      vertex 47 -1.67976 15.2967
      vertex 47 -2.93566 21.035
    endloop
  endfacet
  facet normal 1 0 0
    outer loop
      vertex 47 -1.67976 15.2967
      vertex 47 -4.31291 20.4646
      vertex 47 -2.1748 14.9934
    endloop
  endfacet
  facet normal 1 -0 0
    outer loop
      vertex 47 -5.58396 19.6857
      vertex 47 -2.1748 14.9934
      vertex 47 -4.31291 20.4646
    endloop
  endfacet
  facet normal 1 0 0
    outer loop
      vertex 47 -2.1748 14.9934
      vertex 47 -5.58396 19.6857
      vertex 47 -2.61629 14.6163
    endloop
  endfacet
  facet normal 1 -0 0
    outer loop
      vertex 47 -6.71751 18.7175
      vertex 47 -2.61629 14.6163
      vertex 47 -5.58396 19.6857
    endloop
  endfacet
  facet normal 1 0 0
    outer loop
      vertex 47 -2.61629 14.6163
      vertex 47 -6.71751 18.7175
      vertex 47 -2.99336 14.1748
    endloop
  endfacet
  facet normal 1 0 0
    outer loop
      vertex 47 -2.99336 14.1748
      vertex 47 -7.68566 17.584
      vertex 47 -3.29672 13.6798
    endloop
  endfacet
  facet normal 1 -0 0
    outer loop
      vertex 47 -7.68566 17.584
      vertex 47 -2.99336 14.1748
      vertex 47 -6.71751 18.7175
    endloop
  endfacet
  facet normal 1 -0 0
    outer loop
      vertex 47 3.29672 10.3202
      vertex 47 11 3.5
      vertex 47 9.38304 13.4861
    endloop
  endfacet
  facet normal 1 0 0
    outer loop
      vertex 47 3.65445 12.5788
      vertex 47 9.38304 13.4861
      vertex 47 9.03504 14.9357
    endloop
  endfacet
  facet normal 1 0 0
    outer loop
      vertex 47 3.65445 12.5788
      vertex 47 9.03504 14.9357
      vertex 47 8.46456 16.3129
    endloop
  endfacet
  facet normal 1 0 0
    outer loop
      vertex 47 3.65445 12.5788
      vertex 47 8.46456 16.3129
      vertex 47 7.68566 17.584
    endloop
  endfacet
  facet normal 1 0 0
    outer loop
      vertex 47 3.65445 12.5788
      vertex 47 7.68566 17.584
      vertex 47 6.71751 18.7175
    endloop
  endfacet
  facet normal 1 0 0
    outer loop
      vertex 47 3.65445 12.5788
      vertex 47 6.71751 18.7175
      vertex 47 5.58396 19.6857
    endloop
  endfacet
  facet normal 1 0 0
    outer loop
      vertex 47 2.1748 14.9934
      vertex 47 5.58396 19.6857
      vertex 47 4.31291 20.4646
    endloop
  endfacet
  facet normal 1 0 0
    outer loop
      vertex 47 9.38304 13.4861
      vertex 47 3.7 12
      vertex 47 3.65445 11.4212
    endloop
  endfacet
  facet normal 1 0 0
    outer loop
      vertex 47 9.38304 13.4861
      vertex 47 3.65445 11.4212
      vertex 47 3.51891 10.8566
    endloop
  endfacet
  facet normal 1 0 0
    outer loop
      vertex 47 3.29672 10.3202
      vertex 47 9.38304 13.4861
      vertex 47 3.51891 10.8566
    endloop
  endfacet
  facet normal 1 -0 0
    outer loop
      vertex 47 2.99336 9.82519
      vertex 47 11 3.5
      vertex 47 3.29672 10.3202
    endloop
  endfacet
  facet normal 1 -0 0
    outer loop
      vertex 47 2.61629 9.3837
      vertex 47 11 3.5
      vertex 47 2.99336 9.82519
    endloop
  endfacet
  facet normal 1 -0 0
    outer loop
      vertex 47 2.1748 9.00664
      vertex 47 11 3.5
      vertex 47 2.61629 9.3837
    endloop
  endfacet
  facet normal 1 -0 0
    outer loop
      vertex 47 1.67976 8.70328
      vertex 47 11 3.5
      vertex 47 2.1748 9.00664
    endloop
  endfacet
  facet normal 1 0 0
    outer loop
      vertex 47 11 3.5
      vertex 47 1.67976 8.70328
      vertex 47 11 3
    endloop
  endfacet
  facet normal 1 -0 0
    outer loop
      vertex 47 1.14336 8.48109
      vertex 47 11 3
      vertex 47 1.67976 8.70328
    endloop
  endfacet
  facet normal 1 -0 0
    outer loop
      vertex 47 0.578807 8.34555
      vertex 47 11 3
      vertex 47 1.14336 8.48109
    endloop
  endfacet
  facet normal 1 0 0
    outer loop
      vertex 47 -8 3
      vertex 47 0.578807 8.34555
      vertex 47 0 8.3
    endloop
  endfacet
  facet normal 1 0 0
    outer loop
      vertex 47 -8 3
      vertex 47 0 8.3
      vertex 47 -0.578807 8.34555
    endloop
  endfacet
  facet normal 1 0 0
    outer loop
      vertex 47 -8 3
      vertex 47 -0.578807 8.34555
      vertex 47 -1.14336 8.48109
    endloop
  endfacet
  facet normal 1 0 0
    outer loop
      vertex 47 -8 3
      vertex 47 -1.14336 8.48109
      vertex 47 -1.67976 8.70328
    endloop
  endfacet
  facet normal 1 -0 0
    outer loop
      vertex 47 -8.46456 16.3129
      vertex 47 -3.29672 13.6798
      vertex 47 -7.68566 17.584
    endloop
  endfacet
  facet normal 1 0 0
    outer loop
      vertex 47 -3.29672 13.6798
      vertex 47 -8.46456 16.3129
      vertex 47 -3.51891 13.1434
    endloop
  endfacet
  facet normal 1 -0 0
    outer loop
      vertex 47 -9.03504 14.9357
      vertex 47 -3.51891 13.1434
      vertex 47 -8.46456 16.3129
    endloop
  endfacet
  facet normal 1 0 0
    outer loop
      vertex 47 -3.51891 13.1434
      vertex 47 -9.03504 14.9357
      vertex 47 -3.65445 12.5788
    endloop
  endfacet
  facet normal 1 -0 0
    outer loop
      vertex 47 -9.38304 13.4861
      vertex 47 -3.65445 12.5788
      vertex 47 -9.03504 14.9357
    endloop
  endfacet
  facet normal 1 0 0
    outer loop
      vertex 47 -3.65445 12.5788
      vertex 47 -9.38304 13.4861
      vertex 47 -3.7 12
    endloop
  endfacet
  facet normal 1 0 0
    outer loop
      vertex 47 0.578807 8.34555
      vertex 47 -8 3
      vertex 47 11 3
    endloop
  endfacet
  facet normal 1 0 0
    outer loop
      vertex 47 -2.1748 9.00664
      vertex 47 -8 3
      vertex 47 -1.67976 8.70328
    endloop
  endfacet
  facet normal 1 0 0
    outer loop
      vertex 47 -2.61629 9.3837
      vertex 47 -8 3
      vertex 47 -2.1748 9.00664
    endloop
  endfacet
  facet normal 1 0 0
    outer loop
      vertex 47 -2.99336 9.82519
      vertex 47 -8 3
      vertex 47 -2.61629 9.3837
    endloop
  endfacet
  facet normal 1 0 0
    outer loop
      vertex 47 -3.29672 10.3202
      vertex 47 -8 3
      vertex 47 -2.99336 9.82519
    endloop
  endfacet
  facet normal 1 0 0
    outer loop
      vertex 47 -3.7 12
      vertex 47 -9.38304 13.4861
      vertex 47 -3.65445 11.4212
    endloop
  endfacet
  facet normal 1 0 0
    outer loop
      vertex 47 -3.65445 11.4212
      vertex 47 -9.38304 13.4861
      vertex 47 -3.51891 10.8566
    endloop
  endfacet
  facet normal 1 0 0
    outer loop
      vertex 47 -3.29672 10.3202
      vertex 47 -9.38304 13.4861
      vertex 47 -8 3
    endloop
  endfacet
  facet normal 1 0 0
    outer loop
      vertex 47 -3.51891 10.8566
      vertex 47 -9.38304 13.4861
      vertex 47 -3.29672 10.3202
    endloop
  endfacet
  facet normal 1 -0 0
    outer loop
      vertex 47 -11 3.5
      vertex 47 -8 3
      vertex 47 -9.38304 13.4861
    endloop
  endfacet
  facet normal 1 0 0
    outer loop
      vertex 47 -11 2.5
      vertex 47 -8 3
      vertex 47 -11 3.5
    endloop
  endfacet
  facet normal 1 0 0
    outer loop
      vertex 47 -8 3
      vertex 47 -11 2.5
      vertex 47 -8 2.5
    endloop
  endfacet
  facet normal 0 -0.38264 0.923897
    outer loop
      vertex 44 -2.93566 21.035
      vertex 47 -4.31291 20.4646
      vertex 47 -2.93566 21.035
    endloop
  endfacet
  facet normal 0 -0.38264 0.923897
    outer loop
      vertex 47 -4.31291 20.4646
      vertex 44 -2.93566 21.035
      vertex 44 -4.31291 20.4646
    endloop
  endfacet
  facet normal 0 -0.522498 0.85264
    outer loop
      vertex 44 -4.31291 20.4646
      vertex 47 -5.58396 19.6857
      vertex 47 -4.31291 20.4646
    endloop
  endfacet
  facet normal 0 -0.522498 0.85264
    outer loop
      vertex 47 -5.58396 19.6857
      vertex 44 -4.31291 20.4646
      vertex 44 -5.58396 19.6857
    endloop
  endfacet
  facet normal 0 -0.522422 -0.852687
    outer loop
      vertex 44 1.67976 15.2967
      vertex 47 2.1748 14.9934
      vertex 47 1.67976 15.2967
    endloop
  endfacet
  facet normal -0 -0.522422 -0.852687
    outer loop
      vertex 47 2.1748 14.9934
      vertex 44 1.67976 15.2967
      vertex 44 2.1748 14.9934
    endloop
  endfacet
  facet normal 0 0.972373 -0.233432
    outer loop
      vertex 47 -3.65445 12.5788
      vertex 44 -3.51891 13.1434
      vertex 47 -3.51891 13.1434
    endloop
  endfacet
  facet normal 0 0.972373 -0.233432
    outer loop
      vertex 44 -3.51891 13.1434
      vertex 47 -3.65445 12.5788
      vertex 44 -3.65445 12.5788
    endloop
  endfacet
  facet normal 0 0.996918 -0.0784547
    outer loop
      vertex 47 -3.7 12
      vertex 44 -3.65445 12.5788
      vertex 47 -3.65445 12.5788
    endloop
  endfacet
  facet normal 0 0.996918 -0.0784547
    outer loop
      vertex 44 -3.65445 12.5788
      vertex 47 -3.7 12
      vertex 44 -3.7 12
    endloop
  endfacet
  facet normal 0 -0.852627 0.52252
    outer loop
      vertex 44 2.99336 9.82519
      vertex 47 3.29672 10.3202
      vertex 44 3.29672 10.3202
    endloop
  endfacet
  facet normal 0 -0.852627 0.52252
    outer loop
      vertex 47 3.29672 10.3202
      vertex 44 2.99336 9.82519
      vertex 47 2.99336 9.82519
    endloop
  endfacet
  facet normal 0 0.996918 0.0784547
    outer loop
      vertex 47 -3.65445 11.4212
      vertex 44 -3.7 12
      vertex 47 -3.7 12
    endloop
  endfacet
  facet normal 0 0.996918 0.0784547
    outer loop
      vertex 44 -3.7 12
      vertex 47 -3.65445 11.4212
      vertex 44 -3.65445 11.4212
    endloop
  endfacet
  facet normal 0 0.852627 0.52252
    outer loop
      vertex 47 -2.99336 9.82519
      vertex 44 -3.29672 10.3202
      vertex 47 -3.29672 10.3202
    endloop
  endfacet
  facet normal 0 0.852627 0.52252
    outer loop
      vertex 44 -3.29672 10.3202
      vertex 47 -2.99336 9.82519
      vertex 44 -2.99336 9.82519
    endloop
  endfacet
  facet normal 0 -0.0785394 -0.996911
    outer loop
      vertex 44 0 15.7
      vertex 47 0.578807 15.6544
      vertex 47 0 15.7
    endloop
  endfacet
  facet normal -0 -0.0785394 -0.996911
    outer loop
      vertex 47 0.578807 15.6544
      vertex 44 0 15.7
      vertex 44 0.578807 15.6544
    endloop
  endfacet
  facet normal 0 -0.923876 0.382692
    outer loop
      vertex 44 3.29672 10.3202
      vertex 47 3.51891 10.8566
      vertex 44 3.51891 10.8566
    endloop
  endfacet
  facet normal 0 -0.923876 0.382692
    outer loop
      vertex 47 3.51891 10.8566
      vertex 44 3.29672 10.3202
      vertex 47 3.29672 10.3202
    endloop
  endfacet
  facet normal 0 -0.760412 -0.649441
    outer loop
      vertex 44 2.99336 14.1748
      vertex 47 2.61629 14.6163
      vertex 44 2.61629 14.6163
    endloop
  endfacet
  facet normal 0 -0.760412 -0.649441
    outer loop
      vertex 47 2.61629 14.6163
      vertex 44 2.99336 14.1748
      vertex 47 2.99336 14.1748
    endloop
  endfacet
  facet normal 0 -0.522497 0.852641
    outer loop
      vertex 44 2.1748 9.00664
      vertex 47 1.67976 8.70328
      vertex 47 2.1748 9.00664
    endloop
  endfacet
  facet normal 0 -0.522497 0.852641
    outer loop
      vertex 47 1.67976 8.70328
      vertex 44 2.1748 9.00664
      vertex 44 1.67976 8.70328
    endloop
  endfacet
  facet normal 0 0.382707 -0.92387
    outer loop
      vertex 44 -1.67976 15.2967
      vertex 47 -1.14336 15.5189
      vertex 47 -1.67976 15.2967
    endloop
  endfacet
  facet normal 0 0.382707 -0.92387
    outer loop
      vertex 47 -1.14336 15.5189
      vertex 44 -1.67976 15.2967
      vertex 44 -1.14336 15.5189
    endloop
  endfacet
  facet normal -0 0.0784538 0.996918
    outer loop
      vertex 44 0 8.3
      vertex 47 -0.578807 8.34555
      vertex 47 0 8.3
    endloop
  endfacet
  facet normal 0 0.0784538 0.996918
    outer loop
      vertex 47 -0.578807 8.34555
      vertex 44 0 8.3
      vertex 44 -0.578807 8.34555
    endloop
  endfacet
  facet normal 0 -0.996918 -0.0784547
    outer loop
      vertex 44 3.7 12
      vertex 47 3.65445 12.5788
      vertex 44 3.65445 12.5788
    endloop
  endfacet
  facet normal 0 -0.996918 -0.0784547
    outer loop
      vertex 47 3.65445 12.5788
      vertex 44 3.7 12
      vertex 47 3.7 12
    endloop
  endfacet
  facet normal 0 0.852622 -0.522528
    outer loop
      vertex 47 -3.29672 13.6798
      vertex 44 -2.99336 14.1748
      vertex 47 -2.99336 14.1748
    endloop
  endfacet
  facet normal 0 0.852622 -0.522528
    outer loop
      vertex 44 -2.99336 14.1748
      vertex 47 -3.29672 13.6798
      vertex 44 -3.29672 13.6798
    endloop
  endfacet
  facet normal 0 -0.382692 0.923876
    outer loop
      vertex 44 1.67976 8.70328
      vertex 47 1.14336 8.48109
      vertex 47 1.67976 8.70328
    endloop
  endfacet
  facet normal 0 -0.382692 0.923876
    outer loop
      vertex 47 1.14336 8.48109
      vertex 44 1.67976 8.70328
      vertex 44 1.14336 8.48109
    endloop
  endfacet
  facet normal 0 0.760412 -0.649441
    outer loop
      vertex 47 -2.99336 14.1748
      vertex 44 -2.61629 14.6163
      vertex 47 -2.61629 14.6163
    endloop
  endfacet
  facet normal 0 0.760412 -0.649441
    outer loop
      vertex 44 -2.61629 14.6163
      vertex 47 -2.99336 14.1748
      vertex 44 -2.99336 14.1748
    endloop
  endfacet
  facet normal -0 0.23345 0.972369
    outer loop
      vertex 44 -0.578807 8.34555
      vertex 47 -1.14336 8.48109
      vertex 47 -0.578807 8.34555
    endloop
  endfacet
  facet normal 0 0.23345 0.972369
    outer loop
      vertex 47 -1.14336 8.48109
      vertex 44 -0.578807 8.34555
      vertex 44 -1.14336 8.48109
    endloop
  endfacet
  facet normal -0 0.522497 0.852641
    outer loop
      vertex 44 -1.67976 8.70328
      vertex 47 -2.1748 9.00664
      vertex 47 -1.67976 8.70328
    endloop
  endfacet
  facet normal 0 0.522497 0.852641
    outer loop
      vertex 47 -2.1748 9.00664
      vertex 44 -1.67976 8.70328
      vertex 44 -2.1748 9.00664
    endloop
  endfacet
  facet normal 0 -0.64944 0.760413
    outer loop
      vertex 44 2.61629 9.3837
      vertex 47 2.1748 9.00664
      vertex 47 2.61629 9.3837
    endloop
  endfacet
  facet normal 0 -0.64944 0.760413
    outer loop
      vertex 47 2.1748 9.00664
      vertex 44 2.61629 9.3837
      vertex 44 2.1748 9.00664
    endloop
  endfacet
  facet normal 0 -0.996918 0.0784547
    outer loop
      vertex 44 3.65445 11.4212
      vertex 47 3.7 12
      vertex 44 3.7 12
    endloop
  endfacet
  facet normal 0 -0.996918 0.0784547
    outer loop
      vertex 47 3.7 12
      vertex 44 3.65445 11.4212
      vertex 47 3.65445 11.4212
    endloop
  endfacet
  facet normal 0 -0.972373 0.233432
    outer loop
      vertex 44 3.51891 10.8566
      vertex 47 3.65445 11.4212
      vertex 44 3.65445 11.4212
    endloop
  endfacet
  facet normal 0 -0.972373 0.233432
    outer loop
      vertex 47 3.65445 11.4212
      vertex 44 3.51891 10.8566
      vertex 47 3.51891 10.8566
    endloop
  endfacet
  facet normal 0 -0.0784538 0.996918
    outer loop
      vertex 44 0.578807 8.34555
      vertex 47 0 8.3
      vertex 47 0.578807 8.34555
    endloop
  endfacet
  facet normal 0 -0.0784538 0.996918
    outer loop
      vertex 47 0 8.3
      vertex 44 0.578807 8.34555
      vertex 44 0 8.3
    endloop
  endfacet
  facet normal 0 0.760404 0.64945
    outer loop
      vertex 47 -2.61629 9.3837
      vertex 44 -2.99336 9.82519
      vertex 47 -2.99336 9.82519
    endloop
  endfacet
  facet normal 0 0.760404 0.64945
    outer loop
      vertex 44 -2.99336 9.82519
      vertex 47 -2.61629 9.3837
      vertex 44 -2.61629 9.3837
    endloop
  endfacet
  facet normal 0 0.0785394 -0.996911
    outer loop
      vertex 44 -0.578807 15.6544
      vertex 47 0 15.7
      vertex 47 -0.578807 15.6544
    endloop
  endfacet
  facet normal 0 0.0785394 -0.996911
    outer loop
      vertex 47 0 15.7
      vertex 44 -0.578807 15.6544
      vertex 44 0 15.7
    endloop
  endfacet
  facet normal 0 0.923876 0.382692
    outer loop
      vertex 47 -3.29672 10.3202
      vertex 44 -3.51891 10.8566
      vertex 47 -3.51891 10.8566
    endloop
  endfacet
  facet normal 0 0.923876 0.382692
    outer loop
      vertex 44 -3.51891 10.8566
      vertex 47 -3.29672 10.3202
      vertex 44 -3.29672 10.3202
    endloop
  endfacet
  facet normal 0 0.522422 -0.852687
    outer loop
      vertex 44 -2.1748 14.9934
      vertex 47 -1.67976 15.2967
      vertex 47 -2.1748 14.9934
    endloop
  endfacet
  facet normal 0 0.522422 -0.852687
    outer loop
      vertex 47 -1.67976 15.2967
      vertex 44 -2.1748 14.9934
      vertex 44 -1.67976 15.2967
    endloop
  endfacet
  facet normal 0 0.233385 -0.972384
    outer loop
      vertex 44 -1.14336 15.5189
      vertex 47 -0.578807 15.6544
      vertex 47 -1.14336 15.5189
    endloop
  endfacet
  facet normal 0 0.233385 -0.972384
    outer loop
      vertex 47 -0.578807 15.6544
      vertex 44 -1.14336 15.5189
      vertex 44 -0.578807 15.6544
    endloop
  endfacet
  facet normal 0 -0.760404 0.64945
    outer loop
      vertex 44 2.61629 9.3837
      vertex 47 2.99336 9.82519
      vertex 44 2.99336 9.82519
    endloop
  endfacet
  facet normal 0 -0.760404 0.64945
    outer loop
      vertex 47 2.99336 9.82519
      vertex 44 2.61629 9.3837
      vertex 47 2.61629 9.3837
    endloop
  endfacet
  facet normal 0 0.972373 0.233432
    outer loop
      vertex 47 -3.51891 10.8566
      vertex 44 -3.65445 11.4212
      vertex 47 -3.65445 11.4212
    endloop
  endfacet
  facet normal 0 0.972373 0.233432
    outer loop
      vertex 44 -3.65445 11.4212
      vertex 47 -3.51891 10.8566
      vertex 44 -3.51891 10.8566
    endloop
  endfacet
  facet normal 0 0.64948 -0.760379
    outer loop
      vertex 44 -2.61629 14.6163
      vertex 47 -2.1748 14.9934
      vertex 47 -2.61629 14.6163
    endloop
  endfacet
  facet normal 0 0.64948 -0.760379
    outer loop
      vertex 47 -2.1748 14.9934
      vertex 44 -2.61629 14.6163
      vertex 44 -2.1748 14.9934
    endloop
  endfacet
  facet normal 0 -0.23345 0.972369
    outer loop
      vertex 44 1.14336 8.48109
      vertex 47 0.578807 8.34555
      vertex 47 1.14336 8.48109
    endloop
  endfacet
  facet normal 0 -0.23345 0.972369
    outer loop
      vertex 47 0.578807 8.34555
      vertex 44 1.14336 8.48109
      vertex 44 0.578807 8.34555
    endloop
  endfacet
  facet normal -0 0.382692 0.923876
    outer loop
      vertex 44 -1.14336 8.48109
      vertex 47 -1.67976 8.70328
      vertex 47 -1.14336 8.48109
    endloop
  endfacet
  facet normal 0 0.382692 0.923876
    outer loop
      vertex 47 -1.67976 8.70328
      vertex 44 -1.14336 8.48109
      vertex 44 -1.67976 8.70328
    endloop
  endfacet
  facet normal 0 -0.972373 -0.233432
    outer loop
      vertex 44 3.65445 12.5788
      vertex 47 3.51891 13.1434
      vertex 44 3.51891 13.1434
    endloop
  endfacet
  facet normal 0 -0.972373 -0.233432
    outer loop
      vertex 47 3.51891 13.1434
      vertex 44 3.65445 12.5788
      vertex 47 3.65445 12.5788
    endloop
  endfacet
  facet normal -0 0.64944 0.760413
    outer loop
      vertex 44 -2.1748 9.00664
      vertex 47 -2.61629 9.3837
      vertex 47 -2.1748 9.00664
    endloop
  endfacet
  facet normal 0 0.64944 0.760413
    outer loop
      vertex 47 -2.61629 9.3837
      vertex 44 -2.1748 9.00664
      vertex 44 -2.61629 9.3837
    endloop
  endfacet
  facet normal 0 -0.923876 -0.382692
    outer loop
      vertex 44 3.51891 13.1434
      vertex 47 3.29672 13.6798
      vertex 44 3.29672 13.6798
    endloop
  endfacet
  facet normal 0 -0.923876 -0.382692
    outer loop
      vertex 47 3.29672 13.6798
      vertex 44 3.51891 13.1434
      vertex 47 3.51891 13.1434
    endloop
  endfacet
  facet normal 0 -0.852622 -0.522528
    outer loop
      vertex 44 3.29672 13.6798
      vertex 47 2.99336 14.1748
      vertex 44 2.99336 14.1748
    endloop
  endfacet
  facet normal 0 -0.852622 -0.522528
    outer loop
      vertex 47 2.99336 14.1748
      vertex 44 3.29672 13.6798
      vertex 47 3.29672 13.6798
    endloop
  endfacet
  facet normal 0 -0.64948 -0.760379
    outer loop
      vertex 44 2.1748 14.9934
      vertex 47 2.61629 14.6163
      vertex 47 2.1748 14.9934
    endloop
  endfacet
  facet normal -0 -0.64948 -0.760379
    outer loop
      vertex 47 2.61629 14.6163
      vertex 44 2.1748 14.9934
      vertex 44 2.61629 14.6163
    endloop
  endfacet
  facet normal 0 -0.233385 -0.972384
    outer loop
      vertex 44 0.578807 15.6544
      vertex 47 1.14336 15.5189
      vertex 47 0.578807 15.6544
    endloop
  endfacet
  facet normal -0 -0.233385 -0.972384
    outer loop
      vertex 47 1.14336 15.5189
      vertex 44 0.578807 15.6544
      vertex 44 1.14336 15.5189
    endloop
  endfacet
  facet normal 0 -0.382707 -0.92387
    outer loop
      vertex 44 1.14336 15.5189
      vertex 47 1.67976 15.2967
      vertex 47 1.14336 15.5189
    endloop
  endfacet
  facet normal -0 -0.382707 -0.92387
    outer loop
      vertex 47 1.67976 15.2967
      vertex 44 1.14336 15.5189
      vertex 44 1.67976 15.2967
    endloop
  endfacet
  facet normal 0 0.923876 -0.382692
    outer loop
      vertex 47 -3.51891 13.1434
      vertex 44 -3.29672 13.6798
      vertex 47 -3.29672 13.6798
    endloop
  endfacet
  facet normal 0 0.923876 -0.382692
    outer loop
      vertex 44 -3.29672 13.6798
      vertex 47 -3.51891 13.1434
      vertex 44 -3.51891 13.1434
    endloop
  endfacet
  facet normal 0 -0.987142 0.159843
    outer loop
      vertex -44 27 3.5
      vertex -41 28.617 13.4861
      vertex -44 28.617 13.4861
    endloop
  endfacet
  facet normal 0 -0.987142 0.159843
    outer loop
      vertex -41 28.617 13.4861
      vertex -44 27 3.5
      vertex -41 27 3.5
    endloop
  endfacet
  facet normal 1 0 0
    outer loop
      vertex -41 47.383 13.4861
      vertex -41 41.6544 12.5788
      vertex -41 41.7 12
    endloop
  endfacet
  facet normal 1 0 0
    outer loop
      vertex -41 43.584 19.6857
      vertex -41 41.5189 13.1434
      vertex -41 41.6544 12.5788
    endloop
  endfacet
  facet normal 1 0 0
    outer loop
      vertex -41 43.584 19.6857
      vertex -41 41.2967 13.6798
      vertex -41 41.5189 13.1434
    endloop
  endfacet
  facet normal 1 0 0
    outer loop
      vertex -41 43.584 19.6857
      vertex -41 40.9934 14.1748
      vertex -41 41.2967 13.6798
    endloop
  endfacet
  facet normal 1 0 0
    outer loop
      vertex -41 39.6798 15.2967
      vertex -41 42.3129 20.4646
      vertex -41 40.9357 21.035
    endloop
  endfacet
  facet normal 1 0 0
    outer loop
      vertex -41 43.584 19.6857
      vertex -41 40.6163 14.6163
      vertex -41 40.9934 14.1748
    endloop
  endfacet
  facet normal 1 0 0
    outer loop
      vertex -41 43.584 19.6857
      vertex -41 40.1748 14.9934
      vertex -41 40.6163 14.6163
    endloop
  endfacet
  facet normal 1 0 0
    outer loop
      vertex -41 42.3129 20.4646
      vertex -41 39.6798 15.2967
      vertex -41 40.1748 14.9934
    endloop
  endfacet
  facet normal 1 0 0
    outer loop
      vertex -41 39.1434 15.5189
      vertex -41 40.9357 21.035
      vertex -41 39.4861 21.383
    endloop
  endfacet
  facet normal 1 0 0
    outer loop
      vertex -41 40.9357 21.035
      vertex -41 39.1434 15.5189
      vertex -41 39.6798 15.2967
    endloop
  endfacet
  facet normal 1 0 0
    outer loop
      vertex -41 39.4861 21.383
      vertex -41 38.5788 15.6544
      vertex -41 39.1434 15.5189
    endloop
  endfacet
  facet normal 1 0 0
    outer loop
      vertex -41 38 21.5
      vertex -41 38.5788 15.6544
      vertex -41 39.4861 21.383
    endloop
  endfacet
  facet normal 1 0 0
    outer loop
      vertex -41 38 21.5
      vertex -41 38 15.7
      vertex -41 38.5788 15.6544
    endloop
  endfacet
  facet normal 1 0 0
    outer loop
      vertex -41 38 21.5
      vertex -41 37.4212 15.6544
      vertex -41 38 15.7
    endloop
  endfacet
  facet normal 1 -0 0
    outer loop
      vertex -41 36.5139 21.383
      vertex -41 37.4212 15.6544
      vertex -41 38 21.5
    endloop
  endfacet
  facet normal 1 0 0
    outer loop
      vertex -41 37.4212 15.6544
      vertex -41 36.5139 21.383
      vertex -41 36.8566 15.5189
    endloop
  endfacet
  facet normal 1 -0 0
    outer loop
      vertex -41 35.0643 21.035
      vertex -41 36.8566 15.5189
      vertex -41 36.5139 21.383
    endloop
  endfacet
  facet normal 1 0 0
    outer loop
      vertex -41 36.8566 15.5189
      vertex -41 35.0643 21.035
      vertex -41 36.3202 15.2967
    endloop
  endfacet
  facet normal 1 -0 0
    outer loop
      vertex -41 33.6871 20.4646
      vertex -41 36.3202 15.2967
      vertex -41 35.0643 21.035
    endloop
  endfacet
  facet normal 1 0 0
    outer loop
      vertex -41 36.3202 15.2967
      vertex -41 33.6871 20.4646
      vertex -41 35.8252 14.9934
    endloop
  endfacet
  facet normal 1 -0 0
    outer loop
      vertex -41 32.416 19.6857
      vertex -41 35.8252 14.9934
      vertex -41 33.6871 20.4646
    endloop
  endfacet
  facet normal 1 0 0
    outer loop
      vertex -41 35.8252 14.9934
      vertex -41 32.416 19.6857
      vertex -41 35.3837 14.6163
    endloop
  endfacet
  facet normal 1 -0 0
    outer loop
      vertex -41 31.2825 18.7175
      vertex -41 35.3837 14.6163
      vertex -41 32.416 19.6857
    endloop
  endfacet
  facet normal 1 0 0
    outer loop
      vertex -41 35.3837 14.6163
      vertex -41 31.2825 18.7175
      vertex -41 35.0066 14.1748
    endloop
  endfacet
  facet normal 1 0 0
    outer loop
      vertex -41 35.0066 14.1748
      vertex -41 30.3143 17.584
      vertex -41 34.7033 13.6798
    endloop
  endfacet
  facet normal 1 -0 0
    outer loop
      vertex -41 30.3143 17.584
      vertex -41 35.0066 14.1748
      vertex -41 31.2825 18.7175
    endloop
  endfacet
  facet normal 1 -0 0
    outer loop
      vertex -41 41.2967 10.3202
      vertex -41 49 3.5
      vertex -41 47.383 13.4861
    endloop
  endfacet
  facet normal 1 0 0
    outer loop
      vertex -41 41.6544 12.5788
      vertex -41 47.383 13.4861
      vertex -41 47.035 14.9357
    endloop
  endfacet
  facet normal 1 0 0
    outer loop
      vertex -41 41.6544 12.5788
      vertex -41 47.035 14.9357
      vertex -41 46.4646 16.3129
    endloop
  endfacet
  facet normal 1 0 0
    outer loop
      vertex -41 41.6544 12.5788
      vertex -41 46.4646 16.3129
      vertex -41 45.6857 17.584
    endloop
  endfacet
  facet normal 1 0 0
    outer loop
      vertex -41 41.6544 12.5788
      vertex -41 45.6857 17.584
      vertex -41 44.7175 18.7175
    endloop
  endfacet
  facet normal 1 0 0
    outer loop
      vertex -41 41.6544 12.5788
      vertex -41 44.7175 18.7175
      vertex -41 43.584 19.6857
    endloop
  endfacet
  facet normal 1 0 0
    outer loop
      vertex -41 40.1748 14.9934
      vertex -41 43.584 19.6857
      vertex -41 42.3129 20.4646
    endloop
  endfacet
  facet normal 1 0 0
    outer loop
      vertex -41 47.383 13.4861
      vertex -41 41.7 12
      vertex -41 41.6544 11.4212
    endloop
  endfacet
  facet normal 1 0 0
    outer loop
      vertex -41 47.383 13.4861
      vertex -41 41.6544 11.4212
      vertex -41 41.5189 10.8566
    endloop
  endfacet
  facet normal 1 0 0
    outer loop
      vertex -41 41.2967 10.3202
      vertex -41 47.383 13.4861
      vertex -41 41.5189 10.8566
    endloop
  endfacet
  facet normal 1 -0 0
    outer loop
      vertex -41 40.9934 9.82519
      vertex -41 49 3.5
      vertex -41 41.2967 10.3202
    endloop
  endfacet
  facet normal 1 -0 0
    outer loop
      vertex -41 40.6163 9.3837
      vertex -41 49 3.5
      vertex -41 40.9934 9.82519
    endloop
  endfacet
  facet normal 1 -0 0
    outer loop
      vertex -41 40.1748 9.00664
      vertex -41 49 3.5
      vertex -41 40.6163 9.3837
    endloop
  endfacet
  facet normal 1 -0 0
    outer loop
      vertex -41 39.6798 8.70328
      vertex -41 49 3.5
      vertex -41 40.1748 9.00664
    endloop
  endfacet
  facet normal 1 0 0
    outer loop
      vertex -41 49 3.5
      vertex -41 39.6798 8.70328
      vertex -41 49 3
    endloop
  endfacet
  facet normal 1 -0 0
    outer loop
      vertex -41 39.1434 8.48109
      vertex -41 49 3
      vertex -41 39.6798 8.70328
    endloop
  endfacet
  facet normal 1 -0 0
    outer loop
      vertex -41 38.5788 8.34555
      vertex -41 49 3
      vertex -41 39.1434 8.48109
    endloop
  endfacet
  facet normal 1 -0 0
    outer loop
      vertex -41 38 8.3
      vertex -41 49 3
      vertex -41 38.5788 8.34555
    endloop
  endfacet
  facet normal 1 0 0
    outer loop
      vertex -41 27 3
      vertex -41 38 8.3
      vertex -41 37.4212 8.34555
    endloop
  endfacet
  facet normal 1 0 0
    outer loop
      vertex -41 27 3
      vertex -41 37.4212 8.34555
      vertex -41 36.8566 8.48109
    endloop
  endfacet
  facet normal 1 0 0
    outer loop
      vertex -41 27 3
      vertex -41 36.8566 8.48109
      vertex -41 36.3202 8.70328
    endloop
  endfacet
  facet normal 1 -0 0
    outer loop
      vertex -41 29.5354 16.3129
      vertex -41 34.7033 13.6798
      vertex -41 30.3143 17.584
    endloop
  endfacet
  facet normal 1 0 0
    outer loop
      vertex -41 34.7033 13.6798
      vertex -41 29.5354 16.3129
      vertex -41 34.4811 13.1434
    endloop
  endfacet
  facet normal 1 -0 0
    outer loop
      vertex -41 28.965 14.9357
      vertex -41 34.4811 13.1434
      vertex -41 29.5354 16.3129
    endloop
  endfacet
  facet normal 1 0 0
    outer loop
      vertex -41 34.4811 13.1434
      vertex -41 28.965 14.9357
      vertex -41 34.3456 12.5788
    endloop
  endfacet
  facet normal 1 -0 0
    outer loop
      vertex -41 28.617 13.4861
      vertex -41 34.3456 12.5788
      vertex -41 28.965 14.9357
    endloop
  endfacet
  facet normal 1 0 0
    outer loop
      vertex -41 34.3456 12.5788
      vertex -41 28.617 13.4861
      vertex -41 34.3 12
    endloop
  endfacet
  facet normal 1 0 0
    outer loop
      vertex -41 34.3 12
      vertex -41 28.617 13.4861
      vertex -41 34.3456 11.4212
    endloop
  endfacet
  facet normal 1 0 0
    outer loop
      vertex -41 34.3456 11.4212
      vertex -41 28.617 13.4861
      vertex -41 34.4811 10.8566
    endloop
  endfacet
  facet normal 1 0 0
    outer loop
      vertex -41 34.4811 10.8566
      vertex -41 28.617 13.4861
      vertex -41 34.7033 10.3202
    endloop
  endfacet
  facet normal 1 0 0
    outer loop
      vertex -41 27 3.5
      vertex -41 34.7033 10.3202
      vertex -41 28.617 13.4861
    endloop
  endfacet
  facet normal 1 0 0
    outer loop
      vertex -41 34.7033 10.3202
      vertex -41 27 3.5
      vertex -41 35.0066 9.82519
    endloop
  endfacet
  facet normal 1 0 0
    outer loop
      vertex -41 35.0066 9.82519
      vertex -41 27 3.5
      vertex -41 35.3837 9.3837
    endloop
  endfacet
  facet normal 1 0 0
    outer loop
      vertex -41 35.3837 9.3837
      vertex -41 27 3.5
      vertex -41 35.8252 9.00664
    endloop
  endfacet
  facet normal 1 0 0
    outer loop
      vertex -41 27 3.5
      vertex -41 36.3202 8.70328
      vertex -41 35.8252 9.00664
    endloop
  endfacet
  facet normal 1 0 0
    outer loop
      vertex -41 27 3
      vertex -41 36.3202 8.70328
      vertex -41 27 3.5
    endloop
  endfacet
  facet normal 1 0 0
    outer loop
      vertex -41 38 8.3
      vertex -41 27 3
      vertex -41 49 3
    endloop
  endfacet
  facet normal 0 1 -0
    outer loop
      vertex -41 49 3
      vertex -44 49 3.5
      vertex -41 49 3.5
    endloop
  endfacet
  facet normal 0 1 0
    outer loop
      vertex -44 49 3.5
      vertex -41 49 3
      vertex -44 49 3
    endloop
  endfacet
  facet normal 0 0.923893 0.382652
    outer loop
      vertex -41 47.035 14.9357
      vertex -44 46.4646 16.3129
      vertex -41 46.4646 16.3129
    endloop
  endfacet
  facet normal 0 0.923893 0.382652
    outer loop
      vertex -44 46.4646 16.3129
      vertex -41 47.035 14.9357
      vertex -44 47.035 14.9357
    endloop
  endfacet
  facet normal 0 -0.760373 0.649487
    outer loop
      vertex -44 30.3143 17.584
      vertex -41 31.2825 18.7175
      vertex -44 31.2825 18.7175
    endloop
  endfacet
  facet normal 0 -0.760373 0.649487
    outer loop
      vertex -41 31.2825 18.7175
      vertex -44 30.3143 17.584
      vertex -41 30.3143 17.584
    endloop
  endfacet
  facet normal 0 -0.972373 0.233434
    outer loop
      vertex -44 28.617 13.4861
      vertex -41 28.965 14.9357
      vertex -44 28.965 14.9357
    endloop
  endfacet
  facet normal 0 -0.972373 0.233434
    outer loop
      vertex -41 28.965 14.9357
      vertex -44 28.617 13.4861
      vertex -41 28.617 13.4861
    endloop
  endfacet
  facet normal -0 0.382652 0.923893
    outer loop
      vertex -44 42.3129 20.4646
      vertex -41 40.9357 21.035
      vertex -41 42.3129 20.4646
    endloop
  endfacet
  facet normal 0 0.382652 0.923893
    outer loop
      vertex -41 40.9357 21.035
      vertex -44 42.3129 20.4646
      vertex -44 40.9357 21.035
    endloop
  endfacet
  facet normal 0 -0.923893 0.382652
    outer loop
      vertex -44 28.965 14.9357
      vertex -41 29.5354 16.3129
      vertex -44 29.5354 16.3129
    endloop
  endfacet
  facet normal 0 -0.923893 0.382652
    outer loop
      vertex -41 29.5354 16.3129
      vertex -44 28.965 14.9357
      vertex -41 28.965 14.9357
    endloop
  endfacet
  facet normal -0 0.0784867 0.996915
    outer loop
      vertex -44 39.4861 21.383
      vertex -41 38 21.5
      vertex -41 39.4861 21.383
    endloop
  endfacet
  facet normal 0 0.0784867 0.996915
    outer loop
      vertex -41 38 21.5
      vertex -44 39.4861 21.383
      vertex -44 38 21.5
    endloop
  endfacet
  facet normal 0 0.987142 0.159843
    outer loop
      vertex -41 49 3.5
      vertex -44 47.383 13.4861
      vertex -41 47.383 13.4861
    endloop
  endfacet
  facet normal 0 0.987142 0.159843
    outer loop
      vertex -44 47.383 13.4861
      vertex -41 49 3.5
      vertex -44 49 3.5
    endloop
  endfacet
  facet normal 0 -0.0784867 0.996915
    outer loop
      vertex -44 38 21.5
      vertex -41 36.5139 21.383
      vertex -41 38 21.5
    endloop
  endfacet
  facet normal 0 -0.0784867 0.996915
    outer loop
      vertex -41 36.5139 21.383
      vertex -44 38 21.5
      vertex -44 36.5139 21.383
    endloop
  endfacet
  facet normal -0 0.649487 0.760373
    outer loop
      vertex -44 44.7175 18.7175
      vertex -41 43.584 19.6857
      vertex -41 44.7175 18.7175
    endloop
  endfacet
  facet normal 0 0.649487 0.760373
    outer loop
      vertex -41 43.584 19.6857
      vertex -44 44.7175 18.7175
      vertex -44 43.584 19.6857
    endloop
  endfacet
  facet normal 0 -1 0
    outer loop
      vertex -44 27 3
      vertex -41 27 3.5
      vertex -44 27 3.5
    endloop
  endfacet
  facet normal 0 -1 -0
    outer loop
      vertex -41 27 3.5
      vertex -44 27 3
      vertex -41 27 3
    endloop
  endfacet
  facet normal -0 0.522483 0.852649
    outer loop
      vertex -44 43.584 19.6857
      vertex -41 42.3129 20.4646
      vertex -41 43.584 19.6857
    endloop
  endfacet
  facet normal 0 0.522483 0.852649
    outer loop
      vertex -41 42.3129 20.4646
      vertex -44 43.584 19.6857
      vertex -44 42.3129 20.4646
    endloop
  endfacet
  facet normal 0 -0.852649 0.522483
    outer loop
      vertex -44 29.5354 16.3129
      vertex -41 30.3143 17.584
      vertex -44 30.3143 17.584
    endloop
  endfacet
  facet normal 0 -0.852649 0.522483
    outer loop
      vertex -41 30.3143 17.584
      vertex -44 29.5354 16.3129
      vertex -41 29.5354 16.3129
    endloop
  endfacet
  facet normal -0 0.233434 0.972373
    outer loop
      vertex -44 40.9357 21.035
      vertex -41 39.4861 21.383
      vertex -41 40.9357 21.035
    endloop
  endfacet
  facet normal 0 0.233434 0.972373
    outer loop
      vertex -41 39.4861 21.383
      vertex -44 40.9357 21.035
      vertex -44 39.4861 21.383
    endloop
  endfacet
  facet normal 0 0.760373 0.649487
    outer loop
      vertex -41 45.6857 17.584
      vertex -44 44.7175 18.7175
      vertex -41 44.7175 18.7175
    endloop
  endfacet
  facet normal 0 0.760373 0.649487
    outer loop
      vertex -44 44.7175 18.7175
      vertex -41 45.6857 17.584
      vertex -44 45.6857 17.584
    endloop
  endfacet
  facet normal 0 0.972373 0.233434
    outer loop
      vertex -41 47.383 13.4861
      vertex -44 47.035 14.9357
      vertex -41 47.035 14.9357
    endloop
  endfacet
  facet normal 0 0.972373 0.233434
    outer loop
      vertex -44 47.035 14.9357
      vertex -41 47.383 13.4861
      vertex -44 47.383 13.4861
    endloop
  endfacet
  facet normal 0 0.852649 0.522483
    outer loop
      vertex -41 46.4646 16.3129
      vertex -44 45.6857 17.584
      vertex -41 45.6857 17.584
    endloop
  endfacet
  facet normal 0 0.852649 0.522483
    outer loop
      vertex -44 45.6857 17.584
      vertex -41 46.4646 16.3129
      vertex -44 46.4646 16.3129
    endloop
  endfacet
  facet normal 0 -0.233434 0.972373
    outer loop
      vertex -44 36.5139 21.383
      vertex -41 35.0643 21.035
      vertex -41 36.5139 21.383
    endloop
  endfacet
  facet normal 0 -0.233434 0.972373
    outer loop
      vertex -41 35.0643 21.035
      vertex -44 36.5139 21.383
      vertex -44 35.0643 21.035
    endloop
  endfacet
  facet normal 0 -0.649487 0.760373
    outer loop
      vertex -44 32.416 19.6857
      vertex -41 31.2825 18.7175
      vertex -41 32.416 19.6857
    endloop
  endfacet
  facet normal 0 -0.649487 0.760373
    outer loop
      vertex -41 31.2825 18.7175
      vertex -44 32.416 19.6857
      vertex -44 31.2825 18.7175
    endloop
  endfacet
  facet normal -1 0 0
    outer loop
      vertex -44 39.6798 8.70328
      vertex -44 49 3.5
      vertex -44 49 3
    endloop
  endfacet
  facet normal -1 0 0
    outer loop
      vertex -44 49 3.5
      vertex -44 41.2967 10.3202
      vertex -44 47.383 13.4861
    endloop
  endfacet
  facet normal -1 0 -0
    outer loop
      vertex -44 41.6544 11.4212
      vertex -44 47.383 13.4861
      vertex -44 41.5189 10.8566
    endloop
  endfacet
  facet normal -1 0 0
    outer loop
      vertex -44 41.6544 12.5788
      vertex -44 47.383 13.4861
      vertex -44 41.7 12
    endloop
  endfacet
  facet normal -1 -0 0
    outer loop
      vertex -44 47.383 13.4861
      vertex -44 41.6544 12.5788
      vertex -44 47.035 14.9357
    endloop
  endfacet
  facet normal -1 -0 0
    outer loop
      vertex -44 47.035 14.9357
      vertex -44 41.5189 13.1434
      vertex -44 46.4646 16.3129
    endloop
  endfacet
  facet normal -1 -0 0
    outer loop
      vertex -44 46.4646 16.3129
      vertex -44 41.2967 13.6798
      vertex -44 45.6857 17.584
    endloop
  endfacet
  facet normal -1 0 0
    outer loop
      vertex -44 41.2967 13.6798
      vertex -44 46.4646 16.3129
      vertex -44 41.5189 13.1434
    endloop
  endfacet
  facet normal -1 0 0
    outer loop
      vertex -44 41.5189 13.1434
      vertex -44 47.035 14.9357
      vertex -44 41.6544 12.5788
    endloop
  endfacet
  facet normal -1 0 -0
    outer loop
      vertex -44 41.7 12
      vertex -44 47.383 13.4861
      vertex -44 41.6544 11.4212
    endloop
  endfacet
  facet normal -1 0 0
    outer loop
      vertex -44 47.383 13.4861
      vertex -44 41.2967 10.3202
      vertex -44 41.5189 10.8566
    endloop
  endfacet
  facet normal -1 0 0
    outer loop
      vertex -44 49 3.5
      vertex -44 40.9934 9.82519
      vertex -44 41.2967 10.3202
    endloop
  endfacet
  facet normal -1 0 0
    outer loop
      vertex -44 49 3.5
      vertex -44 40.6163 9.3837
      vertex -44 40.9934 9.82519
    endloop
  endfacet
  facet normal -1 0 0
    outer loop
      vertex -44 49 3.5
      vertex -44 40.1748 9.00664
      vertex -44 40.6163 9.3837
    endloop
  endfacet
  facet normal -1 0 0
    outer loop
      vertex -44 49 3.5
      vertex -44 39.6798 8.70328
      vertex -44 40.1748 9.00664
    endloop
  endfacet
  facet normal -1 0 0
    outer loop
      vertex -44 49 3
      vertex -44 39.1434 8.48109
      vertex -44 39.6798 8.70328
    endloop
  endfacet
  facet normal -1 0 0
    outer loop
      vertex -44 49 3
      vertex -44 38.5788 8.34555
      vertex -44 39.1434 8.48109
    endloop
  endfacet
  facet normal -1 0 0
    outer loop
      vertex -44 49 3
      vertex -44 38 8.3
      vertex -44 38.5788 8.34555
    endloop
  endfacet
  facet normal -1 0 0
    outer loop
      vertex -44 27 3
      vertex -44 38 8.3
      vertex -44 49 3
    endloop
  endfacet
  facet normal -1 -0 0
    outer loop
      vertex -44 38 8.3
      vertex -44 27 3
      vertex -44 37.4212 8.34555
    endloop
  endfacet
  facet normal -1 -0 0
    outer loop
      vertex -44 37.4212 8.34555
      vertex -44 27 3
      vertex -44 36.8566 8.48109
    endloop
  endfacet
  facet normal -1 0 0
    outer loop
      vertex -44 35.8252 14.9934
      vertex -44 32.416 19.6857
      vertex -44 33.6871 20.4646
    endloop
  endfacet
  facet normal -1 0 0
    outer loop
      vertex -44 28.617 13.4861
      vertex -44 34.3 12
      vertex -44 34.3456 11.4212
    endloop
  endfacet
  facet normal -1 0 0
    outer loop
      vertex -44 34.3456 12.5788
      vertex -44 31.2825 18.7175
      vertex -44 32.416 19.6857
    endloop
  endfacet
  facet normal -1 0 0
    outer loop
      vertex -44 28.617 13.4861
      vertex -44 34.3456 11.4212
      vertex -44 34.4811 10.8566
    endloop
  endfacet
  facet normal -1 0 0
    outer loop
      vertex -44 34.3456 12.5788
      vertex -44 30.3143 17.584
      vertex -44 31.2825 18.7175
    endloop
  endfacet
  facet normal -1 0 0
    outer loop
      vertex -44 28.617 13.4861
      vertex -44 34.4811 10.8566
      vertex -44 34.7033 10.3202
    endloop
  endfacet
  facet normal -1 0 0
    outer loop
      vertex -44 34.3456 12.5788
      vertex -44 29.5354 16.3129
      vertex -44 30.3143 17.584
    endloop
  endfacet
  facet normal -1 0 0
    outer loop
      vertex -44 27 3.5
      vertex -44 34.7033 10.3202
      vertex -44 35.0066 9.82519
    endloop
  endfacet
  facet normal -1 0 0
    outer loop
      vertex -44 34.3456 12.5788
      vertex -44 28.965 14.9357
      vertex -44 29.5354 16.3129
    endloop
  endfacet
  facet normal -1 0 0
    outer loop
      vertex -44 27 3.5
      vertex -44 35.0066 9.82519
      vertex -44 35.3837 9.3837
    endloop
  endfacet
  facet normal -1 0 0
    outer loop
      vertex -44 34.3456 12.5788
      vertex -44 28.617 13.4861
      vertex -44 28.965 14.9357
    endloop
  endfacet
  facet normal -1 0 0
    outer loop
      vertex -44 27 3.5
      vertex -44 35.3837 9.3837
      vertex -44 35.8252 9.00664
    endloop
  endfacet
  facet normal -1 -0 0
    outer loop
      vertex -44 36.8566 8.48109
      vertex -44 27 3
      vertex -44 36.3202 8.70328
    endloop
  endfacet
  facet normal -1 0 0
    outer loop
      vertex -44 27 3.5
      vertex -44 36.3202 8.70328
      vertex -44 27 3
    endloop
  endfacet
  facet normal -1 -0 0
    outer loop
      vertex -44 36.3202 8.70328
      vertex -44 27 3.5
      vertex -44 35.8252 9.00664
    endloop
  endfacet
  facet normal -1 -0 0
    outer loop
      vertex -44 34.7033 10.3202
      vertex -44 27 3.5
      vertex -44 28.617 13.4861
    endloop
  endfacet
  facet normal -1 0 0
    outer loop
      vertex -44 40.9934 14.1748
      vertex -44 45.6857 17.584
      vertex -44 41.2967 13.6798
    endloop
  endfacet
  facet normal -1 -0 0
    outer loop
      vertex -44 45.6857 17.584
      vertex -44 40.9934 14.1748
      vertex -44 44.7175 18.7175
    endloop
  endfacet
  facet normal -1 0 0
    outer loop
      vertex -44 40.6163 14.6163
      vertex -44 44.7175 18.7175
      vertex -44 40.9934 14.1748
    endloop
  endfacet
  facet normal -1 -0 0
    outer loop
      vertex -44 44.7175 18.7175
      vertex -44 40.6163 14.6163
      vertex -44 43.584 19.6857
    endloop
  endfacet
  facet normal -1 0 0
    outer loop
      vertex -44 40.1748 14.9934
      vertex -44 43.584 19.6857
      vertex -44 40.6163 14.6163
    endloop
  endfacet
  facet normal -1 -0 0
    outer loop
      vertex -44 43.584 19.6857
      vertex -44 40.1748 14.9934
      vertex -44 42.3129 20.4646
    endloop
  endfacet
  facet normal -1 0 0
    outer loop
      vertex -44 39.6798 15.2967
      vertex -44 42.3129 20.4646
      vertex -44 40.1748 14.9934
    endloop
  endfacet
  facet normal -1 -0 0
    outer loop
      vertex -44 42.3129 20.4646
      vertex -44 39.6798 15.2967
      vertex -44 40.9357 21.035
    endloop
  endfacet
  facet normal -1 0 0
    outer loop
      vertex -44 39.1434 15.5189
      vertex -44 40.9357 21.035
      vertex -44 39.6798 15.2967
    endloop
  endfacet
  facet normal -1 -0 0
    outer loop
      vertex -44 40.9357 21.035
      vertex -44 39.1434 15.5189
      vertex -44 39.4861 21.383
    endloop
  endfacet
  facet normal -1 0 0
    outer loop
      vertex -44 38.5788 15.6544
      vertex -44 39.4861 21.383
      vertex -44 39.1434 15.5189
    endloop
  endfacet
  facet normal -1 0 0
    outer loop
      vertex -44 38 15.7
      vertex -44 39.4861 21.383
      vertex -44 38.5788 15.6544
    endloop
  endfacet
  facet normal -1 0 0
    outer loop
      vertex -44 38 15.7
      vertex -44 38 21.5
      vertex -44 39.4861 21.383
    endloop
  endfacet
  facet normal -1 0 0
    outer loop
      vertex -44 37.4212 15.6544
      vertex -44 38 21.5
      vertex -44 38 15.7
    endloop
  endfacet
  facet normal -1 0 0
    outer loop
      vertex -44 36.5139 21.383
      vertex -44 37.4212 15.6544
      vertex -44 36.8566 15.5189
    endloop
  endfacet
  facet normal -1 0 0
    outer loop
      vertex -44 37.4212 15.6544
      vertex -44 36.5139 21.383
      vertex -44 38 21.5
    endloop
  endfacet
  facet normal -1 0 0
    outer loop
      vertex -44 35.0643 21.035
      vertex -44 36.8566 15.5189
      vertex -44 36.3202 15.2967
    endloop
  endfacet
  facet normal -1 0 0
    outer loop
      vertex -44 33.6871 20.4646
      vertex -44 36.3202 15.2967
      vertex -44 35.8252 14.9934
    endloop
  endfacet
  facet normal -1 0 0
    outer loop
      vertex -44 32.416 19.6857
      vertex -44 35.8252 14.9934
      vertex -44 35.3837 14.6163
    endloop
  endfacet
  facet normal -1 0 0
    outer loop
      vertex -44 36.8566 15.5189
      vertex -44 35.0643 21.035
      vertex -44 36.5139 21.383
    endloop
  endfacet
  facet normal -1 0 0
    outer loop
      vertex -44 32.416 19.6857
      vertex -44 35.3837 14.6163
      vertex -44 35.0066 14.1748
    endloop
  endfacet
  facet normal -1 0 0
    outer loop
      vertex -44 32.416 19.6857
      vertex -44 35.0066 14.1748
      vertex -44 34.7033 13.6798
    endloop
  endfacet
  facet normal -1 0 0
    outer loop
      vertex -44 32.416 19.6857
      vertex -44 34.7033 13.6798
      vertex -44 34.4811 13.1434
    endloop
  endfacet
  facet normal -1 0 0
    outer loop
      vertex -44 32.416 19.6857
      vertex -44 34.4811 13.1434
      vertex -44 34.3456 12.5788
    endloop
  endfacet
  facet normal -1 0 0
    outer loop
      vertex -44 36.3202 15.2967
      vertex -44 33.6871 20.4646
      vertex -44 35.0643 21.035
    endloop
  endfacet
  facet normal -1 0 0
    outer loop
      vertex -44 28.617 13.4861
      vertex -44 34.3456 12.5788
      vertex -44 34.3 12
    endloop
  endfacet
  facet normal 0 -0.382652 0.923893
    outer loop
      vertex -44 35.0643 21.035
      vertex -41 33.6871 20.4646
      vertex -41 35.0643 21.035
    endloop
  endfacet
  facet normal 0 -0.382652 0.923893
    outer loop
      vertex -41 33.6871 20.4646
      vertex -44 35.0643 21.035
      vertex -44 33.6871 20.4646
    endloop
  endfacet
  facet normal 0 -0.522483 0.852649
    outer loop
      vertex -44 33.6871 20.4646
      vertex -41 32.416 19.6857
      vertex -41 33.6871 20.4646
    endloop
  endfacet
  facet normal 0 -0.522483 0.852649
    outer loop
      vertex -41 32.416 19.6857
      vertex -44 33.6871 20.4646
      vertex -44 32.416 19.6857
    endloop
  endfacet
  facet normal 0 0.972389 -0.233366
    outer loop
      vertex -41 34.3456 12.5788
      vertex -44 34.4811 13.1434
      vertex -41 34.4811 13.1434
    endloop
  endfacet
  facet normal 0 0.972389 -0.233366
    outer loop
      vertex -44 34.4811 13.1434
      vertex -41 34.3456 12.5788
      vertex -44 34.3456 12.5788
    endloop
  endfacet
  facet normal 0 0.996911 -0.0785403
    outer loop
      vertex -41 34.3 12
      vertex -44 34.3456 12.5788
      vertex -41 34.3456 12.5788
    endloop
  endfacet
  facet normal 0 0.996911 -0.0785403
    outer loop
      vertex -44 34.3456 12.5788
      vertex -41 34.3 12
      vertex -44 34.3 12
    endloop
  endfacet
  facet normal 0 -0.852673 0.522445
    outer loop
      vertex -44 40.9934 9.82519
      vertex -41 41.2967 10.3202
      vertex -44 41.2967 10.3202
    endloop
  endfacet
  facet normal 0 -0.852673 0.522445
    outer loop
      vertex -41 41.2967 10.3202
      vertex -44 40.9934 9.82519
      vertex -41 40.9934 9.82519
    endloop
  endfacet
  facet normal 0 0.996911 0.0785403
    outer loop
      vertex -41 34.3456 11.4212
      vertex -44 34.3 12
      vertex -41 34.3 12
    endloop
  endfacet
  facet normal 0 0.996911 0.0785403
    outer loop
      vertex -44 34.3 12
      vertex -41 34.3456 11.4212
      vertex -44 34.3456 11.4212
    endloop
  endfacet
  facet normal 0 0.852673 0.522445
    outer loop
      vertex -41 35.0066 9.82519
      vertex -44 34.7033 10.3202
      vertex -41 34.7033 10.3202
    endloop
  endfacet
  facet normal 0 0.852673 0.522445
    outer loop
      vertex -44 34.7033 10.3202
      vertex -41 35.0066 9.82519
      vertex -44 35.0066 9.82519
    endloop
  endfacet
  facet normal 0 -0.0785403 -0.996911
    outer loop
      vertex -44 38 15.7
      vertex -41 38.5788 15.6544
      vertex -41 38 15.7
    endloop
  endfacet
  facet normal -0 -0.0785403 -0.996911
    outer loop
      vertex -41 38.5788 15.6544
      vertex -44 38 15.7
      vertex -44 38.5788 15.6544
    endloop
  endfacet
  facet normal 0 -0.92387 0.382707
    outer loop
      vertex -44 41.2967 10.3202
      vertex -41 41.5189 10.8566
      vertex -44 41.5189 10.8566
    endloop
  endfacet
  facet normal 0 -0.92387 0.382707
    outer loop
      vertex -41 41.5189 10.8566
      vertex -44 41.2967 10.3202
      vertex -41 41.2967 10.3202
    endloop
  endfacet
  facet normal 0 -0.760386 -0.649471
    outer loop
      vertex -44 40.9934 14.1748
      vertex -41 40.6163 14.6163
      vertex -44 40.6163 14.6163
    endloop
  endfacet
  facet normal 0 -0.760386 -0.649471
    outer loop
      vertex -41 40.6163 14.6163
      vertex -44 40.9934 14.1748
      vertex -41 40.9934 14.1748
    endloop
  endfacet
  facet normal 0 -0.522528 0.852622
    outer loop
      vertex -44 40.1748 9.00664
      vertex -41 39.6798 8.70328
      vertex -41 40.1748 9.00664
    endloop
  endfacet
  facet normal 0 -0.522528 0.852622
    outer loop
      vertex -41 39.6798 8.70328
      vertex -44 40.1748 9.00664
      vertex -44 39.6798 8.70328
    endloop
  endfacet
  facet normal 0 0.382707 -0.92387
    outer loop
      vertex -44 36.3202 15.2967
      vertex -41 36.8566 15.5189
      vertex -41 36.3202 15.2967
    endloop
  endfacet
  facet normal 0 0.382707 -0.92387
    outer loop
      vertex -41 36.8566 15.5189
      vertex -44 36.3202 15.2967
      vertex -44 36.8566 15.5189
    endloop
  endfacet
  facet normal -0 0.0784547 0.996918
    outer loop
      vertex -44 38 8.3
      vertex -41 37.4212 8.34555
      vertex -41 38 8.3
    endloop
  endfacet
  facet normal 0 0.0784547 0.996918
    outer loop
      vertex -41 37.4212 8.34555
      vertex -44 38 8.3
      vertex -44 37.4212 8.34555
    endloop
  endfacet
  facet normal 0 -0.996911 -0.0785403
    outer loop
      vertex -44 41.7 12
      vertex -41 41.6544 12.5788
      vertex -44 41.6544 12.5788
    endloop
  endfacet
  facet normal 0 -0.996911 -0.0785403
    outer loop
      vertex -41 41.6544 12.5788
      vertex -44 41.7 12
      vertex -41 41.7 12
    endloop
  endfacet
  facet normal 0 0.852668 -0.522453
    outer loop
      vertex -41 34.7033 13.6798
      vertex -44 35.0066 14.1748
      vertex -41 35.0066 14.1748
    endloop
  endfacet
  facet normal 0 0.852668 -0.522453
    outer loop
      vertex -44 35.0066 14.1748
      vertex -41 34.7033 13.6798
      vertex -44 34.7033 13.6798
    endloop
  endfacet
  facet normal 0 -0.382692 0.923876
    outer loop
      vertex -44 39.6798 8.70328
      vertex -41 39.1434 8.48109
      vertex -41 39.6798 8.70328
    endloop
  endfacet
  facet normal 0 -0.382692 0.923876
    outer loop
      vertex -41 39.1434 8.48109
      vertex -44 39.6798 8.70328
      vertex -44 39.1434 8.48109
    endloop
  endfacet
  facet normal 0 0.760386 -0.649471
    outer loop
      vertex -41 35.0066 14.1748
      vertex -44 35.3837 14.6163
      vertex -41 35.3837 14.6163
    endloop
  endfacet
  facet normal 0 0.760386 -0.649471
    outer loop
      vertex -44 35.3837 14.6163
      vertex -41 35.0066 14.1748
      vertex -44 35.0066 14.1748
    endloop
  endfacet
  facet normal -0 0.233432 0.972373
    outer loop
      vertex -44 37.4212 8.34555
      vertex -41 36.8566 8.48109
      vertex -41 37.4212 8.34555
    endloop
  endfacet
  facet normal 0 0.233432 0.972373
    outer loop
      vertex -41 36.8566 8.48109
      vertex -44 37.4212 8.34555
      vertex -44 36.8566 8.48109
    endloop
  endfacet
  facet normal -0 0.522528 0.852622
    outer loop
      vertex -44 36.3202 8.70328
      vertex -41 35.8252 9.00664
      vertex -41 36.3202 8.70328
    endloop
  endfacet
  facet normal 0 0.522528 0.852622
    outer loop
      vertex -41 35.8252 9.00664
      vertex -44 36.3202 8.70328
      vertex -44 35.8252 9.00664
    endloop
  endfacet
  facet normal 0 -0.649431 0.76042
    outer loop
      vertex -44 40.6163 9.3837
      vertex -41 40.1748 9.00664
      vertex -41 40.6163 9.3837
    endloop
  endfacet
  facet normal 0 -0.649431 0.76042
    outer loop
      vertex -41 40.1748 9.00664
      vertex -44 40.6163 9.3837
      vertex -44 40.1748 9.00664
    endloop
  endfacet
  facet normal 0 -0.996911 0.0785403
    outer loop
      vertex -44 41.6544 11.4212
      vertex -41 41.7 12
      vertex -44 41.7 12
    endloop
  endfacet
  facet normal 0 -0.996911 0.0785403
    outer loop
      vertex -41 41.7 12
      vertex -44 41.6544 11.4212
      vertex -41 41.6544 11.4212
    endloop
  endfacet
  facet normal 0 -0.972389 0.233366
    outer loop
      vertex -44 41.5189 10.8566
      vertex -41 41.6544 11.4212
      vertex -44 41.6544 11.4212
    endloop
  endfacet
  facet normal 0 -0.972389 0.233366
    outer loop
      vertex -41 41.6544 11.4212
      vertex -44 41.5189 10.8566
      vertex -41 41.5189 10.8566
    endloop
  endfacet
  facet normal 0 -0.0784547 0.996918
    outer loop
      vertex -44 38.5788 8.34555
      vertex -41 38 8.3
      vertex -41 38.5788 8.34555
    endloop
  endfacet
  facet normal 0 -0.0784547 0.996918
    outer loop
      vertex -41 38 8.3
      vertex -44 38.5788 8.34555
      vertex -44 38 8.3
    endloop
  endfacet
  facet normal 0 0.760379 0.64948
    outer loop
      vertex -41 35.3837 9.3837
      vertex -44 35.0066 9.82519
      vertex -41 35.0066 9.82519
    endloop
  endfacet
  facet normal 0 0.760379 0.64948
    outer loop
      vertex -44 35.0066 9.82519
      vertex -41 35.3837 9.3837
      vertex -44 35.3837 9.3837
    endloop
  endfacet
  facet normal 0 0.0785403 -0.996911
    outer loop
      vertex -44 37.4212 15.6544
      vertex -41 38 15.7
      vertex -41 37.4212 15.6544
    endloop
  endfacet
  facet normal 0 0.0785403 -0.996911
    outer loop
      vertex -41 38 15.7
      vertex -44 37.4212 15.6544
      vertex -44 38 15.7
    endloop
  endfacet
  facet normal 0 0.92387 0.382707
    outer loop
      vertex -41 34.7033 10.3202
      vertex -44 34.4811 10.8566
      vertex -41 34.4811 10.8566
    endloop
  endfacet
  facet normal 0 0.92387 0.382707
    outer loop
      vertex -44 34.4811 10.8566
      vertex -41 34.7033 10.3202
      vertex -44 34.7033 10.3202
    endloop
  endfacet
  facet normal 0 0.522453 -0.852668
    outer loop
      vertex -44 35.8252 14.9934
      vertex -41 36.3202 15.2967
      vertex -41 35.8252 14.9934
    endloop
  endfacet
  facet normal 0 0.522453 -0.852668
    outer loop
      vertex -41 36.3202 15.2967
      vertex -44 35.8252 14.9934
      vertex -44 36.3202 15.2967
    endloop
  endfacet
  facet normal 0 0.233366 -0.972389
    outer loop
      vertex -44 36.8566 15.5189
      vertex -41 37.4212 15.6544
      vertex -41 36.8566 15.5189
    endloop
  endfacet
  facet normal 0 0.233366 -0.972389
    outer loop
      vertex -41 37.4212 15.6544
      vertex -44 36.8566 15.5189
      vertex -44 37.4212 15.6544
    endloop
  endfacet
  facet normal 0 -0.760379 0.64948
    outer loop
      vertex -44 40.6163 9.3837
      vertex -41 40.9934 9.82519
      vertex -44 40.9934 9.82519
    endloop
  endfacet
  facet normal 0 -0.760379 0.64948
    outer loop
      vertex -41 40.9934 9.82519
      vertex -44 40.6163 9.3837
      vertex -41 40.6163 9.3837
    endloop
  endfacet
  facet normal 0 0.972389 0.233366
    outer loop
      vertex -41 34.4811 10.8566
      vertex -44 34.3456 11.4212
      vertex -41 34.3456 11.4212
    endloop
  endfacet
  facet normal 0 0.972389 0.233366
    outer loop
      vertex -44 34.3456 11.4212
      vertex -41 34.4811 10.8566
      vertex -44 34.4811 10.8566
    endloop
  endfacet
  facet normal 0 0.649471 -0.760386
    outer loop
      vertex -44 35.3837 14.6163
      vertex -41 35.8252 14.9934
      vertex -41 35.3837 14.6163
    endloop
  endfacet
  facet normal 0 0.649471 -0.760386
    outer loop
      vertex -41 35.8252 14.9934
      vertex -44 35.3837 14.6163
      vertex -44 35.8252 14.9934
    endloop
  endfacet
  facet normal 0 -0.233432 0.972373
    outer loop
      vertex -44 39.1434 8.48109
      vertex -41 38.5788 8.34555
      vertex -41 39.1434 8.48109
    endloop
  endfacet
  facet normal 0 -0.233432 0.972373
    outer loop
      vertex -41 38.5788 8.34555
      vertex -44 39.1434 8.48109
      vertex -44 38.5788 8.34555
    endloop
  endfacet
  facet normal -0 0.382692 0.923876
    outer loop
      vertex -44 36.8566 8.48109
      vertex -41 36.3202 8.70328
      vertex -41 36.8566 8.48109
    endloop
  endfacet
  facet normal 0 0.382692 0.923876
    outer loop
      vertex -41 36.3202 8.70328
      vertex -44 36.8566 8.48109
      vertex -44 36.3202 8.70328
    endloop
  endfacet
  facet normal 0 -0.972389 -0.233366
    outer loop
      vertex -44 41.6544 12.5788
      vertex -41 41.5189 13.1434
      vertex -44 41.5189 13.1434
    endloop
  endfacet
  facet normal 0 -0.972389 -0.233366
    outer loop
      vertex -41 41.5189 13.1434
      vertex -44 41.6544 12.5788
      vertex -41 41.6544 12.5788
    endloop
  endfacet
  facet normal -0 0.649431 0.76042
    outer loop
      vertex -44 35.8252 9.00664
      vertex -41 35.3837 9.3837
      vertex -41 35.8252 9.00664
    endloop
  endfacet
  facet normal 0 0.649431 0.76042
    outer loop
      vertex -41 35.3837 9.3837
      vertex -44 35.8252 9.00664
      vertex -44 35.3837 9.3837
    endloop
  endfacet
  facet normal 0 -0.92387 -0.382707
    outer loop
      vertex -44 41.5189 13.1434
      vertex -41 41.2967 13.6798
      vertex -44 41.2967 13.6798
    endloop
  endfacet
  facet normal 0 -0.92387 -0.382707
    outer loop
      vertex -41 41.2967 13.6798
      vertex -44 41.5189 13.1434
      vertex -41 41.5189 13.1434
    endloop
  endfacet
  facet normal 0 -0.852668 -0.522453
    outer loop
      vertex -44 41.2967 13.6798
      vertex -41 40.9934 14.1748
      vertex -44 40.9934 14.1748
    endloop
  endfacet
  facet normal 0 -0.852668 -0.522453
    outer loop
      vertex -41 40.9934 14.1748
      vertex -44 41.2967 13.6798
      vertex -41 41.2967 13.6798
    endloop
  endfacet
  facet normal 0 -0.522453 -0.852668
    outer loop
      vertex -44 39.6798 15.2967
      vertex -41 40.1748 14.9934
      vertex -41 39.6798 15.2967
    endloop
  endfacet
  facet normal -0 -0.522453 -0.852668
    outer loop
      vertex -41 40.1748 14.9934
      vertex -44 39.6798 15.2967
      vertex -44 40.1748 14.9934
    endloop
  endfacet
  facet normal 0 -0.649471 -0.760386
    outer loop
      vertex -44 40.1748 14.9934
      vertex -41 40.6163 14.6163
      vertex -41 40.1748 14.9934
    endloop
  endfacet
  facet normal -0 -0.649471 -0.760386
    outer loop
      vertex -41 40.6163 14.6163
      vertex -44 40.1748 14.9934
      vertex -44 40.6163 14.6163
    endloop
  endfacet
  facet normal 0 -0.233366 -0.972389
    outer loop
      vertex -44 38.5788 15.6544
      vertex -41 39.1434 15.5189
      vertex -41 38.5788 15.6544
    endloop
  endfacet
  facet normal -0 -0.233366 -0.972389
    outer loop
      vertex -41 39.1434 15.5189
      vertex -44 38.5788 15.6544
      vertex -44 39.1434 15.5189
    endloop
  endfacet
  facet normal 0 -0.382707 -0.92387
    outer loop
      vertex -44 39.1434 15.5189
      vertex -41 39.6798 15.2967
      vertex -41 39.1434 15.5189
    endloop
  endfacet
  facet normal -0 -0.382707 -0.92387
    outer loop
      vertex -41 39.6798 15.2967
      vertex -44 39.1434 15.5189
      vertex -44 39.6798 15.2967
    endloop
  endfacet
  facet normal 0 0.92387 -0.382707
    outer loop
      vertex -41 34.4811 13.1434
      vertex -44 34.7033 13.6798
      vertex -41 34.7033 13.6798
    endloop
  endfacet
  facet normal 0 0.92387 -0.382707
    outer loop
      vertex -44 34.7033 13.6798
      vertex -41 34.4811 13.1434
      vertex -44 34.4811 13.1434
    endloop
  endfacet
  facet normal 1 -0 0
    outer loop
      vertex -54 53 12
      vertex -54 75 3
      vertex -54 75 12
    endloop
  endfacet
  facet normal 1 0 0
    outer loop
      vertex -54 75 3
      vertex -54 53 12
      vertex -54 53 3
    endloop
  endfacet
  facet normal 0 -1 0
    outer loop
      vertex -57 53 15
      vertex -54 53 12
      vertex -35 53 15
    endloop
  endfacet
  facet normal 0 -1 0
    outer loop
      vertex -57 53 3
      vertex -54 53 12
      vertex -57 53 15
    endloop
  endfacet
  facet normal 0 -1 -0
    outer loop
      vertex -54 53 12
      vertex -57 53 3
      vertex -54 53 3
    endloop
  endfacet
  facet normal 0 -1 0
    outer loop
      vertex -38 53 12
      vertex -35 53 15
      vertex -54 53 12
    endloop
  endfacet
  facet normal 0 -1 0
    outer loop
      vertex -35 53 3
      vertex -38 53 12
      vertex -38 53 3
    endloop
  endfacet
  facet normal 0 -1 0
    outer loop
      vertex -38 53 12
      vertex -35 53 3
      vertex -35 53 15
    endloop
  endfacet
  facet normal 0 1 0
    outer loop
      vertex -35 75 15
      vertex -38 75 12
      vertex -57 75 15
    endloop
  endfacet
  facet normal 0 1 -0
    outer loop
      vertex -35 75 3
      vertex -38 75 12
      vertex -35 75 15
    endloop
  endfacet
  facet normal 0 1 0
    outer loop
      vertex -38 75 12
      vertex -35 75 3
      vertex -38 75 3
    endloop
  endfacet
  facet normal 0 1 -0
    outer loop
      vertex -54 75 12
      vertex -57 75 15
      vertex -38 75 12
    endloop
  endfacet
  facet normal 0 1 0
    outer loop
      vertex -54.611 75 3
      vertex -54 75 12
      vertex -54 75 3
    endloop
  endfacet
  facet normal 0 1 0
    outer loop
      vertex -57 75 2.5
      vertex -54 75 12
      vertex -54.611 75 3
    endloop
  endfacet
  facet normal 0 1 0
    outer loop
      vertex -57 75 2.5
      vertex -54.611 75 3
      vertex -54.611 75 2.5
    endloop
  endfacet
  facet normal 0 1 0
    outer loop
      vertex -54 75 12
      vertex -57 75 2.5
      vertex -57 75 15
    endloop
  endfacet
  facet normal -1 0 0
    outer loop
      vertex -57 72.611 3
      vertex -57 75 2.5
      vertex -57 72.611 2.5
    endloop
  endfacet
  facet normal -1 0 0
    outer loop
      vertex -57 75 2.5
      vertex -57 72.611 3
      vertex -57 75 15
    endloop
  endfacet
  facet normal -1 0 0
    outer loop
      vertex -57 53 15
      vertex -57 72.611 3
      vertex -57 53 3
    endloop
  endfacet
  facet normal -1 0 0
    outer loop
      vertex -57 72.611 3
      vertex -57 53 15
      vertex -57 75 15
    endloop
  endfacet
  facet normal 0 0 1
    outer loop
      vertex -35 75 15
      vertex -42.3 64 15
      vertex -35 53 15
    endloop
  endfacet
  facet normal 0 0 1
    outer loop
      vertex -35 75 15
      vertex -42.3456 64.5788 15
      vertex -42.3 64 15
    endloop
  endfacet
  facet normal 0 0 1
    outer loop
      vertex -35 75 15
      vertex -42.4811 65.1434 15
      vertex -42.3456 64.5788 15
    endloop
  endfacet
  facet normal 0 0 1
    outer loop
      vertex -35 75 15
      vertex -42.7033 65.6798 15
      vertex -42.4811 65.1434 15
    endloop
  endfacet
  facet normal 0 0 1
    outer loop
      vertex -35 75 15
      vertex -43.0066 66.1748 15
      vertex -42.7033 65.6798 15
    endloop
  endfacet
  facet normal 0 0 1
    outer loop
      vertex -35 75 15
      vertex -43.3837 66.6163 15
      vertex -43.0066 66.1748 15
    endloop
  endfacet
  facet normal 0 0 1
    outer loop
      vertex -35 75 15
      vertex -43.8252 66.9934 15
      vertex -43.3837 66.6163 15
    endloop
  endfacet
  facet normal 0 0 1
    outer loop
      vertex -35 75 15
      vertex -44.3202 67.2967 15
      vertex -43.8252 66.9934 15
    endloop
  endfacet
  facet normal 0 0 1
    outer loop
      vertex -35 75 15
      vertex -44.8566 67.5189 15
      vertex -44.3202 67.2967 15
    endloop
  endfacet
  facet normal 0 0 1
    outer loop
      vertex -35 75 15
      vertex -45.4212 67.6544 15
      vertex -44.8566 67.5189 15
    endloop
  endfacet
  facet normal 0 0 1
    outer loop
      vertex -35 75 15
      vertex -46 67.7 15
      vertex -45.4212 67.6544 15
    endloop
  endfacet
  facet normal -0 0 1
    outer loop
      vertex -57 75 15
      vertex -46 67.7 15
      vertex -35 75 15
    endloop
  endfacet
  facet normal 0 0 1
    outer loop
      vertex -46 67.7 15
      vertex -57 75 15
      vertex -46.5788 67.6544 15
    endloop
  endfacet
  facet normal 0 0 1
    outer loop
      vertex -46.5788 67.6544 15
      vertex -57 75 15
      vertex -47.1434 67.5189 15
    endloop
  endfacet
  facet normal 0 0 1
    outer loop
      vertex -49.6544 64.5788 15
      vertex -57 75 15
      vertex -49.7 64 15
    endloop
  endfacet
  facet normal 0 0 1
    outer loop
      vertex -49.5189 65.1434 15
      vertex -57 75 15
      vertex -49.6544 64.5788 15
    endloop
  endfacet
  facet normal 0 0 1
    outer loop
      vertex -49.2967 65.6798 15
      vertex -57 75 15
      vertex -49.5189 65.1434 15
    endloop
  endfacet
  facet normal 0 0 1
    outer loop
      vertex -48.9934 66.1748 15
      vertex -57 75 15
      vertex -49.2967 65.6798 15
    endloop
  endfacet
  facet normal 0 0 1
    outer loop
      vertex -48.6163 66.6163 15
      vertex -57 75 15
      vertex -48.9934 66.1748 15
    endloop
  endfacet
  facet normal 0 0 1
    outer loop
      vertex -48.1748 66.9934 15
      vertex -57 75 15
      vertex -48.6163 66.6163 15
    endloop
  endfacet
  facet normal 0 0 1
    outer loop
      vertex -47.6798 67.2967 15
      vertex -57 75 15
      vertex -48.1748 66.9934 15
    endloop
  endfacet
  facet normal 0 0 1
    outer loop
      vertex -47.1434 67.5189 15
      vertex -57 75 15
      vertex -47.6798 67.2967 15
    endloop
  endfacet
  facet normal -0 0 1
    outer loop
      vertex -42.3456 63.4212 15
      vertex -35 53 15
      vertex -42.3 64 15
    endloop
  endfacet
  facet normal -0 0 1
    outer loop
      vertex -42.4811 62.8566 15
      vertex -35 53 15
      vertex -42.3456 63.4212 15
    endloop
  endfacet
  facet normal -0 0 1
    outer loop
      vertex -42.7033 62.3202 15
      vertex -35 53 15
      vertex -42.4811 62.8566 15
    endloop
  endfacet
  facet normal -0 0 1
    outer loop
      vertex -43.0066 61.8252 15
      vertex -35 53 15
      vertex -42.7033 62.3202 15
    endloop
  endfacet
  facet normal -0 0 1
    outer loop
      vertex -43.3837 61.3837 15
      vertex -35 53 15
      vertex -43.0066 61.8252 15
    endloop
  endfacet
  facet normal -0 0 1
    outer loop
      vertex -43.8252 61.0066 15
      vertex -35 53 15
      vertex -43.3837 61.3837 15
    endloop
  endfacet
  facet normal -0 0 1
    outer loop
      vertex -44.3202 60.7033 15
      vertex -35 53 15
      vertex -43.8252 61.0066 15
    endloop
  endfacet
  facet normal -0 0 1
    outer loop
      vertex -44.8566 60.4811 15
      vertex -35 53 15
      vertex -44.3202 60.7033 15
    endloop
  endfacet
  facet normal -0 0 1
    outer loop
      vertex -45.4212 60.3456 15
      vertex -35 53 15
      vertex -44.8566 60.4811 15
    endloop
  endfacet
  facet normal -0 0 1
    outer loop
      vertex -46 60.3 15
      vertex -35 53 15
      vertex -45.4212 60.3456 15
    endloop
  endfacet
  facet normal 0 0 1
    outer loop
      vertex -57 53 15
      vertex -46 60.3 15
      vertex -46.5788 60.3456 15
    endloop
  endfacet
  facet normal 0 0 1
    outer loop
      vertex -57 53 15
      vertex -46.5788 60.3456 15
      vertex -47.1434 60.4811 15
    endloop
  endfacet
  facet normal 0 0 1
    outer loop
      vertex -57 53 15
      vertex -47.1434 60.4811 15
      vertex -47.6798 60.7033 15
    endloop
  endfacet
  facet normal 0 0 1
    outer loop
      vertex -57 53 15
      vertex -49.7 64 15
      vertex -57 75 15
    endloop
  endfacet
  facet normal 0 0 1
    outer loop
      vertex -49.7 64 15
      vertex -57 53 15
      vertex -49.6544 63.4212 15
    endloop
  endfacet
  facet normal 0 0 1
    outer loop
      vertex -49.6544 63.4212 15
      vertex -57 53 15
      vertex -49.5189 62.8566 15
    endloop
  endfacet
  facet normal 0 0 1
    outer loop
      vertex -46 60.3 15
      vertex -57 53 15
      vertex -35 53 15
    endloop
  endfacet
  facet normal 0 0 1
    outer loop
      vertex -48.1748 61.0066 15
      vertex -57 53 15
      vertex -47.6798 60.7033 15
    endloop
  endfacet
  facet normal 0 0 1
    outer loop
      vertex -48.6163 61.3837 15
      vertex -57 53 15
      vertex -48.1748 61.0066 15
    endloop
  endfacet
  facet normal 0 0 1
    outer loop
      vertex -48.9934 61.8252 15
      vertex -57 53 15
      vertex -48.6163 61.3837 15
    endloop
  endfacet
  facet normal 0 0 1
    outer loop
      vertex -49.2967 62.3202 15
      vertex -57 53 15
      vertex -48.9934 61.8252 15
    endloop
  endfacet
  facet normal 0 0 1
    outer loop
      vertex -49.5189 62.8566 15
      vertex -57 53 15
      vertex -49.2967 62.3202 15
    endloop
  endfacet
  facet normal 0 0 -1
    outer loop
      vertex -55.8995 73.8995 2.5
      vertex -57 75 2.5
      vertex -54.611 75 2.5
    endloop
  endfacet
  facet normal 0 0 -1
    outer loop
      vertex -57 75 2.5
      vertex -55.8995 73.8995 2.5
      vertex -57 72.611 2.5
    endloop
  endfacet
  facet normal 1 -0 0
    outer loop
      vertex -35 53 15
      vertex -35 75 3
      vertex -35 75 15
    endloop
  endfacet
  facet normal 1 0 0
    outer loop
      vertex -35 75 3
      vertex -35 53 15
      vertex -35 53 3
    endloop
  endfacet
  facet normal -1 0 0
    outer loop
      vertex -38 53 3
      vertex -38 75 12
      vertex -38 75 3
    endloop
  endfacet
  facet normal -1 -0 0
    outer loop
      vertex -38 75 12
      vertex -38 53 3
      vertex -38 53 12
    endloop
  endfacet
  facet normal 0 0 -1
    outer loop
      vertex -38 53 12
      vertex -42.3 64 12
      vertex -38 75 12
    endloop
  endfacet
  facet normal 0 0 -1
    outer loop
      vertex -38 53 12
      vertex -42.3456 63.4212 12
      vertex -42.3 64 12
    endloop
  endfacet
  facet normal 0 0 -1
    outer loop
      vertex -38 53 12
      vertex -42.4811 62.8566 12
      vertex -42.3456 63.4212 12
    endloop
  endfacet
  facet normal 0 0 -1
    outer loop
      vertex -38 53 12
      vertex -42.7033 62.3202 12
      vertex -42.4811 62.8566 12
    endloop
  endfacet
  facet normal 0 0 -1
    outer loop
      vertex -38 53 12
      vertex -43.0066 61.8252 12
      vertex -42.7033 62.3202 12
    endloop
  endfacet
  facet normal 0 0 -1
    outer loop
      vertex -38 53 12
      vertex -43.3837 61.3837 12
      vertex -43.0066 61.8252 12
    endloop
  endfacet
  facet normal 0 0 -1
    outer loop
      vertex -38 53 12
      vertex -43.8252 61.0066 12
      vertex -43.3837 61.3837 12
    endloop
  endfacet
  facet normal 0 0 -1
    outer loop
      vertex -38 53 12
      vertex -44.3202 60.7033 12
      vertex -43.8252 61.0066 12
    endloop
  endfacet
  facet normal 0 0 -1
    outer loop
      vertex -38 53 12
      vertex -44.8566 60.4811 12
      vertex -44.3202 60.7033 12
    endloop
  endfacet
  facet normal 0 0 -1
    outer loop
      vertex -38 53 12
      vertex -45.4212 60.3456 12
      vertex -44.8566 60.4811 12
    endloop
  endfacet
  facet normal 0 0 -1
    outer loop
      vertex -38 53 12
      vertex -46 60.3 12
      vertex -45.4212 60.3456 12
    endloop
  endfacet
  facet normal 0 0 -1
    outer loop
      vertex -54 53 12
      vertex -46 60.3 12
      vertex -38 53 12
    endloop
  endfacet
  facet normal -0 0 -1
    outer loop
      vertex -46 60.3 12
      vertex -54 53 12
      vertex -46.5788 60.3456 12
    endloop
  endfacet
  facet normal -0 0 -1
    outer loop
      vertex -46.5788 60.3456 12
      vertex -54 53 12
      vertex -47.1434 60.4811 12
    endloop
  endfacet
  facet normal -0 0 -1
    outer loop
      vertex -47.1434 60.4811 12
      vertex -54 53 12
      vertex -47.6798 60.7033 12
    endloop
  endfacet
  facet normal -0 0 -1
    outer loop
      vertex -49.6544 63.4212 12
      vertex -54 53 12
      vertex -49.7 64 12
    endloop
  endfacet
  facet normal -0 0 -1
    outer loop
      vertex -49.5189 62.8566 12
      vertex -54 53 12
      vertex -49.6544 63.4212 12
    endloop
  endfacet
  facet normal -0 0 -1
    outer loop
      vertex -49.2967 62.3202 12
      vertex -54 53 12
      vertex -49.5189 62.8566 12
    endloop
  endfacet
  facet normal -0 0 -1
    outer loop
      vertex -48.9934 61.8252 12
      vertex -54 53 12
      vertex -49.2967 62.3202 12
    endloop
  endfacet
  facet normal -0 0 -1
    outer loop
      vertex -48.6163 61.3837 12
      vertex -54 53 12
      vertex -48.9934 61.8252 12
    endloop
  endfacet
  facet normal -0 0 -1
    outer loop
      vertex -48.1748 61.0066 12
      vertex -54 53 12
      vertex -48.6163 61.3837 12
    endloop
  endfacet
  facet normal -0 0 -1
    outer loop
      vertex -47.6798 60.7033 12
      vertex -54 53 12
      vertex -48.1748 61.0066 12
    endloop
  endfacet
  facet normal 0 0 -1
    outer loop
      vertex -42.3456 64.5788 12
      vertex -38 75 12
      vertex -42.3 64 12
    endloop
  endfacet
  facet normal 0 0 -1
    outer loop
      vertex -42.4811 65.1434 12
      vertex -38 75 12
      vertex -42.3456 64.5788 12
    endloop
  endfacet
  facet normal 0 0 -1
    outer loop
      vertex -42.7033 65.6798 12
      vertex -38 75 12
      vertex -42.4811 65.1434 12
    endloop
  endfacet
  facet normal 0 0 -1
    outer loop
      vertex -43.0066 66.1748 12
      vertex -38 75 12
      vertex -42.7033 65.6798 12
    endloop
  endfacet
  facet normal 0 0 -1
    outer loop
      vertex -43.3837 66.6163 12
      vertex -38 75 12
      vertex -43.0066 66.1748 12
    endloop
  endfacet
  facet normal 0 0 -1
    outer loop
      vertex -43.8252 66.9934 12
      vertex -38 75 12
      vertex -43.3837 66.6163 12
    endloop
  endfacet
  facet normal 0 0 -1
    outer loop
      vertex -44.3202 67.2967 12
      vertex -38 75 12
      vertex -43.8252 66.9934 12
    endloop
  endfacet
  facet normal 0 0 -1
    outer loop
      vertex -44.8566 67.5189 12
      vertex -38 75 12
      vertex -44.3202 67.2967 12
    endloop
  endfacet
  facet normal 0 0 -1
    outer loop
      vertex -45.4212 67.6544 12
      vertex -38 75 12
      vertex -44.8566 67.5189 12
    endloop
  endfacet
  facet normal 0 0 -1
    outer loop
      vertex -46 67.7 12
      vertex -38 75 12
      vertex -45.4212 67.6544 12
    endloop
  endfacet
  facet normal 0 0 -1
    outer loop
      vertex -54 75 12
      vertex -46 67.7 12
      vertex -46.5788 67.6544 12
    endloop
  endfacet
  facet normal 0 0 -1
    outer loop
      vertex -54 75 12
      vertex -46.5788 67.6544 12
      vertex -47.1434 67.5189 12
    endloop
  endfacet
  facet normal 0 0 -1
    outer loop
      vertex -54 75 12
      vertex -47.1434 67.5189 12
      vertex -47.6798 67.2967 12
    endloop
  endfacet
  facet normal 0 0 -1
    outer loop
      vertex -54 75 12
      vertex -47.6798 67.2967 12
      vertex -48.1748 66.9934 12
    endloop
  endfacet
  facet normal 0 0 -1
    outer loop
      vertex -54 75 12
      vertex -49.7 64 12
      vertex -54 53 12
    endloop
  endfacet
  facet normal 0 0 -1
    outer loop
      vertex -49.7 64 12
      vertex -54 75 12
      vertex -49.6544 64.5788 12
    endloop
  endfacet
  facet normal 0 0 -1
    outer loop
      vertex -46 67.7 12
      vertex -54 75 12
      vertex -38 75 12
    endloop
  endfacet
  facet normal 0 0 -1
    outer loop
      vertex -48.6163 66.6163 12
      vertex -54 75 12
      vertex -48.1748 66.9934 12
    endloop
  endfacet
  facet normal 0 0 -1
    outer loop
      vertex -48.9934 66.1748 12
      vertex -54 75 12
      vertex -48.6163 66.6163 12
    endloop
  endfacet
  facet normal 0 0 -1
    outer loop
      vertex -49.2967 65.6798 12
      vertex -54 75 12
      vertex -48.9934 66.1748 12
    endloop
  endfacet
  facet normal 0 0 -1
    outer loop
      vertex -49.5189 65.1434 12
      vertex -54 75 12
      vertex -49.2967 65.6798 12
    endloop
  endfacet
  facet normal 0 0 -1
    outer loop
      vertex -49.6544 64.5788 12
      vertex -54 75 12
      vertex -49.5189 65.1434 12
    endloop
  endfacet
  facet normal -0.0785403 0.996911 0
    outer loop
      vertex -45.4212 60.3456 12
      vertex -46 60.3 15
      vertex -45.4212 60.3456 15
    endloop
  endfacet
  facet normal -0.0785403 0.996911 0
    outer loop
      vertex -46 60.3 15
      vertex -45.4212 60.3456 12
      vertex -46 60.3 12
    endloop
  endfacet
  facet normal -0.972389 -0.233366 0
    outer loop
      vertex -42.3456 64.5788 12
      vertex -42.4811 65.1434 15
      vertex -42.4811 65.1434 12
    endloop
  endfacet
  facet normal -0.972389 -0.233366 0
    outer loop
      vertex -42.4811 65.1434 15
      vertex -42.3456 64.5788 12
      vertex -42.3456 64.5788 15
    endloop
  endfacet
  facet normal -0.996911 -0.0785403 0
    outer loop
      vertex -42.3 64 12
      vertex -42.3456 64.5788 15
      vertex -42.3456 64.5788 12
    endloop
  endfacet
  facet normal -0.996911 -0.0785403 0
    outer loop
      vertex -42.3456 64.5788 15
      vertex -42.3 64 12
      vertex -42.3 64 15
    endloop
  endfacet
  facet normal -0.92387 -0.382707 0
    outer loop
      vertex -42.4811 65.1434 12
      vertex -42.7033 65.6798 15
      vertex -42.7033 65.6798 12
    endloop
  endfacet
  facet normal -0.92387 -0.382707 0
    outer loop
      vertex -42.7033 65.6798 15
      vertex -42.4811 65.1434 12
      vertex -42.4811 65.1434 15
    endloop
  endfacet
  facet normal -0.852668 -0.522453 0
    outer loop
      vertex -42.7033 65.6798 12
      vertex -43.0066 66.1748 15
      vertex -43.0066 66.1748 12
    endloop
  endfacet
  facet normal -0.852668 -0.522453 0
    outer loop
      vertex -43.0066 66.1748 15
      vertex -42.7033 65.6798 12
      vertex -42.7033 65.6798 15
    endloop
  endfacet
  facet normal 0.522453 0.852668 -0
    outer loop
      vertex -47.6798 60.7033 12
      vertex -48.1748 61.0066 15
      vertex -47.6798 60.7033 15
    endloop
  endfacet
  facet normal 0.522453 0.852668 0
    outer loop
      vertex -48.1748 61.0066 15
      vertex -47.6798 60.7033 12
      vertex -48.1748 61.0066 12
    endloop
  endfacet
  facet normal -0.92387 0.382707 0
    outer loop
      vertex -42.7033 62.3202 12
      vertex -42.4811 62.8566 15
      vertex -42.4811 62.8566 12
    endloop
  endfacet
  facet normal -0.92387 0.382707 0
    outer loop
      vertex -42.4811 62.8566 15
      vertex -42.7033 62.3202 12
      vertex -42.7033 62.3202 15
    endloop
  endfacet
  facet normal -0.760386 -0.649471 0
    outer loop
      vertex -43.0066 66.1748 12
      vertex -43.3837 66.6163 15
      vertex -43.3837 66.6163 12
    endloop
  endfacet
  facet normal -0.760386 -0.649471 0
    outer loop
      vertex -43.3837 66.6163 15
      vertex -43.0066 66.1748 12
      vertex -43.0066 66.1748 15
    endloop
  endfacet
  facet normal -0.233366 -0.972389 0
    outer loop
      vertex -45.4212 67.6544 12
      vertex -44.8566 67.5189 15
      vertex -45.4212 67.6544 15
    endloop
  endfacet
  facet normal -0.233366 -0.972389 -0
    outer loop
      vertex -44.8566 67.5189 15
      vertex -45.4212 67.6544 12
      vertex -44.8566 67.5189 12
    endloop
  endfacet
  facet normal -0.0785403 -0.996911 0
    outer loop
      vertex -46 67.7 12
      vertex -45.4212 67.6544 15
      vertex -46 67.7 15
    endloop
  endfacet
  facet normal -0.0785403 -0.996911 -0
    outer loop
      vertex -45.4212 67.6544 15
      vertex -46 67.7 12
      vertex -45.4212 67.6544 12
    endloop
  endfacet
  facet normal 0.972389 0.233366 0
    outer loop
      vertex -49.5189 62.8566 15
      vertex -49.6544 63.4212 12
      vertex -49.6544 63.4212 15
    endloop
  endfacet
  facet normal 0.972389 0.233366 0
    outer loop
      vertex -49.6544 63.4212 12
      vertex -49.5189 62.8566 15
      vertex -49.5189 62.8566 12
    endloop
  endfacet
  facet normal -0.852668 0.522453 0
    outer loop
      vertex -43.0066 61.8252 12
      vertex -42.7033 62.3202 15
      vertex -42.7033 62.3202 12
    endloop
  endfacet
  facet normal -0.852668 0.522453 0
    outer loop
      vertex -42.7033 62.3202 15
      vertex -43.0066 61.8252 12
      vertex -43.0066 61.8252 15
    endloop
  endfacet
  facet normal 0.92387 0.382707 0
    outer loop
      vertex -49.2967 62.3202 15
      vertex -49.5189 62.8566 12
      vertex -49.5189 62.8566 15
    endloop
  endfacet
  facet normal 0.92387 0.382707 0
    outer loop
      vertex -49.5189 62.8566 12
      vertex -49.2967 62.3202 15
      vertex -49.2967 62.3202 12
    endloop
  endfacet
  facet normal -0.522453 -0.852668 0
    outer loop
      vertex -44.3202 67.2967 12
      vertex -43.8252 66.9934 15
      vertex -44.3202 67.2967 15
    endloop
  endfacet
  facet normal -0.522453 -0.852668 -0
    outer loop
      vertex -43.8252 66.9934 15
      vertex -44.3202 67.2967 12
      vertex -43.8252 66.9934 12
    endloop
  endfacet
  facet normal -0.382707 0.92387 0
    outer loop
      vertex -44.3202 60.7033 12
      vertex -44.8566 60.4811 15
      vertex -44.3202 60.7033 15
    endloop
  endfacet
  facet normal -0.382707 0.92387 0
    outer loop
      vertex -44.8566 60.4811 15
      vertex -44.3202 60.7033 12
      vertex -44.8566 60.4811 12
    endloop
  endfacet
  facet normal 0.760386 0.649471 0
    outer loop
      vertex -48.6163 61.3837 15
      vertex -48.9934 61.8252 12
      vertex -48.9934 61.8252 15
    endloop
  endfacet
  facet normal 0.760386 0.649471 0
    outer loop
      vertex -48.9934 61.8252 12
      vertex -48.6163 61.3837 15
      vertex -48.6163 61.3837 12
    endloop
  endfacet
  facet normal -0.382707 -0.92387 0
    outer loop
      vertex -44.8566 67.5189 12
      vertex -44.3202 67.2967 15
      vertex -44.8566 67.5189 15
    endloop
  endfacet
  facet normal -0.382707 -0.92387 -0
    outer loop
      vertex -44.3202 67.2967 15
      vertex -44.8566 67.5189 12
      vertex -44.3202 67.2967 12
    endloop
  endfacet
  facet normal 0.0785403 0.996911 -0
    outer loop
      vertex -46 60.3 12
      vertex -46.5788 60.3456 15
      vertex -46 60.3 15
    endloop
  endfacet
  facet normal 0.0785403 0.996911 0
    outer loop
      vertex -46.5788 60.3456 15
      vertex -46 60.3 12
      vertex -46.5788 60.3456 12
    endloop
  endfacet
  facet normal -0.649471 0.760386 0
    outer loop
      vertex -43.3837 61.3837 12
      vertex -43.8252 61.0066 15
      vertex -43.3837 61.3837 15
    endloop
  endfacet
  facet normal -0.649471 0.760386 0
    outer loop
      vertex -43.8252 61.0066 15
      vertex -43.3837 61.3837 12
      vertex -43.8252 61.0066 12
    endloop
  endfacet
  facet normal -0.996911 0.0785403 0
    outer loop
      vertex -42.3456 63.4212 12
      vertex -42.3 64 15
      vertex -42.3 64 12
    endloop
  endfacet
  facet normal -0.996911 0.0785403 0
    outer loop
      vertex -42.3 64 15
      vertex -42.3456 63.4212 12
      vertex -42.3456 63.4212 15
    endloop
  endfacet
  facet normal 0.972389 -0.233366 0
    outer loop
      vertex -49.6544 64.5788 15
      vertex -49.5189 65.1434 12
      vertex -49.5189 65.1434 15
    endloop
  endfacet
  facet normal 0.972389 -0.233366 0
    outer loop
      vertex -49.5189 65.1434 12
      vertex -49.6544 64.5788 15
      vertex -49.6544 64.5788 12
    endloop
  endfacet
  facet normal 0.649471 -0.760386 0
    outer loop
      vertex -48.6163 66.6163 12
      vertex -48.1748 66.9934 15
      vertex -48.6163 66.6163 15
    endloop
  endfacet
  facet normal 0.649471 -0.760386 0
    outer loop
      vertex -48.1748 66.9934 15
      vertex -48.6163 66.6163 12
      vertex -48.1748 66.9934 12
    endloop
  endfacet
  facet normal -0.522453 0.852668 0
    outer loop
      vertex -43.8252 61.0066 12
      vertex -44.3202 60.7033 15
      vertex -43.8252 61.0066 15
    endloop
  endfacet
  facet normal -0.522453 0.852668 0
    outer loop
      vertex -44.3202 60.7033 15
      vertex -43.8252 61.0066 12
      vertex -44.3202 60.7033 12
    endloop
  endfacet
  facet normal 0.522453 -0.852668 0
    outer loop
      vertex -48.1748 66.9934 12
      vertex -47.6798 67.2967 15
      vertex -48.1748 66.9934 15
    endloop
  endfacet
  facet normal 0.522453 -0.852668 0
    outer loop
      vertex -47.6798 67.2967 15
      vertex -48.1748 66.9934 12
      vertex -47.6798 67.2967 12
    endloop
  endfacet
  facet normal 0.92387 -0.382707 0
    outer loop
      vertex -49.5189 65.1434 15
      vertex -49.2967 65.6798 12
      vertex -49.2967 65.6798 15
    endloop
  endfacet
  facet normal 0.92387 -0.382707 0
    outer loop
      vertex -49.2967 65.6798 12
      vertex -49.5189 65.1434 15
      vertex -49.5189 65.1434 12
    endloop
  endfacet
  facet normal 0.233366 -0.972389 0
    outer loop
      vertex -47.1434 67.5189 12
      vertex -46.5788 67.6544 15
      vertex -47.1434 67.5189 15
    endloop
  endfacet
  facet normal 0.233366 -0.972389 0
    outer loop
      vertex -46.5788 67.6544 15
      vertex -47.1434 67.5189 12
      vertex -46.5788 67.6544 12
    endloop
  endfacet
  facet normal -0.649471 -0.760386 0
    outer loop
      vertex -43.8252 66.9934 12
      vertex -43.3837 66.6163 15
      vertex -43.8252 66.9934 15
    endloop
  endfacet
  facet normal -0.649471 -0.760386 -0
    outer loop
      vertex -43.3837 66.6163 15
      vertex -43.8252 66.9934 12
      vertex -43.3837 66.6163 12
    endloop
  endfacet
  facet normal -0.233366 0.972389 0
    outer loop
      vertex -44.8566 60.4811 12
      vertex -45.4212 60.3456 15
      vertex -44.8566 60.4811 15
    endloop
  endfacet
  facet normal -0.233366 0.972389 0
    outer loop
      vertex -45.4212 60.3456 15
      vertex -44.8566 60.4811 12
      vertex -45.4212 60.3456 12
    endloop
  endfacet
  facet normal 0.0785403 -0.996911 0
    outer loop
      vertex -46.5788 67.6544 12
      vertex -46 67.7 15
      vertex -46.5788 67.6544 15
    endloop
  endfacet
  facet normal 0.0785403 -0.996911 0
    outer loop
      vertex -46 67.7 15
      vertex -46.5788 67.6544 12
      vertex -46 67.7 12
    endloop
  endfacet
  facet normal 0.852668 0.522453 0
    outer loop
      vertex -48.9934 61.8252 15
      vertex -49.2967 62.3202 12
      vertex -49.2967 62.3202 15
    endloop
  endfacet
  facet normal 0.852668 0.522453 0
    outer loop
      vertex -49.2967 62.3202 12
      vertex -48.9934 61.8252 15
      vertex -48.9934 61.8252 12
    endloop
  endfacet
  facet normal 0.852668 -0.522453 0
    outer loop
      vertex -49.2967 65.6798 15
      vertex -48.9934 66.1748 12
      vertex -48.9934 66.1748 15
    endloop
  endfacet
  facet normal 0.852668 -0.522453 0
    outer loop
      vertex -48.9934 66.1748 12
      vertex -49.2967 65.6798 15
      vertex -49.2967 65.6798 12
    endloop
  endfacet
  facet normal 0.996911 0.0785403 0
    outer loop
      vertex -49.6544 63.4212 15
      vertex -49.7 64 12
      vertex -49.7 64 15
    endloop
  endfacet
  facet normal 0.996911 0.0785403 0
    outer loop
      vertex -49.7 64 12
      vertex -49.6544 63.4212 15
      vertex -49.6544 63.4212 12
    endloop
  endfacet
  facet normal 0.382707 -0.92387 0
    outer loop
      vertex -47.6798 67.2967 12
      vertex -47.1434 67.5189 15
      vertex -47.6798 67.2967 15
    endloop
  endfacet
  facet normal 0.382707 -0.92387 0
    outer loop
      vertex -47.1434 67.5189 15
      vertex -47.6798 67.2967 12
      vertex -47.1434 67.5189 12
    endloop
  endfacet
  facet normal -0.760386 0.649471 0
    outer loop
      vertex -43.3837 61.3837 12
      vertex -43.0066 61.8252 15
      vertex -43.0066 61.8252 12
    endloop
  endfacet
  facet normal -0.760386 0.649471 0
    outer loop
      vertex -43.0066 61.8252 15
      vertex -43.3837 61.3837 12
      vertex -43.3837 61.3837 15
    endloop
  endfacet
  facet normal 0.996911 -0.0785403 0
    outer loop
      vertex -49.7 64 15
      vertex -49.6544 64.5788 12
      vertex -49.6544 64.5788 15
    endloop
  endfacet
  facet normal 0.996911 -0.0785403 0
    outer loop
      vertex -49.6544 64.5788 12
      vertex -49.7 64 15
      vertex -49.7 64 12
    endloop
  endfacet
  facet normal -0.972389 0.233366 0
    outer loop
      vertex -42.4811 62.8566 12
      vertex -42.3456 63.4212 15
      vertex -42.3456 63.4212 12
    endloop
  endfacet
  facet normal -0.972389 0.233366 0
    outer loop
      vertex -42.3456 63.4212 15
      vertex -42.4811 62.8566 12
      vertex -42.4811 62.8566 15
    endloop
  endfacet
  facet normal 0.649471 0.760386 -0
    outer loop
      vertex -48.1748 61.0066 12
      vertex -48.6163 61.3837 15
      vertex -48.1748 61.0066 15
    endloop
  endfacet
  facet normal 0.649471 0.760386 0
    outer loop
      vertex -48.6163 61.3837 15
      vertex -48.1748 61.0066 12
      vertex -48.6163 61.3837 12
    endloop
  endfacet
  facet normal 0.760386 -0.649471 0
    outer loop
      vertex -48.9934 66.1748 15
      vertex -48.6163 66.6163 12
      vertex -48.6163 66.6163 15
    endloop
  endfacet
  facet normal 0.760386 -0.649471 0
    outer loop
      vertex -48.6163 66.6163 12
      vertex -48.9934 66.1748 15
      vertex -48.9934 66.1748 12
    endloop
  endfacet
  facet normal 0.382707 0.92387 -0
    outer loop
      vertex -47.1434 60.4811 12
      vertex -47.6798 60.7033 15
      vertex -47.1434 60.4811 15
    endloop
  endfacet
  facet normal 0.382707 0.92387 0
    outer loop
      vertex -47.6798 60.7033 15
      vertex -47.1434 60.4811 12
      vertex -47.6798 60.7033 12
    endloop
  endfacet
  facet normal 0.233366 0.972389 -0
    outer loop
      vertex -46.5788 60.3456 12
      vertex -47.1434 60.4811 15
      vertex -46.5788 60.3456 15
    endloop
  endfacet
  facet normal 0.233366 0.972389 0
    outer loop
      vertex -47.1434 60.4811 15
      vertex -46.5788 60.3456 12
      vertex -47.1434 60.4811 12
    endloop
  endfacet
  facet normal 1 -0 0
    outer loop
      vertex 59 -8 3
      vertex 59 99 0
      vertex 59 99 3
    endloop
  endfacet
  facet normal 1 0 0
    outer loop
      vertex 59 99 0
      vertex 59 -8 3
      vertex 59 -8 0
    endloop
  endfacet
  facet normal 0 -1 0
    outer loop
      vertex -46 -8 3
      vertex -16 -8 2.5
      vertex -16 -8 3
    endloop
  endfacet
  facet normal 0 -1 0
    outer loop
      vertex -46 -8 0
      vertex -13 -8 2.5
      vertex -16 -8 2.5
    endloop
  endfacet
  facet normal 0 -1 -0
    outer loop
      vertex -13 -8 2.5
      vertex -46 -8 0
      vertex 4 -8 2.5
    endloop
  endfacet
  facet normal 0 -1 -0
    outer loop
      vertex 4 -8 2.5
      vertex -46 -8 0
      vertex 7 -8 2.5
    endloop
  endfacet
  facet normal 0 -1 0
    outer loop
      vertex 59 -8 0
      vertex 7 -8 2.5
      vertex -46 -8 0
    endloop
  endfacet
  facet normal 0 -1 0
    outer loop
      vertex 24 -8 2.5
      vertex 59 -8 0
      vertex 27 -8 2.5
    endloop
  endfacet
  facet normal 0 -1 0
    outer loop
      vertex 27 -8 2.5
      vertex 59 -8 0
      vertex 44 -8 2.5
    endloop
  endfacet
  facet normal 0 -1 0
    outer loop
      vertex 7 -8 2.5
      vertex 59 -8 0
      vertex 24 -8 2.5
    endloop
  endfacet
  facet normal 0 -1 0
    outer loop
      vertex -46 -8 0
      vertex -16 -8 2.5
      vertex -46 -8 3
    endloop
  endfacet
  facet normal 0 -1 0
    outer loop
      vertex -13 -8 2.5
      vertex 4 -8 3
      vertex -13 -8 3
    endloop
  endfacet
  facet normal 0 -1 -0
    outer loop
      vertex 4 -8 3
      vertex -13 -8 2.5
      vertex 4 -8 2.5
    endloop
  endfacet
  facet normal 0 -1 0
    outer loop
      vertex 7 -8 2.5
      vertex 24 -8 3
      vertex 7 -8 3
    endloop
  endfacet
  facet normal 0 -1 -0
    outer loop
      vertex 24 -8 3
      vertex 7 -8 2.5
      vertex 24 -8 2.5
    endloop
  endfacet
  facet normal 0 -1 0
    outer loop
      vertex 27 -8 2.5
      vertex 44 -8 3
      vertex 27 -8 3
    endloop
  endfacet
  facet normal 0 -1 -0
    outer loop
      vertex 44 -8 3
      vertex 27 -8 2.5
      vertex 44 -8 2.5
    endloop
  endfacet
  facet normal 0 -1 0
    outer loop
      vertex 47 -8 2.5
      vertex 59 -8 3
      vertex 47 -8 3
    endloop
  endfacet
  facet normal 0 -1 0
    outer loop
      vertex 47 -8 2.5
      vertex 59 -8 0
      vertex 59 -8 3
    endloop
  endfacet
  facet normal 0 -1 0
    outer loop
      vertex 44 -8 2.5
      vertex 59 -8 0
      vertex 47 -8 2.5
    endloop
  endfacet
  facet normal 0 1 -0
    outer loop
      vertex 59 99 0
      vertex -46 99 3
      vertex 59 99 3
    endloop
  endfacet
  facet normal 0 1 0
    outer loop
      vertex -46 99 3
      vertex 59 99 0
      vertex -46 99 0
    endloop
  endfacet
  facet normal -1 0 0
    outer loop
      vertex -46 -8 0
      vertex -46 20 3
      vertex -46 20 0
    endloop
  endfacet
  facet normal -1 -0 0
    outer loop
      vertex -46 20 3
      vertex -46 -8 0
      vertex -46 -8 3
    endloop
  endfacet
  facet normal -1 0 0
    outer loop
      vertex -46 78 0
      vertex -46 99 3
      vertex -46 99 0
    endloop
  endfacet
  facet normal -1 -0 0
    outer loop
      vertex -46 99 3
      vertex -46 78 0
      vertex -46 78 3
    endloop
  endfacet
  facet normal 0 0 1
    outer loop
      vertex -58.4741 70.3559 3
      vertex -57 72.611 3
      vertex -57.3262 72.229 3
    endloop
  endfacet
  facet normal -0 0 1
    outer loop
      vertex -54.229 75.3262 3
      vertex -54 75 3
      vertex -52.3559 76.4741 3
    endloop
  endfacet
  facet normal 0 0 1
    outer loop
      vertex -54 75 3
      vertex -54.229 75.3262 3
      vertex -54.611 75 3
    endloop
  endfacet
  facet normal 0 0 1
    outer loop
      vertex -38 53 3
      vertex -54 53 3
      vertex -44 49 3
    endloop
  endfacet
  facet normal 0 0 1
    outer loop
      vertex -54 75 3
      vertex -48.1901 77.8276 3
      vertex -50.3262 77.3148 3
    endloop
  endfacet
  facet normal 0 0 1
    outer loop
      vertex -54 75 3
      vertex -50.3262 77.3148 3
      vertex -52.3559 76.4741 3
    endloop
  endfacet
  facet normal 0 0 1
    outer loop
      vertex -48.1901 77.8276 3
      vertex -54 75 3
      vertex -54 53 3
    endloop
  endfacet
  facet normal 0 0 1
    outer loop
      vertex -64 22 3
      vertex -44 49 3
      vertex -54 53 3
    endloop
  endfacet
  facet normal 0 0 1
    outer loop
      vertex -64 22 3
      vertex -54 53 3
      vertex -57 53 3
    endloop
  endfacet
  facet normal 0 0 1
    outer loop
      vertex -57 72.611 3
      vertex -58.4741 70.3559 3
      vertex -59.3148 68.3262 3
    endloop
  endfacet
  facet normal 0 0 1
    outer loop
      vertex -57 72.611 3
      vertex -59.3148 68.3262 3
      vertex -57 53 3
    endloop
  endfacet
  facet normal 0 0 1
    outer loop
      vertex -64 52 3
      vertex -57 53 3
      vertex -59.3148 68.3262 3
    endloop
  endfacet
  facet normal 0 0 1
    outer loop
      vertex -64 22 3
      vertex -57 53 3
      vertex -64 52 3
    endloop
  endfacet
  facet normal 0 0 1
    outer loop
      vertex -44 49 3
      vertex -64 22 3
      vertex -46 20 3
    endloop
  endfacet
  facet normal 0 0 1
    outer loop
      vertex -13.5593 30.7945 3
      vertex -41 27 3
      vertex -13.6643 30.5408 3
    endloop
  endfacet
  facet normal 0 0 1
    outer loop
      vertex -54 53 3
      vertex -38 53 3
      vertex -42.5 75 3
    endloop
  endfacet
  facet normal 0 0 1
    outer loop
      vertex -38 53 3
      vertex -44 49 3
      vertex -41 49 3
    endloop
  endfacet
  facet normal 0 0 1
    outer loop
      vertex -16 11 3
      vertex -12.7945 28.4407 3
      vertex -13.0286 28.5842 3
    endloop
  endfacet
  facet normal 0 0 1
    outer loop
      vertex -16 11 3
      vertex -13.0286 28.5842 3
      vertex -13.2374 28.7626 3
    endloop
  endfacet
  facet normal 0 0 1
    outer loop
      vertex -16 11 3
      vertex -13.2374 28.7626 3
      vertex -13.4158 28.9714 3
    endloop
  endfacet
  facet normal 0 0 1
    outer loop
      vertex -39.5 23 3
      vertex -13.4158 28.9714 3
      vertex -13.5593 29.2055 3
    endloop
  endfacet
  facet normal 0 0 1
    outer loop
      vertex -39.5 23 3
      vertex -13.5593 29.2055 3
      vertex -13.6643 29.4592 3
    endloop
  endfacet
  facet normal 0 0 1
    outer loop
      vertex -39.5 23 3
      vertex -13.6643 29.4592 3
      vertex -13.7285 29.7262 3
    endloop
  endfacet
  facet normal 0 0 1
    outer loop
      vertex -39.5 23 3
      vertex -13.7285 29.7262 3
      vertex -13.75 30 3
    endloop
  endfacet
  facet normal 0 0 1
    outer loop
      vertex -12.7945 28.4407 3
      vertex -16 11 3
      vertex -13 11 3
    endloop
  endfacet
  facet normal 0 0 1
    outer loop
      vertex 10.4407 49.2055 3
      vertex -10.4407 49.2055 3
      vertex 10.5842 48.9714 3
    endloop
  endfacet
  facet normal 0 0 1
    outer loop
      vertex 10.5842 31.0286 3
      vertex -10.2715 30.2738 3
      vertex -10.25 30 3
    endloop
  endfacet
  facet normal 0 0 1
    outer loop
      vertex -10.5842 48.9714 3
      vertex 10.5842 48.9714 3
      vertex -10.4407 49.2055 3
    endloop
  endfacet
  facet normal 0 0 1
    outer loop
      vertex 10.5842 31.0286 3
      vertex -10.3357 30.5408 3
      vertex -10.2715 30.2738 3
    endloop
  endfacet
  facet normal 0 0 1
    outer loop
      vertex 10.5842 48.9714 3
      vertex -10.5842 48.9714 3
      vertex 10.5842 31.0286 3
    endloop
  endfacet
  facet normal 0 0 1
    outer loop
      vertex 10.5842 31.0286 3
      vertex -10.4407 30.7945 3
      vertex -10.3357 30.5408 3
    endloop
  endfacet
  facet normal 0 0 1
    outer loop
      vertex -10.5842 31.0286 3
      vertex 10.5842 31.0286 3
      vertex -10.5842 48.9714 3
    endloop
  endfacet
  facet normal 0 0 1
    outer loop
      vertex 10.5842 31.0286 3
      vertex -10.5842 31.0286 3
      vertex -10.4407 30.7945 3
    endloop
  endfacet
  facet normal -0 0 1
    outer loop
      vertex -10.7626 48.7626 3
      vertex -10.5842 31.0286 3
      vertex -10.5842 48.9714 3
    endloop
  endfacet
  facet normal 0 0 1
    outer loop
      vertex -10.7626 48.7626 3
      vertex -10.7626 31.2374 3
      vertex -10.5842 31.0286 3
    endloop
  endfacet
  facet normal -0 0 1
    outer loop
      vertex -10.9714 48.5842 3
      vertex -10.7626 31.2374 3
      vertex -10.7626 48.7626 3
    endloop
  endfacet
  facet normal 0 0 1
    outer loop
      vertex -10.9714 48.5842 3
      vertex -10.9714 31.4158 3
      vertex -10.7626 31.2374 3
    endloop
  endfacet
  facet normal -0 0 1
    outer loop
      vertex -11.2055 48.4407 3
      vertex -10.9714 31.4158 3
      vertex -10.9714 48.5842 3
    endloop
  endfacet
  facet normal 0 0 1
    outer loop
      vertex -11.2055 48.4407 3
      vertex -11.2055 31.5593 3
      vertex -10.9714 31.4158 3
    endloop
  endfacet
  facet normal -0 0 1
    outer loop
      vertex -11.4592 48.3357 3
      vertex -11.2055 31.5593 3
      vertex -11.2055 48.4407 3
    endloop
  endfacet
  facet normal 0 0 1
    outer loop
      vertex -11.4592 48.3357 3
      vertex -11.4592 31.6643 3
      vertex -11.2055 31.5593 3
    endloop
  endfacet
  facet normal -0 0 1
    outer loop
      vertex -11.7262 48.2715 3
      vertex -11.4592 31.6643 3
      vertex -11.4592 48.3357 3
    endloop
  endfacet
  facet normal 0 0 1
    outer loop
      vertex -11.7262 48.2715 3
      vertex -11.7262 31.7285 3
      vertex -11.4592 31.6643 3
    endloop
  endfacet
  facet normal -0 0 1
    outer loop
      vertex -12 48.25 3
      vertex -11.7262 31.7285 3
      vertex -11.7262 48.2715 3
    endloop
  endfacet
  facet normal 0 0 1
    outer loop
      vertex -12 48.25 3
      vertex -12 31.75 3
      vertex -11.7262 31.7285 3
    endloop
  endfacet
  facet normal 0 0 1
    outer loop
      vertex -12.2738 48.2715 3
      vertex -12 31.75 3
      vertex -12 48.25 3
    endloop
  endfacet
  facet normal 0 0 1
    outer loop
      vertex -12.2738 48.2715 3
      vertex -12.2738 31.7285 3
      vertex -12 31.75 3
    endloop
  endfacet
  facet normal 0 0 1
    outer loop
      vertex -12.5408 48.3357 3
      vertex -12.2738 31.7285 3
      vertex -12.2738 48.2715 3
    endloop
  endfacet
  facet normal 0 0 1
    outer loop
      vertex -12.5408 48.3357 3
      vertex -12.5408 31.6643 3
      vertex -12.2738 31.7285 3
    endloop
  endfacet
  facet normal 0 0 1
    outer loop
      vertex -12.7945 48.4407 3
      vertex -12.5408 31.6643 3
      vertex -12.5408 48.3357 3
    endloop
  endfacet
  facet normal 0 0 1
    outer loop
      vertex -12.7945 48.4407 3
      vertex -12.7945 31.5593 3
      vertex -12.5408 31.6643 3
    endloop
  endfacet
  facet normal 0 0 1
    outer loop
      vertex -13.0286 48.5842 3
      vertex -12.7945 31.5593 3
      vertex -12.7945 48.4407 3
    endloop
  endfacet
  facet normal 0 0 1
    outer loop
      vertex -13.0286 48.5842 3
      vertex -13.0286 31.4158 3
      vertex -12.7945 31.5593 3
    endloop
  endfacet
  facet normal 0 0 1
    outer loop
      vertex -13.2374 48.7626 3
      vertex -13.0286 31.4158 3
      vertex -13.0286 48.5842 3
    endloop
  endfacet
  facet normal 0 0 1
    outer loop
      vertex -13.2374 48.7626 3
      vertex -13.2374 31.2374 3
      vertex -13.0286 31.4158 3
    endloop
  endfacet
  facet normal 0 0 1
    outer loop
      vertex -13.4158 48.9714 3
      vertex -13.2374 31.2374 3
      vertex -13.2374 48.7626 3
    endloop
  endfacet
  facet normal 0 0 1
    outer loop
      vertex -13.4158 48.9714 3
      vertex -13.4158 31.0286 3
      vertex -13.2374 31.2374 3
    endloop
  endfacet
  facet normal 0 0 1
    outer loop
      vertex -35 53 3
      vertex -13.4158 48.9714 3
      vertex -13.5593 49.2055 3
    endloop
  endfacet
  facet normal 0 0 1
    outer loop
      vertex -13.4158 48.9714 3
      vertex -35 53 3
      vertex -13.4158 31.0286 3
    endloop
  endfacet
  facet normal 0 0 1
    outer loop
      vertex -35 53 3
      vertex -13.5593 49.2055 3
      vertex -13.6643 49.4592 3
    endloop
  endfacet
  facet normal 0 0 1
    outer loop
      vertex -13.4158 31.0286 3
      vertex -35 53 3
      vertex -13.5593 30.7945 3
    endloop
  endfacet
  facet normal 0 0 1
    outer loop
      vertex -35 53 3
      vertex -13.6643 49.4592 3
      vertex -13.7285 49.7262 3
    endloop
  endfacet
  facet normal 0 0 1
    outer loop
      vertex -41 27 3
      vertex -35 53 3
      vertex -41 49 3
    endloop
  endfacet
  facet normal 0 0 1
    outer loop
      vertex -35 53 3
      vertex -13.7285 49.7262 3
      vertex -13.75 50 3
    endloop
  endfacet
  facet normal 0 0 1
    outer loop
      vertex -35 53 3
      vertex -41 27 3
      vertex -13.5593 30.7945 3
    endloop
  endfacet
  facet normal -0 0 1
    outer loop
      vertex 13.6643 49.4592 3
      vertex 52.5 23 3
      vertex 13.7285 49.7262 3
    endloop
  endfacet
  facet normal 0 0 1
    outer loop
      vertex 52.5 23 3
      vertex 13.7285 30.2738 3
      vertex 13.75 30 3
    endloop
  endfacet
  facet normal -0 0 1
    outer loop
      vertex 13.6643 30.5408 3
      vertex 52.5 23 3
      vertex 13.6643 49.4592 3
    endloop
  endfacet
  facet normal 0 0 1
    outer loop
      vertex 52.5 23 3
      vertex 13.6643 30.5408 3
      vertex 13.7285 30.2738 3
    endloop
  endfacet
  facet normal -0 0 1
    outer loop
      vertex 13.5593 49.2055 3
      vertex 13.6643 30.5408 3
      vertex 13.6643 49.4592 3
    endloop
  endfacet
  facet normal 0 0 1
    outer loop
      vertex 13.5593 49.2055 3
      vertex 13.5593 30.7945 3
      vertex 13.6643 30.5408 3
    endloop
  endfacet
  facet normal -0 0 1
    outer loop
      vertex 13.4158 48.9714 3
      vertex 13.5593 30.7945 3
      vertex 13.5593 49.2055 3
    endloop
  endfacet
  facet normal 0 0 1
    outer loop
      vertex 13.4158 48.9714 3
      vertex 13.4158 31.0286 3
      vertex 13.5593 30.7945 3
    endloop
  endfacet
  facet normal -0 0 1
    outer loop
      vertex 13.2374 48.7626 3
      vertex 13.4158 31.0286 3
      vertex 13.4158 48.9714 3
    endloop
  endfacet
  facet normal 0 0 1
    outer loop
      vertex 13.2374 48.7626 3
      vertex 13.2374 31.2374 3
      vertex 13.4158 31.0286 3
    endloop
  endfacet
  facet normal -0 0 1
    outer loop
      vertex 13.0286 48.5842 3
      vertex 13.2374 31.2374 3
      vertex 13.2374 48.7626 3
    endloop
  endfacet
  facet normal 0 0 1
    outer loop
      vertex 13.0286 48.5842 3
      vertex 13.0286 31.4158 3
      vertex 13.2374 31.2374 3
    endloop
  endfacet
  facet normal -0 0 1
    outer loop
      vertex 12.7945 48.4407 3
      vertex 13.0286 31.4158 3
      vertex 13.0286 48.5842 3
    endloop
  endfacet
  facet normal 0 0 1
    outer loop
      vertex 12.7945 48.4407 3
      vertex 12.7945 31.5593 3
      vertex 13.0286 31.4158 3
    endloop
  endfacet
  facet normal -0 0 1
    outer loop
      vertex 12.5408 48.3357 3
      vertex 12.7945 31.5593 3
      vertex 12.7945 48.4407 3
    endloop
  endfacet
  facet normal 0 0 1
    outer loop
      vertex 12.5408 48.3357 3
      vertex 12.5408 31.6643 3
      vertex 12.7945 31.5593 3
    endloop
  endfacet
  facet normal -0 0 1
    outer loop
      vertex 12.2738 48.2715 3
      vertex 12.5408 31.6643 3
      vertex 12.5408 48.3357 3
    endloop
  endfacet
  facet normal 0 0 1
    outer loop
      vertex 12.2738 48.2715 3
      vertex 12.2738 31.7285 3
      vertex 12.5408 31.6643 3
    endloop
  endfacet
  facet normal -0 0 1
    outer loop
      vertex 12 48.25 3
      vertex 12.2738 31.7285 3
      vertex 12.2738 48.2715 3
    endloop
  endfacet
  facet normal 0 0 1
    outer loop
      vertex 12 48.25 3
      vertex 12 31.75 3
      vertex 12.2738 31.7285 3
    endloop
  endfacet
  facet normal 0 0 1
    outer loop
      vertex 11.7262 48.2715 3
      vertex 12 31.75 3
      vertex 12 48.25 3
    endloop
  endfacet
  facet normal 0 0 1
    outer loop
      vertex 11.7262 48.2715 3
      vertex 11.7262 31.7285 3
      vertex 12 31.75 3
    endloop
  endfacet
  facet normal 0 0 1
    outer loop
      vertex 11.4592 48.3357 3
      vertex 11.7262 31.7285 3
      vertex 11.7262 48.2715 3
    endloop
  endfacet
  facet normal 0 0 1
    outer loop
      vertex 11.4592 48.3357 3
      vertex 11.4592 31.6643 3
      vertex 11.7262 31.7285 3
    endloop
  endfacet
  facet normal 0 0 1
    outer loop
      vertex 11.2055 48.4407 3
      vertex 11.4592 31.6643 3
      vertex 11.4592 48.3357 3
    endloop
  endfacet
  facet normal 0 0 1
    outer loop
      vertex 11.2055 48.4407 3
      vertex 11.2055 31.5593 3
      vertex 11.4592 31.6643 3
    endloop
  endfacet
  facet normal 0 0 1
    outer loop
      vertex 10.9714 48.5842 3
      vertex 11.2055 31.5593 3
      vertex 11.2055 48.4407 3
    endloop
  endfacet
  facet normal 0 0 1
    outer loop
      vertex 10.9714 48.5842 3
      vertex 10.9714 31.4158 3
      vertex 11.2055 31.5593 3
    endloop
  endfacet
  facet normal 0 0 1
    outer loop
      vertex 10.7626 48.7626 3
      vertex 10.9714 31.4158 3
      vertex 10.9714 48.5842 3
    endloop
  endfacet
  facet normal 0 0 1
    outer loop
      vertex 10.7626 48.7626 3
      vertex 10.7626 31.2374 3
      vertex 10.9714 31.4158 3
    endloop
  endfacet
  facet normal 0 0 1
    outer loop
      vertex 10.5842 48.9714 3
      vertex 10.7626 31.2374 3
      vertex 10.7626 48.7626 3
    endloop
  endfacet
  facet normal 0 0 1
    outer loop
      vertex 10.5842 48.9714 3
      vertex 10.5842 31.0286 3
      vertex 10.7626 31.2374 3
    endloop
  endfacet
  facet normal 0 0 1
    outer loop
      vertex -10.3357 49.4592 3
      vertex 10.3357 49.4592 3
      vertex -10.2715 49.7262 3
    endloop
  endfacet
  facet normal 0 0 1
    outer loop
      vertex 10.3357 49.4592 3
      vertex -10.3357 49.4592 3
      vertex 10.4407 49.2055 3
    endloop
  endfacet
  facet normal 0 0 1
    outer loop
      vertex 10.2715 49.7262 3
      vertex -10.2715 49.7262 3
      vertex 10.3357 49.4592 3
    endloop
  endfacet
  facet normal 0 0 1
    outer loop
      vertex -10.4407 49.2055 3
      vertex 10.4407 49.2055 3
      vertex -10.3357 49.4592 3
    endloop
  endfacet
  facet normal 0 0 1
    outer loop
      vertex -10.2715 49.7262 3
      vertex 10.2715 49.7262 3
      vertex -10.25 50 3
    endloop
  endfacet
  facet normal 0 0 1
    outer loop
      vertex 10.5842 31.0286 3
      vertex -10.25 30 3
      vertex 10.4407 30.7945 3
    endloop
  endfacet
  facet normal -0 0 1
    outer loop
      vertex -10.25 50 3
      vertex 10.2715 49.7262 3
      vertex 10.25 50 3
    endloop
  endfacet
  facet normal 0 0 1
    outer loop
      vertex 10.4407 30.7945 3
      vertex -10.25 30 3
      vertex 10.3357 30.5408 3
    endloop
  endfacet
  facet normal -0 0 1
    outer loop
      vertex 52.5 75 3
      vertex 55.5 23 3
      vertex 55.5 75 3
    endloop
  endfacet
  facet normal 0 0 1
    outer loop
      vertex 55.5 23 3
      vertex 52.5 75 3
      vertex 52.5 23 3
    endloop
  endfacet
  facet normal 0 0 1
    outer loop
      vertex 55.5 75 3
      vertex 59 99 3
      vertex 55.5 97 3
    endloop
  endfacet
  facet normal 0 0 1
    outer loop
      vertex 59 99 3
      vertex 52.5 97 3
      vertex 55.5 97 3
    endloop
  endfacet
  facet normal 0 0 1
    outer loop
      vertex 12.2738 51.7285 3
      vertex 52.5 75 3
      vertex 52.5 97 3
    endloop
  endfacet
  facet normal 0 -0 1
    outer loop
      vertex 13.7285 50.2738 3
      vertex 52.5 75 3
      vertex 13.6643 50.5408 3
    endloop
  endfacet
  facet normal 0 0 1
    outer loop
      vertex 52.5 23 3
      vertex 47 11 3
      vertex 52.5 1 3
    endloop
  endfacet
  facet normal -0 0 1
    outer loop
      vertex 13.7285 49.7262 3
      vertex 52.5 23 3
      vertex 13.75 50 3
    endloop
  endfacet
  facet normal 0 0 1
    outer loop
      vertex 44 11 3
      vertex 27 11 3
      vertex 44 -8 3
    endloop
  endfacet
  facet normal 0 0 1
    outer loop
      vertex 52.5 23 3
      vertex 44 11 3
      vertex 47 11 3
    endloop
  endfacet
  facet normal 0 -0 1
    outer loop
      vertex 27 11 3
      vertex 52.5 23 3
      vertex 13.75 30 3
    endloop
  endfacet
  facet normal -0 0 1
    outer loop
      vertex 13.7285 29.7262 3
      vertex 27 11 3
      vertex 13.75 30 3
    endloop
  endfacet
  facet normal 0 0 1
    outer loop
      vertex 52.5 23 3
      vertex 27 11 3
      vertex 44 11 3
    endloop
  endfacet
  facet normal 0 0 1
    outer loop
      vertex 52.5 75 3
      vertex 13.75 50 3
      vertex 52.5 23 3
    endloop
  endfacet
  facet normal 0 -0 1
    outer loop
      vertex 13.75 50 3
      vertex 52.5 75 3
      vertex 13.7285 50.2738 3
    endloop
  endfacet
  facet normal 0 0 1
    outer loop
      vertex 52.5 75 3
      vertex 13.5593 50.7945 3
      vertex 13.6643 50.5408 3
    endloop
  endfacet
  facet normal 0 0 1
    outer loop
      vertex 52.5 75 3
      vertex 13.4158 51.0286 3
      vertex 13.5593 50.7945 3
    endloop
  endfacet
  facet normal 0 0 1
    outer loop
      vertex 52.5 75 3
      vertex 13.2374 51.2374 3
      vertex 13.4158 51.0286 3
    endloop
  endfacet
  facet normal 0 0 1
    outer loop
      vertex 52.5 75 3
      vertex 13.0286 51.4158 3
      vertex 13.2374 51.2374 3
    endloop
  endfacet
  facet normal 0 0 1
    outer loop
      vertex 52.5 75 3
      vertex 12.7945 51.5593 3
      vertex 13.0286 51.4158 3
    endloop
  endfacet
  facet normal 0 0 1
    outer loop
      vertex 52.5 75 3
      vertex 12.5408 51.6643 3
      vertex 12.7945 51.5593 3
    endloop
  endfacet
  facet normal 0 0 1
    outer loop
      vertex 52.5 75 3
      vertex 12.2738 51.7285 3
      vertex 12.5408 51.6643 3
    endloop
  endfacet
  facet normal 0 0 1
    outer loop
      vertex 52.5 97 3
      vertex 12 51.75 3
      vertex 12.2738 51.7285 3
    endloop
  endfacet
  facet normal 0 0 1
    outer loop
      vertex 52.5 97 3
      vertex 11.7262 51.7285 3
      vertex 12 51.75 3
    endloop
  endfacet
  facet normal -0 0 1
    outer loop
      vertex -39.5 97 3
      vertex 11.7262 51.7285 3
      vertex 52.5 97 3
    endloop
  endfacet
  facet normal -0 -0 1
    outer loop
      vertex -35 75 3
      vertex 11.7262 51.7285 3
      vertex -39.5 97 3
    endloop
  endfacet
  facet normal 0 0 1
    outer loop
      vertex 11.7262 51.7285 3
      vertex -35 75 3
      vertex 11.4592 51.6643 3
    endloop
  endfacet
  facet normal 0 -0 1
    outer loop
      vertex -11.4592 51.6643 3
      vertex 11.4592 51.6643 3
      vertex -35 75 3
    endloop
  endfacet
  facet normal 0 0 1
    outer loop
      vertex 10.2715 30.2738 3
      vertex -10.25 30 3
      vertex 10.25 30 3
    endloop
  endfacet
  facet normal 0 0 1
    outer loop
      vertex -10.25 50 3
      vertex 10.25 50 3
      vertex 10.2715 50.2738 3
    endloop
  endfacet
  facet normal 0 0 1
    outer loop
      vertex -10.2715 29.7262 3
      vertex 10.25 30 3
      vertex -10.25 30 3
    endloop
  endfacet
  facet normal 0 0 1
    outer loop
      vertex -10.3357 29.4592 3
      vertex 10.25 30 3
      vertex -10.2715 29.7262 3
    endloop
  endfacet
  facet normal 0 0 1
    outer loop
      vertex 10.3357 30.5408 3
      vertex -10.25 30 3
      vertex 10.2715 30.2738 3
    endloop
  endfacet
  facet normal 0 0 1
    outer loop
      vertex -10.2715 50.2738 3
      vertex 10.2715 50.2738 3
      vertex 10.3357 50.5408 3
    endloop
  endfacet
  facet normal 0 0 1
    outer loop
      vertex -10.3357 50.5408 3
      vertex 10.3357 50.5408 3
      vertex 10.4407 50.7945 3
    endloop
  endfacet
  facet normal 0 0 1
    outer loop
      vertex -10.4407 50.7945 3
      vertex 10.4407 50.7945 3
      vertex 10.5842 51.0286 3
    endloop
  endfacet
  facet normal 0 0 1
    outer loop
      vertex -10.5842 51.0286 3
      vertex 10.5842 51.0286 3
      vertex 10.7626 51.2374 3
    endloop
  endfacet
  facet normal 0 0 1
    outer loop
      vertex 11.4592 51.6643 3
      vertex -11.4592 51.6643 3
      vertex 11.2055 51.5593 3
    endloop
  endfacet
  facet normal 0 0 1
    outer loop
      vertex 10.2715 50.2738 3
      vertex -10.2715 50.2738 3
      vertex -10.25 50 3
    endloop
  endfacet
  facet normal 0 0 1
    outer loop
      vertex 10.3357 50.5408 3
      vertex -10.3357 50.5408 3
      vertex -10.2715 50.2738 3
    endloop
  endfacet
  facet normal 0 0 1
    outer loop
      vertex 10.4407 50.7945 3
      vertex -10.4407 50.7945 3
      vertex -10.3357 50.5408 3
    endloop
  endfacet
  facet normal 0 0 1
    outer loop
      vertex 10.5842 51.0286 3
      vertex -10.5842 51.0286 3
      vertex -10.4407 50.7945 3
    endloop
  endfacet
  facet normal 0 0 1
    outer loop
      vertex 10.7626 51.2374 3
      vertex -10.7626 51.2374 3
      vertex -10.5842 51.0286 3
    endloop
  endfacet
  facet normal 0 0 1
    outer loop
      vertex 10.7626 51.2374 3
      vertex -10.9714 51.4158 3
      vertex -10.7626 51.2374 3
    endloop
  endfacet
  facet normal 0 0 1
    outer loop
      vertex 10.9714 51.4158 3
      vertex -10.9714 51.4158 3
      vertex 10.7626 51.2374 3
    endloop
  endfacet
  facet normal 0 0 1
    outer loop
      vertex 11.2055 51.5593 3
      vertex -11.2055 51.5593 3
      vertex 10.9714 51.4158 3
    endloop
  endfacet
  facet normal 0 -0 1
    outer loop
      vertex -10.9714 51.4158 3
      vertex 10.9714 51.4158 3
      vertex -11.2055 51.5593 3
    endloop
  endfacet
  facet normal 0 0 1
    outer loop
      vertex -11.4592 51.6643 3
      vertex -35 75 3
      vertex -11.7262 51.7285 3
    endloop
  endfacet
  facet normal 0 0 1
    outer loop
      vertex -11.7262 51.7285 3
      vertex -35 75 3
      vertex -12 51.75 3
    endloop
  endfacet
  facet normal 0 0 1
    outer loop
      vertex -12 51.75 3
      vertex -35 75 3
      vertex -12.2738 51.7285 3
    endloop
  endfacet
  facet normal 0 0 1
    outer loop
      vertex -12.2738 51.7285 3
      vertex -35 75 3
      vertex -12.5408 51.6643 3
    endloop
  endfacet
  facet normal 0 0 1
    outer loop
      vertex -12.5408 51.6643 3
      vertex -35 75 3
      vertex -12.7945 51.5593 3
    endloop
  endfacet
  facet normal 0 0 1
    outer loop
      vertex -13.6643 30.5408 3
      vertex -39.5 23 3
      vertex -13.7285 30.2738 3
    endloop
  endfacet
  facet normal 0 0 1
    outer loop
      vertex -13.7285 30.2738 3
      vertex -39.5 23 3
      vertex -13.75 30 3
    endloop
  endfacet
  facet normal 0 0 1
    outer loop
      vertex -13.7285 50.2738 3
      vertex -35 53 3
      vertex -13.75 50 3
    endloop
  endfacet
  facet normal 0 0 1
    outer loop
      vertex -13.6643 50.5408 3
      vertex -35 53 3
      vertex -13.7285 50.2738 3
    endloop
  endfacet
  facet normal 0 0 1
    outer loop
      vertex -13.5593 50.7945 3
      vertex -35 53 3
      vertex -13.6643 50.5408 3
    endloop
  endfacet
  facet normal 0 0 1
    outer loop
      vertex -13.4158 51.0286 3
      vertex -35 53 3
      vertex -13.5593 50.7945 3
    endloop
  endfacet
  facet normal 0 0 1
    outer loop
      vertex -13.2374 51.2374 3
      vertex -35 53 3
      vertex -13.4158 51.0286 3
    endloop
  endfacet
  facet normal 0 0 1
    outer loop
      vertex -13.0286 51.4158 3
      vertex -35 53 3
      vertex -13.2374 51.2374 3
    endloop
  endfacet
  facet normal -0 0 1
    outer loop
      vertex -35 53 3
      vertex -13.0286 51.4158 3
      vertex -35 75 3
    endloop
  endfacet
  facet normal 0 0 1
    outer loop
      vertex -12.7945 51.5593 3
      vertex -35 75 3
      vertex -13.0286 51.4158 3
    endloop
  endfacet
  facet normal 0 0 1
    outer loop
      vertex -39.5 97 3
      vertex 52.5 97 3
      vertex 59 99 3
    endloop
  endfacet
  facet normal 0 -0 1
    outer loop
      vertex -11.2055 51.5593 3
      vertex 11.2055 51.5593 3
      vertex -11.4592 51.6643 3
    endloop
  endfacet
  facet normal 0 0 1
    outer loop
      vertex -39.5 75 3
      vertex -38 75 3
      vertex -39.5 97 3
    endloop
  endfacet
  facet normal 0 0 1
    outer loop
      vertex -35 75 3
      vertex -39.5 97 3
      vertex -38 75 3
    endloop
  endfacet
  facet normal -0 0 1
    outer loop
      vertex -46 99 3
      vertex -39.5 97 3
      vertex 59 99 3
    endloop
  endfacet
  facet normal -0 0 1
    outer loop
      vertex -46 78 3
      vertex -42.5 75 3
      vertex -42.5 97 3
    endloop
  endfacet
  facet normal -0 0 1
    outer loop
      vertex -48.1901 77.8276 3
      vertex -42.5 75 3
      vertex -46 78 3
    endloop
  endfacet
  facet normal 0 0 1
    outer loop
      vertex -46 78 3
      vertex -42.5 97 3
      vertex -46 99 3
    endloop
  endfacet
  facet normal 0 0 1
    outer loop
      vertex -39.5 97 3
      vertex -46 99 3
      vertex -42.5 97 3
    endloop
  endfacet
  facet normal 0 0 1
    outer loop
      vertex 55.5 23 3
      vertex 59 99 3
      vertex 55.5 75 3
    endloop
  endfacet
  facet normal 0 0 1
    outer loop
      vertex 59 99 3
      vertex 55.5 23 3
      vertex 59 -8 3
    endloop
  endfacet
  facet normal -0 0 1
    outer loop
      vertex 55.5 1 3
      vertex 59 -8 3
      vertex 55.5 23 3
    endloop
  endfacet
  facet normal -0 0 1
    outer loop
      vertex 52.5 1 3
      vertex 59 -8 3
      vertex 55.5 1 3
    endloop
  endfacet
  facet normal 0 0 1
    outer loop
      vertex 52.5 1 3
      vertex 47 -8 3
      vertex 59 -8 3
    endloop
  endfacet
  facet normal 0 0 1
    outer loop
      vertex 47 -8 3
      vertex 52.5 1 3
      vertex 47 11 3
    endloop
  endfacet
  facet normal 0 0 1
    outer loop
      vertex 44 -8 3
      vertex 27 11 3
      vertex 27 -8 3
    endloop
  endfacet
  facet normal -0 0 1
    outer loop
      vertex 13.6643 29.4592 3
      vertex 27 11 3
      vertex 13.7285 29.7262 3
    endloop
  endfacet
  facet normal -0 0 1
    outer loop
      vertex 13.5593 29.2055 3
      vertex 27 11 3
      vertex 13.6643 29.4592 3
    endloop
  endfacet
  facet normal 0 0 1
    outer loop
      vertex 27 11 3
      vertex 13.5593 29.2055 3
      vertex 24 11 3
    endloop
  endfacet
  facet normal -0 0 1
    outer loop
      vertex 13.4158 28.9714 3
      vertex 24 11 3
      vertex 13.5593 29.2055 3
    endloop
  endfacet
  facet normal -0 0 1
    outer loop
      vertex 13.2374 28.7626 3
      vertex 24 11 3
      vertex 13.4158 28.9714 3
    endloop
  endfacet
  facet normal -0 0 1
    outer loop
      vertex 13.0286 28.5842 3
      vertex 24 11 3
      vertex 13.2374 28.7626 3
    endloop
  endfacet
  facet normal -0 0 1
    outer loop
      vertex 12.7945 28.4407 3
      vertex 24 11 3
      vertex 13.0286 28.5842 3
    endloop
  endfacet
  facet normal -0 0 1
    outer loop
      vertex 12.5408 28.3357 3
      vertex 24 11 3
      vertex 12.7945 28.4407 3
    endloop
  endfacet
  facet normal 0 0 1
    outer loop
      vertex 24 11 3
      vertex 12.5408 28.3357 3
      vertex 7 11 3
    endloop
  endfacet
  facet normal 0 0 1
    outer loop
      vertex 7 11 3
      vertex 12.5408 28.3357 3
      vertex 12.2738 28.2715 3
    endloop
  endfacet
  facet normal 0 0 1
    outer loop
      vertex 7 11 3
      vertex 12.2738 28.2715 3
      vertex 12 28.25 3
    endloop
  endfacet
  facet normal 0 0 1
    outer loop
      vertex 7 11 3
      vertex 12 28.25 3
      vertex 11.7262 28.2715 3
    endloop
  endfacet
  facet normal 0 0 1
    outer loop
      vertex 7 11 3
      vertex 11.7262 28.2715 3
      vertex 11.4592 28.3357 3
    endloop
  endfacet
  facet normal 0 0 1
    outer loop
      vertex 7 11 3
      vertex 11.4592 28.3357 3
      vertex 11.2055 28.4407 3
    endloop
  endfacet
  facet normal 0 0 1
    outer loop
      vertex 7 11 3
      vertex 11.2055 28.4407 3
      vertex 10.9714 28.5842 3
    endloop
  endfacet
  facet normal 0 0 1
    outer loop
      vertex 7 11 3
      vertex 10.9714 28.5842 3
      vertex 10.7626 28.7626 3
    endloop
  endfacet
  facet normal 0 0 1
    outer loop
      vertex 7 11 3
      vertex 10.7626 28.7626 3
      vertex 10.5842 28.9714 3
    endloop
  endfacet
  facet normal 0 0 1
    outer loop
      vertex 7 11 3
      vertex 10.5842 28.9714 3
      vertex 10.4407 29.2055 3
    endloop
  endfacet
  facet normal 0 0 1
    outer loop
      vertex 7 11 3
      vertex 10.4407 29.2055 3
      vertex 10.3357 29.4592 3
    endloop
  endfacet
  facet normal 0 0 1
    outer loop
      vertex 7 11 3
      vertex 10.2715 29.7262 3
      vertex 10.25 30 3
    endloop
  endfacet
  facet normal 0 0 1
    outer loop
      vertex 7 11 3
      vertex 10.3357 29.4592 3
      vertex 10.2715 29.7262 3
    endloop
  endfacet
  facet normal 0 0 1
    outer loop
      vertex 24 11 3
      vertex 7 11 3
      vertex 24 -8 3
    endloop
  endfacet
  facet normal 0 0 1
    outer loop
      vertex 24 -8 3
      vertex 7 11 3
      vertex 7 -8 3
    endloop
  endfacet
  facet normal 0 0 1
    outer loop
      vertex 10.25 30 3
      vertex 4 11 3
      vertex 7 11 3
    endloop
  endfacet
  facet normal 0 0 1
    outer loop
      vertex -10.4407 29.2055 3
      vertex 10.25 30 3
      vertex -10.3357 29.4592 3
    endloop
  endfacet
  facet normal 0 0 1
    outer loop
      vertex 10.25 30 3
      vertex -10.4407 29.2055 3
      vertex 4 11 3
    endloop
  endfacet
  facet normal -0 0 1
    outer loop
      vertex -10.5842 28.9714 3
      vertex 4 11 3
      vertex -10.4407 29.2055 3
    endloop
  endfacet
  facet normal -0 0 1
    outer loop
      vertex -10.7626 28.7626 3
      vertex 4 11 3
      vertex -10.5842 28.9714 3
    endloop
  endfacet
  facet normal -0 0 1
    outer loop
      vertex -10.9714 28.5842 3
      vertex 4 11 3
      vertex -10.7626 28.7626 3
    endloop
  endfacet
  facet normal 0 0 1
    outer loop
      vertex 4 11 3
      vertex -10.9714 28.5842 3
      vertex -13 11 3
    endloop
  endfacet
  facet normal 0 0 1
    outer loop
      vertex -13 11 3
      vertex -10.9714 28.5842 3
      vertex -11.2055 28.4407 3
    endloop
  endfacet
  facet normal 0 0 1
    outer loop
      vertex -13 11 3
      vertex -11.2055 28.4407 3
      vertex -11.4592 28.3357 3
    endloop
  endfacet
  facet normal 0 0 1
    outer loop
      vertex -13 11 3
      vertex -11.4592 28.3357 3
      vertex -11.7262 28.2715 3
    endloop
  endfacet
  facet normal 0 0 1
    outer loop
      vertex -13 11 3
      vertex -11.7262 28.2715 3
      vertex -12 28.25 3
    endloop
  endfacet
  facet normal 0 0 1
    outer loop
      vertex -13 11 3
      vertex -12 28.25 3
      vertex -12.2738 28.2715 3
    endloop
  endfacet
  facet normal 0 0 1
    outer loop
      vertex -13 11 3
      vertex -12.2738 28.2715 3
      vertex -12.5408 28.3357 3
    endloop
  endfacet
  facet normal 0 0 1
    outer loop
      vertex -13 11 3
      vertex -12.5408 28.3357 3
      vertex -12.7945 28.4407 3
    endloop
  endfacet
  facet normal 0 0 1
    outer loop
      vertex 4 11 3
      vertex -13 11 3
      vertex 4 -8 3
    endloop
  endfacet
  facet normal 0 0 1
    outer loop
      vertex 4 -8 3
      vertex -13 11 3
      vertex -13 -8 3
    endloop
  endfacet
  facet normal 0 0 1
    outer loop
      vertex -13.4158 28.9714 3
      vertex -39.5 23 3
      vertex -16 11 3
    endloop
  endfacet
  facet normal 0 0 1
    outer loop
      vertex -41 49 3
      vertex -35 53 3
      vertex -38 53 3
    endloop
  endfacet
  facet normal 0 0 1
    outer loop
      vertex -38 75 3
      vertex -39.5 75 3
      vertex -38 53 3
    endloop
  endfacet
  facet normal -0 0 1
    outer loop
      vertex -42.5 75 3
      vertex -38 53 3
      vertex -39.5 75 3
    endloop
  endfacet
  facet normal 0 0 1
    outer loop
      vertex -39.5 1 3
      vertex -16 11 3
      vertex -39.5 23 3
    endloop
  endfacet
  facet normal 0 0 1
    outer loop
      vertex -16 11 3
      vertex -39.5 1 3
      vertex -16 -8 3
    endloop
  endfacet
  facet normal 0 0 1
    outer loop
      vertex -46 -8 3
      vertex -39.5 1 3
      vertex -42.5 1 3
    endloop
  endfacet
  facet normal 0 0 1
    outer loop
      vertex -54 53 3
      vertex -42.5 75 3
      vertex -48.1901 77.8276 3
    endloop
  endfacet
  facet normal 0 0 1
    outer loop
      vertex -44 49 3
      vertex -46 20 3
      vertex -44 27 3
    endloop
  endfacet
  facet normal 0 0 1
    outer loop
      vertex -42.5 23 3
      vertex -46 20 3
      vertex -42.5 1 3
    endloop
  endfacet
  facet normal 0 0 1
    outer loop
      vertex -39.5 1 3
      vertex -46 -8 3
      vertex -16 -8 3
    endloop
  endfacet
  facet normal 0 0 1
    outer loop
      vertex -46 -8 3
      vertex -42.5 1 3
      vertex -46 20 3
    endloop
  endfacet
  facet normal 0 0 1
    outer loop
      vertex -13.6643 30.5408 3
      vertex -41 27 3
      vertex -39.5 23 3
    endloop
  endfacet
  facet normal 0 0 1
    outer loop
      vertex -41 27 3
      vertex -42.5 23 3
      vertex -39.5 23 3
    endloop
  endfacet
  facet normal 0 0 1
    outer loop
      vertex -46 20 3
      vertex -42.5 23 3
      vertex -44 27 3
    endloop
  endfacet
  facet normal -0 0 1
    outer loop
      vertex -44 27 3
      vertex -42.5 23 3
      vertex -41 27 3
    endloop
  endfacet
  facet normal 0 0 -1
    outer loop
      vertex -42.5 75 0
      vertex -48.1901 77.8276 0
      vertex -46 78 0
    endloop
  endfacet
  facet normal 0 0 -1
    outer loop
      vertex -42.5 23 0
      vertex -64 52 0
      vertex -48.1901 77.8276 0
    endloop
  endfacet
  facet normal 0 -0 -1
    outer loop
      vertex -59.3148 68.3262 0
      vertex -48.1901 77.8276 0
      vertex -64 52 0
    endloop
  endfacet
  facet normal 0 0 -1
    outer loop
      vertex -48.1901 77.8276 0
      vertex -59.3148 68.3262 0
      vertex -50.3262 77.3148 0
    endloop
  endfacet
  facet normal 0 0 -1
    outer loop
      vertex -52.3559 76.4741 0
      vertex -59.3148 68.3262 0
      vertex -54.229 75.3262 0
    endloop
  endfacet
  facet normal 0 0 -1
    outer loop
      vertex -54.229 75.3262 0
      vertex -59.3148 68.3262 0
      vertex -55.8995 73.8995 0
    endloop
  endfacet
  facet normal 0 0 -1
    outer loop
      vertex -55.8995 73.8995 0
      vertex -59.3148 68.3262 0
      vertex -57.3262 72.229 0
    endloop
  endfacet
  facet normal 0 0 -1
    outer loop
      vertex -57.3262 72.229 0
      vertex -59.3148 68.3262 0
      vertex -58.4741 70.3559 0
    endloop
  endfacet
  facet normal -0 0 -1
    outer loop
      vertex -42.5 23 0
      vertex -64 22 0
      vertex -64 52 0
    endloop
  endfacet
  facet normal 0 0 -1
    outer loop
      vertex -50.3262 77.3148 0
      vertex -59.3148 68.3262 0
      vertex -52.3559 76.4741 0
    endloop
  endfacet
  facet normal 0 0 -1
    outer loop
      vertex -42.5 23 0
      vertex -39.5 75 0
      vertex -39.5 23 0
    endloop
  endfacet
  facet normal -0 0 -1
    outer loop
      vertex -39.5 75 0
      vertex -42.5 23 0
      vertex -42.5 75 0
    endloop
  endfacet
  facet normal 0 0 -1
    outer loop
      vertex 10.4407 30.7945 0
      vertex -10.4407 30.7945 0
      vertex 10.5842 31.0286 0
    endloop
  endfacet
  facet normal 0 0 -1
    outer loop
      vertex 10.5842 48.9714 0
      vertex -10.2715 49.7262 0
      vertex -10.25 50 0
    endloop
  endfacet
  facet normal 0 0 -1
    outer loop
      vertex -10.5842 31.0286 0
      vertex 10.5842 31.0286 0
      vertex -10.4407 30.7945 0
    endloop
  endfacet
  facet normal 0 0 -1
    outer loop
      vertex 10.5842 48.9714 0
      vertex -10.3357 49.4592 0
      vertex -10.2715 49.7262 0
    endloop
  endfacet
  facet normal 0 0 -1
    outer loop
      vertex 10.5842 31.0286 0
      vertex -10.5842 31.0286 0
      vertex 10.5842 48.9714 0
    endloop
  endfacet
  facet normal 0 0 -1
    outer loop
      vertex 10.5842 48.9714 0
      vertex -10.4407 49.2055 0
      vertex -10.3357 49.4592 0
    endloop
  endfacet
  facet normal 0 0 -1
    outer loop
      vertex -10.5842 48.9714 0
      vertex 10.5842 48.9714 0
      vertex -10.5842 31.0286 0
    endloop
  endfacet
  facet normal 0 0 -1
    outer loop
      vertex 10.5842 48.9714 0
      vertex -10.5842 48.9714 0
      vertex -10.4407 49.2055 0
    endloop
  endfacet
  facet normal 0 0 -1
    outer loop
      vertex -10.7626 31.2374 0
      vertex -10.5842 48.9714 0
      vertex -10.5842 31.0286 0
    endloop
  endfacet
  facet normal 0 0 -1
    outer loop
      vertex -10.7626 31.2374 0
      vertex -10.7626 48.7626 0
      vertex -10.5842 48.9714 0
    endloop
  endfacet
  facet normal 0 0 -1
    outer loop
      vertex -10.9714 31.4158 0
      vertex -10.7626 48.7626 0
      vertex -10.7626 31.2374 0
    endloop
  endfacet
  facet normal 0 0 -1
    outer loop
      vertex -10.9714 31.4158 0
      vertex -10.9714 48.5842 0
      vertex -10.7626 48.7626 0
    endloop
  endfacet
  facet normal 0 0 -1
    outer loop
      vertex -11.2055 31.5593 0
      vertex -10.9714 48.5842 0
      vertex -10.9714 31.4158 0
    endloop
  endfacet
  facet normal 0 0 -1
    outer loop
      vertex -11.2055 31.5593 0
      vertex -11.2055 48.4407 0
      vertex -10.9714 48.5842 0
    endloop
  endfacet
  facet normal 0 0 -1
    outer loop
      vertex -11.4592 31.6643 0
      vertex -11.2055 48.4407 0
      vertex -11.2055 31.5593 0
    endloop
  endfacet
  facet normal 0 0 -1
    outer loop
      vertex -11.4592 31.6643 0
      vertex -11.4592 48.3357 0
      vertex -11.2055 48.4407 0
    endloop
  endfacet
  facet normal 0 0 -1
    outer loop
      vertex -11.7262 31.7285 0
      vertex -11.4592 48.3357 0
      vertex -11.4592 31.6643 0
    endloop
  endfacet
  facet normal 0 0 -1
    outer loop
      vertex -11.7262 31.7285 0
      vertex -11.7262 48.2715 0
      vertex -11.4592 48.3357 0
    endloop
  endfacet
  facet normal 0 0 -1
    outer loop
      vertex -12 31.75 0
      vertex -11.7262 48.2715 0
      vertex -11.7262 31.7285 0
    endloop
  endfacet
  facet normal 0 0 -1
    outer loop
      vertex -12 31.75 0
      vertex -12 48.25 0
      vertex -11.7262 48.2715 0
    endloop
  endfacet
  facet normal 0 0 -1
    outer loop
      vertex -12.2738 31.7285 0
      vertex -12 48.25 0
      vertex -12 31.75 0
    endloop
  endfacet
  facet normal 0 0 -1
    outer loop
      vertex -12.2738 31.7285 0
      vertex -12.2738 48.2715 0
      vertex -12 48.25 0
    endloop
  endfacet
  facet normal 0 0 -1
    outer loop
      vertex -12.5408 31.6643 0
      vertex -12.2738 48.2715 0
      vertex -12.2738 31.7285 0
    endloop
  endfacet
  facet normal 0 0 -1
    outer loop
      vertex -12.5408 31.6643 0
      vertex -12.5408 48.3357 0
      vertex -12.2738 48.2715 0
    endloop
  endfacet
  facet normal 0 0 -1
    outer loop
      vertex -12.7945 31.5593 0
      vertex -12.5408 48.3357 0
      vertex -12.5408 31.6643 0
    endloop
  endfacet
  facet normal 0 0 -1
    outer loop
      vertex -12.7945 31.5593 0
      vertex -12.7945 48.4407 0
      vertex -12.5408 48.3357 0
    endloop
  endfacet
  facet normal 0 0 -1
    outer loop
      vertex -13.0286 31.4158 0
      vertex -12.7945 48.4407 0
      vertex -12.7945 31.5593 0
    endloop
  endfacet
  facet normal 0 0 -1
    outer loop
      vertex -13.0286 31.4158 0
      vertex -13.0286 48.5842 0
      vertex -12.7945 48.4407 0
    endloop
  endfacet
  facet normal 0 0 -1
    outer loop
      vertex -13.2374 31.2374 0
      vertex -13.0286 48.5842 0
      vertex -13.0286 31.4158 0
    endloop
  endfacet
  facet normal 0 0 -1
    outer loop
      vertex -13.2374 31.2374 0
      vertex -13.2374 48.7626 0
      vertex -13.0286 48.5842 0
    endloop
  endfacet
  facet normal 0 0 -1
    outer loop
      vertex -13.4158 31.0286 0
      vertex -13.2374 48.7626 0
      vertex -13.2374 31.2374 0
    endloop
  endfacet
  facet normal 0 0 -1
    outer loop
      vertex -13.4158 31.0286 0
      vertex -13.4158 48.9714 0
      vertex -13.2374 48.7626 0
    endloop
  endfacet
  facet normal 0 0 -1
    outer loop
      vertex -13.5593 30.7945 0
      vertex -13.4158 48.9714 0
      vertex -13.4158 31.0286 0
    endloop
  endfacet
  facet normal 0 0 -1
    outer loop
      vertex -13.5593 30.7945 0
      vertex -13.5593 49.2055 0
      vertex -13.4158 48.9714 0
    endloop
  endfacet
  facet normal 0 0 -1
    outer loop
      vertex -39.5 23 0
      vertex -13.5593 30.7945 0
      vertex -13.6643 30.5408 0
    endloop
  endfacet
  facet normal -0 0 -1
    outer loop
      vertex -13.5593 30.7945 0
      vertex -39.5 23 0
      vertex -13.5593 49.2055 0
    endloop
  endfacet
  facet normal 0 0 -1
    outer loop
      vertex -39.5 23 0
      vertex -13.6643 30.5408 0
      vertex -13.7285 30.2738 0
    endloop
  endfacet
  facet normal -0 0 -1
    outer loop
      vertex -13.5593 49.2055 0
      vertex -39.5 23 0
      vertex -13.6643 49.4592 0
    endloop
  endfacet
  facet normal 0 0 -1
    outer loop
      vertex -39.5 23 0
      vertex -13.7285 30.2738 0
      vertex -13.75 30 0
    endloop
  endfacet
  facet normal -0 0 -1
    outer loop
      vertex -13.6643 49.4592 0
      vertex -39.5 23 0
      vertex -13.7285 49.7262 0
    endloop
  endfacet
  facet normal 0 0 -1
    outer loop
      vertex 13.6643 30.5408 0
      vertex 52.5 23 0
      vertex 13.7285 30.2738 0
    endloop
  endfacet
  facet normal 0 0 -1
    outer loop
      vertex 52.5 23 0
      vertex 13.7285 49.7262 0
      vertex 13.75 50 0
    endloop
  endfacet
  facet normal 0 0 -1
    outer loop
      vertex 13.6643 49.4592 0
      vertex 52.5 23 0
      vertex 13.6643 30.5408 0
    endloop
  endfacet
  facet normal 0 0 -1
    outer loop
      vertex 52.5 23 0
      vertex 13.6643 49.4592 0
      vertex 13.7285 49.7262 0
    endloop
  endfacet
  facet normal 0 0 -1
    outer loop
      vertex 13.5593 30.7945 0
      vertex 13.6643 49.4592 0
      vertex 13.6643 30.5408 0
    endloop
  endfacet
  facet normal 0 0 -1
    outer loop
      vertex 13.5593 30.7945 0
      vertex 13.5593 49.2055 0
      vertex 13.6643 49.4592 0
    endloop
  endfacet
  facet normal 0 0 -1
    outer loop
      vertex 13.4158 31.0286 0
      vertex 13.5593 49.2055 0
      vertex 13.5593 30.7945 0
    endloop
  endfacet
  facet normal 0 0 -1
    outer loop
      vertex 13.4158 31.0286 0
      vertex 13.4158 48.9714 0
      vertex 13.5593 49.2055 0
    endloop
  endfacet
  facet normal 0 0 -1
    outer loop
      vertex 13.2374 31.2374 0
      vertex 13.4158 48.9714 0
      vertex 13.4158 31.0286 0
    endloop
  endfacet
  facet normal 0 0 -1
    outer loop
      vertex 13.2374 31.2374 0
      vertex 13.2374 48.7626 0
      vertex 13.4158 48.9714 0
    endloop
  endfacet
  facet normal 0 0 -1
    outer loop
      vertex 13.0286 31.4158 0
      vertex 13.2374 48.7626 0
      vertex 13.2374 31.2374 0
    endloop
  endfacet
  facet normal 0 0 -1
    outer loop
      vertex 13.0286 31.4158 0
      vertex 13.0286 48.5842 0
      vertex 13.2374 48.7626 0
    endloop
  endfacet
  facet normal 0 0 -1
    outer loop
      vertex 12.7945 31.5593 0
      vertex 13.0286 48.5842 0
      vertex 13.0286 31.4158 0
    endloop
  endfacet
  facet normal 0 0 -1
    outer loop
      vertex 12.7945 31.5593 0
      vertex 12.7945 48.4407 0
      vertex 13.0286 48.5842 0
    endloop
  endfacet
  facet normal 0 0 -1
    outer loop
      vertex 12.5408 31.6643 0
      vertex 12.7945 48.4407 0
      vertex 12.7945 31.5593 0
    endloop
  endfacet
  facet normal 0 0 -1
    outer loop
      vertex 12.5408 31.6643 0
      vertex 12.5408 48.3357 0
      vertex 12.7945 48.4407 0
    endloop
  endfacet
  facet normal 0 0 -1
    outer loop
      vertex 12.2738 31.7285 0
      vertex 12.5408 48.3357 0
      vertex 12.5408 31.6643 0
    endloop
  endfacet
  facet normal 0 0 -1
    outer loop
      vertex 12.2738 31.7285 0
      vertex 12.2738 48.2715 0
      vertex 12.5408 48.3357 0
    endloop
  endfacet
  facet normal 0 0 -1
    outer loop
      vertex 12 31.75 0
      vertex 12.2738 48.2715 0
      vertex 12.2738 31.7285 0
    endloop
  endfacet
  facet normal 0 0 -1
    outer loop
      vertex 12 31.75 0
      vertex 12 48.25 0
      vertex 12.2738 48.2715 0
    endloop
  endfacet
  facet normal 0 0 -1
    outer loop
      vertex 11.7262 31.7285 0
      vertex 12 48.25 0
      vertex 12 31.75 0
    endloop
  endfacet
  facet normal 0 0 -1
    outer loop
      vertex 11.7262 31.7285 0
      vertex 11.7262 48.2715 0
      vertex 12 48.25 0
    endloop
  endfacet
  facet normal 0 0 -1
    outer loop
      vertex 11.4592 31.6643 0
      vertex 11.7262 48.2715 0
      vertex 11.7262 31.7285 0
    endloop
  endfacet
  facet normal 0 0 -1
    outer loop
      vertex 11.4592 31.6643 0
      vertex 11.4592 48.3357 0
      vertex 11.7262 48.2715 0
    endloop
  endfacet
  facet normal 0 0 -1
    outer loop
      vertex 11.2055 31.5593 0
      vertex 11.4592 48.3357 0
      vertex 11.4592 31.6643 0
    endloop
  endfacet
  facet normal 0 0 -1
    outer loop
      vertex 11.2055 31.5593 0
      vertex 11.2055 48.4407 0
      vertex 11.4592 48.3357 0
    endloop
  endfacet
  facet normal 0 0 -1
    outer loop
      vertex 10.9714 31.4158 0
      vertex 11.2055 48.4407 0
      vertex 11.2055 31.5593 0
    endloop
  endfacet
  facet normal 0 0 -1
    outer loop
      vertex 10.9714 31.4158 0
      vertex 10.9714 48.5842 0
      vertex 11.2055 48.4407 0
    endloop
  endfacet
  facet normal 0 0 -1
    outer loop
      vertex 10.7626 31.2374 0
      vertex 10.9714 48.5842 0
      vertex 10.9714 31.4158 0
    endloop
  endfacet
  facet normal 0 0 -1
    outer loop
      vertex 10.7626 31.2374 0
      vertex 10.7626 48.7626 0
      vertex 10.9714 48.5842 0
    endloop
  endfacet
  facet normal 0 0 -1
    outer loop
      vertex 10.5842 31.0286 0
      vertex 10.7626 48.7626 0
      vertex 10.7626 31.2374 0
    endloop
  endfacet
  facet normal 0 0 -1
    outer loop
      vertex 10.5842 31.0286 0
      vertex 10.5842 48.9714 0
      vertex 10.7626 48.7626 0
    endloop
  endfacet
  facet normal 0 0 -1
    outer loop
      vertex -10.3357 30.5408 0
      vertex 10.3357 30.5408 0
      vertex -10.2715 30.2738 0
    endloop
  endfacet
  facet normal 0 0 -1
    outer loop
      vertex 10.3357 30.5408 0
      vertex -10.3357 30.5408 0
      vertex 10.4407 30.7945 0
    endloop
  endfacet
  facet normal 0 0 -1
    outer loop
      vertex 10.2715 30.2738 0
      vertex -10.2715 30.2738 0
      vertex 10.3357 30.5408 0
    endloop
  endfacet
  facet normal 0 0 -1
    outer loop
      vertex -10.4407 30.7945 0
      vertex 10.4407 30.7945 0
      vertex -10.3357 30.5408 0
    endloop
  endfacet
  facet normal 0 0 -1
    outer loop
      vertex -10.2715 30.2738 0
      vertex 10.2715 30.2738 0
      vertex -10.25 30 0
    endloop
  endfacet
  facet normal 0 0 -1
    outer loop
      vertex 10.5842 48.9714 0
      vertex -10.25 50 0
      vertex 10.4407 49.2055 0
    endloop
  endfacet
  facet normal 0 0 -1
    outer loop
      vertex -10.25 30 0
      vertex 10.2715 30.2738 0
      vertex 10.25 30 0
    endloop
  endfacet
  facet normal 0 0 -1
    outer loop
      vertex 10.4407 49.2055 0
      vertex -10.25 50 0
      vertex 10.3357 49.4592 0
    endloop
  endfacet
  facet normal 0 0 -1
    outer loop
      vertex 52.5 23 0
      vertex 55.5 75 0
      vertex 55.5 23 0
    endloop
  endfacet
  facet normal -0 0 -1
    outer loop
      vertex 55.5 75 0
      vertex 52.5 23 0
      vertex 52.5 75 0
    endloop
  endfacet
  facet normal 0 0 -1
    outer loop
      vertex 55.5 23 0
      vertex 59 -8 0
      vertex 55.5 1 0
    endloop
  endfacet
  facet normal 0 0 -1
    outer loop
      vertex 59 -8 0
      vertex 52.5 1 0
      vertex 55.5 1 0
    endloop
  endfacet
  facet normal 0 0 -1
    outer loop
      vertex 13.2374 28.7626 0
      vertex 52.5 23 0
      vertex 52.5 1 0
    endloop
  endfacet
  facet normal 0 0 -1
    outer loop
      vertex 13.7285 30.2738 0
      vertex 52.5 23 0
      vertex 13.75 30 0
    endloop
  endfacet
  facet normal 0 0 -1
    outer loop
      vertex 52.5 23 0
      vertex 13.75 50 0
      vertex 52.5 75 0
    endloop
  endfacet
  facet normal 0 0 -1
    outer loop
      vertex -39.5 1 0
      vertex 52.5 1 0
      vertex 59 -8 0
    endloop
  endfacet
  facet normal 0 0 -1
    outer loop
      vertex 52.5 23 0
      vertex 13.7285 29.7262 0
      vertex 13.75 30 0
    endloop
  endfacet
  facet normal 0 0 -1
    outer loop
      vertex 52.5 23 0
      vertex 13.6643 29.4592 0
      vertex 13.7285 29.7262 0
    endloop
  endfacet
  facet normal 0 0 -1
    outer loop
      vertex 52.5 23 0
      vertex 13.5593 29.2055 0
      vertex 13.6643 29.4592 0
    endloop
  endfacet
  facet normal 0 0 -1
    outer loop
      vertex 52.5 23 0
      vertex 13.4158 28.9714 0
      vertex 13.5593 29.2055 0
    endloop
  endfacet
  facet normal 0 0 -1
    outer loop
      vertex 52.5 23 0
      vertex 13.2374 28.7626 0
      vertex 13.4158 28.9714 0
    endloop
  endfacet
  facet normal 0 0 -1
    outer loop
      vertex 52.5 1 0
      vertex 13.0286 28.5842 0
      vertex 13.2374 28.7626 0
    endloop
  endfacet
  facet normal 0 0 -1
    outer loop
      vertex 52.5 1 0
      vertex 12.7945 28.4407 0
      vertex 13.0286 28.5842 0
    endloop
  endfacet
  facet normal 0 0 -1
    outer loop
      vertex 52.5 1 0
      vertex 12.5408 28.3357 0
      vertex 12.7945 28.4407 0
    endloop
  endfacet
  facet normal 0 0 -1
    outer loop
      vertex 52.5 1 0
      vertex 12.2738 28.2715 0
      vertex 12.5408 28.3357 0
    endloop
  endfacet
  facet normal 0 0 -1
    outer loop
      vertex 52.5 1 0
      vertex 12 28.25 0
      vertex 12.2738 28.2715 0
    endloop
  endfacet
  facet normal 0 0 -1
    outer loop
      vertex 52.5 1 0
      vertex 11.7262 28.2715 0
      vertex 12 28.25 0
    endloop
  endfacet
  facet normal 0 0 -1
    outer loop
      vertex 52.5 1 0
      vertex -39.5 1 0
      vertex 11.7262 28.2715 0
    endloop
  endfacet
  facet normal -0 0 -1
    outer loop
      vertex 11.7262 28.2715 0
      vertex -39.5 1 0
      vertex 11.4592 28.3357 0
    endloop
  endfacet
  facet normal 0 -0 -1
    outer loop
      vertex -11.4592 28.3357 0
      vertex 11.4592 28.3357 0
      vertex -39.5 1 0
    endloop
  endfacet
  facet normal 0 0 -1
    outer loop
      vertex 10.3357 49.4592 0
      vertex -10.25 50 0
      vertex 10.2715 49.7262 0
    endloop
  endfacet
  facet normal 0 0 -1
    outer loop
      vertex 10.2715 29.7262 0
      vertex -10.25 30 0
      vertex 10.25 30 0
    endloop
  endfacet
  facet normal 0 0 -1
    outer loop
      vertex -10.2715 29.7262 0
      vertex 10.2715 29.7262 0
      vertex 10.3357 29.4592 0
    endloop
  endfacet
  facet normal 0 0 -1
    outer loop
      vertex -10.3357 29.4592 0
      vertex 10.3357 29.4592 0
      vertex 10.4407 29.2055 0
    endloop
  endfacet
  facet normal 0 0 -1
    outer loop
      vertex -10.4407 29.2055 0
      vertex 10.4407 29.2055 0
      vertex 10.5842 28.9714 0
    endloop
  endfacet
  facet normal 0 0 -1
    outer loop
      vertex -10.5842 28.9714 0
      vertex 10.5842 28.9714 0
      vertex 10.7626 28.7626 0
    endloop
  endfacet
  facet normal 0 0 -1
    outer loop
      vertex -10.7626 28.7626 0
      vertex 10.7626 28.7626 0
      vertex 10.9714 28.5842 0
    endloop
  endfacet
  facet normal 0 0 -1
    outer loop
      vertex 11.4592 28.3357 0
      vertex -11.4592 28.3357 0
      vertex 11.2055 28.4407 0
    endloop
  endfacet
  facet normal 0 0 -1
    outer loop
      vertex 10.2715 29.7262 0
      vertex -10.2715 29.7262 0
      vertex -10.25 30 0
    endloop
  endfacet
  facet normal 0 0 -1
    outer loop
      vertex 10.3357 29.4592 0
      vertex -10.3357 29.4592 0
      vertex -10.2715 29.7262 0
    endloop
  endfacet
  facet normal 0 0 -1
    outer loop
      vertex 10.4407 29.2055 0
      vertex -10.4407 29.2055 0
      vertex -10.3357 29.4592 0
    endloop
  endfacet
  facet normal 0 0 -1
    outer loop
      vertex 10.5842 28.9714 0
      vertex -10.5842 28.9714 0
      vertex -10.4407 29.2055 0
    endloop
  endfacet
  facet normal 0 0 -1
    outer loop
      vertex 10.7626 28.7626 0
      vertex -10.7626 28.7626 0
      vertex -10.5842 28.9714 0
    endloop
  endfacet
  facet normal 0 0 -1
    outer loop
      vertex 10.9714 28.5842 0
      vertex -10.9714 28.5842 0
      vertex -10.7626 28.7626 0
    endloop
  endfacet
  facet normal -0 0 -1
    outer loop
      vertex 10.9714 28.5842 0
      vertex -11.2055 28.4407 0
      vertex -10.9714 28.5842 0
    endloop
  endfacet
  facet normal 0 0 -1
    outer loop
      vertex 11.2055 28.4407 0
      vertex -11.2055 28.4407 0
      vertex 10.9714 28.5842 0
    endloop
  endfacet
  facet normal 0 -0 -1
    outer loop
      vertex -11.2055 28.4407 0
      vertex 11.2055 28.4407 0
      vertex -11.4592 28.3357 0
    endloop
  endfacet
  facet normal 0 0 -1
    outer loop
      vertex -11.4592 28.3357 0
      vertex -39.5 1 0
      vertex -11.7262 28.2715 0
    endloop
  endfacet
  facet normal 0 0 -1
    outer loop
      vertex -11.7262 28.2715 0
      vertex -39.5 1 0
      vertex -12 28.25 0
    endloop
  endfacet
  facet normal -0 0 -1
    outer loop
      vertex -12 28.25 0
      vertex -39.5 1 0
      vertex -12.2738 28.2715 0
    endloop
  endfacet
  facet normal -0 0 -1
    outer loop
      vertex -12.2738 28.2715 0
      vertex -39.5 1 0
      vertex -12.5408 28.3357 0
    endloop
  endfacet
  facet normal -0 0 -1
    outer loop
      vertex -13.7285 29.7262 0
      vertex -39.5 23 0
      vertex -13.75 30 0
    endloop
  endfacet
  facet normal -0 0 -1
    outer loop
      vertex -13.6643 29.4592 0
      vertex -39.5 23 0
      vertex -13.7285 29.7262 0
    endloop
  endfacet
  facet normal -0 0 -1
    outer loop
      vertex -13.5593 29.2055 0
      vertex -39.5 23 0
      vertex -13.6643 29.4592 0
    endloop
  endfacet
  facet normal -0 0 -1
    outer loop
      vertex -13.4158 28.9714 0
      vertex -39.5 23 0
      vertex -13.5593 29.2055 0
    endloop
  endfacet
  facet normal -0 0 -1
    outer loop
      vertex -13.2374 28.7626 0
      vertex -39.5 23 0
      vertex -13.4158 28.9714 0
    endloop
  endfacet
  facet normal -0 0 -1
    outer loop
      vertex -13.0286 28.5842 0
      vertex -39.5 23 0
      vertex -13.2374 28.7626 0
    endloop
  endfacet
  facet normal 0 0 -1
    outer loop
      vertex -39.5 23 0
      vertex -13.0286 28.5842 0
      vertex -39.5 1 0
    endloop
  endfacet
  facet normal -0 0 -1
    outer loop
      vertex -12.7945 28.4407 0
      vertex -39.5 1 0
      vertex -13.0286 28.5842 0
    endloop
  endfacet
  facet normal -0 0 -1
    outer loop
      vertex -12.5408 28.3357 0
      vertex -39.5 1 0
      vertex -12.7945 28.4407 0
    endloop
  endfacet
  facet normal 0 0 -1
    outer loop
      vertex -46 -8 0
      vertex -39.5 1 0
      vertex 59 -8 0
    endloop
  endfacet
  facet normal 0 0 -1
    outer loop
      vertex -46 20 0
      vertex -42.5 23 0
      vertex -42.5 1 0
    endloop
  endfacet
  facet normal 0 0 -1
    outer loop
      vertex -64 22 0
      vertex -42.5 23 0
      vertex -46 20 0
    endloop
  endfacet
  facet normal 0 0 -1
    outer loop
      vertex -46 20 0
      vertex -42.5 1 0
      vertex -46 -8 0
    endloop
  endfacet
  facet normal -0 0 -1
    outer loop
      vertex -39.5 1 0
      vertex -46 -8 0
      vertex -42.5 1 0
    endloop
  endfacet
  facet normal 0 0 -1
    outer loop
      vertex 59 -8 0
      vertex 55.5 23 0
      vertex 59 99 0
    endloop
  endfacet
  facet normal 0 0 -1
    outer loop
      vertex 55.5 75 0
      vertex 59 99 0
      vertex 55.5 23 0
    endloop
  endfacet
  facet normal 0 0 -1
    outer loop
      vertex 55.5 97 0
      vertex 59 99 0
      vertex 55.5 75 0
    endloop
  endfacet
  facet normal 0 0 -1
    outer loop
      vertex 52.5 97 0
      vertex 59 99 0
      vertex 55.5 97 0
    endloop
  endfacet
  facet normal 0 0 -1
    outer loop
      vertex 13.7285 50.2738 0
      vertex 52.5 75 0
      vertex 13.75 50 0
    endloop
  endfacet
  facet normal 0 0 -1
    outer loop
      vertex 13.6643 50.5408 0
      vertex 52.5 75 0
      vertex 13.7285 50.2738 0
    endloop
  endfacet
  facet normal 0 0 -1
    outer loop
      vertex 13.5593 50.7945 0
      vertex 52.5 75 0
      vertex 13.6643 50.5408 0
    endloop
  endfacet
  facet normal 0 0 -1
    outer loop
      vertex 13.4158 51.0286 0
      vertex 52.5 75 0
      vertex 13.5593 50.7945 0
    endloop
  endfacet
  facet normal 0 0 -1
    outer loop
      vertex 13.2374 51.2374 0
      vertex 52.5 75 0
      vertex 13.4158 51.0286 0
    endloop
  endfacet
  facet normal 0 0 -1
    outer loop
      vertex 13.0286 51.4158 0
      vertex 52.5 75 0
      vertex 13.2374 51.2374 0
    endloop
  endfacet
  facet normal 0 0 -1
    outer loop
      vertex 12.7945 51.5593 0
      vertex 52.5 75 0
      vertex 13.0286 51.4158 0
    endloop
  endfacet
  facet normal 0 0 -1
    outer loop
      vertex 12.5408 51.6643 0
      vertex 52.5 75 0
      vertex 12.7945 51.5593 0
    endloop
  endfacet
  facet normal 0 0 -1
    outer loop
      vertex 12.2738 51.7285 0
      vertex 52.5 75 0
      vertex 12.5408 51.6643 0
    endloop
  endfacet
  facet normal -0 0 -1
    outer loop
      vertex 52.5 75 0
      vertex 12.2738 51.7285 0
      vertex 52.5 97 0
    endloop
  endfacet
  facet normal 0 0 -1
    outer loop
      vertex 12 51.75 0
      vertex 52.5 97 0
      vertex 12.2738 51.7285 0
    endloop
  endfacet
  facet normal 0 0 -1
    outer loop
      vertex 11.7262 51.7285 0
      vertex 52.5 97 0
      vertex 12 51.75 0
    endloop
  endfacet
  facet normal 0 0 -1
    outer loop
      vertex -39.5 97 0
      vertex 11.7262 51.7285 0
      vertex 11.4592 51.6643 0
    endloop
  endfacet
  facet normal 0 0 -1
    outer loop
      vertex -11.4592 51.6643 0
      vertex 11.4592 51.6643 0
      vertex 11.2055 51.5593 0
    endloop
  endfacet
  facet normal 0 0 -1
    outer loop
      vertex -11.2055 51.5593 0
      vertex 11.2055 51.5593 0
      vertex 10.9714 51.4158 0
    endloop
  endfacet
  facet normal 0 0 -1
    outer loop
      vertex -10.9714 51.4158 0
      vertex 10.9714 51.4158 0
      vertex 10.7626 51.2374 0
    endloop
  endfacet
  facet normal 0 0 -1
    outer loop
      vertex 10.2715 49.7262 0
      vertex -10.25 50 0
      vertex 10.25 50 0
    endloop
  endfacet
  facet normal 0 0 -1
    outer loop
      vertex 10.25 50 0
      vertex -10.25 50 0
      vertex 10.2715 50.2738 0
    endloop
  endfacet
  facet normal 0 0 -1
    outer loop
      vertex -10.2715 50.2738 0
      vertex 10.2715 50.2738 0
      vertex -10.25 50 0
    endloop
  endfacet
  facet normal 0 0 -1
    outer loop
      vertex 10.2715 50.2738 0
      vertex -10.2715 50.2738 0
      vertex 10.3357 50.5408 0
    endloop
  endfacet
  facet normal 0 0 -1
    outer loop
      vertex -10.3357 50.5408 0
      vertex 10.3357 50.5408 0
      vertex -10.2715 50.2738 0
    endloop
  endfacet
  facet normal 0 0 -1
    outer loop
      vertex 10.3357 50.5408 0
      vertex -10.3357 50.5408 0
      vertex 10.4407 50.7945 0
    endloop
  endfacet
  facet normal 0 0 -1
    outer loop
      vertex -10.4407 50.7945 0
      vertex 10.4407 50.7945 0
      vertex -10.3357 50.5408 0
    endloop
  endfacet
  facet normal 0 0 -1
    outer loop
      vertex 10.4407 50.7945 0
      vertex -10.4407 50.7945 0
      vertex 10.5842 51.0286 0
    endloop
  endfacet
  facet normal 0 0 -1
    outer loop
      vertex -10.5842 51.0286 0
      vertex 10.5842 51.0286 0
      vertex -10.4407 50.7945 0
    endloop
  endfacet
  facet normal 0 0 -1
    outer loop
      vertex 10.5842 51.0286 0
      vertex -10.5842 51.0286 0
      vertex 10.7626 51.2374 0
    endloop
  endfacet
  facet normal 0 0 -1
    outer loop
      vertex -10.7626 51.2374 0
      vertex 10.7626 51.2374 0
      vertex -10.5842 51.0286 0
    endloop
  endfacet
  facet normal 0 0 -1
    outer loop
      vertex -10.9714 51.4158 0
      vertex 10.7626 51.2374 0
      vertex -10.7626 51.2374 0
    endloop
  endfacet
  facet normal 0 0 -1
    outer loop
      vertex 10.9714 51.4158 0
      vertex -10.9714 51.4158 0
      vertex -11.2055 51.5593 0
    endloop
  endfacet
  facet normal 0 0 -1
    outer loop
      vertex 11.2055 51.5593 0
      vertex -11.2055 51.5593 0
      vertex -11.4592 51.6643 0
    endloop
  endfacet
  facet normal 0 0 -1
    outer loop
      vertex 11.4592 51.6643 0
      vertex -11.4592 51.6643 0
      vertex -39.5 97 0
    endloop
  endfacet
  facet normal 0 0 -1
    outer loop
      vertex -39.5 97 0
      vertex -11.4592 51.6643 0
      vertex -11.7262 51.7285 0
    endloop
  endfacet
  facet normal 0 0 -1
    outer loop
      vertex -39.5 75 0
      vertex -11.7262 51.7285 0
      vertex -12 51.75 0
    endloop
  endfacet
  facet normal 0 0 -1
    outer loop
      vertex -39.5 75 0
      vertex -12 51.75 0
      vertex -12.2738 51.7285 0
    endloop
  endfacet
  facet normal 0 0 -1
    outer loop
      vertex -39.5 75 0
      vertex -12.2738 51.7285 0
      vertex -12.5408 51.6643 0
    endloop
  endfacet
  facet normal 0 0 -1
    outer loop
      vertex -39.5 75 0
      vertex -12.5408 51.6643 0
      vertex -12.7945 51.5593 0
    endloop
  endfacet
  facet normal 0 0 -1
    outer loop
      vertex -39.5 75 0
      vertex -12.7945 51.5593 0
      vertex -13.0286 51.4158 0
    endloop
  endfacet
  facet normal -0 0 -1
    outer loop
      vertex -13.7285 49.7262 0
      vertex -39.5 23 0
      vertex -13.75 50 0
    endloop
  endfacet
  facet normal 0 0 -1
    outer loop
      vertex -39.5 75 0
      vertex -13.75 50 0
      vertex -39.5 23 0
    endloop
  endfacet
  facet normal 0 0 -1
    outer loop
      vertex -13.75 50 0
      vertex -39.5 75 0
      vertex -13.7285 50.2738 0
    endloop
  endfacet
  facet normal 0 0 -1
    outer loop
      vertex -13.7285 50.2738 0
      vertex -39.5 75 0
      vertex -13.6643 50.5408 0
    endloop
  endfacet
  facet normal 0 0 -1
    outer loop
      vertex -13.6643 50.5408 0
      vertex -39.5 75 0
      vertex -13.5593 50.7945 0
    endloop
  endfacet
  facet normal 0 0 -1
    outer loop
      vertex -13.5593 50.7945 0
      vertex -39.5 75 0
      vertex -13.4158 51.0286 0
    endloop
  endfacet
  facet normal 0 0 -1
    outer loop
      vertex -13.4158 51.0286 0
      vertex -39.5 75 0
      vertex -13.2374 51.2374 0
    endloop
  endfacet
  facet normal 0 0 -1
    outer loop
      vertex -39.5 75 0
      vertex -13.0286 51.4158 0
      vertex -13.2374 51.2374 0
    endloop
  endfacet
  facet normal 0 0 -1
    outer loop
      vertex -11.7262 51.7285 0
      vertex -39.5 75 0
      vertex -39.5 97 0
    endloop
  endfacet
  facet normal 0 0 -1
    outer loop
      vertex 11.7262 51.7285 0
      vertex -39.5 97 0
      vertex 52.5 97 0
    endloop
  endfacet
  facet normal 0 0 -1
    outer loop
      vertex 52.5 97 0
      vertex -39.5 97 0
      vertex 59 99 0
    endloop
  endfacet
  facet normal 0 0 -1
    outer loop
      vertex -46 99 0
      vertex -39.5 97 0
      vertex -42.5 97 0
    endloop
  endfacet
  facet normal 0 0 -1
    outer loop
      vertex -42.5 23 0
      vertex -48.1901 77.8276 0
      vertex -42.5 75 0
    endloop
  endfacet
  facet normal 0 0 -1
    outer loop
      vertex -42.5 75 0
      vertex -46 78 0
      vertex -42.5 97 0
    endloop
  endfacet
  facet normal 0 0 -1
    outer loop
      vertex -39.5 97 0
      vertex -46 99 0
      vertex 59 99 0
    endloop
  endfacet
  facet normal 0 0 -1
    outer loop
      vertex -46 99 0
      vertex -42.5 97 0
      vertex -46 78 0
    endloop
  endfacet
  facet normal -1 0 0
    outer loop
      vertex -64 22 0
      vertex -64 52 3
      vertex -64 52 0
    endloop
  endfacet
  facet normal -1 -0 0
    outer loop
      vertex -64 52 3
      vertex -64 22 0
      vertex -64 22 3
    endloop
  endfacet
  facet normal -0.0784751 0.996916 0
    outer loop
      vertex -46 78 0
      vertex -48.1901 77.8276 3
      vertex -46 78 3
    endloop
  endfacet
  facet normal -0.0784751 0.996916 0
    outer loop
      vertex -48.1901 77.8276 3
      vertex -46 78 0
      vertex -48.1901 77.8276 0
    endloop
  endfacet
  facet normal -0.522519 0.852627 0
    outer loop
      vertex -52.3559 76.4741 0
      vertex -54.229 75.3262 3
      vertex -52.3559 76.4741 3
    endloop
  endfacet
  facet normal -0.522519 0.852627 0
    outer loop
      vertex -54.229 75.3262 3
      vertex -52.3559 76.4741 0
      vertex -54.229 75.3262 0
    endloop
  endfacet
  facet normal -0.110432 -0.993884 0
    outer loop
      vertex -64 22 0
      vertex -46 20 3
      vertex -64 22 3
    endloop
  endfacet
  facet normal -0.110432 -0.993884 -0
    outer loop
      vertex -46 20 3
      vertex -64 22 0
      vertex -46 20 0
    endloop
  endfacet
  facet normal -0.961203 0.275841 0
    outer loop
      vertex -64 52 0
      vertex -59.3148 68.3262 3
      vertex -59.3148 68.3262 0
    endloop
  endfacet
  facet normal -0.961203 0.275841 0
    outer loop
      vertex -59.3148 68.3262 3
      vertex -64 52 0
      vertex -64 52 3
    endloop
  endfacet
  facet normal -0.233431 0.972373 0
    outer loop
      vertex -48.1901 77.8276 0
      vertex -50.3262 77.3148 3
      vertex -48.1901 77.8276 3
    endloop
  endfacet
  facet normal -0.233431 0.972373 0
    outer loop
      vertex -50.3262 77.3148 3
      vertex -48.1901 77.8276 0
      vertex -50.3262 77.3148 0
    endloop
  endfacet
  facet normal -0.64938 0.760464 0
    outer loop
      vertex -54.229 75.3262 3
      vertex -54.611 75 2.5
      vertex -54.611 75 3
    endloop
  endfacet
  facet normal -0.64938 0.760464 0
    outer loop
      vertex -54.229 75.3262 0
      vertex -54.611 75 2.5
      vertex -54.229 75.3262 3
    endloop
  endfacet
  facet normal -0.649437 0.760415 -1.49853e-05
    outer loop
      vertex -55.8995 73.8995 0
      vertex -54.611 75 2.5
      vertex -54.229 75.3262 0
    endloop
  endfacet
  facet normal -0.649454 0.760401 0
    outer loop
      vertex -54.611 75 2.5
      vertex -55.8995 73.8995 0
      vertex -55.8995 73.8995 2.5
    endloop
  endfacet
  facet normal -0.852627 0.522519 0
    outer loop
      vertex -58.4741 70.3559 0
      vertex -57.3262 72.229 3
      vertex -57.3262 72.229 0
    endloop
  endfacet
  facet normal -0.852627 0.522519 0
    outer loop
      vertex -57.3262 72.229 3
      vertex -58.4741 70.3559 0
      vertex -58.4741 70.3559 3
    endloop
  endfacet
  facet normal -0.382672 0.923884 0
    outer loop
      vertex -50.3262 77.3148 0
      vertex -52.3559 76.4741 3
      vertex -50.3262 77.3148 3
    endloop
  endfacet
  facet normal -0.382672 0.923884 0
    outer loop
      vertex -52.3559 76.4741 3
      vertex -50.3262 77.3148 0
      vertex -52.3559 76.4741 0
    endloop
  endfacet
  facet normal -0.760401 0.649454 0
    outer loop
      vertex -55.8995 73.8995 0
      vertex -57 72.611 2.5
      vertex -55.8995 73.8995 2.5
    endloop
  endfacet
  facet normal -0.760415 0.649437 -1.49853e-05
    outer loop
      vertex -57.3262 72.229 0
      vertex -57 72.611 2.5
      vertex -55.8995 73.8995 0
    endloop
  endfacet
  facet normal -0.760464 0.64938 0
    outer loop
      vertex -57.3262 72.229 3
      vertex -57 72.611 2.5
      vertex -57.3262 72.229 0
    endloop
  endfacet
  facet normal -0.760464 0.64938 0
    outer loop
      vertex -57 72.611 2.5
      vertex -57.3262 72.229 3
      vertex -57 72.611 3
    endloop
  endfacet
  facet normal -0.923884 0.382672 0
    outer loop
      vertex -59.3148 68.3262 0
      vertex -58.4741 70.3559 3
      vertex -58.4741 70.3559 0
    endloop
  endfacet
  facet normal -0.923884 0.382672 0
    outer loop
      vertex -58.4741 70.3559 3
      vertex -59.3148 68.3262 0
      vertex -59.3148 68.3262 3
    endloop
  endfacet
  facet normal -1 0 0
    outer loop
      vertex -39.5 75 0
      vertex -39.5 97 3
      vertex -39.5 97 0
    endloop
  endfacet
  facet normal -1 -0 0
    outer loop
      vertex -39.5 97 3
      vertex -39.5 75 0
      vertex -39.5 75 3
    endloop
  endfacet
  facet normal 0 1 -0
    outer loop
      vertex -39.5 75 0
      vertex -42.5 75 3
      vertex -39.5 75 3
    endloop
  endfacet
  facet normal 0 1 0
    outer loop
      vertex -42.5 75 3
      vertex -39.5 75 0
      vertex -42.5 75 0
    endloop
  endfacet
  facet normal 0 -1 0
    outer loop
      vertex -42.5 97 0
      vertex -39.5 97 3
      vertex -42.5 97 3
    endloop
  endfacet
  facet normal 0 -1 -0
    outer loop
      vertex -39.5 97 3
      vertex -42.5 97 0
      vertex -39.5 97 0
    endloop
  endfacet
  facet normal 1 -0 0
    outer loop
      vertex -42.5 75 3
      vertex -42.5 97 0
      vertex -42.5 97 3
    endloop
  endfacet
  facet normal 1 0 0
    outer loop
      vertex -42.5 97 0
      vertex -42.5 75 3
      vertex -42.5 75 0
    endloop
  endfacet
  facet normal -1 0 0
    outer loop
      vertex 55.5 75 0
      vertex 55.5 97 3
      vertex 55.5 97 0
    endloop
  endfacet
  facet normal -1 -0 0
    outer loop
      vertex 55.5 97 3
      vertex 55.5 75 0
      vertex 55.5 75 3
    endloop
  endfacet
  facet normal 0 1 -0
    outer loop
      vertex 55.5 75 0
      vertex 52.5 75 3
      vertex 55.5 75 3
    endloop
  endfacet
  facet normal 0 1 0
    outer loop
      vertex 52.5 75 3
      vertex 55.5 75 0
      vertex 52.5 75 0
    endloop
  endfacet
  facet normal 0 -1 0
    outer loop
      vertex 52.5 97 0
      vertex 55.5 97 3
      vertex 52.5 97 3
    endloop
  endfacet
  facet normal 0 -1 -0
    outer loop
      vertex 55.5 97 3
      vertex 52.5 97 0
      vertex 55.5 97 0
    endloop
  endfacet
  facet normal 1 -0 0
    outer loop
      vertex 52.5 75 3
      vertex 52.5 97 0
      vertex 52.5 97 3
    endloop
  endfacet
  facet normal 1 0 0
    outer loop
      vertex 52.5 97 0
      vertex 52.5 75 3
      vertex 52.5 75 0
    endloop
  endfacet
  facet normal -1 0 0
    outer loop
      vertex -39.5 1 0
      vertex -39.5 23 3
      vertex -39.5 23 0
    endloop
  endfacet
  facet normal -1 -0 0
    outer loop
      vertex -39.5 23 3
      vertex -39.5 1 0
      vertex -39.5 1 3
    endloop
  endfacet
  facet normal 0 1 -0
    outer loop
      vertex -39.5 1 0
      vertex -42.5 1 3
      vertex -39.5 1 3
    endloop
  endfacet
  facet normal 0 1 0
    outer loop
      vertex -42.5 1 3
      vertex -39.5 1 0
      vertex -42.5 1 0
    endloop
  endfacet
  facet normal 0 -1 0
    outer loop
      vertex -42.5 23 0
      vertex -39.5 23 3
      vertex -42.5 23 3
    endloop
  endfacet
  facet normal 0 -1 -0
    outer loop
      vertex -39.5 23 3
      vertex -42.5 23 0
      vertex -39.5 23 0
    endloop
  endfacet
  facet normal 1 -0 0
    outer loop
      vertex -42.5 1 3
      vertex -42.5 23 0
      vertex -42.5 23 3
    endloop
  endfacet
  facet normal 1 0 0
    outer loop
      vertex -42.5 23 0
      vertex -42.5 1 3
      vertex -42.5 1 0
    endloop
  endfacet
  facet normal -1 0 0
    outer loop
      vertex 55.5 1 0
      vertex 55.5 23 3
      vertex 55.5 23 0
    endloop
  endfacet
  facet normal -1 -0 0
    outer loop
      vertex 55.5 23 3
      vertex 55.5 1 0
      vertex 55.5 1 3
    endloop
  endfacet
  facet normal 0 1 -0
    outer loop
      vertex 55.5 1 0
      vertex 52.5 1 3
      vertex 55.5 1 3
    endloop
  endfacet
  facet normal 0 1 0
    outer loop
      vertex 52.5 1 3
      vertex 55.5 1 0
      vertex 52.5 1 0
    endloop
  endfacet
  facet normal 0 -1 0
    outer loop
      vertex 52.5 23 0
      vertex 55.5 23 3
      vertex 52.5 23 3
    endloop
  endfacet
  facet normal 0 -1 -0
    outer loop
      vertex 55.5 23 3
      vertex 52.5 23 0
      vertex 55.5 23 0
    endloop
  endfacet
  facet normal 1 -0 0
    outer loop
      vertex 52.5 1 3
      vertex 52.5 23 0
      vertex 52.5 23 3
    endloop
  endfacet
  facet normal 1 0 0
    outer loop
      vertex 52.5 23 0
      vertex 52.5 1 3
      vertex 52.5 1 0
    endloop
  endfacet
  facet normal 0.522613 0.85257 -0
    outer loop
      vertex -12.7945 48.4407 0
      vertex -13.0286 48.5842 3
      vertex -12.7945 48.4407 3
    endloop
  endfacet
  facet normal 0.522613 0.85257 0
    outer loop
      vertex -13.0286 48.5842 3
      vertex -12.7945 48.4407 0
      vertex -13.0286 48.5842 0
    endloop
  endfacet
  facet normal 0.0782835 -0.996931 0
    outer loop
      vertex -12.2738 51.7285 0
      vertex -12 51.75 3
      vertex -12.2738 51.7285 3
    endloop
  endfacet
  facet normal 0.0782835 -0.996931 0
    outer loop
      vertex -12 51.75 3
      vertex -12.2738 51.7285 0
      vertex -12 51.75 0
    endloop
  endfacet
  facet normal -0.972288 -0.233786 0
    outer loop
      vertex -10.2715 50.2738 0
      vertex -10.3357 50.5408 3
      vertex -10.3357 50.5408 0
    endloop
  endfacet
  facet normal -0.972288 -0.233786 0
    outer loop
      vertex -10.3357 50.5408 3
      vertex -10.2715 50.2738 0
      vertex -10.2715 50.2738 3
    endloop
  endfacet
  facet normal -0.996931 -0.0782835 0
    outer loop
      vertex -10.25 50 0
      vertex -10.2715 50.2738 3
      vertex -10.2715 50.2738 0
    endloop
  endfacet
  facet normal -0.996931 -0.0782835 0
    outer loop
      vertex -10.2715 50.2738 3
      vertex -10.25 50 0
      vertex -10.25 50 3
    endloop
  endfacet
  facet normal -0.92399 -0.382416 0
    outer loop
      vertex -10.3357 50.5408 0
      vertex -10.4407 50.7945 3
      vertex -10.4407 50.7945 0
    endloop
  endfacet
  facet normal -0.92399 -0.382416 0
    outer loop
      vertex -10.4407 50.7945 3
      vertex -10.3357 50.5408 0
      vertex -10.3357 50.5408 3
    endloop
  endfacet
  facet normal -0.382416 0.92399 0
    outer loop
      vertex -11.2055 48.4407 0
      vertex -11.4592 48.3357 3
      vertex -11.2055 48.4407 3
    endloop
  endfacet
  facet normal -0.382416 0.92399 0
    outer loop
      vertex -11.4592 48.3357 3
      vertex -11.2055 48.4407 0
      vertex -11.4592 48.3357 0
    endloop
  endfacet
  facet normal 0.92399 0.382416 0
    outer loop
      vertex -13.5593 49.2055 3
      vertex -13.6643 49.4592 0
      vertex -13.6643 49.4592 3
    endloop
  endfacet
  facet normal 0.92399 0.382416 0
    outer loop
      vertex -13.6643 49.4592 0
      vertex -13.5593 49.2055 3
      vertex -13.5593 49.2055 0
    endloop
  endfacet
  facet normal 0.382416 -0.92399 0
    outer loop
      vertex -12.7945 51.5593 0
      vertex -12.5408 51.6643 3
      vertex -12.7945 51.5593 3
    endloop
  endfacet
  facet normal 0.382416 -0.92399 0
    outer loop
      vertex -12.5408 51.6643 3
      vertex -12.7945 51.5593 0
      vertex -12.5408 51.6643 0
    endloop
  endfacet
  facet normal -0.996931 0.0782835 0
    outer loop
      vertex -10.2715 49.7262 0
      vertex -10.25 50 3
      vertex -10.25 50 0
    endloop
  endfacet
  facet normal -0.996931 0.0782835 0
    outer loop
      vertex -10.25 50 3
      vertex -10.2715 49.7262 0
      vertex -10.2715 49.7262 3
    endloop
  endfacet
  facet normal -0.85257 -0.522613 0
    outer loop
      vertex -10.4407 50.7945 0
      vertex -10.5842 51.0286 3
      vertex -10.5842 51.0286 0
    endloop
  endfacet
  facet normal -0.85257 -0.522613 0
    outer loop
      vertex -10.5842 51.0286 3
      vertex -10.4407 50.7945 0
      vertex -10.4407 50.7945 3
    endloop
  endfacet
  facet normal 0.85257 -0.522613 0
    outer loop
      vertex -13.5593 50.7945 3
      vertex -13.4158 51.0286 0
      vertex -13.4158 51.0286 3
    endloop
  endfacet
  facet normal 0.85257 -0.522613 0
    outer loop
      vertex -13.4158 51.0286 0
      vertex -13.5593 50.7945 3
      vertex -13.5593 50.7945 0
    endloop
  endfacet
  facet normal 0.649591 -0.760284 0
    outer loop
      vertex -13.2374 51.2374 0
      vertex -13.0286 51.4158 3
      vertex -13.2374 51.2374 3
    endloop
  endfacet
  facet normal 0.649591 -0.760284 0
    outer loop
      vertex -13.0286 51.4158 3
      vertex -13.2374 51.2374 0
      vertex -13.0286 51.4158 0
    endloop
  endfacet
  facet normal -0.233786 0.972288 0
    outer loop
      vertex -11.4592 48.3357 0
      vertex -11.7262 48.2715 3
      vertex -11.4592 48.3357 3
    endloop
  endfacet
  facet normal -0.233786 0.972288 0
    outer loop
      vertex -11.7262 48.2715 3
      vertex -11.4592 48.3357 0
      vertex -11.7262 48.2715 0
    endloop
  endfacet
  facet normal 0.522613 -0.85257 0
    outer loop
      vertex -13.0286 51.4158 0
      vertex -12.7945 51.5593 3
      vertex -13.0286 51.4158 3
    endloop
  endfacet
  facet normal 0.522613 -0.85257 0
    outer loop
      vertex -12.7945 51.5593 3
      vertex -13.0286 51.4158 0
      vertex -12.7945 51.5593 0
    endloop
  endfacet
  facet normal -0.92399 0.382416 0
    outer loop
      vertex -10.4407 49.2055 0
      vertex -10.3357 49.4592 3
      vertex -10.3357 49.4592 0
    endloop
  endfacet
  facet normal -0.92399 0.382416 0
    outer loop
      vertex -10.3357 49.4592 3
      vertex -10.4407 49.2055 0
      vertex -10.4407 49.2055 3
    endloop
  endfacet
  facet normal -0.85257 0.522613 0
    outer loop
      vertex -10.5842 48.9714 0
      vertex -10.4407 49.2055 3
      vertex -10.4407 49.2055 0
    endloop
  endfacet
  facet normal -0.85257 0.522613 0
    outer loop
      vertex -10.4407 49.2055 3
      vertex -10.5842 48.9714 0
      vertex -10.5842 48.9714 3
    endloop
  endfacet
  facet normal -0.972288 0.233786 0
    outer loop
      vertex -10.3357 49.4592 0
      vertex -10.2715 49.7262 3
      vertex -10.2715 49.7262 0
    endloop
  endfacet
  facet normal -0.972288 0.233786 0
    outer loop
      vertex -10.2715 49.7262 3
      vertex -10.3357 49.4592 0
      vertex -10.3357 49.4592 3
    endloop
  endfacet
  facet normal 0.233786 0.972288 -0
    outer loop
      vertex -12.2738 48.2715 0
      vertex -12.5408 48.3357 3
      vertex -12.2738 48.2715 3
    endloop
  endfacet
  facet normal 0.233786 0.972288 0
    outer loop
      vertex -12.5408 48.3357 3
      vertex -12.2738 48.2715 0
      vertex -12.5408 48.3357 0
    endloop
  endfacet
  facet normal -0.233786 -0.972288 0
    outer loop
      vertex -11.7262 51.7285 0
      vertex -11.4592 51.6643 3
      vertex -11.7262 51.7285 3
    endloop
  endfacet
  facet normal -0.233786 -0.972288 -0
    outer loop
      vertex -11.4592 51.6643 3
      vertex -11.7262 51.7285 0
      vertex -11.4592 51.6643 0
    endloop
  endfacet
  facet normal 0.972288 -0.233786 0
    outer loop
      vertex -13.7285 50.2738 3
      vertex -13.6643 50.5408 0
      vertex -13.6643 50.5408 3
    endloop
  endfacet
  facet normal 0.972288 -0.233786 0
    outer loop
      vertex -13.6643 50.5408 0
      vertex -13.7285 50.2738 3
      vertex -13.7285 50.2738 0
    endloop
  endfacet
  facet normal -0.649591 0.760284 0
    outer loop
      vertex -10.7626 48.7626 0
      vertex -10.9714 48.5842 3
      vertex -10.7626 48.7626 3
    endloop
  endfacet
  facet normal -0.649591 0.760284 0
    outer loop
      vertex -10.9714 48.5842 3
      vertex -10.7626 48.7626 0
      vertex -10.9714 48.5842 0
    endloop
  endfacet
  facet normal 0.996931 -0.0782835 0
    outer loop
      vertex -13.75 50 3
      vertex -13.7285 50.2738 0
      vertex -13.7285 50.2738 3
    endloop
  endfacet
  facet normal 0.996931 -0.0782835 0
    outer loop
      vertex -13.7285 50.2738 0
      vertex -13.75 50 3
      vertex -13.75 50 0
    endloop
  endfacet
  facet normal -0.522613 -0.85257 0
    outer loop
      vertex -11.2055 51.5593 0
      vertex -10.9714 51.4158 3
      vertex -11.2055 51.5593 3
    endloop
  endfacet
  facet normal -0.522613 -0.85257 -0
    outer loop
      vertex -10.9714 51.4158 3
      vertex -11.2055 51.5593 0
      vertex -10.9714 51.4158 0
    endloop
  endfacet
  facet normal -0.382416 -0.92399 0
    outer loop
      vertex -11.4592 51.6643 0
      vertex -11.2055 51.5593 3
      vertex -11.4592 51.6643 3
    endloop
  endfacet
  facet normal -0.382416 -0.92399 -0
    outer loop
      vertex -11.2055 51.5593 3
      vertex -11.4592 51.6643 0
      vertex -11.2055 51.5593 0
    endloop
  endfacet
  facet normal -0.760284 0.649591 0
    outer loop
      vertex -10.7626 48.7626 0
      vertex -10.5842 48.9714 3
      vertex -10.5842 48.9714 0
    endloop
  endfacet
  facet normal -0.760284 0.649591 0
    outer loop
      vertex -10.5842 48.9714 3
      vertex -10.7626 48.7626 0
      vertex -10.7626 48.7626 3
    endloop
  endfacet
  facet normal -0.760284 -0.649591 0
    outer loop
      vertex -10.5842 51.0286 0
      vertex -10.7626 51.2374 3
      vertex -10.7626 51.2374 0
    endloop
  endfacet
  facet normal -0.760284 -0.649591 0
    outer loop
      vertex -10.7626 51.2374 3
      vertex -10.5842 51.0286 0
      vertex -10.5842 51.0286 3
    endloop
  endfacet
  facet normal -0.0782835 0.996931 0
    outer loop
      vertex -11.7262 48.2715 0
      vertex -12 48.25 3
      vertex -11.7262 48.2715 3
    endloop
  endfacet
  facet normal -0.0782835 0.996931 0
    outer loop
      vertex -12 48.25 3
      vertex -11.7262 48.2715 0
      vertex -12 48.25 0
    endloop
  endfacet
  facet normal -0.649591 -0.760284 0
    outer loop
      vertex -10.9714 51.4158 0
      vertex -10.7626 51.2374 3
      vertex -10.9714 51.4158 3
    endloop
  endfacet
  facet normal -0.649591 -0.760284 -0
    outer loop
      vertex -10.7626 51.2374 3
      vertex -10.9714 51.4158 0
      vertex -10.7626 51.2374 0
    endloop
  endfacet
  facet normal 0.92399 -0.382416 0
    outer loop
      vertex -13.6643 50.5408 3
      vertex -13.5593 50.7945 0
      vertex -13.5593 50.7945 3
    endloop
  endfacet
  facet normal 0.92399 -0.382416 0
    outer loop
      vertex -13.5593 50.7945 0
      vertex -13.6643 50.5408 3
      vertex -13.6643 50.5408 0
    endloop
  endfacet
  facet normal 0.760284 0.649591 0
    outer loop
      vertex -13.2374 48.7626 3
      vertex -13.4158 48.9714 0
      vertex -13.4158 48.9714 3
    endloop
  endfacet
  facet normal 0.760284 0.649591 0
    outer loop
      vertex -13.4158 48.9714 0
      vertex -13.2374 48.7626 3
      vertex -13.2374 48.7626 0
    endloop
  endfacet
  facet normal 0.233786 -0.972288 0
    outer loop
      vertex -12.5408 51.6643 0
      vertex -12.2738 51.7285 3
      vertex -12.5408 51.6643 3
    endloop
  endfacet
  facet normal 0.233786 -0.972288 0
    outer loop
      vertex -12.2738 51.7285 3
      vertex -12.5408 51.6643 0
      vertex -12.2738 51.7285 0
    endloop
  endfacet
  facet normal 0.996931 0.0782835 0
    outer loop
      vertex -13.7285 49.7262 3
      vertex -13.75 50 0
      vertex -13.75 50 3
    endloop
  endfacet
  facet normal 0.996931 0.0782835 0
    outer loop
      vertex -13.75 50 0
      vertex -13.7285 49.7262 3
      vertex -13.7285 49.7262 0
    endloop
  endfacet
  facet normal 0.760284 -0.649591 0
    outer loop
      vertex -13.4158 51.0286 3
      vertex -13.2374 51.2374 0
      vertex -13.2374 51.2374 3
    endloop
  endfacet
  facet normal 0.760284 -0.649591 0
    outer loop
      vertex -13.2374 51.2374 0
      vertex -13.4158 51.0286 3
      vertex -13.4158 51.0286 0
    endloop
  endfacet
  facet normal 0.85257 0.522613 0
    outer loop
      vertex -13.4158 48.9714 3
      vertex -13.5593 49.2055 0
      vertex -13.5593 49.2055 3
    endloop
  endfacet
  facet normal 0.85257 0.522613 0
    outer loop
      vertex -13.5593 49.2055 0
      vertex -13.4158 48.9714 3
      vertex -13.4158 48.9714 0
    endloop
  endfacet
  facet normal -0.522613 0.85257 0
    outer loop
      vertex -10.9714 48.5842 0
      vertex -11.2055 48.4407 3
      vertex -10.9714 48.5842 3
    endloop
  endfacet
  facet normal -0.522613 0.85257 0
    outer loop
      vertex -11.2055 48.4407 3
      vertex -10.9714 48.5842 0
      vertex -11.2055 48.4407 0
    endloop
  endfacet
  facet normal -0.0782835 -0.996931 0
    outer loop
      vertex -12 51.75 0
      vertex -11.7262 51.7285 3
      vertex -12 51.75 3
    endloop
  endfacet
  facet normal -0.0782835 -0.996931 -0
    outer loop
      vertex -11.7262 51.7285 3
      vertex -12 51.75 0
      vertex -11.7262 51.7285 0
    endloop
  endfacet
  facet normal 0.382416 0.92399 -0
    outer loop
      vertex -12.5408 48.3357 0
      vertex -12.7945 48.4407 3
      vertex -12.5408 48.3357 3
    endloop
  endfacet
  facet normal 0.382416 0.92399 0
    outer loop
      vertex -12.7945 48.4407 3
      vertex -12.5408 48.3357 0
      vertex -12.7945 48.4407 0
    endloop
  endfacet
  facet normal 0.972288 0.233786 0
    outer loop
      vertex -13.6643 49.4592 3
      vertex -13.7285 49.7262 0
      vertex -13.7285 49.7262 3
    endloop
  endfacet
  facet normal 0.972288 0.233786 0
    outer loop
      vertex -13.7285 49.7262 0
      vertex -13.6643 49.4592 3
      vertex -13.6643 49.4592 0
    endloop
  endfacet
  facet normal 0.649591 0.760284 -0
    outer loop
      vertex -13.0286 48.5842 0
      vertex -13.2374 48.7626 3
      vertex -13.0286 48.5842 3
    endloop
  endfacet
  facet normal 0.649591 0.760284 0
    outer loop
      vertex -13.2374 48.7626 3
      vertex -13.0286 48.5842 0
      vertex -13.2374 48.7626 0
    endloop
  endfacet
  facet normal 0.0782835 0.996931 -0
    outer loop
      vertex -12 48.25 0
      vertex -12.2738 48.2715 3
      vertex -12 48.25 3
    endloop
  endfacet
  facet normal 0.0782835 0.996931 0
    outer loop
      vertex -12.2738 48.2715 3
      vertex -12 48.25 0
      vertex -12.2738 48.2715 0
    endloop
  endfacet
  facet normal 0.522613 0.85257 -0
    outer loop
      vertex -12.7945 28.4407 0
      vertex -13.0286 28.5842 3
      vertex -12.7945 28.4407 3
    endloop
  endfacet
  facet normal 0.522613 0.85257 0
    outer loop
      vertex -13.0286 28.5842 3
      vertex -12.7945 28.4407 0
      vertex -13.0286 28.5842 0
    endloop
  endfacet
  facet normal 0.0782835 -0.996931 0
    outer loop
      vertex -12.2738 31.7285 0
      vertex -12 31.75 3
      vertex -12.2738 31.7285 3
    endloop
  endfacet
  facet normal 0.0782835 -0.996931 0
    outer loop
      vertex -12 31.75 3
      vertex -12.2738 31.7285 0
      vertex -12 31.75 0
    endloop
  endfacet
  facet normal -0.972288 -0.233786 0
    outer loop
      vertex -10.2715 30.2738 0
      vertex -10.3357 30.5408 3
      vertex -10.3357 30.5408 0
    endloop
  endfacet
  facet normal -0.972288 -0.233786 0
    outer loop
      vertex -10.3357 30.5408 3
      vertex -10.2715 30.2738 0
      vertex -10.2715 30.2738 3
    endloop
  endfacet
  facet normal -0.996931 -0.0782835 0
    outer loop
      vertex -10.25 30 0
      vertex -10.2715 30.2738 3
      vertex -10.2715 30.2738 0
    endloop
  endfacet
  facet normal -0.996931 -0.0782835 0
    outer loop
      vertex -10.2715 30.2738 3
      vertex -10.25 30 0
      vertex -10.25 30 3
    endloop
  endfacet
  facet normal -0.92399 -0.382416 0
    outer loop
      vertex -10.3357 30.5408 0
      vertex -10.4407 30.7945 3
      vertex -10.4407 30.7945 0
    endloop
  endfacet
  facet normal -0.92399 -0.382416 0
    outer loop
      vertex -10.4407 30.7945 3
      vertex -10.3357 30.5408 0
      vertex -10.3357 30.5408 3
    endloop
  endfacet
  facet normal -0.382416 0.92399 0
    outer loop
      vertex -11.2055 28.4407 0
      vertex -11.4592 28.3357 3
      vertex -11.2055 28.4407 3
    endloop
  endfacet
  facet normal -0.382416 0.92399 0
    outer loop
      vertex -11.4592 28.3357 3
      vertex -11.2055 28.4407 0
      vertex -11.4592 28.3357 0
    endloop
  endfacet
  facet normal 0.92399 0.382416 0
    outer loop
      vertex -13.5593 29.2055 3
      vertex -13.6643 29.4592 0
      vertex -13.6643 29.4592 3
    endloop
  endfacet
  facet normal 0.92399 0.382416 0
    outer loop
      vertex -13.6643 29.4592 0
      vertex -13.5593 29.2055 3
      vertex -13.5593 29.2055 0
    endloop
  endfacet
  facet normal 0.382416 -0.92399 0
    outer loop
      vertex -12.7945 31.5593 0
      vertex -12.5408 31.6643 3
      vertex -12.7945 31.5593 3
    endloop
  endfacet
  facet normal 0.382416 -0.92399 0
    outer loop
      vertex -12.5408 31.6643 3
      vertex -12.7945 31.5593 0
      vertex -12.5408 31.6643 0
    endloop
  endfacet
  facet normal -0.996931 0.0782835 0
    outer loop
      vertex -10.2715 29.7262 0
      vertex -10.25 30 3
      vertex -10.25 30 0
    endloop
  endfacet
  facet normal -0.996931 0.0782835 0
    outer loop
      vertex -10.25 30 3
      vertex -10.2715 29.7262 0
      vertex -10.2715 29.7262 3
    endloop
  endfacet
  facet normal -0.85257 -0.522613 0
    outer loop
      vertex -10.4407 30.7945 0
      vertex -10.5842 31.0286 3
      vertex -10.5842 31.0286 0
    endloop
  endfacet
  facet normal -0.85257 -0.522613 0
    outer loop
      vertex -10.5842 31.0286 3
      vertex -10.4407 30.7945 0
      vertex -10.4407 30.7945 3
    endloop
  endfacet
  facet normal 0.85257 -0.522613 0
    outer loop
      vertex -13.5593 30.7945 3
      vertex -13.4158 31.0286 0
      vertex -13.4158 31.0286 3
    endloop
  endfacet
  facet normal 0.85257 -0.522613 0
    outer loop
      vertex -13.4158 31.0286 0
      vertex -13.5593 30.7945 3
      vertex -13.5593 30.7945 0
    endloop
  endfacet
  facet normal 0.649591 -0.760284 0
    outer loop
      vertex -13.2374 31.2374 0
      vertex -13.0286 31.4158 3
      vertex -13.2374 31.2374 3
    endloop
  endfacet
  facet normal 0.649591 -0.760284 0
    outer loop
      vertex -13.0286 31.4158 3
      vertex -13.2374 31.2374 0
      vertex -13.0286 31.4158 0
    endloop
  endfacet
  facet normal -0.233786 0.972288 0
    outer loop
      vertex -11.4592 28.3357 0
      vertex -11.7262 28.2715 3
      vertex -11.4592 28.3357 3
    endloop
  endfacet
  facet normal -0.233786 0.972288 0
    outer loop
      vertex -11.7262 28.2715 3
      vertex -11.4592 28.3357 0
      vertex -11.7262 28.2715 0
    endloop
  endfacet
  facet normal 0.522613 -0.85257 0
    outer loop
      vertex -13.0286 31.4158 0
      vertex -12.7945 31.5593 3
      vertex -13.0286 31.4158 3
    endloop
  endfacet
  facet normal 0.522613 -0.85257 0
    outer loop
      vertex -12.7945 31.5593 3
      vertex -13.0286 31.4158 0
      vertex -12.7945 31.5593 0
    endloop
  endfacet
  facet normal -0.92399 0.382416 0
    outer loop
      vertex -10.4407 29.2055 0
      vertex -10.3357 29.4592 3
      vertex -10.3357 29.4592 0
    endloop
  endfacet
  facet normal -0.92399 0.382416 0
    outer loop
      vertex -10.3357 29.4592 3
      vertex -10.4407 29.2055 0
      vertex -10.4407 29.2055 3
    endloop
  endfacet
  facet normal -0.85257 0.522613 0
    outer loop
      vertex -10.5842 28.9714 0
      vertex -10.4407 29.2055 3
      vertex -10.4407 29.2055 0
    endloop
  endfacet
  facet normal -0.85257 0.522613 0
    outer loop
      vertex -10.4407 29.2055 3
      vertex -10.5842 28.9714 0
      vertex -10.5842 28.9714 3
    endloop
  endfacet
  facet normal -0.972288 0.233786 0
    outer loop
      vertex -10.3357 29.4592 0
      vertex -10.2715 29.7262 3
      vertex -10.2715 29.7262 0
    endloop
  endfacet
  facet normal -0.972288 0.233786 0
    outer loop
      vertex -10.2715 29.7262 3
      vertex -10.3357 29.4592 0
      vertex -10.3357 29.4592 3
    endloop
  endfacet
  facet normal 0.233786 0.972288 -0
    outer loop
      vertex -12.2738 28.2715 0
      vertex -12.5408 28.3357 3
      vertex -12.2738 28.2715 3
    endloop
  endfacet
  facet normal 0.233786 0.972288 0
    outer loop
      vertex -12.5408 28.3357 3
      vertex -12.2738 28.2715 0
      vertex -12.5408 28.3357 0
    endloop
  endfacet
  facet normal -0.233786 -0.972288 0
    outer loop
      vertex -11.7262 31.7285 0
      vertex -11.4592 31.6643 3
      vertex -11.7262 31.7285 3
    endloop
  endfacet
  facet normal -0.233786 -0.972288 -0
    outer loop
      vertex -11.4592 31.6643 3
      vertex -11.7262 31.7285 0
      vertex -11.4592 31.6643 0
    endloop
  endfacet
  facet normal -0.649591 0.760284 0
    outer loop
      vertex -10.7626 28.7626 0
      vertex -10.9714 28.5842 3
      vertex -10.7626 28.7626 3
    endloop
  endfacet
  facet normal -0.649591 0.760284 0
    outer loop
      vertex -10.9714 28.5842 3
      vertex -10.7626 28.7626 0
      vertex -10.9714 28.5842 0
    endloop
  endfacet
  facet normal 0.996931 -0.0782835 0
    outer loop
      vertex -13.75 30 3
      vertex -13.7285 30.2738 0
      vertex -13.7285 30.2738 3
    endloop
  endfacet
  facet normal 0.996931 -0.0782835 0
    outer loop
      vertex -13.7285 30.2738 0
      vertex -13.75 30 3
      vertex -13.75 30 0
    endloop
  endfacet
  facet normal -0.522613 -0.85257 0
    outer loop
      vertex -11.2055 31.5593 0
      vertex -10.9714 31.4158 3
      vertex -11.2055 31.5593 3
    endloop
  endfacet
  facet normal -0.522613 -0.85257 -0
    outer loop
      vertex -10.9714 31.4158 3
      vertex -11.2055 31.5593 0
      vertex -10.9714 31.4158 0
    endloop
  endfacet
  facet normal -0.382416 -0.92399 0
    outer loop
      vertex -11.4592 31.6643 0
      vertex -11.2055 31.5593 3
      vertex -11.4592 31.6643 3
    endloop
  endfacet
  facet normal -0.382416 -0.92399 -0
    outer loop
      vertex -11.2055 31.5593 3
      vertex -11.4592 31.6643 0
      vertex -11.2055 31.5593 0
    endloop
  endfacet
  facet normal -0.760284 0.649591 0
    outer loop
      vertex -10.7626 28.7626 0
      vertex -10.5842 28.9714 3
      vertex -10.5842 28.9714 0
    endloop
  endfacet
  facet normal -0.760284 0.649591 0
    outer loop
      vertex -10.5842 28.9714 3
      vertex -10.7626 28.7626 0
      vertex -10.7626 28.7626 3
    endloop
  endfacet
  facet normal -0.760284 -0.649591 0
    outer loop
      vertex -10.5842 31.0286 0
      vertex -10.7626 31.2374 3
      vertex -10.7626 31.2374 0
    endloop
  endfacet
  facet normal -0.760284 -0.649591 0
    outer loop
      vertex -10.7626 31.2374 3
      vertex -10.5842 31.0286 0
      vertex -10.5842 31.0286 3
    endloop
  endfacet
  facet normal -0.0782835 0.996931 0
    outer loop
      vertex -11.7262 28.2715 0
      vertex -12 28.25 3
      vertex -11.7262 28.2715 3
    endloop
  endfacet
  facet normal -0.0782835 0.996931 0
    outer loop
      vertex -12 28.25 3
      vertex -11.7262 28.2715 0
      vertex -12 28.25 0
    endloop
  endfacet
  facet normal -0.649591 -0.760284 0
    outer loop
      vertex -10.9714 31.4158 0
      vertex -10.7626 31.2374 3
      vertex -10.9714 31.4158 3
    endloop
  endfacet
  facet normal -0.649591 -0.760284 -0
    outer loop
      vertex -10.7626 31.2374 3
      vertex -10.9714 31.4158 0
      vertex -10.7626 31.2374 0
    endloop
  endfacet
  facet normal 0.92399 -0.382416 0
    outer loop
      vertex -13.6643 30.5408 3
      vertex -13.5593 30.7945 0
      vertex -13.5593 30.7945 3
    endloop
  endfacet
  facet normal 0.92399 -0.382416 0
    outer loop
      vertex -13.5593 30.7945 0
      vertex -13.6643 30.5408 3
      vertex -13.6643 30.5408 0
    endloop
  endfacet
  facet normal 0.760284 0.649591 0
    outer loop
      vertex -13.2374 28.7626 3
      vertex -13.4158 28.9714 0
      vertex -13.4158 28.9714 3
    endloop
  endfacet
  facet normal 0.760284 0.649591 0
    outer loop
      vertex -13.4158 28.9714 0
      vertex -13.2374 28.7626 3
      vertex -13.2374 28.7626 0
    endloop
  endfacet
  facet normal 0.233786 -0.972288 0
    outer loop
      vertex -12.5408 31.6643 0
      vertex -12.2738 31.7285 3
      vertex -12.5408 31.6643 3
    endloop
  endfacet
  facet normal 0.233786 -0.972288 0
    outer loop
      vertex -12.2738 31.7285 3
      vertex -12.5408 31.6643 0
      vertex -12.2738 31.7285 0
    endloop
  endfacet
  facet normal 0.996931 0.0782835 0
    outer loop
      vertex -13.7285 29.7262 3
      vertex -13.75 30 0
      vertex -13.75 30 3
    endloop
  endfacet
  facet normal 0.996931 0.0782835 0
    outer loop
      vertex -13.75 30 0
      vertex -13.7285 29.7262 3
      vertex -13.7285 29.7262 0
    endloop
  endfacet
  facet normal 0.85257 0.522613 0
    outer loop
      vertex -13.4158 28.9714 3
      vertex -13.5593 29.2055 0
      vertex -13.5593 29.2055 3
    endloop
  endfacet
  facet normal 0.85257 0.522613 0
    outer loop
      vertex -13.5593 29.2055 0
      vertex -13.4158 28.9714 3
      vertex -13.4158 28.9714 0
    endloop
  endfacet
  facet normal -0.522613 0.85257 0
    outer loop
      vertex -10.9714 28.5842 0
      vertex -11.2055 28.4407 3
      vertex -10.9714 28.5842 3
    endloop
  endfacet
  facet normal -0.522613 0.85257 0
    outer loop
      vertex -11.2055 28.4407 3
      vertex -10.9714 28.5842 0
      vertex -11.2055 28.4407 0
    endloop
  endfacet
  facet normal -0.0782835 -0.996931 0
    outer loop
      vertex -12 31.75 0
      vertex -11.7262 31.7285 3
      vertex -12 31.75 3
    endloop
  endfacet
  facet normal -0.0782835 -0.996931 -0
    outer loop
      vertex -11.7262 31.7285 3
      vertex -12 31.75 0
      vertex -11.7262 31.7285 0
    endloop
  endfacet
  facet normal 0.972288 -0.233786 0
    outer loop
      vertex -13.7285 30.2738 3
      vertex -13.6643 30.5408 0
      vertex -13.6643 30.5408 3
    endloop
  endfacet
  facet normal 0.972288 -0.233786 0
    outer loop
      vertex -13.6643 30.5408 0
      vertex -13.7285 30.2738 3
      vertex -13.7285 30.2738 0
    endloop
  endfacet
  facet normal 0.382416 0.92399 -0
    outer loop
      vertex -12.5408 28.3357 0
      vertex -12.7945 28.4407 3
      vertex -12.5408 28.3357 3
    endloop
  endfacet
  facet normal 0.382416 0.92399 0
    outer loop
      vertex -12.7945 28.4407 3
      vertex -12.5408 28.3357 0
      vertex -12.7945 28.4407 0
    endloop
  endfacet
  facet normal 0.972288 0.233786 0
    outer loop
      vertex -13.6643 29.4592 3
      vertex -13.7285 29.7262 0
      vertex -13.7285 29.7262 3
    endloop
  endfacet
  facet normal 0.972288 0.233786 0
    outer loop
      vertex -13.7285 29.7262 0
      vertex -13.6643 29.4592 3
      vertex -13.6643 29.4592 0
    endloop
  endfacet
  facet normal 0.760284 -0.649591 0
    outer loop
      vertex -13.4158 31.0286 3
      vertex -13.2374 31.2374 0
      vertex -13.2374 31.2374 3
    endloop
  endfacet
  facet normal 0.760284 -0.649591 0
    outer loop
      vertex -13.2374 31.2374 0
      vertex -13.4158 31.0286 3
      vertex -13.4158 31.0286 0
    endloop
  endfacet
  facet normal 0.649591 0.760284 -0
    outer loop
      vertex -13.0286 28.5842 0
      vertex -13.2374 28.7626 3
      vertex -13.0286 28.5842 3
    endloop
  endfacet
  facet normal 0.649591 0.760284 0
    outer loop
      vertex -13.2374 28.7626 3
      vertex -13.0286 28.5842 0
      vertex -13.2374 28.7626 0
    endloop
  endfacet
  facet normal 0.0782835 0.996931 -0
    outer loop
      vertex -12 28.25 0
      vertex -12.2738 28.2715 3
      vertex -12 28.25 3
    endloop
  endfacet
  facet normal 0.0782835 0.996931 0
    outer loop
      vertex -12.2738 28.2715 3
      vertex -12 28.25 0
      vertex -12.2738 28.2715 0
    endloop
  endfacet
  facet normal -0.85257 -0.522613 0
    outer loop
      vertex 13.5593 50.7945 0
      vertex 13.4158 51.0286 3
      vertex 13.4158 51.0286 0
    endloop
  endfacet
  facet normal -0.85257 -0.522613 0
    outer loop
      vertex 13.4158 51.0286 3
      vertex 13.5593 50.7945 0
      vertex 13.5593 50.7945 3
    endloop
  endfacet
  facet normal -0.972288 -0.233786 0
    outer loop
      vertex 13.7285 50.2738 0
      vertex 13.6643 50.5408 3
      vertex 13.6643 50.5408 0
    endloop
  endfacet
  facet normal -0.972288 -0.233786 0
    outer loop
      vertex 13.6643 50.5408 3
      vertex 13.7285 50.2738 0
      vertex 13.7285 50.2738 3
    endloop
  endfacet
  facet normal -0.996931 -0.0782835 0
    outer loop
      vertex 13.75 50 0
      vertex 13.7285 50.2738 3
      vertex 13.7285 50.2738 0
    endloop
  endfacet
  facet normal -0.996931 -0.0782835 0
    outer loop
      vertex 13.7285 50.2738 3
      vertex 13.75 50 0
      vertex 13.75 50 3
    endloop
  endfacet
  facet normal -0.92399 -0.382416 0
    outer loop
      vertex 13.6643 50.5408 0
      vertex 13.5593 50.7945 3
      vertex 13.5593 50.7945 0
    endloop
  endfacet
  facet normal -0.92399 -0.382416 0
    outer loop
      vertex 13.5593 50.7945 3
      vertex 13.6643 50.5408 0
      vertex 13.6643 50.5408 3
    endloop
  endfacet
  facet normal 0.0782835 -0.996931 0
    outer loop
      vertex 11.7262 51.7285 0
      vertex 12 51.75 3
      vertex 11.7262 51.7285 3
    endloop
  endfacet
  facet normal 0.0782835 -0.996931 0
    outer loop
      vertex 12 51.75 3
      vertex 11.7262 51.7285 0
      vertex 12 51.75 0
    endloop
  endfacet
  facet normal -0.382416 0.92399 0
    outer loop
      vertex 12.7945 48.4407 0
      vertex 12.5408 48.3357 3
      vertex 12.7945 48.4407 3
    endloop
  endfacet
  facet normal -0.382416 0.92399 0
    outer loop
      vertex 12.5408 48.3357 3
      vertex 12.7945 48.4407 0
      vertex 12.5408 48.3357 0
    endloop
  endfacet
  facet normal -0.522613 -0.85257 0
    outer loop
      vertex 12.7945 51.5593 0
      vertex 13.0286 51.4158 3
      vertex 12.7945 51.5593 3
    endloop
  endfacet
  facet normal -0.522613 -0.85257 -0
    outer loop
      vertex 13.0286 51.4158 3
      vertex 12.7945 51.5593 0
      vertex 13.0286 51.4158 0
    endloop
  endfacet
  facet normal 0.972288 -0.233786 0
    outer loop
      vertex 10.2715 50.2738 3
      vertex 10.3357 50.5408 0
      vertex 10.3357 50.5408 3
    endloop
  endfacet
  facet normal 0.972288 -0.233786 0
    outer loop
      vertex 10.3357 50.5408 0
      vertex 10.2715 50.2738 3
      vertex 10.2715 50.2738 0
    endloop
  endfacet
  facet normal -0.649591 -0.760284 0
    outer loop
      vertex 13.0286 51.4158 0
      vertex 13.2374 51.2374 3
      vertex 13.0286 51.4158 3
    endloop
  endfacet
  facet normal -0.649591 -0.760284 -0
    outer loop
      vertex 13.2374 51.2374 3
      vertex 13.0286 51.4158 0
      vertex 13.2374 51.2374 0
    endloop
  endfacet
  facet normal -0.0782835 0.996931 0
    outer loop
      vertex 12.2738 48.2715 0
      vertex 12 48.25 3
      vertex 12.2738 48.2715 3
    endloop
  endfacet
  facet normal -0.0782835 0.996931 0
    outer loop
      vertex 12 48.25 3
      vertex 12.2738 48.2715 0
      vertex 12 48.25 0
    endloop
  endfacet
  facet normal -0.522613 0.85257 0
    outer loop
      vertex 13.0286 48.5842 0
      vertex 12.7945 48.4407 3
      vertex 13.0286 48.5842 3
    endloop
  endfacet
  facet normal -0.522613 0.85257 0
    outer loop
      vertex 12.7945 48.4407 3
      vertex 13.0286 48.5842 0
      vertex 12.7945 48.4407 0
    endloop
  endfacet
  facet normal 0.92399 0.382416 0
    outer loop
      vertex 10.4407 49.2055 3
      vertex 10.3357 49.4592 0
      vertex 10.3357 49.4592 3
    endloop
  endfacet
  facet normal 0.92399 0.382416 0
    outer loop
      vertex 10.3357 49.4592 0
      vertex 10.4407 49.2055 3
      vertex 10.4407 49.2055 0
    endloop
  endfacet
  facet normal 0.996931 -0.0782835 0
    outer loop
      vertex 10.25 50 3
      vertex 10.2715 50.2738 0
      vertex 10.2715 50.2738 3
    endloop
  endfacet
  facet normal 0.996931 -0.0782835 0
    outer loop
      vertex 10.2715 50.2738 0
      vertex 10.25 50 3
      vertex 10.25 50 0
    endloop
  endfacet
  facet normal 0.233786 0.972288 -0
    outer loop
      vertex 11.7262 48.2715 0
      vertex 11.4592 48.3357 3
      vertex 11.7262 48.2715 3
    endloop
  endfacet
  facet normal 0.233786 0.972288 0
    outer loop
      vertex 11.4592 48.3357 3
      vertex 11.7262 48.2715 0
      vertex 11.4592 48.3357 0
    endloop
  endfacet
  facet normal -0.996931 0.0782835 0
    outer loop
      vertex 13.7285 49.7262 0
      vertex 13.75 50 3
      vertex 13.75 50 0
    endloop
  endfacet
  facet normal -0.996931 0.0782835 0
    outer loop
      vertex 13.75 50 3
      vertex 13.7285 49.7262 0
      vertex 13.7285 49.7262 3
    endloop
  endfacet
  facet normal 0.0782835 0.996931 -0
    outer loop
      vertex 12 48.25 0
      vertex 11.7262 48.2715 3
      vertex 12 48.25 3
    endloop
  endfacet
  facet normal 0.0782835 0.996931 0
    outer loop
      vertex 11.7262 48.2715 3
      vertex 12 48.25 0
      vertex 11.7262 48.2715 0
    endloop
  endfacet
  facet normal -0.92399 0.382416 0
    outer loop
      vertex 13.5593 49.2055 0
      vertex 13.6643 49.4592 3
      vertex 13.6643 49.4592 0
    endloop
  endfacet
  facet normal -0.92399 0.382416 0
    outer loop
      vertex 13.6643 49.4592 3
      vertex 13.5593 49.2055 0
      vertex 13.5593 49.2055 3
    endloop
  endfacet
  facet normal 0.92399 -0.382416 0
    outer loop
      vertex 10.3357 50.5408 3
      vertex 10.4407 50.7945 0
      vertex 10.4407 50.7945 3
    endloop
  endfacet
  facet normal 0.92399 -0.382416 0
    outer loop
      vertex 10.4407 50.7945 0
      vertex 10.3357 50.5408 3
      vertex 10.3357 50.5408 0
    endloop
  endfacet
  facet normal -0.649591 0.760284 0
    outer loop
      vertex 13.2374 48.7626 0
      vertex 13.0286 48.5842 3
      vertex 13.2374 48.7626 3
    endloop
  endfacet
  facet normal -0.649591 0.760284 0
    outer loop
      vertex 13.0286 48.5842 3
      vertex 13.2374 48.7626 0
      vertex 13.0286 48.5842 0
    endloop
  endfacet
  facet normal -0.233786 0.972288 0
    outer loop
      vertex 12.5408 48.3357 0
      vertex 12.2738 48.2715 3
      vertex 12.5408 48.3357 3
    endloop
  endfacet
  facet normal -0.233786 0.972288 0
    outer loop
      vertex 12.2738 48.2715 3
      vertex 12.5408 48.3357 0
      vertex 12.2738 48.2715 0
    endloop
  endfacet
  facet normal 0.760284 -0.649591 0
    outer loop
      vertex 10.5842 51.0286 3
      vertex 10.7626 51.2374 0
      vertex 10.7626 51.2374 3
    endloop
  endfacet
  facet normal 0.760284 -0.649591 0
    outer loop
      vertex 10.7626 51.2374 0
      vertex 10.5842 51.0286 3
      vertex 10.5842 51.0286 0
    endloop
  endfacet
  facet normal 0.233786 -0.972288 0
    outer loop
      vertex 11.4592 51.6643 0
      vertex 11.7262 51.7285 3
      vertex 11.4592 51.6643 3
    endloop
  endfacet
  facet normal 0.233786 -0.972288 0
    outer loop
      vertex 11.7262 51.7285 3
      vertex 11.4592 51.6643 0
      vertex 11.7262 51.7285 0
    endloop
  endfacet
  facet normal 0.522613 -0.85257 0
    outer loop
      vertex 10.9714 51.4158 0
      vertex 11.2055 51.5593 3
      vertex 10.9714 51.4158 3
    endloop
  endfacet
  facet normal 0.522613 -0.85257 0
    outer loop
      vertex 11.2055 51.5593 3
      vertex 10.9714 51.4158 0
      vertex 11.2055 51.5593 0
    endloop
  endfacet
  facet normal -0.760284 0.649591 0
    outer loop
      vertex 13.2374 48.7626 0
      vertex 13.4158 48.9714 3
      vertex 13.4158 48.9714 0
    endloop
  endfacet
  facet normal -0.760284 0.649591 0
    outer loop
      vertex 13.4158 48.9714 3
      vertex 13.2374 48.7626 0
      vertex 13.2374 48.7626 3
    endloop
  endfacet
  facet normal -0.0782835 -0.996931 0
    outer loop
      vertex 12 51.75 0
      vertex 12.2738 51.7285 3
      vertex 12 51.75 3
    endloop
  endfacet
  facet normal -0.0782835 -0.996931 -0
    outer loop
      vertex 12.2738 51.7285 3
      vertex 12 51.75 0
      vertex 12.2738 51.7285 0
    endloop
  endfacet
  facet normal 0.972288 0.233786 0
    outer loop
      vertex 10.3357 49.4592 3
      vertex 10.2715 49.7262 0
      vertex 10.2715 49.7262 3
    endloop
  endfacet
  facet normal 0.972288 0.233786 0
    outer loop
      vertex 10.2715 49.7262 0
      vertex 10.3357 49.4592 3
      vertex 10.3357 49.4592 0
    endloop
  endfacet
  facet normal 0.85257 -0.522613 0
    outer loop
      vertex 10.4407 50.7945 3
      vertex 10.5842 51.0286 0
      vertex 10.5842 51.0286 3
    endloop
  endfacet
  facet normal 0.85257 -0.522613 0
    outer loop
      vertex 10.5842 51.0286 0
      vertex 10.4407 50.7945 3
      vertex 10.4407 50.7945 0
    endloop
  endfacet
  facet normal -0.382416 -0.92399 0
    outer loop
      vertex 12.5408 51.6643 0
      vertex 12.7945 51.5593 3
      vertex 12.5408 51.6643 3
    endloop
  endfacet
  facet normal -0.382416 -0.92399 -0
    outer loop
      vertex 12.7945 51.5593 3
      vertex 12.5408 51.6643 0
      vertex 12.7945 51.5593 0
    endloop
  endfacet
  facet normal 0.382416 -0.92399 0
    outer loop
      vertex 11.2055 51.5593 0
      vertex 11.4592 51.6643 3
      vertex 11.2055 51.5593 3
    endloop
  endfacet
  facet normal 0.382416 -0.92399 0
    outer loop
      vertex 11.4592 51.6643 3
      vertex 11.2055 51.5593 0
      vertex 11.4592 51.6643 0
    endloop
  endfacet
  facet normal -0.972288 0.233786 0
    outer loop
      vertex 13.6643 49.4592 0
      vertex 13.7285 49.7262 3
      vertex 13.7285 49.7262 0
    endloop
  endfacet
  facet normal -0.972288 0.233786 0
    outer loop
      vertex 13.7285 49.7262 3
      vertex 13.6643 49.4592 0
      vertex 13.6643 49.4592 3
    endloop
  endfacet
  facet normal -0.233786 -0.972288 0
    outer loop
      vertex 12.2738 51.7285 0
      vertex 12.5408 51.6643 3
      vertex 12.2738 51.7285 3
    endloop
  endfacet
  facet normal -0.233786 -0.972288 -0
    outer loop
      vertex 12.5408 51.6643 3
      vertex 12.2738 51.7285 0
      vertex 12.5408 51.6643 0
    endloop
  endfacet
  facet normal -0.85257 0.522613 0
    outer loop
      vertex 13.4158 48.9714 0
      vertex 13.5593 49.2055 3
      vertex 13.5593 49.2055 0
    endloop
  endfacet
  facet normal -0.85257 0.522613 0
    outer loop
      vertex 13.5593 49.2055 3
      vertex 13.4158 48.9714 0
      vertex 13.4158 48.9714 3
    endloop
  endfacet
  facet normal -0.760284 -0.649591 0
    outer loop
      vertex 13.4158 51.0286 0
      vertex 13.2374 51.2374 3
      vertex 13.2374 51.2374 0
    endloop
  endfacet
  facet normal -0.760284 -0.649591 0
    outer loop
      vertex 13.2374 51.2374 3
      vertex 13.4158 51.0286 0
      vertex 13.4158 51.0286 3
    endloop
  endfacet
  facet normal 0.649591 0.760284 -0
    outer loop
      vertex 10.9714 48.5842 0
      vertex 10.7626 48.7626 3
      vertex 10.9714 48.5842 3
    endloop
  endfacet
  facet normal 0.649591 0.760284 0
    outer loop
      vertex 10.7626 48.7626 3
      vertex 10.9714 48.5842 0
      vertex 10.7626 48.7626 0
    endloop
  endfacet
  facet normal 0.382416 0.92399 -0
    outer loop
      vertex 11.4592 48.3357 0
      vertex 11.2055 48.4407 3
      vertex 11.4592 48.3357 3
    endloop
  endfacet
  facet normal 0.382416 0.92399 0
    outer loop
      vertex 11.2055 48.4407 3
      vertex 11.4592 48.3357 0
      vertex 11.2055 48.4407 0
    endloop
  endfacet
  facet normal 0.760284 0.649591 0
    outer loop
      vertex 10.7626 48.7626 3
      vertex 10.5842 48.9714 0
      vertex 10.5842 48.9714 3
    endloop
  endfacet
  facet normal 0.760284 0.649591 0
    outer loop
      vertex 10.5842 48.9714 0
      vertex 10.7626 48.7626 3
      vertex 10.7626 48.7626 0
    endloop
  endfacet
  facet normal 0.649591 -0.760284 0
    outer loop
      vertex 10.7626 51.2374 0
      vertex 10.9714 51.4158 3
      vertex 10.7626 51.2374 3
    endloop
  endfacet
  facet normal 0.649591 -0.760284 0
    outer loop
      vertex 10.9714 51.4158 3
      vertex 10.7626 51.2374 0
      vertex 10.9714 51.4158 0
    endloop
  endfacet
  facet normal 0.522613 0.85257 -0
    outer loop
      vertex 11.2055 48.4407 0
      vertex 10.9714 48.5842 3
      vertex 11.2055 48.4407 3
    endloop
  endfacet
  facet normal 0.522613 0.85257 0
    outer loop
      vertex 10.9714 48.5842 3
      vertex 11.2055 48.4407 0
      vertex 10.9714 48.5842 0
    endloop
  endfacet
  facet normal 0.996931 0.0782835 0
    outer loop
      vertex 10.2715 49.7262 3
      vertex 10.25 50 0
      vertex 10.25 50 3
    endloop
  endfacet
  facet normal 0.996931 0.0782835 0
    outer loop
      vertex 10.25 50 0
      vertex 10.2715 49.7262 3
      vertex 10.2715 49.7262 0
    endloop
  endfacet
  facet normal 0.85257 0.522613 0
    outer loop
      vertex 10.5842 48.9714 3
      vertex 10.4407 49.2055 0
      vertex 10.4407 49.2055 3
    endloop
  endfacet
  facet normal 0.85257 0.522613 0
    outer loop
      vertex 10.4407 49.2055 0
      vertex 10.5842 48.9714 3
      vertex 10.5842 48.9714 0
    endloop
  endfacet
  facet normal -0.85257 -0.522613 0
    outer loop
      vertex 13.5593 30.7945 0
      vertex 13.4158 31.0286 3
      vertex 13.4158 31.0286 0
    endloop
  endfacet
  facet normal -0.85257 -0.522613 0
    outer loop
      vertex 13.4158 31.0286 3
      vertex 13.5593 30.7945 0
      vertex 13.5593 30.7945 3
    endloop
  endfacet
  facet normal -0.972288 -0.233786 0
    outer loop
      vertex 13.7285 30.2738 0
      vertex 13.6643 30.5408 3
      vertex 13.6643 30.5408 0
    endloop
  endfacet
  facet normal -0.972288 -0.233786 0
    outer loop
      vertex 13.6643 30.5408 3
      vertex 13.7285 30.2738 0
      vertex 13.7285 30.2738 3
    endloop
  endfacet
  facet normal -0.996931 -0.0782835 0
    outer loop
      vertex 13.75 30 0
      vertex 13.7285 30.2738 3
      vertex 13.7285 30.2738 0
    endloop
  endfacet
  facet normal -0.996931 -0.0782835 0
    outer loop
      vertex 13.7285 30.2738 3
      vertex 13.75 30 0
      vertex 13.75 30 3
    endloop
  endfacet
  facet normal -0.92399 -0.382416 0
    outer loop
      vertex 13.6643 30.5408 0
      vertex 13.5593 30.7945 3
      vertex 13.5593 30.7945 0
    endloop
  endfacet
  facet normal -0.92399 -0.382416 0
    outer loop
      vertex 13.5593 30.7945 3
      vertex 13.6643 30.5408 0
      vertex 13.6643 30.5408 3
    endloop
  endfacet
  facet normal 0.0782835 -0.996931 0
    outer loop
      vertex 11.7262 31.7285 0
      vertex 12 31.75 3
      vertex 11.7262 31.7285 3
    endloop
  endfacet
  facet normal 0.0782835 -0.996931 0
    outer loop
      vertex 12 31.75 3
      vertex 11.7262 31.7285 0
      vertex 12 31.75 0
    endloop
  endfacet
  facet normal -0.382416 0.92399 0
    outer loop
      vertex 12.7945 28.4407 0
      vertex 12.5408 28.3357 3
      vertex 12.7945 28.4407 3
    endloop
  endfacet
  facet normal -0.382416 0.92399 0
    outer loop
      vertex 12.5408 28.3357 3
      vertex 12.7945 28.4407 0
      vertex 12.5408 28.3357 0
    endloop
  endfacet
  facet normal 0.972288 -0.233786 0
    outer loop
      vertex 10.2715 30.2738 3
      vertex 10.3357 30.5408 0
      vertex 10.3357 30.5408 3
    endloop
  endfacet
  facet normal 0.972288 -0.233786 0
    outer loop
      vertex 10.3357 30.5408 0
      vertex 10.2715 30.2738 3
      vertex 10.2715 30.2738 0
    endloop
  endfacet
  facet normal -0.649591 -0.760284 0
    outer loop
      vertex 13.0286 31.4158 0
      vertex 13.2374 31.2374 3
      vertex 13.0286 31.4158 3
    endloop
  endfacet
  facet normal -0.649591 -0.760284 -0
    outer loop
      vertex 13.2374 31.2374 3
      vertex 13.0286 31.4158 0
      vertex 13.2374 31.2374 0
    endloop
  endfacet
  facet normal -0.0782835 0.996931 0
    outer loop
      vertex 12.2738 28.2715 0
      vertex 12 28.25 3
      vertex 12.2738 28.2715 3
    endloop
  endfacet
  facet normal -0.0782835 0.996931 0
    outer loop
      vertex 12 28.25 3
      vertex 12.2738 28.2715 0
      vertex 12 28.25 0
    endloop
  endfacet
  facet normal -0.522613 0.85257 0
    outer loop
      vertex 13.0286 28.5842 0
      vertex 12.7945 28.4407 3
      vertex 13.0286 28.5842 3
    endloop
  endfacet
  facet normal -0.522613 0.85257 0
    outer loop
      vertex 12.7945 28.4407 3
      vertex 13.0286 28.5842 0
      vertex 12.7945 28.4407 0
    endloop
  endfacet
  facet normal 0.92399 0.382416 0
    outer loop
      vertex 10.4407 29.2055 3
      vertex 10.3357 29.4592 0
      vertex 10.3357 29.4592 3
    endloop
  endfacet
  facet normal 0.92399 0.382416 0
    outer loop
      vertex 10.3357 29.4592 0
      vertex 10.4407 29.2055 3
      vertex 10.4407 29.2055 0
    endloop
  endfacet
  facet normal 0.996931 -0.0782835 0
    outer loop
      vertex 10.25 30 3
      vertex 10.2715 30.2738 0
      vertex 10.2715 30.2738 3
    endloop
  endfacet
  facet normal 0.996931 -0.0782835 0
    outer loop
      vertex 10.2715 30.2738 0
      vertex 10.25 30 3
      vertex 10.25 30 0
    endloop
  endfacet
  facet normal 0.233786 0.972288 -0
    outer loop
      vertex 11.7262 28.2715 0
      vertex 11.4592 28.3357 3
      vertex 11.7262 28.2715 3
    endloop
  endfacet
  facet normal 0.233786 0.972288 0
    outer loop
      vertex 11.4592 28.3357 3
      vertex 11.7262 28.2715 0
      vertex 11.4592 28.3357 0
    endloop
  endfacet
  facet normal -0.996931 0.0782835 0
    outer loop
      vertex 13.7285 29.7262 0
      vertex 13.75 30 3
      vertex 13.75 30 0
    endloop
  endfacet
  facet normal -0.996931 0.0782835 0
    outer loop
      vertex 13.75 30 3
      vertex 13.7285 29.7262 0
      vertex 13.7285 29.7262 3
    endloop
  endfacet
  facet normal 0.0782835 0.996931 -0
    outer loop
      vertex 12 28.25 0
      vertex 11.7262 28.2715 3
      vertex 12 28.25 3
    endloop
  endfacet
  facet normal 0.0782835 0.996931 0
    outer loop
      vertex 11.7262 28.2715 3
      vertex 12 28.25 0
      vertex 11.7262 28.2715 0
    endloop
  endfacet
  facet normal -0.92399 0.382416 0
    outer loop
      vertex 13.5593 29.2055 0
      vertex 13.6643 29.4592 3
      vertex 13.6643 29.4592 0
    endloop
  endfacet
  facet normal -0.92399 0.382416 0
    outer loop
      vertex 13.6643 29.4592 3
      vertex 13.5593 29.2055 0
      vertex 13.5593 29.2055 3
    endloop
  endfacet
  facet normal -0.85257 0.522613 0
    outer loop
      vertex 13.4158 28.9714 0
      vertex 13.5593 29.2055 3
      vertex 13.5593 29.2055 0
    endloop
  endfacet
  facet normal -0.85257 0.522613 0
    outer loop
      vertex 13.5593 29.2055 3
      vertex 13.4158 28.9714 0
      vertex 13.4158 28.9714 3
    endloop
  endfacet
  facet normal 0.92399 -0.382416 0
    outer loop
      vertex 10.3357 30.5408 3
      vertex 10.4407 30.7945 0
      vertex 10.4407 30.7945 3
    endloop
  endfacet
  facet normal 0.92399 -0.382416 0
    outer loop
      vertex 10.4407 30.7945 0
      vertex 10.3357 30.5408 3
      vertex 10.3357 30.5408 0
    endloop
  endfacet
  facet normal -0.649591 0.760284 0
    outer loop
      vertex 13.2374 28.7626 0
      vertex 13.0286 28.5842 3
      vertex 13.2374 28.7626 3
    endloop
  endfacet
  facet normal -0.649591 0.760284 0
    outer loop
      vertex 13.0286 28.5842 3
      vertex 13.2374 28.7626 0
      vertex 13.0286 28.5842 0
    endloop
  endfacet
  facet normal -0.233786 0.972288 0
    outer loop
      vertex 12.5408 28.3357 0
      vertex 12.2738 28.2715 3
      vertex 12.5408 28.3357 3
    endloop
  endfacet
  facet normal -0.233786 0.972288 0
    outer loop
      vertex 12.2738 28.2715 3
      vertex 12.5408 28.3357 0
      vertex 12.2738 28.2715 0
    endloop
  endfacet
  facet normal 0.760284 -0.649591 0
    outer loop
      vertex 10.5842 31.0286 3
      vertex 10.7626 31.2374 0
      vertex 10.7626 31.2374 3
    endloop
  endfacet
  facet normal 0.760284 -0.649591 0
    outer loop
      vertex 10.7626 31.2374 0
      vertex 10.5842 31.0286 3
      vertex 10.5842 31.0286 0
    endloop
  endfacet
  facet normal 0.233786 -0.972288 0
    outer loop
      vertex 11.4592 31.6643 0
      vertex 11.7262 31.7285 3
      vertex 11.4592 31.6643 3
    endloop
  endfacet
  facet normal 0.233786 -0.972288 0
    outer loop
      vertex 11.7262 31.7285 3
      vertex 11.4592 31.6643 0
      vertex 11.7262 31.7285 0
    endloop
  endfacet
  facet normal 0.522613 -0.85257 0
    outer loop
      vertex 10.9714 31.4158 0
      vertex 11.2055 31.5593 3
      vertex 10.9714 31.4158 3
    endloop
  endfacet
  facet normal 0.522613 -0.85257 0
    outer loop
      vertex 11.2055 31.5593 3
      vertex 10.9714 31.4158 0
      vertex 11.2055 31.5593 0
    endloop
  endfacet
  facet normal -0.760284 0.649591 0
    outer loop
      vertex 13.2374 28.7626 0
      vertex 13.4158 28.9714 3
      vertex 13.4158 28.9714 0
    endloop
  endfacet
  facet normal -0.760284 0.649591 0
    outer loop
      vertex 13.4158 28.9714 3
      vertex 13.2374 28.7626 0
      vertex 13.2374 28.7626 3
    endloop
  endfacet
  facet normal -0.0782835 -0.996931 0
    outer loop
      vertex 12 31.75 0
      vertex 12.2738 31.7285 3
      vertex 12 31.75 3
    endloop
  endfacet
  facet normal -0.0782835 -0.996931 -0
    outer loop
      vertex 12.2738 31.7285 3
      vertex 12 31.75 0
      vertex 12.2738 31.7285 0
    endloop
  endfacet
  facet normal 0.972288 0.233786 0
    outer loop
      vertex 10.3357 29.4592 3
      vertex 10.2715 29.7262 0
      vertex 10.2715 29.7262 3
    endloop
  endfacet
  facet normal 0.972288 0.233786 0
    outer loop
      vertex 10.2715 29.7262 0
      vertex 10.3357 29.4592 3
      vertex 10.3357 29.4592 0
    endloop
  endfacet
  facet normal 0.85257 -0.522613 0
    outer loop
      vertex 10.4407 30.7945 3
      vertex 10.5842 31.0286 0
      vertex 10.5842 31.0286 3
    endloop
  endfacet
  facet normal 0.85257 -0.522613 0
    outer loop
      vertex 10.5842 31.0286 0
      vertex 10.4407 30.7945 3
      vertex 10.4407 30.7945 0
    endloop
  endfacet
  facet normal -0.382416 -0.92399 0
    outer loop
      vertex 12.5408 31.6643 0
      vertex 12.7945 31.5593 3
      vertex 12.5408 31.6643 3
    endloop
  endfacet
  facet normal -0.382416 -0.92399 -0
    outer loop
      vertex 12.7945 31.5593 3
      vertex 12.5408 31.6643 0
      vertex 12.7945 31.5593 0
    endloop
  endfacet
  facet normal -0.522613 -0.85257 0
    outer loop
      vertex 12.7945 31.5593 0
      vertex 13.0286 31.4158 3
      vertex 12.7945 31.5593 3
    endloop
  endfacet
  facet normal -0.522613 -0.85257 -0
    outer loop
      vertex 13.0286 31.4158 3
      vertex 12.7945 31.5593 0
      vertex 13.0286 31.4158 0
    endloop
  endfacet
  facet normal 0.382416 -0.92399 0
    outer loop
      vertex 11.2055 31.5593 0
      vertex 11.4592 31.6643 3
      vertex 11.2055 31.5593 3
    endloop
  endfacet
  facet normal 0.382416 -0.92399 0
    outer loop
      vertex 11.4592 31.6643 3
      vertex 11.2055 31.5593 0
      vertex 11.4592 31.6643 0
    endloop
  endfacet
  facet normal -0.972288 0.233786 0
    outer loop
      vertex 13.6643 29.4592 0
      vertex 13.7285 29.7262 3
      vertex 13.7285 29.7262 0
    endloop
  endfacet
  facet normal -0.972288 0.233786 0
    outer loop
      vertex 13.7285 29.7262 3
      vertex 13.6643 29.4592 0
      vertex 13.6643 29.4592 3
    endloop
  endfacet
  facet normal -0.233786 -0.972288 0
    outer loop
      vertex 12.2738 31.7285 0
      vertex 12.5408 31.6643 3
      vertex 12.2738 31.7285 3
    endloop
  endfacet
  facet normal -0.233786 -0.972288 -0
    outer loop
      vertex 12.5408 31.6643 3
      vertex 12.2738 31.7285 0
      vertex 12.5408 31.6643 0
    endloop
  endfacet
  facet normal -0.760284 -0.649591 0
    outer loop
      vertex 13.4158 31.0286 0
      vertex 13.2374 31.2374 3
      vertex 13.2374 31.2374 0
    endloop
  endfacet
  facet normal -0.760284 -0.649591 0
    outer loop
      vertex 13.2374 31.2374 3
      vertex 13.4158 31.0286 0
      vertex 13.4158 31.0286 3
    endloop
  endfacet
  facet normal 0.649591 0.760284 -0
    outer loop
      vertex 10.9714 28.5842 0
      vertex 10.7626 28.7626 3
      vertex 10.9714 28.5842 3
    endloop
  endfacet
  facet normal 0.649591 0.760284 0
    outer loop
      vertex 10.7626 28.7626 3
      vertex 10.9714 28.5842 0
      vertex 10.7626 28.7626 0
    endloop
  endfacet
  facet normal 0.382416 0.92399 -0
    outer loop
      vertex 11.4592 28.3357 0
      vertex 11.2055 28.4407 3
      vertex 11.4592 28.3357 3
    endloop
  endfacet
  facet normal 0.382416 0.92399 0
    outer loop
      vertex 11.2055 28.4407 3
      vertex 11.4592 28.3357 0
      vertex 11.2055 28.4407 0
    endloop
  endfacet
  facet normal 0.760284 0.649591 0
    outer loop
      vertex 10.7626 28.7626 3
      vertex 10.5842 28.9714 0
      vertex 10.5842 28.9714 3
    endloop
  endfacet
  facet normal 0.760284 0.649591 0
    outer loop
      vertex 10.5842 28.9714 0
      vertex 10.7626 28.7626 3
      vertex 10.7626 28.7626 0
    endloop
  endfacet
  facet normal 0.649591 -0.760284 0
    outer loop
      vertex 10.7626 31.2374 0
      vertex 10.9714 31.4158 3
      vertex 10.7626 31.2374 3
    endloop
  endfacet
  facet normal 0.649591 -0.760284 0
    outer loop
      vertex 10.9714 31.4158 3
      vertex 10.7626 31.2374 0
      vertex 10.9714 31.4158 0
    endloop
  endfacet
  facet normal 0.522613 0.85257 -0
    outer loop
      vertex 11.2055 28.4407 0
      vertex 10.9714 28.5842 3
      vertex 11.2055 28.4407 3
    endloop
  endfacet
  facet normal 0.522613 0.85257 0
    outer loop
      vertex 10.9714 28.5842 3
      vertex 11.2055 28.4407 0
      vertex 10.9714 28.5842 0
    endloop
  endfacet
  facet normal 0.996931 0.0782835 0
    outer loop
      vertex 10.2715 29.7262 3
      vertex 10.25 30 0
      vertex 10.25 30 3
    endloop
  endfacet
  facet normal 0.996931 0.0782835 0
    outer loop
      vertex 10.25 30 0
      vertex 10.2715 29.7262 3
      vertex 10.2715 29.7262 0
    endloop
  endfacet
  facet normal 0.85257 0.522613 0
    outer loop
      vertex 10.5842 28.9714 3
      vertex 10.4407 29.2055 0
      vertex 10.4407 29.2055 3
    endloop
  endfacet
  facet normal 0.85257 0.522613 0
    outer loop
      vertex 10.4407 29.2055 0
      vertex 10.5842 28.9714 3
      vertex 10.5842 28.9714 0
    endloop
  endfacet
endsolid OpenSCAD_Model
