solid OpenSCAD_Model
  facet normal -0 0 1
    outer loop
      vertex -6.62463 -4.81287 4.2
      vertex 0.860382 -5.43228 4.2
      vertex -6.6 -4.5 4.2
    endloop
  endfacet
  facet normal 0 0 1
    outer loop
      vertex 0.860382 -5.43228 4.2
      vertex -6.62463 -4.81287 4.2
      vertex -6.59999 -6.5 4.2
    endloop
  endfacet
  facet normal -0 0 1
    outer loop
      vertex -6.69788 -5.11803 4.2
      vertex -6.59999 -6.5 4.2
      vertex -6.62463 -4.81287 4.2
    endloop
  endfacet
  facet normal -0 0 1
    outer loop
      vertex -6.81799 -5.40797 4.2
      vertex -6.59999 -6.5 4.2
      vertex -6.69788 -5.11803 4.2
    endloop
  endfacet
  facet normal -0 0 1
    outer loop
      vertex -6.98197 -5.67557 4.2
      vertex -6.59999 -6.5 4.2
      vertex -6.81799 -5.40797 4.2
    endloop
  endfacet
  facet normal -0 0 1
    outer loop
      vertex -7.18578 -5.91422 4.2
      vertex -6.59999 -6.5 4.2
      vertex -6.98197 -5.67557 4.2
    endloop
  endfacet
  facet normal -0 0 1
    outer loop
      vertex -7.42443 -6.11803 4.2
      vertex -6.59999 -6.5 4.2
      vertex -7.18578 -5.91422 4.2
    endloop
  endfacet
  facet normal 0 0 1
    outer loop
      vertex -7.59999 -6.5 4.2
      vertex -7.42443 -6.11803 4.2
      vertex -7.59999 -6.22561 4.2
    endloop
  endfacet
  facet normal 0 0 1
    outer loop
      vertex -7.42443 -6.11803 4.2
      vertex -7.59999 -6.5 4.2
      vertex -6.59999 -6.5 4.2
    endloop
  endfacet
  facet normal 0 0 1
    outer loop
      vertex 4.44958 -3.23282 4.2
      vertex 0.930369 -0.675953 4.2
      vertex 3.88908 -3.88908 4.2
    endloop
  endfacet
  facet normal -0 0 1
    outer loop
      vertex 0.813172 -0.813172 4.2
      vertex 3.88908 -3.88908 4.2
      vertex 0.930369 -0.675953 4.2
    endloop
  endfacet
  facet normal 0 0 1
    outer loop
      vertex 3.88908 -3.88908 4.2
      vertex 0.813172 -0.813172 4.2
      vertex 3.23282 -4.44958 4.2
    endloop
  endfacet
  facet normal -0 0 1
    outer loop
      vertex 0.675953 -0.930369 4.2
      vertex 3.23282 -4.44958 4.2
      vertex 0.813172 -0.813172 4.2
    endloop
  endfacet
  facet normal 0 0 1
    outer loop
      vertex 3.23282 -4.44958 4.2
      vertex 0.675953 -0.930369 4.2
      vertex 2.49693 -4.90053 4.2
    endloop
  endfacet
  facet normal -0 0 1
    outer loop
      vertex 0.522089 -1.02466 4.2
      vertex 2.49693 -4.90053 4.2
      vertex 0.675953 -0.930369 4.2
    endloop
  endfacet
  facet normal 0 0 1
    outer loop
      vertex 2.49693 -4.90053 4.2
      vertex 0.522089 -1.02466 4.2
      vertex 1.69958 -5.2308 4.2
    endloop
  endfacet
  facet normal -0 0 1
    outer loop
      vertex 0.355369 -1.09371 4.2
      vertex 1.69958 -5.2308 4.2
      vertex 0.522089 -1.02466 4.2
    endloop
  endfacet
  facet normal 0 0 1
    outer loop
      vertex 1.69958 -5.2308 4.2
      vertex 0.355369 -1.09371 4.2
      vertex 0.860382 -5.43228 4.2
    endloop
  endfacet
  facet normal -0 0 1
    outer loop
      vertex 0.179899 -1.13584 4.2
      vertex 0.860382 -5.43228 4.2
      vertex 0.355369 -1.09371 4.2
    endloop
  endfacet
  facet normal -0 0 1
    outer loop
      vertex 0 -1.15 4.2
      vertex 0.860382 -5.43228 4.2
      vertex 0.179899 -1.13584 4.2
    endloop
  endfacet
  facet normal 0 0 1
    outer loop
      vertex -0.179899 -1.13584 4.2
      vertex 0.860382 -5.43228 4.2
      vertex 0 -1.15 4.2
    endloop
  endfacet
  facet normal 0 0 1
    outer loop
      vertex -0.355369 -1.09371 4.2
      vertex 0.860382 -5.43228 4.2
      vertex -0.179899 -1.13584 4.2
    endloop
  endfacet
  facet normal 0 0 1
    outer loop
      vertex -0.522089 -1.02466 4.2
      vertex 0.860382 -5.43228 4.2
      vertex -0.355369 -1.09371 4.2
    endloop
  endfacet
  facet normal 0 0 1
    outer loop
      vertex -0.675953 -0.930369 4.2
      vertex 0.860382 -5.43228 4.2
      vertex -0.522089 -1.02466 4.2
    endloop
  endfacet
  facet normal 0 0 1
    outer loop
      vertex -6.6 -4.5 4.2
      vertex -0.675953 -0.930369 4.2
      vertex -0.813172 -0.813172 4.2
    endloop
  endfacet
  facet normal 0 0 1
    outer loop
      vertex -6.6 -4.5 4.2
      vertex -0.813172 -0.813172 4.2
      vertex -0.930369 -0.675953 4.2
    endloop
  endfacet
  facet normal 0 0 1
    outer loop
      vertex -6.6 -4.5 4.2
      vertex -0.930369 -0.675953 4.2
      vertex -1.02466 -0.522089 4.2
    endloop
  endfacet
  facet normal 0 0 1
    outer loop
      vertex -6.6 -4.5 4.2
      vertex -1.02466 -0.522089 4.2
      vertex -1.09371 -0.355369 4.2
    endloop
  endfacet
  facet normal 0 0 1
    outer loop
      vertex -1.02466 0.522089 4.2
      vertex -6.6 4.5 4.2
      vertex -1.09371 0.355369 4.2
    endloop
  endfacet
  facet normal 0 0 1
    outer loop
      vertex -1.09371 0.355369 4.2
      vertex -6.6 4.5 4.2
      vertex -1.13584 0.179899 4.2
    endloop
  endfacet
  facet normal 0 0 1
    outer loop
      vertex -1.13584 0.179899 4.2
      vertex -6.6 4.5 4.2
      vertex -1.15 0 4.2
    endloop
  endfacet
  facet normal 0 0 1
    outer loop
      vertex -6.6 -4.5 4.2
      vertex -1.15 0 4.2
      vertex -6.6 4.5 4.2
    endloop
  endfacet
  facet normal 0 0 1
    outer loop
      vertex -6.6 -4.5 4.2
      vertex -1.09371 -0.355369 4.2
      vertex -1.13584 -0.179899 4.2
    endloop
  endfacet
  facet normal -0 0 1
    outer loop
      vertex -6.6 -4.5 4.2
      vertex 0.860382 -5.43228 4.2
      vertex -0.675953 -0.930369 4.2
    endloop
  endfacet
  facet normal 0 0 1
    outer loop
      vertex -1.15 0 4.2
      vertex -6.6 -4.5 4.2
      vertex -1.13584 -0.179899 4.2
    endloop
  endfacet
  facet normal 0 0 1
    outer loop
      vertex -6.59999 6.5 4.2
      vertex -6.69788 5.11803 4.2
      vertex -6.62463 4.81287 4.2
    endloop
  endfacet
  facet normal 0 0 1
    outer loop
      vertex -6.59999 6.5 4.2
      vertex -6.81799 5.40797 4.2
      vertex -6.69788 5.11803 4.2
    endloop
  endfacet
  facet normal 0 0 1
    outer loop
      vertex -6.59999 6.5 4.2
      vertex -6.98197 5.67557 4.2
      vertex -6.81799 5.40797 4.2
    endloop
  endfacet
  facet normal 0 0 1
    outer loop
      vertex -6.59999 6.5 4.2
      vertex -7.18578 5.91422 4.2
      vertex -6.98197 5.67557 4.2
    endloop
  endfacet
  facet normal 0 0 1
    outer loop
      vertex -6.59999 6.5 4.2
      vertex -7.42443 6.11803 4.2
      vertex -7.18578 5.91422 4.2
    endloop
  endfacet
  facet normal -0 0 1
    outer loop
      vertex -7.59999 6.5 4.2
      vertex -7.42443 6.11803 4.2
      vertex -6.59999 6.5 4.2
    endloop
  endfacet
  facet normal 0 0 1
    outer loop
      vertex -7.42443 6.11803 4.2
      vertex -7.59999 6.5 4.2
      vertex -7.59999 6.22561 4.2
    endloop
  endfacet
  facet normal 0 0 1
    outer loop
      vertex 11.2677 9.34792 4.2
      vertex 9.24292 9.02723 4.2
      vertex 9.25708 8.84733 4.2
    endloop
  endfacet
  facet normal 0 0 1
    outer loop
      vertex 9.98799 11.4362 4.2
      vertex 9.2008 9.2027 4.2
      vertex 9.24292 9.02723 4.2
    endloop
  endfacet
  facet normal 0 0 1
    outer loop
      vertex 9.98799 11.4362 4.2
      vertex 9.13174 9.36942 4.2
      vertex 9.2008 9.2027 4.2
    endloop
  endfacet
  facet normal 0 0 1
    outer loop
      vertex 8.62917 9.87199 4.2
      vertex 9.55984 11.6985 4.2
      vertex 9.09593 11.8907 4.2
    endloop
  endfacet
  facet normal 0 0 1
    outer loop
      vertex 9.98799 11.4362 4.2
      vertex 9.03745 9.52328 4.2
      vertex 9.13174 9.36942 4.2
    endloop
  endfacet
  facet normal 0 0 1
    outer loop
      vertex 9.98799 11.4362 4.2
      vertex 8.92025 9.6605 4.2
      vertex 9.03745 9.52328 4.2
    endloop
  endfacet
  facet normal 0 0 1
    outer loop
      vertex 9.98799 11.4362 4.2
      vertex 8.78304 9.7777 4.2
      vertex 8.92025 9.6605 4.2
    endloop
  endfacet
  facet normal 0 0 1
    outer loop
      vertex 9.55984 11.6985 4.2
      vertex 8.62917 9.87199 4.2
      vertex 8.78304 9.7777 4.2
    endloop
  endfacet
  facet normal 0 0 1
    outer loop
      vertex 8.46245 9.94104 4.2
      vertex 9.09593 11.8907 4.2
      vertex 8.60767 12.0079 4.2
    endloop
  endfacet
  facet normal 0 0 1
    outer loop
      vertex 9.09593 11.8907 4.2
      vertex 8.46245 9.94104 4.2
      vertex 8.62917 9.87199 4.2
    endloop
  endfacet
  facet normal 0 0 1
    outer loop
      vertex 8.60767 12.0079 4.2
      vertex 8.28698 9.98317 4.2
      vertex 8.46245 9.94104 4.2
    endloop
  endfacet
  facet normal 0 0 1
    outer loop
      vertex 8.60767 12.0079 4.2
      vertex 8.10708 9.99733 4.2
      vertex 8.28698 9.98317 4.2
    endloop
  endfacet
  facet normal 0 0 1
    outer loop
      vertex 8.10707 12.0473 4.2
      vertex 8.10708 9.99733 4.2
      vertex 8.60767 12.0079 4.2
    endloop
  endfacet
  facet normal 0 0 1
    outer loop
      vertex 8.10707 12.0473 4.2
      vertex 7.92718 9.98317 4.2
      vertex 8.10708 9.99733 4.2
    endloop
  endfacet
  facet normal -0 0 1
    outer loop
      vertex 7.60649 12.0079 4.2
      vertex 7.92718 9.98317 4.2
      vertex 8.10707 12.0473 4.2
    endloop
  endfacet
  facet normal 0 0 1
    outer loop
      vertex 7.92718 9.98317 4.2
      vertex 7.60649 12.0079 4.2
      vertex 7.75171 9.94104 4.2
    endloop
  endfacet
  facet normal -0 0 1
    outer loop
      vertex 7.11823 11.8907 4.2
      vertex 7.75171 9.94104 4.2
      vertex 7.60649 12.0079 4.2
    endloop
  endfacet
  facet normal 0 0 1
    outer loop
      vertex 7.75171 9.94104 4.2
      vertex 7.11823 11.8907 4.2
      vertex 7.58499 9.87199 4.2
    endloop
  endfacet
  facet normal -0 0 1
    outer loop
      vertex 6.65431 11.6985 4.2
      vertex 7.58499 9.87199 4.2
      vertex 7.11823 11.8907 4.2
    endloop
  endfacet
  facet normal 0 0 1
    outer loop
      vertex 7.58499 9.87199 4.2
      vertex 6.65431 11.6985 4.2
      vertex 7.43113 9.7777 4.2
    endloop
  endfacet
  facet normal -0 0 1
    outer loop
      vertex 6.22617 11.4362 4.2
      vertex 7.43113 9.7777 4.2
      vertex 6.65431 11.6985 4.2
    endloop
  endfacet
  facet normal 0 0 1
    outer loop
      vertex 7.43113 9.7777 4.2
      vertex 6.22617 11.4362 4.2
      vertex 7.29391 9.6605 4.2
    endloop
  endfacet
  facet normal 0 0 1
    outer loop
      vertex 7.29391 9.6605 4.2
      vertex 6.22617 11.4362 4.2
      vertex 7.17671 9.52328 4.2
    endloop
  endfacet
  facet normal 0 0 1
    outer loop
      vertex 7.17671 9.52328 4.2
      vertex 6.22617 11.4362 4.2
      vertex 7.08242 9.36942 4.2
    endloop
  endfacet
  facet normal 0 0 1
    outer loop
      vertex 7.08242 9.36942 4.2
      vertex 6.22617 11.4362 4.2
      vertex 7.01337 9.2027 4.2
    endloop
  endfacet
  facet normal 0 0 1
    outer loop
      vertex 7.01337 9.2027 4.2
      vertex 6.22617 11.4362 4.2
      vertex 6.97124 9.02723 4.2
    endloop
  endfacet
  facet normal -0 0 1
    outer loop
      vertex 9.25708 8.84733 4.2
      vertex 11.3071 8.84732 4.2
      vertex 11.2677 9.34792 4.2
    endloop
  endfacet
  facet normal 0 0 1
    outer loop
      vertex 9.24292 9.02723 4.2
      vertex 11.2677 9.34792 4.2
      vertex 11.1505 9.83618 4.2
    endloop
  endfacet
  facet normal 0 0 1
    outer loop
      vertex 11.3071 8.84732 4.2
      vertex 9.25708 8.84733 4.2
      vertex 11.2677 8.34673 4.2
    endloop
  endfacet
  facet normal 0 0 1
    outer loop
      vertex 9.24292 9.02723 4.2
      vertex 11.1505 9.83618 4.2
      vertex 10.9583 10.3001 4.2
    endloop
  endfacet
  facet normal -0 0 1
    outer loop
      vertex 9.24292 8.66743 4.2
      vertex 11.2677 8.34673 4.2
      vertex 9.25708 8.84733 4.2
    endloop
  endfacet
  facet normal 0 0 1
    outer loop
      vertex 9.24292 9.02723 4.2
      vertex 10.9583 10.3001 4.2
      vertex 10.6959 10.7282 4.2
    endloop
  endfacet
  facet normal 0 0 1
    outer loop
      vertex 9.24292 9.02723 4.2
      vertex 10.6959 10.7282 4.2
      vertex 10.3698 11.1101 4.2
    endloop
  endfacet
  facet normal 0 0 1
    outer loop
      vertex 9.24292 9.02723 4.2
      vertex 10.3698 11.1101 4.2
      vertex 9.98799 11.4362 4.2
    endloop
  endfacet
  facet normal 0 0 1
    outer loop
      vertex 8.78304 9.7777 4.2
      vertex 9.98799 11.4362 4.2
      vertex 9.55984 11.6985 4.2
    endloop
  endfacet
  facet normal 0 0 1
    outer loop
      vertex 11.2677 8.34673 4.2
      vertex 9.24292 8.66743 4.2
      vertex 11.1505 7.85846 4.2
    endloop
  endfacet
  facet normal -0 0 1
    outer loop
      vertex 9.2008 8.49196 4.2
      vertex 11.1505 7.85846 4.2
      vertex 9.24292 8.66743 4.2
    endloop
  endfacet
  facet normal 0 0 1
    outer loop
      vertex 11.1505 7.85846 4.2
      vertex 9.2008 8.49196 4.2
      vertex 10.9583 7.39455 4.2
    endloop
  endfacet
  facet normal -0 0 1
    outer loop
      vertex 9.13174 8.32524 4.2
      vertex 10.9583 7.39455 4.2
      vertex 9.2008 8.49196 4.2
    endloop
  endfacet
  facet normal -0 0 1
    outer loop
      vertex 9.03745 8.17137 4.2
      vertex 10.9583 7.39455 4.2
      vertex 9.13174 8.32524 4.2
    endloop
  endfacet
  facet normal -0 0 1
    outer loop
      vertex 8.92025 8.03415 4.2
      vertex 10.9583 7.39455 4.2
      vertex 9.03745 8.17137 4.2
    endloop
  endfacet
  facet normal -0 0 1
    outer loop
      vertex 8.78304 7.91696 4.2
      vertex 10.9583 7.39455 4.2
      vertex 8.92025 8.03415 4.2
    endloop
  endfacet
  facet normal -0 0 1
    outer loop
      vertex 8.62917 7.82267 4.2
      vertex 10.9583 7.39455 4.2
      vertex 8.78304 7.91696 4.2
    endloop
  endfacet
  facet normal -0 0 1
    outer loop
      vertex 8.46245 7.75361 4.2
      vertex 10.9583 7.39455 4.2
      vertex 8.62917 7.82267 4.2
    endloop
  endfacet
  facet normal -0 0 1
    outer loop
      vertex 8.28698 7.71149 4.2
      vertex 10.9583 7.39455 4.2
      vertex 8.46245 7.75361 4.2
    endloop
  endfacet
  facet normal 0 0 1
    outer loop
      vertex 4.90053 -2.49693 4.2
      vertex 8.28698 7.71149 4.2
      vertex 8.10708 7.69733 4.2
    endloop
  endfacet
  facet normal 0 0 1
    outer loop
      vertex 4.90053 -2.49693 4.2
      vertex 8.10708 7.69733 4.2
      vertex 7.92718 7.71149 4.2
    endloop
  endfacet
  facet normal 0 0 1
    outer loop
      vertex 6.97124 9.02723 4.2
      vertex 6.22617 11.4362 4.2
      vertex 6.95708 8.84733 4.2
    endloop
  endfacet
  facet normal 0 0 1
    outer loop
      vertex -1.45393 5.7635 4.2
      vertex 6.95708 8.84733 4.2
      vertex 6.22617 11.4362 4.2
    endloop
  endfacet
  facet normal 0 0 1
    outer loop
      vertex 6.95708 8.84733 4.2
      vertex -1.45393 5.7635 4.2
      vertex 6.97124 8.66743 4.2
    endloop
  endfacet
  facet normal 0 0 1
    outer loop
      vertex 8.28698 7.71149 4.2
      vertex 4.90053 -2.49693 4.2
      vertex 10.9583 7.39455 4.2
    endloop
  endfacet
  facet normal 0 0 1
    outer loop
      vertex 7.75171 7.75361 4.2
      vertex 4.90053 -2.49693 4.2
      vertex 7.92718 7.71149 4.2
    endloop
  endfacet
  facet normal 0 0 1
    outer loop
      vertex 1.02466 0.522089 4.2
      vertex 7.75171 7.75361 4.2
      vertex 7.58499 7.82267 4.2
    endloop
  endfacet
  facet normal 0 0 1
    outer loop
      vertex 0.930369 0.675953 4.2
      vertex 7.58499 7.82267 4.2
      vertex 7.43113 7.91696 4.2
    endloop
  endfacet
  facet normal 0 0 1
    outer loop
      vertex 0.813172 0.813172 4.2
      vertex 7.43113 7.91696 4.2
      vertex 7.29391 8.03415 4.2
    endloop
  endfacet
  facet normal 0 0 1
    outer loop
      vertex 0.675953 0.930369 4.2
      vertex 7.29391 8.03415 4.2
      vertex 7.17671 8.17137 4.2
    endloop
  endfacet
  facet normal 0 0 1
    outer loop
      vertex -1.45393 5.7635 4.2
      vertex 7.17671 8.17137 4.2
      vertex 7.08242 8.32524 4.2
    endloop
  endfacet
  facet normal 0 0 1
    outer loop
      vertex -1.45393 5.7635 4.2
      vertex 7.08242 8.32524 4.2
      vertex 7.01337 8.49196 4.2
    endloop
  endfacet
  facet normal 0 0 1
    outer loop
      vertex 6.97124 8.66743 4.2
      vertex -1.45393 5.7635 4.2
      vertex 7.01337 8.49196 4.2
    endloop
  endfacet
  facet normal 0 0 1
    outer loop
      vertex 7.75171 7.75361 4.2
      vertex 1.02466 0.522089 4.2
      vertex 4.90053 -2.49693 4.2
    endloop
  endfacet
  facet normal -0 -0 1
    outer loop
      vertex 1.09371 0.355369 4.2
      vertex 4.90053 -2.49693 4.2
      vertex 1.02466 0.522089 4.2
    endloop
  endfacet
  facet normal -0 -0 1
    outer loop
      vertex 1.15 0 4.2
      vertex 4.90053 -2.49693 4.2
      vertex 1.13584 0.179899 4.2
    endloop
  endfacet
  facet normal -0 0 1
    outer loop
      vertex 1.09371 -0.355369 4.2
      vertex 4.90053 -2.49693 4.2
      vertex 1.13584 -0.179899 4.2
    endloop
  endfacet
  facet normal 0 0 1
    outer loop
      vertex 4.90053 -2.49693 4.2
      vertex 1.02466 -0.522089 4.2
      vertex 4.44958 -3.23282 4.2
    endloop
  endfacet
  facet normal -0 0 1
    outer loop
      vertex 0.930369 -0.675953 4.2
      vertex 4.44958 -3.23282 4.2
      vertex 1.02466 -0.522089 4.2
    endloop
  endfacet
  facet normal -0 0 1
    outer loop
      vertex 1.02466 -0.522089 4.2
      vertex 4.90053 -2.49693 4.2
      vertex 1.09371 -0.355369 4.2
    endloop
  endfacet
  facet normal -0 0 1
    outer loop
      vertex 1.13584 -0.179899 4.2
      vertex 4.90053 -2.49693 4.2
      vertex 1.15 0 4.2
    endloop
  endfacet
  facet normal -0 -0 1
    outer loop
      vertex 1.13584 0.179899 4.2
      vertex 4.90053 -2.49693 4.2
      vertex 1.09371 0.355369 4.2
    endloop
  endfacet
  facet normal 0 0 1
    outer loop
      vertex 7.58499 7.82267 4.2
      vertex 0.930369 0.675953 4.2
      vertex 1.02466 0.522089 4.2
    endloop
  endfacet
  facet normal 0 0 1
    outer loop
      vertex 7.43113 7.91696 4.2
      vertex 0.813172 0.813172 4.2
      vertex 0.930369 0.675953 4.2
    endloop
  endfacet
  facet normal 0 0 1
    outer loop
      vertex 7.29391 8.03415 4.2
      vertex 0.675953 0.930369 4.2
      vertex 0.813172 0.813172 4.2
    endloop
  endfacet
  facet normal 0 0 1
    outer loop
      vertex 7.17671 8.17137 4.2
      vertex -1.45393 5.7635 4.2
      vertex 0.675953 0.930369 4.2
    endloop
  endfacet
  facet normal 0 0 1
    outer loop
      vertex 0.675953 0.930369 4.2
      vertex -1.45393 5.7635 4.2
      vertex 0.522089 1.02466 4.2
    endloop
  endfacet
  facet normal 0 0 1
    outer loop
      vertex 0.522089 1.02466 4.2
      vertex -1.45393 5.7635 4.2
      vertex 0.355369 1.09371 4.2
    endloop
  endfacet
  facet normal 0 0 1
    outer loop
      vertex 0.355369 1.09371 4.2
      vertex -1.45393 5.7635 4.2
      vertex 0.179899 1.13584 4.2
    endloop
  endfacet
  facet normal 0 0 1
    outer loop
      vertex 0.179899 1.13584 4.2
      vertex -1.45393 5.7635 4.2
      vertex 0 1.15 4.2
    endloop
  endfacet
  facet normal 0 0 1
    outer loop
      vertex 0 1.15 4.2
      vertex -1.45393 5.7635 4.2
      vertex -0.179899 1.13584 4.2
    endloop
  endfacet
  facet normal 0 0 1
    outer loop
      vertex -0.179899 1.13584 4.2
      vertex -1.45393 5.7635 4.2
      vertex -0.355369 1.09371 4.2
    endloop
  endfacet
  facet normal 0 0 1
    outer loop
      vertex -0.355369 1.09371 4.2
      vertex -1.45393 5.7635 4.2
      vertex -0.522089 1.02466 4.2
    endloop
  endfacet
  facet normal 0 0 1
    outer loop
      vertex -0.522089 1.02466 4.2
      vertex -1.45393 5.7635 4.2
      vertex -0.675953 0.930369 4.2
    endloop
  endfacet
  facet normal 0 0 1
    outer loop
      vertex -0.675953 0.930369 4.2
      vertex -1.45393 5.7635 4.2
      vertex -0.813172 0.813172 4.2
    endloop
  endfacet
  facet normal 0 0 1
    outer loop
      vertex -0.930369 0.675953 4.2
      vertex -6.6 4.5 4.2
      vertex -1.02466 0.522089 4.2
    endloop
  endfacet
  facet normal 0 0 1
    outer loop
      vertex -1.45393 5.7635 4.2
      vertex -6.6 4.5 4.2
      vertex -0.930369 0.675953 4.2
    endloop
  endfacet
  facet normal 0 -0 1
    outer loop
      vertex -6.6 4.5 4.2
      vertex -1.45393 5.7635 4.2
      vertex -6.62463 4.81287 4.2
    endloop
  endfacet
  facet normal 0 0 1
    outer loop
      vertex -6.62463 4.81287 4.2
      vertex -1.45393 5.7635 4.2
      vertex -6.59999 6.5 4.2
    endloop
  endfacet
  facet normal 0 0 1
    outer loop
      vertex -0.813172 0.813172 4.2
      vertex -1.45393 5.7635 4.2
      vertex -0.930369 0.675953 4.2
    endloop
  endfacet
  facet normal 0 0 -1
    outer loop
      vertex -7.98197 -6.40211 0
      vertex -7.59999 -6.22561 0
      vertex -7.69203 -6.28201 0
    endloop
  endfacet
  facet normal -0 0 -1
    outer loop
      vertex -7.59999 -6.22561 0
      vertex -8.6 -6.5 0
      vertex -7.59999 6.22561 0
    endloop
  endfacet
  facet normal 0 0 -1
    outer loop
      vertex -7.59999 -6.22561 0
      vertex -7.98197 -6.40211 0
      vertex -8.6 -6.5 0
    endloop
  endfacet
  facet normal 0 0 -1
    outer loop
      vertex -8.6 6.5 0
      vertex -7.59999 6.22561 0
      vertex -8.6 -6.5 0
    endloop
  endfacet
  facet normal 0 0 -1
    outer loop
      vertex -8.6 -6.5 0
      vertex -7.98197 -6.40211 0
      vertex -8.28713 -6.47537 0
    endloop
  endfacet
  facet normal -0 -0 -1
    outer loop
      vertex -7.98197 6.40211 0
      vertex -7.59999 6.22561 0
      vertex -8.6 6.5 0
    endloop
  endfacet
  facet normal 0 0 -1
    outer loop
      vertex -7.59999 6.22561 0
      vertex -7.98197 6.40211 0
      vertex -7.69203 6.28201 0
    endloop
  endfacet
  facet normal 0 0 -1
    outer loop
      vertex -7.98197 6.40211 0
      vertex -8.6 6.5 0
      vertex -8.28713 6.47537 0
    endloop
  endfacet
  facet normal 0 0 -1
    outer loop
      vertex -26.7804 -6.5 0
      vertex -8.6 6.5 0
      vertex -8.6 -6.5 0
    endloop
  endfacet
  facet normal 0 0 -1
    outer loop
      vertex -26.7804 -6.5 0
      vertex -26.7804 6.5 0
      vertex -8.6 6.5 0
    endloop
  endfacet
  facet normal 0 0 -1
    outer loop
      vertex -28.7804 -4.5 0
      vertex -26.7804 -6.5 0
      vertex -27.0933 -6.47537 0
    endloop
  endfacet
  facet normal 0 0 -1
    outer loop
      vertex -26.7804 -6.5 0
      vertex -28.7804 -4.5 0
      vertex -26.7804 6.5 0
    endloop
  endfacet
  facet normal 0 0 -1
    outer loop
      vertex -28.7804 -4.5 0
      vertex -27.0933 -6.47537 0
      vertex -27.3985 -6.40211 0
    endloop
  endfacet
  facet normal 0 0 -1
    outer loop
      vertex -28.7804 4.5 0
      vertex -26.7804 6.5 0
      vertex -28.7804 -4.5 0
    endloop
  endfacet
  facet normal 0 0 -1
    outer loop
      vertex -28.7804 -4.5 0
      vertex -27.3985 -6.40211 0
      vertex -27.6884 -6.28201 0
    endloop
  endfacet
  facet normal 0 0 -1
    outer loop
      vertex -26.7804 6.5 0
      vertex -28.7804 4.5 0
      vertex -27.0933 6.47537 0
    endloop
  endfacet
  facet normal 0 0 -1
    outer loop
      vertex -28.7804 -4.5 0
      vertex -27.6884 -6.28201 0
      vertex -27.956 -6.11803 0
    endloop
  endfacet
  facet normal 0 0 -1
    outer loop
      vertex -27.0933 6.47537 0
      vertex -28.7804 4.5 0
      vertex -27.3985 6.40211 0
    endloop
  endfacet
  facet normal 0 0 -1
    outer loop
      vertex -28.7804 -4.5 0
      vertex -27.956 -6.11803 0
      vertex -28.1947 -5.91422 0
    endloop
  endfacet
  facet normal 0 0 -1
    outer loop
      vertex -27.3985 6.40211 0
      vertex -28.7804 4.5 0
      vertex -27.6884 6.28201 0
    endloop
  endfacet
  facet normal 0 0 -1
    outer loop
      vertex -28.7804 -4.5 0
      vertex -28.1947 -5.91422 0
      vertex -28.3985 -5.67557 0
    endloop
  endfacet
  facet normal 0 0 -1
    outer loop
      vertex -27.6884 6.28201 0
      vertex -28.7804 4.5 0
      vertex -27.956 6.11803 0
    endloop
  endfacet
  facet normal 0 0 -1
    outer loop
      vertex -28.7804 -4.5 0
      vertex -28.3985 -5.67557 0
      vertex -28.5625 -5.40797 0
    endloop
  endfacet
  facet normal 0 0 -1
    outer loop
      vertex -27.956 6.11803 0
      vertex -28.7804 4.5 0
      vertex -28.1947 5.91422 0
    endloop
  endfacet
  facet normal 0 0 -1
    outer loop
      vertex -28.7804 -4.5 0
      vertex -28.5625 -5.40797 0
      vertex -28.6826 -5.11803 0
    endloop
  endfacet
  facet normal 0 0 -1
    outer loop
      vertex -28.1947 5.91422 0
      vertex -28.7804 4.5 0
      vertex -28.3985 5.67557 0
    endloop
  endfacet
  facet normal 0 0 -1
    outer loop
      vertex -28.7804 -4.5 0
      vertex -28.6826 -5.11803 0
      vertex -28.7558 -4.81287 0
    endloop
  endfacet
  facet normal 0 0 -1
    outer loop
      vertex -28.3985 5.67557 0
      vertex -28.7804 4.5 0
      vertex -28.5625 5.40797 0
    endloop
  endfacet
  facet normal 0 0 -1
    outer loop
      vertex -28.5625 5.40797 0
      vertex -28.7804 4.5 0
      vertex -28.6826 5.11803 0
    endloop
  endfacet
  facet normal 0 0 -1
    outer loop
      vertex -28.6826 5.11803 0
      vertex -28.7804 4.5 0
      vertex -28.7558 4.81287 0
    endloop
  endfacet
  facet normal 0 0 -1
    outer loop
      vertex 4.90053 -2.49693 0
      vertex 1.13584 -0.179899 0
      vertex 1.15 0 0
    endloop
  endfacet
  facet normal 0 0 -1
    outer loop
      vertex 2.49693 -4.90053 0
      vertex 1.09371 -0.355369 0
      vertex 1.13584 -0.179899 0
    endloop
  endfacet
  facet normal 0 0 -1
    outer loop
      vertex 2.49693 -4.90053 0
      vertex 1.02466 -0.522089 0
      vertex 1.09371 -0.355369 0
    endloop
  endfacet
  facet normal 0 0 -1
    outer loop
      vertex 2.49693 -4.90053 0
      vertex 0.930369 -0.675953 0
      vertex 1.02466 -0.522089 0
    endloop
  endfacet
  facet normal 0 0 -1
    outer loop
      vertex 0.355369 -1.09371 0
      vertex 1.69958 -5.2308 0
      vertex 0.860382 -5.43228 0
    endloop
  endfacet
  facet normal 0 0 -1
    outer loop
      vertex 2.49693 -4.90053 0
      vertex 0.813172 -0.813172 0
      vertex 0.930369 -0.675953 0
    endloop
  endfacet
  facet normal 0 0 -1
    outer loop
      vertex 2.49693 -4.90053 0
      vertex 0.675953 -0.930369 0
      vertex 0.813172 -0.813172 0
    endloop
  endfacet
  facet normal 0 0 -1
    outer loop
      vertex 2.49693 -4.90053 0
      vertex 0.522089 -1.02466 0
      vertex 0.675953 -0.930369 0
    endloop
  endfacet
  facet normal 0 0 -1
    outer loop
      vertex 1.69958 -5.2308 0
      vertex 0.355369 -1.09371 0
      vertex 0.522089 -1.02466 0
    endloop
  endfacet
  facet normal 0 0 -1
    outer loop
      vertex 0.860382 -5.43228 0
      vertex 0.179899 -1.13584 0
      vertex 0.355369 -1.09371 0
    endloop
  endfacet
  facet normal 0 0 -1
    outer loop
      vertex 0.860382 -5.43228 0
      vertex 0 -1.15 0
      vertex 0.179899 -1.13584 0
    endloop
  endfacet
  facet normal 0 0 -1
    outer loop
      vertex 0.860382 -5.43228 0
      vertex -0.179899 -1.13584 0
      vertex 0 -1.15 0
    endloop
  endfacet
  facet normal 0 0 -1
    outer loop
      vertex 0.860382 -5.43228 0
      vertex -0.355369 -1.09371 0
      vertex -0.179899 -1.13584 0
    endloop
  endfacet
  facet normal 0 0 -1
    outer loop
      vertex 0.860382 -5.43228 0
      vertex -0.522089 -1.02466 0
      vertex -0.355369 -1.09371 0
    endloop
  endfacet
  facet normal 0 0 -1
    outer loop
      vertex 0.860382 -5.43228 0
      vertex -0.675953 -0.930369 0
      vertex -0.522089 -1.02466 0
    endloop
  endfacet
  facet normal 0 0 -1
    outer loop
      vertex -6.59999 -6.5 0
      vertex -0.675953 -0.930369 0
      vertex 0.860382 -5.43228 0
    endloop
  endfacet
  facet normal -0 0 -1
    outer loop
      vertex -0.675953 -0.930369 0
      vertex -6.59999 -6.5 0
      vertex -0.813172 -0.813172 0
    endloop
  endfacet
  facet normal -0 0 -1
    outer loop
      vertex -0.813172 -0.813172 0
      vertex -6.59999 -6.5 0
      vertex -0.930369 -0.675953 0
    endloop
  endfacet
  facet normal -0 0 -1
    outer loop
      vertex -0.930369 -0.675953 0
      vertex -6.59999 -6.5 0
      vertex -1.02466 -0.522089 0
    endloop
  endfacet
  facet normal -0 0 -1
    outer loop
      vertex -1.02466 -0.522089 0
      vertex -6.59999 -6.5 0
      vertex -1.09371 -0.355369 0
    endloop
  endfacet
  facet normal 0 0 -1
    outer loop
      vertex -7.59999 -6.22561 0
      vertex -1.09371 -0.355369 0
      vertex -6.59999 -6.5 0
    endloop
  endfacet
  facet normal -0 0 -1
    outer loop
      vertex -1.09371 -0.355369 0
      vertex -7.59999 -6.22561 0
      vertex -1.13584 -0.179899 0
    endloop
  endfacet
  facet normal 0 0 -1
    outer loop
      vertex -7.59999 6.22561 0
      vertex -1.15 0 0
      vertex -7.59999 -6.22561 0
    endloop
  endfacet
  facet normal 0 0 -1
    outer loop
      vertex -1.13584 0.179899 0
      vertex -6.59999 6.5 0
      vertex -1.45393 5.7635 0
    endloop
  endfacet
  facet normal 0 0 -1
    outer loop
      vertex -7.59999 -6.22561 0
      vertex -6.59999 -6.5 0
      vertex -7.59999 -6.5 0
    endloop
  endfacet
  facet normal 0 0 -1
    outer loop
      vertex -1.15 0 0
      vertex -7.59999 6.22561 0
      vertex -1.13584 0.179899 0
    endloop
  endfacet
  facet normal 0 0 -1
    outer loop
      vertex -1.13584 0.179899 0
      vertex -7.59999 6.22561 0
      vertex -6.59999 6.5 0
    endloop
  endfacet
  facet normal -0 0 -1
    outer loop
      vertex -6.59999 6.5 0
      vertex -7.59999 6.22561 0
      vertex -7.59999 6.5 0
    endloop
  endfacet
  facet normal 0 0 -1
    outer loop
      vertex 9.25708 8.84733 0
      vertex 11.3071 8.84732 0
      vertex 11.2677 8.34673 0
    endloop
  endfacet
  facet normal 0 0 -1
    outer loop
      vertex 9.24292 8.66743 0
      vertex 11.2677 8.34673 0
      vertex 11.1505 7.85846 0
    endloop
  endfacet
  facet normal 0 0 -1
    outer loop
      vertex 11.3071 8.84732 0
      vertex 9.25708 8.84733 0
      vertex 11.2677 9.34792 0
    endloop
  endfacet
  facet normal 0 0 -1
    outer loop
      vertex 9.2008 8.49196 0
      vertex 11.1505 7.85846 0
      vertex 10.9583 7.39455 0
    endloop
  endfacet
  facet normal 0 0 -1
    outer loop
      vertex 9.24292 9.02723 0
      vertex 11.2677 9.34792 0
      vertex 9.25708 8.84733 0
    endloop
  endfacet
  facet normal -0 0 -1
    outer loop
      vertex 11.2677 9.34792 0
      vertex 9.24292 9.02723 0
      vertex 11.1505 9.83618 0
    endloop
  endfacet
  facet normal -0 0 -1
    outer loop
      vertex 11.1505 9.83618 0
      vertex 9.2008 9.2027 0
      vertex 10.9583 10.3001 0
    endloop
  endfacet
  facet normal 0 0 -1
    outer loop
      vertex 9.13174 9.36942 0
      vertex 10.9583 10.3001 0
      vertex 9.2008 9.2027 0
    endloop
  endfacet
  facet normal 0 0 -1
    outer loop
      vertex 9.03745 9.52328 0
      vertex 10.6959 10.7282 0
      vertex 9.13174 9.36942 0
    endloop
  endfacet
  facet normal 0 0 -1
    outer loop
      vertex 9.2008 9.2027 0
      vertex 11.1505 9.83618 0
      vertex 9.24292 9.02723 0
    endloop
  endfacet
  facet normal 0 0 -1
    outer loop
      vertex 11.2677 8.34673 0
      vertex 9.24292 8.66743 0
      vertex 9.25708 8.84733 0
    endloop
  endfacet
  facet normal 0 0 -1
    outer loop
      vertex 11.1505 7.85846 0
      vertex 9.2008 8.49196 0
      vertex 9.24292 8.66743 0
    endloop
  endfacet
  facet normal 0 0 -1
    outer loop
      vertex 10.9583 7.39455 0
      vertex 9.13174 8.32524 0
      vertex 9.2008 8.49196 0
    endloop
  endfacet
  facet normal 0 0 -1
    outer loop
      vertex 10.9583 7.39455 0
      vertex 9.03745 8.17137 0
      vertex 9.13174 8.32524 0
    endloop
  endfacet
  facet normal 0 0 -1
    outer loop
      vertex 10.9583 7.39455 0
      vertex 8.92025 8.03415 0
      vertex 9.03745 8.17137 0
    endloop
  endfacet
  facet normal 0 0 -1
    outer loop
      vertex 10.9583 7.39455 0
      vertex 8.78304 7.91696 0
      vertex 8.92025 8.03415 0
    endloop
  endfacet
  facet normal 0 0 -1
    outer loop
      vertex 10.9583 7.39455 0
      vertex 8.62917 7.82267 0
      vertex 8.78304 7.91696 0
    endloop
  endfacet
  facet normal 0 0 -1
    outer loop
      vertex 10.9583 7.39455 0
      vertex 8.46245 7.75361 0
      vertex 8.62917 7.82267 0
    endloop
  endfacet
  facet normal 0 0 -1
    outer loop
      vertex 10.9583 7.39455 0
      vertex 8.28698 7.71149 0
      vertex 8.46245 7.75361 0
    endloop
  endfacet
  facet normal 0 0 -1
    outer loop
      vertex 4.90053 -2.49693 0
      vertex 8.28698 7.71149 0
      vertex 10.9583 7.39455 0
    endloop
  endfacet
  facet normal 0 0 -1
    outer loop
      vertex 8.28698 7.71149 0
      vertex 4.90053 -2.49693 0
      vertex 8.10708 7.69733 0
    endloop
  endfacet
  facet normal 0 0 -1
    outer loop
      vertex -1.45393 5.7635 0
      vertex 6.95708 8.84733 0
      vertex 6.97124 8.66743 0
    endloop
  endfacet
  facet normal 0 0 -1
    outer loop
      vertex 6.95708 8.84733 0
      vertex 6.22617 11.4362 0
      vertex 6.65431 11.6985 0
    endloop
  endfacet
  facet normal 0 0 -1
    outer loop
      vertex -1.45393 5.7635 0
      vertex 6.97124 8.66743 0
      vertex 7.01337 8.49196 0
    endloop
  endfacet
  facet normal -0 0 -1
    outer loop
      vertex 8.10708 7.69733 0
      vertex 4.90053 -2.49693 0
      vertex 7.92718 7.71149 0
    endloop
  endfacet
  facet normal 0 0 -1
    outer loop
      vertex 4.90053 -2.49693 0
      vertex 7.75171 7.75361 0
      vertex 7.92718 7.71149 0
    endloop
  endfacet
  facet normal 0 0 -1
    outer loop
      vertex 1.02466 0.522089 0
      vertex 7.75171 7.75361 0
      vertex 4.90053 -2.49693 0
    endloop
  endfacet
  facet normal -0 0 -1
    outer loop
      vertex 7.75171 7.75361 0
      vertex 1.02466 0.522089 0
      vertex 7.58499 7.82267 0
    endloop
  endfacet
  facet normal 0 0 -1
    outer loop
      vertex 0.930369 0.675953 0
      vertex 7.58499 7.82267 0
      vertex 1.02466 0.522089 0
    endloop
  endfacet
  facet normal -0 0 -1
    outer loop
      vertex 7.58499 7.82267 0
      vertex 0.930369 0.675953 0
      vertex 7.43113 7.91696 0
    endloop
  endfacet
  facet normal 0 0 -1
    outer loop
      vertex 0.813172 0.813172 0
      vertex 7.43113 7.91696 0
      vertex 0.930369 0.675953 0
    endloop
  endfacet
  facet normal -0 0 -1
    outer loop
      vertex 7.43113 7.91696 0
      vertex 0.813172 0.813172 0
      vertex 7.29391 8.03415 0
    endloop
  endfacet
  facet normal 0 0 -1
    outer loop
      vertex 0.675953 0.930369 0
      vertex 7.29391 8.03415 0
      vertex 0.813172 0.813172 0
    endloop
  endfacet
  facet normal 0 0 -1
    outer loop
      vertex 1.13584 -0.179899 0
      vertex 4.90053 -2.49693 0
      vertex 4.44958 -3.23282 0
    endloop
  endfacet
  facet normal 0 0 -1
    outer loop
      vertex 1.13584 -0.179899 0
      vertex 4.44958 -3.23282 0
      vertex 3.88908 -3.88908 0
    endloop
  endfacet
  facet normal 0 0 -1
    outer loop
      vertex 1.13584 -0.179899 0
      vertex 3.88908 -3.88908 0
      vertex 3.23282 -4.44958 0
    endloop
  endfacet
  facet normal 0 0 -1
    outer loop
      vertex 1.13584 -0.179899 0
      vertex 3.23282 -4.44958 0
      vertex 2.49693 -4.90053 0
    endloop
  endfacet
  facet normal 0 0 -1
    outer loop
      vertex 0.522089 -1.02466 0
      vertex 2.49693 -4.90053 0
      vertex 1.69958 -5.2308 0
    endloop
  endfacet
  facet normal 0 0 -1
    outer loop
      vertex 4.90053 -2.49693 0
      vertex 1.15 0 0
      vertex 1.13584 0.179899 0
    endloop
  endfacet
  facet normal 0 0 -1
    outer loop
      vertex 4.90053 -2.49693 0
      vertex 1.13584 0.179899 0
      vertex 1.09371 0.355369 0
    endloop
  endfacet
  facet normal 0 0 -1
    outer loop
      vertex 4.90053 -2.49693 0
      vertex 1.09371 0.355369 0
      vertex 1.02466 0.522089 0
    endloop
  endfacet
  facet normal -0 0 -1
    outer loop
      vertex 7.29391 8.03415 0
      vertex 0.675953 0.930369 0
      vertex 7.17671 8.17137 0
    endloop
  endfacet
  facet normal 0 0 -1
    outer loop
      vertex -1.45393 5.7635 0
      vertex 7.17671 8.17137 0
      vertex 0.675953 0.930369 0
    endloop
  endfacet
  facet normal -0 0 -1
    outer loop
      vertex 7.17671 8.17137 0
      vertex -1.45393 5.7635 0
      vertex 7.08242 8.32524 0
    endloop
  endfacet
  facet normal -0 0 -1
    outer loop
      vertex 7.08242 8.32524 0
      vertex -1.45393 5.7635 0
      vertex 7.01337 8.49196 0
    endloop
  endfacet
  facet normal 0 0 -1
    outer loop
      vertex -1.45393 5.7635 0
      vertex 0.675953 0.930369 0
      vertex 0.522089 1.02466 0
    endloop
  endfacet
  facet normal 0 0 -1
    outer loop
      vertex -1.45393 5.7635 0
      vertex 0.522089 1.02466 0
      vertex 0.355369 1.09371 0
    endloop
  endfacet
  facet normal 0 0 -1
    outer loop
      vertex -1.45393 5.7635 0
      vertex 0.355369 1.09371 0
      vertex 0.179899 1.13584 0
    endloop
  endfacet
  facet normal 0 0 -1
    outer loop
      vertex -1.45393 5.7635 0
      vertex 0.179899 1.13584 0
      vertex 0 1.15 0
    endloop
  endfacet
  facet normal 0 0 -1
    outer loop
      vertex -1.45393 5.7635 0
      vertex 0 1.15 0
      vertex -0.179899 1.13584 0
    endloop
  endfacet
  facet normal 0 0 -1
    outer loop
      vertex -1.45393 5.7635 0
      vertex -0.179899 1.13584 0
      vertex -0.355369 1.09371 0
    endloop
  endfacet
  facet normal 0 0 -1
    outer loop
      vertex -1.45393 5.7635 0
      vertex -0.355369 1.09371 0
      vertex -0.522089 1.02466 0
    endloop
  endfacet
  facet normal 0 0 -1
    outer loop
      vertex -1.45393 5.7635 0
      vertex -0.522089 1.02466 0
      vertex -0.675953 0.930369 0
    endloop
  endfacet
  facet normal 0 0 -1
    outer loop
      vertex -1.45393 5.7635 0
      vertex -0.675953 0.930369 0
      vertex -0.813172 0.813172 0
    endloop
  endfacet
  facet normal 0 0 -1
    outer loop
      vertex -1.45393 5.7635 0
      vertex -0.813172 0.813172 0
      vertex -0.930369 0.675953 0
    endloop
  endfacet
  facet normal -0 0 -1
    outer loop
      vertex 6.95708 8.84733 0
      vertex -1.45393 5.7635 0
      vertex 6.22617 11.4362 0
    endloop
  endfacet
  facet normal 0 0 -1
    outer loop
      vertex -1.02466 0.522089 0
      vertex -1.45393 5.7635 0
      vertex -0.930369 0.675953 0
    endloop
  endfacet
  facet normal 0 0 -1
    outer loop
      vertex -1.09371 0.355369 0
      vertex -1.45393 5.7635 0
      vertex -1.02466 0.522089 0
    endloop
  endfacet
  facet normal 0 0 -1
    outer loop
      vertex -1.13584 0.179899 0
      vertex -1.45393 5.7635 0
      vertex -1.09371 0.355369 0
    endloop
  endfacet
  facet normal -0 0 -1
    outer loop
      vertex -1.13584 -0.179899 0
      vertex -7.59999 -6.22561 0
      vertex -1.15 0 0
    endloop
  endfacet
  facet normal -0 0 -1
    outer loop
      vertex 10.9583 10.3001 0
      vertex 9.13174 9.36942 0
      vertex 10.6959 10.7282 0
    endloop
  endfacet
  facet normal -0 0 -1
    outer loop
      vertex 10.6959 10.7282 0
      vertex 9.03745 9.52328 0
      vertex 10.3698 11.1101 0
    endloop
  endfacet
  facet normal 0 0 -1
    outer loop
      vertex 8.92025 9.6605 0
      vertex 10.3698 11.1101 0
      vertex 9.03745 9.52328 0
    endloop
  endfacet
  facet normal -0 0 -1
    outer loop
      vertex 10.3698 11.1101 0
      vertex 8.92025 9.6605 0
      vertex 9.98799 11.4362 0
    endloop
  endfacet
  facet normal 0 0 -1
    outer loop
      vertex 8.78304 9.7777 0
      vertex 9.98799 11.4362 0
      vertex 8.92025 9.6605 0
    endloop
  endfacet
  facet normal -0 0 -1
    outer loop
      vertex 9.98799 11.4362 0
      vertex 8.78304 9.7777 0
      vertex 9.55984 11.6985 0
    endloop
  endfacet
  facet normal 0 0 -1
    outer loop
      vertex 8.62917 9.87199 0
      vertex 9.55984 11.6985 0
      vertex 8.78304 9.7777 0
    endloop
  endfacet
  facet normal -0 0 -1
    outer loop
      vertex 9.55984 11.6985 0
      vertex 8.62917 9.87199 0
      vertex 9.09593 11.8907 0
    endloop
  endfacet
  facet normal 0 0 -1
    outer loop
      vertex 8.46245 9.94104 0
      vertex 9.09593 11.8907 0
      vertex 8.62917 9.87199 0
    endloop
  endfacet
  facet normal -0 0 -1
    outer loop
      vertex 9.09593 11.8907 0
      vertex 8.46245 9.94104 0
      vertex 8.60767 12.0079 0
    endloop
  endfacet
  facet normal 0 0 -1
    outer loop
      vertex 8.28698 9.98317 0
      vertex 8.60767 12.0079 0
      vertex 8.46245 9.94104 0
    endloop
  endfacet
  facet normal 0 0 -1
    outer loop
      vertex 8.10708 9.99733 0
      vertex 8.60767 12.0079 0
      vertex 8.28698 9.98317 0
    endloop
  endfacet
  facet normal 0 0 -1
    outer loop
      vertex 8.10708 9.99733 0
      vertex 8.10707 12.0473 0
      vertex 8.60767 12.0079 0
    endloop
  endfacet
  facet normal 0 0 -1
    outer loop
      vertex 7.92718 9.98317 0
      vertex 8.10707 12.0473 0
      vertex 8.10708 9.99733 0
    endloop
  endfacet
  facet normal 0 0 -1
    outer loop
      vertex 7.60649 12.0079 0
      vertex 7.92718 9.98317 0
      vertex 7.75171 9.94104 0
    endloop
  endfacet
  facet normal 0 0 -1
    outer loop
      vertex 7.92718 9.98317 0
      vertex 7.60649 12.0079 0
      vertex 8.10707 12.0473 0
    endloop
  endfacet
  facet normal 0 0 -1
    outer loop
      vertex 7.11823 11.8907 0
      vertex 7.75171 9.94104 0
      vertex 7.58499 9.87199 0
    endloop
  endfacet
  facet normal 0 0 -1
    outer loop
      vertex 6.65431 11.6985 0
      vertex 7.58499 9.87199 0
      vertex 7.43113 9.7777 0
    endloop
  endfacet
  facet normal 0 0 -1
    outer loop
      vertex 6.65431 11.6985 0
      vertex 7.43113 9.7777 0
      vertex 7.29391 9.6605 0
    endloop
  endfacet
  facet normal 0 0 -1
    outer loop
      vertex 6.65431 11.6985 0
      vertex 7.29391 9.6605 0
      vertex 7.17671 9.52328 0
    endloop
  endfacet
  facet normal 0 0 -1
    outer loop
      vertex 7.75171 9.94104 0
      vertex 7.11823 11.8907 0
      vertex 7.60649 12.0079 0
    endloop
  endfacet
  facet normal 0 0 -1
    outer loop
      vertex 6.65431 11.6985 0
      vertex 7.17671 9.52328 0
      vertex 7.08242 9.36942 0
    endloop
  endfacet
  facet normal 0 0 -1
    outer loop
      vertex 6.65431 11.6985 0
      vertex 7.08242 9.36942 0
      vertex 7.01337 9.2027 0
    endloop
  endfacet
  facet normal 0 0 -1
    outer loop
      vertex 6.65431 11.6985 0
      vertex 7.01337 9.2027 0
      vertex 6.97124 9.02723 0
    endloop
  endfacet
  facet normal 0 0 -1
    outer loop
      vertex 6.65431 11.6985 0
      vertex 6.97124 9.02723 0
      vertex 6.95708 8.84733 0
    endloop
  endfacet
  facet normal 0 0 -1
    outer loop
      vertex 7.58499 9.87199 0
      vertex 6.65431 11.6985 0
      vertex 7.11823 11.8907 0
    endloop
  endfacet
  facet normal 0 1 -0
    outer loop
      vertex -6.59999 6.5 0
      vertex -7.59999 6.5 4.2
      vertex -6.59999 6.5 4.2
    endloop
  endfacet
  facet normal 0 1 0
    outer loop
      vertex -7.59999 6.5 4.2
      vertex -6.59999 6.5 0
      vertex -7.59999 6.5 0
    endloop
  endfacet
  facet normal 0.141676 0.989913 -0
    outer loop
      vertex -1.45393 5.7635 0
      vertex -6.59999 6.5 4.2
      vertex -1.45393 5.7635 4.2
    endloop
  endfacet
  facet normal 0.141676 0.989913 0
    outer loop
      vertex -6.59999 6.5 4.2
      vertex -1.45393 5.7635 0
      vertex -6.59999 6.5 0
    endloop
  endfacet
  facet normal -0.594127 0.804371 0
    outer loop
      vertex 6.22617 11.4362 0
      vertex -1.45393 5.7635 4.2
      vertex 6.22617 11.4362 4.2
    endloop
  endfacet
  facet normal -0.594127 0.804371 0
    outer loop
      vertex -1.45393 5.7635 4.2
      vertex 6.22617 11.4362 0
      vertex -1.45393 5.7635 0
    endloop
  endfacet
  facet normal -0.522405 0.852697 0
    outer loop
      vertex 6.65431 11.6985 0
      vertex 6.22617 11.4362 4.2
      vertex 6.65431 11.6985 4.2
    endloop
  endfacet
  facet normal -0.522405 0.852697 0
    outer loop
      vertex 6.22617 11.4362 4.2
      vertex 6.65431 11.6985 0
      vertex 6.22617 11.4362 0
    endloop
  endfacet
  facet normal -0.382748 0.923853 0
    outer loop
      vertex 7.11823 11.8907 0
      vertex 6.65431 11.6985 4.2
      vertex 7.11823 11.8907 4.2
    endloop
  endfacet
  facet normal -0.382748 0.923853 0
    outer loop
      vertex 6.65431 11.6985 4.2
      vertex 7.11823 11.8907 0
      vertex 6.65431 11.6985 0
    endloop
  endfacet
  facet normal -0.233406 0.972379 0
    outer loop
      vertex 7.60649 12.0079 0
      vertex 7.11823 11.8907 4.2
      vertex 7.60649 12.0079 4.2
    endloop
  endfacet
  facet normal -0.233406 0.972379 0
    outer loop
      vertex 7.11823 11.8907 4.2
      vertex 7.60649 12.0079 0
      vertex 7.11823 11.8907 0
    endloop
  endfacet
  facet normal -0.078466 0.996917 0
    outer loop
      vertex 8.10707 12.0473 0
      vertex 7.60649 12.0079 4.2
      vertex 8.10707 12.0473 4.2
    endloop
  endfacet
  facet normal -0.078466 0.996917 0
    outer loop
      vertex 7.60649 12.0079 4.2
      vertex 8.10707 12.0473 0
      vertex 7.60649 12.0079 0
    endloop
  endfacet
  facet normal 0.0784629 0.996917 -0
    outer loop
      vertex 8.60767 12.0079 0
      vertex 8.10707 12.0473 4.2
      vertex 8.60767 12.0079 4.2
    endloop
  endfacet
  facet normal 0.0784629 0.996917 0
    outer loop
      vertex 8.10707 12.0473 4.2
      vertex 8.60767 12.0079 0
      vertex 8.10707 12.0473 0
    endloop
  endfacet
  facet normal 0.233406 0.972379 -0
    outer loop
      vertex 9.09593 11.8907 0
      vertex 8.60767 12.0079 4.2
      vertex 9.09593 11.8907 4.2
    endloop
  endfacet
  facet normal 0.233406 0.972379 0
    outer loop
      vertex 8.60767 12.0079 4.2
      vertex 9.09593 11.8907 0
      vertex 8.60767 12.0079 0
    endloop
  endfacet
  facet normal 0.382755 0.92385 -0
    outer loop
      vertex 9.55984 11.6985 0
      vertex 9.09593 11.8907 4.2
      vertex 9.55984 11.6985 4.2
    endloop
  endfacet
  facet normal 0.382755 0.92385 0
    outer loop
      vertex 9.09593 11.8907 4.2
      vertex 9.55984 11.6985 0
      vertex 9.09593 11.8907 0
    endloop
  endfacet
  facet normal 0.522396 0.852703 -0
    outer loop
      vertex 9.98799 11.4362 0
      vertex 9.55984 11.6985 4.2
      vertex 9.98799 11.4362 4.2
    endloop
  endfacet
  facet normal 0.522396 0.852703 0
    outer loop
      vertex 9.55984 11.6985 4.2
      vertex 9.98799 11.4362 0
      vertex 9.55984 11.6985 0
    endloop
  endfacet
  facet normal 0.649452 0.760403 -0
    outer loop
      vertex 10.3698 11.1101 0
      vertex 9.98799 11.4362 4.2
      vertex 10.3698 11.1101 4.2
    endloop
  endfacet
  facet normal 0.649452 0.760403 0
    outer loop
      vertex 9.98799 11.4362 4.2
      vertex 10.3698 11.1101 0
      vertex 9.98799 11.4362 0
    endloop
  endfacet
  facet normal 0.760478 0.649364 0
    outer loop
      vertex 10.6959 10.7282 4.2
      vertex 10.3698 11.1101 0
      vertex 10.3698 11.1101 4.2
    endloop
  endfacet
  facet normal 0.760478 0.649364 0
    outer loop
      vertex 10.3698 11.1101 0
      vertex 10.6959 10.7282 4.2
      vertex 10.6959 10.7282 0
    endloop
  endfacet
  facet normal 0.852587 0.522585 0
    outer loop
      vertex 10.9583 10.3001 4.2
      vertex 10.6959 10.7282 0
      vertex 10.6959 10.7282 4.2
    endloop
  endfacet
  facet normal 0.852587 0.522585 0
    outer loop
      vertex 10.6959 10.7282 0
      vertex 10.9583 10.3001 4.2
      vertex 10.9583 10.3001 0
    endloop
  endfacet
  facet normal 0.923853 0.382748 0
    outer loop
      vertex 11.1505 9.83618 4.2
      vertex 10.9583 10.3001 0
      vertex 10.9583 10.3001 4.2
    endloop
  endfacet
  facet normal 0.923853 0.382748 0
    outer loop
      vertex 10.9583 10.3001 0
      vertex 11.1505 9.83618 4.2
      vertex 11.1505 9.83618 0
    endloop
  endfacet
  facet normal 0.972379 0.233406 0
    outer loop
      vertex 11.2677 9.34792 4.2
      vertex 11.1505 9.83618 0
      vertex 11.1505 9.83618 4.2
    endloop
  endfacet
  facet normal 0.972379 0.233406 0
    outer loop
      vertex 11.1505 9.83618 0
      vertex 11.2677 9.34792 4.2
      vertex 11.2677 9.34792 0
    endloop
  endfacet
  facet normal 0.996917 0.0784629 0
    outer loop
      vertex 11.3071 8.84732 4.2
      vertex 11.2677 9.34792 0
      vertex 11.2677 9.34792 4.2
    endloop
  endfacet
  facet normal 0.996917 0.0784629 0
    outer loop
      vertex 11.2677 9.34792 0
      vertex 11.3071 8.84732 4.2
      vertex 11.3071 8.84732 0
    endloop
  endfacet
  facet normal 0.996917 -0.0784645 0
    outer loop
      vertex 11.2677 8.34673 4.2
      vertex 11.3071 8.84732 0
      vertex 11.3071 8.84732 4.2
    endloop
  endfacet
  facet normal 0.996917 -0.0784645 0
    outer loop
      vertex 11.3071 8.84732 0
      vertex 11.2677 8.34673 4.2
      vertex 11.2677 8.34673 0
    endloop
  endfacet
  facet normal 0.97238 -0.233402 0
    outer loop
      vertex 11.1505 7.85846 4.2
      vertex 11.2677 8.34673 0
      vertex 11.2677 8.34673 4.2
    endloop
  endfacet
  facet normal 0.97238 -0.233402 0
    outer loop
      vertex 11.2677 8.34673 0
      vertex 11.1505 7.85846 4.2
      vertex 11.1505 7.85846 0
    endloop
  endfacet
  facet normal 0.92385 -0.382755 0
    outer loop
      vertex 10.9583 7.39455 4.2
      vertex 11.1505 7.85846 0
      vertex 11.1505 7.85846 4.2
    endloop
  endfacet
  facet normal 0.92385 -0.382755 0
    outer loop
      vertex 11.1505 7.85846 0
      vertex 10.9583 7.39455 4.2
      vertex 10.9583 7.39455 0
    endloop
  endfacet
  facet normal 0.852784 -0.522264 0
    outer loop
      vertex 4.90053 -2.49693 4.2
      vertex 10.9583 7.39455 0
      vertex 10.9583 7.39455 4.2
    endloop
  endfacet
  facet normal 0.852784 -0.522264 0
    outer loop
      vertex 10.9583 7.39455 0
      vertex 4.90053 -2.49693 4.2
      vertex 4.90053 -2.49693 0
    endloop
  endfacet
  facet normal 0.852642 -0.522495 0
    outer loop
      vertex 4.44958 -3.23282 4.2
      vertex 4.90053 -2.49693 0
      vertex 4.90053 -2.49693 4.2
    endloop
  endfacet
  facet normal 0.852642 -0.522495 0
    outer loop
      vertex 4.90053 -2.49693 0
      vertex 4.44958 -3.23282 4.2
      vertex 4.44958 -3.23282 0
    endloop
  endfacet
  facet normal 0.760405 -0.649449 0
    outer loop
      vertex 3.88908 -3.88908 4.2
      vertex 4.44958 -3.23282 0
      vertex 4.44958 -3.23282 4.2
    endloop
  endfacet
  facet normal 0.760405 -0.649449 0
    outer loop
      vertex 4.44958 -3.23282 0
      vertex 3.88908 -3.88908 4.2
      vertex 3.88908 -3.88908 0
    endloop
  endfacet
  facet normal 0.649449 -0.760405 0
    outer loop
      vertex 3.23282 -4.44958 0
      vertex 3.88908 -3.88908 4.2
      vertex 3.23282 -4.44958 4.2
    endloop
  endfacet
  facet normal 0.649449 -0.760405 0
    outer loop
      vertex 3.88908 -3.88908 4.2
      vertex 3.23282 -4.44958 0
      vertex 3.88908 -3.88908 0
    endloop
  endfacet
  facet normal 0.522495 -0.852642 0
    outer loop
      vertex 2.49693 -4.90053 0
      vertex 3.23282 -4.44958 4.2
      vertex 2.49693 -4.90053 4.2
    endloop
  endfacet
  facet normal 0.522495 -0.852642 0
    outer loop
      vertex 3.23282 -4.44958 4.2
      vertex 2.49693 -4.90053 0
      vertex 3.23282 -4.44958 0
    endloop
  endfacet
  facet normal 0.38268 -0.923881 0
    outer loop
      vertex 1.69958 -5.2308 0
      vertex 2.49693 -4.90053 4.2
      vertex 1.69958 -5.2308 4.2
    endloop
  endfacet
  facet normal 0.38268 -0.923881 0
    outer loop
      vertex 2.49693 -4.90053 4.2
      vertex 1.69958 -5.2308 0
      vertex 2.49693 -4.90053 0
    endloop
  endfacet
  facet normal 0.233452 -0.972368 0
    outer loop
      vertex 0.860382 -5.43228 0
      vertex 1.69958 -5.2308 4.2
      vertex 0.860382 -5.43228 4.2
    endloop
  endfacet
  facet normal 0.233452 -0.972368 0
    outer loop
      vertex 1.69958 -5.2308 4.2
      vertex 0.860382 -5.43228 0
      vertex 1.69958 -5.2308 0
    endloop
  endfacet
  facet normal 0.141675 -0.989913 0
    outer loop
      vertex -6.59999 -6.5 0
      vertex 0.860382 -5.43228 4.2
      vertex -6.59999 -6.5 4.2
    endloop
  endfacet
  facet normal 0.141675 -0.989913 0
    outer loop
      vertex 0.860382 -5.43228 4.2
      vertex -6.59999 -6.5 0
      vertex 0.860382 -5.43228 0
    endloop
  endfacet
  facet normal 0 -1 0
    outer loop
      vertex -7.59999 -6.5 0
      vertex -6.59999 -6.5 4.2
      vertex -7.59999 -6.5 4.2
    endloop
  endfacet
  facet normal 0 -1 -0
    outer loop
      vertex -6.59999 -6.5 4.2
      vertex -7.59999 -6.5 0
      vertex -6.59999 -6.5 0
    endloop
  endfacet
  facet normal -1 0 0
    outer loop
      vertex -7.59999 -6.5 0
      vertex -7.59999 -6.22561 4.2
      vertex -7.59999 -6.22561 0
    endloop
  endfacet
  facet normal -1 -0 0
    outer loop
      vertex -7.59999 -6.22561 4.2
      vertex -7.59999 -6.5 0
      vertex -7.59999 -6.5 4.2
    endloop
  endfacet
  facet normal -1 0 0
    outer loop
      vertex -7.59999 6.22561 0
      vertex -7.59999 6.5 4.2
      vertex -7.59999 6.5 0
    endloop
  endfacet
  facet normal -1 -0 0
    outer loop
      vertex -7.59999 6.5 4.2
      vertex -7.59999 6.22561 0
      vertex -7.59999 6.22561 4.2
    endloop
  endfacet
  facet normal 0 0 1
    outer loop
      vertex -7.98197 6.40211 15
      vertex -7.59999 6.22561 15
      vertex -7.69203 6.28201 15
    endloop
  endfacet
  facet normal 0 0 1
    outer loop
      vertex -7.59999 6.22561 15
      vertex -8.6 6.5 15
      vertex -7.59999 -6.22561 15
    endloop
  endfacet
  facet normal 0 0 1
    outer loop
      vertex -7.59999 6.22561 15
      vertex -7.98197 6.40211 15
      vertex -8.6 6.5 15
    endloop
  endfacet
  facet normal 0 0 1
    outer loop
      vertex -8.6 -6.5 15
      vertex -7.59999 -6.22561 15
      vertex -8.6 6.5 15
    endloop
  endfacet
  facet normal 0 0 1
    outer loop
      vertex -8.6 6.5 15
      vertex -7.98197 6.40211 15
      vertex -8.28713 6.47537 15
    endloop
  endfacet
  facet normal 0 -0 1
    outer loop
      vertex -7.98197 -6.40211 15
      vertex -7.59999 -6.22561 15
      vertex -8.6 -6.5 15
    endloop
  endfacet
  facet normal 0 0 1
    outer loop
      vertex -7.59999 -6.22561 15
      vertex -7.98197 -6.40211 15
      vertex -7.69203 -6.28201 15
    endloop
  endfacet
  facet normal 0 0 1
    outer loop
      vertex -7.98197 -6.40211 15
      vertex -8.6 -6.5 15
      vertex -8.28713 -6.47537 15
    endloop
  endfacet
  facet normal -0 0 1
    outer loop
      vertex -26.7804 6.5 15
      vertex -8.6 -6.5 15
      vertex -8.6 6.5 15
    endloop
  endfacet
  facet normal 0 0 1
    outer loop
      vertex -26.7804 6.5 15
      vertex -26.7804 -6.5 15
      vertex -8.6 -6.5 15
    endloop
  endfacet
  facet normal 0 0 1
    outer loop
      vertex -28.7804 4.5 15
      vertex -26.7804 6.5 15
      vertex -27.0933 6.47537 15
    endloop
  endfacet
  facet normal 0 0 1
    outer loop
      vertex -26.7804 6.5 15
      vertex -28.7804 4.5 15
      vertex -26.7804 -6.5 15
    endloop
  endfacet
  facet normal 0 0 1
    outer loop
      vertex -28.7804 4.5 15
      vertex -27.0933 6.47537 15
      vertex -27.3985 6.40211 15
    endloop
  endfacet
  facet normal -0 0 1
    outer loop
      vertex -28.7804 -4.5 15
      vertex -26.7804 -6.5 15
      vertex -28.7804 4.5 15
    endloop
  endfacet
  facet normal 0 0 1
    outer loop
      vertex -28.7804 4.5 15
      vertex -27.3985 6.40211 15
      vertex -27.6884 6.28201 15
    endloop
  endfacet
  facet normal 0 0 1
    outer loop
      vertex -26.7804 -6.5 15
      vertex -28.7804 -4.5 15
      vertex -27.0933 -6.47537 15
    endloop
  endfacet
  facet normal 0 0 1
    outer loop
      vertex -28.7804 4.5 15
      vertex -27.6884 6.28201 15
      vertex -27.956 6.11803 15
    endloop
  endfacet
  facet normal 0 0 1
    outer loop
      vertex -27.0933 -6.47537 15
      vertex -28.7804 -4.5 15
      vertex -27.3985 -6.40211 15
    endloop
  endfacet
  facet normal 0 0 1
    outer loop
      vertex -28.7804 4.5 15
      vertex -27.956 6.11803 15
      vertex -28.1947 5.91422 15
    endloop
  endfacet
  facet normal 0 0 1
    outer loop
      vertex -27.3985 -6.40211 15
      vertex -28.7804 -4.5 15
      vertex -27.6884 -6.28201 15
    endloop
  endfacet
  facet normal 0 0 1
    outer loop
      vertex -28.7804 4.5 15
      vertex -28.1947 5.91422 15
      vertex -28.3985 5.67557 15
    endloop
  endfacet
  facet normal 0 0 1
    outer loop
      vertex -27.6884 -6.28201 15
      vertex -28.7804 -4.5 15
      vertex -27.956 -6.11803 15
    endloop
  endfacet
  facet normal 0 0 1
    outer loop
      vertex -28.7804 4.5 15
      vertex -28.3985 5.67557 15
      vertex -28.5625 5.40797 15
    endloop
  endfacet
  facet normal 0 0 1
    outer loop
      vertex -27.956 -6.11803 15
      vertex -28.7804 -4.5 15
      vertex -28.1947 -5.91422 15
    endloop
  endfacet
  facet normal 0 0 1
    outer loop
      vertex -28.7804 4.5 15
      vertex -28.5625 5.40797 15
      vertex -28.6826 5.11803 15
    endloop
  endfacet
  facet normal 0 0 1
    outer loop
      vertex -28.1947 -5.91422 15
      vertex -28.7804 -4.5 15
      vertex -28.3985 -5.67557 15
    endloop
  endfacet
  facet normal 0 0 1
    outer loop
      vertex -28.7804 4.5 15
      vertex -28.6826 5.11803 15
      vertex -28.7558 4.81287 15
    endloop
  endfacet
  facet normal 0 0 1
    outer loop
      vertex -28.3985 -5.67557 15
      vertex -28.7804 -4.5 15
      vertex -28.5625 -5.40797 15
    endloop
  endfacet
  facet normal 0 0 1
    outer loop
      vertex -28.5625 -5.40797 15
      vertex -28.7804 -4.5 15
      vertex -28.6826 -5.11803 15
    endloop
  endfacet
  facet normal 0 0 1
    outer loop
      vertex -28.6826 -5.11803 15
      vertex -28.7804 -4.5 15
      vertex -28.7558 -4.81287 15
    endloop
  endfacet
  facet normal 0 0 1
    outer loop
      vertex 4.44958 -3.23282 15
      vertex 0.930369 -0.675953 15
      vertex 3.88908 -3.88908 15
    endloop
  endfacet
  facet normal -0 0 1
    outer loop
      vertex 0.813172 -0.813172 15
      vertex 3.88908 -3.88908 15
      vertex 0.930369 -0.675953 15
    endloop
  endfacet
  facet normal 0 0 1
    outer loop
      vertex 3.88908 -3.88908 15
      vertex 0.813172 -0.813172 15
      vertex 3.23282 -4.44958 15
    endloop
  endfacet
  facet normal -0 0 1
    outer loop
      vertex 0.675953 -0.930369 15
      vertex 3.23282 -4.44958 15
      vertex 0.813172 -0.813172 15
    endloop
  endfacet
  facet normal 0 0 1
    outer loop
      vertex 3.23282 -4.44958 15
      vertex 0.675953 -0.930369 15
      vertex 2.49693 -4.90053 15
    endloop
  endfacet
  facet normal -0 0 1
    outer loop
      vertex 0.522089 -1.02466 15
      vertex 2.49693 -4.90053 15
      vertex 0.675953 -0.930369 15
    endloop
  endfacet
  facet normal 0 0 1
    outer loop
      vertex 2.49693 -4.90053 15
      vertex 0.522089 -1.02466 15
      vertex 1.69958 -5.2308 15
    endloop
  endfacet
  facet normal -0 0 1
    outer loop
      vertex 0.355369 -1.09371 15
      vertex 1.69958 -5.2308 15
      vertex 0.522089 -1.02466 15
    endloop
  endfacet
  facet normal 0 0 1
    outer loop
      vertex 1.69958 -5.2308 15
      vertex 0.355369 -1.09371 15
      vertex 0.860382 -5.43228 15
    endloop
  endfacet
  facet normal -0 0 1
    outer loop
      vertex 0.179899 -1.13584 15
      vertex 0.860382 -5.43228 15
      vertex 0.355369 -1.09371 15
    endloop
  endfacet
  facet normal -0 0 1
    outer loop
      vertex 0 -1.15 15
      vertex 0.860382 -5.43228 15
      vertex 0.179899 -1.13584 15
    endloop
  endfacet
  facet normal 0 0 1
    outer loop
      vertex -0.179899 -1.13584 15
      vertex 0.860382 -5.43228 15
      vertex 0 -1.15 15
    endloop
  endfacet
  facet normal 0 0 1
    outer loop
      vertex -0.355369 -1.09371 15
      vertex 0.860382 -5.43228 15
      vertex -0.179899 -1.13584 15
    endloop
  endfacet
  facet normal 0 0 1
    outer loop
      vertex -0.522089 -1.02466 15
      vertex 0.860382 -5.43228 15
      vertex -0.355369 -1.09371 15
    endloop
  endfacet
  facet normal 0 0 1
    outer loop
      vertex -0.675953 -0.930369 15
      vertex 0.860382 -5.43228 15
      vertex -0.522089 -1.02466 15
    endloop
  endfacet
  facet normal 0 0 1
    outer loop
      vertex -6.59999 -6.5 15
      vertex -0.675953 -0.930369 15
      vertex -0.813172 -0.813172 15
    endloop
  endfacet
  facet normal 0 0 1
    outer loop
      vertex -6.59999 -6.5 15
      vertex -0.813172 -0.813172 15
      vertex -0.930369 -0.675953 15
    endloop
  endfacet
  facet normal 0 0 1
    outer loop
      vertex -6.59999 -6.5 15
      vertex -0.930369 -0.675953 15
      vertex -1.02466 -0.522089 15
    endloop
  endfacet
  facet normal 0 0 1
    outer loop
      vertex -6.59999 -6.5 15
      vertex -1.02466 -0.522089 15
      vertex -1.09371 -0.355369 15
    endloop
  endfacet
  facet normal 0 0 1
    outer loop
      vertex -1.09371 0.355369 15
      vertex -7.59999 6.22561 15
      vertex -1.13584 0.179899 15
    endloop
  endfacet
  facet normal 0 0 1
    outer loop
      vertex -1.13584 0.179899 15
      vertex -7.59999 6.22561 15
      vertex -1.15 0 15
    endloop
  endfacet
  facet normal 0 0 1
    outer loop
      vertex -7.59999 -6.22561 15
      vertex -1.15 0 15
      vertex -7.59999 6.22561 15
    endloop
  endfacet
  facet normal 0 0 1
    outer loop
      vertex -1.15 0 15
      vertex -7.59999 -6.22561 15
      vertex -1.13584 -0.179899 15
    endloop
  endfacet
  facet normal 0 0 1
    outer loop
      vertex -0.675953 -0.930369 15
      vertex -6.59999 -6.5 15
      vertex 0.860382 -5.43228 15
    endloop
  endfacet
  facet normal 0 0 1
    outer loop
      vertex -7.59999 6.22561 15
      vertex -6.59999 6.5 15
      vertex -7.59999 6.5 15
    endloop
  endfacet
  facet normal 0 0 1
    outer loop
      vertex -1.13584 -0.179899 15
      vertex -7.59999 -6.22561 15
      vertex -1.09371 -0.355369 15
    endloop
  endfacet
  facet normal 0 0 1
    outer loop
      vertex -1.09371 -0.355369 15
      vertex -7.59999 -6.22561 15
      vertex -6.59999 -6.5 15
    endloop
  endfacet
  facet normal 0 0 1
    outer loop
      vertex -6.59999 -6.5 15
      vertex -7.59999 -6.22561 15
      vertex -7.59999 -6.5 15
    endloop
  endfacet
  facet normal 0 0 1
    outer loop
      vertex 11.2677 9.34792 15
      vertex 9.24292 9.02723 15
      vertex 9.25708 8.84733 15
    endloop
  endfacet
  facet normal 0 0 1
    outer loop
      vertex 9.98799 11.4362 15
      vertex 9.2008 9.2027 15
      vertex 9.24292 9.02723 15
    endloop
  endfacet
  facet normal 0 0 1
    outer loop
      vertex 9.98799 11.4362 15
      vertex 9.13174 9.36942 15
      vertex 9.2008 9.2027 15
    endloop
  endfacet
  facet normal 0 0 1
    outer loop
      vertex 8.62917 9.87199 15
      vertex 9.55984 11.6985 15
      vertex 9.09593 11.8907 15
    endloop
  endfacet
  facet normal 0 0 1
    outer loop
      vertex 9.98799 11.4362 15
      vertex 9.03745 9.52328 15
      vertex 9.13174 9.36942 15
    endloop
  endfacet
  facet normal 0 0 1
    outer loop
      vertex 9.98799 11.4362 15
      vertex 8.92025 9.6605 15
      vertex 9.03745 9.52328 15
    endloop
  endfacet
  facet normal 0 0 1
    outer loop
      vertex 9.98799 11.4362 15
      vertex 8.78304 9.7777 15
      vertex 8.92025 9.6605 15
    endloop
  endfacet
  facet normal 0 0 1
    outer loop
      vertex 9.55984 11.6985 15
      vertex 8.62917 9.87199 15
      vertex 8.78304 9.7777 15
    endloop
  endfacet
  facet normal 0 0 1
    outer loop
      vertex 8.46245 9.94104 15
      vertex 9.09593 11.8907 15
      vertex 8.60767 12.0079 15
    endloop
  endfacet
  facet normal 0 0 1
    outer loop
      vertex 9.09593 11.8907 15
      vertex 8.46245 9.94104 15
      vertex 8.62917 9.87199 15
    endloop
  endfacet
  facet normal 0 0 1
    outer loop
      vertex 8.60767 12.0079 15
      vertex 8.28698 9.98317 15
      vertex 8.46245 9.94104 15
    endloop
  endfacet
  facet normal 0 0 1
    outer loop
      vertex 8.60767 12.0079 15
      vertex 8.10708 9.99733 15
      vertex 8.28698 9.98317 15
    endloop
  endfacet
  facet normal 0 0 1
    outer loop
      vertex 8.10707 12.0473 15
      vertex 8.10708 9.99733 15
      vertex 8.60767 12.0079 15
    endloop
  endfacet
  facet normal 0 0 1
    outer loop
      vertex 8.10707 12.0473 15
      vertex 7.92718 9.98317 15
      vertex 8.10708 9.99733 15
    endloop
  endfacet
  facet normal -0 0 1
    outer loop
      vertex 7.60649 12.0079 15
      vertex 7.92718 9.98317 15
      vertex 8.10707 12.0473 15
    endloop
  endfacet
  facet normal 0 0 1
    outer loop
      vertex 7.92718 9.98317 15
      vertex 7.60649 12.0079 15
      vertex 7.75171 9.94104 15
    endloop
  endfacet
  facet normal -0 0 1
    outer loop
      vertex 7.11823 11.8907 15
      vertex 7.75171 9.94104 15
      vertex 7.60649 12.0079 15
    endloop
  endfacet
  facet normal 0 0 1
    outer loop
      vertex 7.75171 9.94104 15
      vertex 7.11823 11.8907 15
      vertex 7.58499 9.87199 15
    endloop
  endfacet
  facet normal -0 0 1
    outer loop
      vertex 6.65431 11.6985 15
      vertex 7.58499 9.87199 15
      vertex 7.11823 11.8907 15
    endloop
  endfacet
  facet normal 0 0 1
    outer loop
      vertex 7.58499 9.87199 15
      vertex 6.65431 11.6985 15
      vertex 7.43113 9.7777 15
    endloop
  endfacet
  facet normal -0 0 1
    outer loop
      vertex 6.22617 11.4362 15
      vertex 7.43113 9.7777 15
      vertex 6.65431 11.6985 15
    endloop
  endfacet
  facet normal 0 0 1
    outer loop
      vertex 7.43113 9.7777 15
      vertex 6.22617 11.4362 15
      vertex 7.29391 9.6605 15
    endloop
  endfacet
  facet normal 0 0 1
    outer loop
      vertex 7.29391 9.6605 15
      vertex 6.22617 11.4362 15
      vertex 7.17671 9.52328 15
    endloop
  endfacet
  facet normal 0 0 1
    outer loop
      vertex 7.17671 9.52328 15
      vertex 6.22617 11.4362 15
      vertex 7.08242 9.36942 15
    endloop
  endfacet
  facet normal 0 0 1
    outer loop
      vertex 7.08242 9.36942 15
      vertex 6.22617 11.4362 15
      vertex 7.01337 9.2027 15
    endloop
  endfacet
  facet normal 0 0 1
    outer loop
      vertex 7.01337 9.2027 15
      vertex 6.22617 11.4362 15
      vertex 6.97124 9.02723 15
    endloop
  endfacet
  facet normal -0 0 1
    outer loop
      vertex 9.25708 8.84733 15
      vertex 11.3071 8.84732 15
      vertex 11.2677 9.34792 15
    endloop
  endfacet
  facet normal 0 0 1
    outer loop
      vertex 9.24292 9.02723 15
      vertex 11.2677 9.34792 15
      vertex 11.1505 9.83618 15
    endloop
  endfacet
  facet normal 0 0 1
    outer loop
      vertex 11.3071 8.84732 15
      vertex 9.25708 8.84733 15
      vertex 11.2677 8.34673 15
    endloop
  endfacet
  facet normal 0 0 1
    outer loop
      vertex 9.24292 9.02723 15
      vertex 11.1505 9.83618 15
      vertex 10.9583 10.3001 15
    endloop
  endfacet
  facet normal -0 0 1
    outer loop
      vertex 9.24292 8.66743 15
      vertex 11.2677 8.34673 15
      vertex 9.25708 8.84733 15
    endloop
  endfacet
  facet normal 0 0 1
    outer loop
      vertex 9.24292 9.02723 15
      vertex 10.9583 10.3001 15
      vertex 10.6959 10.7282 15
    endloop
  endfacet
  facet normal 0 0 1
    outer loop
      vertex 9.24292 9.02723 15
      vertex 10.6959 10.7282 15
      vertex 10.3698 11.1101 15
    endloop
  endfacet
  facet normal 0 0 1
    outer loop
      vertex 9.24292 9.02723 15
      vertex 10.3698 11.1101 15
      vertex 9.98799 11.4362 15
    endloop
  endfacet
  facet normal 0 0 1
    outer loop
      vertex 8.78304 9.7777 15
      vertex 9.98799 11.4362 15
      vertex 9.55984 11.6985 15
    endloop
  endfacet
  facet normal 0 0 1
    outer loop
      vertex 11.2677 8.34673 15
      vertex 9.24292 8.66743 15
      vertex 11.1505 7.85846 15
    endloop
  endfacet
  facet normal -0 0 1
    outer loop
      vertex 9.2008 8.49196 15
      vertex 11.1505 7.85846 15
      vertex 9.24292 8.66743 15
    endloop
  endfacet
  facet normal 0 0 1
    outer loop
      vertex 11.1505 7.85846 15
      vertex 9.2008 8.49196 15
      vertex 10.9583 7.39455 15
    endloop
  endfacet
  facet normal -0 0 1
    outer loop
      vertex 9.13174 8.32524 15
      vertex 10.9583 7.39455 15
      vertex 9.2008 8.49196 15
    endloop
  endfacet
  facet normal -0 0 1
    outer loop
      vertex 9.03745 8.17137 15
      vertex 10.9583 7.39455 15
      vertex 9.13174 8.32524 15
    endloop
  endfacet
  facet normal -0 0 1
    outer loop
      vertex 8.92025 8.03415 15
      vertex 10.9583 7.39455 15
      vertex 9.03745 8.17137 15
    endloop
  endfacet
  facet normal -0 0 1
    outer loop
      vertex 8.78304 7.91696 15
      vertex 10.9583 7.39455 15
      vertex 8.92025 8.03415 15
    endloop
  endfacet
  facet normal -0 0 1
    outer loop
      vertex 8.62917 7.82267 15
      vertex 10.9583 7.39455 15
      vertex 8.78304 7.91696 15
    endloop
  endfacet
  facet normal -0 0 1
    outer loop
      vertex 8.46245 7.75361 15
      vertex 10.9583 7.39455 15
      vertex 8.62917 7.82267 15
    endloop
  endfacet
  facet normal -0 0 1
    outer loop
      vertex 8.28698 7.71149 15
      vertex 10.9583 7.39455 15
      vertex 8.46245 7.75361 15
    endloop
  endfacet
  facet normal 0 0 1
    outer loop
      vertex 4.90053 -2.49693 15
      vertex 8.28698 7.71149 15
      vertex 8.10708 7.69733 15
    endloop
  endfacet
  facet normal 0 0 1
    outer loop
      vertex 4.90053 -2.49693 15
      vertex 8.10708 7.69733 15
      vertex 7.92718 7.71149 15
    endloop
  endfacet
  facet normal 0 0 1
    outer loop
      vertex 6.97124 9.02723 15
      vertex 6.22617 11.4362 15
      vertex 6.95708 8.84733 15
    endloop
  endfacet
  facet normal 0 0 1
    outer loop
      vertex -1.45393 5.7635 15
      vertex 6.95708 8.84733 15
      vertex 6.22617 11.4362 15
    endloop
  endfacet
  facet normal 0 0 1
    outer loop
      vertex 6.95708 8.84733 15
      vertex -1.45393 5.7635 15
      vertex 6.97124 8.66743 15
    endloop
  endfacet
  facet normal 0 0 1
    outer loop
      vertex 8.28698 7.71149 15
      vertex 4.90053 -2.49693 15
      vertex 10.9583 7.39455 15
    endloop
  endfacet
  facet normal 0 0 1
    outer loop
      vertex 7.75171 7.75361 15
      vertex 4.90053 -2.49693 15
      vertex 7.92718 7.71149 15
    endloop
  endfacet
  facet normal 0 0 1
    outer loop
      vertex 1.02466 0.522089 15
      vertex 7.75171 7.75361 15
      vertex 7.58499 7.82267 15
    endloop
  endfacet
  facet normal 0 0 1
    outer loop
      vertex 0.930369 0.675953 15
      vertex 7.58499 7.82267 15
      vertex 7.43113 7.91696 15
    endloop
  endfacet
  facet normal 0 0 1
    outer loop
      vertex 0.813172 0.813172 15
      vertex 7.43113 7.91696 15
      vertex 7.29391 8.03415 15
    endloop
  endfacet
  facet normal 0 0 1
    outer loop
      vertex 0.675953 0.930369 15
      vertex 7.29391 8.03415 15
      vertex 7.17671 8.17137 15
    endloop
  endfacet
  facet normal 0 0 1
    outer loop
      vertex -1.45393 5.7635 15
      vertex 7.17671 8.17137 15
      vertex 7.08242 8.32524 15
    endloop
  endfacet
  facet normal 0 0 1
    outer loop
      vertex -1.45393 5.7635 15
      vertex 7.08242 8.32524 15
      vertex 7.01337 8.49196 15
    endloop
  endfacet
  facet normal 0 0 1
    outer loop
      vertex 6.97124 8.66743 15
      vertex -1.45393 5.7635 15
      vertex 7.01337 8.49196 15
    endloop
  endfacet
  facet normal 0 0 1
    outer loop
      vertex 7.75171 7.75361 15
      vertex 1.02466 0.522089 15
      vertex 4.90053 -2.49693 15
    endloop
  endfacet
  facet normal -0 -0 1
    outer loop
      vertex 1.09371 0.355369 15
      vertex 4.90053 -2.49693 15
      vertex 1.02466 0.522089 15
    endloop
  endfacet
  facet normal -0 -0 1
    outer loop
      vertex 1.15 0 15
      vertex 4.90053 -2.49693 15
      vertex 1.13584 0.179899 15
    endloop
  endfacet
  facet normal -0 0 1
    outer loop
      vertex 1.09371 -0.355369 15
      vertex 4.90053 -2.49693 15
      vertex 1.13584 -0.179899 15
    endloop
  endfacet
  facet normal 0 0 1
    outer loop
      vertex 4.90053 -2.49693 15
      vertex 1.02466 -0.522089 15
      vertex 4.44958 -3.23282 15
    endloop
  endfacet
  facet normal -0 0 1
    outer loop
      vertex 0.930369 -0.675953 15
      vertex 4.44958 -3.23282 15
      vertex 1.02466 -0.522089 15
    endloop
  endfacet
  facet normal -0 0 1
    outer loop
      vertex 1.02466 -0.522089 15
      vertex 4.90053 -2.49693 15
      vertex 1.09371 -0.355369 15
    endloop
  endfacet
  facet normal -0 0 1
    outer loop
      vertex 1.13584 -0.179899 15
      vertex 4.90053 -2.49693 15
      vertex 1.15 0 15
    endloop
  endfacet
  facet normal -0 -0 1
    outer loop
      vertex 1.13584 0.179899 15
      vertex 4.90053 -2.49693 15
      vertex 1.09371 0.355369 15
    endloop
  endfacet
  facet normal 0 0 1
    outer loop
      vertex 7.58499 7.82267 15
      vertex 0.930369 0.675953 15
      vertex 1.02466 0.522089 15
    endloop
  endfacet
  facet normal 0 0 1
    outer loop
      vertex 7.43113 7.91696 15
      vertex 0.813172 0.813172 15
      vertex 0.930369 0.675953 15
    endloop
  endfacet
  facet normal 0 0 1
    outer loop
      vertex 7.29391 8.03415 15
      vertex 0.675953 0.930369 15
      vertex 0.813172 0.813172 15
    endloop
  endfacet
  facet normal 0 0 1
    outer loop
      vertex 7.17671 8.17137 15
      vertex -1.45393 5.7635 15
      vertex 0.675953 0.930369 15
    endloop
  endfacet
  facet normal 0 0 1
    outer loop
      vertex 0.675953 0.930369 15
      vertex -1.45393 5.7635 15
      vertex 0.522089 1.02466 15
    endloop
  endfacet
  facet normal 0 0 1
    outer loop
      vertex 0.522089 1.02466 15
      vertex -1.45393 5.7635 15
      vertex 0.355369 1.09371 15
    endloop
  endfacet
  facet normal 0 0 1
    outer loop
      vertex 0.355369 1.09371 15
      vertex -1.45393 5.7635 15
      vertex 0.179899 1.13584 15
    endloop
  endfacet
  facet normal 0 0 1
    outer loop
      vertex 0.179899 1.13584 15
      vertex -1.45393 5.7635 15
      vertex 0 1.15 15
    endloop
  endfacet
  facet normal 0 0 1
    outer loop
      vertex 0 1.15 15
      vertex -1.45393 5.7635 15
      vertex -0.179899 1.13584 15
    endloop
  endfacet
  facet normal 0 0 1
    outer loop
      vertex -0.179899 1.13584 15
      vertex -1.45393 5.7635 15
      vertex -0.355369 1.09371 15
    endloop
  endfacet
  facet normal 0 0 1
    outer loop
      vertex -0.355369 1.09371 15
      vertex -1.45393 5.7635 15
      vertex -0.522089 1.02466 15
    endloop
  endfacet
  facet normal 0 0 1
    outer loop
      vertex -0.522089 1.02466 15
      vertex -1.45393 5.7635 15
      vertex -0.675953 0.930369 15
    endloop
  endfacet
  facet normal 0 0 1
    outer loop
      vertex -0.675953 0.930369 15
      vertex -1.45393 5.7635 15
      vertex -0.813172 0.813172 15
    endloop
  endfacet
  facet normal -0 0 1
    outer loop
      vertex -7.59999 6.22561 15
      vertex -1.09371 0.355369 15
      vertex -6.59999 6.5 15
    endloop
  endfacet
  facet normal 0 0 1
    outer loop
      vertex -1.02466 0.522089 15
      vertex -6.59999 6.5 15
      vertex -1.09371 0.355369 15
    endloop
  endfacet
  facet normal 0 0 1
    outer loop
      vertex -0.930369 0.675953 15
      vertex -6.59999 6.5 15
      vertex -1.02466 0.522089 15
    endloop
  endfacet
  facet normal 0 0 1
    outer loop
      vertex -6.59999 6.5 15
      vertex -0.930369 0.675953 15
      vertex -1.45393 5.7635 15
    endloop
  endfacet
  facet normal 0 0 1
    outer loop
      vertex -0.813172 0.813172 15
      vertex -1.45393 5.7635 15
      vertex -0.930369 0.675953 15
    endloop
  endfacet
  facet normal 0 0 -1
    outer loop
      vertex 4.90053 -2.49693 10.8
      vertex 1.13584 -0.179899 10.8
      vertex 1.15 0 10.8
    endloop
  endfacet
  facet normal 0 0 -1
    outer loop
      vertex 2.49693 -4.90053 10.8
      vertex 1.09371 -0.355369 10.8
      vertex 1.13584 -0.179899 10.8
    endloop
  endfacet
  facet normal 0 0 -1
    outer loop
      vertex 2.49693 -4.90053 10.8
      vertex 1.02466 -0.522089 10.8
      vertex 1.09371 -0.355369 10.8
    endloop
  endfacet
  facet normal 0 0 -1
    outer loop
      vertex 2.49693 -4.90053 10.8
      vertex 0.930369 -0.675953 10.8
      vertex 1.02466 -0.522089 10.8
    endloop
  endfacet
  facet normal 0 0 -1
    outer loop
      vertex 0.355369 -1.09371 10.8
      vertex 1.69958 -5.2308 10.8
      vertex 0.860382 -5.43228 10.8
    endloop
  endfacet
  facet normal 0 0 -1
    outer loop
      vertex 2.49693 -4.90053 10.8
      vertex 0.813172 -0.813172 10.8
      vertex 0.930369 -0.675953 10.8
    endloop
  endfacet
  facet normal 0 0 -1
    outer loop
      vertex 2.49693 -4.90053 10.8
      vertex 0.675953 -0.930369 10.8
      vertex 0.813172 -0.813172 10.8
    endloop
  endfacet
  facet normal 0 0 -1
    outer loop
      vertex 2.49693 -4.90053 10.8
      vertex 0.522089 -1.02466 10.8
      vertex 0.675953 -0.930369 10.8
    endloop
  endfacet
  facet normal 0 0 -1
    outer loop
      vertex 1.69958 -5.2308 10.8
      vertex 0.355369 -1.09371 10.8
      vertex 0.522089 -1.02466 10.8
    endloop
  endfacet
  facet normal 0 0 -1
    outer loop
      vertex 0.860382 -5.43228 10.8
      vertex 0.179899 -1.13584 10.8
      vertex 0.355369 -1.09371 10.8
    endloop
  endfacet
  facet normal 0 0 -1
    outer loop
      vertex 0.860382 -5.43228 10.8
      vertex 0 -1.15 10.8
      vertex 0.179899 -1.13584 10.8
    endloop
  endfacet
  facet normal 0 0 -1
    outer loop
      vertex 0.860382 -5.43228 10.8
      vertex -0.179899 -1.13584 10.8
      vertex 0 -1.15 10.8
    endloop
  endfacet
  facet normal 0 0 -1
    outer loop
      vertex 0.860382 -5.43228 10.8
      vertex -0.355369 -1.09371 10.8
      vertex -0.179899 -1.13584 10.8
    endloop
  endfacet
  facet normal 0 0 -1
    outer loop
      vertex 0.860382 -5.43228 10.8
      vertex -0.522089 -1.02466 10.8
      vertex -0.355369 -1.09371 10.8
    endloop
  endfacet
  facet normal 0 0 -1
    outer loop
      vertex 0.860382 -5.43228 10.8
      vertex -0.675953 -0.930369 10.8
      vertex -0.522089 -1.02466 10.8
    endloop
  endfacet
  facet normal 0 0 -1
    outer loop
      vertex -6.6 -4.5 10.8
      vertex -0.675953 -0.930369 10.8
      vertex 0.860382 -5.43228 10.8
    endloop
  endfacet
  facet normal -0 0 -1
    outer loop
      vertex -0.675953 -0.930369 10.8
      vertex -6.6 -4.5 10.8
      vertex -0.813172 -0.813172 10.8
    endloop
  endfacet
  facet normal -0 0 -1
    outer loop
      vertex -0.813172 -0.813172 10.8
      vertex -6.6 -4.5 10.8
      vertex -0.930369 -0.675953 10.8
    endloop
  endfacet
  facet normal -0 0 -1
    outer loop
      vertex -0.930369 -0.675953 10.8
      vertex -6.6 -4.5 10.8
      vertex -1.02466 -0.522089 10.8
    endloop
  endfacet
  facet normal 0 0 -1
    outer loop
      vertex -6.62463 -4.81287 10.8
      vertex 0.860382 -5.43228 10.8
      vertex -6.59999 -6.5 10.8
    endloop
  endfacet
  facet normal 0 -0 -1
    outer loop
      vertex -6.6 -4.5 10.8
      vertex 0.860382 -5.43228 10.8
      vertex -6.62463 -4.81287 10.8
    endloop
  endfacet
  facet normal -0 0 -1
    outer loop
      vertex -1.02466 -0.522089 10.8
      vertex -6.6 -4.5 10.8
      vertex -1.09371 -0.355369 10.8
    endloop
  endfacet
  facet normal -0 0 -1
    outer loop
      vertex -1.13584 -0.179899 10.8
      vertex -6.6 -4.5 10.8
      vertex -1.15 0 10.8
    endloop
  endfacet
  facet normal 0 0 -1
    outer loop
      vertex -1.15 0 10.8
      vertex -6.6 4.5 10.8
      vertex -1.13584 0.179899 10.8
    endloop
  endfacet
  facet normal 0 0 -1
    outer loop
      vertex -1.13584 0.179899 10.8
      vertex -6.6 4.5 10.8
      vertex -1.45393 5.7635 10.8
    endloop
  endfacet
  facet normal 0 0 -1
    outer loop
      vertex -6.6 4.5 10.8
      vertex -1.15 0 10.8
      vertex -6.6 -4.5 10.8
    endloop
  endfacet
  facet normal 0 0 -1
    outer loop
      vertex -6.59999 -6.5 10.8
      vertex -6.69788 -5.11803 10.8
      vertex -6.62463 -4.81287 10.8
    endloop
  endfacet
  facet normal 0 0 -1
    outer loop
      vertex -6.59999 -6.5 10.8
      vertex -6.81799 -5.40797 10.8
      vertex -6.69788 -5.11803 10.8
    endloop
  endfacet
  facet normal 0 0 -1
    outer loop
      vertex -6.59999 -6.5 10.8
      vertex -6.98197 -5.67557 10.8
      vertex -6.81799 -5.40797 10.8
    endloop
  endfacet
  facet normal 0 0 -1
    outer loop
      vertex -6.59999 -6.5 10.8
      vertex -7.18578 -5.91422 10.8
      vertex -6.98197 -5.67557 10.8
    endloop
  endfacet
  facet normal 0 0 -1
    outer loop
      vertex -6.59999 -6.5 10.8
      vertex -7.42443 -6.11803 10.8
      vertex -7.18578 -5.91422 10.8
    endloop
  endfacet
  facet normal 0 0 -1
    outer loop
      vertex -7.59999 -6.5 10.8
      vertex -7.42443 -6.11803 10.8
      vertex -6.59999 -6.5 10.8
    endloop
  endfacet
  facet normal 0 0 -1
    outer loop
      vertex -7.42443 -6.11803 10.8
      vertex -7.59999 -6.5 10.8
      vertex -7.59999 -6.22561 10.8
    endloop
  endfacet
  facet normal 0 0 -1
    outer loop
      vertex 9.25708 8.84733 10.8
      vertex 11.3071 8.84732 10.8
      vertex 11.2677 8.34673 10.8
    endloop
  endfacet
  facet normal 0 0 -1
    outer loop
      vertex 9.24292 8.66743 10.8
      vertex 11.2677 8.34673 10.8
      vertex 11.1505 7.85846 10.8
    endloop
  endfacet
  facet normal 0 0 -1
    outer loop
      vertex 11.3071 8.84732 10.8
      vertex 9.25708 8.84733 10.8
      vertex 11.2677 9.34792 10.8
    endloop
  endfacet
  facet normal 0 0 -1
    outer loop
      vertex 9.2008 8.49196 10.8
      vertex 11.1505 7.85846 10.8
      vertex 10.9583 7.39455 10.8
    endloop
  endfacet
  facet normal 0 0 -1
    outer loop
      vertex 9.24292 9.02723 10.8
      vertex 11.2677 9.34792 10.8
      vertex 9.25708 8.84733 10.8
    endloop
  endfacet
  facet normal -0 0 -1
    outer loop
      vertex 11.2677 9.34792 10.8
      vertex 9.24292 9.02723 10.8
      vertex 11.1505 9.83618 10.8
    endloop
  endfacet
  facet normal -0 0 -1
    outer loop
      vertex 11.1505 9.83618 10.8
      vertex 9.2008 9.2027 10.8
      vertex 10.9583 10.3001 10.8
    endloop
  endfacet
  facet normal 0 0 -1
    outer loop
      vertex 9.13174 9.36942 10.8
      vertex 10.9583 10.3001 10.8
      vertex 9.2008 9.2027 10.8
    endloop
  endfacet
  facet normal 0 0 -1
    outer loop
      vertex 9.03745 9.52328 10.8
      vertex 10.6959 10.7282 10.8
      vertex 9.13174 9.36942 10.8
    endloop
  endfacet
  facet normal 0 0 -1
    outer loop
      vertex 9.2008 9.2027 10.8
      vertex 11.1505 9.83618 10.8
      vertex 9.24292 9.02723 10.8
    endloop
  endfacet
  facet normal 0 0 -1
    outer loop
      vertex 11.2677 8.34673 10.8
      vertex 9.24292 8.66743 10.8
      vertex 9.25708 8.84733 10.8
    endloop
  endfacet
  facet normal 0 0 -1
    outer loop
      vertex 11.1505 7.85846 10.8
      vertex 9.2008 8.49196 10.8
      vertex 9.24292 8.66743 10.8
    endloop
  endfacet
  facet normal 0 0 -1
    outer loop
      vertex 10.9583 7.39455 10.8
      vertex 9.13174 8.32524 10.8
      vertex 9.2008 8.49196 10.8
    endloop
  endfacet
  facet normal 0 0 -1
    outer loop
      vertex 10.9583 7.39455 10.8
      vertex 9.03745 8.17137 10.8
      vertex 9.13174 8.32524 10.8
    endloop
  endfacet
  facet normal 0 0 -1
    outer loop
      vertex 10.9583 7.39455 10.8
      vertex 8.92025 8.03415 10.8
      vertex 9.03745 8.17137 10.8
    endloop
  endfacet
  facet normal 0 0 -1
    outer loop
      vertex 10.9583 7.39455 10.8
      vertex 8.78304 7.91696 10.8
      vertex 8.92025 8.03415 10.8
    endloop
  endfacet
  facet normal 0 0 -1
    outer loop
      vertex 10.9583 7.39455 10.8
      vertex 8.62917 7.82267 10.8
      vertex 8.78304 7.91696 10.8
    endloop
  endfacet
  facet normal 0 0 -1
    outer loop
      vertex 10.9583 7.39455 10.8
      vertex 8.46245 7.75361 10.8
      vertex 8.62917 7.82267 10.8
    endloop
  endfacet
  facet normal 0 0 -1
    outer loop
      vertex 10.9583 7.39455 10.8
      vertex 8.28698 7.71149 10.8
      vertex 8.46245 7.75361 10.8
    endloop
  endfacet
  facet normal 0 0 -1
    outer loop
      vertex 4.90053 -2.49693 10.8
      vertex 8.28698 7.71149 10.8
      vertex 10.9583 7.39455 10.8
    endloop
  endfacet
  facet normal 0 0 -1
    outer loop
      vertex 8.28698 7.71149 10.8
      vertex 4.90053 -2.49693 10.8
      vertex 8.10708 7.69733 10.8
    endloop
  endfacet
  facet normal 0 0 -1
    outer loop
      vertex -1.45393 5.7635 10.8
      vertex 6.95708 8.84733 10.8
      vertex 6.97124 8.66743 10.8
    endloop
  endfacet
  facet normal 0 0 -1
    outer loop
      vertex 6.95708 8.84733 10.8
      vertex 6.22617 11.4362 10.8
      vertex 6.65431 11.6985 10.8
    endloop
  endfacet
  facet normal 0 0 -1
    outer loop
      vertex -1.45393 5.7635 10.8
      vertex 6.97124 8.66743 10.8
      vertex 7.01337 8.49196 10.8
    endloop
  endfacet
  facet normal -0 0 -1
    outer loop
      vertex 8.10708 7.69733 10.8
      vertex 4.90053 -2.49693 10.8
      vertex 7.92718 7.71149 10.8
    endloop
  endfacet
  facet normal 0 0 -1
    outer loop
      vertex 4.90053 -2.49693 10.8
      vertex 7.75171 7.75361 10.8
      vertex 7.92718 7.71149 10.8
    endloop
  endfacet
  facet normal 0 0 -1
    outer loop
      vertex 1.02466 0.522089 10.8
      vertex 7.75171 7.75361 10.8
      vertex 4.90053 -2.49693 10.8
    endloop
  endfacet
  facet normal -0 0 -1
    outer loop
      vertex 7.75171 7.75361 10.8
      vertex 1.02466 0.522089 10.8
      vertex 7.58499 7.82267 10.8
    endloop
  endfacet
  facet normal 0 0 -1
    outer loop
      vertex 0.930369 0.675953 10.8
      vertex 7.58499 7.82267 10.8
      vertex 1.02466 0.522089 10.8
    endloop
  endfacet
  facet normal -0 0 -1
    outer loop
      vertex 7.58499 7.82267 10.8
      vertex 0.930369 0.675953 10.8
      vertex 7.43113 7.91696 10.8
    endloop
  endfacet
  facet normal 0 0 -1
    outer loop
      vertex 0.813172 0.813172 10.8
      vertex 7.43113 7.91696 10.8
      vertex 0.930369 0.675953 10.8
    endloop
  endfacet
  facet normal -0 0 -1
    outer loop
      vertex 7.43113 7.91696 10.8
      vertex 0.813172 0.813172 10.8
      vertex 7.29391 8.03415 10.8
    endloop
  endfacet
  facet normal 0 0 -1
    outer loop
      vertex 0.675953 0.930369 10.8
      vertex 7.29391 8.03415 10.8
      vertex 0.813172 0.813172 10.8
    endloop
  endfacet
  facet normal 0 0 -1
    outer loop
      vertex 1.13584 -0.179899 10.8
      vertex 4.90053 -2.49693 10.8
      vertex 4.44958 -3.23282 10.8
    endloop
  endfacet
  facet normal 0 0 -1
    outer loop
      vertex 1.13584 -0.179899 10.8
      vertex 4.44958 -3.23282 10.8
      vertex 3.88908 -3.88908 10.8
    endloop
  endfacet
  facet normal 0 0 -1
    outer loop
      vertex 1.13584 -0.179899 10.8
      vertex 3.88908 -3.88908 10.8
      vertex 3.23282 -4.44958 10.8
    endloop
  endfacet
  facet normal 0 0 -1
    outer loop
      vertex 1.13584 -0.179899 10.8
      vertex 3.23282 -4.44958 10.8
      vertex 2.49693 -4.90053 10.8
    endloop
  endfacet
  facet normal 0 0 -1
    outer loop
      vertex 0.522089 -1.02466 10.8
      vertex 2.49693 -4.90053 10.8
      vertex 1.69958 -5.2308 10.8
    endloop
  endfacet
  facet normal 0 0 -1
    outer loop
      vertex 4.90053 -2.49693 10.8
      vertex 1.15 0 10.8
      vertex 1.13584 0.179899 10.8
    endloop
  endfacet
  facet normal 0 0 -1
    outer loop
      vertex 4.90053 -2.49693 10.8
      vertex 1.13584 0.179899 10.8
      vertex 1.09371 0.355369 10.8
    endloop
  endfacet
  facet normal 0 0 -1
    outer loop
      vertex 4.90053 -2.49693 10.8
      vertex 1.09371 0.355369 10.8
      vertex 1.02466 0.522089 10.8
    endloop
  endfacet
  facet normal -0 0 -1
    outer loop
      vertex 7.29391 8.03415 10.8
      vertex 0.675953 0.930369 10.8
      vertex 7.17671 8.17137 10.8
    endloop
  endfacet
  facet normal 0 0 -1
    outer loop
      vertex -1.45393 5.7635 10.8
      vertex 7.17671 8.17137 10.8
      vertex 0.675953 0.930369 10.8
    endloop
  endfacet
  facet normal -0 0 -1
    outer loop
      vertex 7.17671 8.17137 10.8
      vertex -1.45393 5.7635 10.8
      vertex 7.08242 8.32524 10.8
    endloop
  endfacet
  facet normal -0 0 -1
    outer loop
      vertex 7.08242 8.32524 10.8
      vertex -1.45393 5.7635 10.8
      vertex 7.01337 8.49196 10.8
    endloop
  endfacet
  facet normal 0 0 -1
    outer loop
      vertex -1.45393 5.7635 10.8
      vertex 0.675953 0.930369 10.8
      vertex 0.522089 1.02466 10.8
    endloop
  endfacet
  facet normal 0 0 -1
    outer loop
      vertex -1.45393 5.7635 10.8
      vertex 0.522089 1.02466 10.8
      vertex 0.355369 1.09371 10.8
    endloop
  endfacet
  facet normal 0 0 -1
    outer loop
      vertex -1.45393 5.7635 10.8
      vertex 0.355369 1.09371 10.8
      vertex 0.179899 1.13584 10.8
    endloop
  endfacet
  facet normal 0 0 -1
    outer loop
      vertex -1.45393 5.7635 10.8
      vertex 0.179899 1.13584 10.8
      vertex 0 1.15 10.8
    endloop
  endfacet
  facet normal 0 0 -1
    outer loop
      vertex -1.45393 5.7635 10.8
      vertex 0 1.15 10.8
      vertex -0.179899 1.13584 10.8
    endloop
  endfacet
  facet normal 0 0 -1
    outer loop
      vertex -1.45393 5.7635 10.8
      vertex -0.179899 1.13584 10.8
      vertex -0.355369 1.09371 10.8
    endloop
  endfacet
  facet normal 0 0 -1
    outer loop
      vertex -1.45393 5.7635 10.8
      vertex -0.355369 1.09371 10.8
      vertex -0.522089 1.02466 10.8
    endloop
  endfacet
  facet normal 0 0 -1
    outer loop
      vertex -1.45393 5.7635 10.8
      vertex -0.522089 1.02466 10.8
      vertex -0.675953 0.930369 10.8
    endloop
  endfacet
  facet normal 0 0 -1
    outer loop
      vertex -1.45393 5.7635 10.8
      vertex -0.675953 0.930369 10.8
      vertex -0.813172 0.813172 10.8
    endloop
  endfacet
  facet normal 0 0 -1
    outer loop
      vertex -1.45393 5.7635 10.8
      vertex -0.813172 0.813172 10.8
      vertex -0.930369 0.675953 10.8
    endloop
  endfacet
  facet normal -0 0 -1
    outer loop
      vertex 6.95708 8.84733 10.8
      vertex -1.45393 5.7635 10.8
      vertex 6.22617 11.4362 10.8
    endloop
  endfacet
  facet normal 0 0 -1
    outer loop
      vertex -1.02466 0.522089 10.8
      vertex -1.45393 5.7635 10.8
      vertex -0.930369 0.675953 10.8
    endloop
  endfacet
  facet normal 0 0 -1
    outer loop
      vertex -1.09371 0.355369 10.8
      vertex -1.45393 5.7635 10.8
      vertex -1.02466 0.522089 10.8
    endloop
  endfacet
  facet normal 0 0 -1
    outer loop
      vertex -1.13584 0.179899 10.8
      vertex -1.45393 5.7635 10.8
      vertex -1.09371 0.355369 10.8
    endloop
  endfacet
  facet normal -0 0 -1
    outer loop
      vertex -1.09371 -0.355369 10.8
      vertex -6.6 -4.5 10.8
      vertex -1.13584 -0.179899 10.8
    endloop
  endfacet
  facet normal -0 0 -1
    outer loop
      vertex 10.9583 10.3001 10.8
      vertex 9.13174 9.36942 10.8
      vertex 10.6959 10.7282 10.8
    endloop
  endfacet
  facet normal -0 0 -1
    outer loop
      vertex 10.6959 10.7282 10.8
      vertex 9.03745 9.52328 10.8
      vertex 10.3698 11.1101 10.8
    endloop
  endfacet
  facet normal 0 0 -1
    outer loop
      vertex 8.92025 9.6605 10.8
      vertex 10.3698 11.1101 10.8
      vertex 9.03745 9.52328 10.8
    endloop
  endfacet
  facet normal -0 0 -1
    outer loop
      vertex 10.3698 11.1101 10.8
      vertex 8.92025 9.6605 10.8
      vertex 9.98799 11.4362 10.8
    endloop
  endfacet
  facet normal 0 0 -1
    outer loop
      vertex 8.78304 9.7777 10.8
      vertex 9.98799 11.4362 10.8
      vertex 8.92025 9.6605 10.8
    endloop
  endfacet
  facet normal -0 0 -1
    outer loop
      vertex 9.98799 11.4362 10.8
      vertex 8.78304 9.7777 10.8
      vertex 9.55984 11.6985 10.8
    endloop
  endfacet
  facet normal 0 0 -1
    outer loop
      vertex 8.62917 9.87199 10.8
      vertex 9.55984 11.6985 10.8
      vertex 8.78304 9.7777 10.8
    endloop
  endfacet
  facet normal -0 0 -1
    outer loop
      vertex 9.55984 11.6985 10.8
      vertex 8.62917 9.87199 10.8
      vertex 9.09593 11.8907 10.8
    endloop
  endfacet
  facet normal 0 0 -1
    outer loop
      vertex 8.46245 9.94104 10.8
      vertex 9.09593 11.8907 10.8
      vertex 8.62917 9.87199 10.8
    endloop
  endfacet
  facet normal -0 0 -1
    outer loop
      vertex 9.09593 11.8907 10.8
      vertex 8.46245 9.94104 10.8
      vertex 8.60767 12.0079 10.8
    endloop
  endfacet
  facet normal 0 0 -1
    outer loop
      vertex 8.28698 9.98317 10.8
      vertex 8.60767 12.0079 10.8
      vertex 8.46245 9.94104 10.8
    endloop
  endfacet
  facet normal 0 0 -1
    outer loop
      vertex 8.10708 9.99733 10.8
      vertex 8.60767 12.0079 10.8
      vertex 8.28698 9.98317 10.8
    endloop
  endfacet
  facet normal 0 0 -1
    outer loop
      vertex 8.10708 9.99733 10.8
      vertex 8.10707 12.0473 10.8
      vertex 8.60767 12.0079 10.8
    endloop
  endfacet
  facet normal 0 0 -1
    outer loop
      vertex 7.92718 9.98317 10.8
      vertex 8.10707 12.0473 10.8
      vertex 8.10708 9.99733 10.8
    endloop
  endfacet
  facet normal 0 0 -1
    outer loop
      vertex 7.60649 12.0079 10.8
      vertex 7.92718 9.98317 10.8
      vertex 7.75171 9.94104 10.8
    endloop
  endfacet
  facet normal 0 0 -1
    outer loop
      vertex 7.92718 9.98317 10.8
      vertex 7.60649 12.0079 10.8
      vertex 8.10707 12.0473 10.8
    endloop
  endfacet
  facet normal 0 0 -1
    outer loop
      vertex 7.11823 11.8907 10.8
      vertex 7.75171 9.94104 10.8
      vertex 7.58499 9.87199 10.8
    endloop
  endfacet
  facet normal 0 0 -1
    outer loop
      vertex 6.65431 11.6985 10.8
      vertex 7.58499 9.87199 10.8
      vertex 7.43113 9.7777 10.8
    endloop
  endfacet
  facet normal 0 0 -1
    outer loop
      vertex 6.65431 11.6985 10.8
      vertex 7.43113 9.7777 10.8
      vertex 7.29391 9.6605 10.8
    endloop
  endfacet
  facet normal 0 0 -1
    outer loop
      vertex 6.65431 11.6985 10.8
      vertex 7.29391 9.6605 10.8
      vertex 7.17671 9.52328 10.8
    endloop
  endfacet
  facet normal 0 0 -1
    outer loop
      vertex 7.75171 9.94104 10.8
      vertex 7.11823 11.8907 10.8
      vertex 7.60649 12.0079 10.8
    endloop
  endfacet
  facet normal 0 0 -1
    outer loop
      vertex 6.65431 11.6985 10.8
      vertex 7.17671 9.52328 10.8
      vertex 7.08242 9.36942 10.8
    endloop
  endfacet
  facet normal 0 0 -1
    outer loop
      vertex 6.65431 11.6985 10.8
      vertex 7.08242 9.36942 10.8
      vertex 7.01337 9.2027 10.8
    endloop
  endfacet
  facet normal 0 0 -1
    outer loop
      vertex 6.65431 11.6985 10.8
      vertex 7.01337 9.2027 10.8
      vertex 6.97124 9.02723 10.8
    endloop
  endfacet
  facet normal 0 0 -1
    outer loop
      vertex 6.65431 11.6985 10.8
      vertex 6.97124 9.02723 10.8
      vertex 6.95708 8.84733 10.8
    endloop
  endfacet
  facet normal 0 0 -1
    outer loop
      vertex 7.58499 9.87199 10.8
      vertex 6.65431 11.6985 10.8
      vertex 7.11823 11.8907 10.8
    endloop
  endfacet
  facet normal 0 0 -1
    outer loop
      vertex -6.62463 4.81287 10.8
      vertex -1.45393 5.7635 10.8
      vertex -6.6 4.5 10.8
    endloop
  endfacet
  facet normal 0 0 -1
    outer loop
      vertex -6.69788 5.11803 10.8
      vertex -1.45393 5.7635 10.8
      vertex -6.62463 4.81287 10.8
    endloop
  endfacet
  facet normal -0 0 -1
    outer loop
      vertex -1.45393 5.7635 10.8
      vertex -6.69788 5.11803 10.8
      vertex -6.59999 6.5 10.8
    endloop
  endfacet
  facet normal 0 0 -1
    outer loop
      vertex -6.81799 5.40797 10.8
      vertex -6.59999 6.5 10.8
      vertex -6.69788 5.11803 10.8
    endloop
  endfacet
  facet normal 0 0 -1
    outer loop
      vertex -6.98197 5.67557 10.8
      vertex -6.59999 6.5 10.8
      vertex -6.81799 5.40797 10.8
    endloop
  endfacet
  facet normal 0 0 -1
    outer loop
      vertex -7.18578 5.91422 10.8
      vertex -6.59999 6.5 10.8
      vertex -6.98197 5.67557 10.8
    endloop
  endfacet
  facet normal 0 0 -1
    outer loop
      vertex -7.42443 6.11803 10.8
      vertex -6.59999 6.5 10.8
      vertex -7.18578 5.91422 10.8
    endloop
  endfacet
  facet normal 0 0 -1
    outer loop
      vertex -7.59999 6.5 10.8
      vertex -7.42443 6.11803 10.8
      vertex -7.59999 6.22561 10.8
    endloop
  endfacet
  facet normal 0 0 -1
    outer loop
      vertex -7.42443 6.11803 10.8
      vertex -7.59999 6.5 10.8
      vertex -6.59999 6.5 10.8
    endloop
  endfacet
  facet normal 0 1 -0
    outer loop
      vertex -6.59999 6.5 10.8
      vertex -7.59999 6.5 15
      vertex -6.59999 6.5 15
    endloop
  endfacet
  facet normal 0 1 0
    outer loop
      vertex -7.59999 6.5 15
      vertex -6.59999 6.5 10.8
      vertex -7.59999 6.5 10.8
    endloop
  endfacet
  facet normal 0.141676 0.989913 -0
    outer loop
      vertex -1.45393 5.7635 10.8
      vertex -6.59999 6.5 15
      vertex -1.45393 5.7635 15
    endloop
  endfacet
  facet normal 0.141676 0.989913 0
    outer loop
      vertex -6.59999 6.5 15
      vertex -1.45393 5.7635 10.8
      vertex -6.59999 6.5 10.8
    endloop
  endfacet
  facet normal -0.594127 0.804371 0
    outer loop
      vertex 6.22617 11.4362 10.8
      vertex -1.45393 5.7635 15
      vertex 6.22617 11.4362 15
    endloop
  endfacet
  facet normal -0.594127 0.804371 0
    outer loop
      vertex -1.45393 5.7635 15
      vertex 6.22617 11.4362 10.8
      vertex -1.45393 5.7635 10.8
    endloop
  endfacet
  facet normal -0.522405 0.852697 0
    outer loop
      vertex 6.65431 11.6985 10.8
      vertex 6.22617 11.4362 15
      vertex 6.65431 11.6985 15
    endloop
  endfacet
  facet normal -0.522405 0.852697 0
    outer loop
      vertex 6.22617 11.4362 15
      vertex 6.65431 11.6985 10.8
      vertex 6.22617 11.4362 10.8
    endloop
  endfacet
  facet normal -0.382748 0.923853 0
    outer loop
      vertex 7.11823 11.8907 10.8
      vertex 6.65431 11.6985 15
      vertex 7.11823 11.8907 15
    endloop
  endfacet
  facet normal -0.382748 0.923853 0
    outer loop
      vertex 6.65431 11.6985 15
      vertex 7.11823 11.8907 10.8
      vertex 6.65431 11.6985 10.8
    endloop
  endfacet
  facet normal -0.233406 0.972379 0
    outer loop
      vertex 7.60649 12.0079 10.8
      vertex 7.11823 11.8907 15
      vertex 7.60649 12.0079 15
    endloop
  endfacet
  facet normal -0.233406 0.972379 0
    outer loop
      vertex 7.11823 11.8907 15
      vertex 7.60649 12.0079 10.8
      vertex 7.11823 11.8907 10.8
    endloop
  endfacet
  facet normal -0.078466 0.996917 0
    outer loop
      vertex 8.10707 12.0473 10.8
      vertex 7.60649 12.0079 15
      vertex 8.10707 12.0473 15
    endloop
  endfacet
  facet normal -0.078466 0.996917 0
    outer loop
      vertex 7.60649 12.0079 15
      vertex 8.10707 12.0473 10.8
      vertex 7.60649 12.0079 10.8
    endloop
  endfacet
  facet normal 0.0784629 0.996917 -0
    outer loop
      vertex 8.60767 12.0079 10.8
      vertex 8.10707 12.0473 15
      vertex 8.60767 12.0079 15
    endloop
  endfacet
  facet normal 0.0784629 0.996917 0
    outer loop
      vertex 8.10707 12.0473 15
      vertex 8.60767 12.0079 10.8
      vertex 8.10707 12.0473 10.8
    endloop
  endfacet
  facet normal 0.233406 0.972379 -0
    outer loop
      vertex 9.09593 11.8907 10.8
      vertex 8.60767 12.0079 15
      vertex 9.09593 11.8907 15
    endloop
  endfacet
  facet normal 0.233406 0.972379 0
    outer loop
      vertex 8.60767 12.0079 15
      vertex 9.09593 11.8907 10.8
      vertex 8.60767 12.0079 10.8
    endloop
  endfacet
  facet normal 0.382755 0.92385 -0
    outer loop
      vertex 9.55984 11.6985 10.8
      vertex 9.09593 11.8907 15
      vertex 9.55984 11.6985 15
    endloop
  endfacet
  facet normal 0.382755 0.92385 0
    outer loop
      vertex 9.09593 11.8907 15
      vertex 9.55984 11.6985 10.8
      vertex 9.09593 11.8907 10.8
    endloop
  endfacet
  facet normal 0.522396 0.852703 -0
    outer loop
      vertex 9.98799 11.4362 10.8
      vertex 9.55984 11.6985 15
      vertex 9.98799 11.4362 15
    endloop
  endfacet
  facet normal 0.522396 0.852703 0
    outer loop
      vertex 9.55984 11.6985 15
      vertex 9.98799 11.4362 10.8
      vertex 9.55984 11.6985 10.8
    endloop
  endfacet
  facet normal 0.649452 0.760403 -0
    outer loop
      vertex 10.3698 11.1101 10.8
      vertex 9.98799 11.4362 15
      vertex 10.3698 11.1101 15
    endloop
  endfacet
  facet normal 0.649452 0.760403 0
    outer loop
      vertex 9.98799 11.4362 15
      vertex 10.3698 11.1101 10.8
      vertex 9.98799 11.4362 10.8
    endloop
  endfacet
  facet normal 0.760478 0.649364 0
    outer loop
      vertex 10.6959 10.7282 15
      vertex 10.3698 11.1101 10.8
      vertex 10.3698 11.1101 15
    endloop
  endfacet
  facet normal 0.760478 0.649364 0
    outer loop
      vertex 10.3698 11.1101 10.8
      vertex 10.6959 10.7282 15
      vertex 10.6959 10.7282 10.8
    endloop
  endfacet
  facet normal 0.852587 0.522585 0
    outer loop
      vertex 10.9583 10.3001 15
      vertex 10.6959 10.7282 10.8
      vertex 10.6959 10.7282 15
    endloop
  endfacet
  facet normal 0.852587 0.522585 0
    outer loop
      vertex 10.6959 10.7282 10.8
      vertex 10.9583 10.3001 15
      vertex 10.9583 10.3001 10.8
    endloop
  endfacet
  facet normal 0.923853 0.382748 0
    outer loop
      vertex 11.1505 9.83618 15
      vertex 10.9583 10.3001 10.8
      vertex 10.9583 10.3001 15
    endloop
  endfacet
  facet normal 0.923853 0.382748 0
    outer loop
      vertex 10.9583 10.3001 10.8
      vertex 11.1505 9.83618 15
      vertex 11.1505 9.83618 10.8
    endloop
  endfacet
  facet normal 0.972379 0.233406 0
    outer loop
      vertex 11.2677 9.34792 15
      vertex 11.1505 9.83618 10.8
      vertex 11.1505 9.83618 15
    endloop
  endfacet
  facet normal 0.972379 0.233406 0
    outer loop
      vertex 11.1505 9.83618 10.8
      vertex 11.2677 9.34792 15
      vertex 11.2677 9.34792 10.8
    endloop
  endfacet
  facet normal 0.996917 0.0784629 0
    outer loop
      vertex 11.3071 8.84732 15
      vertex 11.2677 9.34792 10.8
      vertex 11.2677 9.34792 15
    endloop
  endfacet
  facet normal 0.996917 0.0784629 0
    outer loop
      vertex 11.2677 9.34792 10.8
      vertex 11.3071 8.84732 15
      vertex 11.3071 8.84732 10.8
    endloop
  endfacet
  facet normal 0.996917 -0.0784645 0
    outer loop
      vertex 11.2677 8.34673 15
      vertex 11.3071 8.84732 10.8
      vertex 11.3071 8.84732 15
    endloop
  endfacet
  facet normal 0.996917 -0.0784645 0
    outer loop
      vertex 11.3071 8.84732 10.8
      vertex 11.2677 8.34673 15
      vertex 11.2677 8.34673 10.8
    endloop
  endfacet
  facet normal 0.97238 -0.233402 0
    outer loop
      vertex 11.1505 7.85846 15
      vertex 11.2677 8.34673 10.8
      vertex 11.2677 8.34673 15
    endloop
  endfacet
  facet normal 0.97238 -0.233402 0
    outer loop
      vertex 11.2677 8.34673 10.8
      vertex 11.1505 7.85846 15
      vertex 11.1505 7.85846 10.8
    endloop
  endfacet
  facet normal 0.92385 -0.382755 0
    outer loop
      vertex 10.9583 7.39455 15
      vertex 11.1505 7.85846 10.8
      vertex 11.1505 7.85846 15
    endloop
  endfacet
  facet normal 0.92385 -0.382755 0
    outer loop
      vertex 11.1505 7.85846 10.8
      vertex 10.9583 7.39455 15
      vertex 10.9583 7.39455 10.8
    endloop
  endfacet
  facet normal 0.852784 -0.522264 0
    outer loop
      vertex 4.90053 -2.49693 15
      vertex 10.9583 7.39455 10.8
      vertex 10.9583 7.39455 15
    endloop
  endfacet
  facet normal 0.852784 -0.522264 0
    outer loop
      vertex 10.9583 7.39455 10.8
      vertex 4.90053 -2.49693 15
      vertex 4.90053 -2.49693 10.8
    endloop
  endfacet
  facet normal 0.852642 -0.522495 0
    outer loop
      vertex 4.44958 -3.23282 15
      vertex 4.90053 -2.49693 10.8
      vertex 4.90053 -2.49693 15
    endloop
  endfacet
  facet normal 0.852642 -0.522495 0
    outer loop
      vertex 4.90053 -2.49693 10.8
      vertex 4.44958 -3.23282 15
      vertex 4.44958 -3.23282 10.8
    endloop
  endfacet
  facet normal 0.760405 -0.649449 0
    outer loop
      vertex 3.88908 -3.88908 15
      vertex 4.44958 -3.23282 10.8
      vertex 4.44958 -3.23282 15
    endloop
  endfacet
  facet normal 0.760405 -0.649449 0
    outer loop
      vertex 4.44958 -3.23282 10.8
      vertex 3.88908 -3.88908 15
      vertex 3.88908 -3.88908 10.8
    endloop
  endfacet
  facet normal 0.649449 -0.760405 0
    outer loop
      vertex 3.23282 -4.44958 10.8
      vertex 3.88908 -3.88908 15
      vertex 3.23282 -4.44958 15
    endloop
  endfacet
  facet normal 0.649449 -0.760405 0
    outer loop
      vertex 3.88908 -3.88908 15
      vertex 3.23282 -4.44958 10.8
      vertex 3.88908 -3.88908 10.8
    endloop
  endfacet
  facet normal 0.522495 -0.852642 0
    outer loop
      vertex 2.49693 -4.90053 10.8
      vertex 3.23282 -4.44958 15
      vertex 2.49693 -4.90053 15
    endloop
  endfacet
  facet normal 0.522495 -0.852642 0
    outer loop
      vertex 3.23282 -4.44958 15
      vertex 2.49693 -4.90053 10.8
      vertex 3.23282 -4.44958 10.8
    endloop
  endfacet
  facet normal 0.38268 -0.923881 0
    outer loop
      vertex 1.69958 -5.2308 10.8
      vertex 2.49693 -4.90053 15
      vertex 1.69958 -5.2308 15
    endloop
  endfacet
  facet normal 0.38268 -0.923881 0
    outer loop
      vertex 2.49693 -4.90053 15
      vertex 1.69958 -5.2308 10.8
      vertex 2.49693 -4.90053 10.8
    endloop
  endfacet
  facet normal 0.233452 -0.972368 0
    outer loop
      vertex 0.860382 -5.43228 10.8
      vertex 1.69958 -5.2308 15
      vertex 0.860382 -5.43228 15
    endloop
  endfacet
  facet normal 0.233452 -0.972368 0
    outer loop
      vertex 1.69958 -5.2308 15
      vertex 0.860382 -5.43228 10.8
      vertex 1.69958 -5.2308 10.8
    endloop
  endfacet
  facet normal 0.141675 -0.989913 0
    outer loop
      vertex -6.59999 -6.5 10.8
      vertex 0.860382 -5.43228 15
      vertex -6.59999 -6.5 15
    endloop
  endfacet
  facet normal 0.141675 -0.989913 0
    outer loop
      vertex 0.860382 -5.43228 15
      vertex -6.59999 -6.5 10.8
      vertex 0.860382 -5.43228 10.8
    endloop
  endfacet
  facet normal 0 -1 0
    outer loop
      vertex -7.59999 -6.5 10.8
      vertex -6.59999 -6.5 15
      vertex -7.59999 -6.5 15
    endloop
  endfacet
  facet normal 0 -1 -0
    outer loop
      vertex -6.59999 -6.5 15
      vertex -7.59999 -6.5 10.8
      vertex -6.59999 -6.5 10.8
    endloop
  endfacet
  facet normal -1 0 0
    outer loop
      vertex -7.59999 -6.5 10.8
      vertex -7.59999 -6.22561 15
      vertex -7.59999 -6.22561 10.8
    endloop
  endfacet
  facet normal -1 -0 0
    outer loop
      vertex -7.59999 -6.22561 15
      vertex -7.59999 -6.5 10.8
      vertex -7.59999 -6.5 15
    endloop
  endfacet
  facet normal -1 0 0
    outer loop
      vertex -7.59999 6.22561 10.8
      vertex -7.59999 6.5 15
      vertex -7.59999 6.5 10.8
    endloop
  endfacet
  facet normal -1 -0 0
    outer loop
      vertex -7.59999 6.5 15
      vertex -7.59999 6.22561 10.8
      vertex -7.59999 6.22561 15
    endloop
  endfacet
  facet normal -0.382736 -0.923858 0
    outer loop
      vertex -27.6884 -6.28201 0
      vertex -27.3985 -6.40211 15
      vertex -27.6884 -6.28201 15
    endloop
  endfacet
  facet normal -0.382736 -0.923858 -0
    outer loop
      vertex -27.3985 -6.40211 15
      vertex -27.6884 -6.28201 0
      vertex -27.3985 -6.40211 0
    endloop
  endfacet
  facet normal -0.233409 -0.972379 0
    outer loop
      vertex -27.3985 -6.40211 0
      vertex -27.0933 -6.47537 15
      vertex -27.3985 -6.40211 15
    endloop
  endfacet
  facet normal -0.233409 -0.972379 -0
    outer loop
      vertex -27.0933 -6.47537 15
      vertex -27.3985 -6.40211 0
      vertex -27.0933 -6.47537 0
    endloop
  endfacet
  facet normal -0.85262 0.522532 0
    outer loop
      vertex -28.5625 5.40797 0
      vertex -28.3985 5.67557 4.5
      vertex -28.3985 5.67557 0
    endloop
  endfacet
  facet normal -0.85262 0.522532 0
    outer loop
      vertex -28.3985 5.67557 4.5
      vertex -28.5625 5.40797 0
      vertex -28.5625 5.40797 4.5
    endloop
  endfacet
  facet normal -0.85262 0.522532 0
    outer loop
      vertex -28.5625 5.40797 10.5
      vertex -28.3985 5.67557 15
      vertex -28.3985 5.67557 10.5
    endloop
  endfacet
  facet normal -0.85262 0.522532 0
    outer loop
      vertex -28.3985 5.67557 15
      vertex -28.5625 5.40797 10.5
      vertex -28.5625 5.40797 15
    endloop
  endfacet
  facet normal -0.522486 0.852648 8.91733e-06
    outer loop
      vertex -27.6884 6.28201 15
      vertex -27.7805 6.22562 10.5
      vertex -27.956 6.11803 15
    endloop
  endfacet
  facet normal -0.522169 0.852842 0
    outer loop
      vertex -27.6884 6.28201 15
      vertex -27.7805 6.22562 4.5
      vertex -27.7805 6.22562 10.5
    endloop
  endfacet
  facet normal -0.522169 0.852842 0
    outer loop
      vertex -27.6884 6.28201 0
      vertex -27.7805 6.22562 4.5
      vertex -27.6884 6.28201 15
    endloop
  endfacet
  facet normal -0.522486 0.852648 -8.91733e-06
    outer loop
      vertex -27.956 6.11803 0
      vertex -27.7805 6.22562 4.5
      vertex -27.6884 6.28201 0
    endloop
  endfacet
  facet normal -0.522652 0.852546 0
    outer loop
      vertex -27.7805 6.22562 4.5
      vertex -27.956 6.11803 0
      vertex -27.956 6.11803 4.5
    endloop
  endfacet
  facet normal -0.522652 0.852546 0
    outer loop
      vertex -27.956 6.11803 15
      vertex -27.7805 6.22562 10.5
      vertex -27.956 6.11803 10.5
    endloop
  endfacet
  facet normal 0.382691 -0.923876 0
    outer loop
      vertex -7.98197 -6.40211 0
      vertex -7.69203 -6.28201 15
      vertex -7.98197 -6.40211 15
    endloop
  endfacet
  facet normal 0.382691 -0.923876 0
    outer loop
      vertex -7.69203 -6.28201 15
      vertex -7.98197 -6.40211 0
      vertex -7.69203 -6.28201 0
    endloop
  endfacet
  facet normal 0.852648 -0.522486 0
    outer loop
      vertex -6.98197 -5.67557 10.8
      vertex -6.81799 -5.40797 4.2
      vertex -6.81799 -5.40797 10.8
    endloop
  endfacet
  facet normal 0.852648 -0.522486 0
    outer loop
      vertex -6.81799 -5.40797 4.2
      vertex -6.98197 -5.67557 10.8
      vertex -6.98197 -5.67557 4.2
    endloop
  endfacet
  facet normal -0.0784725 -0.996916 0
    outer loop
      vertex -27.0933 -6.47537 0
      vertex -26.7804 -6.5 15
      vertex -27.0933 -6.47537 15
    endloop
  endfacet
  facet normal -0.0784725 -0.996916 -0
    outer loop
      vertex -26.7804 -6.5 15
      vertex -27.0933 -6.47537 0
      vertex -26.7804 -6.5 0
    endloop
  endfacet
  facet normal 0.522484 -0.852649 0
    outer loop
      vertex -7.69203 -6.28201 15
      vertex -7.59999 -6.22561 10.8
      vertex -7.59999 -6.22561 15
    endloop
  endfacet
  facet normal 0.522487 -0.852647 0
    outer loop
      vertex -7.59999 -6.22561 10.8
      vertex -7.59999 -6.22561 4.2
      vertex -7.42443 -6.11803 10.8
    endloop
  endfacet
  facet normal 0.522484 -0.852649 0
    outer loop
      vertex -7.69203 -6.28201 15
      vertex -7.59999 -6.22561 4.2
      vertex -7.59999 -6.22561 10.8
    endloop
  endfacet
  facet normal 0.522484 -0.852649 0
    outer loop
      vertex -7.69203 -6.28201 0
      vertex -7.59999 -6.22561 4.2
      vertex -7.69203 -6.28201 15
    endloop
  endfacet
  facet normal 0.522484 -0.852649 0
    outer loop
      vertex -7.59999 -6.22561 4.2
      vertex -7.69203 -6.28201 0
      vertex -7.59999 -6.22561 0
    endloop
  endfacet
  facet normal 0.522487 -0.852647 0
    outer loop
      vertex -7.42443 -6.11803 10.8
      vertex -7.59999 -6.22561 4.2
      vertex -7.42443 -6.11803 4.2
    endloop
  endfacet
  facet normal -0.923876 0.382691 0
    outer loop
      vertex -28.6826 5.11803 0
      vertex -28.5625 5.40797 4.5
      vertex -28.5625 5.40797 0
    endloop
  endfacet
  facet normal -0.923876 0.382691 0
    outer loop
      vertex -28.5625 5.40797 4.5
      vertex -28.6826 5.11803 0
      vertex -28.6826 5.11803 4.5
    endloop
  endfacet
  facet normal -0.923876 0.382691 0
    outer loop
      vertex -28.6826 5.11803 10.5
      vertex -28.5625 5.40797 15
      vertex -28.5625 5.40797 10.5
    endloop
  endfacet
  facet normal -0.923876 0.382691 0
    outer loop
      vertex -28.5625 5.40797 15
      vertex -28.6826 5.11803 10.5
      vertex -28.6826 5.11803 15
    endloop
  endfacet
  facet normal 0 -1 0
    outer loop
      vertex -26.7804 -6.5 0
      vertex -8.6 -6.5 15
      vertex -26.7804 -6.5 15
    endloop
  endfacet
  facet normal 0 -1 -0
    outer loop
      vertex -8.6 -6.5 15
      vertex -26.7804 -6.5 0
      vertex -8.6 -6.5 0
    endloop
  endfacet
  facet normal 0.649418 0.760432 -0
    outer loop
      vertex -7.18578 5.91422 4.2
      vertex -7.42443 6.11803 10.8
      vertex -7.18578 5.91422 10.8
    endloop
  endfacet
  facet normal 0.649418 0.760432 0
    outer loop
      vertex -7.42443 6.11803 10.8
      vertex -7.18578 5.91422 4.2
      vertex -7.42443 6.11803 4.2
    endloop
  endfacet
  facet normal 0.522487 0.852647 0
    outer loop
      vertex -7.42443 6.11803 10.8
      vertex -7.42443 6.11803 4.2
      vertex -7.59999 6.22561 10.8
    endloop
  endfacet
  facet normal 0.522484 0.852649 -0
    outer loop
      vertex -7.59999 6.22561 10.8
      vertex -7.69203 6.28201 15
      vertex -7.59999 6.22561 15
    endloop
  endfacet
  facet normal 0.522487 0.852647 -0
    outer loop
      vertex -7.59999 6.22561 4.2
      vertex -7.59999 6.22561 10.8
      vertex -7.42443 6.11803 4.2
    endloop
  endfacet
  facet normal 0.522484 0.852649 -0
    outer loop
      vertex -7.59999 6.22561 4.2
      vertex -7.69203 6.28201 15
      vertex -7.59999 6.22561 10.8
    endloop
  endfacet
  facet normal 0.522484 0.852649 0
    outer loop
      vertex -7.69203 6.28201 0
      vertex -7.59999 6.22561 4.2
      vertex -7.59999 6.22561 0
    endloop
  endfacet
  facet normal 0.522484 0.852649 0
    outer loop
      vertex -7.59999 6.22561 4.2
      vertex -7.69203 6.28201 0
      vertex -7.69203 6.28201 15
    endloop
  endfacet
  facet normal -0.923876 -0.382691 0
    outer loop
      vertex -28.5625 -5.40797 0
      vertex -28.6826 -5.11803 4.5
      vertex -28.6826 -5.11803 0
    endloop
  endfacet
  facet normal -0.923876 -0.382691 0
    outer loop
      vertex -28.6826 -5.11803 4.5
      vertex -28.5625 -5.40797 0
      vertex -28.5625 -5.40797 4.5
    endloop
  endfacet
  facet normal -0.923876 -0.382691 0
    outer loop
      vertex -28.5625 -5.40797 10.5
      vertex -28.6826 -5.11803 15
      vertex -28.6826 -5.11803 10.5
    endloop
  endfacet
  facet normal -0.923876 -0.382691 0
    outer loop
      vertex -28.6826 -5.11803 15
      vertex -28.5625 -5.40797 10.5
      vertex -28.5625 -5.40797 15
    endloop
  endfacet
  facet normal -1 0 0
    outer loop
      vertex -28.7804 -4.5 10.5
      vertex -28.7804 4.5 15
      vertex -28.7804 4.5 10.5
    endloop
  endfacet
  facet normal -1 -0 0
    outer loop
      vertex -28.7804 4.5 15
      vertex -28.7804 -4.5 10.5
      vertex -28.7804 -4.5 15
    endloop
  endfacet
  facet normal -1 0 0
    outer loop
      vertex -28.7804 -4.5 0
      vertex -28.7804 4.5 4.5
      vertex -28.7804 4.5 0
    endloop
  endfacet
  facet normal -1 -0 0
    outer loop
      vertex -28.7804 4.5 4.5
      vertex -28.7804 -4.5 0
      vertex -28.7804 -4.5 4.5
    endloop
  endfacet
  facet normal 1 -0 0
    outer loop
      vertex -6.6 -4.5 10.8
      vertex -6.6 4.5 4.2
      vertex -6.6 4.5 10.8
    endloop
  endfacet
  facet normal 1 0 0
    outer loop
      vertex -6.6 4.5 4.2
      vertex -6.6 -4.5 10.8
      vertex -6.6 -4.5 4.2
    endloop
  endfacet
  facet normal 0.07848 0.996916 -0
    outer loop
      vertex -8.28713 6.47537 0
      vertex -8.6 6.5 15
      vertex -8.28713 6.47537 15
    endloop
  endfacet
  facet normal 0.07848 0.996916 0
    outer loop
      vertex -8.6 6.5 15
      vertex -8.28713 6.47537 0
      vertex -8.6 6.5 0
    endloop
  endfacet
  facet normal -0.649339 0.760499 0
    outer loop
      vertex -27.956 6.11803 0
      vertex -28.1947 5.91422 4.5
      vertex -27.956 6.11803 4.5
    endloop
  endfacet
  facet normal -0.649339 0.760499 0
    outer loop
      vertex -28.1947 5.91422 4.5
      vertex -27.956 6.11803 0
      vertex -28.1947 5.91422 0
    endloop
  endfacet
  facet normal -0.649339 0.760499 0
    outer loop
      vertex -27.956 6.11803 10.5
      vertex -28.1947 5.91422 15
      vertex -27.956 6.11803 15
    endloop
  endfacet
  facet normal -0.649339 0.760499 0
    outer loop
      vertex -28.1947 5.91422 15
      vertex -27.956 6.11803 10.5
      vertex -28.1947 5.91422 10.5
    endloop
  endfacet
  facet normal 0.972379 -0.233408 0
    outer loop
      vertex -6.69788 -5.11803 10.8
      vertex -6.62463 -4.81287 4.2
      vertex -6.62463 -4.81287 10.8
    endloop
  endfacet
  facet normal 0.972379 -0.233408 0
    outer loop
      vertex -6.62463 -4.81287 4.2
      vertex -6.69788 -5.11803 10.8
      vertex -6.69788 -5.11803 4.2
    endloop
  endfacet
  facet normal 0.972379 0.233408 0
    outer loop
      vertex -6.62463 4.81287 10.8
      vertex -6.69788 5.11803 4.2
      vertex -6.69788 5.11803 10.8
    endloop
  endfacet
  facet normal 0.972379 0.233408 0
    outer loop
      vertex -6.69788 5.11803 4.2
      vertex -6.62463 4.81287 10.8
      vertex -6.62463 4.81287 4.2
    endloop
  endfacet
  facet normal 0.233438 -0.972372 0
    outer loop
      vertex -8.28713 -6.47537 0
      vertex -7.98197 -6.40211 15
      vertex -8.28713 -6.47537 15
    endloop
  endfacet
  facet normal 0.233438 -0.972372 0
    outer loop
      vertex -7.98197 -6.40211 15
      vertex -8.28713 -6.47537 0
      vertex -7.98197 -6.40211 0
    endloop
  endfacet
  facet normal 0.760432 0.649418 0
    outer loop
      vertex -6.98197 5.67557 10.8
      vertex -7.18578 5.91422 4.2
      vertex -7.18578 5.91422 10.8
    endloop
  endfacet
  facet normal 0.760432 0.649418 0
    outer loop
      vertex -7.18578 5.91422 4.2
      vertex -6.98197 5.67557 10.8
      vertex -6.98197 5.67557 4.2
    endloop
  endfacet
  facet normal -0.996923 -0.078385 0
    outer loop
      vertex -28.7558 -4.81287 10.5
      vertex -28.7804 -4.5 15
      vertex -28.7804 -4.5 10.5
    endloop
  endfacet
  facet normal -0.996923 -0.078385 0
    outer loop
      vertex -28.7804 -4.5 15
      vertex -28.7558 -4.81287 10.5
      vertex -28.7558 -4.81287 15
    endloop
  endfacet
  facet normal -0.996923 -0.078385 0
    outer loop
      vertex -28.7558 -4.81287 0
      vertex -28.7804 -4.5 4.5
      vertex -28.7804 -4.5 0
    endloop
  endfacet
  facet normal -0.996923 -0.078385 0
    outer loop
      vertex -28.7804 -4.5 4.5
      vertex -28.7558 -4.81287 0
      vertex -28.7558 -4.81287 4.5
    endloop
  endfacet
  facet normal 0 1 -0
    outer loop
      vertex -8.6 6.5 0
      vertex -26.7804 6.5 15
      vertex -8.6 6.5 15
    endloop
  endfacet
  facet normal 0 1 0
    outer loop
      vertex -26.7804 6.5 15
      vertex -8.6 6.5 0
      vertex -26.7804 6.5 0
    endloop
  endfacet
  facet normal -0.233409 0.972379 0
    outer loop
      vertex -27.0933 6.47537 0
      vertex -27.3985 6.40211 15
      vertex -27.0933 6.47537 15
    endloop
  endfacet
  facet normal -0.233409 0.972379 0
    outer loop
      vertex -27.3985 6.40211 15
      vertex -27.0933 6.47537 0
      vertex -27.3985 6.40211 0
    endloop
  endfacet
  facet normal 0.07848 -0.996916 0
    outer loop
      vertex -8.6 -6.5 0
      vertex -8.28713 -6.47537 15
      vertex -8.6 -6.5 15
    endloop
  endfacet
  facet normal 0.07848 -0.996916 0
    outer loop
      vertex -8.28713 -6.47537 15
      vertex -8.6 -6.5 0
      vertex -8.28713 -6.47537 0
    endloop
  endfacet
  facet normal 0.382691 0.923876 -0
    outer loop
      vertex -7.69203 6.28201 0
      vertex -7.98197 6.40211 15
      vertex -7.69203 6.28201 15
    endloop
  endfacet
  facet normal 0.382691 0.923876 0
    outer loop
      vertex -7.98197 6.40211 15
      vertex -7.69203 6.28201 0
      vertex -7.98197 6.40211 0
    endloop
  endfacet
  facet normal 0.760432 -0.649418 0
    outer loop
      vertex -7.18578 -5.91422 10.8
      vertex -6.98197 -5.67557 4.2
      vertex -6.98197 -5.67557 10.8
    endloop
  endfacet
  facet normal 0.760432 -0.649418 0
    outer loop
      vertex -6.98197 -5.67557 4.2
      vertex -7.18578 -5.91422 10.8
      vertex -7.18578 -5.91422 4.2
    endloop
  endfacet
  facet normal 0.923865 -0.382719 0
    outer loop
      vertex -6.81799 -5.40797 10.8
      vertex -6.69788 -5.11803 4.2
      vertex -6.69788 -5.11803 10.8
    endloop
  endfacet
  facet normal 0.923865 -0.382719 0
    outer loop
      vertex -6.69788 -5.11803 4.2
      vertex -6.81799 -5.40797 10.8
      vertex -6.81799 -5.40797 4.2
    endloop
  endfacet
  facet normal 0.233438 0.972372 -0
    outer loop
      vertex -7.98197 6.40211 0
      vertex -8.28713 6.47537 15
      vertex -7.98197 6.40211 15
    endloop
  endfacet
  facet normal 0.233438 0.972372 0
    outer loop
      vertex -8.28713 6.47537 15
      vertex -7.98197 6.40211 0
      vertex -8.28713 6.47537 0
    endloop
  endfacet
  facet normal -0.382736 0.923858 0
    outer loop
      vertex -27.3985 6.40211 0
      vertex -27.6884 6.28201 15
      vertex -27.3985 6.40211 15
    endloop
  endfacet
  facet normal -0.382736 0.923858 0
    outer loop
      vertex -27.6884 6.28201 15
      vertex -27.3985 6.40211 0
      vertex -27.6884 6.28201 0
    endloop
  endfacet
  facet normal 0.996916 -0.07848 0
    outer loop
      vertex -6.62463 -4.81287 10.8
      vertex -6.6 -4.5 4.2
      vertex -6.6 -4.5 10.8
    endloop
  endfacet
  facet normal 0.996916 -0.07848 0
    outer loop
      vertex -6.6 -4.5 4.2
      vertex -6.62463 -4.81287 10.8
      vertex -6.62463 -4.81287 4.2
    endloop
  endfacet
  facet normal 0.923865 0.382719 0
    outer loop
      vertex -6.69788 5.11803 10.8
      vertex -6.81799 5.40797 4.2
      vertex -6.81799 5.40797 10.8
    endloop
  endfacet
  facet normal 0.923865 0.382719 0
    outer loop
      vertex -6.81799 5.40797 4.2
      vertex -6.69788 5.11803 10.8
      vertex -6.69788 5.11803 4.2
    endloop
  endfacet
  facet normal -0.972415 -0.233257 0
    outer loop
      vertex -28.6826 -5.11803 10.5
      vertex -28.7558 -4.81287 15
      vertex -28.7558 -4.81287 10.5
    endloop
  endfacet
  facet normal -0.972415 -0.233257 0
    outer loop
      vertex -28.7558 -4.81287 15
      vertex -28.6826 -5.11803 10.5
      vertex -28.6826 -5.11803 15
    endloop
  endfacet
  facet normal -0.972415 -0.233257 0
    outer loop
      vertex -28.6826 -5.11803 0
      vertex -28.7558 -4.81287 4.5
      vertex -28.7558 -4.81287 0
    endloop
  endfacet
  facet normal -0.972415 -0.233257 0
    outer loop
      vertex -28.7558 -4.81287 4.5
      vertex -28.6826 -5.11803 0
      vertex -28.6826 -5.11803 4.5
    endloop
  endfacet
  facet normal 0.649418 -0.760432 0
    outer loop
      vertex -7.42443 -6.11803 4.2
      vertex -7.18578 -5.91422 10.8
      vertex -7.42443 -6.11803 10.8
    endloop
  endfacet
  facet normal 0.649418 -0.760432 0
    outer loop
      vertex -7.18578 -5.91422 10.8
      vertex -7.42443 -6.11803 4.2
      vertex -7.18578 -5.91422 4.2
    endloop
  endfacet
  facet normal 0.852648 0.522486 0
    outer loop
      vertex -6.81799 5.40797 10.8
      vertex -6.98197 5.67557 4.2
      vertex -6.98197 5.67557 10.8
    endloop
  endfacet
  facet normal 0.852648 0.522486 0
    outer loop
      vertex -6.98197 5.67557 4.2
      vertex -6.81799 5.40797 10.8
      vertex -6.81799 5.40797 4.2
    endloop
  endfacet
  facet normal -0.760447 -0.649399 0
    outer loop
      vertex -28.1947 -5.91422 10.5
      vertex -28.3985 -5.67557 15
      vertex -28.3985 -5.67557 10.5
    endloop
  endfacet
  facet normal -0.760447 -0.649399 0
    outer loop
      vertex -28.3985 -5.67557 15
      vertex -28.1947 -5.91422 10.5
      vertex -28.1947 -5.91422 15
    endloop
  endfacet
  facet normal -0.760447 -0.649399 0
    outer loop
      vertex -28.1947 -5.91422 0
      vertex -28.3985 -5.67557 4.5
      vertex -28.3985 -5.67557 0
    endloop
  endfacet
  facet normal -0.760447 -0.649399 0
    outer loop
      vertex -28.3985 -5.67557 4.5
      vertex -28.1947 -5.91422 0
      vertex -28.1947 -5.91422 4.5
    endloop
  endfacet
  facet normal 0.996916 0.07848 0
    outer loop
      vertex -6.6 4.5 10.8
      vertex -6.62463 4.81287 4.2
      vertex -6.62463 4.81287 10.8
    endloop
  endfacet
  facet normal 0.996916 0.07848 0
    outer loop
      vertex -6.62463 4.81287 4.2
      vertex -6.6 4.5 10.8
      vertex -6.6 4.5 4.2
    endloop
  endfacet
  facet normal -0.0784725 0.996916 0
    outer loop
      vertex -26.7804 6.5 0
      vertex -27.0933 6.47537 15
      vertex -26.7804 6.5 15
    endloop
  endfacet
  facet normal -0.0784725 0.996916 0
    outer loop
      vertex -27.0933 6.47537 15
      vertex -26.7804 6.5 0
      vertex -27.0933 6.47537 0
    endloop
  endfacet
  facet normal -0.760447 0.649399 0
    outer loop
      vertex -28.3985 5.67557 0
      vertex -28.1947 5.91422 4.5
      vertex -28.1947 5.91422 0
    endloop
  endfacet
  facet normal -0.760447 0.649399 0
    outer loop
      vertex -28.1947 5.91422 4.5
      vertex -28.3985 5.67557 0
      vertex -28.3985 5.67557 4.5
    endloop
  endfacet
  facet normal -0.760447 0.649399 0
    outer loop
      vertex -28.3985 5.67557 10.5
      vertex -28.1947 5.91422 15
      vertex -28.1947 5.91422 10.5
    endloop
  endfacet
  facet normal -0.760447 0.649399 0
    outer loop
      vertex -28.1947 5.91422 15
      vertex -28.3985 5.67557 10.5
      vertex -28.3985 5.67557 15
    endloop
  endfacet
  facet normal -0.996923 0.078385 0
    outer loop
      vertex -28.7804 4.5 0
      vertex -28.7558 4.81287 4.5
      vertex -28.7558 4.81287 0
    endloop
  endfacet
  facet normal -0.996923 0.078385 0
    outer loop
      vertex -28.7558 4.81287 4.5
      vertex -28.7804 4.5 0
      vertex -28.7804 4.5 4.5
    endloop
  endfacet
  facet normal -0.996923 0.078385 0
    outer loop
      vertex -28.7804 4.5 10.5
      vertex -28.7558 4.81287 15
      vertex -28.7558 4.81287 10.5
    endloop
  endfacet
  facet normal -0.996923 0.078385 0
    outer loop
      vertex -28.7558 4.81287 15
      vertex -28.7804 4.5 10.5
      vertex -28.7804 4.5 15
    endloop
  endfacet
  facet normal -0.972415 0.233257 0
    outer loop
      vertex -28.7558 4.81287 0
      vertex -28.6826 5.11803 4.5
      vertex -28.6826 5.11803 0
    endloop
  endfacet
  facet normal -0.972415 0.233257 0
    outer loop
      vertex -28.6826 5.11803 4.5
      vertex -28.7558 4.81287 0
      vertex -28.7558 4.81287 4.5
    endloop
  endfacet
  facet normal -0.972415 0.233257 0
    outer loop
      vertex -28.7558 4.81287 10.5
      vertex -28.6826 5.11803 15
      vertex -28.6826 5.11803 10.5
    endloop
  endfacet
  facet normal -0.972415 0.233257 0
    outer loop
      vertex -28.6826 5.11803 15
      vertex -28.7558 4.81287 10.5
      vertex -28.7558 4.81287 15
    endloop
  endfacet
  facet normal -0.649339 -0.760499 0
    outer loop
      vertex -28.1947 -5.91422 0
      vertex -27.956 -6.11803 4.5
      vertex -28.1947 -5.91422 4.5
    endloop
  endfacet
  facet normal -0.649339 -0.760499 -0
    outer loop
      vertex -27.956 -6.11803 4.5
      vertex -28.1947 -5.91422 0
      vertex -27.956 -6.11803 0
    endloop
  endfacet
  facet normal -0.649339 -0.760499 0
    outer loop
      vertex -28.1947 -5.91422 10.5
      vertex -27.956 -6.11803 15
      vertex -28.1947 -5.91422 15
    endloop
  endfacet
  facet normal -0.649339 -0.760499 -0
    outer loop
      vertex -27.956 -6.11803 15
      vertex -28.1947 -5.91422 10.5
      vertex -27.956 -6.11803 10.5
    endloop
  endfacet
  facet normal -0.85262 -0.522532 0
    outer loop
      vertex -28.3985 -5.67557 0
      vertex -28.5625 -5.40797 4.5
      vertex -28.5625 -5.40797 0
    endloop
  endfacet
  facet normal -0.85262 -0.522532 0
    outer loop
      vertex -28.5625 -5.40797 4.5
      vertex -28.3985 -5.67557 0
      vertex -28.3985 -5.67557 4.5
    endloop
  endfacet
  facet normal -0.85262 -0.522532 0
    outer loop
      vertex -28.3985 -5.67557 10.5
      vertex -28.5625 -5.40797 15
      vertex -28.5625 -5.40797 10.5
    endloop
  endfacet
  facet normal -0.85262 -0.522532 0
    outer loop
      vertex -28.5625 -5.40797 15
      vertex -28.3985 -5.67557 10.5
      vertex -28.3985 -5.67557 15
    endloop
  endfacet
  facet normal -0.522652 -0.852546 -0
    outer loop
      vertex -27.956 -6.11803 4.5
      vertex -27.956 -6.11803 0
      vertex -27.7805 -6.22562 4.5
    endloop
  endfacet
  facet normal -0.522652 -0.852546 0
    outer loop
      vertex -27.7805 -6.22562 10.5
      vertex -27.956 -6.11803 15
      vertex -27.956 -6.11803 10.5
    endloop
  endfacet
  facet normal -0.522486 -0.852648 8.91733e-06
    outer loop
      vertex -27.956 -6.11803 15
      vertex -27.7805 -6.22562 10.5
      vertex -27.6884 -6.28201 15
    endloop
  endfacet
  facet normal -0.522169 -0.852842 0
    outer loop
      vertex -27.7805 -6.22562 4.5
      vertex -27.6884 -6.28201 15
      vertex -27.7805 -6.22562 10.5
    endloop
  endfacet
  facet normal -0.522169 -0.852842 0
    outer loop
      vertex -27.7805 -6.22562 4.5
      vertex -27.6884 -6.28201 0
      vertex -27.6884 -6.28201 15
    endloop
  endfacet
  facet normal -0.522486 -0.852648 -8.91733e-06
    outer loop
      vertex -27.6884 -6.28201 0
      vertex -27.7805 -6.22562 4.5
      vertex -27.956 -6.11803 0
    endloop
  endfacet
  facet normal -0.233452 0.972368 0
    outer loop
      vertex -42.8604 5.43229 4.5
      vertex -43.6996 5.23081 10.5
      vertex -42.8604 5.43229 10.5
    endloop
  endfacet
  facet normal -0.233452 0.972368 0
    outer loop
      vertex -43.6996 5.23081 10.5
      vertex -42.8604 5.43229 4.5
      vertex -43.6996 5.23081 4.5
    endloop
  endfacet
  facet normal 1 -0 0
    outer loop
      vertex -27.7805 6.22562 10.5
      vertex -27.7805 6.5 4.5
      vertex -27.7805 6.5 10.5
    endloop
  endfacet
  facet normal 1 0 0
    outer loop
      vertex -27.7805 6.5 4.5
      vertex -27.7805 6.22562 10.5
      vertex -27.7805 6.22562 4.5
    endloop
  endfacet
  facet normal 1 -0 0
    outer loop
      vertex -27.7805 -6.5 10.5
      vertex -27.7805 -6.22562 4.5
      vertex -27.7805 -6.22562 10.5
    endloop
  endfacet
  facet normal 1 0 0
    outer loop
      vertex -27.7805 -6.22562 4.5
      vertex -27.7805 -6.5 10.5
      vertex -27.7805 -6.5 4.5
    endloop
  endfacet
  facet normal -0.852662 -0.522463 0
    outer loop
      vertex -46.4496 -3.23282 4.5
      vertex -46.9005 -2.49695 10.5
      vertex -46.9005 -2.49695 4.5
    endloop
  endfacet
  facet normal -0.852662 -0.522463 0
    outer loop
      vertex -46.9005 -2.49695 10.5
      vertex -46.4496 -3.23282 4.5
      vertex -46.4496 -3.23282 10.5
    endloop
  endfacet
  facet normal -0.52249 -0.852645 0
    outer loop
      vertex -45.2328 -4.44959 4.5
      vertex -44.4969 -4.90054 10.5
      vertex -45.2328 -4.44959 10.5
    endloop
  endfacet
  facet normal -0.52249 -0.852645 -0
    outer loop
      vertex -44.4969 -4.90054 10.5
      vertex -45.2328 -4.44959 4.5
      vertex -44.4969 -4.90054 4.5
    endloop
  endfacet
  facet normal -0.52249 0.852645 0
    outer loop
      vertex -44.4969 4.90054 4.5
      vertex -45.2328 4.44959 10.5
      vertex -44.4969 4.90054 10.5
    endloop
  endfacet
  facet normal -0.52249 0.852645 0
    outer loop
      vertex -45.2328 4.44959 10.5
      vertex -44.4969 4.90054 4.5
      vertex -45.2328 4.44959 4.5
    endloop
  endfacet
  facet normal -0.649426 0.760425 0
    outer loop
      vertex -45.2328 4.44959 4.5
      vertex -45.8891 3.88909 10.5
      vertex -45.2328 4.44959 10.5
    endloop
  endfacet
  facet normal -0.649426 0.760425 0
    outer loop
      vertex -45.8891 3.88909 10.5
      vertex -45.2328 4.44959 4.5
      vertex -45.8891 3.88909 4.5
    endloop
  endfacet
  facet normal -0.0784534 -0.996918 0
    outer loop
      vertex -42.8604 -5.43229 4.5
      vertex -42 -5.5 10.5
      vertex -42.8604 -5.43229 10.5
    endloop
  endfacet
  facet normal -0.0784534 -0.996918 -0
    outer loop
      vertex -42 -5.5 10.5
      vertex -42.8604 -5.43229 4.5
      vertex -42 -5.5 4.5
    endloop
  endfacet
  facet normal 0 0 1
    outer loop
      vertex -27.7805 6.5 10.5
      vertex -27.956 6.11803 10.5
      vertex -27.7805 6.22562 10.5
    endloop
  endfacet
  facet normal -0 0 1
    outer loop
      vertex -28.7805 6.5 10.5
      vertex -27.956 6.11803 10.5
      vertex -27.7805 6.5 10.5
    endloop
  endfacet
  facet normal 0 0 1
    outer loop
      vertex -27.956 6.11803 10.5
      vertex -28.7805 6.5 10.5
      vertex -28.1947 5.91422 10.5
    endloop
  endfacet
  facet normal 0 0 1
    outer loop
      vertex -28.7558 4.81287 10.5
      vertex -42 5.5 10.5
      vertex -28.7804 4.5 10.5
    endloop
  endfacet
  facet normal -0 0 1
    outer loop
      vertex -42 5.5 10.5
      vertex -28.7558 4.81287 10.5
      vertex -28.7805 6.5 10.5
    endloop
  endfacet
  facet normal 0 0 1
    outer loop
      vertex -28.6826 5.11803 10.5
      vertex -28.7805 6.5 10.5
      vertex -28.7558 4.81287 10.5
    endloop
  endfacet
  facet normal 0 0 1
    outer loop
      vertex -28.5625 5.40797 10.5
      vertex -28.7805 6.5 10.5
      vertex -28.6826 5.11803 10.5
    endloop
  endfacet
  facet normal 0 0 1
    outer loop
      vertex -28.3985 5.67557 10.5
      vertex -28.7805 6.5 10.5
      vertex -28.5625 5.40797 10.5
    endloop
  endfacet
  facet normal 0 0 1
    outer loop
      vertex -28.1947 5.91422 10.5
      vertex -28.7805 6.5 10.5
      vertex -28.3985 5.67557 10.5
    endloop
  endfacet
  facet normal 0 0 1
    outer loop
      vertex -27.956 -6.11803 10.5
      vertex -27.7805 -6.5 10.5
      vertex -27.7805 -6.22562 10.5
    endloop
  endfacet
  facet normal 0 0 1
    outer loop
      vertex -28.7805 -6.5 10.5
      vertex -27.956 -6.11803 10.5
      vertex -28.1947 -5.91422 10.5
    endloop
  endfacet
  facet normal 0 0 1
    outer loop
      vertex -28.7805 -6.5 10.5
      vertex -28.1947 -5.91422 10.5
      vertex -28.3985 -5.67557 10.5
    endloop
  endfacet
  facet normal 0 0 1
    outer loop
      vertex -27.956 -6.11803 10.5
      vertex -28.7805 -6.5 10.5
      vertex -27.7805 -6.5 10.5
    endloop
  endfacet
  facet normal 0 0 1
    outer loop
      vertex -28.5625 -5.40797 10.5
      vertex -28.7805 -6.5 10.5
      vertex -28.3985 -5.67557 10.5
    endloop
  endfacet
  facet normal 0 0 1
    outer loop
      vertex -28.6826 -5.11803 10.5
      vertex -28.7805 -6.5 10.5
      vertex -28.5625 -5.40797 10.5
    endloop
  endfacet
  facet normal 0 0 1
    outer loop
      vertex -28.7558 -4.81287 10.5
      vertex -28.7805 -6.5 10.5
      vertex -28.6826 -5.11803 10.5
    endloop
  endfacet
  facet normal 0 0 1
    outer loop
      vertex -42 -5.5 10.5
      vertex -28.7558 -4.81287 10.5
      vertex -28.7804 -4.5 10.5
    endloop
  endfacet
  facet normal 0 -0 1
    outer loop
      vertex -40.85 0 10.5
      vertex -28.7804 4.5 10.5
      vertex -40.8642 0.179899 10.5
    endloop
  endfacet
  facet normal -0 0 1
    outer loop
      vertex -40.8642 -0.179899 10.5
      vertex -28.7804 -4.5 10.5
      vertex -40.85 0 10.5
    endloop
  endfacet
  facet normal 0 0 1
    outer loop
      vertex -28.7804 4.5 10.5
      vertex -40.85 0 10.5
      vertex -28.7804 -4.5 10.5
    endloop
  endfacet
  facet normal 0 0 1
    outer loop
      vertex -28.7804 4.5 10.5
      vertex -40.9063 0.355369 10.5
      vertex -40.8642 0.179899 10.5
    endloop
  endfacet
  facet normal 0 0 1
    outer loop
      vertex -28.7804 4.5 10.5
      vertex -40.9753 0.522089 10.5
      vertex -40.9063 0.355369 10.5
    endloop
  endfacet
  facet normal 0 0 1
    outer loop
      vertex -28.7804 4.5 10.5
      vertex -41.0696 0.675953 10.5
      vertex -40.9753 0.522089 10.5
    endloop
  endfacet
  facet normal 0 0 1
    outer loop
      vertex -28.7804 4.5 10.5
      vertex -42 5.5 10.5
      vertex -41.0696 0.675953 10.5
    endloop
  endfacet
  facet normal 0 0 1
    outer loop
      vertex -41.0696 0.675953 10.5
      vertex -42 5.5 10.5
      vertex -41.1868 0.813172 10.5
    endloop
  endfacet
  facet normal 0 0 1
    outer loop
      vertex -41.1868 0.813172 10.5
      vertex -42 5.5 10.5
      vertex -41.324 0.930369 10.5
    endloop
  endfacet
  facet normal 0 0 1
    outer loop
      vertex -41.324 0.930369 10.5
      vertex -42 5.5 10.5
      vertex -41.4779 1.02466 10.5
    endloop
  endfacet
  facet normal 0 0 1
    outer loop
      vertex -41.4779 1.02466 10.5
      vertex -42 5.5 10.5
      vertex -41.6446 1.09371 10.5
    endloop
  endfacet
  facet normal 0 0 1
    outer loop
      vertex -41.6446 1.09371 10.5
      vertex -42 5.5 10.5
      vertex -41.8201 1.13584 10.5
    endloop
  endfacet
  facet normal 0 0 1
    outer loop
      vertex -42 5.5 10.5
      vertex -42 1.15 10.5
      vertex -41.8201 1.13584 10.5
    endloop
  endfacet
  facet normal 0 0 1
    outer loop
      vertex -42 5.5 10.5
      vertex -42.1799 1.13584 10.5
      vertex -42 1.15 10.5
    endloop
  endfacet
  facet normal -0 0 1
    outer loop
      vertex -42.8604 5.43229 10.5
      vertex -42.1799 1.13584 10.5
      vertex -42 5.5 10.5
    endloop
  endfacet
  facet normal 0 0 1
    outer loop
      vertex -42.1799 1.13584 10.5
      vertex -42.8604 5.43229 10.5
      vertex -42.3554 1.09371 10.5
    endloop
  endfacet
  facet normal -0 0 1
    outer loop
      vertex -43.6996 5.23081 10.5
      vertex -42.3554 1.09371 10.5
      vertex -42.8604 5.43229 10.5
    endloop
  endfacet
  facet normal 0 0 1
    outer loop
      vertex -42.3554 1.09371 10.5
      vertex -43.6996 5.23081 10.5
      vertex -42.5221 1.02466 10.5
    endloop
  endfacet
  facet normal -0 0 1
    outer loop
      vertex -44.4969 4.90054 10.5
      vertex -42.5221 1.02466 10.5
      vertex -43.6996 5.23081 10.5
    endloop
  endfacet
  facet normal 0 0 1
    outer loop
      vertex -42.5221 1.02466 10.5
      vertex -44.4969 4.90054 10.5
      vertex -42.676 0.930369 10.5
    endloop
  endfacet
  facet normal -0 0 1
    outer loop
      vertex -45.2328 4.44959 10.5
      vertex -42.676 0.930369 10.5
      vertex -44.4969 4.90054 10.5
    endloop
  endfacet
  facet normal 0 0 1
    outer loop
      vertex -42.676 0.930369 10.5
      vertex -45.2328 4.44959 10.5
      vertex -42.8132 0.813172 10.5
    endloop
  endfacet
  facet normal -0 0 1
    outer loop
      vertex -45.8891 3.88909 10.5
      vertex -42.8132 0.813172 10.5
      vertex -45.2328 4.44959 10.5
    endloop
  endfacet
  facet normal 0 0 1
    outer loop
      vertex -42.8132 0.813172 10.5
      vertex -45.8891 3.88909 10.5
      vertex -42.9304 0.675953 10.5
    endloop
  endfacet
  facet normal -0 0 1
    outer loop
      vertex -46.4496 3.23282 10.5
      vertex -42.9304 0.675953 10.5
      vertex -45.8891 3.88909 10.5
    endloop
  endfacet
  facet normal -0 0 1
    outer loop
      vertex -40.9063 -0.355369 10.5
      vertex -28.7804 -4.5 10.5
      vertex -40.8642 -0.179899 10.5
    endloop
  endfacet
  facet normal -0 0 1
    outer loop
      vertex -40.9753 -0.522089 10.5
      vertex -28.7804 -4.5 10.5
      vertex -40.9063 -0.355369 10.5
    endloop
  endfacet
  facet normal -0 0 1
    outer loop
      vertex -41.0696 -0.675953 10.5
      vertex -28.7804 -4.5 10.5
      vertex -40.9753 -0.522089 10.5
    endloop
  endfacet
  facet normal 0 0 1
    outer loop
      vertex -42 -5.5 10.5
      vertex -28.7804 -4.5 10.5
      vertex -41.0696 -0.675953 10.5
    endloop
  endfacet
  facet normal 0 0 1
    outer loop
      vertex -42 -5.5 10.5
      vertex -41.0696 -0.675953 10.5
      vertex -41.1868 -0.813172 10.5
    endloop
  endfacet
  facet normal 0 0 1
    outer loop
      vertex -42 -5.5 10.5
      vertex -41.1868 -0.813172 10.5
      vertex -41.324 -0.930369 10.5
    endloop
  endfacet
  facet normal 0 0 1
    outer loop
      vertex -42 -5.5 10.5
      vertex -41.324 -0.930369 10.5
      vertex -41.4779 -1.02466 10.5
    endloop
  endfacet
  facet normal 0 0 1
    outer loop
      vertex -42 -5.5 10.5
      vertex -41.4779 -1.02466 10.5
      vertex -41.6446 -1.09371 10.5
    endloop
  endfacet
  facet normal 0 0 1
    outer loop
      vertex -42 -5.5 10.5
      vertex -41.6446 -1.09371 10.5
      vertex -41.8201 -1.13584 10.5
    endloop
  endfacet
  facet normal 0 0 1
    outer loop
      vertex -42 -5.5 10.5
      vertex -41.8201 -1.13584 10.5
      vertex -42 -1.15 10.5
    endloop
  endfacet
  facet normal 0 0 1
    outer loop
      vertex -28.7558 -4.81287 10.5
      vertex -42 -5.5 10.5
      vertex -28.7805 -6.5 10.5
    endloop
  endfacet
  facet normal 0 0 1
    outer loop
      vertex -42.1799 -1.13584 10.5
      vertex -42 -5.5 10.5
      vertex -42 -1.15 10.5
    endloop
  endfacet
  facet normal 0 0 1
    outer loop
      vertex -42.8604 -5.43229 10.5
      vertex -42.1799 -1.13584 10.5
      vertex -42.3554 -1.09371 10.5
    endloop
  endfacet
  facet normal 0 0 1
    outer loop
      vertex -43.6996 -5.23081 10.5
      vertex -42.3554 -1.09371 10.5
      vertex -42.5221 -1.02466 10.5
    endloop
  endfacet
  facet normal 0 0 1
    outer loop
      vertex -44.4969 -4.90054 10.5
      vertex -42.5221 -1.02466 10.5
      vertex -42.676 -0.930369 10.5
    endloop
  endfacet
  facet normal 0 0 1
    outer loop
      vertex -45.2328 -4.44959 10.5
      vertex -42.676 -0.930369 10.5
      vertex -42.8132 -0.813172 10.5
    endloop
  endfacet
  facet normal 0 0 1
    outer loop
      vertex -42.1799 -1.13584 10.5
      vertex -42.8604 -5.43229 10.5
      vertex -42 -5.5 10.5
    endloop
  endfacet
  facet normal 0 0 1
    outer loop
      vertex -45.8891 -3.88909 10.5
      vertex -42.8132 -0.813172 10.5
      vertex -42.9304 -0.675953 10.5
    endloop
  endfacet
  facet normal 0 0 1
    outer loop
      vertex -46.4496 -3.23282 10.5
      vertex -42.9304 -0.675953 10.5
      vertex -43.0247 -0.522089 10.5
    endloop
  endfacet
  facet normal 0 0 1
    outer loop
      vertex -46.9005 -2.49695 10.5
      vertex -43.0247 -0.522089 10.5
      vertex -43.0937 -0.355369 10.5
    endloop
  endfacet
  facet normal 0 0 1
    outer loop
      vertex -47.2308 -1.69959 10.5
      vertex -43.0937 -0.355369 10.5
      vertex -43.1358 -0.179899 10.5
    endloop
  endfacet
  facet normal 0 0 1
    outer loop
      vertex -47.4323 -0.860389 10.5
      vertex -43.1358 -0.179899 10.5
      vertex -43.15 0 10.5
    endloop
  endfacet
  facet normal 0 0 1
    outer loop
      vertex -42.9304 0.675953 10.5
      vertex -46.4496 3.23282 10.5
      vertex -43.0247 0.522089 10.5
    endloop
  endfacet
  facet normal 0 0 1
    outer loop
      vertex -42.3554 -1.09371 10.5
      vertex -43.6996 -5.23081 10.5
      vertex -42.8604 -5.43229 10.5
    endloop
  endfacet
  facet normal -0 0 1
    outer loop
      vertex -46.9005 2.49695 10.5
      vertex -43.0247 0.522089 10.5
      vertex -46.4496 3.23282 10.5
    endloop
  endfacet
  facet normal 0 0 1
    outer loop
      vertex -42.5221 -1.02466 10.5
      vertex -44.4969 -4.90054 10.5
      vertex -43.6996 -5.23081 10.5
    endloop
  endfacet
  facet normal 0 0 1
    outer loop
      vertex -43.0247 0.522089 10.5
      vertex -46.9005 2.49695 10.5
      vertex -43.0937 0.355369 10.5
    endloop
  endfacet
  facet normal 0 0 1
    outer loop
      vertex -42.676 -0.930369 10.5
      vertex -45.2328 -4.44959 10.5
      vertex -44.4969 -4.90054 10.5
    endloop
  endfacet
  facet normal -0 0 1
    outer loop
      vertex -47.2308 1.69959 10.5
      vertex -43.0937 0.355369 10.5
      vertex -46.9005 2.49695 10.5
    endloop
  endfacet
  facet normal 0 0 1
    outer loop
      vertex -42.8132 -0.813172 10.5
      vertex -45.8891 -3.88909 10.5
      vertex -45.2328 -4.44959 10.5
    endloop
  endfacet
  facet normal 0 0 1
    outer loop
      vertex -43.0937 0.355369 10.5
      vertex -47.2308 1.69959 10.5
      vertex -43.1358 0.179899 10.5
    endloop
  endfacet
  facet normal 0 0 1
    outer loop
      vertex -42.9304 -0.675953 10.5
      vertex -46.4496 -3.23282 10.5
      vertex -45.8891 -3.88909 10.5
    endloop
  endfacet
  facet normal -0 0 1
    outer loop
      vertex -47.4323 0.860389 10.5
      vertex -43.1358 0.179899 10.5
      vertex -47.2308 1.69959 10.5
    endloop
  endfacet
  facet normal 0 0 1
    outer loop
      vertex -43.0247 -0.522089 10.5
      vertex -46.9005 -2.49695 10.5
      vertex -46.4496 -3.23282 10.5
    endloop
  endfacet
  facet normal 0 0 1
    outer loop
      vertex -43.1358 0.179899 10.5
      vertex -47.4323 0.860389 10.5
      vertex -43.15 0 10.5
    endloop
  endfacet
  facet normal 0 0 1
    outer loop
      vertex -43.0937 -0.355369 10.5
      vertex -47.2308 -1.69959 10.5
      vertex -46.9005 -2.49695 10.5
    endloop
  endfacet
  facet normal 0 0 1
    outer loop
      vertex -47.5 0 10.5
      vertex -43.15 0 10.5
      vertex -47.4323 0.860389 10.5
    endloop
  endfacet
  facet normal 0 0 1
    outer loop
      vertex -43.1358 -0.179899 10.5
      vertex -47.4323 -0.860389 10.5
      vertex -47.2308 -1.69959 10.5
    endloop
  endfacet
  facet normal 0 0 1
    outer loop
      vertex -43.15 0 10.5
      vertex -47.5 0 10.5
      vertex -47.4323 -0.860389 10.5
    endloop
  endfacet
  facet normal -0.92387 -0.382706 0
    outer loop
      vertex -46.9005 -2.49695 4.5
      vertex -47.2308 -1.69959 10.5
      vertex -47.2308 -1.69959 4.5
    endloop
  endfacet
  facet normal -0.92387 -0.382706 0
    outer loop
      vertex -47.2308 -1.69959 10.5
      vertex -46.9005 -2.49695 4.5
      vertex -46.9005 -2.49695 10.5
    endloop
  endfacet
  facet normal 0 1 -0
    outer loop
      vertex -27.7805 6.5 4.5
      vertex -28.7805 6.5 10.5
      vertex -27.7805 6.5 10.5
    endloop
  endfacet
  facet normal 0 1 0
    outer loop
      vertex -28.7805 6.5 10.5
      vertex -27.7805 6.5 4.5
      vertex -28.7805 6.5 4.5
    endloop
  endfacet
  facet normal -0.233452 -0.972368 0
    outer loop
      vertex -43.6996 -5.23081 4.5
      vertex -42.8604 -5.43229 10.5
      vertex -43.6996 -5.23081 10.5
    endloop
  endfacet
  facet normal -0.233452 -0.972368 -0
    outer loop
      vertex -42.8604 -5.43229 10.5
      vertex -43.6996 -5.23081 4.5
      vertex -42.8604 -5.43229 4.5
    endloop
  endfacet
  facet normal 0 -1 0
    outer loop
      vertex -28.7805 -6.5 4.5
      vertex -27.7805 -6.5 10.5
      vertex -28.7805 -6.5 10.5
    endloop
  endfacet
  facet normal 0 -1 -0
    outer loop
      vertex -27.7805 -6.5 10.5
      vertex -28.7805 -6.5 4.5
      vertex -27.7805 -6.5 4.5
    endloop
  endfacet
  facet normal -0.0784534 0.996918 0
    outer loop
      vertex -42 5.5 4.5
      vertex -42.8604 5.43229 10.5
      vertex -42 5.5 10.5
    endloop
  endfacet
  facet normal -0.0784534 0.996918 0
    outer loop
      vertex -42.8604 5.43229 10.5
      vertex -42 5.5 4.5
      vertex -42.8604 5.43229 4.5
    endloop
  endfacet
  facet normal -0.996919 0.0784429 0
    outer loop
      vertex -47.5 0 4.5
      vertex -47.4323 0.860389 10.5
      vertex -47.4323 0.860389 4.5
    endloop
  endfacet
  facet normal -0.996919 0.0784429 0
    outer loop
      vertex -47.4323 0.860389 10.5
      vertex -47.5 0 4.5
      vertex -47.5 0 10.5
    endloop
  endfacet
  facet normal -0.972363 0.233473 0
    outer loop
      vertex -47.4323 0.860389 4.5
      vertex -47.2308 1.69959 10.5
      vertex -47.2308 1.69959 4.5
    endloop
  endfacet
  facet normal -0.972363 0.233473 0
    outer loop
      vertex -47.2308 1.69959 10.5
      vertex -47.4323 0.860389 4.5
      vertex -47.4323 0.860389 10.5
    endloop
  endfacet
  facet normal -0.996919 -0.0784429 0
    outer loop
      vertex -47.4323 -0.860389 4.5
      vertex -47.5 0 10.5
      vertex -47.5 0 4.5
    endloop
  endfacet
  facet normal -0.996919 -0.0784429 0
    outer loop
      vertex -47.5 0 10.5
      vertex -47.4323 -0.860389 4.5
      vertex -47.4323 -0.860389 10.5
    endloop
  endfacet
  facet normal -0.92387 0.382706 0
    outer loop
      vertex -47.2308 1.69959 4.5
      vertex -46.9005 2.49695 10.5
      vertex -46.9005 2.49695 4.5
    endloop
  endfacet
  facet normal -0.92387 0.382706 0
    outer loop
      vertex -46.9005 2.49695 10.5
      vertex -47.2308 1.69959 4.5
      vertex -47.2308 1.69959 10.5
    endloop
  endfacet
  facet normal -0.972363 -0.233473 0
    outer loop
      vertex -47.2308 -1.69959 4.5
      vertex -47.4323 -0.860389 10.5
      vertex -47.4323 -0.860389 4.5
    endloop
  endfacet
  facet normal -0.972363 -0.233473 0
    outer loop
      vertex -47.4323 -0.860389 10.5
      vertex -47.2308 -1.69959 4.5
      vertex -47.2308 -1.69959 10.5
    endloop
  endfacet
  facet normal -0.76041 0.649443 0
    outer loop
      vertex -46.4496 3.23282 4.5
      vertex -45.8891 3.88909 10.5
      vertex -45.8891 3.88909 4.5
    endloop
  endfacet
  facet normal -0.76041 0.649443 0
    outer loop
      vertex -45.8891 3.88909 10.5
      vertex -46.4496 3.23282 4.5
      vertex -46.4496 3.23282 10.5
    endloop
  endfacet
  facet normal -0.76041 -0.649443 0
    outer loop
      vertex -45.8891 -3.88909 4.5
      vertex -46.4496 -3.23282 10.5
      vertex -46.4496 -3.23282 4.5
    endloop
  endfacet
  facet normal -0.76041 -0.649443 0
    outer loop
      vertex -46.4496 -3.23282 10.5
      vertex -45.8891 -3.88909 4.5
      vertex -45.8891 -3.88909 10.5
    endloop
  endfacet
  facet normal -0.0754303 0.997151 0
    outer loop
      vertex -28.7805 6.5 4.5
      vertex -42 5.5 10.5
      vertex -28.7805 6.5 10.5
    endloop
  endfacet
  facet normal -0.0754303 0.997151 0
    outer loop
      vertex -42 5.5 10.5
      vertex -28.7805 6.5 4.5
      vertex -42 5.5 4.5
    endloop
  endfacet
  facet normal -0.382701 -0.923872 0
    outer loop
      vertex -44.4969 -4.90054 4.5
      vertex -43.6996 -5.23081 10.5
      vertex -44.4969 -4.90054 10.5
    endloop
  endfacet
  facet normal -0.382701 -0.923872 -0
    outer loop
      vertex -43.6996 -5.23081 10.5
      vertex -44.4969 -4.90054 4.5
      vertex -43.6996 -5.23081 4.5
    endloop
  endfacet
  facet normal -0.852662 0.522463 0
    outer loop
      vertex -46.9005 2.49695 4.5
      vertex -46.4496 3.23282 10.5
      vertex -46.4496 3.23282 4.5
    endloop
  endfacet
  facet normal -0.852662 0.522463 0
    outer loop
      vertex -46.4496 3.23282 10.5
      vertex -46.9005 2.49695 4.5
      vertex -46.9005 2.49695 10.5
    endloop
  endfacet
  facet normal -0.649426 -0.760425 0
    outer loop
      vertex -45.8891 -3.88909 4.5
      vertex -45.2328 -4.44959 10.5
      vertex -45.8891 -3.88909 10.5
    endloop
  endfacet
  facet normal -0.649426 -0.760425 -0
    outer loop
      vertex -45.2328 -4.44959 10.5
      vertex -45.8891 -3.88909 4.5
      vertex -45.2328 -4.44959 4.5
    endloop
  endfacet
  facet normal -0.0754303 -0.997151 0
    outer loop
      vertex -42 -5.5 4.5
      vertex -28.7805 -6.5 10.5
      vertex -42 -5.5 10.5
    endloop
  endfacet
  facet normal -0.0754303 -0.997151 -0
    outer loop
      vertex -28.7805 -6.5 10.5
      vertex -42 -5.5 4.5
      vertex -28.7805 -6.5 4.5
    endloop
  endfacet
  facet normal -0.382701 0.923872 0
    outer loop
      vertex -43.6996 5.23081 4.5
      vertex -44.4969 4.90054 10.5
      vertex -43.6996 5.23081 10.5
    endloop
  endfacet
  facet normal -0.382701 0.923872 0
    outer loop
      vertex -44.4969 4.90054 10.5
      vertex -43.6996 5.23081 4.5
      vertex -44.4969 4.90054 4.5
    endloop
  endfacet
  facet normal 0 0 -1
    outer loop
      vertex -27.7805 -6.5 4.5
      vertex -27.956 -6.11803 4.5
      vertex -27.7805 -6.22562 4.5
    endloop
  endfacet
  facet normal 0 0 -1
    outer loop
      vertex -28.7805 -6.5 4.5
      vertex -27.956 -6.11803 4.5
      vertex -27.7805 -6.5 4.5
    endloop
  endfacet
  facet normal -0 0 -1
    outer loop
      vertex -27.956 -6.11803 4.5
      vertex -28.7805 -6.5 4.5
      vertex -28.1947 -5.91422 4.5
    endloop
  endfacet
  facet normal -0 0 -1
    outer loop
      vertex -28.7558 -4.81287 4.5
      vertex -42 -5.5 4.5
      vertex -28.7804 -4.5 4.5
    endloop
  endfacet
  facet normal 0 0 -1
    outer loop
      vertex -42 -5.5 4.5
      vertex -28.7558 -4.81287 4.5
      vertex -28.7805 -6.5 4.5
    endloop
  endfacet
  facet normal -0 0 -1
    outer loop
      vertex -28.6826 -5.11803 4.5
      vertex -28.7805 -6.5 4.5
      vertex -28.7558 -4.81287 4.5
    endloop
  endfacet
  facet normal -0 0 -1
    outer loop
      vertex -28.5625 -5.40797 4.5
      vertex -28.7805 -6.5 4.5
      vertex -28.6826 -5.11803 4.5
    endloop
  endfacet
  facet normal -0 0 -1
    outer loop
      vertex -28.3985 -5.67557 4.5
      vertex -28.7805 -6.5 4.5
      vertex -28.5625 -5.40797 4.5
    endloop
  endfacet
  facet normal -0 0 -1
    outer loop
      vertex -28.1947 -5.91422 4.5
      vertex -28.7805 -6.5 4.5
      vertex -28.3985 -5.67557 4.5
    endloop
  endfacet
  facet normal 0 0 -1
    outer loop
      vertex -27.956 6.11803 4.5
      vertex -27.7805 6.5 4.5
      vertex -27.7805 6.22562 4.5
    endloop
  endfacet
  facet normal 0 0 -1
    outer loop
      vertex -28.7805 6.5 4.5
      vertex -27.956 6.11803 4.5
      vertex -28.1947 5.91422 4.5
    endloop
  endfacet
  facet normal 0 0 -1
    outer loop
      vertex -28.7805 6.5 4.5
      vertex -28.1947 5.91422 4.5
      vertex -28.3985 5.67557 4.5
    endloop
  endfacet
  facet normal 0 0 -1
    outer loop
      vertex -27.956 6.11803 4.5
      vertex -28.7805 6.5 4.5
      vertex -27.7805 6.5 4.5
    endloop
  endfacet
  facet normal 0 0 -1
    outer loop
      vertex -28.5625 5.40797 4.5
      vertex -28.7805 6.5 4.5
      vertex -28.3985 5.67557 4.5
    endloop
  endfacet
  facet normal 0 0 -1
    outer loop
      vertex -28.6826 5.11803 4.5
      vertex -28.7805 6.5 4.5
      vertex -28.5625 5.40797 4.5
    endloop
  endfacet
  facet normal 0 0 -1
    outer loop
      vertex -28.7558 4.81287 4.5
      vertex -28.7805 6.5 4.5
      vertex -28.6826 5.11803 4.5
    endloop
  endfacet
  facet normal 0 0 -1
    outer loop
      vertex -42 5.5 4.5
      vertex -28.7558 4.81287 4.5
      vertex -28.7804 4.5 4.5
    endloop
  endfacet
  facet normal 0 -0 -1
    outer loop
      vertex -40.85 0 4.5
      vertex -28.7804 -4.5 4.5
      vertex -40.8642 -0.179899 4.5
    endloop
  endfacet
  facet normal 0 0 -1
    outer loop
      vertex -40.8642 0.179899 4.5
      vertex -28.7804 4.5 4.5
      vertex -40.85 0 4.5
    endloop
  endfacet
  facet normal 0 0 -1
    outer loop
      vertex -28.7804 -4.5 4.5
      vertex -40.85 0 4.5
      vertex -28.7804 4.5 4.5
    endloop
  endfacet
  facet normal 0 0 -1
    outer loop
      vertex -28.7804 -4.5 4.5
      vertex -40.9063 -0.355369 4.5
      vertex -40.8642 -0.179899 4.5
    endloop
  endfacet
  facet normal 0 0 -1
    outer loop
      vertex -28.7804 -4.5 4.5
      vertex -40.9753 -0.522089 4.5
      vertex -40.9063 -0.355369 4.5
    endloop
  endfacet
  facet normal 0 0 -1
    outer loop
      vertex -28.7804 -4.5 4.5
      vertex -41.0696 -0.675953 4.5
      vertex -40.9753 -0.522089 4.5
    endloop
  endfacet
  facet normal -0 0 -1
    outer loop
      vertex -28.7804 -4.5 4.5
      vertex -42 -5.5 4.5
      vertex -41.0696 -0.675953 4.5
    endloop
  endfacet
  facet normal 0 0 -1
    outer loop
      vertex -41.0696 -0.675953 4.5
      vertex -42 -5.5 4.5
      vertex -41.1868 -0.813172 4.5
    endloop
  endfacet
  facet normal 0 0 -1
    outer loop
      vertex -41.1868 -0.813172 4.5
      vertex -42 -5.5 4.5
      vertex -41.324 -0.930369 4.5
    endloop
  endfacet
  facet normal 0 0 -1
    outer loop
      vertex -41.324 -0.930369 4.5
      vertex -42 -5.5 4.5
      vertex -41.4779 -1.02466 4.5
    endloop
  endfacet
  facet normal 0 0 -1
    outer loop
      vertex -41.4779 -1.02466 4.5
      vertex -42 -5.5 4.5
      vertex -41.6446 -1.09371 4.5
    endloop
  endfacet
  facet normal 0 0 -1
    outer loop
      vertex -41.6446 -1.09371 4.5
      vertex -42 -5.5 4.5
      vertex -41.8201 -1.13584 4.5
    endloop
  endfacet
  facet normal 0 0 -1
    outer loop
      vertex -42 -5.5 4.5
      vertex -42 -1.15 4.5
      vertex -41.8201 -1.13584 4.5
    endloop
  endfacet
  facet normal 0 0 -1
    outer loop
      vertex -42 -5.5 4.5
      vertex -42.1799 -1.13584 4.5
      vertex -42 -1.15 4.5
    endloop
  endfacet
  facet normal 0 0 -1
    outer loop
      vertex -42.8604 -5.43229 4.5
      vertex -42.1799 -1.13584 4.5
      vertex -42 -5.5 4.5
    endloop
  endfacet
  facet normal -0 0 -1
    outer loop
      vertex -42.1799 -1.13584 4.5
      vertex -42.8604 -5.43229 4.5
      vertex -42.3554 -1.09371 4.5
    endloop
  endfacet
  facet normal 0 0 -1
    outer loop
      vertex -43.6996 -5.23081 4.5
      vertex -42.3554 -1.09371 4.5
      vertex -42.8604 -5.43229 4.5
    endloop
  endfacet
  facet normal -0 0 -1
    outer loop
      vertex -42.3554 -1.09371 4.5
      vertex -43.6996 -5.23081 4.5
      vertex -42.5221 -1.02466 4.5
    endloop
  endfacet
  facet normal 0 0 -1
    outer loop
      vertex -44.4969 -4.90054 4.5
      vertex -42.5221 -1.02466 4.5
      vertex -43.6996 -5.23081 4.5
    endloop
  endfacet
  facet normal -0 0 -1
    outer loop
      vertex -42.5221 -1.02466 4.5
      vertex -44.4969 -4.90054 4.5
      vertex -42.676 -0.930369 4.5
    endloop
  endfacet
  facet normal 0 0 -1
    outer loop
      vertex -45.2328 -4.44959 4.5
      vertex -42.676 -0.930369 4.5
      vertex -44.4969 -4.90054 4.5
    endloop
  endfacet
  facet normal -0 0 -1
    outer loop
      vertex -42.676 -0.930369 4.5
      vertex -45.2328 -4.44959 4.5
      vertex -42.8132 -0.813172 4.5
    endloop
  endfacet
  facet normal 0 0 -1
    outer loop
      vertex -45.8891 -3.88909 4.5
      vertex -42.8132 -0.813172 4.5
      vertex -45.2328 -4.44959 4.5
    endloop
  endfacet
  facet normal -0 0 -1
    outer loop
      vertex -42.8132 -0.813172 4.5
      vertex -45.8891 -3.88909 4.5
      vertex -42.9304 -0.675953 4.5
    endloop
  endfacet
  facet normal 0 0 -1
    outer loop
      vertex -46.4496 -3.23282 4.5
      vertex -42.9304 -0.675953 4.5
      vertex -45.8891 -3.88909 4.5
    endloop
  endfacet
  facet normal 0 0 -1
    outer loop
      vertex -40.9063 0.355369 4.5
      vertex -28.7804 4.5 4.5
      vertex -40.8642 0.179899 4.5
    endloop
  endfacet
  facet normal 0 0 -1
    outer loop
      vertex -40.9753 0.522089 4.5
      vertex -28.7804 4.5 4.5
      vertex -40.9063 0.355369 4.5
    endloop
  endfacet
  facet normal 0 0 -1
    outer loop
      vertex -41.0696 0.675953 4.5
      vertex -28.7804 4.5 4.5
      vertex -40.9753 0.522089 4.5
    endloop
  endfacet
  facet normal 0 0 -1
    outer loop
      vertex -42 5.5 4.5
      vertex -28.7804 4.5 4.5
      vertex -41.0696 0.675953 4.5
    endloop
  endfacet
  facet normal 0 0 -1
    outer loop
      vertex -42 5.5 4.5
      vertex -41.0696 0.675953 4.5
      vertex -41.1868 0.813172 4.5
    endloop
  endfacet
  facet normal 0 0 -1
    outer loop
      vertex -42 5.5 4.5
      vertex -41.1868 0.813172 4.5
      vertex -41.324 0.930369 4.5
    endloop
  endfacet
  facet normal 0 0 -1
    outer loop
      vertex -42 5.5 4.5
      vertex -41.324 0.930369 4.5
      vertex -41.4779 1.02466 4.5
    endloop
  endfacet
  facet normal 0 0 -1
    outer loop
      vertex -42 5.5 4.5
      vertex -41.4779 1.02466 4.5
      vertex -41.6446 1.09371 4.5
    endloop
  endfacet
  facet normal 0 0 -1
    outer loop
      vertex -42 5.5 4.5
      vertex -41.6446 1.09371 4.5
      vertex -41.8201 1.13584 4.5
    endloop
  endfacet
  facet normal 0 0 -1
    outer loop
      vertex -42 5.5 4.5
      vertex -41.8201 1.13584 4.5
      vertex -42 1.15 4.5
    endloop
  endfacet
  facet normal 0 0 -1
    outer loop
      vertex -28.7558 4.81287 4.5
      vertex -42 5.5 4.5
      vertex -28.7805 6.5 4.5
    endloop
  endfacet
  facet normal 0 0 -1
    outer loop
      vertex -42.1799 1.13584 4.5
      vertex -42 5.5 4.5
      vertex -42 1.15 4.5
    endloop
  endfacet
  facet normal 0 0 -1
    outer loop
      vertex -42.8604 5.43229 4.5
      vertex -42.1799 1.13584 4.5
      vertex -42.3554 1.09371 4.5
    endloop
  endfacet
  facet normal 0 0 -1
    outer loop
      vertex -43.6996 5.23081 4.5
      vertex -42.3554 1.09371 4.5
      vertex -42.5221 1.02466 4.5
    endloop
  endfacet
  facet normal 0 0 -1
    outer loop
      vertex -44.4969 4.90054 4.5
      vertex -42.5221 1.02466 4.5
      vertex -42.676 0.930369 4.5
    endloop
  endfacet
  facet normal 0 0 -1
    outer loop
      vertex -45.2328 4.44959 4.5
      vertex -42.676 0.930369 4.5
      vertex -42.8132 0.813172 4.5
    endloop
  endfacet
  facet normal 0 0 -1
    outer loop
      vertex -42.1799 1.13584 4.5
      vertex -42.8604 5.43229 4.5
      vertex -42 5.5 4.5
    endloop
  endfacet
  facet normal 0 0 -1
    outer loop
      vertex -45.8891 3.88909 4.5
      vertex -42.8132 0.813172 4.5
      vertex -42.9304 0.675953 4.5
    endloop
  endfacet
  facet normal 0 0 -1
    outer loop
      vertex -46.4496 3.23282 4.5
      vertex -42.9304 0.675953 4.5
      vertex -43.0247 0.522089 4.5
    endloop
  endfacet
  facet normal 0 0 -1
    outer loop
      vertex -46.9005 2.49695 4.5
      vertex -43.0247 0.522089 4.5
      vertex -43.0937 0.355369 4.5
    endloop
  endfacet
  facet normal 0 0 -1
    outer loop
      vertex -47.2308 1.69959 4.5
      vertex -43.0937 0.355369 4.5
      vertex -43.1358 0.179899 4.5
    endloop
  endfacet
  facet normal 0 0 -1
    outer loop
      vertex -47.4323 0.860389 4.5
      vertex -43.1358 0.179899 4.5
      vertex -43.15 0 4.5
    endloop
  endfacet
  facet normal -0 0 -1
    outer loop
      vertex -42.9304 -0.675953 4.5
      vertex -46.4496 -3.23282 4.5
      vertex -43.0247 -0.522089 4.5
    endloop
  endfacet
  facet normal 0 0 -1
    outer loop
      vertex -42.3554 1.09371 4.5
      vertex -43.6996 5.23081 4.5
      vertex -42.8604 5.43229 4.5
    endloop
  endfacet
  facet normal 0 0 -1
    outer loop
      vertex -46.9005 -2.49695 4.5
      vertex -43.0247 -0.522089 4.5
      vertex -46.4496 -3.23282 4.5
    endloop
  endfacet
  facet normal 0 0 -1
    outer loop
      vertex -42.5221 1.02466 4.5
      vertex -44.4969 4.90054 4.5
      vertex -43.6996 5.23081 4.5
    endloop
  endfacet
  facet normal -0 0 -1
    outer loop
      vertex -43.0247 -0.522089 4.5
      vertex -46.9005 -2.49695 4.5
      vertex -43.0937 -0.355369 4.5
    endloop
  endfacet
  facet normal 0 0 -1
    outer loop
      vertex -42.676 0.930369 4.5
      vertex -45.2328 4.44959 4.5
      vertex -44.4969 4.90054 4.5
    endloop
  endfacet
  facet normal 0 0 -1
    outer loop
      vertex -47.2308 -1.69959 4.5
      vertex -43.0937 -0.355369 4.5
      vertex -46.9005 -2.49695 4.5
    endloop
  endfacet
  facet normal 0 0 -1
    outer loop
      vertex -42.8132 0.813172 4.5
      vertex -45.8891 3.88909 4.5
      vertex -45.2328 4.44959 4.5
    endloop
  endfacet
  facet normal -0 0 -1
    outer loop
      vertex -43.0937 -0.355369 4.5
      vertex -47.2308 -1.69959 4.5
      vertex -43.1358 -0.179899 4.5
    endloop
  endfacet
  facet normal 0 0 -1
    outer loop
      vertex -42.9304 0.675953 4.5
      vertex -46.4496 3.23282 4.5
      vertex -45.8891 3.88909 4.5
    endloop
  endfacet
  facet normal 0 0 -1
    outer loop
      vertex -47.4323 -0.860389 4.5
      vertex -43.1358 -0.179899 4.5
      vertex -47.2308 -1.69959 4.5
    endloop
  endfacet
  facet normal 0 0 -1
    outer loop
      vertex -43.0247 0.522089 4.5
      vertex -46.9005 2.49695 4.5
      vertex -46.4496 3.23282 4.5
    endloop
  endfacet
  facet normal -0 0 -1
    outer loop
      vertex -43.1358 -0.179899 4.5
      vertex -47.4323 -0.860389 4.5
      vertex -43.15 0 4.5
    endloop
  endfacet
  facet normal 0 0 -1
    outer loop
      vertex -43.0937 0.355369 4.5
      vertex -47.2308 1.69959 4.5
      vertex -46.9005 2.49695 4.5
    endloop
  endfacet
  facet normal 0 0 -1
    outer loop
      vertex -47.5 0 4.5
      vertex -43.15 0 4.5
      vertex -47.4323 -0.860389 4.5
    endloop
  endfacet
  facet normal 0 0 -1
    outer loop
      vertex -43.1358 0.179899 4.5
      vertex -47.4323 0.860389 4.5
      vertex -47.2308 1.69959 4.5
    endloop
  endfacet
  facet normal 0 0 -1
    outer loop
      vertex -43.15 0 4.5
      vertex -47.5 0 4.5
      vertex -47.4323 0.860389 4.5
    endloop
  endfacet
  facet normal -0.972366 0.233463 0
    outer loop
      vertex 1.09371 -0.355369 0
      vertex 1.13584 -0.179899 4.2
      vertex 1.13584 -0.179899 0
    endloop
  endfacet
  facet normal -0.972366 0.233463 0
    outer loop
      vertex 1.13584 -0.179899 4.2
      vertex 1.09371 -0.355369 0
      vertex 1.09371 -0.355369 4.2
    endloop
  endfacet
  facet normal -0.972366 0.233463 0
    outer loop
      vertex 1.09371 -0.355369 10.8
      vertex 1.13584 -0.179899 15
      vertex 1.13584 -0.179899 10.8
    endloop
  endfacet
  facet normal -0.972366 0.233463 0
    outer loop
      vertex 1.13584 -0.179899 15
      vertex 1.09371 -0.355369 10.8
      vertex 1.09371 -0.355369 15
    endloop
  endfacet
  facet normal 0.972366 -0.233463 0
    outer loop
      vertex -1.13584 0.179899 4.2
      vertex -1.09371 0.355369 0
      vertex -1.09371 0.355369 4.2
    endloop
  endfacet
  facet normal 0.972366 -0.233463 0
    outer loop
      vertex -1.09371 0.355369 0
      vertex -1.13584 0.179899 4.2
      vertex -1.13584 0.179899 0
    endloop
  endfacet
  facet normal 0.972366 -0.233463 0
    outer loop
      vertex -1.13584 0.179899 15
      vertex -1.09371 0.355369 10.8
      vertex -1.09371 0.355369 15
    endloop
  endfacet
  facet normal 0.972366 -0.233463 0
    outer loop
      vertex -1.09371 0.355369 10.8
      vertex -1.13584 0.179899 15
      vertex -1.13584 0.179899 10.8
    endloop
  endfacet
  facet normal 0.996917 -0.0784681 0
    outer loop
      vertex -1.15 0 4.2
      vertex -1.13584 0.179899 0
      vertex -1.13584 0.179899 4.2
    endloop
  endfacet
  facet normal 0.996917 -0.0784681 0
    outer loop
      vertex -1.13584 0.179899 0
      vertex -1.15 0 4.2
      vertex -1.15 0 0
    endloop
  endfacet
  facet normal 0.996917 -0.0784681 0
    outer loop
      vertex -1.15 0 15
      vertex -1.13584 0.179899 10.8
      vertex -1.13584 0.179899 15
    endloop
  endfacet
  facet normal 0.996917 -0.0784681 0
    outer loop
      vertex -1.13584 0.179899 10.8
      vertex -1.15 0 15
      vertex -1.15 0 10.8
    endloop
  endfacet
  facet normal -0.852633 -0.522511 0
    outer loop
      vertex 1.02466 0.522089 0
      vertex 0.930369 0.675953 4.2
      vertex 0.930369 0.675953 0
    endloop
  endfacet
  facet normal -0.852633 -0.522511 0
    outer loop
      vertex 0.930369 0.675953 4.2
      vertex 1.02466 0.522089 0
      vertex 1.02466 0.522089 4.2
    endloop
  endfacet
  facet normal -0.852633 -0.522511 0
    outer loop
      vertex 1.02466 0.522089 10.8
      vertex 0.930369 0.675953 15
      vertex 0.930369 0.675953 10.8
    endloop
  endfacet
  facet normal -0.852633 -0.522511 0
    outer loop
      vertex 0.930369 0.675953 15
      vertex 1.02466 0.522089 10.8
      vertex 1.02466 0.522089 15
    endloop
  endfacet
  facet normal -0.923895 0.382647 0
    outer loop
      vertex 1.02466 -0.522089 0
      vertex 1.09371 -0.355369 4.2
      vertex 1.09371 -0.355369 0
    endloop
  endfacet
  facet normal -0.923895 0.382647 0
    outer loop
      vertex 1.09371 -0.355369 4.2
      vertex 1.02466 -0.522089 0
      vertex 1.02466 -0.522089 4.2
    endloop
  endfacet
  facet normal -0.923895 0.382647 0
    outer loop
      vertex 1.02466 -0.522089 10.8
      vertex 1.09371 -0.355369 15
      vertex 1.09371 -0.355369 10.8
    endloop
  endfacet
  facet normal -0.923895 0.382647 0
    outer loop
      vertex 1.09371 -0.355369 15
      vertex 1.02466 -0.522089 10.8
      vertex 1.02466 -0.522089 15
    endloop
  endfacet
  facet normal 0.760403 0.649451 0
    outer loop
      vertex -0.813172 -0.813172 4.2
      vertex -0.930369 -0.675953 0
      vertex -0.930369 -0.675953 4.2
    endloop
  endfacet
  facet normal 0.760403 0.649451 0
    outer loop
      vertex -0.930369 -0.675953 0
      vertex -0.813172 -0.813172 4.2
      vertex -0.813172 -0.813172 0
    endloop
  endfacet
  facet normal 0.760403 0.649451 0
    outer loop
      vertex -0.813172 -0.813172 15
      vertex -0.930369 -0.675953 10.8
      vertex -0.930369 -0.675953 15
    endloop
  endfacet
  facet normal 0.760403 0.649451 0
    outer loop
      vertex -0.930369 -0.675953 10.8
      vertex -0.813172 -0.813172 15
      vertex -0.813172 -0.813172 10.8
    endloop
  endfacet
  facet normal 0.996917 0.0784681 0
    outer loop
      vertex -1.13584 -0.179899 4.2
      vertex -1.15 0 0
      vertex -1.15 0 4.2
    endloop
  endfacet
  facet normal 0.996917 0.0784681 0
    outer loop
      vertex -1.15 0 0
      vertex -1.13584 -0.179899 4.2
      vertex -1.13584 -0.179899 0
    endloop
  endfacet
  facet normal 0.996917 0.0784681 0
    outer loop
      vertex -1.13584 -0.179899 15
      vertex -1.15 0 10.8
      vertex -1.15 0 15
    endloop
  endfacet
  facet normal 0.996917 0.0784681 0
    outer loop
      vertex -1.15 0 10.8
      vertex -1.13584 -0.179899 15
      vertex -1.13584 -0.179899 10.8
    endloop
  endfacet
  facet normal -0.760403 -0.649451 0
    outer loop
      vertex 0.930369 0.675953 0
      vertex 0.813172 0.813172 4.2
      vertex 0.813172 0.813172 0
    endloop
  endfacet
  facet normal -0.760403 -0.649451 0
    outer loop
      vertex 0.813172 0.813172 4.2
      vertex 0.930369 0.675953 0
      vertex 0.930369 0.675953 4.2
    endloop
  endfacet
  facet normal -0.760403 -0.649451 0
    outer loop
      vertex 0.930369 0.675953 10.8
      vertex 0.813172 0.813172 15
      vertex 0.813172 0.813172 10.8
    endloop
  endfacet
  facet normal -0.760403 -0.649451 0
    outer loop
      vertex 0.813172 0.813172 15
      vertex 0.930369 0.675953 10.8
      vertex 0.930369 0.675953 15
    endloop
  endfacet
  facet normal 0.923895 0.382647 0
    outer loop
      vertex -1.02466 -0.522089 4.2
      vertex -1.09371 -0.355369 0
      vertex -1.09371 -0.355369 4.2
    endloop
  endfacet
  facet normal 0.923895 0.382647 0
    outer loop
      vertex -1.09371 -0.355369 0
      vertex -1.02466 -0.522089 4.2
      vertex -1.02466 -0.522089 0
    endloop
  endfacet
  facet normal 0.923895 0.382647 0
    outer loop
      vertex -1.02466 -0.522089 15
      vertex -1.09371 -0.355369 10.8
      vertex -1.09371 -0.355369 15
    endloop
  endfacet
  facet normal 0.923895 0.382647 0
    outer loop
      vertex -1.09371 -0.355369 10.8
      vertex -1.02466 -0.522089 15
      vertex -1.02466 -0.522089 10.8
    endloop
  endfacet
  facet normal -0.649451 0.760403 0
    outer loop
      vertex 0.813172 -0.813172 0
      vertex 0.675953 -0.930369 4.2
      vertex 0.813172 -0.813172 4.2
    endloop
  endfacet
  facet normal -0.649451 0.760403 0
    outer loop
      vertex 0.675953 -0.930369 4.2
      vertex 0.813172 -0.813172 0
      vertex 0.675953 -0.930369 0
    endloop
  endfacet
  facet normal -0.649451 0.760403 0
    outer loop
      vertex 0.813172 -0.813172 10.8
      vertex 0.675953 -0.930369 15
      vertex 0.813172 -0.813172 15
    endloop
  endfacet
  facet normal -0.649451 0.760403 0
    outer loop
      vertex 0.675953 -0.930369 15
      vertex 0.813172 -0.813172 10.8
      vertex 0.675953 -0.930369 10.8
    endloop
  endfacet
  facet normal 0.923895 -0.382647 0
    outer loop
      vertex -1.09371 0.355369 4.2
      vertex -1.02466 0.522089 0
      vertex -1.02466 0.522089 4.2
    endloop
  endfacet
  facet normal 0.923895 -0.382647 0
    outer loop
      vertex -1.02466 0.522089 0
      vertex -1.09371 0.355369 4.2
      vertex -1.09371 0.355369 0
    endloop
  endfacet
  facet normal 0.923895 -0.382647 0
    outer loop
      vertex -1.09371 0.355369 15
      vertex -1.02466 0.522089 10.8
      vertex -1.02466 0.522089 15
    endloop
  endfacet
  facet normal 0.923895 -0.382647 0
    outer loop
      vertex -1.02466 0.522089 10.8
      vertex -1.09371 0.355369 15
      vertex -1.09371 0.355369 10.8
    endloop
  endfacet
  facet normal 0.649451 -0.760403 0
    outer loop
      vertex -0.813172 0.813172 0
      vertex -0.675953 0.930369 4.2
      vertex -0.813172 0.813172 4.2
    endloop
  endfacet
  facet normal 0.649451 -0.760403 0
    outer loop
      vertex -0.675953 0.930369 4.2
      vertex -0.813172 0.813172 0
      vertex -0.675953 0.930369 0
    endloop
  endfacet
  facet normal 0.649451 -0.760403 0
    outer loop
      vertex -0.813172 0.813172 10.8
      vertex -0.675953 0.930369 15
      vertex -0.813172 0.813172 15
    endloop
  endfacet
  facet normal 0.649451 -0.760403 0
    outer loop
      vertex -0.675953 0.930369 15
      vertex -0.813172 0.813172 10.8
      vertex -0.675953 0.930369 10.8
    endloop
  endfacet
  facet normal 0.0784681 -0.996917 0
    outer loop
      vertex -0.179899 1.13584 0
      vertex 0 1.15 4.2
      vertex -0.179899 1.13584 4.2
    endloop
  endfacet
  facet normal 0.0784681 -0.996917 0
    outer loop
      vertex 0 1.15 4.2
      vertex -0.179899 1.13584 0
      vertex 0 1.15 0
    endloop
  endfacet
  facet normal 0.0784681 -0.996917 0
    outer loop
      vertex -0.179899 1.13584 10.8
      vertex 0 1.15 15
      vertex -0.179899 1.13584 15
    endloop
  endfacet
  facet normal 0.0784681 -0.996917 0
    outer loop
      vertex 0 1.15 15
      vertex -0.179899 1.13584 10.8
      vertex 0 1.15 10.8
    endloop
  endfacet
  facet normal 0.972366 0.233463 0
    outer loop
      vertex -1.09371 -0.355369 4.2
      vertex -1.13584 -0.179899 0
      vertex -1.13584 -0.179899 4.2
    endloop
  endfacet
  facet normal 0.972366 0.233463 0
    outer loop
      vertex -1.13584 -0.179899 0
      vertex -1.09371 -0.355369 4.2
      vertex -1.09371 -0.355369 0
    endloop
  endfacet
  facet normal 0.972366 0.233463 0
    outer loop
      vertex -1.09371 -0.355369 15
      vertex -1.13584 -0.179899 10.8
      vertex -1.13584 -0.179899 15
    endloop
  endfacet
  facet normal 0.972366 0.233463 0
    outer loop
      vertex -1.13584 -0.179899 10.8
      vertex -1.09371 -0.355369 15
      vertex -1.09371 -0.355369 10.8
    endloop
  endfacet
  facet normal -0.972366 -0.233463 0
    outer loop
      vertex 1.13584 0.179899 0
      vertex 1.09371 0.355369 4.2
      vertex 1.09371 0.355369 0
    endloop
  endfacet
  facet normal -0.972366 -0.233463 0
    outer loop
      vertex 1.09371 0.355369 4.2
      vertex 1.13584 0.179899 0
      vertex 1.13584 0.179899 4.2
    endloop
  endfacet
  facet normal -0.972366 -0.233463 0
    outer loop
      vertex 1.13584 0.179899 10.8
      vertex 1.09371 0.355369 15
      vertex 1.09371 0.355369 10.8
    endloop
  endfacet
  facet normal -0.972366 -0.233463 0
    outer loop
      vertex 1.09371 0.355369 15
      vertex 1.13584 0.179899 10.8
      vertex 1.13584 0.179899 15
    endloop
  endfacet
  facet normal -0.923895 -0.382647 0
    outer loop
      vertex 1.09371 0.355369 0
      vertex 1.02466 0.522089 4.2
      vertex 1.02466 0.522089 0
    endloop
  endfacet
  facet normal -0.923895 -0.382647 0
    outer loop
      vertex 1.02466 0.522089 4.2
      vertex 1.09371 0.355369 0
      vertex 1.09371 0.355369 4.2
    endloop
  endfacet
  facet normal -0.923895 -0.382647 0
    outer loop
      vertex 1.09371 0.355369 10.8
      vertex 1.02466 0.522089 15
      vertex 1.02466 0.522089 10.8
    endloop
  endfacet
  facet normal -0.923895 -0.382647 0
    outer loop
      vertex 1.02466 0.522089 15
      vertex 1.09371 0.355369 10.8
      vertex 1.09371 0.355369 15
    endloop
  endfacet
  facet normal -0.996917 -0.0784681 0
    outer loop
      vertex 1.15 0 0
      vertex 1.13584 0.179899 4.2
      vertex 1.13584 0.179899 0
    endloop
  endfacet
  facet normal -0.996917 -0.0784681 0
    outer loop
      vertex 1.13584 0.179899 4.2
      vertex 1.15 0 0
      vertex 1.15 0 4.2
    endloop
  endfacet
  facet normal -0.996917 -0.0784681 0
    outer loop
      vertex 1.15 0 10.8
      vertex 1.13584 0.179899 15
      vertex 1.13584 0.179899 10.8
    endloop
  endfacet
  facet normal -0.996917 -0.0784681 0
    outer loop
      vertex 1.13584 0.179899 15
      vertex 1.15 0 10.8
      vertex 1.15 0 15
    endloop
  endfacet
  facet normal 0.522511 0.852633 -0
    outer loop
      vertex -0.522089 -1.02466 0
      vertex -0.675953 -0.930369 4.2
      vertex -0.522089 -1.02466 4.2
    endloop
  endfacet
  facet normal 0.522511 0.852633 0
    outer loop
      vertex -0.675953 -0.930369 4.2
      vertex -0.522089 -1.02466 0
      vertex -0.675953 -0.930369 0
    endloop
  endfacet
  facet normal 0.522511 0.852633 -0
    outer loop
      vertex -0.522089 -1.02466 10.8
      vertex -0.675953 -0.930369 15
      vertex -0.522089 -1.02466 15
    endloop
  endfacet
  facet normal 0.522511 0.852633 0
    outer loop
      vertex -0.675953 -0.930369 15
      vertex -0.522089 -1.02466 10.8
      vertex -0.675953 -0.930369 10.8
    endloop
  endfacet
  facet normal -0.382647 0.923895 0
    outer loop
      vertex 0.522089 -1.02466 0
      vertex 0.355369 -1.09371 4.2
      vertex 0.522089 -1.02466 4.2
    endloop
  endfacet
  facet normal -0.382647 0.923895 0
    outer loop
      vertex 0.355369 -1.09371 4.2
      vertex 0.522089 -1.02466 0
      vertex 0.355369 -1.09371 0
    endloop
  endfacet
  facet normal -0.382647 0.923895 0
    outer loop
      vertex 0.522089 -1.02466 10.8
      vertex 0.355369 -1.09371 15
      vertex 0.522089 -1.02466 15
    endloop
  endfacet
  facet normal -0.382647 0.923895 0
    outer loop
      vertex 0.355369 -1.09371 15
      vertex 0.522089 -1.02466 10.8
      vertex 0.355369 -1.09371 10.8
    endloop
  endfacet
  facet normal 0.0784681 0.996917 -0
    outer loop
      vertex 0 -1.15 0
      vertex -0.179899 -1.13584 4.2
      vertex 0 -1.15 4.2
    endloop
  endfacet
  facet normal 0.0784681 0.996917 0
    outer loop
      vertex -0.179899 -1.13584 4.2
      vertex 0 -1.15 0
      vertex -0.179899 -1.13584 0
    endloop
  endfacet
  facet normal 0.0784681 0.996917 -0
    outer loop
      vertex 0 -1.15 10.8
      vertex -0.179899 -1.13584 15
      vertex 0 -1.15 15
    endloop
  endfacet
  facet normal 0.0784681 0.996917 0
    outer loop
      vertex -0.179899 -1.13584 15
      vertex 0 -1.15 10.8
      vertex -0.179899 -1.13584 10.8
    endloop
  endfacet
  facet normal 0.233463 -0.972366 0
    outer loop
      vertex -0.355369 1.09371 0
      vertex -0.179899 1.13584 4.2
      vertex -0.355369 1.09371 4.2
    endloop
  endfacet
  facet normal 0.233463 -0.972366 0
    outer loop
      vertex -0.179899 1.13584 4.2
      vertex -0.355369 1.09371 0
      vertex -0.179899 1.13584 0
    endloop
  endfacet
  facet normal 0.233463 -0.972366 0
    outer loop
      vertex -0.355369 1.09371 10.8
      vertex -0.179899 1.13584 15
      vertex -0.355369 1.09371 15
    endloop
  endfacet
  facet normal 0.233463 -0.972366 0
    outer loop
      vertex -0.179899 1.13584 15
      vertex -0.355369 1.09371 10.8
      vertex -0.179899 1.13584 10.8
    endloop
  endfacet
  facet normal 0.522511 -0.852633 0
    outer loop
      vertex -0.675953 0.930369 0
      vertex -0.522089 1.02466 4.2
      vertex -0.675953 0.930369 4.2
    endloop
  endfacet
  facet normal 0.522511 -0.852633 0
    outer loop
      vertex -0.522089 1.02466 4.2
      vertex -0.675953 0.930369 0
      vertex -0.522089 1.02466 0
    endloop
  endfacet
  facet normal 0.522511 -0.852633 0
    outer loop
      vertex -0.675953 0.930369 10.8
      vertex -0.522089 1.02466 15
      vertex -0.675953 0.930369 15
    endloop
  endfacet
  facet normal 0.522511 -0.852633 0
    outer loop
      vertex -0.522089 1.02466 15
      vertex -0.675953 0.930369 10.8
      vertex -0.522089 1.02466 10.8
    endloop
  endfacet
  facet normal -0.522511 0.852633 0
    outer loop
      vertex 0.675953 -0.930369 0
      vertex 0.522089 -1.02466 4.2
      vertex 0.675953 -0.930369 4.2
    endloop
  endfacet
  facet normal -0.522511 0.852633 0
    outer loop
      vertex 0.522089 -1.02466 4.2
      vertex 0.675953 -0.930369 0
      vertex 0.522089 -1.02466 0
    endloop
  endfacet
  facet normal -0.522511 0.852633 0
    outer loop
      vertex 0.675953 -0.930369 10.8
      vertex 0.522089 -1.02466 15
      vertex 0.675953 -0.930369 15
    endloop
  endfacet
  facet normal -0.522511 0.852633 0
    outer loop
      vertex 0.522089 -1.02466 15
      vertex 0.675953 -0.930369 10.8
      vertex 0.522089 -1.02466 10.8
    endloop
  endfacet
  facet normal -0.649451 -0.760403 0
    outer loop
      vertex 0.675953 0.930369 0
      vertex 0.813172 0.813172 4.2
      vertex 0.675953 0.930369 4.2
    endloop
  endfacet
  facet normal -0.649451 -0.760403 -0
    outer loop
      vertex 0.813172 0.813172 4.2
      vertex 0.675953 0.930369 0
      vertex 0.813172 0.813172 0
    endloop
  endfacet
  facet normal -0.649451 -0.760403 0
    outer loop
      vertex 0.675953 0.930369 10.8
      vertex 0.813172 0.813172 15
      vertex 0.675953 0.930369 15
    endloop
  endfacet
  facet normal -0.649451 -0.760403 -0
    outer loop
      vertex 0.813172 0.813172 15
      vertex 0.675953 0.930369 10.8
      vertex 0.813172 0.813172 10.8
    endloop
  endfacet
  facet normal 0.852633 0.522511 0
    outer loop
      vertex -0.930369 -0.675953 4.2
      vertex -1.02466 -0.522089 0
      vertex -1.02466 -0.522089 4.2
    endloop
  endfacet
  facet normal 0.852633 0.522511 0
    outer loop
      vertex -1.02466 -0.522089 0
      vertex -0.930369 -0.675953 4.2
      vertex -0.930369 -0.675953 0
    endloop
  endfacet
  facet normal 0.852633 0.522511 0
    outer loop
      vertex -0.930369 -0.675953 15
      vertex -1.02466 -0.522089 10.8
      vertex -1.02466 -0.522089 15
    endloop
  endfacet
  facet normal 0.852633 0.522511 0
    outer loop
      vertex -1.02466 -0.522089 10.8
      vertex -0.930369 -0.675953 15
      vertex -0.930369 -0.675953 10.8
    endloop
  endfacet
  facet normal -0.0784681 0.996917 0
    outer loop
      vertex 0.179899 -1.13584 0
      vertex 0 -1.15 4.2
      vertex 0.179899 -1.13584 4.2
    endloop
  endfacet
  facet normal -0.0784681 0.996917 0
    outer loop
      vertex 0 -1.15 4.2
      vertex 0.179899 -1.13584 0
      vertex 0 -1.15 0
    endloop
  endfacet
  facet normal -0.0784681 0.996917 0
    outer loop
      vertex 0.179899 -1.13584 10.8
      vertex 0 -1.15 15
      vertex 0.179899 -1.13584 15
    endloop
  endfacet
  facet normal -0.0784681 0.996917 0
    outer loop
      vertex 0 -1.15 15
      vertex 0.179899 -1.13584 10.8
      vertex 0 -1.15 10.8
    endloop
  endfacet
  facet normal -0.996917 0.0784681 0
    outer loop
      vertex 1.13584 -0.179899 0
      vertex 1.15 0 4.2
      vertex 1.15 0 0
    endloop
  endfacet
  facet normal -0.996917 0.0784681 0
    outer loop
      vertex 1.15 0 4.2
      vertex 1.13584 -0.179899 0
      vertex 1.13584 -0.179899 4.2
    endloop
  endfacet
  facet normal -0.996917 0.0784681 0
    outer loop
      vertex 1.13584 -0.179899 10.8
      vertex 1.15 0 15
      vertex 1.15 0 10.8
    endloop
  endfacet
  facet normal -0.996917 0.0784681 0
    outer loop
      vertex 1.15 0 15
      vertex 1.13584 -0.179899 10.8
      vertex 1.13584 -0.179899 15
    endloop
  endfacet
  facet normal -0.0784681 -0.996917 0
    outer loop
      vertex 0 1.15 0
      vertex 0.179899 1.13584 4.2
      vertex 0 1.15 4.2
    endloop
  endfacet
  facet normal -0.0784681 -0.996917 -0
    outer loop
      vertex 0.179899 1.13584 4.2
      vertex 0 1.15 0
      vertex 0.179899 1.13584 0
    endloop
  endfacet
  facet normal -0.0784681 -0.996917 0
    outer loop
      vertex 0 1.15 10.8
      vertex 0.179899 1.13584 15
      vertex 0 1.15 15
    endloop
  endfacet
  facet normal -0.0784681 -0.996917 -0
    outer loop
      vertex 0.179899 1.13584 15
      vertex 0 1.15 10.8
      vertex 0.179899 1.13584 10.8
    endloop
  endfacet
  facet normal -0.233463 0.972366 0
    outer loop
      vertex 0.355369 -1.09371 0
      vertex 0.179899 -1.13584 4.2
      vertex 0.355369 -1.09371 4.2
    endloop
  endfacet
  facet normal -0.233463 0.972366 0
    outer loop
      vertex 0.179899 -1.13584 4.2
      vertex 0.355369 -1.09371 0
      vertex 0.179899 -1.13584 0
    endloop
  endfacet
  facet normal -0.233463 0.972366 0
    outer loop
      vertex 0.355369 -1.09371 10.8
      vertex 0.179899 -1.13584 15
      vertex 0.355369 -1.09371 15
    endloop
  endfacet
  facet normal -0.233463 0.972366 0
    outer loop
      vertex 0.179899 -1.13584 15
      vertex 0.355369 -1.09371 10.8
      vertex 0.179899 -1.13584 10.8
    endloop
  endfacet
  facet normal 0.760403 -0.649451 0
    outer loop
      vertex -0.930369 0.675953 4.2
      vertex -0.813172 0.813172 0
      vertex -0.813172 0.813172 4.2
    endloop
  endfacet
  facet normal 0.760403 -0.649451 0
    outer loop
      vertex -0.813172 0.813172 0
      vertex -0.930369 0.675953 4.2
      vertex -0.930369 0.675953 0
    endloop
  endfacet
  facet normal 0.760403 -0.649451 0
    outer loop
      vertex -0.930369 0.675953 15
      vertex -0.813172 0.813172 10.8
      vertex -0.813172 0.813172 15
    endloop
  endfacet
  facet normal 0.760403 -0.649451 0
    outer loop
      vertex -0.813172 0.813172 10.8
      vertex -0.930369 0.675953 15
      vertex -0.930369 0.675953 10.8
    endloop
  endfacet
  facet normal 0.649451 0.760403 -0
    outer loop
      vertex -0.675953 -0.930369 0
      vertex -0.813172 -0.813172 4.2
      vertex -0.675953 -0.930369 4.2
    endloop
  endfacet
  facet normal 0.649451 0.760403 0
    outer loop
      vertex -0.813172 -0.813172 4.2
      vertex -0.675953 -0.930369 0
      vertex -0.813172 -0.813172 0
    endloop
  endfacet
  facet normal 0.649451 0.760403 -0
    outer loop
      vertex -0.675953 -0.930369 10.8
      vertex -0.813172 -0.813172 15
      vertex -0.675953 -0.930369 15
    endloop
  endfacet
  facet normal 0.649451 0.760403 0
    outer loop
      vertex -0.813172 -0.813172 15
      vertex -0.675953 -0.930369 10.8
      vertex -0.813172 -0.813172 10.8
    endloop
  endfacet
  facet normal -0.760403 0.649451 0
    outer loop
      vertex 0.813172 -0.813172 0
      vertex 0.930369 -0.675953 4.2
      vertex 0.930369 -0.675953 0
    endloop
  endfacet
  facet normal -0.760403 0.649451 0
    outer loop
      vertex 0.930369 -0.675953 4.2
      vertex 0.813172 -0.813172 0
      vertex 0.813172 -0.813172 4.2
    endloop
  endfacet
  facet normal -0.760403 0.649451 0
    outer loop
      vertex 0.813172 -0.813172 10.8
      vertex 0.930369 -0.675953 15
      vertex 0.930369 -0.675953 10.8
    endloop
  endfacet
  facet normal -0.760403 0.649451 0
    outer loop
      vertex 0.930369 -0.675953 15
      vertex 0.813172 -0.813172 10.8
      vertex 0.813172 -0.813172 15
    endloop
  endfacet
  facet normal -0.852633 0.522511 0
    outer loop
      vertex 0.930369 -0.675953 0
      vertex 1.02466 -0.522089 4.2
      vertex 1.02466 -0.522089 0
    endloop
  endfacet
  facet normal -0.852633 0.522511 0
    outer loop
      vertex 1.02466 -0.522089 4.2
      vertex 0.930369 -0.675953 0
      vertex 0.930369 -0.675953 4.2
    endloop
  endfacet
  facet normal -0.852633 0.522511 0
    outer loop
      vertex 0.930369 -0.675953 10.8
      vertex 1.02466 -0.522089 15
      vertex 1.02466 -0.522089 10.8
    endloop
  endfacet
  facet normal -0.852633 0.522511 0
    outer loop
      vertex 1.02466 -0.522089 15
      vertex 0.930369 -0.675953 10.8
      vertex 0.930369 -0.675953 15
    endloop
  endfacet
  facet normal 0.382647 0.923895 -0
    outer loop
      vertex -0.355369 -1.09371 0
      vertex -0.522089 -1.02466 4.2
      vertex -0.355369 -1.09371 4.2
    endloop
  endfacet
  facet normal 0.382647 0.923895 0
    outer loop
      vertex -0.522089 -1.02466 4.2
      vertex -0.355369 -1.09371 0
      vertex -0.522089 -1.02466 0
    endloop
  endfacet
  facet normal 0.382647 0.923895 -0
    outer loop
      vertex -0.355369 -1.09371 10.8
      vertex -0.522089 -1.02466 15
      vertex -0.355369 -1.09371 15
    endloop
  endfacet
  facet normal 0.382647 0.923895 0
    outer loop
      vertex -0.522089 -1.02466 15
      vertex -0.355369 -1.09371 10.8
      vertex -0.522089 -1.02466 10.8
    endloop
  endfacet
  facet normal 0.233463 0.972366 -0
    outer loop
      vertex -0.179899 -1.13584 0
      vertex -0.355369 -1.09371 4.2
      vertex -0.179899 -1.13584 4.2
    endloop
  endfacet
  facet normal 0.233463 0.972366 0
    outer loop
      vertex -0.355369 -1.09371 4.2
      vertex -0.179899 -1.13584 0
      vertex -0.355369 -1.09371 0
    endloop
  endfacet
  facet normal 0.233463 0.972366 -0
    outer loop
      vertex -0.179899 -1.13584 10.8
      vertex -0.355369 -1.09371 15
      vertex -0.179899 -1.13584 15
    endloop
  endfacet
  facet normal 0.233463 0.972366 0
    outer loop
      vertex -0.355369 -1.09371 15
      vertex -0.179899 -1.13584 10.8
      vertex -0.355369 -1.09371 10.8
    endloop
  endfacet
  facet normal -0.522511 -0.852633 0
    outer loop
      vertex 0.522089 1.02466 0
      vertex 0.675953 0.930369 4.2
      vertex 0.522089 1.02466 4.2
    endloop
  endfacet
  facet normal -0.522511 -0.852633 -0
    outer loop
      vertex 0.675953 0.930369 4.2
      vertex 0.522089 1.02466 0
      vertex 0.675953 0.930369 0
    endloop
  endfacet
  facet normal -0.522511 -0.852633 0
    outer loop
      vertex 0.522089 1.02466 10.8
      vertex 0.675953 0.930369 15
      vertex 0.522089 1.02466 15
    endloop
  endfacet
  facet normal -0.522511 -0.852633 -0
    outer loop
      vertex 0.675953 0.930369 15
      vertex 0.522089 1.02466 10.8
      vertex 0.675953 0.930369 10.8
    endloop
  endfacet
  facet normal 0.382647 -0.923895 0
    outer loop
      vertex -0.522089 1.02466 0
      vertex -0.355369 1.09371 4.2
      vertex -0.522089 1.02466 4.2
    endloop
  endfacet
  facet normal 0.382647 -0.923895 0
    outer loop
      vertex -0.355369 1.09371 4.2
      vertex -0.522089 1.02466 0
      vertex -0.355369 1.09371 0
    endloop
  endfacet
  facet normal 0.382647 -0.923895 0
    outer loop
      vertex -0.522089 1.02466 10.8
      vertex -0.355369 1.09371 15
      vertex -0.522089 1.02466 15
    endloop
  endfacet
  facet normal 0.382647 -0.923895 0
    outer loop
      vertex -0.355369 1.09371 15
      vertex -0.522089 1.02466 10.8
      vertex -0.355369 1.09371 10.8
    endloop
  endfacet
  facet normal -0.382647 -0.923895 0
    outer loop
      vertex 0.355369 1.09371 0
      vertex 0.522089 1.02466 4.2
      vertex 0.355369 1.09371 4.2
    endloop
  endfacet
  facet normal -0.382647 -0.923895 -0
    outer loop
      vertex 0.522089 1.02466 4.2
      vertex 0.355369 1.09371 0
      vertex 0.522089 1.02466 0
    endloop
  endfacet
  facet normal -0.382647 -0.923895 0
    outer loop
      vertex 0.355369 1.09371 10.8
      vertex 0.522089 1.02466 15
      vertex 0.355369 1.09371 15
    endloop
  endfacet
  facet normal -0.382647 -0.923895 -0
    outer loop
      vertex 0.522089 1.02466 15
      vertex 0.355369 1.09371 10.8
      vertex 0.522089 1.02466 10.8
    endloop
  endfacet
  facet normal 0.852633 -0.522511 0
    outer loop
      vertex -1.02466 0.522089 4.2
      vertex -0.930369 0.675953 0
      vertex -0.930369 0.675953 4.2
    endloop
  endfacet
  facet normal 0.852633 -0.522511 0
    outer loop
      vertex -0.930369 0.675953 0
      vertex -1.02466 0.522089 4.2
      vertex -1.02466 0.522089 0
    endloop
  endfacet
  facet normal 0.852633 -0.522511 0
    outer loop
      vertex -1.02466 0.522089 15
      vertex -0.930369 0.675953 10.8
      vertex -0.930369 0.675953 15
    endloop
  endfacet
  facet normal 0.852633 -0.522511 0
    outer loop
      vertex -0.930369 0.675953 10.8
      vertex -1.02466 0.522089 15
      vertex -1.02466 0.522089 10.8
    endloop
  endfacet
  facet normal -0.233463 -0.972366 0
    outer loop
      vertex 0.179899 1.13584 0
      vertex 0.355369 1.09371 4.2
      vertex 0.179899 1.13584 4.2
    endloop
  endfacet
  facet normal -0.233463 -0.972366 -0
    outer loop
      vertex 0.355369 1.09371 4.2
      vertex 0.179899 1.13584 0
      vertex 0.355369 1.09371 0
    endloop
  endfacet
  facet normal -0.233463 -0.972366 0
    outer loop
      vertex 0.179899 1.13584 10.8
      vertex 0.355369 1.09371 15
      vertex 0.179899 1.13584 15
    endloop
  endfacet
  facet normal -0.233463 -0.972366 -0
    outer loop
      vertex 0.355369 1.09371 15
      vertex 0.179899 1.13584 10.8
      vertex 0.355369 1.09371 10.8
    endloop
  endfacet
  facet normal 0.996917 0.0784677 0
    outer loop
      vertex 6.97124 8.66743 4.2
      vertex 6.95708 8.84733 0
      vertex 6.95708 8.84733 4.2
    endloop
  endfacet
  facet normal 0.996917 0.0784677 0
    outer loop
      vertex 6.95708 8.84733 0
      vertex 6.97124 8.66743 4.2
      vertex 6.97124 8.66743 0
    endloop
  endfacet
  facet normal 0.996917 0.0784677 0
    outer loop
      vertex 6.97124 8.66743 15
      vertex 6.95708 8.84733 10.8
      vertex 6.95708 8.84733 15
    endloop
  endfacet
  facet normal 0.996917 0.0784677 0
    outer loop
      vertex 6.95708 8.84733 10.8
      vertex 6.97124 8.66743 15
      vertex 6.97124 8.66743 10.8
    endloop
  endfacet
  facet normal -0.852629 -0.522517 0
    outer loop
      vertex 9.13174 9.36942 0
      vertex 9.03745 9.52328 4.2
      vertex 9.03745 9.52328 0
    endloop
  endfacet
  facet normal -0.852629 -0.522517 0
    outer loop
      vertex 9.03745 9.52328 4.2
      vertex 9.13174 9.36942 0
      vertex 9.13174 9.36942 4.2
    endloop
  endfacet
  facet normal -0.852629 -0.522517 0
    outer loop
      vertex 9.13174 9.36942 10.8
      vertex 9.03745 9.52328 15
      vertex 9.03745 9.52328 10.8
    endloop
  endfacet
  facet normal -0.852629 -0.522517 0
    outer loop
      vertex 9.03745 9.52328 15
      vertex 9.13174 9.36942 10.8
      vertex 9.13174 9.36942 15
    endloop
  endfacet
  facet normal 0.522517 0.852629 -0
    outer loop
      vertex 7.58499 7.82267 0
      vertex 7.43113 7.91696 4.2
      vertex 7.58499 7.82267 4.2
    endloop
  endfacet
  facet normal 0.522517 0.852629 0
    outer loop
      vertex 7.43113 7.91696 4.2
      vertex 7.58499 7.82267 0
      vertex 7.43113 7.91696 0
    endloop
  endfacet
  facet normal 0.522517 0.852629 -0
    outer loop
      vertex 7.58499 7.82267 10.8
      vertex 7.43113 7.91696 15
      vertex 7.58499 7.82267 15
    endloop
  endfacet
  facet normal 0.522517 0.852629 0
    outer loop
      vertex 7.43113 7.91696 15
      vertex 7.58499 7.82267 10.8
      vertex 7.43113 7.91696 10.8
    endloop
  endfacet
  facet normal 0.649458 -0.760398 0
    outer loop
      vertex 7.29391 9.6605 0
      vertex 7.43113 9.7777 4.2
      vertex 7.29391 9.6605 4.2
    endloop
  endfacet
  facet normal 0.649458 -0.760398 0
    outer loop
      vertex 7.43113 9.7777 4.2
      vertex 7.29391 9.6605 0
      vertex 7.43113 9.7777 0
    endloop
  endfacet
  facet normal 0.649458 -0.760398 0
    outer loop
      vertex 7.29391 9.6605 10.8
      vertex 7.43113 9.7777 15
      vertex 7.29391 9.6605 15
    endloop
  endfacet
  facet normal 0.649458 -0.760398 0
    outer loop
      vertex 7.43113 9.7777 15
      vertex 7.29391 9.6605 10.8
      vertex 7.43113 9.7777 10.8
    endloop
  endfacet
  facet normal -0.760398 -0.649458 0
    outer loop
      vertex 9.03745 9.52328 0
      vertex 8.92025 9.6605 4.2
      vertex 8.92025 9.6605 0
    endloop
  endfacet
  facet normal -0.760398 -0.649458 0
    outer loop
      vertex 8.92025 9.6605 4.2
      vertex 9.03745 9.52328 0
      vertex 9.03745 9.52328 4.2
    endloop
  endfacet
  facet normal -0.760398 -0.649458 0
    outer loop
      vertex 9.03745 9.52328 10.8
      vertex 8.92025 9.6605 15
      vertex 8.92025 9.6605 10.8
    endloop
  endfacet
  facet normal -0.760398 -0.649458 0
    outer loop
      vertex 8.92025 9.6605 15
      vertex 9.03745 9.52328 10.8
      vertex 9.03745 9.52328 15
    endloop
  endfacet
  facet normal -0.382647 -0.923895 0
    outer loop
      vertex 8.46245 9.94104 0
      vertex 8.62917 9.87199 4.2
      vertex 8.46245 9.94104 4.2
    endloop
  endfacet
  facet normal -0.382647 -0.923895 -0
    outer loop
      vertex 8.62917 9.87199 4.2
      vertex 8.46245 9.94104 0
      vertex 8.62917 9.87199 0
    endloop
  endfacet
  facet normal -0.382647 -0.923895 0
    outer loop
      vertex 8.46245 9.94104 10.8
      vertex 8.62917 9.87199 15
      vertex 8.46245 9.94104 15
    endloop
  endfacet
  facet normal -0.382647 -0.923895 -0
    outer loop
      vertex 8.62917 9.87199 15
      vertex 8.46245 9.94104 10.8
      vertex 8.62917 9.87199 10.8
    endloop
  endfacet
  facet normal -0.649485 -0.760374 0
    outer loop
      vertex 8.78304 9.7777 0
      vertex 8.92025 9.6605 4.2
      vertex 8.78304 9.7777 4.2
    endloop
  endfacet
  facet normal -0.649485 -0.760374 -0
    outer loop
      vertex 8.92025 9.6605 4.2
      vertex 8.78304 9.7777 0
      vertex 8.92025 9.6605 0
    endloop
  endfacet
  facet normal -0.649485 -0.760374 0
    outer loop
      vertex 8.78304 9.7777 10.8
      vertex 8.92025 9.6605 15
      vertex 8.78304 9.7777 15
    endloop
  endfacet
  facet normal -0.649485 -0.760374 -0
    outer loop
      vertex 8.92025 9.6605 15
      vertex 8.78304 9.7777 10.8
      vertex 8.92025 9.6605 10.8
    endloop
  endfacet
  facet normal -0.996917 0.0784677 0
    outer loop
      vertex 9.24292 8.66743 0
      vertex 9.25708 8.84733 4.2
      vertex 9.25708 8.84733 0
    endloop
  endfacet
  facet normal -0.996917 0.0784677 0
    outer loop
      vertex 9.25708 8.84733 4.2
      vertex 9.24292 8.66743 0
      vertex 9.24292 8.66743 4.2
    endloop
  endfacet
  facet normal -0.996917 0.0784677 0
    outer loop
      vertex 9.24292 8.66743 10.8
      vertex 9.25708 8.84733 15
      vertex 9.25708 8.84733 10.8
    endloop
  endfacet
  facet normal -0.996917 0.0784677 0
    outer loop
      vertex 9.25708 8.84733 15
      vertex 9.24292 8.66743 10.8
      vertex 9.24292 8.66743 15
    endloop
  endfacet
  facet normal -0.923875 0.382694 0
    outer loop
      vertex 9.13174 8.32524 0
      vertex 9.2008 8.49196 4.2
      vertex 9.2008 8.49196 0
    endloop
  endfacet
  facet normal -0.923875 0.382694 0
    outer loop
      vertex 9.2008 8.49196 4.2
      vertex 9.13174 8.32524 0
      vertex 9.13174 8.32524 4.2
    endloop
  endfacet
  facet normal -0.923875 0.382694 0
    outer loop
      vertex 9.13174 8.32524 10.8
      vertex 9.2008 8.49196 15
      vertex 9.2008 8.49196 10.8
    endloop
  endfacet
  facet normal -0.923875 0.382694 0
    outer loop
      vertex 9.2008 8.49196 15
      vertex 9.13174 8.32524 10.8
      vertex 9.13174 8.32524 15
    endloop
  endfacet
  facet normal 0.649426 0.760425 -0
    outer loop
      vertex 7.43113 7.91696 0
      vertex 7.29391 8.03415 4.2
      vertex 7.43113 7.91696 4.2
    endloop
  endfacet
  facet normal 0.649426 0.760425 0
    outer loop
      vertex 7.29391 8.03415 4.2
      vertex 7.43113 7.91696 0
      vertex 7.29391 8.03415 0
    endloop
  endfacet
  facet normal 0.649426 0.760425 -0
    outer loop
      vertex 7.43113 7.91696 10.8
      vertex 7.29391 8.03415 15
      vertex 7.43113 7.91696 15
    endloop
  endfacet
  facet normal 0.649426 0.760425 0
    outer loop
      vertex 7.29391 8.03415 15
      vertex 7.43113 7.91696 10.8
      vertex 7.29391 8.03415 10.8
    endloop
  endfacet
  facet normal -0.852644 0.522492 0
    outer loop
      vertex 9.03745 8.17137 0
      vertex 9.13174 8.32524 4.2
      vertex 9.13174 8.32524 0
    endloop
  endfacet
  facet normal -0.852644 0.522492 0
    outer loop
      vertex 9.13174 8.32524 4.2
      vertex 9.03745 8.17137 0
      vertex 9.03745 8.17137 4.2
    endloop
  endfacet
  facet normal -0.852644 0.522492 0
    outer loop
      vertex 9.03745 8.17137 10.8
      vertex 9.13174 8.32524 15
      vertex 9.13174 8.32524 10.8
    endloop
  endfacet
  facet normal -0.852644 0.522492 0
    outer loop
      vertex 9.13174 8.32524 15
      vertex 9.03745 8.17137 10.8
      vertex 9.03745 8.17137 15
    endloop
  endfacet
  facet normal 0.923895 0.382647 0
    outer loop
      vertex 7.08242 8.32524 4.2
      vertex 7.01337 8.49196 0
      vertex 7.01337 8.49196 4.2
    endloop
  endfacet
  facet normal 0.923895 0.382647 0
    outer loop
      vertex 7.01337 8.49196 0
      vertex 7.08242 8.32524 4.2
      vertex 7.08242 8.32524 0
    endloop
  endfacet
  facet normal 0.923895 0.382647 0
    outer loop
      vertex 7.08242 8.32524 15
      vertex 7.01337 8.49196 10.8
      vertex 7.01337 8.49196 15
    endloop
  endfacet
  facet normal 0.923895 0.382647 0
    outer loop
      vertex 7.01337 8.49196 10.8
      vertex 7.08242 8.32524 15
      vertex 7.08242 8.32524 10.8
    endloop
  endfacet
  facet normal 0.972366 0.233463 0
    outer loop
      vertex 7.01337 8.49196 4.2
      vertex 6.97124 8.66743 0
      vertex 6.97124 8.66743 4.2
    endloop
  endfacet
  facet normal 0.972366 0.233463 0
    outer loop
      vertex 6.97124 8.66743 0
      vertex 7.01337 8.49196 4.2
      vertex 7.01337 8.49196 0
    endloop
  endfacet
  facet normal 0.972366 0.233463 0
    outer loop
      vertex 7.01337 8.49196 15
      vertex 6.97124 8.66743 10.8
      vertex 6.97124 8.66743 15
    endloop
  endfacet
  facet normal 0.972366 0.233463 0
    outer loop
      vertex 6.97124 8.66743 10.8
      vertex 7.01337 8.49196 15
      vertex 7.01337 8.49196 10.8
    endloop
  endfacet
  facet normal 0.382694 0.923875 -0
    outer loop
      vertex 7.75171 7.75361 0
      vertex 7.58499 7.82267 4.2
      vertex 7.75171 7.75361 4.2
    endloop
  endfacet
  facet normal 0.382694 0.923875 0
    outer loop
      vertex 7.58499 7.82267 4.2
      vertex 7.75171 7.75361 0
      vertex 7.58499 7.82267 0
    endloop
  endfacet
  facet normal 0.382694 0.923875 -0
    outer loop
      vertex 7.75171 7.75361 10.8
      vertex 7.58499 7.82267 15
      vertex 7.75171 7.75361 15
    endloop
  endfacet
  facet normal 0.382694 0.923875 0
    outer loop
      vertex 7.58499 7.82267 15
      vertex 7.75171 7.75361 10.8
      vertex 7.58499 7.82267 10.8
    endloop
  endfacet
  facet normal -0.233411 0.972378 0
    outer loop
      vertex 8.46245 7.75361 0
      vertex 8.28698 7.71149 4.2
      vertex 8.46245 7.75361 4.2
    endloop
  endfacet
  facet normal -0.233411 0.972378 0
    outer loop
      vertex 8.28698 7.71149 4.2
      vertex 8.46245 7.75361 0
      vertex 8.28698 7.71149 0
    endloop
  endfacet
  facet normal -0.233411 0.972378 0
    outer loop
      vertex 8.46245 7.75361 10.8
      vertex 8.28698 7.71149 15
      vertex 8.46245 7.75361 15
    endloop
  endfacet
  facet normal -0.233411 0.972378 0
    outer loop
      vertex 8.28698 7.71149 15
      vertex 8.46245 7.75361 10.8
      vertex 8.28698 7.71149 10.8
    endloop
  endfacet
  facet normal -0.522492 -0.852644 0
    outer loop
      vertex 8.62917 9.87199 0
      vertex 8.78304 9.7777 4.2
      vertex 8.62917 9.87199 4.2
    endloop
  endfacet
  facet normal -0.522492 -0.852644 -0
    outer loop
      vertex 8.78304 9.7777 4.2
      vertex 8.62917 9.87199 0
      vertex 8.78304 9.7777 0
    endloop
  endfacet
  facet normal -0.522492 -0.852644 0
    outer loop
      vertex 8.62917 9.87199 10.8
      vertex 8.78304 9.7777 15
      vertex 8.62917 9.87199 15
    endloop
  endfacet
  facet normal -0.522492 -0.852644 -0
    outer loop
      vertex 8.78304 9.7777 15
      vertex 8.62917 9.87199 10.8
      vertex 8.78304 9.7777 10.8
    endloop
  endfacet
  facet normal -0.233463 -0.972366 0
    outer loop
      vertex 8.28698 9.98317 0
      vertex 8.46245 9.94104 4.2
      vertex 8.28698 9.98317 4.2
    endloop
  endfacet
  facet normal -0.233463 -0.972366 -0
    outer loop
      vertex 8.46245 9.94104 4.2
      vertex 8.28698 9.98317 0
      vertex 8.46245 9.94104 0
    endloop
  endfacet
  facet normal -0.233463 -0.972366 0
    outer loop
      vertex 8.28698 9.98317 10.8
      vertex 8.46245 9.94104 15
      vertex 8.28698 9.98317 15
    endloop
  endfacet
  facet normal -0.233463 -0.972366 -0
    outer loop
      vertex 8.46245 9.94104 15
      vertex 8.28698 9.98317 10.8
      vertex 8.46245 9.94104 10.8
    endloop
  endfacet
  facet normal -0.996917 -0.0784677 0
    outer loop
      vertex 9.25708 8.84733 0
      vertex 9.24292 9.02723 4.2
      vertex 9.24292 9.02723 0
    endloop
  endfacet
  facet normal -0.996917 -0.0784677 0
    outer loop
      vertex 9.24292 9.02723 4.2
      vertex 9.25708 8.84733 0
      vertex 9.25708 8.84733 4.2
    endloop
  endfacet
  facet normal -0.996917 -0.0784677 0
    outer loop
      vertex 9.25708 8.84733 10.8
      vertex 9.24292 9.02723 15
      vertex 9.24292 9.02723 10.8
    endloop
  endfacet
  facet normal -0.996917 -0.0784677 0
    outer loop
      vertex 9.24292 9.02723 15
      vertex 9.25708 8.84733 10.8
      vertex 9.25708 8.84733 15
    endloop
  endfacet
  facet normal 0.760398 0.649458 0
    outer loop
      vertex 7.29391 8.03415 4.2
      vertex 7.17671 8.17137 0
      vertex 7.17671 8.17137 4.2
    endloop
  endfacet
  facet normal 0.760398 0.649458 0
    outer loop
      vertex 7.17671 8.17137 0
      vertex 7.29391 8.03415 4.2
      vertex 7.29391 8.03415 0
    endloop
  endfacet
  facet normal 0.760398 0.649458 0
    outer loop
      vertex 7.29391 8.03415 15
      vertex 7.17671 8.17137 10.8
      vertex 7.17671 8.17137 15
    endloop
  endfacet
  facet normal 0.760398 0.649458 0
    outer loop
      vertex 7.17671 8.17137 10.8
      vertex 7.29391 8.03415 15
      vertex 7.29391 8.03415 10.8
    endloop
  endfacet
  facet normal 0.382647 -0.923895 0
    outer loop
      vertex 7.58499 9.87199 0
      vertex 7.75171 9.94104 4.2
      vertex 7.58499 9.87199 4.2
    endloop
  endfacet
  facet normal 0.382647 -0.923895 0
    outer loop
      vertex 7.75171 9.94104 4.2
      vertex 7.58499 9.87199 0
      vertex 7.75171 9.94104 0
    endloop
  endfacet
  facet normal 0.382647 -0.923895 0
    outer loop
      vertex 7.58499 9.87199 10.8
      vertex 7.75171 9.94104 15
      vertex 7.58499 9.87199 15
    endloop
  endfacet
  facet normal 0.382647 -0.923895 0
    outer loop
      vertex 7.75171 9.94104 15
      vertex 7.58499 9.87199 10.8
      vertex 7.75171 9.94104 10.8
    endloop
  endfacet
  facet normal -0.972378 -0.233411 0
    outer loop
      vertex 9.24292 9.02723 0
      vertex 9.2008 9.2027 4.2
      vertex 9.2008 9.2027 0
    endloop
  endfacet
  facet normal -0.972378 -0.233411 0
    outer loop
      vertex 9.2008 9.2027 4.2
      vertex 9.24292 9.02723 0
      vertex 9.24292 9.02723 4.2
    endloop
  endfacet
  facet normal -0.972378 -0.233411 0
    outer loop
      vertex 9.24292 9.02723 10.8
      vertex 9.2008 9.2027 15
      vertex 9.2008 9.2027 10.8
    endloop
  endfacet
  facet normal -0.972378 -0.233411 0
    outer loop
      vertex 9.2008 9.2027 15
      vertex 9.24292 9.02723 10.8
      vertex 9.24292 9.02723 15
    endloop
  endfacet
  facet normal 0.852644 0.522492 0
    outer loop
      vertex 7.17671 8.17137 4.2
      vertex 7.08242 8.32524 0
      vertex 7.08242 8.32524 4.2
    endloop
  endfacet
  facet normal 0.852644 0.522492 0
    outer loop
      vertex 7.08242 8.32524 0
      vertex 7.17671 8.17137 4.2
      vertex 7.17671 8.17137 0
    endloop
  endfacet
  facet normal 0.852644 0.522492 0
    outer loop
      vertex 7.17671 8.17137 15
      vertex 7.08242 8.32524 10.8
      vertex 7.08242 8.32524 15
    endloop
  endfacet
  facet normal 0.852644 0.522492 0
    outer loop
      vertex 7.08242 8.32524 10.8
      vertex 7.17671 8.17137 15
      vertex 7.17671 8.17137 10.8
    endloop
  endfacet
  facet normal -0.972378 0.233411 0
    outer loop
      vertex 9.2008 8.49196 0
      vertex 9.24292 8.66743 4.2
      vertex 9.24292 8.66743 0
    endloop
  endfacet
  facet normal -0.972378 0.233411 0
    outer loop
      vertex 9.24292 8.66743 4.2
      vertex 9.2008 8.49196 0
      vertex 9.2008 8.49196 4.2
    endloop
  endfacet
  facet normal -0.972378 0.233411 0
    outer loop
      vertex 9.2008 8.49196 10.8
      vertex 9.24292 8.66743 15
      vertex 9.24292 8.66743 10.8
    endloop
  endfacet
  facet normal -0.972378 0.233411 0
    outer loop
      vertex 9.24292 8.66743 15
      vertex 9.2008 8.49196 10.8
      vertex 9.2008 8.49196 15
    endloop
  endfacet
  facet normal -0.0784677 -0.996917 0
    outer loop
      vertex 8.10708 9.99733 0
      vertex 8.28698 9.98317 4.2
      vertex 8.10708 9.99733 4.2
    endloop
  endfacet
  facet normal -0.0784677 -0.996917 -0
    outer loop
      vertex 8.28698 9.98317 4.2
      vertex 8.10708 9.99733 0
      vertex 8.28698 9.98317 0
    endloop
  endfacet
  facet normal -0.0784677 -0.996917 0
    outer loop
      vertex 8.10708 9.99733 10.8
      vertex 8.28698 9.98317 15
      vertex 8.10708 9.99733 15
    endloop
  endfacet
  facet normal -0.0784677 -0.996917 -0
    outer loop
      vertex 8.28698 9.98317 15
      vertex 8.10708 9.99733 10.8
      vertex 8.28698 9.98317 10.8
    endloop
  endfacet
  facet normal 0.923895 -0.382647 0
    outer loop
      vertex 7.01337 9.2027 4.2
      vertex 7.08242 9.36942 0
      vertex 7.08242 9.36942 4.2
    endloop
  endfacet
  facet normal 0.923895 -0.382647 0
    outer loop
      vertex 7.08242 9.36942 0
      vertex 7.01337 9.2027 4.2
      vertex 7.01337 9.2027 0
    endloop
  endfacet
  facet normal 0.923895 -0.382647 0
    outer loop
      vertex 7.01337 9.2027 15
      vertex 7.08242 9.36942 10.8
      vertex 7.08242 9.36942 15
    endloop
  endfacet
  facet normal 0.923895 -0.382647 0
    outer loop
      vertex 7.08242 9.36942 10.8
      vertex 7.01337 9.2027 15
      vertex 7.01337 9.2027 10.8
    endloop
  endfacet
  facet normal 0.760398 -0.649458 0
    outer loop
      vertex 7.17671 9.52328 4.2
      vertex 7.29391 9.6605 0
      vertex 7.29391 9.6605 4.2
    endloop
  endfacet
  facet normal 0.760398 -0.649458 0
    outer loop
      vertex 7.29391 9.6605 0
      vertex 7.17671 9.52328 4.2
      vertex 7.17671 9.52328 0
    endloop
  endfacet
  facet normal 0.760398 -0.649458 0
    outer loop
      vertex 7.17671 9.52328 15
      vertex 7.29391 9.6605 10.8
      vertex 7.29391 9.6605 15
    endloop
  endfacet
  facet normal 0.760398 -0.649458 0
    outer loop
      vertex 7.29391 9.6605 10.8
      vertex 7.17671 9.52328 15
      vertex 7.17671 9.52328 10.8
    endloop
  endfacet
  facet normal 0.233411 0.972378 -0
    outer loop
      vertex 7.92718 7.71149 0
      vertex 7.75171 7.75361 4.2
      vertex 7.92718 7.71149 4.2
    endloop
  endfacet
  facet normal 0.233411 0.972378 0
    outer loop
      vertex 7.75171 7.75361 4.2
      vertex 7.92718 7.71149 0
      vertex 7.75171 7.75361 0
    endloop
  endfacet
  facet normal 0.233411 0.972378 -0
    outer loop
      vertex 7.92718 7.71149 10.8
      vertex 7.75171 7.75361 15
      vertex 7.92718 7.71149 15
    endloop
  endfacet
  facet normal 0.233411 0.972378 0
    outer loop
      vertex 7.75171 7.75361 15
      vertex 7.92718 7.71149 10.8
      vertex 7.75171 7.75361 10.8
    endloop
  endfacet
  facet normal -0.0784677 0.996917 0
    outer loop
      vertex 8.28698 7.71149 0
      vertex 8.10708 7.69733 4.2
      vertex 8.28698 7.71149 4.2
    endloop
  endfacet
  facet normal -0.0784677 0.996917 0
    outer loop
      vertex 8.10708 7.69733 4.2
      vertex 8.28698 7.71149 0
      vertex 8.10708 7.69733 0
    endloop
  endfacet
  facet normal -0.0784677 0.996917 0
    outer loop
      vertex 8.28698 7.71149 10.8
      vertex 8.10708 7.69733 15
      vertex 8.28698 7.71149 15
    endloop
  endfacet
  facet normal -0.0784677 0.996917 0
    outer loop
      vertex 8.10708 7.69733 15
      vertex 8.28698 7.71149 10.8
      vertex 8.10708 7.69733 10.8
    endloop
  endfacet
  facet normal -0.649453 0.760402 0
    outer loop
      vertex 8.92025 8.03415 0
      vertex 8.78304 7.91696 4.2
      vertex 8.92025 8.03415 4.2
    endloop
  endfacet
  facet normal -0.649453 0.760402 0
    outer loop
      vertex 8.78304 7.91696 4.2
      vertex 8.92025 8.03415 0
      vertex 8.78304 7.91696 0
    endloop
  endfacet
  facet normal -0.649453 0.760402 0
    outer loop
      vertex 8.92025 8.03415 10.8
      vertex 8.78304 7.91696 15
      vertex 8.92025 8.03415 15
    endloop
  endfacet
  facet normal -0.649453 0.760402 0
    outer loop
      vertex 8.78304 7.91696 15
      vertex 8.92025 8.03415 10.8
      vertex 8.78304 7.91696 10.8
    endloop
  endfacet
  facet normal 0.0784677 0.996917 -0
    outer loop
      vertex 8.10708 7.69733 0
      vertex 7.92718 7.71149 4.2
      vertex 8.10708 7.69733 4.2
    endloop
  endfacet
  facet normal 0.0784677 0.996917 0
    outer loop
      vertex 7.92718 7.71149 4.2
      vertex 8.10708 7.69733 0
      vertex 7.92718 7.71149 0
    endloop
  endfacet
  facet normal 0.0784677 0.996917 -0
    outer loop
      vertex 8.10708 7.69733 10.8
      vertex 7.92718 7.71149 15
      vertex 8.10708 7.69733 15
    endloop
  endfacet
  facet normal 0.0784677 0.996917 0
    outer loop
      vertex 7.92718 7.71149 15
      vertex 8.10708 7.69733 10.8
      vertex 7.92718 7.71149 10.8
    endloop
  endfacet
  facet normal -0.522492 0.852644 0
    outer loop
      vertex 8.78304 7.91696 0
      vertex 8.62917 7.82267 4.2
      vertex 8.78304 7.91696 4.2
    endloop
  endfacet
  facet normal -0.522492 0.852644 0
    outer loop
      vertex 8.62917 7.82267 4.2
      vertex 8.78304 7.91696 0
      vertex 8.62917 7.82267 0
    endloop
  endfacet
  facet normal -0.522492 0.852644 0
    outer loop
      vertex 8.78304 7.91696 10.8
      vertex 8.62917 7.82267 15
      vertex 8.78304 7.91696 15
    endloop
  endfacet
  facet normal -0.522492 0.852644 0
    outer loop
      vertex 8.62917 7.82267 15
      vertex 8.78304 7.91696 10.8
      vertex 8.62917 7.82267 10.8
    endloop
  endfacet
  facet normal 0.996917 -0.0784677 0
    outer loop
      vertex 6.95708 8.84733 4.2
      vertex 6.97124 9.02723 0
      vertex 6.97124 9.02723 4.2
    endloop
  endfacet
  facet normal 0.996917 -0.0784677 0
    outer loop
      vertex 6.97124 9.02723 0
      vertex 6.95708 8.84733 4.2
      vertex 6.95708 8.84733 0
    endloop
  endfacet
  facet normal 0.996917 -0.0784677 0
    outer loop
      vertex 6.95708 8.84733 15
      vertex 6.97124 9.02723 10.8
      vertex 6.97124 9.02723 15
    endloop
  endfacet
  facet normal 0.996917 -0.0784677 0
    outer loop
      vertex 6.97124 9.02723 10.8
      vertex 6.95708 8.84733 15
      vertex 6.95708 8.84733 10.8
    endloop
  endfacet
  facet normal 0.0784677 -0.996917 0
    outer loop
      vertex 7.92718 9.98317 0
      vertex 8.10708 9.99733 4.2
      vertex 7.92718 9.98317 4.2
    endloop
  endfacet
  facet normal 0.0784677 -0.996917 0
    outer loop
      vertex 8.10708 9.99733 4.2
      vertex 7.92718 9.98317 0
      vertex 8.10708 9.99733 0
    endloop
  endfacet
  facet normal 0.0784677 -0.996917 0
    outer loop
      vertex 7.92718 9.98317 10.8
      vertex 8.10708 9.99733 15
      vertex 7.92718 9.98317 15
    endloop
  endfacet
  facet normal 0.0784677 -0.996917 0
    outer loop
      vertex 8.10708 9.99733 15
      vertex 7.92718 9.98317 10.8
      vertex 8.10708 9.99733 10.8
    endloop
  endfacet
  facet normal -0.923875 -0.382694 0
    outer loop
      vertex 9.2008 9.2027 0
      vertex 9.13174 9.36942 4.2
      vertex 9.13174 9.36942 0
    endloop
  endfacet
  facet normal -0.923875 -0.382694 0
    outer loop
      vertex 9.13174 9.36942 4.2
      vertex 9.2008 9.2027 0
      vertex 9.2008 9.2027 4.2
    endloop
  endfacet
  facet normal -0.923875 -0.382694 0
    outer loop
      vertex 9.2008 9.2027 10.8
      vertex 9.13174 9.36942 15
      vertex 9.13174 9.36942 10.8
    endloop
  endfacet
  facet normal -0.923875 -0.382694 0
    outer loop
      vertex 9.13174 9.36942 15
      vertex 9.2008 9.2027 10.8
      vertex 9.2008 9.2027 15
    endloop
  endfacet
  facet normal 0.522517 -0.852629 0
    outer loop
      vertex 7.43113 9.7777 0
      vertex 7.58499 9.87199 4.2
      vertex 7.43113 9.7777 4.2
    endloop
  endfacet
  facet normal 0.522517 -0.852629 0
    outer loop
      vertex 7.58499 9.87199 4.2
      vertex 7.43113 9.7777 0
      vertex 7.58499 9.87199 0
    endloop
  endfacet
  facet normal 0.522517 -0.852629 0
    outer loop
      vertex 7.43113 9.7777 10.8
      vertex 7.58499 9.87199 15
      vertex 7.43113 9.7777 15
    endloop
  endfacet
  facet normal 0.522517 -0.852629 0
    outer loop
      vertex 7.58499 9.87199 15
      vertex 7.43113 9.7777 10.8
      vertex 7.58499 9.87199 10.8
    endloop
  endfacet
  facet normal -0.760398 0.649458 0
    outer loop
      vertex 8.92025 8.03415 0
      vertex 9.03745 8.17137 4.2
      vertex 9.03745 8.17137 0
    endloop
  endfacet
  facet normal -0.760398 0.649458 0
    outer loop
      vertex 9.03745 8.17137 4.2
      vertex 8.92025 8.03415 0
      vertex 8.92025 8.03415 4.2
    endloop
  endfacet
  facet normal -0.760398 0.649458 0
    outer loop
      vertex 8.92025 8.03415 10.8
      vertex 9.03745 8.17137 15
      vertex 9.03745 8.17137 10.8
    endloop
  endfacet
  facet normal -0.760398 0.649458 0
    outer loop
      vertex 9.03745 8.17137 15
      vertex 8.92025 8.03415 10.8
      vertex 8.92025 8.03415 15
    endloop
  endfacet
  facet normal 0.233463 -0.972366 0
    outer loop
      vertex 7.75171 9.94104 0
      vertex 7.92718 9.98317 4.2
      vertex 7.75171 9.94104 4.2
    endloop
  endfacet
  facet normal 0.233463 -0.972366 0
    outer loop
      vertex 7.92718 9.98317 4.2
      vertex 7.75171 9.94104 0
      vertex 7.92718 9.98317 0
    endloop
  endfacet
  facet normal 0.233463 -0.972366 0
    outer loop
      vertex 7.75171 9.94104 10.8
      vertex 7.92718 9.98317 15
      vertex 7.75171 9.94104 15
    endloop
  endfacet
  facet normal 0.233463 -0.972366 0
    outer loop
      vertex 7.92718 9.98317 15
      vertex 7.75171 9.94104 10.8
      vertex 7.92718 9.98317 10.8
    endloop
  endfacet
  facet normal 0.852629 -0.522517 0
    outer loop
      vertex 7.08242 9.36942 4.2
      vertex 7.17671 9.52328 0
      vertex 7.17671 9.52328 4.2
    endloop
  endfacet
  facet normal 0.852629 -0.522517 0
    outer loop
      vertex 7.17671 9.52328 0
      vertex 7.08242 9.36942 4.2
      vertex 7.08242 9.36942 0
    endloop
  endfacet
  facet normal 0.852629 -0.522517 0
    outer loop
      vertex 7.08242 9.36942 15
      vertex 7.17671 9.52328 10.8
      vertex 7.17671 9.52328 15
    endloop
  endfacet
  facet normal 0.852629 -0.522517 0
    outer loop
      vertex 7.17671 9.52328 10.8
      vertex 7.08242 9.36942 15
      vertex 7.08242 9.36942 10.8
    endloop
  endfacet
  facet normal -0.382694 0.923875 0
    outer loop
      vertex 8.62917 7.82267 0
      vertex 8.46245 7.75361 4.2
      vertex 8.62917 7.82267 4.2
    endloop
  endfacet
  facet normal -0.382694 0.923875 0
    outer loop
      vertex 8.46245 7.75361 4.2
      vertex 8.62917 7.82267 0
      vertex 8.46245 7.75361 0
    endloop
  endfacet
  facet normal -0.382694 0.923875 0
    outer loop
      vertex 8.62917 7.82267 10.8
      vertex 8.46245 7.75361 15
      vertex 8.62917 7.82267 15
    endloop
  endfacet
  facet normal -0.382694 0.923875 0
    outer loop
      vertex 8.46245 7.75361 15
      vertex 8.62917 7.82267 10.8
      vertex 8.46245 7.75361 10.8
    endloop
  endfacet
  facet normal 0.972366 -0.233463 0
    outer loop
      vertex 6.97124 9.02723 4.2
      vertex 7.01337 9.2027 0
      vertex 7.01337 9.2027 4.2
    endloop
  endfacet
  facet normal 0.972366 -0.233463 0
    outer loop
      vertex 7.01337 9.2027 0
      vertex 6.97124 9.02723 4.2
      vertex 6.97124 9.02723 0
    endloop
  endfacet
  facet normal 0.972366 -0.233463 0
    outer loop
      vertex 6.97124 9.02723 15
      vertex 7.01337 9.2027 10.8
      vertex 7.01337 9.2027 15
    endloop
  endfacet
  facet normal 0.972366 -0.233463 0
    outer loop
      vertex 7.01337 9.2027 10.8
      vertex 6.97124 9.02723 15
      vertex 6.97124 9.02723 10.8
    endloop
  endfacet
  facet normal 0.972403 -0.233306 0
    outer loop
      vertex -43.1358 0.179899 10.5
      vertex -43.0937 0.355369 4.5
      vertex -43.0937 0.355369 10.5
    endloop
  endfacet
  facet normal 0.972403 -0.233306 0
    outer loop
      vertex -43.0937 0.355369 4.5
      vertex -43.1358 0.179899 10.5
      vertex -43.1358 0.179899 4.5
    endloop
  endfacet
  facet normal 0.996899 -0.0786884 0
    outer loop
      vertex -43.15 0 10.5
      vertex -43.1358 0.179899 4.5
      vertex -43.1358 0.179899 10.5
    endloop
  endfacet
  facet normal 0.996899 -0.0786884 0
    outer loop
      vertex -43.1358 0.179899 4.5
      vertex -43.15 0 10.5
      vertex -43.15 0 4.5
    endloop
  endfacet
  facet normal 0.233425 0.972375 -0
    outer loop
      vertex -42.1799 -1.13584 4.5
      vertex -42.3554 -1.09371 10.5
      vertex -42.1799 -1.13584 10.5
    endloop
  endfacet
  facet normal 0.233425 0.972375 0
    outer loop
      vertex -42.3554 -1.09371 10.5
      vertex -42.1799 -1.13584 4.5
      vertex -42.3554 -1.09371 4.5
    endloop
  endfacet
  facet normal 0.972403 0.233306 0
    outer loop
      vertex -43.0937 -0.355369 10.5
      vertex -43.1358 -0.179899 4.5
      vertex -43.1358 -0.179899 10.5
    endloop
  endfacet
  facet normal 0.972403 0.233306 0
    outer loop
      vertex -43.1358 -0.179899 4.5
      vertex -43.0937 -0.355369 10.5
      vertex -43.0937 -0.355369 4.5
    endloop
  endfacet
  facet normal -0.85261 0.522547 0
    outer loop
      vertex -41.0696 -0.675953 4.5
      vertex -40.9753 -0.522089 10.5
      vertex -40.9753 -0.522089 4.5
    endloop
  endfacet
  facet normal -0.85261 0.522547 0
    outer loop
      vertex -40.9753 -0.522089 10.5
      vertex -41.0696 -0.675953 4.5
      vertex -41.0696 -0.675953 10.5
    endloop
  endfacet
  facet normal 0.85261 -0.522547 0
    outer loop
      vertex -43.0247 0.522089 10.5
      vertex -42.9304 0.675953 4.5
      vertex -42.9304 0.675953 10.5
    endloop
  endfacet
  facet normal 0.85261 -0.522547 0
    outer loop
      vertex -42.9304 0.675953 4.5
      vertex -43.0247 0.522089 10.5
      vertex -43.0247 0.522089 4.5
    endloop
  endfacet
  facet normal -0.649503 -0.760359 0
    outer loop
      vertex -41.324 0.930369 4.5
      vertex -41.1868 0.813172 10.5
      vertex -41.324 0.930369 10.5
    endloop
  endfacet
  facet normal -0.649503 -0.760359 -0
    outer loop
      vertex -41.1868 0.813172 10.5
      vertex -41.324 0.930369 4.5
      vertex -41.1868 0.813172 4.5
    endloop
  endfacet
  facet normal -0.760395 0.649461 0
    outer loop
      vertex -41.1868 -0.813172 4.5
      vertex -41.0696 -0.675953 10.5
      vertex -41.0696 -0.675953 4.5
    endloop
  endfacet
  facet normal -0.760395 0.649461 0
    outer loop
      vertex -41.0696 -0.675953 10.5
      vertex -41.1868 -0.813172 4.5
      vertex -41.1868 -0.813172 10.5
    endloop
  endfacet
  facet normal -0.996899 0.0786884 0
    outer loop
      vertex -40.8642 -0.179899 4.5
      vertex -40.85 0 10.5
      vertex -40.85 0 4.5
    endloop
  endfacet
  facet normal -0.996899 0.0786884 0
    outer loop
      vertex -40.85 0 10.5
      vertex -40.8642 -0.179899 4.5
      vertex -40.8642 -0.179899 10.5
    endloop
  endfacet
  facet normal 0.996899 0.0786884 0
    outer loop
      vertex -43.1358 -0.179899 10.5
      vertex -43.15 0 4.5
      vertex -43.15 0 10.5
    endloop
  endfacet
  facet normal 0.996899 0.0786884 0
    outer loop
      vertex -43.15 0 4.5
      vertex -43.1358 -0.179899 10.5
      vertex -43.1358 -0.179899 4.5
    endloop
  endfacet
  facet normal -0.382686 -0.923878 0
    outer loop
      vertex -41.6446 1.09371 4.5
      vertex -41.4779 1.02466 10.5
      vertex -41.6446 1.09371 10.5
    endloop
  endfacet
  facet normal -0.382686 -0.923878 -0
    outer loop
      vertex -41.4779 1.02466 10.5
      vertex -41.6446 1.09371 4.5
      vertex -41.4779 1.02466 4.5
    endloop
  endfacet
  facet normal 0.522422 0.852687 -0
    outer loop
      vertex -42.5221 -1.02466 4.5
      vertex -42.676 -0.930369 10.5
      vertex -42.5221 -1.02466 10.5
    endloop
  endfacet
  facet normal 0.522422 0.852687 0
    outer loop
      vertex -42.676 -0.930369 10.5
      vertex -42.5221 -1.02466 4.5
      vertex -42.676 -0.930369 4.5
    endloop
  endfacet
  facet normal 0.85261 0.522547 0
    outer loop
      vertex -42.9304 -0.675953 10.5
      vertex -43.0247 -0.522089 4.5
      vertex -43.0247 -0.522089 10.5
    endloop
  endfacet
  facet normal 0.85261 0.522547 0
    outer loop
      vertex -43.0247 -0.522089 4.5
      vertex -42.9304 -0.675953 10.5
      vertex -42.9304 -0.675953 4.5
    endloop
  endfacet
  facet normal 0.233425 -0.972375 0
    outer loop
      vertex -42.3554 1.09371 4.5
      vertex -42.1799 1.13584 10.5
      vertex -42.3554 1.09371 10.5
    endloop
  endfacet
  facet normal 0.233425 -0.972375 0
    outer loop
      vertex -42.1799 1.13584 10.5
      vertex -42.3554 1.09371 4.5
      vertex -42.1799 1.13584 4.5
    endloop
  endfacet
  facet normal -0.996899 -0.0786884 0
    outer loop
      vertex -40.85 0 4.5
      vertex -40.8642 0.179899 10.5
      vertex -40.8642 0.179899 4.5
    endloop
  endfacet
  facet normal -0.996899 -0.0786884 0
    outer loop
      vertex -40.8642 0.179899 10.5
      vertex -40.85 0 4.5
      vertex -40.85 0 10.5
    endloop
  endfacet
  facet normal -0.0784677 -0.996917 0
    outer loop
      vertex -42 1.15 4.5
      vertex -41.8201 1.13584 10.5
      vertex -42 1.15 10.5
    endloop
  endfacet
  facet normal -0.0784677 -0.996917 -0
    outer loop
      vertex -41.8201 1.13584 10.5
      vertex -42 1.15 4.5
      vertex -41.8201 1.13584 4.5
    endloop
  endfacet
  facet normal -0.233425 0.972375 0
    outer loop
      vertex -41.6446 -1.09371 4.5
      vertex -41.8201 -1.13584 10.5
      vertex -41.6446 -1.09371 10.5
    endloop
  endfacet
  facet normal -0.233425 0.972375 0
    outer loop
      vertex -41.8201 -1.13584 10.5
      vertex -41.6446 -1.09371 4.5
      vertex -41.8201 -1.13584 4.5
    endloop
  endfacet
  facet normal 0.382686 0.923878 -0
    outer loop
      vertex -42.3554 -1.09371 4.5
      vertex -42.5221 -1.02466 10.5
      vertex -42.3554 -1.09371 10.5
    endloop
  endfacet
  facet normal 0.382686 0.923878 0
    outer loop
      vertex -42.5221 -1.02466 10.5
      vertex -42.3554 -1.09371 4.5
      vertex -42.5221 -1.02466 4.5
    endloop
  endfacet
  facet normal 0.649503 0.760359 -0
    outer loop
      vertex -42.676 -0.930369 4.5
      vertex -42.8132 -0.813172 10.5
      vertex -42.676 -0.930369 10.5
    endloop
  endfacet
  facet normal 0.649503 0.760359 0
    outer loop
      vertex -42.8132 -0.813172 10.5
      vertex -42.676 -0.930369 4.5
      vertex -42.8132 -0.813172 4.5
    endloop
  endfacet
  facet normal -0.923993 0.382411 0
    outer loop
      vertex -40.9753 -0.522089 4.5
      vertex -40.9063 -0.355369 10.5
      vertex -40.9063 -0.355369 4.5
    endloop
  endfacet
  facet normal -0.923993 0.382411 0
    outer loop
      vertex -40.9063 -0.355369 10.5
      vertex -40.9753 -0.522089 4.5
      vertex -40.9753 -0.522089 10.5
    endloop
  endfacet
  facet normal -0.649503 0.760359 0
    outer loop
      vertex -41.1868 -0.813172 4.5
      vertex -41.324 -0.930369 10.5
      vertex -41.1868 -0.813172 10.5
    endloop
  endfacet
  facet normal -0.649503 0.760359 0
    outer loop
      vertex -41.324 -0.930369 10.5
      vertex -41.1868 -0.813172 4.5
      vertex -41.324 -0.930369 4.5
    endloop
  endfacet
  facet normal -0.85261 -0.522547 0
    outer loop
      vertex -40.9753 0.522089 4.5
      vertex -41.0696 0.675953 10.5
      vertex -41.0696 0.675953 4.5
    endloop
  endfacet
  facet normal -0.85261 -0.522547 0
    outer loop
      vertex -41.0696 0.675953 10.5
      vertex -40.9753 0.522089 4.5
      vertex -40.9753 0.522089 10.5
    endloop
  endfacet
  facet normal 0.0784677 -0.996917 0
    outer loop
      vertex -42.1799 1.13584 4.5
      vertex -42 1.15 10.5
      vertex -42.1799 1.13584 10.5
    endloop
  endfacet
  facet normal 0.0784677 -0.996917 0
    outer loop
      vertex -42 1.15 10.5
      vertex -42.1799 1.13584 4.5
      vertex -42 1.15 4.5
    endloop
  endfacet
  facet normal 0.522422 -0.852687 0
    outer loop
      vertex -42.676 0.930369 4.5
      vertex -42.5221 1.02466 10.5
      vertex -42.676 0.930369 10.5
    endloop
  endfacet
  facet normal 0.522422 -0.852687 0
    outer loop
      vertex -42.5221 1.02466 10.5
      vertex -42.676 0.930369 4.5
      vertex -42.5221 1.02466 4.5
    endloop
  endfacet
  facet normal -0.382686 0.923878 0
    outer loop
      vertex -41.4779 -1.02466 4.5
      vertex -41.6446 -1.09371 10.5
      vertex -41.4779 -1.02466 10.5
    endloop
  endfacet
  facet normal -0.382686 0.923878 0
    outer loop
      vertex -41.6446 -1.09371 10.5
      vertex -41.4779 -1.02466 4.5
      vertex -41.6446 -1.09371 4.5
    endloop
  endfacet
  facet normal -0.923993 -0.382411 0
    outer loop
      vertex -40.9063 0.355369 4.5
      vertex -40.9753 0.522089 10.5
      vertex -40.9753 0.522089 4.5
    endloop
  endfacet
  facet normal -0.923993 -0.382411 0
    outer loop
      vertex -40.9753 0.522089 10.5
      vertex -40.9063 0.355369 4.5
      vertex -40.9063 0.355369 10.5
    endloop
  endfacet
  facet normal -0.972403 0.233306 0
    outer loop
      vertex -40.9063 -0.355369 4.5
      vertex -40.8642 -0.179899 10.5
      vertex -40.8642 -0.179899 4.5
    endloop
  endfacet
  facet normal -0.972403 0.233306 0
    outer loop
      vertex -40.8642 -0.179899 10.5
      vertex -40.9063 -0.355369 4.5
      vertex -40.9063 -0.355369 10.5
    endloop
  endfacet
  facet normal -0.522422 0.852687 0
    outer loop
      vertex -41.324 -0.930369 4.5
      vertex -41.4779 -1.02466 10.5
      vertex -41.324 -0.930369 10.5
    endloop
  endfacet
  facet normal -0.522422 0.852687 0
    outer loop
      vertex -41.4779 -1.02466 10.5
      vertex -41.324 -0.930369 4.5
      vertex -41.4779 -1.02466 4.5
    endloop
  endfacet
  facet normal -0.972403 -0.233306 0
    outer loop
      vertex -40.8642 0.179899 4.5
      vertex -40.9063 0.355369 10.5
      vertex -40.9063 0.355369 4.5
    endloop
  endfacet
  facet normal -0.972403 -0.233306 0
    outer loop
      vertex -40.9063 0.355369 10.5
      vertex -40.8642 0.179899 4.5
      vertex -40.8642 0.179899 10.5
    endloop
  endfacet
  facet normal 0.760395 0.649461 0
    outer loop
      vertex -42.8132 -0.813172 10.5
      vertex -42.9304 -0.675953 4.5
      vertex -42.9304 -0.675953 10.5
    endloop
  endfacet
  facet normal 0.760395 0.649461 0
    outer loop
      vertex -42.9304 -0.675953 4.5
      vertex -42.8132 -0.813172 10.5
      vertex -42.8132 -0.813172 4.5
    endloop
  endfacet
  facet normal 0.649503 -0.760359 0
    outer loop
      vertex -42.8132 0.813172 4.5
      vertex -42.676 0.930369 10.5
      vertex -42.8132 0.813172 10.5
    endloop
  endfacet
  facet normal 0.649503 -0.760359 0
    outer loop
      vertex -42.676 0.930369 10.5
      vertex -42.8132 0.813172 4.5
      vertex -42.676 0.930369 4.5
    endloop
  endfacet
  facet normal 0.923993 0.382411 0
    outer loop
      vertex -43.0247 -0.522089 10.5
      vertex -43.0937 -0.355369 4.5
      vertex -43.0937 -0.355369 10.5
    endloop
  endfacet
  facet normal 0.923993 0.382411 0
    outer loop
      vertex -43.0937 -0.355369 4.5
      vertex -43.0247 -0.522089 10.5
      vertex -43.0247 -0.522089 4.5
    endloop
  endfacet
  facet normal 0.760395 -0.649461 0
    outer loop
      vertex -42.9304 0.675953 10.5
      vertex -42.8132 0.813172 4.5
      vertex -42.8132 0.813172 10.5
    endloop
  endfacet
  facet normal 0.760395 -0.649461 0
    outer loop
      vertex -42.8132 0.813172 4.5
      vertex -42.9304 0.675953 10.5
      vertex -42.9304 0.675953 4.5
    endloop
  endfacet
  facet normal -0.760395 -0.649461 0
    outer loop
      vertex -41.0696 0.675953 4.5
      vertex -41.1868 0.813172 10.5
      vertex -41.1868 0.813172 4.5
    endloop
  endfacet
  facet normal -0.760395 -0.649461 0
    outer loop
      vertex -41.1868 0.813172 10.5
      vertex -41.0696 0.675953 4.5
      vertex -41.0696 0.675953 10.5
    endloop
  endfacet
  facet normal -0.0784677 0.996917 0
    outer loop
      vertex -41.8201 -1.13584 4.5
      vertex -42 -1.15 10.5
      vertex -41.8201 -1.13584 10.5
    endloop
  endfacet
  facet normal -0.0784677 0.996917 0
    outer loop
      vertex -42 -1.15 10.5
      vertex -41.8201 -1.13584 4.5
      vertex -42 -1.15 4.5
    endloop
  endfacet
  facet normal 0.0784677 0.996917 -0
    outer loop
      vertex -42 -1.15 4.5
      vertex -42.1799 -1.13584 10.5
      vertex -42 -1.15 10.5
    endloop
  endfacet
  facet normal 0.0784677 0.996917 0
    outer loop
      vertex -42.1799 -1.13584 10.5
      vertex -42 -1.15 4.5
      vertex -42.1799 -1.13584 4.5
    endloop
  endfacet
  facet normal -0.522422 -0.852687 0
    outer loop
      vertex -41.4779 1.02466 4.5
      vertex -41.324 0.930369 10.5
      vertex -41.4779 1.02466 10.5
    endloop
  endfacet
  facet normal -0.522422 -0.852687 -0
    outer loop
      vertex -41.324 0.930369 10.5
      vertex -41.4779 1.02466 4.5
      vertex -41.324 0.930369 4.5
    endloop
  endfacet
  facet normal 0.382686 -0.923878 0
    outer loop
      vertex -42.5221 1.02466 4.5
      vertex -42.3554 1.09371 10.5
      vertex -42.5221 1.02466 10.5
    endloop
  endfacet
  facet normal 0.382686 -0.923878 0
    outer loop
      vertex -42.3554 1.09371 10.5
      vertex -42.5221 1.02466 4.5
      vertex -42.3554 1.09371 4.5
    endloop
  endfacet
  facet normal -0.233425 -0.972375 0
    outer loop
      vertex -41.8201 1.13584 4.5
      vertex -41.6446 1.09371 10.5
      vertex -41.8201 1.13584 10.5
    endloop
  endfacet
  facet normal -0.233425 -0.972375 -0
    outer loop
      vertex -41.6446 1.09371 10.5
      vertex -41.8201 1.13584 4.5
      vertex -41.6446 1.09371 4.5
    endloop
  endfacet
  facet normal 0.923993 -0.382411 0
    outer loop
      vertex -43.0937 0.355369 10.5
      vertex -43.0247 0.522089 4.5
      vertex -43.0247 0.522089 10.5
    endloop
  endfacet
  facet normal 0.923993 -0.382411 0
    outer loop
      vertex -43.0247 0.522089 4.5
      vertex -43.0937 0.355369 10.5
      vertex -43.0937 0.355369 4.5
    endloop
  endfacet
endsolid OpenSCAD_Model
