solid OpenSCAD_Model
  facet normal 1 0 0
    outer loop
      vertex 46 -7.2 16
      vertex 46 -20 13.2
      vertex 46 -7.2 13.2
    endloop
  endfacet
  facet normal 1 0 0
    outer loop
      vertex 46 -20 13.2
      vertex 46 -114 16
      vertex 46 -20 2.8
    endloop
  endfacet
  facet normal 1 -0 0
    outer loop
      vertex 46 -114 16
      vertex 46 -20 13.2
      vertex 46 -7.2 16
    endloop
  endfacet
  facet normal 1 -0 0
    outer loop
      vertex 46 -20 2.8
      vertex 46 -7.2 -16
      vertex 46 -7.2 2.8
    endloop
  endfacet
  facet normal 1 0 0
    outer loop
      vertex 46 -114 -16
      vertex 46 -20 2.8
      vertex 46 -114 16
    endloop
  endfacet
  facet normal 1 0 0
    outer loop
      vertex 46 -20 2.8
      vertex 46 -114 -16
      vertex 46 -7.2 -16
    endloop
  endfacet
  facet normal 0 1 -0
    outer loop
      vertex 51.7 1 2.8
      vertex 47.3 1 13.2
      vertex 51.7 1 13.2
    endloop
  endfacet
  facet normal 0 1 0
    outer loop
      vertex 47.3 1 13.2
      vertex 51.7 1 2.8
      vertex 47.3 1 2.8
    endloop
  endfacet
  facet normal 0 1 -0
    outer loop
      vertex -20.3 1 -16
      vertex -24.7 1 16
      vertex -20.3 1 16
    endloop
  endfacet
  facet normal 0 1 0
    outer loop
      vertex -24.7 1 16
      vertex -20.3 1 -16
      vertex -24.7 1 -16
    endloop
  endfacet
  facet normal 0 1 -0
    outer loop
      vertex 3.7 1 -16
      vertex -0.7 1 16
      vertex 3.7 1 16
    endloop
  endfacet
  facet normal 0 1 0
    outer loop
      vertex -0.7 1 16
      vertex 3.7 1 -16
      vertex -0.7 1 -16
    endloop
  endfacet
  facet normal 0 1 -0
    outer loop
      vertex 27.7 1 -16
      vertex 23.3 1 16
      vertex 27.7 1 16
    endloop
  endfacet
  facet normal 0 1 0
    outer loop
      vertex 23.3 1 16
      vertex 27.7 1 -16
      vertex 23.3 1 -16
    endloop
  endfacet
  facet normal 0 -1 0
    outer loop
      vertex -27.6137 -114 10.1888
      vertex -22 -114 16
      vertex -27.8045 -114 10.2346
    endloop
  endfacet
  facet normal 0 -1 0
    outer loop
      vertex 20 -114 10
      vertex -22 -114 16
      vertex -20 -114 10
    endloop
  endfacet
  facet normal 0 -1 0
    outer loop
      vertex -27.4325 -114 10.1138
      vertex -22 -114 16
      vertex -27.6137 -114 10.1888
    endloop
  endfacet
  facet normal 0 -1 0
    outer loop
      vertex -22 -114 16
      vertex 20 -114 10
      vertex 28 -114 10.25
    endloop
  endfacet
  facet normal 0 -1 0
    outer loop
      vertex -27.2653 -114 10.0113
      vertex -22 -114 16
      vertex -27.4325 -114 10.1138
    endloop
  endfacet
  facet normal 0 -1 0
    outer loop
      vertex 28 -114 10.25
      vertex 20 -114 10
      vertex 27.8045 -114 10.2346
    endloop
  endfacet
  facet normal 0 -1 0
    outer loop
      vertex -27.1161 -114 9.88388
      vertex -22 -114 16
      vertex -27.2653 -114 10.0113
    endloop
  endfacet
  facet normal 0 -1 0
    outer loop
      vertex 27.8045 -114 10.2346
      vertex 20 -114 10
      vertex 27.6137 -114 10.1888
    endloop
  endfacet
  facet normal 0 -1 0
    outer loop
      vertex 27.6137 -114 10.1888
      vertex 20 -114 10
      vertex 27.4325 -114 10.1138
    endloop
  endfacet
  facet normal 0 -1 0
    outer loop
      vertex -26.9887 -114 9.73473
      vertex -22 -114 16
      vertex -27.1161 -114 9.88388
    endloop
  endfacet
  facet normal 0 -1 -0
    outer loop
      vertex -22 -114 16
      vertex -26.9887 -114 9.73473
      vertex -20 -114 10
    endloop
  endfacet
  facet normal 0 -1 0
    outer loop
      vertex -26.8862 -114 9.56749
      vertex -20 -114 10
      vertex -26.9887 -114 9.73473
    endloop
  endfacet
  facet normal 0 -1 0
    outer loop
      vertex -26.8112 -114 9.38627
      vertex -20 -114 10
      vertex -26.8862 -114 9.56749
    endloop
  endfacet
  facet normal 0 -1 0
    outer loop
      vertex -26.7654 -114 9.19554
      vertex -20 -114 10
      vertex -26.8112 -114 9.38627
    endloop
  endfacet
  facet normal 0 -1 0
    outer loop
      vertex -26.75 -114 9
      vertex -20 -114 10
      vertex -26.7654 -114 9.19554
    endloop
  endfacet
  facet normal 0 -1 0
    outer loop
      vertex -26.7654 -114 8.80446
      vertex -20 -114 10
      vertex -26.75 -114 9
    endloop
  endfacet
  facet normal 0 -1 0
    outer loop
      vertex -26.8112 -114 8.61373
      vertex -20 -114 10
      vertex -26.7654 -114 8.80446
    endloop
  endfacet
  facet normal 0 -1 0
    outer loop
      vertex -26.8862 -114 8.43251
      vertex -20 -114 10
      vertex -26.8112 -114 8.61373
    endloop
  endfacet
  facet normal 0 -1 0
    outer loop
      vertex -26.9887 -114 8.26527
      vertex -20 -114 10
      vertex -26.8862 -114 8.43251
    endloop
  endfacet
  facet normal 0 -1 0
    outer loop
      vertex -27.1161 -114 8.11612
      vertex -20 -114 10
      vertex -26.9887 -114 8.26527
    endloop
  endfacet
  facet normal 0 -1 0
    outer loop
      vertex -27.2653 -114 7.98873
      vertex -20 -114 10
      vertex -27.1161 -114 8.11612
    endloop
  endfacet
  facet normal 0 -1 0
    outer loop
      vertex -27.2653 -114 -7.98873
      vertex -27.2653 -114 7.98873
      vertex -27.4325 -114 7.88624
    endloop
  endfacet
  facet normal 0 -1 0
    outer loop
      vertex -27.4325 -114 -7.88624
      vertex -27.4325 -114 7.88624
      vertex -27.6137 -114 7.81118
    endloop
  endfacet
  facet normal 0 -1 0
    outer loop
      vertex -28 -114 -7.75
      vertex -27.8045 -114 7.76539
      vertex -28 -114 7.75
    endloop
  endfacet
  facet normal 0 -1 0
    outer loop
      vertex -27.8045 -114 -7.76539
      vertex -27.8045 -114 7.76539
      vertex -28 -114 -7.75
    endloop
  endfacet
  facet normal 0 -1 0
    outer loop
      vertex -27.8045 -114 7.76539
      vertex -27.8045 -114 -7.76539
      vertex -27.6137 -114 7.81118
    endloop
  endfacet
  facet normal 0 -1 0
    outer loop
      vertex -27.6137 -114 -7.81118
      vertex -27.6137 -114 7.81118
      vertex -27.8045 -114 -7.76539
    endloop
  endfacet
  facet normal 0 -1 0
    outer loop
      vertex -27.4325 -114 -7.88624
      vertex -27.6137 -114 7.81118
      vertex -27.6137 -114 -7.81118
    endloop
  endfacet
  facet normal 0 -1 0
    outer loop
      vertex -27.4325 -114 7.88624
      vertex -27.4325 -114 -7.88624
      vertex -27.2653 -114 -7.98873
    endloop
  endfacet
  facet normal 0 -1 0
    outer loop
      vertex -27.2653 -114 7.98873
      vertex -27.2653 -114 -7.98873
      vertex -20 -114 10
    endloop
  endfacet
  facet normal 0 -1 0
    outer loop
      vertex -20 -114 -10
      vertex -27.2653 -114 -7.98873
      vertex -27.1161 -114 -8.11612
    endloop
  endfacet
  facet normal 0 -1 0
    outer loop
      vertex -20 -114 -10
      vertex -27.1161 -114 -8.11612
      vertex -26.9887 -114 -8.26527
    endloop
  endfacet
  facet normal 0 -1 0
    outer loop
      vertex -20 -114 -10
      vertex -26.9887 -114 -8.26527
      vertex -26.8862 -114 -8.43251
    endloop
  endfacet
  facet normal 0 -1 0
    outer loop
      vertex -20 -114 -10
      vertex -26.8862 -114 -8.43251
      vertex -26.8112 -114 -8.61373
    endloop
  endfacet
  facet normal 0 -1 0
    outer loop
      vertex -20 -114 -10
      vertex -26.8112 -114 -8.61373
      vertex -26.7654 -114 -8.80446
    endloop
  endfacet
  facet normal 0 -1 0
    outer loop
      vertex -20 -114 -10
      vertex -26.7654 -114 -8.80446
      vertex -26.75 -114 -9
    endloop
  endfacet
  facet normal 0 -1 0
    outer loop
      vertex -20 -114 -10
      vertex -26.75 -114 -9
      vertex -26.7654 -114 -9.19554
    endloop
  endfacet
  facet normal 0 -1 0
    outer loop
      vertex -20 -114 -10
      vertex -26.7654 -114 -9.19554
      vertex -26.8112 -114 -9.38627
    endloop
  endfacet
  facet normal 0 -1 0
    outer loop
      vertex -27.2653 -114 -7.98873
      vertex -20 -114 -10
      vertex -20 -114 10
    endloop
  endfacet
  facet normal 0 -1 0
    outer loop
      vertex -26.8862 -114 -9.56749
      vertex -20 -114 -10
      vertex -26.8112 -114 -9.38627
    endloop
  endfacet
  facet normal 0 -1 0
    outer loop
      vertex -26.9887 -114 -9.73473
      vertex -20 -114 -10
      vertex -26.8862 -114 -9.56749
    endloop
  endfacet
  facet normal 0 -1 0
    outer loop
      vertex -27.1161 -114 -9.88388
      vertex -20 -114 -10
      vertex -26.9887 -114 -9.73473
    endloop
  endfacet
  facet normal 0 -1 0
    outer loop
      vertex -27.4325 -114 -10.1138
      vertex -20 -114 -10
      vertex -27.2653 -114 -10.0113
    endloop
  endfacet
  facet normal 0 -1 0
    outer loop
      vertex -27.2653 -114 -10.0113
      vertex -20 -114 -10
      vertex -27.1161 -114 -9.88388
    endloop
  endfacet
  facet normal 0 -1 0
    outer loop
      vertex -46 -114 10
      vertex -22 -114 31
      vertex -62 -114 31
    endloop
  endfacet
  facet normal 0 -1 0
    outer loop
      vertex -27.8045 -114 10.2346
      vertex -22 -114 16
      vertex -28 -114 10.25
    endloop
  endfacet
  facet normal -0 -1 0
    outer loop
      vertex -28.5675 -114 10.1138
      vertex -22 -114 31
      vertex -46 -114 10
    endloop
  endfacet
  facet normal 0 -1 0
    outer loop
      vertex -22 -114 16
      vertex -28.1955 -114 10.2346
      vertex -28 -114 10.25
    endloop
  endfacet
  facet normal 0 -1 0
    outer loop
      vertex -22 -114 16
      vertex -28.3863 -114 10.1888
      vertex -28.1955 -114 10.2346
    endloop
  endfacet
  facet normal 0 -1 -0
    outer loop
      vertex -22 -114 31
      vertex -28.5675 -114 10.1138
      vertex -22 -114 16
    endloop
  endfacet
  facet normal 0 -1 0
    outer loop
      vertex -22 -114 16
      vertex -28.5675 -114 10.1138
      vertex -28.3863 -114 10.1888
    endloop
  endfacet
  facet normal 0 -1 0
    outer loop
      vertex -46 -114 10
      vertex -62 -114 31
      vertex -62 -114 10
    endloop
  endfacet
  facet normal 0 -1 0
    outer loop
      vertex -28.5675 -114 10.1138
      vertex -46 -114 10
      vertex -28.7347 -114 10.0113
    endloop
  endfacet
  facet normal 0 -1 0
    outer loop
      vertex -46 -114 10
      vertex -28.8839 -114 9.88388
      vertex -28.7347 -114 10.0113
    endloop
  endfacet
  facet normal 0 -1 0
    outer loop
      vertex -46 -114 10
      vertex -29.0113 -114 9.73473
      vertex -28.8839 -114 9.88388
    endloop
  endfacet
  facet normal 0 -1 0
    outer loop
      vertex -46 -114 10
      vertex -29.1138 -114 9.56749
      vertex -29.0113 -114 9.73473
    endloop
  endfacet
  facet normal 0 -1 0
    outer loop
      vertex -46 -114 10
      vertex -29.1888 -114 9.38627
      vertex -29.1138 -114 9.56749
    endloop
  endfacet
  facet normal 0 -1 0
    outer loop
      vertex -46 -114 10
      vertex -29.2346 -114 9.19554
      vertex -29.1888 -114 9.38627
    endloop
  endfacet
  facet normal 0 -1 0
    outer loop
      vertex -46 -114 10
      vertex -29.25 -114 9
      vertex -29.2346 -114 9.19554
    endloop
  endfacet
  facet normal 0 -1 0
    outer loop
      vertex -46 -114 10
      vertex -29.2346 -114 8.80446
      vertex -29.25 -114 9
    endloop
  endfacet
  facet normal 0 -1 0
    outer loop
      vertex -46 -114 10
      vertex -29.1888 -114 8.61373
      vertex -29.2346 -114 8.80446
    endloop
  endfacet
  facet normal 0 -1 0
    outer loop
      vertex -46 -114 10
      vertex -29.1138 -114 8.43251
      vertex -29.1888 -114 8.61373
    endloop
  endfacet
  facet normal 0 -1 0
    outer loop
      vertex -46 -114 10
      vertex -29.0113 -114 8.26527
      vertex -29.1138 -114 8.43251
    endloop
  endfacet
  facet normal 0 -1 0
    outer loop
      vertex -46 -114 10
      vertex -28.8839 -114 8.11612
      vertex -29.0113 -114 8.26527
    endloop
  endfacet
  facet normal 0 -1 0
    outer loop
      vertex -28.8839 -114 -8.11612
      vertex -28.8839 -114 8.11612
      vertex -46 -114 10
    endloop
  endfacet
  facet normal 0 -1 0
    outer loop
      vertex -28.8839 -114 8.11612
      vertex -28.8839 -114 -8.11612
      vertex -28.7347 -114 7.98873
    endloop
  endfacet
  facet normal -0 -1 0
    outer loop
      vertex -28.7347 -114 -7.98873
      vertex -28.7347 -114 7.98873
      vertex -28.8839 -114 -8.11612
    endloop
  endfacet
  facet normal 0 -1 0
    outer loop
      vertex -28.7347 -114 7.98873
      vertex -28.7347 -114 -7.98873
      vertex -28.5675 -114 7.88624
    endloop
  endfacet
  facet normal 0 -1 0
    outer loop
      vertex -28.1955 -114 7.76539
      vertex -28 -114 -7.75
      vertex -28 -114 7.75
    endloop
  endfacet
  facet normal -0 -1 0
    outer loop
      vertex -28.5675 -114 -7.88624
      vertex -28.5675 -114 7.88624
      vertex -28.7347 -114 -7.98873
    endloop
  endfacet
  facet normal 0 -1 0
    outer loop
      vertex -28.1955 -114 7.76539
      vertex -28.1955 -114 -7.76539
      vertex -28 -114 -7.75
    endloop
  endfacet
  facet normal 0 -1 -0
    outer loop
      vertex -28.1955 -114 7.76539
      vertex -28.3863 -114 -7.81118
      vertex -28.1955 -114 -7.76539
    endloop
  endfacet
  facet normal 0 -1 0
    outer loop
      vertex -28.3863 -114 7.81118
      vertex -28.3863 -114 -7.81118
      vertex -28.1955 -114 7.76539
    endloop
  endfacet
  facet normal -0 -1 0
    outer loop
      vertex -28.3863 -114 -7.81118
      vertex -28.3863 -114 7.81118
      vertex -28.5675 -114 -7.88624
    endloop
  endfacet
  facet normal 0 -1 0
    outer loop
      vertex -28.5675 -114 7.88624
      vertex -28.5675 -114 -7.88624
      vertex -28.3863 -114 7.81118
    endloop
  endfacet
  facet normal 0 -1 0
    outer loop
      vertex -46 -114 10
      vertex -29.0113 -114 -8.26527
      vertex -28.8839 -114 -8.11612
    endloop
  endfacet
  facet normal 0 -1 0
    outer loop
      vertex -46 -114 10
      vertex -29.1138 -114 -8.43251
      vertex -29.0113 -114 -8.26527
    endloop
  endfacet
  facet normal 0 -1 0
    outer loop
      vertex -46 -114 -16
      vertex -29.1138 -114 -8.43251
      vertex -46 -114 10
    endloop
  endfacet
  facet normal 0 -1 0
    outer loop
      vertex -29.1138 -114 -8.43251
      vertex -46 -114 -16
      vertex -29.1888 -114 -8.61373
    endloop
  endfacet
  facet normal 0 -1 0
    outer loop
      vertex -29.1888 -114 -8.61373
      vertex -46 -114 -16
      vertex -29.2346 -114 -8.80446
    endloop
  endfacet
  facet normal 0 -1 0
    outer loop
      vertex -29.2346 -114 -8.80446
      vertex -46 -114 -16
      vertex -29.25 -114 -9
    endloop
  endfacet
  facet normal 0 -1 -0
    outer loop
      vertex -29.25 -114 -9
      vertex -46 -114 -16
      vertex -29.2346 -114 -9.19554
    endloop
  endfacet
  facet normal 0 -1 -0
    outer loop
      vertex -29.2346 -114 -9.19554
      vertex -46 -114 -16
      vertex -29.1888 -114 -9.38627
    endloop
  endfacet
  facet normal 0 -1 -0
    outer loop
      vertex -29.1888 -114 -9.38627
      vertex -46 -114 -16
      vertex -29.1138 -114 -9.56749
    endloop
  endfacet
  facet normal 0 -1 -0
    outer loop
      vertex -29.1138 -114 -9.56749
      vertex -46 -114 -16
      vertex -29.0113 -114 -9.73473
    endloop
  endfacet
  facet normal 0 -1 0
    outer loop
      vertex 46 -114 -16
      vertex 20 -114 -10
      vertex -46 -114 -16
    endloop
  endfacet
  facet normal 0 -1 -0
    outer loop
      vertex -28.1955 -114 -10.2346
      vertex -46 -114 -16
      vertex -28 -114 -10.25
    endloop
  endfacet
  facet normal 0 -1 -0
    outer loop
      vertex -28.3863 -114 -10.1888
      vertex -46 -114 -16
      vertex -28.1955 -114 -10.2346
    endloop
  endfacet
  facet normal 0 -1 -0
    outer loop
      vertex -28.5675 -114 -10.1138
      vertex -46 -114 -16
      vertex -28.3863 -114 -10.1888
    endloop
  endfacet
  facet normal 0 -1 -0
    outer loop
      vertex -28.7347 -114 -10.0113
      vertex -46 -114 -16
      vertex -28.5675 -114 -10.1138
    endloop
  endfacet
  facet normal 0 -1 -0
    outer loop
      vertex -28.8839 -114 -9.88388
      vertex -46 -114 -16
      vertex -28.7347 -114 -10.0113
    endloop
  endfacet
  facet normal 0 -1 -0
    outer loop
      vertex -29.0113 -114 -9.73473
      vertex -46 -114 -16
      vertex -28.8839 -114 -9.88388
    endloop
  endfacet
  facet normal 0 -1 0
    outer loop
      vertex -22 -114 16
      vertex 28 -114 10.25
      vertex 46 -114 16
    endloop
  endfacet
  facet normal 0 -1 0
    outer loop
      vertex 28.1955 -114 10.2346
      vertex 46 -114 16
      vertex 28 -114 10.25
    endloop
  endfacet
  facet normal 0 -1 0
    outer loop
      vertex 28.3863 -114 10.1888
      vertex 46 -114 16
      vertex 28.1955 -114 10.2346
    endloop
  endfacet
  facet normal 0 -1 0
    outer loop
      vertex 28.5675 -114 10.1138
      vertex 46 -114 16
      vertex 28.3863 -114 10.1888
    endloop
  endfacet
  facet normal 0 -1 0
    outer loop
      vertex 28.7347 -114 10.0113
      vertex 46 -114 16
      vertex 28.5675 -114 10.1138
    endloop
  endfacet
  facet normal 0 -1 0
    outer loop
      vertex 28.8839 -114 9.88388
      vertex 46 -114 16
      vertex 28.7347 -114 10.0113
    endloop
  endfacet
  facet normal 0 -1 0
    outer loop
      vertex 29.0113 -114 9.73473
      vertex 46 -114 16
      vertex 28.8839 -114 9.88388
    endloop
  endfacet
  facet normal 0 -1 0
    outer loop
      vertex 29.1138 -114 9.56749
      vertex 46 -114 16
      vertex 29.0113 -114 9.73473
    endloop
  endfacet
  facet normal 0 -1 0
    outer loop
      vertex 29.1888 -114 9.38627
      vertex 46 -114 16
      vertex 29.1138 -114 9.56749
    endloop
  endfacet
  facet normal 0 -1 0
    outer loop
      vertex 29.2346 -114 9.19554
      vertex 46 -114 16
      vertex 29.1888 -114 9.38627
    endloop
  endfacet
  facet normal 0 -1 0
    outer loop
      vertex 29.25 -114 9
      vertex 46 -114 16
      vertex 29.2346 -114 9.19554
    endloop
  endfacet
  facet normal 0 -1 0
    outer loop
      vertex 29.2346 -114 8.80446
      vertex 46 -114 16
      vertex 29.25 -114 9
    endloop
  endfacet
  facet normal 0 -1 0
    outer loop
      vertex 29.1888 -114 8.61373
      vertex 46 -114 16
      vertex 29.2346 -114 8.80446
    endloop
  endfacet
  facet normal 0 -1 0
    outer loop
      vertex 29.1138 -114 8.43251
      vertex 46 -114 16
      vertex 29.1888 -114 8.61373
    endloop
  endfacet
  facet normal 0 -1 0
    outer loop
      vertex 29.1138 -114 -8.43251
      vertex 29.1138 -114 8.43251
      vertex 29.0113 -114 8.26527
    endloop
  endfacet
  facet normal 0 -1 0
    outer loop
      vertex 29.0113 -114 -8.26527
      vertex 29.0113 -114 8.26527
      vertex 28.8839 -114 8.11612
    endloop
  endfacet
  facet normal 0 -1 0
    outer loop
      vertex 28.8839 -114 -8.11612
      vertex 28.8839 -114 8.11612
      vertex 28.7347 -114 7.98873
    endloop
  endfacet
  facet normal 0 -1 0
    outer loop
      vertex 28.7347 -114 -7.98873
      vertex 28.7347 -114 7.98873
      vertex 28.5675 -114 7.88624
    endloop
  endfacet
  facet normal 0 -1 0
    outer loop
      vertex 28 -114 -7.75
      vertex 28.1955 -114 7.76539
      vertex 28 -114 7.75
    endloop
  endfacet
  facet normal 0 -1 0
    outer loop
      vertex 28.1955 -114 -7.76539
      vertex 28.1955 -114 7.76539
      vertex 28 -114 -7.75
    endloop
  endfacet
  facet normal 0 -1 0
    outer loop
      vertex 28.1955 -114 7.76539
      vertex 28.1955 -114 -7.76539
      vertex 28.3863 -114 7.81118
    endloop
  endfacet
  facet normal 0 -1 0
    outer loop
      vertex 28.3863 -114 -7.81118
      vertex 28.3863 -114 7.81118
      vertex 28.1955 -114 -7.76539
    endloop
  endfacet
  facet normal 0 -1 0
    outer loop
      vertex 28.3863 -114 7.81118
      vertex 28.3863 -114 -7.81118
      vertex 28.5675 -114 7.88624
    endloop
  endfacet
  facet normal 0 -1 0
    outer loop
      vertex 28.5675 -114 -7.88624
      vertex 28.5675 -114 7.88624
      vertex 28.3863 -114 -7.81118
    endloop
  endfacet
  facet normal 0 -1 0
    outer loop
      vertex 28.7347 -114 -7.98873
      vertex 28.5675 -114 7.88624
      vertex 28.5675 -114 -7.88624
    endloop
  endfacet
  facet normal 0 -1 0
    outer loop
      vertex 28.7347 -114 7.98873
      vertex 28.7347 -114 -7.98873
      vertex 28.8839 -114 -8.11612
    endloop
  endfacet
  facet normal 0 -1 0
    outer loop
      vertex 28.8839 -114 8.11612
      vertex 28.8839 -114 -8.11612
      vertex 29.0113 -114 -8.26527
    endloop
  endfacet
  facet normal 0 -1 0
    outer loop
      vertex 29.1138 -114 -8.43251
      vertex 29.0113 -114 8.26527
      vertex 29.0113 -114 -8.26527
    endloop
  endfacet
  facet normal 0 -1 0
    outer loop
      vertex 29.1138 -114 8.43251
      vertex 29.1138 -114 -8.43251
      vertex 46 -114 16
    endloop
  endfacet
  facet normal 0 -1 0
    outer loop
      vertex 46 -114 -16
      vertex 29.1138 -114 -8.43251
      vertex 29.1888 -114 -8.61373
    endloop
  endfacet
  facet normal 0 -1 0
    outer loop
      vertex 46 -114 -16
      vertex 29.1888 -114 -8.61373
      vertex 29.2346 -114 -8.80446
    endloop
  endfacet
  facet normal 0 -1 0
    outer loop
      vertex 46 -114 -16
      vertex 29.2346 -114 -8.80446
      vertex 29.25 -114 -9
    endloop
  endfacet
  facet normal 0 -1 0
    outer loop
      vertex 46 -114 -16
      vertex 29.25 -114 -9
      vertex 29.2346 -114 -9.19554
    endloop
  endfacet
  facet normal 0 -1 0
    outer loop
      vertex 46 -114 -16
      vertex 29.2346 -114 -9.19554
      vertex 29.1888 -114 -9.38627
    endloop
  endfacet
  facet normal 0 -1 0
    outer loop
      vertex 46 -114 -16
      vertex 29.1888 -114 -9.38627
      vertex 29.1138 -114 -9.56749
    endloop
  endfacet
  facet normal 0 -1 0
    outer loop
      vertex 46 -114 -16
      vertex 29.1138 -114 -9.56749
      vertex 29.0113 -114 -9.73473
    endloop
  endfacet
  facet normal 0 -1 0
    outer loop
      vertex 29.1138 -114 -8.43251
      vertex 46 -114 -16
      vertex 46 -114 16
    endloop
  endfacet
  facet normal 0 -1 0
    outer loop
      vertex 28.8839 -114 -9.88388
      vertex 46 -114 -16
      vertex 29.0113 -114 -9.73473
    endloop
  endfacet
  facet normal 0 -1 0
    outer loop
      vertex 28.7347 -114 -10.0113
      vertex 46 -114 -16
      vertex 28.8839 -114 -9.88388
    endloop
  endfacet
  facet normal 0 -1 0
    outer loop
      vertex 28.5675 -114 -10.1138
      vertex 46 -114 -16
      vertex 28.7347 -114 -10.0113
    endloop
  endfacet
  facet normal 0 -1 0
    outer loop
      vertex 28.3863 -114 -10.1888
      vertex 46 -114 -16
      vertex 28.5675 -114 -10.1138
    endloop
  endfacet
  facet normal 0 -1 0
    outer loop
      vertex 28.1955 -114 -10.2346
      vertex 46 -114 -16
      vertex 28.3863 -114 -10.1888
    endloop
  endfacet
  facet normal 0 -1 0
    outer loop
      vertex 28 -114 -10.25
      vertex 46 -114 -16
      vertex 28.1955 -114 -10.2346
    endloop
  endfacet
  facet normal 0 -1 0
    outer loop
      vertex 20 -114 -10
      vertex 46 -114 -16
      vertex 28 -114 -10.25
    endloop
  endfacet
  facet normal 0 -1 0
    outer loop
      vertex 27.4325 -114 10.1138
      vertex 20 -114 10
      vertex 27.2653 -114 10.0113
    endloop
  endfacet
  facet normal 0 -1 0
    outer loop
      vertex 20 -114 10
      vertex 27.1161 -114 9.88388
      vertex 27.2653 -114 10.0113
    endloop
  endfacet
  facet normal 0 -1 0
    outer loop
      vertex 20 -114 10
      vertex 26.9887 -114 9.73473
      vertex 27.1161 -114 9.88388
    endloop
  endfacet
  facet normal 0 -1 0
    outer loop
      vertex 20 -114 10
      vertex 26.8862 -114 9.56749
      vertex 26.9887 -114 9.73473
    endloop
  endfacet
  facet normal 0 -1 0
    outer loop
      vertex 20 -114 10
      vertex 26.8112 -114 9.38627
      vertex 26.8862 -114 9.56749
    endloop
  endfacet
  facet normal 0 -1 0
    outer loop
      vertex 20 -114 10
      vertex 26.7654 -114 9.19554
      vertex 26.8112 -114 9.38627
    endloop
  endfacet
  facet normal 0 -1 0
    outer loop
      vertex 20 -114 10
      vertex 26.75 -114 9
      vertex 26.7654 -114 9.19554
    endloop
  endfacet
  facet normal 0 -1 0
    outer loop
      vertex 20 -114 10
      vertex 26.7654 -114 8.80446
      vertex 26.75 -114 9
    endloop
  endfacet
  facet normal 0 -1 0
    outer loop
      vertex 20 -114 10
      vertex 26.8112 -114 8.61373
      vertex 26.7654 -114 8.80446
    endloop
  endfacet
  facet normal 0 -1 0
    outer loop
      vertex 20 -114 10
      vertex 26.8862 -114 8.43251
      vertex 26.8112 -114 8.61373
    endloop
  endfacet
  facet normal 0 -1 0
    outer loop
      vertex 20 -114 10
      vertex 26.9887 -114 8.26527
      vertex 26.8862 -114 8.43251
    endloop
  endfacet
  facet normal 0 -1 0
    outer loop
      vertex 20 -114 10
      vertex 27.1161 -114 8.11612
      vertex 26.9887 -114 8.26527
    endloop
  endfacet
  facet normal 0 -1 0
    outer loop
      vertex 20 -114 10
      vertex 27.2653 -114 7.98873
      vertex 27.1161 -114 8.11612
    endloop
  endfacet
  facet normal 0 -1 0
    outer loop
      vertex 27.2653 -114 -7.98873
      vertex 27.2653 -114 7.98873
      vertex 20 -114 10
    endloop
  endfacet
  facet normal 0 -1 0
    outer loop
      vertex 27.2653 -114 7.98873
      vertex 27.2653 -114 -7.98873
      vertex 27.4325 -114 7.88624
    endloop
  endfacet
  facet normal 0 -1 0
    outer loop
      vertex 27.8045 -114 7.76539
      vertex 28 -114 -7.75
      vertex 28 -114 7.75
    endloop
  endfacet
  facet normal 0 -1 0
    outer loop
      vertex 27.8045 -114 -7.76539
      vertex 27.8045 -114 7.76539
      vertex 27.6137 -114 7.81118
    endloop
  endfacet
  facet normal -0 -1 0
    outer loop
      vertex 27.4325 -114 -7.88624
      vertex 27.4325 -114 7.88624
      vertex 27.2653 -114 -7.98873
    endloop
  endfacet
  facet normal 0 -1 0
    outer loop
      vertex 27.8045 -114 7.76539
      vertex 27.8045 -114 -7.76539
      vertex 28 -114 -7.75
    endloop
  endfacet
  facet normal 0 -1 0
    outer loop
      vertex 27.6137 -114 7.81118
      vertex 27.6137 -114 -7.81118
      vertex 27.8045 -114 -7.76539
    endloop
  endfacet
  facet normal 0 -1 -0
    outer loop
      vertex 27.6137 -114 7.81118
      vertex 27.4325 -114 -7.88624
      vertex 27.6137 -114 -7.81118
    endloop
  endfacet
  facet normal 0 -1 0
    outer loop
      vertex 27.4325 -114 7.88624
      vertex 27.4325 -114 -7.88624
      vertex 27.6137 -114 7.81118
    endloop
  endfacet
  facet normal 0 -1 0
    outer loop
      vertex 20 -114 -10
      vertex 27.2653 -114 -7.98873
      vertex 20 -114 10
    endloop
  endfacet
  facet normal 0 -1 0
    outer loop
      vertex 27.2653 -114 -7.98873
      vertex 20 -114 -10
      vertex 27.1161 -114 -8.11612
    endloop
  endfacet
  facet normal 0 -1 0
    outer loop
      vertex 27.1161 -114 -8.11612
      vertex 20 -114 -10
      vertex 26.9887 -114 -8.26527
    endloop
  endfacet
  facet normal 0 -1 0
    outer loop
      vertex 26.9887 -114 -8.26527
      vertex 20 -114 -10
      vertex 26.8862 -114 -8.43251
    endloop
  endfacet
  facet normal 0 -1 0
    outer loop
      vertex 26.8862 -114 -8.43251
      vertex 20 -114 -10
      vertex 26.8112 -114 -8.61373
    endloop
  endfacet
  facet normal 0 -1 0
    outer loop
      vertex 26.8112 -114 -8.61373
      vertex 20 -114 -10
      vertex 26.7654 -114 -8.80446
    endloop
  endfacet
  facet normal 0 -1 0
    outer loop
      vertex 26.7654 -114 -8.80446
      vertex 20 -114 -10
      vertex 26.75 -114 -9
    endloop
  endfacet
  facet normal 0 -1 -0
    outer loop
      vertex 26.75 -114 -9
      vertex 20 -114 -10
      vertex 26.7654 -114 -9.19554
    endloop
  endfacet
  facet normal 0 -1 -0
    outer loop
      vertex 26.7654 -114 -9.19554
      vertex 20 -114 -10
      vertex 26.8112 -114 -9.38627
    endloop
  endfacet
  facet normal 0 -1 0
    outer loop
      vertex 20 -114 -10
      vertex 26.8862 -114 -9.56749
      vertex 26.8112 -114 -9.38627
    endloop
  endfacet
  facet normal 0 -1 0
    outer loop
      vertex 20 -114 -10
      vertex 26.9887 -114 -9.73473
      vertex 26.8862 -114 -9.56749
    endloop
  endfacet
  facet normal 0 -1 0
    outer loop
      vertex 20 -114 -10
      vertex 27.1161 -114 -9.88388
      vertex 26.9887 -114 -9.73473
    endloop
  endfacet
  facet normal 0 -1 0
    outer loop
      vertex 20 -114 -10
      vertex 27.2653 -114 -10.0113
      vertex 27.1161 -114 -9.88388
    endloop
  endfacet
  facet normal 0 -1 0
    outer loop
      vertex -27.6137 -114 -10.1888
      vertex -20 -114 -10
      vertex -27.4325 -114 -10.1138
    endloop
  endfacet
  facet normal 0 -1 0
    outer loop
      vertex -27.8045 -114 -10.2346
      vertex -20 -114 -10
      vertex -27.6137 -114 -10.1888
    endloop
  endfacet
  facet normal 0 -1 0
    outer loop
      vertex 20 -114 -10
      vertex 27.4325 -114 -10.1138
      vertex 27.2653 -114 -10.0113
    endloop
  endfacet
  facet normal 0 -1 0
    outer loop
      vertex -46 -114 -16
      vertex -20 -114 -10
      vertex -27.8045 -114 -10.2346
    endloop
  endfacet
  facet normal 0 -1 0
    outer loop
      vertex 20 -114 -10
      vertex 27.6137 -114 -10.1888
      vertex 27.4325 -114 -10.1138
    endloop
  endfacet
  facet normal 0 -1 0
    outer loop
      vertex -46 -114 -16
      vertex -27.8045 -114 -10.2346
      vertex -28 -114 -10.25
    endloop
  endfacet
  facet normal 0 -1 0
    outer loop
      vertex 20 -114 -10
      vertex 27.8045 -114 -10.2346
      vertex 27.6137 -114 -10.1888
    endloop
  endfacet
  facet normal 0 -1 -0
    outer loop
      vertex -20 -114 -10
      vertex -46 -114 -16
      vertex 20 -114 -10
    endloop
  endfacet
  facet normal 0 -1 0
    outer loop
      vertex 20 -114 -10
      vertex 28 -114 -10.25
      vertex 27.8045 -114 -10.2346
    endloop
  endfacet
  facet normal -1 0 0
    outer loop
      vertex -46 -16.5 -16
      vertex -46 -69.5 10.1687
      vertex -46 -16.5 16
    endloop
  endfacet
  facet normal -1 0 0
    outer loop
      vertex -46 -114 -16
      vertex -46 -69.5 10.1687
      vertex -46 -16.5 -16
    endloop
  endfacet
  facet normal -1 0 0
    outer loop
      vertex -46 -69.5 10.1687
      vertex -46 -114 -16
      vertex -46 -84.5 10
    endloop
  endfacet
  facet normal -1 -0 0
    outer loop
      vertex -46 -84.5 10
      vertex -46 -114 -16
      vertex -46 -114 10
    endloop
  endfacet
  facet normal -1 -0 0
    outer loop
      vertex -46 -16.5 16
      vertex -46 -69.5 10.1687
      vertex -46 -69.5 16
    endloop
  endfacet
  facet normal -1 -0 0
    outer loop
      vertex -46 -69.5 10.1687
      vertex -46 -84.5 10
      vertex -46 -84.5 10.1687
    endloop
  endfacet
  facet normal 0 0 -1
    outer loop
      vertex 46 -114 -16
      vertex 44.3 -16.5 -16
      vertex 46 -7.2 -16
    endloop
  endfacet
  facet normal 0 0 -1
    outer loop
      vertex 46 -114 -16
      vertex 38.7 -54.7 -16
      vertex 44.3 -16.5 -16
    endloop
  endfacet
  facet normal 0 0 -1
    outer loop
      vertex 18 -76 -16
      vertex 38.7 -54.7 -16
      vertex 46 -114 -16
    endloop
  endfacet
  facet normal 0 -0 -1
    outer loop
      vertex 22.9 -62.3 -16
      vertex 38.7 -54.7 -16
      vertex 18 -76 -16
    endloop
  endfacet
  facet normal 0 0 -1
    outer loop
      vertex 38.7 -54.7 -16
      vertex 22.9 -62.3 -16
      vertex 27.3 -57.6 -16
    endloop
  endfacet
  facet normal -0 0 -1
    outer loop
      vertex 22.9 -62.3 -16
      vertex 18 -70 -16
      vertex 19.8 -62.3 -16
    endloop
  endfacet
  facet normal 0 0 -1
    outer loop
      vertex 18 -70 -16
      vertex 22.9 -62.3 -16
      vertex 18 -76 -16
    endloop
  endfacet
  facet normal 0 0 -1
    outer loop
      vertex 46 -114 -16
      vertex -18 -76 -16
      vertex 18 -76 -16
    endloop
  endfacet
  facet normal 0 0 -1
    outer loop
      vertex -22.9 -62.3 -16
      vertex -18 -70 -16
      vertex -18 -76 -16
    endloop
  endfacet
  facet normal 0 0 -1
    outer loop
      vertex -18 -70 -16
      vertex -22.9 -62.3 -16
      vertex -19.8 -62.3 -16
    endloop
  endfacet
  facet normal 0 0 -1
    outer loop
      vertex -22.9 -62.3 -16
      vertex -27.3 -57.6 -16
      vertex -22.9 -57.6 -16
    endloop
  endfacet
  facet normal 0 0 -1
    outer loop
      vertex -38.7 -54.7 -16
      vertex -22.9 -62.3 -16
      vertex -18 -76 -16
    endloop
  endfacet
  facet normal 0 0 -1
    outer loop
      vertex -27.3 -57.6 -16
      vertex -38.7 -54.7 -16
      vertex -27.3 -54.7 -16
    endloop
  endfacet
  facet normal 0 0 -1
    outer loop
      vertex -22.9 -62.3 -16
      vertex -38.7 -54.7 -16
      vertex -27.3 -57.6 -16
    endloop
  endfacet
  facet normal 0 0 -1
    outer loop
      vertex -46 -114 -16
      vertex -18 -76 -16
      vertex 46 -114 -16
    endloop
  endfacet
  facet normal 0 0 -1
    outer loop
      vertex -46 -114 -16
      vertex -38.7 -54.7 -16
      vertex -18 -76 -16
    endloop
  endfacet
  facet normal 0 0 -1
    outer loop
      vertex -46 -16.5 -16
      vertex -38.7 -54.7 -16
      vertex -46 -114 -16
    endloop
  endfacet
  facet normal 0 0 -1
    outer loop
      vertex -38.7 -54.7 -16
      vertex -46 -16.5 -16
      vertex -38.7 -16.5 -16
    endloop
  endfacet
  facet normal -0 0 -1
    outer loop
      vertex 46 -7.2 -16
      vertex 44.3 -16.5 -16
      vertex 44.3 -7.2 -16
    endloop
  endfacet
  facet normal -0 0 -1
    outer loop
      vertex 44.3 -16.5 -16
      vertex 38.7 -54.7 -16
      vertex 38.7 -16.5 -16
    endloop
  endfacet
  facet normal -0 0 -1
    outer loop
      vertex 38.7 -54.7 -16
      vertex 27.3 -57.6 -16
      vertex 27.3 -54.7 -16
    endloop
  endfacet
  facet normal -0 0 -1
    outer loop
      vertex 27.3 -57.6 -16
      vertex 22.9 -62.3 -16
      vertex 22.9 -57.6 -16
    endloop
  endfacet
  facet normal 0 0 -1
    outer loop
      vertex 11.5 -70 -16
      vertex 19.8 -62.3 -16
      vertex 18 -70 -16
    endloop
  endfacet
  facet normal -0 0 -1
    outer loop
      vertex 19.8 -62.3 -16
      vertex 11.5 -70 -16
      vertex 11.5 -57.6 -16
    endloop
  endfacet
  facet normal 0 0 -1
    outer loop
      vertex 19.8 -62.3 -16
      vertex 11.5 -57.6 -16
      vertex 19.8 -57.6 -16
    endloop
  endfacet
  facet normal 0 0 -1
    outer loop
      vertex -19.8 -62.3 -16
      vertex -11.5 -70 -16
      vertex -18 -70 -16
    endloop
  endfacet
  facet normal 0 0 -1
    outer loop
      vertex -11.5 -70 -16
      vertex -19.8 -62.3 -16
      vertex -11.5 -57.6 -16
    endloop
  endfacet
  facet normal -0 0 -1
    outer loop
      vertex -11.5 -57.6 -16
      vertex -19.8 -62.3 -16
      vertex -19.8 -57.6 -16
    endloop
  endfacet
  facet normal 0 0 -1
    outer loop
      vertex -33.3 -25.3 -16
      vertex -27.7 -16.5 -16
      vertex -27 -25.3 -16
    endloop
  endfacet
  facet normal -0 0 -1
    outer loop
      vertex -27.7 -16.5 -16
      vertex -33.3 -25.3 -16
      vertex -33.3 -16.5 -16
    endloop
  endfacet
  facet normal 0 0 -1
    outer loop
      vertex -27 -34.2 -16
      vertex -22.9 -29.5 -16
      vertex -22.9 -34.2 -16
    endloop
  endfacet
  facet normal -0 0 -1
    outer loop
      vertex -22.9 -29.5 -16
      vertex -27 -34.2 -16
      vertex -27 -25.3 -16
    endloop
  endfacet
  facet normal 0 0 -1
    outer loop
      vertex -27.7 -16.5 -16
      vertex -22.9 -29.5 -16
      vertex -27 -25.3 -16
    endloop
  endfacet
  facet normal 0 0 -1
    outer loop
      vertex -22.9 -29.5 -16
      vertex -27.7 -16.5 -16
      vertex -24.7 -7.2 -16
    endloop
  endfacet
  facet normal -0 0 -1
    outer loop
      vertex -24.7 -7.2 -16
      vertex -27.7 -16.5 -16
      vertex -27.7 -7.2 -16
    endloop
  endfacet
  facet normal 0 0 -1
    outer loop
      vertex 19.8 -34.2 -16
      vertex 4.2 -34.2 -16
      vertex 19.8 -29.5 -16
    endloop
  endfacet
  facet normal -0 0 -1
    outer loop
      vertex 27 -25.3 -16
      vertex 19.8 -29.5 -16
      vertex 20.3 -16.5 -16
    endloop
  endfacet
  facet normal 0 0 -1
    outer loop
      vertex 1.18882 -24.3863 -16
      vertex 19.8 -29.5 -16
      vertex 4.2 -34.2 -16
    endloop
  endfacet
  facet normal 0 -0 -1
    outer loop
      vertex 1.25 -24 -16
      vertex 19.8 -29.5 -16
      vertex 1.23461 -24.1955 -16
    endloop
  endfacet
  facet normal 0 0 -1
    outer loop
      vertex 22.9 -29.5 -16
      vertex 27 -25.3 -16
      vertex 27 -34.2 -16
    endloop
  endfacet
  facet normal 0 0 -1
    outer loop
      vertex 22.9 -29.5 -16
      vertex 27 -34.2 -16
      vertex 22.9 -34.2 -16
    endloop
  endfacet
  facet normal 0 0 -1
    outer loop
      vertex 19.8 -29.5 -16
      vertex 27 -25.3 -16
      vertex 22.9 -29.5 -16
    endloop
  endfacet
  facet normal 0 0 -1
    outer loop
      vertex 27 -25.3 -16
      vertex 20.3 -16.5 -16
      vertex 23.3 -7.2 -16
    endloop
  endfacet
  facet normal -0 0 -1
    outer loop
      vertex 23.3 -7.2 -16
      vertex 20.3 -16.5 -16
      vertex 20.3 -7.2 -16
    endloop
  endfacet
  facet normal 0 0 -1
    outer loop
      vertex 33.3 -25.3 -16
      vertex 27.7 -16.5 -16
      vertex 33.3 -16.5 -16
    endloop
  endfacet
  facet normal 0 0 -1
    outer loop
      vertex 27 -25.3 -16
      vertex 27.7 -16.5 -16
      vertex 33.3 -25.3 -16
    endloop
  endfacet
  facet normal 0 0 -1
    outer loop
      vertex 23.3 -7.2 -16
      vertex 27.7 -16.5 -16
      vertex 27 -25.3 -16
    endloop
  endfacet
  facet normal 0 0 -1
    outer loop
      vertex 27.7 -16.5 -16
      vertex 23.3 -7.2 -16
      vertex 27.7 1 -16
    endloop
  endfacet
  facet normal -0 0 -1
    outer loop
      vertex 27.7 1 -16
      vertex 23.3 -7.2 -16
      vertex 23.3 1 -16
    endloop
  endfacet
  facet normal 0 0 -1
    outer loop
      vertex -3.7 -16.5 -16
      vertex -0.567488 -22.8862 -16
      vertex -0.734731 -22.9887 -16
    endloop
  endfacet
  facet normal 0 0 -1
    outer loop
      vertex -3.7 -16.5 -16
      vertex -0.734731 -22.9887 -16
      vertex -0.883883 -23.1161 -16
    endloop
  endfacet
  facet normal 0 0 -1
    outer loop
      vertex -3.7 -16.5 -16
      vertex -0.883883 -23.1161 -16
      vertex -1.01127 -23.2653 -16
    endloop
  endfacet
  facet normal 0 0 -1
    outer loop
      vertex -3.7 -16.5 -16
      vertex -1.01127 -23.2653 -16
      vertex -1.11376 -23.4325 -16
    endloop
  endfacet
  facet normal 0 0 -1
    outer loop
      vertex -3.7 -16.5 -16
      vertex -1.11376 -23.4325 -16
      vertex -1.18882 -23.6137 -16
    endloop
  endfacet
  facet normal 0 0 -1
    outer loop
      vertex -3.7 -16.5 -16
      vertex -1.18882 -23.6137 -16
      vertex -1.23461 -23.8045 -16
    endloop
  endfacet
  facet normal 0 0 -1
    outer loop
      vertex -3.7 -16.5 -16
      vertex -1.23461 -23.8045 -16
      vertex -1.25 -24 -16
    endloop
  endfacet
  facet normal 0 0 -1
    outer loop
      vertex -0.567488 -22.8862 -16
      vertex -3.7 -16.5 -16
      vertex -0.7 -7.2 -16
    endloop
  endfacet
  facet normal -0 0 -1
    outer loop
      vertex -0.7 -7.2 -16
      vertex -3.7 -16.5 -16
      vertex -3.7 -7.2 -16
    endloop
  endfacet
  facet normal 0 0 -1
    outer loop
      vertex 1.01127 -65.2653 -16
      vertex 5.5 -57.6 -16
      vertex 1.11376 -65.4325 -16
    endloop
  endfacet
  facet normal 0 -0 -1
    outer loop
      vertex 3.7 -16.5 -16
      vertex 19.8 -29.5 -16
      vertex 1.25 -24 -16
    endloop
  endfacet
  facet normal -0 0 -1
    outer loop
      vertex 5.5 -57.6 -16
      vertex 1.01127 -65.2653 -16
      vertex 4.2 -57.6 -16
    endloop
  endfacet
  facet normal 0 0 -1
    outer loop
      vertex 19.8 -29.5 -16
      vertex 1.18882 -24.3863 -16
      vertex 1.23461 -24.1955 -16
    endloop
  endfacet
  facet normal 0 0 -1
    outer loop
      vertex 0.883883 -65.1161 -16
      vertex 4.2 -57.6 -16
      vertex 1.01127 -65.2653 -16
    endloop
  endfacet
  facet normal 0 0 -1
    outer loop
      vertex 4.2 -34.2 -16
      vertex 1.11376 -24.5675 -16
      vertex 1.18882 -24.3863 -16
    endloop
  endfacet
  facet normal 0 0 -1
    outer loop
      vertex 0.734731 -64.9887 -16
      vertex 4.2 -57.6 -16
      vertex 0.883883 -65.1161 -16
    endloop
  endfacet
  facet normal 0 0 -1
    outer loop
      vertex 4.2 -34.2 -16
      vertex 1.01127 -24.7347 -16
      vertex 1.11376 -24.5675 -16
    endloop
  endfacet
  facet normal 0 0 -1
    outer loop
      vertex 4.2 -57.6 -16
      vertex -4.2 -57.6 -16
      vertex 4.2 -34.2 -16
    endloop
  endfacet
  facet normal 0 -0 -1
    outer loop
      vertex 0 -25.25 -16
      vertex 4.2 -34.2 -16
      vertex -4.2 -34.2 -16
    endloop
  endfacet
  facet normal 0 0 -1
    outer loop
      vertex 0.567488 -64.8862 -16
      vertex 4.2 -57.6 -16
      vertex 0.734731 -64.9887 -16
    endloop
  endfacet
  facet normal 0 0 -1
    outer loop
      vertex 4.2 -34.2 -16
      vertex 0.883883 -24.8839 -16
      vertex 1.01127 -24.7347 -16
    endloop
  endfacet
  facet normal 0 0 -1
    outer loop
      vertex 0.386271 -64.8112 -16
      vertex 4.2 -57.6 -16
      vertex 0.567488 -64.8862 -16
    endloop
  endfacet
  facet normal 0 0 -1
    outer loop
      vertex 4.2 -34.2 -16
      vertex 0.734731 -25.0113 -16
      vertex 0.883883 -24.8839 -16
    endloop
  endfacet
  facet normal 0 0 -1
    outer loop
      vertex 0.195542 -64.7654 -16
      vertex 4.2 -57.6 -16
      vertex 0.386271 -64.8112 -16
    endloop
  endfacet
  facet normal 0 0 -1
    outer loop
      vertex 4.2 -34.2 -16
      vertex 0.567488 -25.1138 -16
      vertex 0.734731 -25.0113 -16
    endloop
  endfacet
  facet normal 0 0 -1
    outer loop
      vertex 0 -64.75 -16
      vertex 4.2 -57.6 -16
      vertex 0.195542 -64.7654 -16
    endloop
  endfacet
  facet normal 0 0 -1
    outer loop
      vertex 4.2 -34.2 -16
      vertex 0.386271 -25.1888 -16
      vertex 0.567488 -25.1138 -16
    endloop
  endfacet
  facet normal -0 0 -1
    outer loop
      vertex 4.2 -57.6 -16
      vertex 0 -64.75 -16
      vertex -4.2 -57.6 -16
    endloop
  endfacet
  facet normal 0 0 -1
    outer loop
      vertex 4.2 -34.2 -16
      vertex 0.195542 -25.2346 -16
      vertex 0.386271 -25.1888 -16
    endloop
  endfacet
  facet normal 0 0 -1
    outer loop
      vertex -4.2 -57.6 -16
      vertex 0 -64.75 -16
      vertex -0.195542 -64.7654 -16
    endloop
  endfacet
  facet normal 0 0 -1
    outer loop
      vertex 4.2 -34.2 -16
      vertex 0 -25.25 -16
      vertex 0.195542 -25.2346 -16
    endloop
  endfacet
  facet normal 0 0 -1
    outer loop
      vertex -4.2 -57.6 -16
      vertex -0.195542 -64.7654 -16
      vertex -0.386271 -64.8112 -16
    endloop
  endfacet
  facet normal -0 0 -1
    outer loop
      vertex 0 -25.25 -16
      vertex -4.2 -34.2 -16
      vertex -0.195542 -25.2346 -16
    endloop
  endfacet
  facet normal 0 0 -1
    outer loop
      vertex -4.2 -57.6 -16
      vertex -0.386271 -64.8112 -16
      vertex -0.567488 -64.8862 -16
    endloop
  endfacet
  facet normal -0 0 -1
    outer loop
      vertex -0.195542 -25.2346 -16
      vertex -4.2 -34.2 -16
      vertex -0.386271 -25.1888 -16
    endloop
  endfacet
  facet normal 0 0 -1
    outer loop
      vertex -4.2 -57.6 -16
      vertex -0.567488 -64.8862 -16
      vertex -0.734731 -64.9887 -16
    endloop
  endfacet
  facet normal -0 0 -1
    outer loop
      vertex -0.386271 -25.1888 -16
      vertex -4.2 -34.2 -16
      vertex -0.567488 -25.1138 -16
    endloop
  endfacet
  facet normal 0 0 -1
    outer loop
      vertex -4.2 -57.6 -16
      vertex -0.734731 -64.9887 -16
      vertex -0.883883 -65.1161 -16
    endloop
  endfacet
  facet normal -0 0 -1
    outer loop
      vertex -0.567488 -25.1138 -16
      vertex -4.2 -34.2 -16
      vertex -0.734731 -25.0113 -16
    endloop
  endfacet
  facet normal 0 0 -1
    outer loop
      vertex -4.2 -57.6 -16
      vertex -0.883883 -65.1161 -16
      vertex -1.01127 -65.2653 -16
    endloop
  endfacet
  facet normal -0 0 -1
    outer loop
      vertex -0.734731 -25.0113 -16
      vertex -4.2 -34.2 -16
      vertex -0.883883 -24.8839 -16
    endloop
  endfacet
  facet normal 0 0 -1
    outer loop
      vertex -5.5 -57.6 -16
      vertex -1.01127 -65.2653 -16
      vertex -1.11376 -65.4325 -16
    endloop
  endfacet
  facet normal -0 0 -1
    outer loop
      vertex -0.883883 -24.8839 -16
      vertex -4.2 -34.2 -16
      vertex -1.01127 -24.7347 -16
    endloop
  endfacet
  facet normal 0 0 -1
    outer loop
      vertex -5.5 -57.6 -16
      vertex -1.11376 -65.4325 -16
      vertex -1.18882 -65.6137 -16
    endloop
  endfacet
  facet normal -0 0 -1
    outer loop
      vertex -1.01127 -24.7347 -16
      vertex -4.2 -34.2 -16
      vertex -1.11376 -24.5675 -16
    endloop
  endfacet
  facet normal 0 0 -1
    outer loop
      vertex -5.5 -70 -16
      vertex -1.18882 -65.6137 -16
      vertex -1.23461 -65.8045 -16
    endloop
  endfacet
  facet normal -0 0 -1
    outer loop
      vertex -1.11376 -24.5675 -16
      vertex -4.2 -34.2 -16
      vertex -1.18882 -24.3863 -16
    endloop
  endfacet
  facet normal 0 0 -1
    outer loop
      vertex -5.5 -70 -16
      vertex -1.23461 -65.8045 -16
      vertex -1.25 -66 -16
    endloop
  endfacet
  facet normal 0 0 -1
    outer loop
      vertex -19.8 -29.5 -16
      vertex -1.18882 -24.3863 -16
      vertex -4.2 -34.2 -16
    endloop
  endfacet
  facet normal 0 0 -1
    outer loop
      vertex 1.23461 -65.8045 -16
      vertex 5.5 -70 -16
      vertex 1.25 -66 -16
    endloop
  endfacet
  facet normal 0 0 -1
    outer loop
      vertex 5.5 -70 -16
      vertex 1.18882 -65.6137 -16
      vertex 5.5 -57.6 -16
    endloop
  endfacet
  facet normal 0 0 -1
    outer loop
      vertex 19.8 -29.5 -16
      vertex 3.7 -16.5 -16
      vertex 20.3 -16.5 -16
    endloop
  endfacet
  facet normal 0 0 -1
    outer loop
      vertex 1.11376 -65.4325 -16
      vertex 5.5 -57.6 -16
      vertex 1.18882 -65.6137 -16
    endloop
  endfacet
  facet normal 0 0 -1
    outer loop
      vertex 1.18882 -65.6137 -16
      vertex 5.5 -70 -16
      vertex 1.23461 -65.8045 -16
    endloop
  endfacet
  facet normal 0 0 -1
    outer loop
      vertex 5.5 -70 -16
      vertex 1.23461 -66.1955 -16
      vertex 1.25 -66 -16
    endloop
  endfacet
  facet normal 0 0 -1
    outer loop
      vertex 5.5 -70 -16
      vertex 1.18882 -66.3863 -16
      vertex 1.23461 -66.1955 -16
    endloop
  endfacet
  facet normal 0 0 -1
    outer loop
      vertex 5.5 -70 -16
      vertex 1.11376 -66.5675 -16
      vertex 1.18882 -66.3863 -16
    endloop
  endfacet
  facet normal 0 0 -1
    outer loop
      vertex 5.5 -70 -16
      vertex 1.01127 -66.7347 -16
      vertex 1.11376 -66.5675 -16
    endloop
  endfacet
  facet normal 0 0 -1
    outer loop
      vertex 5.5 -70 -16
      vertex 0.883883 -66.8839 -16
      vertex 1.01127 -66.7347 -16
    endloop
  endfacet
  facet normal 0 0 -1
    outer loop
      vertex 5.5 -70 -16
      vertex 0.734731 -67.0113 -16
      vertex 0.883883 -66.8839 -16
    endloop
  endfacet
  facet normal 0 0 -1
    outer loop
      vertex 5.5 -70 -16
      vertex 0.567488 -67.1138 -16
      vertex 0.734731 -67.0113 -16
    endloop
  endfacet
  facet normal 0 0 -1
    outer loop
      vertex 5.5 -70 -16
      vertex 0.386271 -67.1888 -16
      vertex 0.567488 -67.1138 -16
    endloop
  endfacet
  facet normal 0 0 -1
    outer loop
      vertex 5.5 -70 -16
      vertex 0.195542 -67.2346 -16
      vertex 0.386271 -67.1888 -16
    endloop
  endfacet
  facet normal 0 0 -1
    outer loop
      vertex 5.5 -70 -16
      vertex 0 -67.25 -16
      vertex 0.195542 -67.2346 -16
    endloop
  endfacet
  facet normal 0 0 -1
    outer loop
      vertex -5.5 -70 -16
      vertex 0 -67.25 -16
      vertex 5.5 -70 -16
    endloop
  endfacet
  facet normal -0 0 -1
    outer loop
      vertex 0 -67.25 -16
      vertex -5.5 -70 -16
      vertex -0.195542 -67.2346 -16
    endloop
  endfacet
  facet normal -0 0 -1
    outer loop
      vertex -0.195542 -67.2346 -16
      vertex -5.5 -70 -16
      vertex -0.386271 -67.1888 -16
    endloop
  endfacet
  facet normal -0 0 -1
    outer loop
      vertex -1.18882 -24.3863 -16
      vertex -19.8 -29.5 -16
      vertex -1.23461 -24.1955 -16
    endloop
  endfacet
  facet normal -0 0 -1
    outer loop
      vertex 4.2 -34.2 -16
      vertex -4.2 -57.6 -16
      vertex -4.2 -34.2 -16
    endloop
  endfacet
  facet normal 0 0 -1
    outer loop
      vertex -5.5 -70 -16
      vertex -1.25 -66 -16
      vertex -1.23461 -66.1955 -16
    endloop
  endfacet
  facet normal 0 0 -1
    outer loop
      vertex -5.5 -70 -16
      vertex -1.23461 -66.1955 -16
      vertex -1.18882 -66.3863 -16
    endloop
  endfacet
  facet normal -0 0 -1
    outer loop
      vertex -0.386271 -67.1888 -16
      vertex -5.5 -70 -16
      vertex -0.567488 -67.1138 -16
    endloop
  endfacet
  facet normal 0 0 -1
    outer loop
      vertex -5.5 -70 -16
      vertex -0.734731 -67.0113 -16
      vertex -0.567488 -67.1138 -16
    endloop
  endfacet
  facet normal 0 0 -1
    outer loop
      vertex -5.5 -70 -16
      vertex -0.883883 -66.8839 -16
      vertex -0.734731 -67.0113 -16
    endloop
  endfacet
  facet normal 0 0 -1
    outer loop
      vertex -5.5 -70 -16
      vertex -1.01127 -66.7347 -16
      vertex -0.883883 -66.8839 -16
    endloop
  endfacet
  facet normal 0 0 -1
    outer loop
      vertex -5.5 -70 -16
      vertex -1.11376 -66.5675 -16
      vertex -1.01127 -66.7347 -16
    endloop
  endfacet
  facet normal 0 0 -1
    outer loop
      vertex -5.5 -70 -16
      vertex -1.18882 -66.3863 -16
      vertex -1.11376 -66.5675 -16
    endloop
  endfacet
  facet normal -0 0 -1
    outer loop
      vertex -1.18882 -65.6137 -16
      vertex -5.5 -70 -16
      vertex -5.5 -57.6 -16
    endloop
  endfacet
  facet normal 0 0 -1
    outer loop
      vertex -1.01127 -65.2653 -16
      vertex -5.5 -57.6 -16
      vertex -4.2 -57.6 -16
    endloop
  endfacet
  facet normal 0 0 -1
    outer loop
      vertex 1.23461 -23.8045 -16
      vertex 3.7 -16.5 -16
      vertex 1.25 -24 -16
    endloop
  endfacet
  facet normal 0 0 -1
    outer loop
      vertex 1.18882 -23.6137 -16
      vertex 3.7 -16.5 -16
      vertex 1.23461 -23.8045 -16
    endloop
  endfacet
  facet normal 0 0 -1
    outer loop
      vertex 1.11376 -23.4325 -16
      vertex 3.7 -16.5 -16
      vertex 1.18882 -23.6137 -16
    endloop
  endfacet
  facet normal 0 0 -1
    outer loop
      vertex 1.01127 -23.2653 -16
      vertex 3.7 -16.5 -16
      vertex 1.11376 -23.4325 -16
    endloop
  endfacet
  facet normal 0 0 -1
    outer loop
      vertex 0.883883 -23.1161 -16
      vertex 3.7 -16.5 -16
      vertex 1.01127 -23.2653 -16
    endloop
  endfacet
  facet normal 0 0 -1
    outer loop
      vertex 0.734731 -22.9887 -16
      vertex 3.7 -16.5 -16
      vertex 0.883883 -23.1161 -16
    endloop
  endfacet
  facet normal 0 0 -1
    outer loop
      vertex 0.567488 -22.8862 -16
      vertex 3.7 -16.5 -16
      vertex 0.734731 -22.9887 -16
    endloop
  endfacet
  facet normal 0 0 -1
    outer loop
      vertex 0.386271 -22.8112 -16
      vertex 3.7 -16.5 -16
      vertex 0.567488 -22.8862 -16
    endloop
  endfacet
  facet normal 0 0 -1
    outer loop
      vertex 0.195542 -22.7654 -16
      vertex 3.7 -16.5 -16
      vertex 0.386271 -22.8112 -16
    endloop
  endfacet
  facet normal 0 0 -1
    outer loop
      vertex 0 -22.75 -16
      vertex 3.7 -16.5 -16
      vertex 0.195542 -22.7654 -16
    endloop
  endfacet
  facet normal 0 0 -1
    outer loop
      vertex -0.195542 -22.7654 -16
      vertex 3.7 -16.5 -16
      vertex 0 -22.75 -16
    endloop
  endfacet
  facet normal 0 0 -1
    outer loop
      vertex -0.386271 -22.8112 -16
      vertex 3.7 -16.5 -16
      vertex -0.195542 -22.7654 -16
    endloop
  endfacet
  facet normal 0 0 -1
    outer loop
      vertex -0.567488 -22.8862 -16
      vertex 3.7 -16.5 -16
      vertex -0.386271 -22.8112 -16
    endloop
  endfacet
  facet normal -0 0 -1
    outer loop
      vertex 3.7 -16.5 -16
      vertex -0.567488 -22.8862 -16
      vertex -0.7 -7.2 -16
    endloop
  endfacet
  facet normal 0 0 -1
    outer loop
      vertex 3.7 -16.5 -16
      vertex -0.7 -7.2 -16
      vertex 3.7 1 -16
    endloop
  endfacet
  facet normal -0 0 -1
    outer loop
      vertex 3.7 1 -16
      vertex -0.7 -7.2 -16
      vertex -0.7 1 -16
    endloop
  endfacet
  facet normal -0 0 -1
    outer loop
      vertex -1.23461 -24.1955 -16
      vertex -19.8 -29.5 -16
      vertex -1.25 -24 -16
    endloop
  endfacet
  facet normal 0 0 -1
    outer loop
      vertex -19.8 -29.5 -16
      vertex -4.2 -34.2 -16
      vertex -19.8 -34.2 -16
    endloop
  endfacet
  facet normal -0 0 -1
    outer loop
      vertex -1.25 -24 -16
      vertex -19.8 -29.5 -16
      vertex -3.7 -16.5 -16
    endloop
  endfacet
  facet normal 0 0 -1
    outer loop
      vertex -19.8 -29.5 -16
      vertex -20.3 -16.5 -16
      vertex -3.7 -16.5 -16
    endloop
  endfacet
  facet normal 0 0 -1
    outer loop
      vertex -22.9 -29.5 -16
      vertex -20.3 -16.5 -16
      vertex -19.8 -29.5 -16
    endloop
  endfacet
  facet normal 0 0 -1
    outer loop
      vertex -24.7 -7.2 -16
      vertex -20.3 -16.5 -16
      vertex -22.9 -29.5 -16
    endloop
  endfacet
  facet normal 0 0 -1
    outer loop
      vertex -20.3 -16.5 -16
      vertex -24.7 -7.2 -16
      vertex -20.3 1 -16
    endloop
  endfacet
  facet normal -0 0 -1
    outer loop
      vertex -20.3 1 -16
      vertex -24.7 -7.2 -16
      vertex -24.7 1 -16
    endloop
  endfacet
  facet normal 0 0 1
    outer loop
      vertex 42.5 -76 16
      vertex -22 -84.5 16
      vertex -16 -106 16
    endloop
  endfacet
  facet normal -0 0 1
    outer loop
      vertex -39.0616 -76 16
      vertex -22 -84.5 16
      vertex 42.5 -76 16
    endloop
  endfacet
  facet normal 0 0 1
    outer loop
      vertex -22 -84.5 16
      vertex -39.0616 -76 16
      vertex -39.0616 -84.5 16
    endloop
  endfacet
  facet normal 0 0 1
    outer loop
      vertex 23.3 -7.2 16
      vertex 20.3 -16.5 16
      vertex 27.7 -16.5 16
    endloop
  endfacet
  facet normal 0 0 1
    outer loop
      vertex 27.7 -16.5 16
      vertex 20.3 -16.5 16
      vertex 21 -25.3 16
    endloop
  endfacet
  facet normal 0 0 1
    outer loop
      vertex 14.7 -25.3 16
      vertex 20.3 -16.5 16
      vertex 14.7 -16.5 16
    endloop
  endfacet
  facet normal 0 0 1
    outer loop
      vertex 20.3 -16.5 16
      vertex 14.7 -25.3 16
      vertex 21 -25.3 16
    endloop
  endfacet
  facet normal -0 0 1
    outer loop
      vertex 23.3 -7.2 16
      vertex 27.7 -16.5 16
      vertex 27.7 1 16
    endloop
  endfacet
  facet normal 0 0 1
    outer loop
      vertex 23.3 -7.2 16
      vertex 27.7 1 16
      vertex 23.3 1 16
    endloop
  endfacet
  facet normal 0 0 1
    outer loop
      vertex 20.3 -16.5 16
      vertex 23.3 -7.2 16
      vertex 20.3 -7.2 16
    endloop
  endfacet
  facet normal 0 0 1
    outer loop
      vertex 27.7 -16.5 16
      vertex 21 -25.3 16
      vertex 25.1 -29.5 16
    endloop
  endfacet
  facet normal 0 0 1
    outer loop
      vertex 21 -34.2 16
      vertex 25.1 -29.5 16
      vertex 21 -25.3 16
    endloop
  endfacet
  facet normal 0 0 1
    outer loop
      vertex 25.1 -29.5 16
      vertex 21 -34.2 16
      vertex 25.1 -34.2 16
    endloop
  endfacet
  facet normal 0 0 1
    outer loop
      vertex 33.2346 -24.1955 16
      vertex 44.3 -16.5 16
      vertex 33.25 -24 16
    endloop
  endfacet
  facet normal 0 0 1
    outer loop
      vertex 44.3 -16.5 16
      vertex 33.2346 -23.8045 16
      vertex 33.25 -24 16
    endloop
  endfacet
  facet normal 0 0 1
    outer loop
      vertex 44.3 -16.5 16
      vertex 33.1888 -23.6137 16
      vertex 33.2346 -23.8045 16
    endloop
  endfacet
  facet normal 0 0 1
    outer loop
      vertex 44.3 -16.5 16
      vertex 33.1138 -23.4325 16
      vertex 33.1888 -23.6137 16
    endloop
  endfacet
  facet normal 0 0 1
    outer loop
      vertex 44.3 -16.5 16
      vertex 33.0113 -23.2653 16
      vertex 33.1138 -23.4325 16
    endloop
  endfacet
  facet normal 0 0 1
    outer loop
      vertex 44.3 -16.5 16
      vertex 32.8839 -23.1161 16
      vertex 33.0113 -23.2653 16
    endloop
  endfacet
  facet normal 0 0 1
    outer loop
      vertex 44.3 -16.5 16
      vertex 32.7347 -22.9887 16
      vertex 32.8839 -23.1161 16
    endloop
  endfacet
  facet normal 0 0 1
    outer loop
      vertex 44.3 -16.5 16
      vertex 32.5675 -22.8862 16
      vertex 32.7347 -22.9887 16
    endloop
  endfacet
  facet normal -0 0 1
    outer loop
      vertex 27.7 -16.5 16
      vertex 32.5675 -22.8862 16
      vertex 44.3 -16.5 16
    endloop
  endfacet
  facet normal 0 0 1
    outer loop
      vertex 32.5675 -22.8862 16
      vertex 27.7 -16.5 16
      vertex 32.3863 -22.8112 16
    endloop
  endfacet
  facet normal 0 0 1
    outer loop
      vertex 32.3863 -22.8112 16
      vertex 27.7 -16.5 16
      vertex 32.1955 -22.7654 16
    endloop
  endfacet
  facet normal 0 0 1
    outer loop
      vertex 32.1955 -22.7654 16
      vertex 27.7 -16.5 16
      vertex 32 -22.75 16
    endloop
  endfacet
  facet normal 0 0 1
    outer loop
      vertex 32 -22.75 16
      vertex 27.7 -16.5 16
      vertex 31.8045 -22.7654 16
    endloop
  endfacet
  facet normal 0 0 1
    outer loop
      vertex 31.8045 -22.7654 16
      vertex 27.7 -16.5 16
      vertex 31.6137 -22.8112 16
    endloop
  endfacet
  facet normal 0 0 1
    outer loop
      vertex 25.1 -29.5 16
      vertex 30.75 -24 16
      vertex 30.7654 -23.8045 16
    endloop
  endfacet
  facet normal 0 0 1
    outer loop
      vertex 27.7 -16.5 16
      vertex 30.7654 -23.8045 16
      vertex 30.8112 -23.6137 16
    endloop
  endfacet
  facet normal 0 0 1
    outer loop
      vertex 27.7 -16.5 16
      vertex 30.8112 -23.6137 16
      vertex 30.8862 -23.4325 16
    endloop
  endfacet
  facet normal 0 0 1
    outer loop
      vertex 31.6137 -22.8112 16
      vertex 27.7 -16.5 16
      vertex 31.4325 -22.8862 16
    endloop
  endfacet
  facet normal 0 0 1
    outer loop
      vertex 27.7 -16.5 16
      vertex 31.2653 -22.9887 16
      vertex 31.4325 -22.8862 16
    endloop
  endfacet
  facet normal 0 0 1
    outer loop
      vertex 27.7 -16.5 16
      vertex 31.1161 -23.1161 16
      vertex 31.2653 -22.9887 16
    endloop
  endfacet
  facet normal 0 0 1
    outer loop
      vertex 27.7 -16.5 16
      vertex 30.9887 -23.2653 16
      vertex 31.1161 -23.1161 16
    endloop
  endfacet
  facet normal 0 0 1
    outer loop
      vertex 27.7 -16.5 16
      vertex 30.8862 -23.4325 16
      vertex 30.9887 -23.2653 16
    endloop
  endfacet
  facet normal 0 0 1
    outer loop
      vertex 30.7654 -23.8045 16
      vertex 27.7 -16.5 16
      vertex 25.1 -29.5 16
    endloop
  endfacet
  facet normal 0 0 1
    outer loop
      vertex 30.75 -24 16
      vertex 25.1 -29.5 16
      vertex 28.2 -29.5 16
    endloop
  endfacet
  facet normal 0 0 1
    outer loop
      vertex 44.3 -16.5 16
      vertex 46 -7.2 16
      vertex 44.3 -7.2 16
    endloop
  endfacet
  facet normal 0 0 1
    outer loop
      vertex 43.8 -34.2 16
      vertex 46 -7.2 16
      vertex 44.3 -16.5 16
    endloop
  endfacet
  facet normal 0 0 1
    outer loop
      vertex 43.8 -57.6 16
      vertex 46 -7.2 16
      vertex 43.8 -34.2 16
    endloop
  endfacet
  facet normal 0 0 1
    outer loop
      vertex 46 -7.2 16
      vertex 43.8 -57.6 16
      vertex 46 -114 16
    endloop
  endfacet
  facet normal 0 0 1
    outer loop
      vertex 42.5 -76 16
      vertex 43.8 -57.6 16
      vertex 42.5 -57.6 16
    endloop
  endfacet
  facet normal 0 0 1
    outer loop
      vertex 43.8 -57.6 16
      vertex 42.5 -76 16
      vertex 46 -114 16
    endloop
  endfacet
  facet normal -0 0 1
    outer loop
      vertex -16 -106 16
      vertex 46 -114 16
      vertex 42.5 -76 16
    endloop
  endfacet
  facet normal -0 0 1
    outer loop
      vertex -16 -112 16
      vertex 46 -114 16
      vertex -16 -106 16
    endloop
  endfacet
  facet normal 0 0 1
    outer loop
      vertex -22 -114 16
      vertex -16 -112 16
      vertex -22 -112 16
    endloop
  endfacet
  facet normal 0 0 1
    outer loop
      vertex -16 -112 16
      vertex -22 -114 16
      vertex 46 -114 16
    endloop
  endfacet
  facet normal 0 0 1
    outer loop
      vertex 44.3 -16.5 16
      vertex 33.2346 -24.1955 16
      vertex 43.8 -34.2 16
    endloop
  endfacet
  facet normal -0 0 1
    outer loop
      vertex 33.1888 -24.3863 16
      vertex 43.8 -34.2 16
      vertex 33.2346 -24.1955 16
    endloop
  endfacet
  facet normal -0 0 1
    outer loop
      vertex 33.1138 -24.5675 16
      vertex 43.8 -34.2 16
      vertex 33.1888 -24.3863 16
    endloop
  endfacet
  facet normal -0 0 1
    outer loop
      vertex 33.0113 -24.7347 16
      vertex 43.8 -34.2 16
      vertex 33.1138 -24.5675 16
    endloop
  endfacet
  facet normal -0 0 1
    outer loop
      vertex 32.8839 -24.8839 16
      vertex 43.8 -34.2 16
      vertex 33.0113 -24.7347 16
    endloop
  endfacet
  facet normal -0 0 1
    outer loop
      vertex 32.7347 -25.0113 16
      vertex 43.8 -34.2 16
      vertex 32.8839 -24.8839 16
    endloop
  endfacet
  facet normal -0 0 1
    outer loop
      vertex 32.5675 -25.1138 16
      vertex 43.8 -34.2 16
      vertex 32.7347 -25.0113 16
    endloop
  endfacet
  facet normal 0 0 1
    outer loop
      vertex 28.2 -34.2 16
      vertex 32.5675 -25.1138 16
      vertex 32.3863 -25.1888 16
    endloop
  endfacet
  facet normal 0 0 1
    outer loop
      vertex 28.2 -29.5 16
      vertex 32.3863 -25.1888 16
      vertex 32.1955 -25.2346 16
    endloop
  endfacet
  facet normal 0 0 1
    outer loop
      vertex 28.2 -29.5 16
      vertex 32.1955 -25.2346 16
      vertex 32 -25.25 16
    endloop
  endfacet
  facet normal 0 0 1
    outer loop
      vertex 28.2 -29.5 16
      vertex 32 -25.25 16
      vertex 31.8045 -25.2346 16
    endloop
  endfacet
  facet normal 0 0 1
    outer loop
      vertex 28.2 -29.5 16
      vertex 31.8045 -25.2346 16
      vertex 31.6137 -25.1888 16
    endloop
  endfacet
  facet normal 0 0 1
    outer loop
      vertex 28.2 -29.5 16
      vertex 31.6137 -25.1888 16
      vertex 31.4325 -25.1138 16
    endloop
  endfacet
  facet normal 0 0 1
    outer loop
      vertex 28.2 -29.5 16
      vertex 31.4325 -25.1138 16
      vertex 31.2653 -25.0113 16
    endloop
  endfacet
  facet normal 0 0 1
    outer loop
      vertex 28.2 -29.5 16
      vertex 30.7654 -24.1955 16
      vertex 30.75 -24 16
    endloop
  endfacet
  facet normal 0 0 1
    outer loop
      vertex 28.2 -29.5 16
      vertex 30.8112 -24.3863 16
      vertex 30.7654 -24.1955 16
    endloop
  endfacet
  facet normal 0 0 1
    outer loop
      vertex 28.2 -29.5 16
      vertex 30.8862 -24.5675 16
      vertex 30.8112 -24.3863 16
    endloop
  endfacet
  facet normal 0 0 1
    outer loop
      vertex 28.2 -29.5 16
      vertex 30.9887 -24.7347 16
      vertex 30.8862 -24.5675 16
    endloop
  endfacet
  facet normal 0 0 1
    outer loop
      vertex 28.2 -29.5 16
      vertex 31.1161 -24.8839 16
      vertex 30.9887 -24.7347 16
    endloop
  endfacet
  facet normal 0 0 1
    outer loop
      vertex 28.2 -29.5 16
      vertex 31.2653 -25.0113 16
      vertex 31.1161 -24.8839 16
    endloop
  endfacet
  facet normal 0 0 1
    outer loop
      vertex 32.3863 -25.1888 16
      vertex 28.2 -29.5 16
      vertex 28.2 -34.2 16
    endloop
  endfacet
  facet normal 0 0 1
    outer loop
      vertex 32.5675 -25.1138 16
      vertex 28.2 -34.2 16
      vertex 43.8 -34.2 16
    endloop
  endfacet
  facet normal 0 0 1
    outer loop
      vertex -16 -106 16
      vertex -22 -84.5 16
      vertex -22 -106 16
    endloop
  endfacet
  facet normal 0 0 1
    outer loop
      vertex -24.7 -7.2 16
      vertex -27.7 -16.5 16
      vertex -20.3 -16.5 16
    endloop
  endfacet
  facet normal 0 0 1
    outer loop
      vertex -30.7654 -23.8045 16
      vertex -20.3 -16.5 16
      vertex -27.7 -16.5 16
    endloop
  endfacet
  facet normal 0 0 1
    outer loop
      vertex -20.3 -16.5 16
      vertex -30.7654 -23.8045 16
      vertex -25.1 -29.5 16
    endloop
  endfacet
  facet normal -0 0 1
    outer loop
      vertex -30.8112 -24.3863 16
      vertex -25.1 -29.5 16
      vertex -30.7654 -24.1955 16
    endloop
  endfacet
  facet normal -0 0 1
    outer loop
      vertex -30.7654 -24.1955 16
      vertex -25.1 -29.5 16
      vertex -30.75 -24 16
    endloop
  endfacet
  facet normal 0 0 1
    outer loop
      vertex -25.1 -29.5 16
      vertex -30.7654 -23.8045 16
      vertex -30.75 -24 16
    endloop
  endfacet
  facet normal 0 0 1
    outer loop
      vertex -27.7 -16.5 16
      vertex -30.8112 -23.6137 16
      vertex -30.7654 -23.8045 16
    endloop
  endfacet
  facet normal 0 0 1
    outer loop
      vertex -27.7 -16.5 16
      vertex -30.8862 -23.4325 16
      vertex -30.8112 -23.6137 16
    endloop
  endfacet
  facet normal 0 0 1
    outer loop
      vertex -27.7 -16.5 16
      vertex -30.9887 -23.2653 16
      vertex -30.8862 -23.4325 16
    endloop
  endfacet
  facet normal 0 0 1
    outer loop
      vertex -27.7 -16.5 16
      vertex -31.1161 -23.1161 16
      vertex -30.9887 -23.2653 16
    endloop
  endfacet
  facet normal 0 0 1
    outer loop
      vertex -27.7 -16.5 16
      vertex -31.2653 -22.9887 16
      vertex -31.1161 -23.1161 16
    endloop
  endfacet
  facet normal 0 0 1
    outer loop
      vertex -27.7 -16.5 16
      vertex -31.4325 -22.8862 16
      vertex -31.2653 -22.9887 16
    endloop
  endfacet
  facet normal 0 0 1
    outer loop
      vertex -27.7 -16.5 16
      vertex -31.6137 -22.8112 16
      vertex -31.4325 -22.8862 16
    endloop
  endfacet
  facet normal 0 0 1
    outer loop
      vertex -27.7 -16.5 16
      vertex -31.8045 -22.7654 16
      vertex -31.6137 -22.8112 16
    endloop
  endfacet
  facet normal 0 0 1
    outer loop
      vertex -27.7 -16.5 16
      vertex -32 -22.75 16
      vertex -31.8045 -22.7654 16
    endloop
  endfacet
  facet normal 0 0 1
    outer loop
      vertex -27.7 -16.5 16
      vertex -32.1955 -22.7654 16
      vertex -32 -22.75 16
    endloop
  endfacet
  facet normal 0 0 1
    outer loop
      vertex -27.7 -16.5 16
      vertex -32.3863 -22.8112 16
      vertex -32.1955 -22.7654 16
    endloop
  endfacet
  facet normal 0 0 1
    outer loop
      vertex -27.7 -16.5 16
      vertex -32.5675 -22.8862 16
      vertex -32.3863 -22.8112 16
    endloop
  endfacet
  facet normal -0 0 1
    outer loop
      vertex -46 -16.5 16
      vertex -32.5675 -22.8862 16
      vertex -27.7 -16.5 16
    endloop
  endfacet
  facet normal 0 0 1
    outer loop
      vertex -32.5675 -22.8862 16
      vertex -46 -16.5 16
      vertex -32.7347 -22.9887 16
    endloop
  endfacet
  facet normal 0 0 1
    outer loop
      vertex -32.7347 -22.9887 16
      vertex -46 -16.5 16
      vertex -32.8839 -23.1161 16
    endloop
  endfacet
  facet normal 0 0 1
    outer loop
      vertex -46 -16.5 16
      vertex -33.25 -24 16
      vertex -33.2346 -23.8045 16
    endloop
  endfacet
  facet normal 0 0 1
    outer loop
      vertex -46 -16.5 16
      vertex -33.2346 -23.8045 16
      vertex -33.1888 -23.6137 16
    endloop
  endfacet
  facet normal 0 0 1
    outer loop
      vertex -46 -16.5 16
      vertex -33.1888 -23.6137 16
      vertex -33.1138 -23.4325 16
    endloop
  endfacet
  facet normal 0 0 1
    outer loop
      vertex -46 -16.5 16
      vertex -33.1138 -23.4325 16
      vertex -33.0113 -23.2653 16
    endloop
  endfacet
  facet normal 0 0 1
    outer loop
      vertex -32.8839 -23.1161 16
      vertex -46 -16.5 16
      vertex -33.0113 -23.2653 16
    endloop
  endfacet
  facet normal 0 0 1
    outer loop
      vertex -46 -69.5 16
      vertex -43.8 -34.2 16
      vertex -46 -16.5 16
    endloop
  endfacet
  facet normal 0 0 1
    outer loop
      vertex -33.25 -24 16
      vertex -46 -16.5 16
      vertex -43.8 -34.2 16
    endloop
  endfacet
  facet normal -0 0 1
    outer loop
      vertex -24.7 -7.2 16
      vertex -20.3 -16.5 16
      vertex -20.3 1 16
    endloop
  endfacet
  facet normal 0 0 1
    outer loop
      vertex -24.7 -7.2 16
      vertex -20.3 1 16
      vertex -24.7 1 16
    endloop
  endfacet
  facet normal 0 0 1
    outer loop
      vertex -27.7 -16.5 16
      vertex -24.7 -7.2 16
      vertex -27.7 -7.2 16
    endloop
  endfacet
  facet normal 0 0 1
    outer loop
      vertex -20.3 -16.5 16
      vertex -25.1 -29.5 16
      vertex -21 -25.3 16
    endloop
  endfacet
  facet normal 0 0 1
    outer loop
      vertex -21 -25.3 16
      vertex -25.1 -29.5 16
      vertex -21 -34.2 16
    endloop
  endfacet
  facet normal 0 0 1
    outer loop
      vertex -21 -34.2 16
      vertex -25.1 -29.5 16
      vertex -25.1 -34.2 16
    endloop
  endfacet
  facet normal -0 0 1
    outer loop
      vertex -20.3 -16.5 16
      vertex -14.7 -25.3 16
      vertex -14.7 -16.5 16
    endloop
  endfacet
  facet normal 0 0 1
    outer loop
      vertex -14.7 -25.3 16
      vertex -20.3 -16.5 16
      vertex -21 -25.3 16
    endloop
  endfacet
  facet normal 0 0 1
    outer loop
      vertex -25.1 -29.5 16
      vertex -30.8112 -24.3863 16
      vertex -28.2 -29.5 16
    endloop
  endfacet
  facet normal -0 0 1
    outer loop
      vertex -30.8862 -24.5675 16
      vertex -28.2 -29.5 16
      vertex -30.8112 -24.3863 16
    endloop
  endfacet
  facet normal -0 0 1
    outer loop
      vertex -30.9887 -24.7347 16
      vertex -28.2 -29.5 16
      vertex -30.8862 -24.5675 16
    endloop
  endfacet
  facet normal -0 0 1
    outer loop
      vertex -31.1161 -24.8839 16
      vertex -28.2 -29.5 16
      vertex -30.9887 -24.7347 16
    endloop
  endfacet
  facet normal -0 0 1
    outer loop
      vertex -31.2653 -25.0113 16
      vertex -28.2 -29.5 16
      vertex -31.1161 -24.8839 16
    endloop
  endfacet
  facet normal -0 0 1
    outer loop
      vertex -31.4325 -25.1138 16
      vertex -28.2 -29.5 16
      vertex -31.2653 -25.0113 16
    endloop
  endfacet
  facet normal -0 0 1
    outer loop
      vertex -31.6137 -25.1888 16
      vertex -28.2 -29.5 16
      vertex -31.4325 -25.1138 16
    endloop
  endfacet
  facet normal -0 0 1
    outer loop
      vertex -31.8045 -25.2346 16
      vertex -28.2 -29.5 16
      vertex -31.6137 -25.1888 16
    endloop
  endfacet
  facet normal -0 0 1
    outer loop
      vertex -32 -25.25 16
      vertex -28.2 -29.5 16
      vertex -31.8045 -25.2346 16
    endloop
  endfacet
  facet normal 0 0 1
    outer loop
      vertex -32.1955 -25.2346 16
      vertex -28.2 -29.5 16
      vertex -32 -25.25 16
    endloop
  endfacet
  facet normal 0 0 1
    outer loop
      vertex -32.3863 -25.1888 16
      vertex -28.2 -29.5 16
      vertex -32.1955 -25.2346 16
    endloop
  endfacet
  facet normal 0 0 1
    outer loop
      vertex -28.2 -29.5 16
      vertex -32.3863 -25.1888 16
      vertex -28.2 -34.2 16
    endloop
  endfacet
  facet normal 0 0 1
    outer loop
      vertex -32.5675 -25.1138 16
      vertex -28.2 -34.2 16
      vertex -32.3863 -25.1888 16
    endloop
  endfacet
  facet normal 0 0 1
    outer loop
      vertex -43.8 -34.2 16
      vertex -32.5675 -25.1138 16
      vertex -32.7347 -25.0113 16
    endloop
  endfacet
  facet normal 0 0 1
    outer loop
      vertex -43.8 -34.2 16
      vertex -32.7347 -25.0113 16
      vertex -32.8839 -24.8839 16
    endloop
  endfacet
  facet normal 0 0 1
    outer loop
      vertex -43.8 -34.2 16
      vertex -32.8839 -24.8839 16
      vertex -33.0113 -24.7347 16
    endloop
  endfacet
  facet normal 0 0 1
    outer loop
      vertex -43.8 -34.2 16
      vertex -33.0113 -24.7347 16
      vertex -33.1138 -24.5675 16
    endloop
  endfacet
  facet normal 0 0 1
    outer loop
      vertex -32.5675 -25.1138 16
      vertex -43.8 -34.2 16
      vertex -28.2 -34.2 16
    endloop
  endfacet
  facet normal 0 0 1
    outer loop
      vertex -33.1888 -24.3863 16
      vertex -43.8 -34.2 16
      vertex -33.1138 -24.5675 16
    endloop
  endfacet
  facet normal 0 0 1
    outer loop
      vertex -33.2346 -24.1955 16
      vertex -43.8 -34.2 16
      vertex -33.1888 -24.3863 16
    endloop
  endfacet
  facet normal 0 0 1
    outer loop
      vertex -43.8 -34.2 16
      vertex -33.2346 -24.1955 16
      vertex -33.25 -24 16
    endloop
  endfacet
  facet normal -0 0 1
    outer loop
      vertex -43.8 -57.6 16
      vertex -42.5 -69.5 16
      vertex -42.5 -57.6 16
    endloop
  endfacet
  facet normal 0 0 1
    outer loop
      vertex -43.8 -57.6 16
      vertex -46 -69.5 16
      vertex -42.5 -69.5 16
    endloop
  endfacet
  facet normal 0 0 1
    outer loop
      vertex -43.8 -34.2 16
      vertex -46 -69.5 16
      vertex -43.8 -57.6 16
    endloop
  endfacet
  facet normal -0 0 1
    outer loop
      vertex -36.5 -57.6 16
      vertex -28.2 -62.3 16
      vertex -28.2 -57.6 16
    endloop
  endfacet
  facet normal 0 0 1
    outer loop
      vertex -28.2 -62.3 16
      vertex -30.7654 -65.8045 16
      vertex -30.75 -66 16
    endloop
  endfacet
  facet normal 0 0 1
    outer loop
      vertex -28.2 -62.3 16
      vertex -30.8112 -65.6137 16
      vertex -30.7654 -65.8045 16
    endloop
  endfacet
  facet normal 0 0 1
    outer loop
      vertex -28.2 -62.3 16
      vertex -30.8862 -65.4325 16
      vertex -30.8112 -65.6137 16
    endloop
  endfacet
  facet normal 0 0 1
    outer loop
      vertex -28.2 -62.3 16
      vertex -30.9887 -65.2653 16
      vertex -30.8862 -65.4325 16
    endloop
  endfacet
  facet normal 0 0 1
    outer loop
      vertex -28.2 -62.3 16
      vertex -31.1161 -65.1161 16
      vertex -30.9887 -65.2653 16
    endloop
  endfacet
  facet normal 0 0 1
    outer loop
      vertex -28.2 -62.3 16
      vertex -31.2653 -64.9887 16
      vertex -31.1161 -65.1161 16
    endloop
  endfacet
  facet normal 0 0 1
    outer loop
      vertex -28.2 -62.3 16
      vertex -31.4325 -64.8862 16
      vertex -31.2653 -64.9887 16
    endloop
  endfacet
  facet normal 0 0 1
    outer loop
      vertex -28.2 -62.3 16
      vertex -31.6137 -64.8112 16
      vertex -31.4325 -64.8862 16
    endloop
  endfacet
  facet normal 0 0 1
    outer loop
      vertex -28.2 -62.3 16
      vertex -31.8045 -64.7654 16
      vertex -31.6137 -64.8112 16
    endloop
  endfacet
  facet normal 0 0 1
    outer loop
      vertex -28.2 -62.3 16
      vertex -32 -64.75 16
      vertex -31.8045 -64.7654 16
    endloop
  endfacet
  facet normal 0 0 1
    outer loop
      vertex -28.2 -62.3 16
      vertex -36.5 -57.6 16
      vertex -32 -64.75 16
    endloop
  endfacet
  facet normal 0 0 1
    outer loop
      vertex -32 -64.75 16
      vertex -36.5 -57.6 16
      vertex -32.1955 -64.7654 16
    endloop
  endfacet
  facet normal 0 0 1
    outer loop
      vertex -32.1955 -64.7654 16
      vertex -36.5 -57.6 16
      vertex -32.3863 -64.8112 16
    endloop
  endfacet
  facet normal 0 0 1
    outer loop
      vertex -32.3863 -64.8112 16
      vertex -36.5 -57.6 16
      vertex -32.5675 -64.8862 16
    endloop
  endfacet
  facet normal 0 0 1
    outer loop
      vertex -32.5675 -64.8862 16
      vertex -36.5 -57.6 16
      vertex -32.7347 -64.9887 16
    endloop
  endfacet
  facet normal 0 0 1
    outer loop
      vertex -32.7347 -64.9887 16
      vertex -36.5 -57.6 16
      vertex -32.8839 -65.1161 16
    endloop
  endfacet
  facet normal 0 0 1
    outer loop
      vertex -33.1888 -65.6137 16
      vertex -36.5 -70 16
      vertex -33.2346 -65.8045 16
    endloop
  endfacet
  facet normal 0 0 1
    outer loop
      vertex -36.5 -70 16
      vertex -33.1888 -65.6137 16
      vertex -36.5 -57.6 16
    endloop
  endfacet
  facet normal 0 0 1
    outer loop
      vertex -33.1138 -65.4325 16
      vertex -36.5 -57.6 16
      vertex -33.1888 -65.6137 16
    endloop
  endfacet
  facet normal 0 0 1
    outer loop
      vertex -33.0113 -65.2653 16
      vertex -36.5 -57.6 16
      vertex -33.1138 -65.4325 16
    endloop
  endfacet
  facet normal 0 0 1
    outer loop
      vertex -32.8839 -65.1161 16
      vertex -36.5 -57.6 16
      vertex -33.0113 -65.2653 16
    endloop
  endfacet
  facet normal 0 0 1
    outer loop
      vertex -0.7 -7.2 16
      vertex 3.7 1 16
      vertex -0.7 1 16
    endloop
  endfacet
  facet normal 0 0 1
    outer loop
      vertex 9.3 -16.5 16
      vertex 3.7 -16.5 16
      vertex 9.3 -54.7 16
    endloop
  endfacet
  facet normal 0 0 1
    outer loop
      vertex 20.7 -54.7 16
      vertex 9.3 -54.7 16
      vertex 20.7 -57.6 16
    endloop
  endfacet
  facet normal 0 0 1
    outer loop
      vertex 25.1 -57.6 16
      vertex 20.7 -57.6 16
      vertex 25.1 -62.3 16
    endloop
  endfacet
  facet normal -0 0 1
    outer loop
      vertex 33.1888 -65.6137 16
      vertex 36.5 -70 16
      vertex 36.5 -57.6 16
    endloop
  endfacet
  facet normal 0 0 1
    outer loop
      vertex 36.5 -70 16
      vertex 33.2346 -65.8045 16
      vertex 33.25 -66 16
    endloop
  endfacet
  facet normal 0 0 1
    outer loop
      vertex 36.5 -70 16
      vertex 33.1888 -65.6137 16
      vertex 33.2346 -65.8045 16
    endloop
  endfacet
  facet normal 0 0 1
    outer loop
      vertex 36.5 -57.6 16
      vertex 33.1138 -65.4325 16
      vertex 33.1888 -65.6137 16
    endloop
  endfacet
  facet normal 0 0 1
    outer loop
      vertex 36.5 -57.6 16
      vertex 33.0113 -65.2653 16
      vertex 33.1138 -65.4325 16
    endloop
  endfacet
  facet normal 0 0 1
    outer loop
      vertex 36.5 -57.6 16
      vertex 32.8839 -65.1161 16
      vertex 33.0113 -65.2653 16
    endloop
  endfacet
  facet normal 0 0 1
    outer loop
      vertex 36.5 -57.6 16
      vertex 32.7347 -64.9887 16
      vertex 32.8839 -65.1161 16
    endloop
  endfacet
  facet normal 0 0 1
    outer loop
      vertex 36.5 -57.6 16
      vertex 32.5675 -64.8862 16
      vertex 32.7347 -64.9887 16
    endloop
  endfacet
  facet normal 0 0 1
    outer loop
      vertex 36.5 -57.6 16
      vertex 32.3863 -64.8112 16
      vertex 32.5675 -64.8862 16
    endloop
  endfacet
  facet normal 0 0 1
    outer loop
      vertex 36.5 -57.6 16
      vertex 32.1955 -64.7654 16
      vertex 32.3863 -64.8112 16
    endloop
  endfacet
  facet normal 0 0 1
    outer loop
      vertex 36.5 -57.6 16
      vertex 32 -64.75 16
      vertex 32.1955 -64.7654 16
    endloop
  endfacet
  facet normal -0 0 1
    outer loop
      vertex 28.2 -62.3 16
      vertex 32 -64.75 16
      vertex 36.5 -57.6 16
    endloop
  endfacet
  facet normal 0 0 1
    outer loop
      vertex 32 -64.75 16
      vertex 28.2 -62.3 16
      vertex 31.8045 -64.7654 16
    endloop
  endfacet
  facet normal 0 0 1
    outer loop
      vertex 31.8045 -64.7654 16
      vertex 28.2 -62.3 16
      vertex 31.6137 -64.8112 16
    endloop
  endfacet
  facet normal 0 0 1
    outer loop
      vertex 31.6137 -64.8112 16
      vertex 28.2 -62.3 16
      vertex 31.4325 -64.8862 16
    endloop
  endfacet
  facet normal 0 0 1
    outer loop
      vertex 31.4325 -64.8862 16
      vertex 28.2 -62.3 16
      vertex 31.2653 -64.9887 16
    endloop
  endfacet
  facet normal 0 0 1
    outer loop
      vertex 31.2653 -64.9887 16
      vertex 28.2 -62.3 16
      vertex 31.1161 -65.1161 16
    endloop
  endfacet
  facet normal 0 0 1
    outer loop
      vertex 30.8112 -65.6137 16
      vertex 28.2 -62.3 16
      vertex 30.7654 -65.8045 16
    endloop
  endfacet
  facet normal 0 0 1
    outer loop
      vertex 30.8862 -65.4325 16
      vertex 28.2 -62.3 16
      vertex 30.8112 -65.6137 16
    endloop
  endfacet
  facet normal 0 0 1
    outer loop
      vertex 30.9887 -65.2653 16
      vertex 28.2 -62.3 16
      vertex 30.8862 -65.4325 16
    endloop
  endfacet
  facet normal 0 0 1
    outer loop
      vertex 31.1161 -65.1161 16
      vertex 28.2 -62.3 16
      vertex 30.9887 -65.2653 16
    endloop
  endfacet
  facet normal 0 0 1
    outer loop
      vertex 28.2 -62.3 16
      vertex 36.5 -57.6 16
      vertex 28.2 -57.6 16
    endloop
  endfacet
  facet normal -0 0 1
    outer loop
      vertex 33.2346 -66.1955 16
      vertex 36.5 -70 16
      vertex 33.25 -66 16
    endloop
  endfacet
  facet normal -0 0 1
    outer loop
      vertex 33.1888 -66.3863 16
      vertex 36.5 -70 16
      vertex 33.2346 -66.1955 16
    endloop
  endfacet
  facet normal -0 0 1
    outer loop
      vertex 33.1138 -66.5675 16
      vertex 36.5 -70 16
      vertex 33.1888 -66.3863 16
    endloop
  endfacet
  facet normal -0 0 1
    outer loop
      vertex 33.0113 -66.7347 16
      vertex 36.5 -70 16
      vertex 33.1138 -66.5675 16
    endloop
  endfacet
  facet normal -0 0 1
    outer loop
      vertex 32.8839 -66.8839 16
      vertex 36.5 -70 16
      vertex 33.0113 -66.7347 16
    endloop
  endfacet
  facet normal -0 0 1
    outer loop
      vertex 32.7347 -67.0113 16
      vertex 36.5 -70 16
      vertex 32.8839 -66.8839 16
    endloop
  endfacet
  facet normal -0 0 1
    outer loop
      vertex 32.5675 -67.1138 16
      vertex 36.5 -70 16
      vertex 32.7347 -67.0113 16
    endloop
  endfacet
  facet normal -0 0 1
    outer loop
      vertex 32.3863 -67.1888 16
      vertex 36.5 -70 16
      vertex 32.5675 -67.1138 16
    endloop
  endfacet
  facet normal -0 0 1
    outer loop
      vertex 32.1955 -67.2346 16
      vertex 36.5 -70 16
      vertex 32.3863 -67.1888 16
    endloop
  endfacet
  facet normal -0 0 1
    outer loop
      vertex 32 -67.25 16
      vertex 36.5 -70 16
      vertex 32.1955 -67.2346 16
    endloop
  endfacet
  facet normal 0 0 1
    outer loop
      vertex 31.8045 -67.2346 16
      vertex 36.5 -70 16
      vertex 32 -67.25 16
    endloop
  endfacet
  facet normal 0 0 1
    outer loop
      vertex 31.6137 -67.1888 16
      vertex 36.5 -70 16
      vertex 31.8045 -67.2346 16
    endloop
  endfacet
  facet normal 0 0 1
    outer loop
      vertex 31.4325 -67.1138 16
      vertex 36.5 -70 16
      vertex 31.6137 -67.1888 16
    endloop
  endfacet
  facet normal 0 0 1
    outer loop
      vertex 30.7654 -65.8045 16
      vertex 28.2 -62.3 16
      vertex 30.75 -66 16
    endloop
  endfacet
  facet normal -0 0 1
    outer loop
      vertex 25.1 -62.3 16
      vertex 30.75 -66 16
      vertex 28.2 -62.3 16
    endloop
  endfacet
  facet normal 0 0 1
    outer loop
      vertex 30.75 -66 16
      vertex 25.1 -62.3 16
      vertex 30.7654 -66.1955 16
    endloop
  endfacet
  facet normal 0 0 1
    outer loop
      vertex 30.7654 -66.1955 16
      vertex 25.1 -62.3 16
      vertex 30.8112 -66.3863 16
    endloop
  endfacet
  facet normal 0 0 1
    outer loop
      vertex 30.8112 -66.3863 16
      vertex 25.1 -62.3 16
      vertex 30.8862 -66.5675 16
    endloop
  endfacet
  facet normal 0 0 1
    outer loop
      vertex 30.8862 -66.5675 16
      vertex 25.1 -62.3 16
      vertex 30.9887 -66.7347 16
    endloop
  endfacet
  facet normal 0 0 1
    outer loop
      vertex 25.1 -62.3 16
      vertex 31.1161 -66.8839 16
      vertex 30.9887 -66.7347 16
    endloop
  endfacet
  facet normal -0 0 1
    outer loop
      vertex -25.1 -62.3 16
      vertex 31.1161 -66.8839 16
      vertex 25.1 -62.3 16
    endloop
  endfacet
  facet normal 0 0 1
    outer loop
      vertex 9.3 -54.7 16
      vertex 25.1 -62.3 16
      vertex 20.7 -57.6 16
    endloop
  endfacet
  facet normal 0 0 1
    outer loop
      vertex -25.1 -62.3 16
      vertex 25.1 -62.3 16
      vertex 9.3 -54.7 16
    endloop
  endfacet
  facet normal 0 0 1
    outer loop
      vertex -31.1161 -66.8839 16
      vertex 31.1161 -66.8839 16
      vertex -25.1 -62.3 16
    endloop
  endfacet
  facet normal 0 0 1
    outer loop
      vertex 31.1161 -66.8839 16
      vertex -31.1161 -66.8839 16
      vertex 31.2653 -67.0113 16
    endloop
  endfacet
  facet normal 0 0 1
    outer loop
      vertex 3.7 1 16
      vertex -0.7 -7.2 16
      vertex 3.7 -16.5 16
    endloop
  endfacet
  facet normal 0 0 1
    outer loop
      vertex -3.7 -16.5 16
      vertex 3.7 -16.5 16
      vertex -0.7 -7.2 16
    endloop
  endfacet
  facet normal 0 0 1
    outer loop
      vertex -3.7 -16.5 16
      vertex -0.7 -7.2 16
      vertex -3.7 -7.2 16
    endloop
  endfacet
  facet normal 0 0 1
    outer loop
      vertex 3.7 -16.5 16
      vertex -3.7 -16.5 16
      vertex 9.3 -54.7 16
    endloop
  endfacet
  facet normal 0 0 1
    outer loop
      vertex -9.3 -54.7 16
      vertex -3.7 -16.5 16
      vertex -9.3 -16.5 16
    endloop
  endfacet
  facet normal 0 0 1
    outer loop
      vertex -3.7 -16.5 16
      vertex -9.3 -54.7 16
      vertex 9.3 -54.7 16
    endloop
  endfacet
  facet normal 0 0 1
    outer loop
      vertex -25.1 -62.3 16
      vertex 9.3 -54.7 16
      vertex -9.3 -54.7 16
    endloop
  endfacet
  facet normal 0 0 1
    outer loop
      vertex -20.7 -57.6 16
      vertex -9.3 -54.7 16
      vertex -20.7 -54.7 16
    endloop
  endfacet
  facet normal 0 0 1
    outer loop
      vertex -25.1 -62.3 16
      vertex -9.3 -54.7 16
      vertex -20.7 -57.6 16
    endloop
  endfacet
  facet normal 0 0 1
    outer loop
      vertex -25.1 -62.3 16
      vertex -20.7 -57.6 16
      vertex -25.1 -57.6 16
    endloop
  endfacet
  facet normal 0 0 1
    outer loop
      vertex -31.2653 -67.0113 16
      vertex 31.2653 -67.0113 16
      vertex -31.1161 -66.8839 16
    endloop
  endfacet
  facet normal 0 0 1
    outer loop
      vertex -30.75 -66 16
      vertex -25.1 -62.3 16
      vertex -28.2 -62.3 16
    endloop
  endfacet
  facet normal 0 0 1
    outer loop
      vertex -25.1 -62.3 16
      vertex -30.75 -66 16
      vertex -30.7654 -66.1955 16
    endloop
  endfacet
  facet normal 0 0 1
    outer loop
      vertex -25.1 -62.3 16
      vertex -30.7654 -66.1955 16
      vertex -30.8112 -66.3863 16
    endloop
  endfacet
  facet normal 0 0 1
    outer loop
      vertex -25.1 -62.3 16
      vertex -30.8112 -66.3863 16
      vertex -30.8862 -66.5675 16
    endloop
  endfacet
  facet normal 0 0 1
    outer loop
      vertex -30.9887 -66.7347 16
      vertex -25.1 -62.3 16
      vertex -30.8862 -66.5675 16
    endloop
  endfacet
  facet normal 0 0 1
    outer loop
      vertex -31.1161 -66.8839 16
      vertex -25.1 -62.3 16
      vertex -30.9887 -66.7347 16
    endloop
  endfacet
  facet normal 0 0 1
    outer loop
      vertex 31.2653 -67.0113 16
      vertex -31.2653 -67.0113 16
      vertex 31.4325 -67.1138 16
    endloop
  endfacet
  facet normal 0 0 1
    outer loop
      vertex -31.4325 -67.1138 16
      vertex 31.4325 -67.1138 16
      vertex -31.2653 -67.0113 16
    endloop
  endfacet
  facet normal 0 0 1
    outer loop
      vertex 31.4325 -67.1138 16
      vertex -31.4325 -67.1138 16
      vertex 36.5 -70 16
    endloop
  endfacet
  facet normal 0 0 1
    outer loop
      vertex -36.5 -70 16
      vertex -31.4325 -67.1138 16
      vertex -31.6137 -67.1888 16
    endloop
  endfacet
  facet normal 0 0 1
    outer loop
      vertex -36.5 -70 16
      vertex -31.6137 -67.1888 16
      vertex -31.8045 -67.2346 16
    endloop
  endfacet
  facet normal 0 0 1
    outer loop
      vertex -36.5 -70 16
      vertex -31.8045 -67.2346 16
      vertex -32 -67.25 16
    endloop
  endfacet
  facet normal 0 0 1
    outer loop
      vertex -33.2346 -65.8045 16
      vertex -36.5 -70 16
      vertex -33.25 -66 16
    endloop
  endfacet
  facet normal 0 0 1
    outer loop
      vertex -33.25 -66 16
      vertex -36.5 -70 16
      vertex -33.2346 -66.1955 16
    endloop
  endfacet
  facet normal 0 0 1
    outer loop
      vertex -31.4325 -67.1138 16
      vertex -36.5 -70 16
      vertex 36.5 -70 16
    endloop
  endfacet
  facet normal 0 0 1
    outer loop
      vertex -32.1955 -67.2346 16
      vertex -36.5 -70 16
      vertex -32 -67.25 16
    endloop
  endfacet
  facet normal 0 0 1
    outer loop
      vertex -32.3863 -67.1888 16
      vertex -36.5 -70 16
      vertex -32.1955 -67.2346 16
    endloop
  endfacet
  facet normal 0 0 1
    outer loop
      vertex -32.5675 -67.1138 16
      vertex -36.5 -70 16
      vertex -32.3863 -67.1888 16
    endloop
  endfacet
  facet normal 0 0 1
    outer loop
      vertex -32.7347 -67.0113 16
      vertex -36.5 -70 16
      vertex -32.5675 -67.1138 16
    endloop
  endfacet
  facet normal 0 0 1
    outer loop
      vertex -32.8839 -66.8839 16
      vertex -36.5 -70 16
      vertex -32.7347 -67.0113 16
    endloop
  endfacet
  facet normal 0 0 1
    outer loop
      vertex -33.0113 -66.7347 16
      vertex -36.5 -70 16
      vertex -32.8839 -66.8839 16
    endloop
  endfacet
  facet normal 0 0 1
    outer loop
      vertex -33.1138 -66.5675 16
      vertex -36.5 -70 16
      vertex -33.0113 -66.7347 16
    endloop
  endfacet
  facet normal 0 0 1
    outer loop
      vertex -33.1888 -66.3863 16
      vertex -36.5 -70 16
      vertex -33.1138 -66.5675 16
    endloop
  endfacet
  facet normal 0 0 1
    outer loop
      vertex -33.2346 -66.1955 16
      vertex -36.5 -70 16
      vertex -33.1888 -66.3863 16
    endloop
  endfacet
  facet normal 1 0 0
    outer loop
      vertex -22 -84.5 31
      vertex -22 -106 25
      vertex -22 -84.5 16
    endloop
  endfacet
  facet normal 1 -0 0
    outer loop
      vertex -22 -114 31
      vertex -22 -106 25
      vertex -22 -84.5 31
    endloop
  endfacet
  facet normal 1 0 0
    outer loop
      vertex -22 -106 25
      vertex -22 -114 31
      vertex -22 -112 25
    endloop
  endfacet
  facet normal 1 0 0
    outer loop
      vertex -22 -114 16
      vertex -22 -112 25
      vertex -22 -114 31
    endloop
  endfacet
  facet normal 1 0 0
    outer loop
      vertex -22 -112 25
      vertex -22 -114 16
      vertex -22 -112 16
    endloop
  endfacet
  facet normal 1 0 0
    outer loop
      vertex -22 -84.5 16
      vertex -22 -106 25
      vertex -22 -106 16
    endloop
  endfacet
  facet normal 0 1 0
    outer loop
      vertex -61.8882 -84.5 18.1373
      vertex -62 -84.5 10
      vertex -62 -84.5 18.6029
    endloop
  endfacet
  facet normal 0 1 0
    outer loop
      vertex -61.1376 -84.5 16.3251
      vertex -62 -84.5 10
      vertex -61.8882 -84.5 18.1373
    endloop
  endfacet
  facet normal 0 1 0
    outer loop
      vertex -60.1127 -84.5 14.6527
      vertex -62 -84.5 10
      vertex -61.1376 -84.5 16.3251
    endloop
  endfacet
  facet normal 0 1 0
    outer loop
      vertex -58.8388 -84.5 13.1612
      vertex -62 -84.5 10
      vertex -60.1127 -84.5 14.6527
    endloop
  endfacet
  facet normal 0 1 0
    outer loop
      vertex -57.3473 -84.5 11.8873
      vertex -62 -84.5 10
      vertex -58.8388 -84.5 13.1612
    endloop
  endfacet
  facet normal 0 1 0
    outer loop
      vertex -55.6749 -84.5 10.8624
      vertex -62 -84.5 10
      vertex -57.3473 -84.5 11.8873
    endloop
  endfacet
  facet normal 0 1 0
    outer loop
      vertex -53.8627 -84.5 10.1118
      vertex -62 -84.5 10
      vertex -55.6749 -84.5 10.8624
    endloop
  endfacet
  facet normal 0 1 0
    outer loop
      vertex -62 -84.5 10
      vertex -53.8627 -84.5 10.1118
      vertex -53.3971 -84.5 10
    endloop
  endfacet
  facet normal 0 1 -0
    outer loop
      vertex -58.8388 -84.5 30.8388
      vertex -62 -84.5 31
      vertex -58.6501 -84.5 31
    endloop
  endfacet
  facet normal 0 1 -0
    outer loop
      vertex -60.1127 -84.5 29.3473
      vertex -62 -84.5 31
      vertex -58.8388 -84.5 30.8388
    endloop
  endfacet
  facet normal 0 1 -0
    outer loop
      vertex -61.1376 -84.5 27.6749
      vertex -62 -84.5 31
      vertex -60.1127 -84.5 29.3473
    endloop
  endfacet
  facet normal 0 1 -0
    outer loop
      vertex -61.8882 -84.5 25.8627
      vertex -62 -84.5 31
      vertex -61.1376 -84.5 27.6749
    endloop
  endfacet
  facet normal 0 1 0
    outer loop
      vertex -62 -84.5 31
      vertex -61.8882 -84.5 25.8627
      vertex -62 -84.5 25.3971
    endloop
  endfacet
  facet normal 0 1 0
    outer loop
      vertex -22 -84.5 31
      vertex -41.1612 -84.5 30.8388
      vertex -41.3499 -84.5 31
    endloop
  endfacet
  facet normal 0 1 0
    outer loop
      vertex -22 -84.5 31
      vertex -39.8873 -84.5 29.3473
      vertex -41.1612 -84.5 30.8388
    endloop
  endfacet
  facet normal 0 1 0
    outer loop
      vertex -22 -84.5 31
      vertex -38.8624 -84.5 27.6749
      vertex -39.8873 -84.5 29.3473
    endloop
  endfacet
  facet normal 0 1 0
    outer loop
      vertex -22 -84.5 31
      vertex -38.1118 -84.5 25.8627
      vertex -38.8624 -84.5 27.6749
    endloop
  endfacet
  facet normal 0 1 0
    outer loop
      vertex -22 -84.5 31
      vertex -37.6539 -84.5 23.9554
      vertex -38.1118 -84.5 25.8627
    endloop
  endfacet
  facet normal 0 1 0
    outer loop
      vertex -22 -84.5 31
      vertex -37.5 -84.5 22
      vertex -37.6539 -84.5 23.9554
    endloop
  endfacet
  facet normal 0 1 -0
    outer loop
      vertex -22 -84.5 16
      vertex -37.5 -84.5 22
      vertex -22 -84.5 31
    endloop
  endfacet
  facet normal 0 1 0
    outer loop
      vertex -37.5 -84.5 22
      vertex -22 -84.5 16
      vertex -37.6539 -84.5 20.0446
    endloop
  endfacet
  facet normal 0 1 0
    outer loop
      vertex -37.6539 -84.5 20.0446
      vertex -22 -84.5 16
      vertex -38.1118 -84.5 18.1373
    endloop
  endfacet
  facet normal 0 1 0
    outer loop
      vertex -38.1118 -84.5 18.1373
      vertex -22 -84.5 16
      vertex -38.8624 -84.5 16.3251
    endloop
  endfacet
  facet normal 0 1 0
    outer loop
      vertex -38.8624 -84.5 16.3251
      vertex -22 -84.5 16
      vertex -39.0616 -84.5 16
    endloop
  endfacet
  facet normal 0 1 -0
    outer loop
      vertex -46 -84.5 10
      vertex -46.1373 -84.5 10.1118
      vertex -46 -84.5 10.1687
    endloop
  endfacet
  facet normal 0 1 0
    outer loop
      vertex -46.1373 -84.5 10.1118
      vertex -46 -84.5 10
      vertex -46.6029 -84.5 10
    endloop
  endfacet
  facet normal -1 0 0
    outer loop
      vertex -62 -84.5 10
      vertex -62 -86 18.6029
      vertex -62 -84.5 18.6029
    endloop
  endfacet
  facet normal -1 0 0
    outer loop
      vertex -62 -114 31
      vertex -62 -86 18.6029
      vertex -62 -114 10
    endloop
  endfacet
  facet normal -1 0 0
    outer loop
      vertex -62 -114 10
      vertex -62 -86 18.6029
      vertex -62 -84.5 10
    endloop
  endfacet
  facet normal -1 0 0
    outer loop
      vertex -62 -86 25.3971
      vertex -62 -84.5 31
      vertex -62 -84.5 25.3971
    endloop
  endfacet
  facet normal -1 0 0
    outer loop
      vertex -62 -86 18.6029
      vertex -62 -114 31
      vertex -62 -86 25.3971
    endloop
  endfacet
  facet normal -1 0 0
    outer loop
      vertex -62 -86 25.3971
      vertex -62 -114 31
      vertex -62 -84.5 31
    endloop
  endfacet
  facet normal 0 0 -1
    outer loop
      vertex -46 -114 10
      vertex -46.6029 -86 10
      vertex -46 -84.5 10
    endloop
  endfacet
  facet normal 0 0 -1
    outer loop
      vertex -46 -114 10
      vertex -53.3971 -86 10
      vertex -46.6029 -86 10
    endloop
  endfacet
  facet normal 0 0 -1
    outer loop
      vertex -62 -114 10
      vertex -53.3971 -86 10
      vertex -46 -114 10
    endloop
  endfacet
  facet normal 0 0 -1
    outer loop
      vertex -62 -84.5 10
      vertex -53.3971 -86 10
      vertex -62 -114 10
    endloop
  endfacet
  facet normal 0 0 -1
    outer loop
      vertex -53.3971 -86 10
      vertex -62 -84.5 10
      vertex -53.3971 -84.5 10
    endloop
  endfacet
  facet normal -0 0 -1
    outer loop
      vertex -46 -84.5 10
      vertex -46.6029 -86 10
      vertex -46.6029 -84.5 10
    endloop
  endfacet
  facet normal -0 0 1
    outer loop
      vertex -62 -84.5 31
      vertex -58.6501 -86 31
      vertex -58.6501 -84.5 31
    endloop
  endfacet
  facet normal 0 0 1
    outer loop
      vertex -60.7346 -99.8045 31
      vertex -60.5 -96.7 31
      vertex -60.5 -93.6 31
    endloop
  endfacet
  facet normal 0 0 1
    outer loop
      vertex -60.5 -96.7 31
      vertex -60.6138 -99.4325 31
      vertex -60.5113 -99.2653 31
    endloop
  endfacet
  facet normal 0 0 1
    outer loop
      vertex -60.5 -96.7 31
      vertex -60.6888 -99.6137 31
      vertex -60.6138 -99.4325 31
    endloop
  endfacet
  facet normal 0 0 1
    outer loop
      vertex -60.5 -96.7 31
      vertex -60.7346 -99.8045 31
      vertex -60.6888 -99.6137 31
    endloop
  endfacet
  facet normal 0 0 1
    outer loop
      vertex -62 -84.5 31
      vertex -60.7346 -99.8045 31
      vertex -60.5 -93.6 31
    endloop
  endfacet
  facet normal 0 0 1
    outer loop
      vertex -60.7346 -99.8045 31
      vertex -62 -84.5 31
      vertex -60.75 -100 31
    endloop
  endfacet
  facet normal 0 0 1
    outer loop
      vertex -58.6501 -86 31
      vertex -62 -84.5 31
      vertex -60.5 -93.6 31
    endloop
  endfacet
  facet normal 0 0 1
    outer loop
      vertex -58.2654 -100.196 31
      vertex -55.8 -96.7 31
      vertex -58.25 -100 31
    endloop
  endfacet
  facet normal 0 0 1
    outer loop
      vertex -55.8 -96.7 31
      vertex -58.2654 -99.8045 31
      vertex -58.25 -100 31
    endloop
  endfacet
  facet normal 0 0 1
    outer loop
      vertex -55.8 -96.7 31
      vertex -58.3112 -99.6137 31
      vertex -58.2654 -99.8045 31
    endloop
  endfacet
  facet normal 0 0 1
    outer loop
      vertex -55.8 -96.7 31
      vertex -58.3862 -99.4325 31
      vertex -58.3112 -99.6137 31
    endloop
  endfacet
  facet normal 0 0 1
    outer loop
      vertex -55.8 -96.7 31
      vertex -58.4887 -99.2653 31
      vertex -58.3862 -99.4325 31
    endloop
  endfacet
  facet normal 0 0 1
    outer loop
      vertex -55.8 -96.7 31
      vertex -58.6161 -99.1161 31
      vertex -58.4887 -99.2653 31
    endloop
  endfacet
  facet normal 0 0 1
    outer loop
      vertex -55.8 -96.7 31
      vertex -58.7653 -98.9887 31
      vertex -58.6161 -99.1161 31
    endloop
  endfacet
  facet normal 0 0 1
    outer loop
      vertex -55.8 -96.7 31
      vertex -58.9325 -98.8862 31
      vertex -58.7653 -98.9887 31
    endloop
  endfacet
  facet normal 0 0 1
    outer loop
      vertex -55.8 -96.7 31
      vertex -59.1137 -98.8112 31
      vertex -58.9325 -98.8862 31
    endloop
  endfacet
  facet normal -0 0 1
    outer loop
      vertex -60.5 -96.7 31
      vertex -59.1137 -98.8112 31
      vertex -55.8 -96.7 31
    endloop
  endfacet
  facet normal 0 0 1
    outer loop
      vertex -59.1137 -98.8112 31
      vertex -60.5 -96.7 31
      vertex -59.3045 -98.7654 31
    endloop
  endfacet
  facet normal 0 0 1
    outer loop
      vertex -59.3045 -98.7654 31
      vertex -60.5 -96.7 31
      vertex -59.5 -98.75 31
    endloop
  endfacet
  facet normal 0 0 1
    outer loop
      vertex -59.5 -98.75 31
      vertex -60.5 -96.7 31
      vertex -59.6955 -98.7654 31
    endloop
  endfacet
  facet normal 0 0 1
    outer loop
      vertex -59.6955 -98.7654 31
      vertex -60.5 -96.7 31
      vertex -59.8863 -98.8112 31
    endloop
  endfacet
  facet normal 0 0 1
    outer loop
      vertex -59.8863 -98.8112 31
      vertex -60.5 -96.7 31
      vertex -60.0675 -98.8862 31
    endloop
  endfacet
  facet normal 0 0 1
    outer loop
      vertex -60.5 -96.7 31
      vertex -60.2347 -98.9887 31
      vertex -60.0675 -98.8862 31
    endloop
  endfacet
  facet normal 0 0 1
    outer loop
      vertex -60.5 -96.7 31
      vertex -60.3839 -99.1161 31
      vertex -60.2347 -98.9887 31
    endloop
  endfacet
  facet normal 0 0 1
    outer loop
      vertex -60.3839 -99.1161 31
      vertex -60.5 -96.7 31
      vertex -60.5113 -99.2653 31
    endloop
  endfacet
  facet normal 0 0 1
    outer loop
      vertex -25.8112 -88.3863 31
      vertex -22 -84.5 31
      vertex -25.7654 -88.1955 31
    endloop
  endfacet
  facet normal 0 0 1
    outer loop
      vertex -22 -84.5 31
      vertex -25.7654 -98.8045 31
      vertex -25.75 -99 31
    endloop
  endfacet
  facet normal 0 0 1
    outer loop
      vertex -25.8862 -88.5675 31
      vertex -22 -84.5 31
      vertex -25.8112 -88.3863 31
    endloop
  endfacet
  facet normal 0 0 1
    outer loop
      vertex -22 -84.5 31
      vertex -25.8112 -98.6137 31
      vertex -25.7654 -98.8045 31
    endloop
  endfacet
  facet normal 0 0 1
    outer loop
      vertex -25.8862 -98.4325 31
      vertex -22 -84.5 31
      vertex -25.8862 -88.5675 31
    endloop
  endfacet
  facet normal 0 0 1
    outer loop
      vertex -22 -84.5 31
      vertex -25.8862 -98.4325 31
      vertex -25.8112 -98.6137 31
    endloop
  endfacet
  facet normal -0 0 1
    outer loop
      vertex -25.9887 -88.7347 31
      vertex -25.8862 -98.4325 31
      vertex -25.8862 -88.5675 31
    endloop
  endfacet
  facet normal 0 0 1
    outer loop
      vertex -25.9887 -88.7347 31
      vertex -25.9887 -98.2653 31
      vertex -25.8862 -98.4325 31
    endloop
  endfacet
  facet normal 0 0 1
    outer loop
      vertex -27.7 -93.6 31
      vertex -25.9887 -88.7347 31
      vertex -26.1161 -88.8839 31
    endloop
  endfacet
  facet normal 0 0 1
    outer loop
      vertex -25.9887 -88.7347 31
      vertex -27.7 -93.6 31
      vertex -25.9887 -98.2653 31
    endloop
  endfacet
  facet normal 0 0 1
    outer loop
      vertex -27.7 -93.6 31
      vertex -26.1161 -88.8839 31
      vertex -26.2653 -89.0113 31
    endloop
  endfacet
  facet normal 0 0 1
    outer loop
      vertex -25.9887 -98.2653 31
      vertex -27.7 -93.6 31
      vertex -26.1161 -98.1161 31
    endloop
  endfacet
  facet normal 0 0 1
    outer loop
      vertex -27.7 -93.6 31
      vertex -26.2653 -89.0113 31
      vertex -26.4325 -89.1138 31
    endloop
  endfacet
  facet normal 0 0 1
    outer loop
      vertex -26.1161 -98.1161 31
      vertex -27.7 -93.6 31
      vertex -26.2653 -97.9887 31
    endloop
  endfacet
  facet normal 0 0 1
    outer loop
      vertex -27.7 -93.6 31
      vertex -26.4325 -89.1138 31
      vertex -26.6137 -89.1888 31
    endloop
  endfacet
  facet normal 0 0 1
    outer loop
      vertex -26.2653 -97.9887 31
      vertex -27.7 -93.6 31
      vertex -26.4325 -97.8862 31
    endloop
  endfacet
  facet normal 0 0 1
    outer loop
      vertex -27.7 -93.6 31
      vertex -26.6137 -89.1888 31
      vertex -26.8045 -89.2346 31
    endloop
  endfacet
  facet normal -0 0 1
    outer loop
      vertex -27.7 -96.7 31
      vertex -26.4325 -97.8862 31
      vertex -27.7 -93.6 31
    endloop
  endfacet
  facet normal 0 0 1
    outer loop
      vertex -27.7 -93.6 31
      vertex -26.8045 -89.2346 31
      vertex -27 -89.25 31
    endloop
  endfacet
  facet normal 0 0 1
    outer loop
      vertex -26.4325 -97.8862 31
      vertex -27.7 -96.7 31
      vertex -26.6137 -97.8112 31
    endloop
  endfacet
  facet normal 0 0 1
    outer loop
      vertex -27.7 -93.6 31
      vertex -27 -89.25 31
      vertex -27.1955 -89.2346 31
    endloop
  endfacet
  facet normal 0 0 1
    outer loop
      vertex -26.6137 -97.8112 31
      vertex -27.7 -96.7 31
      vertex -26.8045 -97.7654 31
    endloop
  endfacet
  facet normal 0 0 1
    outer loop
      vertex -27.7 -93.6 31
      vertex -27.1955 -89.2346 31
      vertex -27.3863 -89.1888 31
    endloop
  endfacet
  facet normal 0 0 1
    outer loop
      vertex -26.8045 -97.7654 31
      vertex -27.7 -96.7 31
      vertex -27 -97.75 31
    endloop
  endfacet
  facet normal 0 0 1
    outer loop
      vertex -27.7 -93.6 31
      vertex -27.3863 -89.1888 31
      vertex -27.5675 -89.1138 31
    endloop
  endfacet
  facet normal 0 0 1
    outer loop
      vertex -27 -97.75 31
      vertex -27.7 -96.7 31
      vertex -27.1955 -97.7654 31
    endloop
  endfacet
  facet normal 0 0 1
    outer loop
      vertex -27.1955 -97.7654 31
      vertex -27.7 -96.7 31
      vertex -27.3863 -97.8112 31
    endloop
  endfacet
  facet normal 0 0 1
    outer loop
      vertex -27.7347 -89.0113 31
      vertex -27.7 -93.6 31
      vertex -27.5675 -89.1138 31
    endloop
  endfacet
  facet normal 0 0 1
    outer loop
      vertex -27.8839 -88.8839 31
      vertex -27.7 -93.6 31
      vertex -27.7347 -89.0113 31
    endloop
  endfacet
  facet normal 0 0 1
    outer loop
      vertex -32.4 -89.2 31
      vertex -27.8839 -88.8839 31
      vertex -28.0113 -88.7347 31
    endloop
  endfacet
  facet normal 0 0 1
    outer loop
      vertex -32.4 -89.2 31
      vertex -28.0113 -88.7347 31
      vertex -28.1138 -88.5675 31
    endloop
  endfacet
  facet normal 0 0 1
    outer loop
      vertex -32.4 -89.2 31
      vertex -28.1138 -88.5675 31
      vertex -28.1888 -88.3863 31
    endloop
  endfacet
  facet normal 0 0 1
    outer loop
      vertex -32.4 -89.2 31
      vertex -28.1888 -88.3863 31
      vertex -28.2346 -88.1955 31
    endloop
  endfacet
  facet normal 0 0 1
    outer loop
      vertex -32.4 -89.2 31
      vertex -28.2346 -88.1955 31
      vertex -28.25 -88 31
    endloop
  endfacet
  facet normal 0 0 1
    outer loop
      vertex -27.8839 -88.8839 31
      vertex -32.4 -89.2 31
      vertex -27.7 -93.6 31
    endloop
  endfacet
  facet normal 0 0 1
    outer loop
      vertex -27.7 -93.6 31
      vertex -32.4 -89.2 31
      vertex -32.4 -93.6 31
    endloop
  endfacet
  facet normal 0 0 1
    outer loop
      vertex -25.7654 -88.1955 31
      vertex -22 -84.5 31
      vertex -25.75 -88 31
    endloop
  endfacet
  facet normal 0 0 1
    outer loop
      vertex -22 -84.5 31
      vertex -25.7654 -87.8045 31
      vertex -25.75 -88 31
    endloop
  endfacet
  facet normal 0 0 1
    outer loop
      vertex -22 -84.5 31
      vertex -25.8112 -87.6137 31
      vertex -25.7654 -87.8045 31
    endloop
  endfacet
  facet normal 0 0 1
    outer loop
      vertex -22 -84.5 31
      vertex -25.8862 -87.4325 31
      vertex -25.8112 -87.6137 31
    endloop
  endfacet
  facet normal 0 0 1
    outer loop
      vertex -22 -84.5 31
      vertex -25.9887 -87.2653 31
      vertex -25.8862 -87.4325 31
    endloop
  endfacet
  facet normal 0 0 1
    outer loop
      vertex -22 -84.5 31
      vertex -26.1161 -87.1161 31
      vertex -25.9887 -87.2653 31
    endloop
  endfacet
  facet normal 0 0 1
    outer loop
      vertex -22 -84.5 31
      vertex -26.2653 -86.9887 31
      vertex -26.1161 -87.1161 31
    endloop
  endfacet
  facet normal 0 0 1
    outer loop
      vertex -22 -84.5 31
      vertex -26.4325 -86.8862 31
      vertex -26.2653 -86.9887 31
    endloop
  endfacet
  facet normal 0 0 1
    outer loop
      vertex -22 -84.5 31
      vertex -26.6137 -86.8112 31
      vertex -26.4325 -86.8862 31
    endloop
  endfacet
  facet normal 0 0 1
    outer loop
      vertex -22 -84.5 31
      vertex -26.8045 -86.7654 31
      vertex -26.6137 -86.8112 31
    endloop
  endfacet
  facet normal 0 0 1
    outer loop
      vertex -22 -84.5 31
      vertex -27 -86.75 31
      vertex -26.8045 -86.7654 31
    endloop
  endfacet
  facet normal 0 0 1
    outer loop
      vertex -22 -84.5 31
      vertex -27.1955 -86.7654 31
      vertex -27 -86.75 31
    endloop
  endfacet
  facet normal 0 0 1
    outer loop
      vertex -22 -84.5 31
      vertex -27.3863 -86.8112 31
      vertex -27.1955 -86.7654 31
    endloop
  endfacet
  facet normal -0 0 1
    outer loop
      vertex -41.3499 -84.5 31
      vertex -27.3863 -86.8112 31
      vertex -22 -84.5 31
    endloop
  endfacet
  facet normal 0 0 1
    outer loop
      vertex -28.2346 -87.8045 31
      vertex -32.4 -89.2 31
      vertex -28.25 -88 31
    endloop
  endfacet
  facet normal 0 0 1
    outer loop
      vertex -28.1888 -87.6137 31
      vertex -32.4 -89.2 31
      vertex -28.2346 -87.8045 31
    endloop
  endfacet
  facet normal 0 0 1
    outer loop
      vertex -28.1138 -87.4325 31
      vertex -32.4 -89.2 31
      vertex -28.1888 -87.6137 31
    endloop
  endfacet
  facet normal 0 0 1
    outer loop
      vertex -28.0113 -87.2653 31
      vertex -32.4 -89.2 31
      vertex -28.1138 -87.4325 31
    endloop
  endfacet
  facet normal 0 0 1
    outer loop
      vertex -27.8839 -87.1161 31
      vertex -32.4 -89.2 31
      vertex -28.0113 -87.2653 31
    endloop
  endfacet
  facet normal 0 0 1
    outer loop
      vertex -41.3499 -84.5 31
      vertex -27.8839 -87.1161 31
      vertex -27.7347 -86.9887 31
    endloop
  endfacet
  facet normal 0 0 1
    outer loop
      vertex -41.3499 -84.5 31
      vertex -27.7347 -86.9887 31
      vertex -27.5675 -86.8862 31
    endloop
  endfacet
  facet normal 0 0 1
    outer loop
      vertex -27.3863 -86.8112 31
      vertex -41.3499 -84.5 31
      vertex -27.5675 -86.8862 31
    endloop
  endfacet
  facet normal 0 0 1
    outer loop
      vertex -27.8839 -87.1161 31
      vertex -41.3499 -84.5 31
      vertex -32.4 -89.2 31
    endloop
  endfacet
  facet normal -0 0 1
    outer loop
      vertex -41.3499 -86 31
      vertex -32.4 -89.2 31
      vertex -41.3499 -84.5 31
    endloop
  endfacet
  facet normal 0 0 1
    outer loop
      vertex -41.3499 -86 31
      vertex -55.8 -89.2 31
      vertex -32.4 -89.2 31
    endloop
  endfacet
  facet normal -0 0 1
    outer loop
      vertex -58.6501 -86 31
      vertex -55.8 -89.2 31
      vertex -41.3499 -86 31
    endloop
  endfacet
  facet normal 0 0 1
    outer loop
      vertex -60.5 -93.6 31
      vertex -55.8 -89.2 31
      vertex -58.6501 -86 31
    endloop
  endfacet
  facet normal 0 0 1
    outer loop
      vertex -55.8 -89.2 31
      vertex -60.5 -93.6 31
      vertex -55.8 -93.6 31
    endloop
  endfacet
  facet normal 0 0 1
    outer loop
      vertex -22 -84.5 31
      vertex -25.75 -99 31
      vertex -22 -114 31
    endloop
  endfacet
  facet normal -0 0 1
    outer loop
      vertex -25.7654 -99.1955 31
      vertex -22 -114 31
      vertex -25.75 -99 31
    endloop
  endfacet
  facet normal -0 0 1
    outer loop
      vertex -25.8112 -99.3863 31
      vertex -22 -114 31
      vertex -25.7654 -99.1955 31
    endloop
  endfacet
  facet normal -0 0 1
    outer loop
      vertex -25.8862 -99.5675 31
      vertex -22 -114 31
      vertex -25.8112 -99.3863 31
    endloop
  endfacet
  facet normal -0 0 1
    outer loop
      vertex -25.9887 -99.7347 31
      vertex -22 -114 31
      vertex -25.8862 -99.5675 31
    endloop
  endfacet
  facet normal -0 0 1
    outer loop
      vertex -26.1161 -99.8839 31
      vertex -22 -114 31
      vertex -25.9887 -99.7347 31
    endloop
  endfacet
  facet normal -0 0 1
    outer loop
      vertex -26.2653 -100.011 31
      vertex -22 -114 31
      vertex -26.1161 -99.8839 31
    endloop
  endfacet
  facet normal -0 0 1
    outer loop
      vertex -26.4325 -100.114 31
      vertex -22 -114 31
      vertex -26.2653 -100.011 31
    endloop
  endfacet
  facet normal -0 0 1
    outer loop
      vertex -26.6137 -100.189 31
      vertex -22 -114 31
      vertex -26.4325 -100.114 31
    endloop
  endfacet
  facet normal -0 0 1
    outer loop
      vertex -26.8045 -100.235 31
      vertex -22 -114 31
      vertex -26.6137 -100.189 31
    endloop
  endfacet
  facet normal -0 0 1
    outer loop
      vertex -27 -100.25 31
      vertex -22 -114 31
      vertex -26.8045 -100.235 31
    endloop
  endfacet
  facet normal 0 0 1
    outer loop
      vertex -32.4 -112.3 31
      vertex -27 -100.25 31
      vertex -27.1955 -100.235 31
    endloop
  endfacet
  facet normal 0 0 1
    outer loop
      vertex -32.4 -112.3 31
      vertex -27.1955 -100.235 31
      vertex -27.3863 -100.189 31
    endloop
  endfacet
  facet normal 0 0 1
    outer loop
      vertex -32.4 -112.3 31
      vertex -27.3863 -100.189 31
      vertex -27.5675 -100.114 31
    endloop
  endfacet
  facet normal 0 0 1
    outer loop
      vertex -32.4 -112.3 31
      vertex -27.5675 -100.114 31
      vertex -27.7347 -100.011 31
    endloop
  endfacet
  facet normal 0 0 1
    outer loop
      vertex -32.4 -112.3 31
      vertex -27.7347 -100.011 31
      vertex -27.8839 -99.8839 31
    endloop
  endfacet
  facet normal 0 0 1
    outer loop
      vertex -32.4 -112.3 31
      vertex -27.8839 -99.8839 31
      vertex -28.0113 -99.7347 31
    endloop
  endfacet
  facet normal 0 0 1
    outer loop
      vertex -32.4 -96.7 31
      vertex -28.0113 -99.7347 31
      vertex -28.1138 -99.5675 31
    endloop
  endfacet
  facet normal 0 0 1
    outer loop
      vertex -32.4 -96.7 31
      vertex -28.2346 -99.1955 31
      vertex -28.25 -99 31
    endloop
  endfacet
  facet normal 0 0 1
    outer loop
      vertex -32.4 -96.7 31
      vertex -28.1888 -99.3863 31
      vertex -28.2346 -99.1955 31
    endloop
  endfacet
  facet normal 0 0 1
    outer loop
      vertex -32.4 -96.7 31
      vertex -28.1138 -99.5675 31
      vertex -28.1888 -99.3863 31
    endloop
  endfacet
  facet normal 0 0 1
    outer loop
      vertex -28.0113 -99.7347 31
      vertex -32.4 -96.7 31
      vertex -32.4 -112.3 31
    endloop
  endfacet
  facet normal 0 0 1
    outer loop
      vertex -27 -100.25 31
      vertex -32.4 -112.3 31
      vertex -22 -114 31
    endloop
  endfacet
  facet normal 0 0 1
    outer loop
      vertex -62 -114 31
      vertex -32.4 -112.3 31
      vertex -55.8 -112.3 31
    endloop
  endfacet
  facet normal 0 0 1
    outer loop
      vertex -58.3112 -100.386 31
      vertex -55.8 -96.7 31
      vertex -58.2654 -100.196 31
    endloop
  endfacet
  facet normal 0 0 1
    outer loop
      vertex -55.8 -96.7 31
      vertex -58.3112 -100.386 31
      vertex -55.8 -112.3 31
    endloop
  endfacet
  facet normal -0 0 1
    outer loop
      vertex -58.3862 -100.567 31
      vertex -55.8 -112.3 31
      vertex -58.3112 -100.386 31
    endloop
  endfacet
  facet normal -0 0 1
    outer loop
      vertex -58.4887 -100.735 31
      vertex -55.8 -112.3 31
      vertex -58.3862 -100.567 31
    endloop
  endfacet
  facet normal -0 0 1
    outer loop
      vertex -58.6161 -100.884 31
      vertex -55.8 -112.3 31
      vertex -58.4887 -100.735 31
    endloop
  endfacet
  facet normal -0 0 1
    outer loop
      vertex -58.7653 -101.011 31
      vertex -55.8 -112.3 31
      vertex -58.6161 -100.884 31
    endloop
  endfacet
  facet normal -0 0 1
    outer loop
      vertex -58.9325 -101.114 31
      vertex -55.8 -112.3 31
      vertex -58.7653 -101.011 31
    endloop
  endfacet
  facet normal -0 0 1
    outer loop
      vertex -59.1137 -101.189 31
      vertex -55.8 -112.3 31
      vertex -58.9325 -101.114 31
    endloop
  endfacet
  facet normal -0 0 1
    outer loop
      vertex -59.3045 -101.235 31
      vertex -55.8 -112.3 31
      vertex -59.1137 -101.189 31
    endloop
  endfacet
  facet normal -0 0 1
    outer loop
      vertex -59.5 -101.25 31
      vertex -55.8 -112.3 31
      vertex -59.3045 -101.235 31
    endloop
  endfacet
  facet normal 0 0 1
    outer loop
      vertex -59.6955 -101.235 31
      vertex -55.8 -112.3 31
      vertex -59.5 -101.25 31
    endloop
  endfacet
  facet normal 0 0 1
    outer loop
      vertex -62 -114 31
      vertex -59.6955 -101.235 31
      vertex -59.8863 -101.189 31
    endloop
  endfacet
  facet normal 0 0 1
    outer loop
      vertex -62 -114 31
      vertex -59.8863 -101.189 31
      vertex -60.0675 -101.114 31
    endloop
  endfacet
  facet normal 0 0 1
    outer loop
      vertex -62 -114 31
      vertex -60.0675 -101.114 31
      vertex -60.2347 -101.011 31
    endloop
  endfacet
  facet normal 0 0 1
    outer loop
      vertex -62 -114 31
      vertex -60.2347 -101.011 31
      vertex -60.3839 -100.884 31
    endloop
  endfacet
  facet normal 0 0 1
    outer loop
      vertex -62 -114 31
      vertex -60.3839 -100.884 31
      vertex -60.5113 -100.735 31
    endloop
  endfacet
  facet normal 0 0 1
    outer loop
      vertex -62 -114 31
      vertex -60.5113 -100.735 31
      vertex -60.6138 -100.567 31
    endloop
  endfacet
  facet normal 0 0 1
    outer loop
      vertex -62 -114 31
      vertex -60.6138 -100.567 31
      vertex -60.6888 -100.386 31
    endloop
  endfacet
  facet normal 0 0 1
    outer loop
      vertex -62 -114 31
      vertex -60.75 -100 31
      vertex -62 -84.5 31
    endloop
  endfacet
  facet normal 0 0 1
    outer loop
      vertex -32.4 -112.3 31
      vertex -62 -114 31
      vertex -22 -114 31
    endloop
  endfacet
  facet normal 0 0 1
    outer loop
      vertex -59.6955 -101.235 31
      vertex -62 -114 31
      vertex -55.8 -112.3 31
    endloop
  endfacet
  facet normal 0 0 1
    outer loop
      vertex -60.7346 -100.196 31
      vertex -62 -114 31
      vertex -60.6888 -100.386 31
    endloop
  endfacet
  facet normal 0 0 1
    outer loop
      vertex -60.75 -100 31
      vertex -62 -114 31
      vertex -60.7346 -100.196 31
    endloop
  endfacet
  facet normal 0 0 1
    outer loop
      vertex -27.3863 -97.8112 31
      vertex -27.7 -96.7 31
      vertex -27.5675 -97.8862 31
    endloop
  endfacet
  facet normal 0 0 1
    outer loop
      vertex -27.7 -96.7 31
      vertex -27.7347 -97.9887 31
      vertex -27.5675 -97.8862 31
    endloop
  endfacet
  facet normal 0 0 1
    outer loop
      vertex -27.7 -96.7 31
      vertex -27.8839 -98.1161 31
      vertex -27.7347 -97.9887 31
    endloop
  endfacet
  facet normal 0 0 1
    outer loop
      vertex -27.7 -96.7 31
      vertex -28.0113 -98.2653 31
      vertex -27.8839 -98.1161 31
    endloop
  endfacet
  facet normal -0 0 1
    outer loop
      vertex -32.4 -96.7 31
      vertex -28.0113 -98.2653 31
      vertex -27.7 -96.7 31
    endloop
  endfacet
  facet normal 0 0 1
    outer loop
      vertex -28.0113 -98.2653 31
      vertex -32.4 -96.7 31
      vertex -28.1138 -98.4325 31
    endloop
  endfacet
  facet normal 0 0 1
    outer loop
      vertex -28.2346 -98.8045 31
      vertex -32.4 -96.7 31
      vertex -28.25 -99 31
    endloop
  endfacet
  facet normal 0 0 1
    outer loop
      vertex -28.1888 -98.6137 31
      vertex -32.4 -96.7 31
      vertex -28.2346 -98.8045 31
    endloop
  endfacet
  facet normal 0 0 1
    outer loop
      vertex -28.1138 -98.4325 31
      vertex -32.4 -96.7 31
      vertex -28.1888 -98.6137 31
    endloop
  endfacet
  facet normal 1 0 0
    outer loop
      vertex 51.7 1 13.2
      vertex 51.7 -2.15 8
      vertex 51.7 1 2.8
    endloop
  endfacet
  facet normal 1 0 0
    outer loop
      vertex 51.7 1 13.2
      vertex 51.7 -2.16046 8.13297
      vertex 51.7 -2.15 8
    endloop
  endfacet
  facet normal 1 0 0
    outer loop
      vertex 51.7 1 13.2
      vertex 51.7 -2.1916 8.26266
      vertex 51.7 -2.16046 8.13297
    endloop
  endfacet
  facet normal 1 0 0
    outer loop
      vertex 51.7 1 13.2
      vertex 51.7 -2.24264 8.38589
      vertex 51.7 -2.1916 8.26266
    endloop
  endfacet
  facet normal 1 0 0
    outer loop
      vertex 51.7 1 13.2
      vertex 51.7 -2.31234 8.49962
      vertex 51.7 -2.24264 8.38589
    endloop
  endfacet
  facet normal 1 0 0
    outer loop
      vertex 51.7 1 13.2
      vertex 51.7 -2.39896 8.60104
      vertex 51.7 -2.31234 8.49962
    endloop
  endfacet
  facet normal 1 0 0
    outer loop
      vertex 51.7 1 13.2
      vertex 51.7 -2.50038 8.68766
      vertex 51.7 -2.39896 8.60104
    endloop
  endfacet
  facet normal 1 0 0
    outer loop
      vertex 51.7 1 13.2
      vertex 51.7 -2.61411 8.75735
      vertex 51.7 -2.50038 8.68766
    endloop
  endfacet
  facet normal 1 0 0
    outer loop
      vertex 51.7 1 13.2
      vertex 51.7 -2.73734 8.8084
      vertex 51.7 -2.61411 8.75735
    endloop
  endfacet
  facet normal 1 0 0
    outer loop
      vertex 51.7 1 13.2
      vertex 51.7 -2.86703 8.83953
      vertex 51.7 -2.73734 8.8084
    endloop
  endfacet
  facet normal 1 0 0
    outer loop
      vertex 51.7 1 13.2
      vertex 51.7 -3 8.85
      vertex 51.7 -2.86703 8.83953
    endloop
  endfacet
  facet normal 1 0 0
    outer loop
      vertex 51.7 1 13.2
      vertex 51.7 -3.13297 8.83953
      vertex 51.7 -3 8.85
    endloop
  endfacet
  facet normal 1 0 0
    outer loop
      vertex 51.7 1 13.2
      vertex 51.7 -3.26266 8.8084
      vertex 51.7 -3.13297 8.83953
    endloop
  endfacet
  facet normal 1 0 0
    outer loop
      vertex 51.7 1 13.2
      vertex 51.7 -3.38589 8.75735
      vertex 51.7 -3.26266 8.8084
    endloop
  endfacet
  facet normal 1 -0 0
    outer loop
      vertex 51.7 -20 13.2
      vertex 51.7 -3.38589 8.75735
      vertex 51.7 1 13.2
    endloop
  endfacet
  facet normal 1 0 0
    outer loop
      vertex 51.7 -3.38589 8.75735
      vertex 51.7 -20 13.2
      vertex 51.7 -3.49962 8.68766
    endloop
  endfacet
  facet normal 1 0 0
    outer loop
      vertex 51.7 -3.83953 8.13297
      vertex 51.7 -20 13.2
      vertex 51.7 -3.85 8
    endloop
  endfacet
  facet normal 1 0 0
    outer loop
      vertex 51.7 -3.8084 8.26266
      vertex 51.7 -20 13.2
      vertex 51.7 -3.83953 8.13297
    endloop
  endfacet
  facet normal 1 0 0
    outer loop
      vertex 51.7 -3.75735 8.38589
      vertex 51.7 -20 13.2
      vertex 51.7 -3.8084 8.26266
    endloop
  endfacet
  facet normal 1 0 0
    outer loop
      vertex 51.7 -3.68766 8.49962
      vertex 51.7 -20 13.2
      vertex 51.7 -3.75735 8.38589
    endloop
  endfacet
  facet normal 1 0 0
    outer loop
      vertex 51.7 -3.60104 8.60104
      vertex 51.7 -20 13.2
      vertex 51.7 -3.68766 8.49962
    endloop
  endfacet
  facet normal 1 0 0
    outer loop
      vertex 51.7 -3.49962 8.68766
      vertex 51.7 -20 13.2
      vertex 51.7 -3.60104 8.60104
    endloop
  endfacet
  facet normal 1 -0 0
    outer loop
      vertex 51.7 -2.16046 7.86703
      vertex 51.7 1 2.8
      vertex 51.7 -2.15 8
    endloop
  endfacet
  facet normal 1 -0 0
    outer loop
      vertex 51.7 -2.1916 7.73734
      vertex 51.7 1 2.8
      vertex 51.7 -2.16046 7.86703
    endloop
  endfacet
  facet normal 1 -0 0
    outer loop
      vertex 51.7 -2.24264 7.61411
      vertex 51.7 1 2.8
      vertex 51.7 -2.1916 7.73734
    endloop
  endfacet
  facet normal 1 -0 0
    outer loop
      vertex 51.7 -2.31234 7.50038
      vertex 51.7 1 2.8
      vertex 51.7 -2.24264 7.61411
    endloop
  endfacet
  facet normal 1 -0 0
    outer loop
      vertex 51.7 -2.39896 7.39896
      vertex 51.7 1 2.8
      vertex 51.7 -2.31234 7.50038
    endloop
  endfacet
  facet normal 1 -0 0
    outer loop
      vertex 51.7 -2.50038 7.31234
      vertex 51.7 1 2.8
      vertex 51.7 -2.39896 7.39896
    endloop
  endfacet
  facet normal 1 -0 0
    outer loop
      vertex 51.7 -2.61411 7.24264
      vertex 51.7 1 2.8
      vertex 51.7 -2.50038 7.31234
    endloop
  endfacet
  facet normal 1 -0 0
    outer loop
      vertex 51.7 -2.73734 7.1916
      vertex 51.7 1 2.8
      vertex 51.7 -2.61411 7.24264
    endloop
  endfacet
  facet normal 1 -0 0
    outer loop
      vertex 51.7 -2.86703 7.16046
      vertex 51.7 1 2.8
      vertex 51.7 -2.73734 7.1916
    endloop
  endfacet
  facet normal 1 -0 0
    outer loop
      vertex 51.7 -3 7.15
      vertex 51.7 1 2.8
      vertex 51.7 -2.86703 7.16046
    endloop
  endfacet
  facet normal 1 0 0
    outer loop
      vertex 51.7 -3.13297 7.16046
      vertex 51.7 1 2.8
      vertex 51.7 -3 7.15
    endloop
  endfacet
  facet normal 1 0 0
    outer loop
      vertex 51.7 -3.26266 7.1916
      vertex 51.7 1 2.8
      vertex 51.7 -3.13297 7.16046
    endloop
  endfacet
  facet normal 1 0 0
    outer loop
      vertex 51.7 -3.38589 7.24264
      vertex 51.7 1 2.8
      vertex 51.7 -3.26266 7.1916
    endloop
  endfacet
  facet normal 1 0 0
    outer loop
      vertex 51.7 -20 2.8
      vertex 51.7 -3.38589 7.24264
      vertex 51.7 -3.49962 7.31234
    endloop
  endfacet
  facet normal 1 0 0
    outer loop
      vertex 51.7 -20 2.8
      vertex 51.7 -3.49962 7.31234
      vertex 51.7 -3.60104 7.39896
    endloop
  endfacet
  facet normal 1 0 0
    outer loop
      vertex 51.7 -20 2.8
      vertex 51.7 -3.85 8
      vertex 51.7 -20 13.2
    endloop
  endfacet
  facet normal 1 0 0
    outer loop
      vertex 51.7 -3.85 8
      vertex 51.7 -20 2.8
      vertex 51.7 -3.83953 7.86703
    endloop
  endfacet
  facet normal 1 0 0
    outer loop
      vertex 51.7 -3.83953 7.86703
      vertex 51.7 -20 2.8
      vertex 51.7 -3.8084 7.73734
    endloop
  endfacet
  facet normal 1 0 0
    outer loop
      vertex 51.7 -3.8084 7.73734
      vertex 51.7 -20 2.8
      vertex 51.7 -3.75735 7.61411
    endloop
  endfacet
  facet normal 1 0 0
    outer loop
      vertex 51.7 -3.75735 7.61411
      vertex 51.7 -20 2.8
      vertex 51.7 -3.68766 7.50038
    endloop
  endfacet
  facet normal 1 0 0
    outer loop
      vertex 51.7 -3.68766 7.50038
      vertex 51.7 -20 2.8
      vertex 51.7 -3.60104 7.39896
    endloop
  endfacet
  facet normal 1 0 0
    outer loop
      vertex 51.7 -3.38589 7.24264
      vertex 51.7 -20 2.8
      vertex 51.7 1 2.8
    endloop
  endfacet
  facet normal 0 -1 0
    outer loop
      vertex 46 -20 2.8
      vertex 51.7 -20 13.2
      vertex 46 -20 13.2
    endloop
  endfacet
  facet normal 0 -1 -0
    outer loop
      vertex 51.7 -20 13.2
      vertex 46 -20 2.8
      vertex 51.7 -20 2.8
    endloop
  endfacet
  facet normal 0 0 -1
    outer loop
      vertex 51.7 -20 2.8
      vertex 47.3 -7.2 2.8
      vertex 51.7 1 2.8
    endloop
  endfacet
  facet normal 0 0 -1
    outer loop
      vertex 46 -20 2.8
      vertex 47.3 -7.2 2.8
      vertex 51.7 -20 2.8
    endloop
  endfacet
  facet normal -0 0 -1
    outer loop
      vertex 47.3 -7.2 2.8
      vertex 46 -20 2.8
      vertex 46 -7.2 2.8
    endloop
  endfacet
  facet normal -0 0 -1
    outer loop
      vertex 51.7 1 2.8
      vertex 47.3 -7.2 2.8
      vertex 47.3 1 2.8
    endloop
  endfacet
  facet normal 0 0 1
    outer loop
      vertex 47.3 -7.2 13.2
      vertex 51.7 1 13.2
      vertex 47.3 1 13.2
    endloop
  endfacet
  facet normal 0 0 1
    outer loop
      vertex 51.7 1 13.2
      vertex 47.3 -7.2 13.2
      vertex 51.7 -20 13.2
    endloop
  endfacet
  facet normal 0 0 1
    outer loop
      vertex 46 -20 13.2
      vertex 47.3 -7.2 13.2
      vertex 46 -7.2 13.2
    endloop
  endfacet
  facet normal 0 0 1
    outer loop
      vertex 47.3 -7.2 13.2
      vertex 46 -20 13.2
      vertex 51.7 -20 13.2
    endloop
  endfacet
  facet normal 0 -0.996917 -0.078467
    outer loop
      vertex -33.3 -25.3 -8
      vertex -27 -25.481 -5.70041
      vertex -33.3 -25.481 -5.70041
    endloop
  endfacet
  facet normal 0 -0.996917 -0.078467
    outer loop
      vertex -27 -25.481 -5.70041
      vertex -33.3 -25.3 -8
      vertex -27 -25.3 -8
    endloop
  endfacet
  facet normal 0 0.852632 -0.522512
    outer loop
      vertex -27 -53.0978 -1.32634
      vertex -38.7 -52.5914 -0.5
      vertex -27 -52.5914 -0.5
    endloop
  endfacet
  facet normal 0 0.852632 -0.522512
    outer loop
      vertex -38.7 -52.5914 -0.5
      vertex -27 -53.0978 -1.32634
      vertex -38.7 -53.0978 -1.32634
    endloop
  endfacet
  facet normal 0 0.923824 -0.382817
    outer loop
      vertex -27.3 -53.2112 -1.6
      vertex -27 -53.0978 -1.32634
      vertex -27 -53.2112 -1.6
    endloop
  endfacet
  facet normal 0 0.923824 -0.382817
    outer loop
      vertex -27 -53.0978 -1.32634
      vertex -27.3 -53.2112 -1.6
      vertex -38.7 -53.0978 -1.32634
    endloop
  endfacet
  facet normal 0 0.923894 -0.382649
    outer loop
      vertex -38.7 -53.9805 -3.45745
      vertex -27.3 -53.2112 -1.6
      vertex -27.3 -53.9805 -3.45745
    endloop
  endfacet
  facet normal 4.11436e-06 0.923885 -0.382671
    outer loop
      vertex -27.3 -53.2112 -1.6
      vertex -38.7 -53.9805 -3.45745
      vertex -38.7 -53.0978 -1.32634
    endloop
  endfacet
  facet normal 0 -0.852632 -0.522512
    outer loop
      vertex -38.7 -26.9022 -1.32634
      vertex -27 -27.4086 -0.5
      vertex -38.7 -27.4086 -0.5
    endloop
  endfacet
  facet normal 0 -0.852632 -0.522512
    outer loop
      vertex -27 -27.4086 -0.5
      vertex -38.7 -26.9022 -1.32634
      vertex -27 -26.9022 -1.32634
    endloop
  endfacet
  facet normal 0 -0.923885 -0.382671
    outer loop
      vertex -38.7 -26.0195 -3.45745
      vertex -27 -26.9022 -1.32634
      vertex -38.7 -26.9022 -1.32634
    endloop
  endfacet
  facet normal 0 -0.923885 -0.382671
    outer loop
      vertex -27 -26.9022 -1.32634
      vertex -38.7 -26.0195 -3.45745
      vertex -27 -26.0195 -3.45745
    endloop
  endfacet
  facet normal 0 0.996917 -0.078467
    outer loop
      vertex -27.3 -54.7 -8
      vertex -33.3 -54.519 -5.70041
      vertex -27.3 -54.519 -5.70041
    endloop
  endfacet
  facet normal 0 0.996917 -0.078467
    outer loop
      vertex -33.3 -54.519 -5.70041
      vertex -27.3 -54.7 -8
      vertex -33.3 -54.7 -8
    endloop
  endfacet
  facet normal 1 -0 0
    outer loop
      vertex -38.7 -25.6972 -4.8
      vertex -38.7 -16.5 -16
      vertex -38.7 -16.5 -4.8
    endloop
  endfacet
  facet normal 1 0 0
    outer loop
      vertex -38.7 -27.4086 -0.5
      vertex -38.7 -26.0195 -3.45745
      vertex -38.7 -26.9022 -1.32634
    endloop
  endfacet
  facet normal 1 0 0
    outer loop
      vertex -38.7 -26.0195 -3.45745
      vertex -38.7 -27.4086 -0.5
      vertex -38.7 -25.6972 -4.8
    endloop
  endfacet
  facet normal 1 -0 0
    outer loop
      vertex -38.7 -52.5914 -0.5
      vertex -38.7 -25.6972 -4.8
      vertex -38.7 -27.4086 -0.5
    endloop
  endfacet
  facet normal 1 0 0
    outer loop
      vertex -38.7 -54.3028 -4.8
      vertex -38.7 -25.6972 -4.8
      vertex -38.7 -52.5914 -0.5
    endloop
  endfacet
  facet normal 1 0 0
    outer loop
      vertex -38.7 -53.9805 -3.45745
      vertex -38.7 -52.5914 -0.5
      vertex -38.7 -53.0978 -1.32634
    endloop
  endfacet
  facet normal 1 0 0
    outer loop
      vertex -38.7 -52.5914 -0.5
      vertex -38.7 -53.9805 -3.45745
      vertex -38.7 -54.3028 -4.8
    endloop
  endfacet
  facet normal 1 0 0
    outer loop
      vertex -38.7 -54.7 -16
      vertex -38.7 -25.6972 -4.8
      vertex -38.7 -54.3028 -4.8
    endloop
  endfacet
  facet normal 1 0 0
    outer loop
      vertex -38.7 -54.7 -16
      vertex -38.7 -54.3028 -4.8
      vertex -38.7 -54.7 -4.8
    endloop
  endfacet
  facet normal 1 0 0
    outer loop
      vertex -38.7 -25.6972 -4.8
      vertex -38.7 -54.7 -16
      vertex -38.7 -16.5 -16
    endloop
  endfacet
  facet normal 0 0.972373 -0.233433
    outer loop
      vertex -27.3 -53.9805 -3.45745
      vertex -33.3 -54.3028 -4.8
      vertex -38.7 -53.9805 -3.45745
    endloop
  endfacet
  facet normal 4.13051e-06 0.972369 -0.233451
    outer loop
      vertex -27.3 -54.519 -5.70041
      vertex -33.3 -54.3028 -4.8
      vertex -27.3 -53.9805 -3.45745
    endloop
  endfacet
  facet normal 0 0.972362 -0.233477
    outer loop
      vertex -33.3 -54.3028 -4.8
      vertex -27.3 -54.519 -5.70041
      vertex -33.3 -54.519 -5.70041
    endloop
  endfacet
  facet normal 0 0.972373 -0.233433
    outer loop
      vertex -38.7 -53.9805 -3.45745
      vertex -33.3 -54.3028 -4.8
      vertex -38.7 -54.3028 -4.8
    endloop
  endfacet
  facet normal -0 -0.972373 -0.233433
    outer loop
      vertex -33.3 -25.6972 -4.8
      vertex -38.7 -26.0195 -3.45745
      vertex -38.7 -25.6972 -4.8
    endloop
  endfacet
  facet normal 0 -0.972373 -0.233433
    outer loop
      vertex -38.7 -26.0195 -3.45745
      vertex -33.3 -25.6972 -4.8
      vertex -27 -26.0195 -3.45745
    endloop
  endfacet
  facet normal -0 -0.972362 -0.233477
    outer loop
      vertex -27 -25.481 -5.70041
      vertex -33.3 -25.6972 -4.8
      vertex -33.3 -25.481 -5.70041
    endloop
  endfacet
  facet normal 3.93382e-06 -0.972369 -0.233451
    outer loop
      vertex -33.3 -25.6972 -4.8
      vertex -27 -25.481 -5.70041
      vertex -27 -26.0195 -3.45745
    endloop
  endfacet
  facet normal -1 0 0
    outer loop
      vertex -27 -34.2 -16
      vertex -27 -25.3 -8
      vertex -27 -25.3 -16
    endloop
  endfacet
  facet normal -1 0 0
    outer loop
      vertex -27 -34.2 -1.6
      vertex -27 -25.3 -8
      vertex -27 -34.2 -16
    endloop
  endfacet
  facet normal -1 0 0
    outer loop
      vertex -27 -25.3 -8
      vertex -27 -34.2 -1.6
      vertex -27 -25.481 -5.70041
    endloop
  endfacet
  facet normal -1 0 0
    outer loop
      vertex -27 -25.481 -5.70041
      vertex -27 -34.2 -1.6
      vertex -27 -26.0195 -3.45745
    endloop
  endfacet
  facet normal -1 0 0
    outer loop
      vertex -27 -26.0195 -3.45745
      vertex -27 -34.2 -1.6
      vertex -27 -26.9022 -1.32634
    endloop
  endfacet
  facet normal -1 -0 0
    outer loop
      vertex -27 -26.9022 -1.32634
      vertex -27 -34.2 -1.6
      vertex -27 -27.4086 -0.5
    endloop
  endfacet
  facet normal -1 0 0
    outer loop
      vertex -27 -34.2 -1.6
      vertex -27 -52.5914 -0.5
      vertex -27 -27.4086 -0.5
    endloop
  endfacet
  facet normal -1 0 0
    outer loop
      vertex -27 -53.2112 -1.6
      vertex -27 -52.5914 -0.5
      vertex -27 -34.2 -1.6
    endloop
  endfacet
  facet normal -1 0 0
    outer loop
      vertex -27 -52.5914 -0.5
      vertex -27 -53.2112 -1.6
      vertex -27 -53.0978 -1.32634
    endloop
  endfacet
  facet normal 0 0 -1
    outer loop
      vertex -38.7 -52.5914 -0.5
      vertex -27 -27.4086 -0.5
      vertex -27 -52.5914 -0.5
    endloop
  endfacet
  facet normal -0 0 -1
    outer loop
      vertex -27 -27.4086 -0.5
      vertex -38.7 -52.5914 -0.5
      vertex -38.7 -27.4086 -0.5
    endloop
  endfacet
  facet normal -1 0 0
    outer loop
      vertex -4.2 -57.6 -16
      vertex -4.2 -34.2 -1.6
      vertex -4.2 -34.2 -16
    endloop
  endfacet
  facet normal -1 -0 0
    outer loop
      vertex -4.2 -34.2 -1.6
      vertex -4.2 -57.6 -16
      vertex -4.2 -57.6 -1.6
    endloop
  endfacet
  facet normal 0 -1 0
    outer loop
      vertex -19.8 -34.2 -16
      vertex -4.2 -34.2 -1.6
      vertex -19.8 -34.2 -1.6
    endloop
  endfacet
  facet normal 0 -1 -0
    outer loop
      vertex -4.2 -34.2 -1.6
      vertex -19.8 -34.2 -16
      vertex -4.2 -34.2 -16
    endloop
  endfacet
  facet normal 0 -1 0
    outer loop
      vertex -27 -34.2 -16
      vertex -22.9 -34.2 -1.6
      vertex -27 -34.2 -1.6
    endloop
  endfacet
  facet normal 0 -1 -0
    outer loop
      vertex -22.9 -34.2 -1.6
      vertex -27 -34.2 -16
      vertex -22.9 -34.2 -16
    endloop
  endfacet
  facet normal 0 1 0
    outer loop
      vertex -11.5 -57.6 -5
      vertex -4.2 -57.6 -1.6
      vertex -5.5 -57.6 -5
    endloop
  endfacet
  facet normal 0 1 -0
    outer loop
      vertex -4.2 -57.6 -16
      vertex -5.5 -57.6 -5
      vertex -4.2 -57.6 -1.6
    endloop
  endfacet
  facet normal 0 1 0
    outer loop
      vertex -5.5 -57.6 -5
      vertex -4.2 -57.6 -16
      vertex -5.5 -57.6 -16
    endloop
  endfacet
  facet normal 0 1 0
    outer loop
      vertex -4.2 -57.6 -1.6
      vertex -11.5 -57.6 -5
      vertex -19.8 -57.6 -1.6
    endloop
  endfacet
  facet normal 0 1 0
    outer loop
      vertex -19.8 -57.6 -16
      vertex -11.5 -57.6 -5
      vertex -11.5 -57.6 -16
    endloop
  endfacet
  facet normal 0 1 0
    outer loop
      vertex -11.5 -57.6 -5
      vertex -19.8 -57.6 -16
      vertex -19.8 -57.6 -1.6
    endloop
  endfacet
  facet normal 0 1 -0
    outer loop
      vertex -22.9 -57.6 -16
      vertex -27.3 -57.6 -1.6
      vertex -22.9 -57.6 -1.6
    endloop
  endfacet
  facet normal 0 1 0
    outer loop
      vertex -27.3 -57.6 -1.6
      vertex -22.9 -57.6 -16
      vertex -27.3 -57.6 -16
    endloop
  endfacet
  facet normal 1 -0 0
    outer loop
      vertex -27.3 -57.6 -1.6
      vertex -27.3 -53.9805 -3.45745
      vertex -27.3 -53.2112 -1.6
    endloop
  endfacet
  facet normal 1 0 0
    outer loop
      vertex -27.3 -57.6 -1.6
      vertex -27.3 -54.519 -5.70041
      vertex -27.3 -53.9805 -3.45745
    endloop
  endfacet
  facet normal 1 0 0
    outer loop
      vertex -27.3 -57.6 -1.6
      vertex -27.3 -54.7 -8
      vertex -27.3 -54.519 -5.70041
    endloop
  endfacet
  facet normal 1 0 0
    outer loop
      vertex -27.3 -57.6 -16
      vertex -27.3 -54.7 -8
      vertex -27.3 -57.6 -1.6
    endloop
  endfacet
  facet normal 1 0 0
    outer loop
      vertex -27.3 -54.7 -8
      vertex -27.3 -57.6 -16
      vertex -27.3 -54.7 -16
    endloop
  endfacet
  facet normal -0 0 -1
    outer loop
      vertex -19.8 -34.2 -1.6
      vertex -27 -53.2112 -1.6
      vertex -22.9 -34.2 -1.6
    endloop
  endfacet
  facet normal 0 0 -1
    outer loop
      vertex -27.3 -57.6 -1.6
      vertex -27 -53.2112 -1.6
      vertex -22.9 -57.6 -1.6
    endloop
  endfacet
  facet normal -0 0 -1
    outer loop
      vertex -27 -53.2112 -1.6
      vertex -27.3 -57.6 -1.6
      vertex -27.3 -53.2112 -1.6
    endloop
  endfacet
  facet normal 0 0 -1
    outer loop
      vertex -22.9 -57.6 -1.6
      vertex -19.8 -57.6 -1.6
      vertex -19.8 -62.3 -1.6
    endloop
  endfacet
  facet normal 0 0 -1
    outer loop
      vertex -27 -53.2112 -1.6
      vertex -19.8 -57.6 -1.6
      vertex -22.9 -57.6 -1.6
    endloop
  endfacet
  facet normal 0 0 -1
    outer loop
      vertex -22.9 -57.6 -1.6
      vertex -19.8 -62.3 -1.6
      vertex -22.9 -62.3 -1.6
    endloop
  endfacet
  facet normal 0 0 -1
    outer loop
      vertex -19.8 -57.6 -1.6
      vertex -27 -53.2112 -1.6
      vertex -19.8 -34.2 -1.6
    endloop
  endfacet
  facet normal 0 0 -1
    outer loop
      vertex -19.8 -34.2 -1.6
      vertex -22.9 -34.2 -1.6
      vertex -19.8 -29.5 -1.6
    endloop
  endfacet
  facet normal -0 0 -1
    outer loop
      vertex -19.8 -29.5 -1.6
      vertex -22.9 -34.2 -1.6
      vertex -22.9 -29.5 -1.6
    endloop
  endfacet
  facet normal 0 0 -1
    outer loop
      vertex -19.8 -57.6 -1.6
      vertex -4.2 -34.2 -1.6
      vertex -4.2 -57.6 -1.6
    endloop
  endfacet
  facet normal -0 0 -1
    outer loop
      vertex -4.2 -34.2 -1.6
      vertex -19.8 -57.6 -1.6
      vertex -19.8 -34.2 -1.6
    endloop
  endfacet
  facet normal -0 0 -1
    outer loop
      vertex -22.9 -34.2 -1.6
      vertex -27 -53.2112 -1.6
      vertex -27 -34.2 -1.6
    endloop
  endfacet
  facet normal -1 0 0
    outer loop
      vertex -19.8 -34.2 -16
      vertex -19.8 -29.5 -1.6
      vertex -19.8 -29.5 -16
    endloop
  endfacet
  facet normal -1 -0 0
    outer loop
      vertex -19.8 -29.5 -1.6
      vertex -19.8 -34.2 -16
      vertex -19.8 -34.2 -1.6
    endloop
  endfacet
  facet normal -1 0 0
    outer loop
      vertex -19.8 -62.3 -16
      vertex -19.8 -57.6 -1.6
      vertex -19.8 -57.6 -16
    endloop
  endfacet
  facet normal -1 -0 0
    outer loop
      vertex -19.8 -57.6 -1.6
      vertex -19.8 -62.3 -16
      vertex -19.8 -62.3 -1.6
    endloop
  endfacet
  facet normal 0 -1 0
    outer loop
      vertex -22.9 -29.5 -16
      vertex -19.8 -29.5 -1.6
      vertex -22.9 -29.5 -1.6
    endloop
  endfacet
  facet normal 0 -1 -0
    outer loop
      vertex -19.8 -29.5 -1.6
      vertex -22.9 -29.5 -16
      vertex -19.8 -29.5 -16
    endloop
  endfacet
  facet normal 0 1 -0
    outer loop
      vertex -19.8 -62.3 -16
      vertex -22.9 -62.3 -1.6
      vertex -19.8 -62.3 -1.6
    endloop
  endfacet
  facet normal 0 1 0
    outer loop
      vertex -22.9 -62.3 -1.6
      vertex -19.8 -62.3 -16
      vertex -22.9 -62.3 -16
    endloop
  endfacet
  facet normal 1 -0 0
    outer loop
      vertex -22.9 -34.2 -1.6
      vertex -22.9 -29.5 -16
      vertex -22.9 -29.5 -1.6
    endloop
  endfacet
  facet normal 1 0 0
    outer loop
      vertex -22.9 -29.5 -16
      vertex -22.9 -34.2 -1.6
      vertex -22.9 -34.2 -16
    endloop
  endfacet
  facet normal 1 -0 0
    outer loop
      vertex -22.9 -62.3 -1.6
      vertex -22.9 -57.6 -16
      vertex -22.9 -57.6 -1.6
    endloop
  endfacet
  facet normal 1 0 0
    outer loop
      vertex -22.9 -57.6 -16
      vertex -22.9 -62.3 -1.6
      vertex -22.9 -62.3 -16
    endloop
  endfacet
  facet normal 0 -1 0
    outer loop
      vertex -33.3 -25.3 -16
      vertex -27 -25.3 -8
      vertex -33.3 -25.3 -8
    endloop
  endfacet
  facet normal 0 -1 -0
    outer loop
      vertex -27 -25.3 -8
      vertex -33.3 -25.3 -16
      vertex -27 -25.3 -16
    endloop
  endfacet
  facet normal 0 1 0
    outer loop
      vertex -27.3 -54.7 -8
      vertex -27.3 -54.7 -16
      vertex -33.3 -54.7 -8
    endloop
  endfacet
  facet normal 0 1 -0
    outer loop
      vertex -33.3 -54.7 -8
      vertex -38.7 -54.7 -4.8
      vertex -33.3 -54.7 -4.8
    endloop
  endfacet
  facet normal 0 1 0
    outer loop
      vertex -38.7 -54.7 -16
      vertex -33.3 -54.7 -8
      vertex -27.3 -54.7 -16
    endloop
  endfacet
  facet normal 0 1 0
    outer loop
      vertex -33.3 -54.7 -8
      vertex -38.7 -54.7 -16
      vertex -38.7 -54.7 -4.8
    endloop
  endfacet
  facet normal -1 0 0
    outer loop
      vertex -33.3 -54.519 -5.70041
      vertex -33.3 -54.7 -4.8
      vertex -33.3 -54.3028 -4.8
    endloop
  endfacet
  facet normal -1 0 0
    outer loop
      vertex -33.3 -54.7 -4.8
      vertex -33.3 -54.519 -5.70041
      vertex -33.3 -54.7 -8
    endloop
  endfacet
  facet normal -1 0 0
    outer loop
      vertex -33.3 -25.3 -8
      vertex -33.3 -16.5 -16
      vertex -33.3 -25.3 -16
    endloop
  endfacet
  facet normal -1 0 0
    outer loop
      vertex -33.3 -16.5 -16
      vertex -33.3 -25.3 -8
      vertex -33.3 -16.5 -4.8
    endloop
  endfacet
  facet normal -1 0 0
    outer loop
      vertex -33.3 -25.481 -5.70041
      vertex -33.3 -16.5 -4.8
      vertex -33.3 -25.3 -8
    endloop
  endfacet
  facet normal -1 -0 0
    outer loop
      vertex -33.3 -16.5 -4.8
      vertex -33.3 -25.481 -5.70041
      vertex -33.3 -25.6972 -4.8
    endloop
  endfacet
  facet normal 0 0 -1
    outer loop
      vertex -38.7 -54.7 -4.8
      vertex -33.3 -54.3028 -4.8
      vertex -33.3 -54.7 -4.8
    endloop
  endfacet
  facet normal -0 0 -1
    outer loop
      vertex -33.3 -54.3028 -4.8
      vertex -38.7 -54.7 -4.8
      vertex -38.7 -54.3028 -4.8
    endloop
  endfacet
  facet normal 0 0 -1
    outer loop
      vertex -38.7 -25.6972 -4.8
      vertex -33.3 -16.5 -4.8
      vertex -33.3 -25.6972 -4.8
    endloop
  endfacet
  facet normal -0 0 -1
    outer loop
      vertex -33.3 -16.5 -4.8
      vertex -38.7 -25.6972 -4.8
      vertex -38.7 -16.5 -4.8
    endloop
  endfacet
  facet normal -1 0 0
    outer loop
      vertex -5.5 -70 -16
      vertex -5.5 -57.6 -5
      vertex -5.5 -57.6 -16
    endloop
  endfacet
  facet normal -1 -0 0
    outer loop
      vertex -5.5 -57.6 -5
      vertex -5.5 -70 -16
      vertex -5.5 -70 -5
    endloop
  endfacet
  facet normal 0 1 -0
    outer loop
      vertex 18 -76 -16
      vertex -18 -76 -10
      vertex 18 -76 -10
    endloop
  endfacet
  facet normal 0 1 0
    outer loop
      vertex -18 -76 -10
      vertex 18 -76 -16
      vertex -18 -76 -16
    endloop
  endfacet
  facet normal 1 -0 0
    outer loop
      vertex -11.5 -70 -5
      vertex -11.5 -57.6 -16
      vertex -11.5 -57.6 -5
    endloop
  endfacet
  facet normal 1 0 0
    outer loop
      vertex -11.5 -57.6 -16
      vertex -11.5 -70 -5
      vertex -11.5 -70 -16
    endloop
  endfacet
  facet normal 0 0 -1
    outer loop
      vertex -11.5 -70 -5
      vertex -5.5 -57.6 -5
      vertex -5.5 -70 -5
    endloop
  endfacet
  facet normal -0 0 -1
    outer loop
      vertex -5.5 -57.6 -5
      vertex -11.5 -70 -5
      vertex -11.5 -57.6 -5
    endloop
  endfacet
  facet normal 0 0 -1
    outer loop
      vertex 5.5 -70 -5
      vertex 11.5 -57.6 -5
      vertex 11.5 -70 -5
    endloop
  endfacet
  facet normal -0 0 -1
    outer loop
      vertex 11.5 -57.6 -5
      vertex 5.5 -70 -5
      vertex 5.5 -57.6 -5
    endloop
  endfacet
  facet normal -1 0 0
    outer loop
      vertex 18 -76 -16
      vertex 18 -70 -10
      vertex 18 -70 -16
    endloop
  endfacet
  facet normal -1 -0 0
    outer loop
      vertex 18 -70 -10
      vertex 18 -76 -16
      vertex 18 -76 -10
    endloop
  endfacet
  facet normal 0 -1 0
    outer loop
      vertex 11.5 -70 -16
      vertex 18 -70 -10
      vertex 11.5 -70 -5
    endloop
  endfacet
  facet normal 0 -1 -0
    outer loop
      vertex 18 -70 -10
      vertex 11.5 -70 -16
      vertex 18 -70 -16
    endloop
  endfacet
  facet normal 0 -1 0
    outer loop
      vertex -5.5 -70 -16
      vertex 5.5 -70 -5
      vertex -5.5 -70 -5
    endloop
  endfacet
  facet normal 0 -1 -0
    outer loop
      vertex 5.5 -70 -5
      vertex -5.5 -70 -16
      vertex 5.5 -70 -16
    endloop
  endfacet
  facet normal 0 -1 0
    outer loop
      vertex -5.5 -70 -5
      vertex -20 -70 5
      vertex -11.5 -70 -5
    endloop
  endfacet
  facet normal 0 -1 0
    outer loop
      vertex -18 -70 -10
      vertex -20 -70 5
      vertex -20 -70 -10
    endloop
  endfacet
  facet normal 0 -1 0
    outer loop
      vertex -20 -70 5
      vertex -18 -70 -10
      vertex -11.5 -70 -5
    endloop
  endfacet
  facet normal 0 -1 0
    outer loop
      vertex -11.5 -70 -16
      vertex -18 -70 -10
      vertex -18 -70 -16
    endloop
  endfacet
  facet normal 0 -1 0
    outer loop
      vertex -18 -70 -10
      vertex -11.5 -70 -16
      vertex -11.5 -70 -5
    endloop
  endfacet
  facet normal 0 -1 0
    outer loop
      vertex -20 -70 5
      vertex -36.5 -70 16
      vertex -36.5 -70 5
    endloop
  endfacet
  facet normal 0 -1 0
    outer loop
      vertex -36.5 -70 16
      vertex -20 -70 5
      vertex 36.5 -70 16
    endloop
  endfacet
  facet normal 0 -1 0
    outer loop
      vertex 20 -70 5
      vertex 36.5 -70 16
      vertex -20 -70 5
    endloop
  endfacet
  facet normal 0 -1 -0
    outer loop
      vertex 36.5 -70 16
      vertex 20 -70 5
      vertex 36.5 -70 5
    endloop
  endfacet
  facet normal 0 -1 0
    outer loop
      vertex -20 -70 5
      vertex -5.5 -70 -5
      vertex 20 -70 5
    endloop
  endfacet
  facet normal 0 -1 0
    outer loop
      vertex 5.5 -70 -5
      vertex 20 -70 5
      vertex -5.5 -70 -5
    endloop
  endfacet
  facet normal 0 -1 0
    outer loop
      vertex 11.5 -70 -5
      vertex 20 -70 5
      vertex 5.5 -70 -5
    endloop
  endfacet
  facet normal 0 -1 0
    outer loop
      vertex 18 -70 -10
      vertex 20 -70 5
      vertex 11.5 -70 -5
    endloop
  endfacet
  facet normal 0 -1 -0
    outer loop
      vertex 20 -70 5
      vertex 18 -70 -10
      vertex 20 -70 -10
    endloop
  endfacet
  facet normal 1 -0 0
    outer loop
      vertex -18 -76 -10
      vertex -18 -70 -16
      vertex -18 -70 -10
    endloop
  endfacet
  facet normal 1 0 0
    outer loop
      vertex -18 -70 -16
      vertex -18 -76 -10
      vertex -18 -76 -16
    endloop
  endfacet
  facet normal 0 -0.972362 0.233477
    outer loop
      vertex -21 -25.481 5.70041
      vertex -14.7 -25.6972 4.8
      vertex -14.7 -25.481 5.70041
    endloop
  endfacet
  facet normal -3.93382e-06 -0.972369 0.233451
    outer loop
      vertex -21 -26.0195 3.45745
      vertex -14.7 -25.6972 4.8
      vertex -21 -25.481 5.70041
    endloop
  endfacet
  facet normal 0 -0.972373 0.233433
    outer loop
      vertex -9.3 -26.0195 3.45745
      vertex -14.7 -25.6972 4.8
      vertex -21 -26.0195 3.45745
    endloop
  endfacet
  facet normal 0 -0.972373 0.233433
    outer loop
      vertex -14.7 -25.6972 4.8
      vertex -9.3 -26.0195 3.45745
      vertex -9.3 -25.6972 4.8
    endloop
  endfacet
  facet normal 0 0.923894 0.382649
    outer loop
      vertex -9.3 -53.9805 3.45745
      vertex -20.7 -53.2112 1.6
      vertex -20.7 -53.9805 3.45745
    endloop
  endfacet
  facet normal -4.11436e-06 0.923885 0.382671
    outer loop
      vertex -9.3 -53.0978 1.32634
      vertex -20.7 -53.2112 1.6
      vertex -9.3 -53.9805 3.45745
    endloop
  endfacet
  facet normal -0 0.923824 0.382817
    outer loop
      vertex -21 -53.0978 1.32634
      vertex -20.7 -53.2112 1.6
      vertex -9.3 -53.0978 1.32634
    endloop
  endfacet
  facet normal 0 0.923824 0.382817
    outer loop
      vertex -20.7 -53.2112 1.6
      vertex -21 -53.0978 1.32634
      vertex -21 -53.2112 1.6
    endloop
  endfacet
  facet normal -1 0 0
    outer loop
      vertex -9.3 -25.6972 4.8
      vertex -9.3 -16.5 16
      vertex -9.3 -16.5 4.8
    endloop
  endfacet
  facet normal -1 0 0
    outer loop
      vertex -9.3 -27.4086 0.5
      vertex -9.3 -26.0195 3.45745
      vertex -9.3 -26.9022 1.32634
    endloop
  endfacet
  facet normal -1 -0 0
    outer loop
      vertex -9.3 -26.0195 3.45745
      vertex -9.3 -27.4086 0.5
      vertex -9.3 -25.6972 4.8
    endloop
  endfacet
  facet normal -1 0 0
    outer loop
      vertex -9.3 -52.5914 0.5
      vertex -9.3 -25.6972 4.8
      vertex -9.3 -27.4086 0.5
    endloop
  endfacet
  facet normal -1 0 0
    outer loop
      vertex -9.3 -54.3028 4.8
      vertex -9.3 -25.6972 4.8
      vertex -9.3 -52.5914 0.5
    endloop
  endfacet
  facet normal -1 0 0
    outer loop
      vertex -9.3 -53.9805 3.45745
      vertex -9.3 -52.5914 0.5
      vertex -9.3 -53.0978 1.32634
    endloop
  endfacet
  facet normal -1 0 0
    outer loop
      vertex -9.3 -52.5914 0.5
      vertex -9.3 -53.9805 3.45745
      vertex -9.3 -54.3028 4.8
    endloop
  endfacet
  facet normal -1 0 0
    outer loop
      vertex -9.3 -54.7 16
      vertex -9.3 -25.6972 4.8
      vertex -9.3 -54.3028 4.8
    endloop
  endfacet
  facet normal -1 0 0
    outer loop
      vertex -9.3 -54.7 16
      vertex -9.3 -54.3028 4.8
      vertex -9.3 -54.7 4.8
    endloop
  endfacet
  facet normal -1 0 0
    outer loop
      vertex -9.3 -25.6972 4.8
      vertex -9.3 -54.7 16
      vertex -9.3 -16.5 16
    endloop
  endfacet
  facet normal 0 0.996917 0.078467
    outer loop
      vertex -14.7 -54.519 5.70041
      vertex -20.7 -54.7 8
      vertex -14.7 -54.7 8
    endloop
  endfacet
  facet normal 0 0.996917 0.078467
    outer loop
      vertex -20.7 -54.7 8
      vertex -14.7 -54.519 5.70041
      vertex -20.7 -54.519 5.70041
    endloop
  endfacet
  facet normal 0 -0.852632 0.522512
    outer loop
      vertex -21 -27.4086 0.5
      vertex -9.3 -26.9022 1.32634
      vertex -21 -26.9022 1.32634
    endloop
  endfacet
  facet normal 0 -0.852632 0.522512
    outer loop
      vertex -9.3 -26.9022 1.32634
      vertex -21 -27.4086 0.5
      vertex -9.3 -27.4086 0.5
    endloop
  endfacet
  facet normal 0 -0.923885 0.382671
    outer loop
      vertex -21 -26.9022 1.32634
      vertex -9.3 -26.0195 3.45745
      vertex -21 -26.0195 3.45745
    endloop
  endfacet
  facet normal 0 -0.923885 0.382671
    outer loop
      vertex -9.3 -26.0195 3.45745
      vertex -21 -26.9022 1.32634
      vertex -9.3 -26.9022 1.32634
    endloop
  endfacet
  facet normal 0 0.972373 0.233433
    outer loop
      vertex -9.3 -54.3028 4.8
      vertex -9.3 -53.9805 3.45745
      vertex -14.7 -54.3028 4.8
    endloop
  endfacet
  facet normal 0 0.972362 0.233477
    outer loop
      vertex -14.7 -54.3028 4.8
      vertex -20.7 -54.519 5.70041
      vertex -14.7 -54.519 5.70041
    endloop
  endfacet
  facet normal -0 0.972373 0.233433
    outer loop
      vertex -20.7 -53.9805 3.45745
      vertex -14.7 -54.3028 4.8
      vertex -9.3 -53.9805 3.45745
    endloop
  endfacet
  facet normal -4.13051e-06 0.972369 0.233451
    outer loop
      vertex -14.7 -54.3028 4.8
      vertex -20.7 -53.9805 3.45745
      vertex -20.7 -54.519 5.70041
    endloop
  endfacet
  facet normal 0 0.852632 0.522512
    outer loop
      vertex -9.3 -52.5914 0.5
      vertex -21 -53.0978 1.32634
      vertex -9.3 -53.0978 1.32634
    endloop
  endfacet
  facet normal 0 0.852632 0.522512
    outer loop
      vertex -21 -53.0978 1.32634
      vertex -9.3 -52.5914 0.5
      vertex -21 -52.5914 0.5
    endloop
  endfacet
  facet normal 1 -0 0
    outer loop
      vertex -21 -34.2 16
      vertex -21 -25.3 8
      vertex -21 -25.3 16
    endloop
  endfacet
  facet normal 1 0 0
    outer loop
      vertex -21 -34.2 1.6
      vertex -21 -25.3 8
      vertex -21 -34.2 16
    endloop
  endfacet
  facet normal 1 0 0
    outer loop
      vertex -21 -25.3 8
      vertex -21 -34.2 1.6
      vertex -21 -25.481 5.70041
    endloop
  endfacet
  facet normal 1 0 0
    outer loop
      vertex -21 -25.481 5.70041
      vertex -21 -34.2 1.6
      vertex -21 -26.0195 3.45745
    endloop
  endfacet
  facet normal 1 0 0
    outer loop
      vertex -21 -26.0195 3.45745
      vertex -21 -34.2 1.6
      vertex -21 -26.9022 1.32634
    endloop
  endfacet
  facet normal 1 0 0
    outer loop
      vertex -21 -26.9022 1.32634
      vertex -21 -34.2 1.6
      vertex -21 -27.4086 0.5
    endloop
  endfacet
  facet normal 1 0 0
    outer loop
      vertex -21 -34.2 1.6
      vertex -21 -52.5914 0.5
      vertex -21 -27.4086 0.5
    endloop
  endfacet
  facet normal 1 -0 0
    outer loop
      vertex -21 -53.2112 1.6
      vertex -21 -52.5914 0.5
      vertex -21 -34.2 1.6
    endloop
  endfacet
  facet normal 1 0 0
    outer loop
      vertex -21 -52.5914 0.5
      vertex -21 -53.2112 1.6
      vertex -21 -53.0978 1.32634
    endloop
  endfacet
  facet normal 0 -0.996917 0.078467
    outer loop
      vertex -21 -25.481 5.70041
      vertex -14.7 -25.3 8
      vertex -21 -25.3 8
    endloop
  endfacet
  facet normal 0 -0.996917 0.078467
    outer loop
      vertex -14.7 -25.3 8
      vertex -21 -25.481 5.70041
      vertex -14.7 -25.481 5.70041
    endloop
  endfacet
  facet normal -0 0 1
    outer loop
      vertex -21 -27.4086 0.5
      vertex -9.3 -52.5914 0.5
      vertex -9.3 -27.4086 0.5
    endloop
  endfacet
  facet normal 0 0 1
    outer loop
      vertex -9.3 -52.5914 0.5
      vertex -21 -27.4086 0.5
      vertex -21 -52.5914 0.5
    endloop
  endfacet
  facet normal -1 0 0
    outer loop
      vertex -20.7 -57.6 1.6
      vertex -20.7 -53.9805 3.45745
      vertex -20.7 -53.2112 1.6
    endloop
  endfacet
  facet normal -1 0 0
    outer loop
      vertex -20.7 -57.6 1.6
      vertex -20.7 -54.519 5.70041
      vertex -20.7 -53.9805 3.45745
    endloop
  endfacet
  facet normal -1 0 0
    outer loop
      vertex -20.7 -57.6 1.6
      vertex -20.7 -54.7 8
      vertex -20.7 -54.519 5.70041
    endloop
  endfacet
  facet normal -1 0 0
    outer loop
      vertex -20.7 -57.6 16
      vertex -20.7 -54.7 8
      vertex -20.7 -57.6 1.6
    endloop
  endfacet
  facet normal -1 0 0
    outer loop
      vertex -20.7 -54.7 8
      vertex -20.7 -57.6 16
      vertex -20.7 -54.7 16
    endloop
  endfacet
  facet normal 0 -1 0
    outer loop
      vertex -43.8 -34.2 1.6
      vertex -28.2 -34.2 16
      vertex -43.8 -34.2 16
    endloop
  endfacet
  facet normal 0 -1 -0
    outer loop
      vertex -28.2 -34.2 16
      vertex -43.8 -34.2 1.6
      vertex -28.2 -34.2 1.6
    endloop
  endfacet
  facet normal 0 -1 0
    outer loop
      vertex -25.1 -34.2 1.6
      vertex -21 -34.2 16
      vertex -25.1 -34.2 16
    endloop
  endfacet
  facet normal 0 -1 -0
    outer loop
      vertex -21 -34.2 16
      vertex -25.1 -34.2 1.6
      vertex -21 -34.2 1.6
    endloop
  endfacet
  facet normal 0 1 -0
    outer loop
      vertex -20.7 -57.6 1.6
      vertex -25.1 -57.6 16
      vertex -20.7 -57.6 16
    endloop
  endfacet
  facet normal 0 1 0
    outer loop
      vertex -25.1 -57.6 16
      vertex -20.7 -57.6 1.6
      vertex -25.1 -57.6 1.6
    endloop
  endfacet
  facet normal 0 1 0
    outer loop
      vertex -28.2 -57.6 16
      vertex -36.5 -57.6 5
      vertex -36.5 -57.6 16
    endloop
  endfacet
  facet normal 0 1 0
    outer loop
      vertex -43.8 -57.6 1.6
      vertex -36.5 -57.6 5
      vertex -28.2 -57.6 1.6
    endloop
  endfacet
  facet normal 0 1 -0
    outer loop
      vertex -28.2 -57.6 1.6
      vertex -36.5 -57.6 5
      vertex -28.2 -57.6 16
    endloop
  endfacet
  facet normal 0 1 -0
    outer loop
      vertex -42.5 -57.6 5
      vertex -43.8 -57.6 16
      vertex -42.5 -57.6 16
    endloop
  endfacet
  facet normal 0 1 0
    outer loop
      vertex -42.5 -57.6 5
      vertex -43.8 -57.6 1.6
      vertex -43.8 -57.6 16
    endloop
  endfacet
  facet normal 0 1 0
    outer loop
      vertex -36.5 -57.6 5
      vertex -43.8 -57.6 1.6
      vertex -42.5 -57.6 5
    endloop
  endfacet
  facet normal 1 -0 0
    outer loop
      vertex -43.8 -57.6 16
      vertex -43.8 -34.2 1.6
      vertex -43.8 -34.2 16
    endloop
  endfacet
  facet normal 1 0 0
    outer loop
      vertex -43.8 -34.2 1.6
      vertex -43.8 -57.6 16
      vertex -43.8 -57.6 1.6
    endloop
  endfacet
  facet normal 0 0 1
    outer loop
      vertex -21 -34.2 1.6
      vertex -25.1 -34.2 1.6
      vertex -21 -53.2112 1.6
    endloop
  endfacet
  facet normal -0 0 1
    outer loop
      vertex -21 -53.2112 1.6
      vertex -20.7 -57.6 1.6
      vertex -20.7 -53.2112 1.6
    endloop
  endfacet
  facet normal -0 0 1
    outer loop
      vertex -28.2 -34.2 1.6
      vertex -21 -53.2112 1.6
      vertex -25.1 -34.2 1.6
    endloop
  endfacet
  facet normal 0 0 1
    outer loop
      vertex -21 -53.2112 1.6
      vertex -25.1 -57.6 1.6
      vertex -20.7 -57.6 1.6
    endloop
  endfacet
  facet normal -0 0 1
    outer loop
      vertex -43.8 -34.2 1.6
      vertex -28.2 -57.6 1.6
      vertex -28.2 -34.2 1.6
    endloop
  endfacet
  facet normal 0 0 1
    outer loop
      vertex -28.2 -57.6 1.6
      vertex -43.8 -34.2 1.6
      vertex -43.8 -57.6 1.6
    endloop
  endfacet
  facet normal 0 0 1
    outer loop
      vertex -28.2 -34.2 1.6
      vertex -25.1 -34.2 1.6
      vertex -25.1 -29.5 1.6
    endloop
  endfacet
  facet normal 0 0 1
    outer loop
      vertex -28.2 -57.6 1.6
      vertex -21 -53.2112 1.6
      vertex -28.2 -34.2 1.6
    endloop
  endfacet
  facet normal 0 0 1
    outer loop
      vertex -28.2 -34.2 1.6
      vertex -25.1 -29.5 1.6
      vertex -28.2 -29.5 1.6
    endloop
  endfacet
  facet normal 0 0 1
    outer loop
      vertex -21 -53.2112 1.6
      vertex -28.2 -57.6 1.6
      vertex -25.1 -57.6 1.6
    endloop
  endfacet
  facet normal 0 0 1
    outer loop
      vertex -25.1 -57.6 1.6
      vertex -28.2 -57.6 1.6
      vertex -25.1 -62.3 1.6
    endloop
  endfacet
  facet normal 0 0 1
    outer loop
      vertex -25.1 -62.3 1.6
      vertex -28.2 -57.6 1.6
      vertex -28.2 -62.3 1.6
    endloop
  endfacet
  facet normal -1 0 0
    outer loop
      vertex -25.1 -34.2 1.6
      vertex -25.1 -29.5 16
      vertex -25.1 -29.5 1.6
    endloop
  endfacet
  facet normal -1 -0 0
    outer loop
      vertex -25.1 -29.5 16
      vertex -25.1 -34.2 1.6
      vertex -25.1 -34.2 16
    endloop
  endfacet
  facet normal -1 0 0
    outer loop
      vertex -25.1 -62.3 1.6
      vertex -25.1 -57.6 16
      vertex -25.1 -57.6 1.6
    endloop
  endfacet
  facet normal -1 -0 0
    outer loop
      vertex -25.1 -57.6 16
      vertex -25.1 -62.3 1.6
      vertex -25.1 -62.3 16
    endloop
  endfacet
  facet normal 0 -1 0
    outer loop
      vertex -28.2 -29.5 1.6
      vertex -25.1 -29.5 16
      vertex -28.2 -29.5 16
    endloop
  endfacet
  facet normal 0 -1 -0
    outer loop
      vertex -25.1 -29.5 16
      vertex -28.2 -29.5 1.6
      vertex -25.1 -29.5 1.6
    endloop
  endfacet
  facet normal 0 1 -0
    outer loop
      vertex -25.1 -62.3 1.6
      vertex -28.2 -62.3 16
      vertex -25.1 -62.3 16
    endloop
  endfacet
  facet normal 0 1 0
    outer loop
      vertex -28.2 -62.3 16
      vertex -25.1 -62.3 1.6
      vertex -28.2 -62.3 1.6
    endloop
  endfacet
  facet normal 1 -0 0
    outer loop
      vertex -28.2 -34.2 16
      vertex -28.2 -29.5 1.6
      vertex -28.2 -29.5 16
    endloop
  endfacet
  facet normal 1 0 0
    outer loop
      vertex -28.2 -29.5 1.6
      vertex -28.2 -34.2 16
      vertex -28.2 -34.2 1.6
    endloop
  endfacet
  facet normal 1 -0 0
    outer loop
      vertex -28.2 -62.3 16
      vertex -28.2 -57.6 1.6
      vertex -28.2 -57.6 16
    endloop
  endfacet
  facet normal 1 0 0
    outer loop
      vertex -28.2 -57.6 1.6
      vertex -28.2 -62.3 16
      vertex -28.2 -62.3 1.6
    endloop
  endfacet
  facet normal 0 -1 0
    outer loop
      vertex -21 -25.3 8
      vertex -14.7 -25.3 16
      vertex -21 -25.3 16
    endloop
  endfacet
  facet normal 0 -1 -0
    outer loop
      vertex -14.7 -25.3 16
      vertex -21 -25.3 8
      vertex -14.7 -25.3 8
    endloop
  endfacet
  facet normal 0 1 0
    outer loop
      vertex -9.3 -54.7 16
      vertex -14.7 -54.7 8
      vertex -20.7 -54.7 16
    endloop
  endfacet
  facet normal 0 1 -0
    outer loop
      vertex -9.3 -54.7 4.8
      vertex -14.7 -54.7 8
      vertex -9.3 -54.7 16
    endloop
  endfacet
  facet normal 0 1 0
    outer loop
      vertex -14.7 -54.7 8
      vertex -9.3 -54.7 4.8
      vertex -14.7 -54.7 4.8
    endloop
  endfacet
  facet normal 0 1 0
    outer loop
      vertex -20.7 -54.7 16
      vertex -14.7 -54.7 8
      vertex -20.7 -54.7 8
    endloop
  endfacet
  facet normal 1 0 0
    outer loop
      vertex -14.7 -54.519 5.70041
      vertex -14.7 -54.7 4.8
      vertex -14.7 -54.3028 4.8
    endloop
  endfacet
  facet normal 1 0 0
    outer loop
      vertex -14.7 -54.7 4.8
      vertex -14.7 -54.519 5.70041
      vertex -14.7 -54.7 8
    endloop
  endfacet
  facet normal 1 0 0
    outer loop
      vertex -14.7 -25.3 8
      vertex -14.7 -16.5 16
      vertex -14.7 -25.3 16
    endloop
  endfacet
  facet normal 1 0 0
    outer loop
      vertex -14.7 -16.5 16
      vertex -14.7 -25.3 8
      vertex -14.7 -16.5 4.8
    endloop
  endfacet
  facet normal 1 -0 0
    outer loop
      vertex -14.7 -25.481 5.70041
      vertex -14.7 -16.5 4.8
      vertex -14.7 -25.3 8
    endloop
  endfacet
  facet normal 1 0 0
    outer loop
      vertex -14.7 -16.5 4.8
      vertex -14.7 -25.481 5.70041
      vertex -14.7 -25.6972 4.8
    endloop
  endfacet
  facet normal -0 0 1
    outer loop
      vertex -14.7 -54.3028 4.8
      vertex -9.3 -54.7 4.8
      vertex -9.3 -54.3028 4.8
    endloop
  endfacet
  facet normal 0 0 1
    outer loop
      vertex -9.3 -54.7 4.8
      vertex -14.7 -54.3028 4.8
      vertex -14.7 -54.7 4.8
    endloop
  endfacet
  facet normal -0 0 1
    outer loop
      vertex -14.7 -16.5 4.8
      vertex -9.3 -25.6972 4.8
      vertex -9.3 -16.5 4.8
    endloop
  endfacet
  facet normal 0 0 1
    outer loop
      vertex -9.3 -25.6972 4.8
      vertex -14.7 -16.5 4.8
      vertex -14.7 -25.6972 4.8
    endloop
  endfacet
  facet normal -1 0 0
    outer loop
      vertex -36.5 -70 5
      vertex -36.5 -57.6 16
      vertex -36.5 -57.6 5
    endloop
  endfacet
  facet normal -1 -0 0
    outer loop
      vertex -36.5 -57.6 16
      vertex -36.5 -70 5
      vertex -36.5 -70 16
    endloop
  endfacet
  facet normal 0 1 -0
    outer loop
      vertex 20 -76 10
      vertex -39.0616 -76 16
      vertex 42.5 -76 16
    endloop
  endfacet
  facet normal 0 1 0
    outer loop
      vertex -39.0616 -76 16
      vertex -20 -76 10
      vertex -39.8873 -76 14.6527
    endloop
  endfacet
  facet normal 0 1 -0
    outer loop
      vertex -20 -76 5
      vertex -39.8873 -76 14.6527
      vertex -20 -76 10
    endloop
  endfacet
  facet normal 0 1 0
    outer loop
      vertex -39.0616 -76 16
      vertex 20 -76 10
      vertex -20 -76 10
    endloop
  endfacet
  facet normal 0 1 -0
    outer loop
      vertex 42.5 -76 5
      vertex 20 -76 10
      vertex 42.5 -76 16
    endloop
  endfacet
  facet normal 0 1 0
    outer loop
      vertex 20 -76 10
      vertex 42.5 -76 5
      vertex 20 -76 5
    endloop
  endfacet
  facet normal 0 1 0
    outer loop
      vertex -42.5 -76 5
      vertex -39.8873 -76 14.6527
      vertex -20 -76 5
    endloop
  endfacet
  facet normal 0 1 0
    outer loop
      vertex -39.8873 -76 14.6527
      vertex -42.5 -76 5
      vertex -41.1612 -76 13.1612
    endloop
  endfacet
  facet normal 0 1 0
    outer loop
      vertex -41.1612 -76 13.1612
      vertex -42.5 -76 5
      vertex -42.5 -76 12.0177
    endloop
  endfacet
  facet normal 1 0 0
    outer loop
      vertex -42.5 -69.5 12.0177
      vertex -42.5 -57.6 16
      vertex -42.5 -69.5 16
    endloop
  endfacet
  facet normal 1 0 0
    outer loop
      vertex -42.5 -57.6 16
      vertex -42.5 -69.5 12.0177
      vertex -42.5 -57.6 5
    endloop
  endfacet
  facet normal 1 0 0
    outer loop
      vertex -42.5 -76 5
      vertex -42.5 -69.5 12.0177
      vertex -42.5 -76 12.0177
    endloop
  endfacet
  facet normal 1 0 0
    outer loop
      vertex -42.5 -69.5 12.0177
      vertex -42.5 -76 5
      vertex -42.5 -57.6 5
    endloop
  endfacet
  facet normal 0 0 1
    outer loop
      vertex -36.5 -57.6 5
      vertex -42.5 -57.6 5
      vertex -36.5 -70 5
    endloop
  endfacet
  facet normal -0 0 1
    outer loop
      vertex -36.5 -70 5
      vertex -20 -76 5
      vertex -20 -70 5
    endloop
  endfacet
  facet normal 0 0 1
    outer loop
      vertex -36.5 -70 5
      vertex -42.5 -76 5
      vertex -20 -76 5
    endloop
  endfacet
  facet normal 0 0 1
    outer loop
      vertex -42.5 -76 5
      vertex -36.5 -70 5
      vertex -42.5 -57.6 5
    endloop
  endfacet
  facet normal 0 0 1
    outer loop
      vertex 36.5 -70 5
      vertex 42.5 -57.6 5
      vertex 36.5 -57.6 5
    endloop
  endfacet
  facet normal 0 0 1
    outer loop
      vertex 42.5 -57.6 5
      vertex 36.5 -70 5
      vertex 42.5 -76 5
    endloop
  endfacet
  facet normal 0 0 1
    outer loop
      vertex 20 -76 5
      vertex 36.5 -70 5
      vertex 20 -70 5
    endloop
  endfacet
  facet normal 0 0 1
    outer loop
      vertex 36.5 -70 5
      vertex 20 -76 5
      vertex 42.5 -76 5
    endloop
  endfacet
  facet normal 0 0.972362 0.233477
    outer loop
      vertex 20.7 -54.519 5.70041
      vertex 14.7 -54.3028 4.8
      vertex 14.7 -54.519 5.70041
    endloop
  endfacet
  facet normal 4.13051e-06 0.972369 0.233451
    outer loop
      vertex 20.7 -53.9805 3.45745
      vertex 14.7 -54.3028 4.8
      vertex 20.7 -54.519 5.70041
    endloop
  endfacet
  facet normal -0 0.972373 0.233433
    outer loop
      vertex 9.3 -53.9805 3.45745
      vertex 14.7 -54.3028 4.8
      vertex 20.7 -53.9805 3.45745
    endloop
  endfacet
  facet normal 0 0.972373 0.233433
    outer loop
      vertex 14.7 -54.3028 4.8
      vertex 9.3 -53.9805 3.45745
      vertex 9.3 -54.3028 4.8
    endloop
  endfacet
  facet normal 0 0.852632 0.522512
    outer loop
      vertex 21 -52.5914 0.5
      vertex 9.3 -53.0978 1.32634
      vertex 21 -53.0978 1.32634
    endloop
  endfacet
  facet normal 0 0.852632 0.522512
    outer loop
      vertex 9.3 -53.0978 1.32634
      vertex 21 -52.5914 0.5
      vertex 9.3 -52.5914 0.5
    endloop
  endfacet
  facet normal 0 0.923824 0.382817
    outer loop
      vertex 21 -53.2112 1.6
      vertex 21 -53.0978 1.32634
      vertex 20.7 -53.2112 1.6
    endloop
  endfacet
  facet normal 0 0.923894 0.382649
    outer loop
      vertex 20.7 -53.2112 1.6
      vertex 9.3 -53.9805 3.45745
      vertex 20.7 -53.9805 3.45745
    endloop
  endfacet
  facet normal -0 0.923824 0.382817
    outer loop
      vertex 9.3 -53.0978 1.32634
      vertex 20.7 -53.2112 1.6
      vertex 21 -53.0978 1.32634
    endloop
  endfacet
  facet normal 4.11436e-06 0.923885 0.382671
    outer loop
      vertex 20.7 -53.2112 1.6
      vertex 9.3 -53.0978 1.32634
      vertex 9.3 -53.9805 3.45745
    endloop
  endfacet
  facet normal 0 0.996917 0.078467
    outer loop
      vertex 20.7 -54.519 5.70041
      vertex 14.7 -54.7 8
      vertex 20.7 -54.7 8
    endloop
  endfacet
  facet normal 0 0.996917 0.078467
    outer loop
      vertex 14.7 -54.7 8
      vertex 20.7 -54.519 5.70041
      vertex 14.7 -54.519 5.70041
    endloop
  endfacet
  facet normal 0 -0.972373 0.233433
    outer loop
      vertex 9.3 -25.6972 4.8
      vertex 9.3 -26.0195 3.45745
      vertex 14.7 -25.6972 4.8
    endloop
  endfacet
  facet normal 0 -0.972362 0.233477
    outer loop
      vertex 14.7 -25.6972 4.8
      vertex 21 -25.481 5.70041
      vertex 14.7 -25.481 5.70041
    endloop
  endfacet
  facet normal 0 -0.972373 0.233433
    outer loop
      vertex 21 -26.0195 3.45745
      vertex 14.7 -25.6972 4.8
      vertex 9.3 -26.0195 3.45745
    endloop
  endfacet
  facet normal 3.93382e-06 -0.972369 0.233451
    outer loop
      vertex 14.7 -25.6972 4.8
      vertex 21 -26.0195 3.45745
      vertex 21 -25.481 5.70041
    endloop
  endfacet
  facet normal 0 -0.996917 0.078467
    outer loop
      vertex 14.7 -25.481 5.70041
      vertex 21 -25.3 8
      vertex 14.7 -25.3 8
    endloop
  endfacet
  facet normal 0 -0.996917 0.078467
    outer loop
      vertex 21 -25.3 8
      vertex 14.7 -25.481 5.70041
      vertex 21 -25.481 5.70041
    endloop
  endfacet
  facet normal 0 -0.852632 0.522512
    outer loop
      vertex 9.3 -27.4086 0.5
      vertex 21 -26.9022 1.32634
      vertex 9.3 -26.9022 1.32634
    endloop
  endfacet
  facet normal 0 -0.852632 0.522512
    outer loop
      vertex 21 -26.9022 1.32634
      vertex 9.3 -27.4086 0.5
      vertex 21 -27.4086 0.5
    endloop
  endfacet
  facet normal 1 0 0
    outer loop
      vertex 9.3 -16.5 16
      vertex 9.3 -25.6972 4.8
      vertex 9.3 -16.5 4.8
    endloop
  endfacet
  facet normal 1 0 0
    outer loop
      vertex 9.3 -27.4086 0.5
      vertex 9.3 -26.0195 3.45745
      vertex 9.3 -25.6972 4.8
    endloop
  endfacet
  facet normal 1 0 0
    outer loop
      vertex 9.3 -26.0195 3.45745
      vertex 9.3 -27.4086 0.5
      vertex 9.3 -26.9022 1.32634
    endloop
  endfacet
  facet normal 1 0 0
    outer loop
      vertex 9.3 -25.6972 4.8
      vertex 9.3 -52.5914 0.5
      vertex 9.3 -27.4086 0.5
    endloop
  endfacet
  facet normal 1 -0 0
    outer loop
      vertex 9.3 -54.7 16
      vertex 9.3 -25.6972 4.8
      vertex 9.3 -16.5 16
    endloop
  endfacet
  facet normal 1 0 0
    outer loop
      vertex 9.3 -25.6972 4.8
      vertex 9.3 -54.3028 4.8
      vertex 9.3 -52.5914 0.5
    endloop
  endfacet
  facet normal 1 -0 -0
    outer loop
      vertex 9.3 -53.9805 3.45745
      vertex 9.3 -52.5914 0.5
      vertex 9.3 -54.3028 4.8
    endloop
  endfacet
  facet normal 1 0 0
    outer loop
      vertex 9.3 -52.5914 0.5
      vertex 9.3 -53.9805 3.45745
      vertex 9.3 -53.0978 1.32634
    endloop
  endfacet
  facet normal 1 0 0
    outer loop
      vertex 9.3 -25.6972 4.8
      vertex 9.3 -54.7 16
      vertex 9.3 -54.3028 4.8
    endloop
  endfacet
  facet normal 1 0 0
    outer loop
      vertex 9.3 -54.3028 4.8
      vertex 9.3 -54.7 16
      vertex 9.3 -54.7 4.8
    endloop
  endfacet
  facet normal 0 -0.923885 0.382671
    outer loop
      vertex 9.3 -26.9022 1.32634
      vertex 21 -26.0195 3.45745
      vertex 9.3 -26.0195 3.45745
    endloop
  endfacet
  facet normal 0 -0.923885 0.382671
    outer loop
      vertex 21 -26.0195 3.45745
      vertex 9.3 -26.9022 1.32634
      vertex 21 -26.9022 1.32634
    endloop
  endfacet
  facet normal -1 0 0
    outer loop
      vertex 21 -52.5914 0.5
      vertex 21 -34.2 1.6
      vertex 21 -27.4086 0.5
    endloop
  endfacet
  facet normal -1 0 0
    outer loop
      vertex 21 -53.2112 1.6
      vertex 21 -52.5914 0.5
      vertex 21 -53.0978 1.32634
    endloop
  endfacet
  facet normal -1 0 0
    outer loop
      vertex 21 -52.5914 0.5
      vertex 21 -53.2112 1.6
      vertex 21 -34.2 1.6
    endloop
  endfacet
  facet normal -1 0 0
    outer loop
      vertex 21 -34.2 1.6
      vertex 21 -25.3 8
      vertex 21 -25.481 5.70041
    endloop
  endfacet
  facet normal -1 0 0
    outer loop
      vertex 21 -34.2 1.6
      vertex 21 -25.481 5.70041
      vertex 21 -26.0195 3.45745
    endloop
  endfacet
  facet normal -1 0 0
    outer loop
      vertex 21 -34.2 1.6
      vertex 21 -26.0195 3.45745
      vertex 21 -26.9022 1.32634
    endloop
  endfacet
  facet normal -1 0 0
    outer loop
      vertex 21 -34.2 1.6
      vertex 21 -26.9022 1.32634
      vertex 21 -27.4086 0.5
    endloop
  endfacet
  facet normal -1 -0 0
    outer loop
      vertex 21 -25.3 8
      vertex 21 -34.2 1.6
      vertex 21 -34.2 16
    endloop
  endfacet
  facet normal -1 0 0
    outer loop
      vertex 21 -25.3 8
      vertex 21 -34.2 16
      vertex 21 -25.3 16
    endloop
  endfacet
  facet normal -0 0 1
    outer loop
      vertex 9.3 -27.4086 0.5
      vertex 21 -52.5914 0.5
      vertex 21 -27.4086 0.5
    endloop
  endfacet
  facet normal 0 0 1
    outer loop
      vertex 21 -52.5914 0.5
      vertex 9.3 -27.4086 0.5
      vertex 9.3 -52.5914 0.5
    endloop
  endfacet
  facet normal -1 0 0
    outer loop
      vertex 43.8 -57.6 1.6
      vertex 43.8 -34.2 16
      vertex 43.8 -34.2 1.6
    endloop
  endfacet
  facet normal -1 -0 0
    outer loop
      vertex 43.8 -34.2 16
      vertex 43.8 -57.6 1.6
      vertex 43.8 -57.6 16
    endloop
  endfacet
  facet normal 0 -1 0
    outer loop
      vertex 28.2 -34.2 1.6
      vertex 43.8 -34.2 16
      vertex 28.2 -34.2 16
    endloop
  endfacet
  facet normal 0 -1 -0
    outer loop
      vertex 43.8 -34.2 16
      vertex 28.2 -34.2 1.6
      vertex 43.8 -34.2 1.6
    endloop
  endfacet
  facet normal 0 -1 0
    outer loop
      vertex 21 -34.2 1.6
      vertex 25.1 -34.2 16
      vertex 21 -34.2 16
    endloop
  endfacet
  facet normal 0 -1 -0
    outer loop
      vertex 25.1 -34.2 16
      vertex 21 -34.2 1.6
      vertex 25.1 -34.2 1.6
    endloop
  endfacet
  facet normal 0 1 0
    outer loop
      vertex 43.8 -57.6 16
      vertex 42.5 -57.6 5
      vertex 42.5 -57.6 16
    endloop
  endfacet
  facet normal 0 1 0
    outer loop
      vertex 42.5 -57.6 5
      vertex 43.8 -57.6 1.6
      vertex 36.5 -57.6 5
    endloop
  endfacet
  facet normal 0 1 -0
    outer loop
      vertex 43.8 -57.6 1.6
      vertex 42.5 -57.6 5
      vertex 43.8 -57.6 16
    endloop
  endfacet
  facet normal 0 1 -0
    outer loop
      vertex 36.5 -57.6 5
      vertex 28.2 -57.6 16
      vertex 36.5 -57.6 16
    endloop
  endfacet
  facet normal 0 1 0
    outer loop
      vertex 36.5 -57.6 5
      vertex 28.2 -57.6 1.6
      vertex 28.2 -57.6 16
    endloop
  endfacet
  facet normal 0 1 0
    outer loop
      vertex 28.2 -57.6 1.6
      vertex 36.5 -57.6 5
      vertex 43.8 -57.6 1.6
    endloop
  endfacet
  facet normal 0 1 -0
    outer loop
      vertex 25.1 -57.6 1.6
      vertex 20.7 -57.6 16
      vertex 25.1 -57.6 16
    endloop
  endfacet
  facet normal 0 1 0
    outer loop
      vertex 20.7 -57.6 16
      vertex 25.1 -57.6 1.6
      vertex 20.7 -57.6 1.6
    endloop
  endfacet
  facet normal 1 0 0
    outer loop
      vertex 20.7 -54.7 16
      vertex 20.7 -57.6 16
      vertex 20.7 -54.7 8
    endloop
  endfacet
  facet normal 1 0 0
    outer loop
      vertex 20.7 -57.6 1.6
      vertex 20.7 -54.7 8
      vertex 20.7 -57.6 16
    endloop
  endfacet
  facet normal 1 0 0
    outer loop
      vertex 20.7 -54.7 8
      vertex 20.7 -57.6 1.6
      vertex 20.7 -54.519 5.70041
    endloop
  endfacet
  facet normal 1 0 0
    outer loop
      vertex 20.7 -53.9805 3.45745
      vertex 20.7 -57.6 1.6
      vertex 20.7 -53.2112 1.6
    endloop
  endfacet
  facet normal 1 0 0
    outer loop
      vertex 20.7 -54.519 5.70041
      vertex 20.7 -57.6 1.6
      vertex 20.7 -53.9805 3.45745
    endloop
  endfacet
  facet normal 0 0 1
    outer loop
      vertex 21 -53.2112 1.6
      vertex 25.1 -34.2 1.6
      vertex 21 -34.2 1.6
    endloop
  endfacet
  facet normal 0 0 1
    outer loop
      vertex 25.1 -34.2 1.6
      vertex 21 -53.2112 1.6
      vertex 25.1 -57.6 1.6
    endloop
  endfacet
  facet normal 0 0 1
    outer loop
      vertex 20.7 -57.6 1.6
      vertex 21 -53.2112 1.6
      vertex 20.7 -53.2112 1.6
    endloop
  endfacet
  facet normal 0 0 1
    outer loop
      vertex 21 -53.2112 1.6
      vertex 20.7 -57.6 1.6
      vertex 25.1 -57.6 1.6
    endloop
  endfacet
  facet normal 0 0 1
    outer loop
      vertex 25.1 -34.2 1.6
      vertex 28.2 -34.2 1.6
      vertex 28.2 -29.5 1.6
    endloop
  endfacet
  facet normal 0 0 1
    outer loop
      vertex 28.2 -34.2 1.6
      vertex 25.1 -34.2 1.6
      vertex 28.2 -57.6 1.6
    endloop
  endfacet
  facet normal 0 0 1
    outer loop
      vertex 25.1 -34.2 1.6
      vertex 28.2 -29.5 1.6
      vertex 25.1 -29.5 1.6
    endloop
  endfacet
  facet normal 0 0 1
    outer loop
      vertex 25.1 -57.6 1.6
      vertex 28.2 -57.6 1.6
      vertex 25.1 -34.2 1.6
    endloop
  endfacet
  facet normal 0 0 1
    outer loop
      vertex 28.2 -57.6 1.6
      vertex 25.1 -57.6 1.6
      vertex 28.2 -62.3 1.6
    endloop
  endfacet
  facet normal 0 0 1
    outer loop
      vertex 28.2 -62.3 1.6
      vertex 25.1 -57.6 1.6
      vertex 25.1 -62.3 1.6
    endloop
  endfacet
  facet normal -0 0 1
    outer loop
      vertex 28.2 -34.2 1.6
      vertex 43.8 -57.6 1.6
      vertex 43.8 -34.2 1.6
    endloop
  endfacet
  facet normal 0 0 1
    outer loop
      vertex 43.8 -57.6 1.6
      vertex 28.2 -34.2 1.6
      vertex 28.2 -57.6 1.6
    endloop
  endfacet
  facet normal -1 0 0
    outer loop
      vertex 28.2 -34.2 1.6
      vertex 28.2 -29.5 16
      vertex 28.2 -29.5 1.6
    endloop
  endfacet
  facet normal -1 -0 0
    outer loop
      vertex 28.2 -29.5 16
      vertex 28.2 -34.2 1.6
      vertex 28.2 -34.2 16
    endloop
  endfacet
  facet normal -1 0 0
    outer loop
      vertex 28.2 -62.3 1.6
      vertex 28.2 -57.6 16
      vertex 28.2 -57.6 1.6
    endloop
  endfacet
  facet normal -1 -0 0
    outer loop
      vertex 28.2 -57.6 16
      vertex 28.2 -62.3 1.6
      vertex 28.2 -62.3 16
    endloop
  endfacet
  facet normal 0 -1 0
    outer loop
      vertex 25.1 -29.5 1.6
      vertex 28.2 -29.5 16
      vertex 25.1 -29.5 16
    endloop
  endfacet
  facet normal 0 -1 -0
    outer loop
      vertex 28.2 -29.5 16
      vertex 25.1 -29.5 1.6
      vertex 28.2 -29.5 1.6
    endloop
  endfacet
  facet normal 0 1 -0
    outer loop
      vertex 28.2 -62.3 1.6
      vertex 25.1 -62.3 16
      vertex 28.2 -62.3 16
    endloop
  endfacet
  facet normal 0 1 0
    outer loop
      vertex 25.1 -62.3 16
      vertex 28.2 -62.3 1.6
      vertex 25.1 -62.3 1.6
    endloop
  endfacet
  facet normal 1 -0 0
    outer loop
      vertex 25.1 -34.2 16
      vertex 25.1 -29.5 1.6
      vertex 25.1 -29.5 16
    endloop
  endfacet
  facet normal 1 0 0
    outer loop
      vertex 25.1 -29.5 1.6
      vertex 25.1 -34.2 16
      vertex 25.1 -34.2 1.6
    endloop
  endfacet
  facet normal 1 -0 0
    outer loop
      vertex 25.1 -62.3 16
      vertex 25.1 -57.6 1.6
      vertex 25.1 -57.6 16
    endloop
  endfacet
  facet normal 1 0 0
    outer loop
      vertex 25.1 -57.6 1.6
      vertex 25.1 -62.3 16
      vertex 25.1 -62.3 1.6
    endloop
  endfacet
  facet normal 0 -1 0
    outer loop
      vertex 14.7 -25.3 8
      vertex 21 -25.3 16
      vertex 14.7 -25.3 16
    endloop
  endfacet
  facet normal 0 -1 -0
    outer loop
      vertex 21 -25.3 16
      vertex 14.7 -25.3 8
      vertex 21 -25.3 8
    endloop
  endfacet
  facet normal 0 1 0
    outer loop
      vertex 14.7 -54.7 8
      vertex 20.7 -54.7 16
      vertex 20.7 -54.7 8
    endloop
  endfacet
  facet normal 0 1 0
    outer loop
      vertex 20.7 -54.7 16
      vertex 14.7 -54.7 8
      vertex 9.3 -54.7 16
    endloop
  endfacet
  facet normal 0 1 0
    outer loop
      vertex 9.3 -54.7 4.8
      vertex 14.7 -54.7 8
      vertex 14.7 -54.7 4.8
    endloop
  endfacet
  facet normal 0 1 0
    outer loop
      vertex 14.7 -54.7 8
      vertex 9.3 -54.7 4.8
      vertex 9.3 -54.7 16
    endloop
  endfacet
  facet normal -1 0 0
    outer loop
      vertex 14.7 -54.7 4.8
      vertex 14.7 -54.519 5.70041
      vertex 14.7 -54.3028 4.8
    endloop
  endfacet
  facet normal -1 -0 0
    outer loop
      vertex 14.7 -54.519 5.70041
      vertex 14.7 -54.7 4.8
      vertex 14.7 -54.7 8
    endloop
  endfacet
  facet normal -1 0 0
    outer loop
      vertex 14.7 -16.5 4.8
      vertex 14.7 -25.3 8
      vertex 14.7 -16.5 16
    endloop
  endfacet
  facet normal -1 0 0
    outer loop
      vertex 14.7 -16.5 4.8
      vertex 14.7 -25.481 5.70041
      vertex 14.7 -25.3 8
    endloop
  endfacet
  facet normal -1 0 -0
    outer loop
      vertex 14.7 -25.481 5.70041
      vertex 14.7 -16.5 4.8
      vertex 14.7 -25.6972 4.8
    endloop
  endfacet
  facet normal -1 -0 0
    outer loop
      vertex 14.7 -16.5 16
      vertex 14.7 -25.3 8
      vertex 14.7 -25.3 16
    endloop
  endfacet
  facet normal -0 0 1
    outer loop
      vertex 9.3 -54.3028 4.8
      vertex 14.7 -54.7 4.8
      vertex 14.7 -54.3028 4.8
    endloop
  endfacet
  facet normal 0 0 1
    outer loop
      vertex 14.7 -54.7 4.8
      vertex 9.3 -54.3028 4.8
      vertex 9.3 -54.7 4.8
    endloop
  endfacet
  facet normal -0 0 1
    outer loop
      vertex 9.3 -16.5 4.8
      vertex 14.7 -25.6972 4.8
      vertex 14.7 -16.5 4.8
    endloop
  endfacet
  facet normal 0 0 1
    outer loop
      vertex 14.7 -25.6972 4.8
      vertex 9.3 -16.5 4.8
      vertex 9.3 -25.6972 4.8
    endloop
  endfacet
  facet normal -1 0 0
    outer loop
      vertex 42.5 -76 5
      vertex 42.5 -57.6 16
      vertex 42.5 -57.6 5
    endloop
  endfacet
  facet normal -1 -0 0
    outer loop
      vertex 42.5 -57.6 16
      vertex 42.5 -76 5
      vertex 42.5 -76 16
    endloop
  endfacet
  facet normal 1 -0 0
    outer loop
      vertex 36.5 -70 16
      vertex 36.5 -57.6 5
      vertex 36.5 -57.6 16
    endloop
  endfacet
  facet normal 1 0 0
    outer loop
      vertex 36.5 -57.6 5
      vertex 36.5 -70 16
      vertex 36.5 -70 5
    endloop
  endfacet
  facet normal 0 0.996917 -0.078467
    outer loop
      vertex 33.3 -54.7 -8
      vertex 27.3 -54.519 -5.70041
      vertex 33.3 -54.519 -5.70041
    endloop
  endfacet
  facet normal 0 0.996917 -0.078467
    outer loop
      vertex 27.3 -54.519 -5.70041
      vertex 33.3 -54.7 -8
      vertex 27.3 -54.7 -8
    endloop
  endfacet
  facet normal 0 -0.996917 -0.078467
    outer loop
      vertex 27 -25.3 -8
      vertex 33.3 -25.481 -5.70041
      vertex 27 -25.481 -5.70041
    endloop
  endfacet
  facet normal 0 -0.996917 -0.078467
    outer loop
      vertex 33.3 -25.481 -5.70041
      vertex 27 -25.3 -8
      vertex 33.3 -25.3 -8
    endloop
  endfacet
  facet normal 1 -0 0
    outer loop
      vertex 27 -52.5914 -0.5
      vertex 27 -34.2 -1.6
      vertex 27 -27.4086 -0.5
    endloop
  endfacet
  facet normal 1 0 0
    outer loop
      vertex 27 -53.2112 -1.6
      vertex 27 -52.5914 -0.5
      vertex 27 -53.0978 -1.32634
    endloop
  endfacet
  facet normal 1 0 0
    outer loop
      vertex 27 -52.5914 -0.5
      vertex 27 -53.2112 -1.6
      vertex 27 -34.2 -1.6
    endloop
  endfacet
  facet normal 1 0 0
    outer loop
      vertex 27 -34.2 -1.6
      vertex 27 -25.3 -8
      vertex 27 -25.481 -5.70041
    endloop
  endfacet
  facet normal 1 0 0
    outer loop
      vertex 27 -34.2 -1.6
      vertex 27 -25.481 -5.70041
      vertex 27 -26.0195 -3.45745
    endloop
  endfacet
  facet normal 1 -0 0
    outer loop
      vertex 27 -34.2 -1.6
      vertex 27 -26.0195 -3.45745
      vertex 27 -26.9022 -1.32634
    endloop
  endfacet
  facet normal 1 0 0
    outer loop
      vertex 27 -34.2 -1.6
      vertex 27 -26.9022 -1.32634
      vertex 27 -27.4086 -0.5
    endloop
  endfacet
  facet normal 1 0 0
    outer loop
      vertex 27 -25.3 -8
      vertex 27 -34.2 -1.6
      vertex 27 -34.2 -16
    endloop
  endfacet
  facet normal 1 0 0
    outer loop
      vertex 27 -25.3 -8
      vertex 27 -34.2 -16
      vertex 27 -25.3 -16
    endloop
  endfacet
  facet normal 0 0.972373 -0.233433
    outer loop
      vertex 33.3 -54.3028 -4.8
      vertex 38.7 -53.9805 -3.45745
      vertex 38.7 -54.3028 -4.8
    endloop
  endfacet
  facet normal 0 0.972373 -0.233433
    outer loop
      vertex 38.7 -53.9805 -3.45745
      vertex 33.3 -54.3028 -4.8
      vertex 27.3 -53.9805 -3.45745
    endloop
  endfacet
  facet normal 0 0.972362 -0.233477
    outer loop
      vertex 27.3 -54.519 -5.70041
      vertex 33.3 -54.3028 -4.8
      vertex 33.3 -54.519 -5.70041
    endloop
  endfacet
  facet normal -4.13051e-06 0.972369 -0.233451
    outer loop
      vertex 33.3 -54.3028 -4.8
      vertex 27.3 -54.519 -5.70041
      vertex 27.3 -53.9805 -3.45745
    endloop
  endfacet
  facet normal 0 0.852632 -0.522512
    outer loop
      vertex 38.7 -53.0978 -1.32634
      vertex 27 -52.5914 -0.5
      vertex 38.7 -52.5914 -0.5
    endloop
  endfacet
  facet normal 0 0.852632 -0.522512
    outer loop
      vertex 27 -52.5914 -0.5
      vertex 38.7 -53.0978 -1.32634
      vertex 27 -53.0978 -1.32634
    endloop
  endfacet
  facet normal 0 0.923824 -0.382817
    outer loop
      vertex 38.7 -53.0978 -1.32634
      vertex 27.3 -53.2112 -1.6
      vertex 27 -53.0978 -1.32634
    endloop
  endfacet
  facet normal -4.11436e-06 0.923885 -0.382671
    outer loop
      vertex 38.7 -53.9805 -3.45745
      vertex 27.3 -53.2112 -1.6
      vertex 38.7 -53.0978 -1.32634
    endloop
  endfacet
  facet normal 0 0.923894 -0.382649
    outer loop
      vertex 27.3 -53.2112 -1.6
      vertex 38.7 -53.9805 -3.45745
      vertex 27.3 -53.9805 -3.45745
    endloop
  endfacet
  facet normal 0 0.923824 -0.382817
    outer loop
      vertex 27 -53.0978 -1.32634
      vertex 27.3 -53.2112 -1.6
      vertex 27 -53.2112 -1.6
    endloop
  endfacet
  facet normal 0 -0.923885 -0.382671
    outer loop
      vertex 27 -26.0195 -3.45745
      vertex 38.7 -26.9022 -1.32634
      vertex 27 -26.9022 -1.32634
    endloop
  endfacet
  facet normal 0 -0.923885 -0.382671
    outer loop
      vertex 38.7 -26.9022 -1.32634
      vertex 27 -26.0195 -3.45745
      vertex 38.7 -26.0195 -3.45745
    endloop
  endfacet
  facet normal 0 -0.972373 -0.233433
    outer loop
      vertex 27 -26.0195 -3.45745
      vertex 33.3 -25.6972 -4.8
      vertex 38.7 -26.0195 -3.45745
    endloop
  endfacet
  facet normal -3.93382e-06 -0.972369 -0.233451
    outer loop
      vertex 27 -25.481 -5.70041
      vertex 33.3 -25.6972 -4.8
      vertex 27 -26.0195 -3.45745
    endloop
  endfacet
  facet normal 0 -0.972362 -0.233477
    outer loop
      vertex 33.3 -25.6972 -4.8
      vertex 27 -25.481 -5.70041
      vertex 33.3 -25.481 -5.70041
    endloop
  endfacet
  facet normal 0 -0.972373 -0.233433
    outer loop
      vertex 38.7 -26.0195 -3.45745
      vertex 33.3 -25.6972 -4.8
      vertex 38.7 -25.6972 -4.8
    endloop
  endfacet
  facet normal 0 -0.852632 -0.522512
    outer loop
      vertex 27 -26.9022 -1.32634
      vertex 38.7 -27.4086 -0.5
      vertex 27 -27.4086 -0.5
    endloop
  endfacet
  facet normal 0 -0.852632 -0.522512
    outer loop
      vertex 38.7 -27.4086 -0.5
      vertex 27 -26.9022 -1.32634
      vertex 38.7 -26.9022 -1.32634
    endloop
  endfacet
  facet normal -1 0 0
    outer loop
      vertex 38.7 -16.5 -16
      vertex 38.7 -25.6972 -4.8
      vertex 38.7 -16.5 -4.8
    endloop
  endfacet
  facet normal -1 0 0
    outer loop
      vertex 38.7 -27.4086 -0.5
      vertex 38.7 -26.0195 -3.45745
      vertex 38.7 -25.6972 -4.8
    endloop
  endfacet
  facet normal -1 0 0
    outer loop
      vertex 38.7 -26.0195 -3.45745
      vertex 38.7 -27.4086 -0.5
      vertex 38.7 -26.9022 -1.32634
    endloop
  endfacet
  facet normal -1 0 0
    outer loop
      vertex 38.7 -25.6972 -4.8
      vertex 38.7 -52.5914 -0.5
      vertex 38.7 -27.4086 -0.5
    endloop
  endfacet
  facet normal -1 0 0
    outer loop
      vertex 38.7 -54.7 -16
      vertex 38.7 -25.6972 -4.8
      vertex 38.7 -16.5 -16
    endloop
  endfacet
  facet normal -1 0 0
    outer loop
      vertex 38.7 -25.6972 -4.8
      vertex 38.7 -54.3028 -4.8
      vertex 38.7 -52.5914 -0.5
    endloop
  endfacet
  facet normal -1 0 -0
    outer loop
      vertex 38.7 -53.9805 -3.45745
      vertex 38.7 -52.5914 -0.5
      vertex 38.7 -54.3028 -4.8
    endloop
  endfacet
  facet normal -1 0 0
    outer loop
      vertex 38.7 -52.5914 -0.5
      vertex 38.7 -53.9805 -3.45745
      vertex 38.7 -53.0978 -1.32634
    endloop
  endfacet
  facet normal -1 -0 0
    outer loop
      vertex 38.7 -25.6972 -4.8
      vertex 38.7 -54.7 -16
      vertex 38.7 -54.3028 -4.8
    endloop
  endfacet
  facet normal -1 -0 0
    outer loop
      vertex 38.7 -54.3028 -4.8
      vertex 38.7 -54.7 -16
      vertex 38.7 -54.7 -4.8
    endloop
  endfacet
  facet normal 0 0 -1
    outer loop
      vertex 27 -52.5914 -0.5
      vertex 38.7 -27.4086 -0.5
      vertex 38.7 -52.5914 -0.5
    endloop
  endfacet
  facet normal -0 0 -1
    outer loop
      vertex 38.7 -27.4086 -0.5
      vertex 27 -52.5914 -0.5
      vertex 27 -27.4086 -0.5
    endloop
  endfacet
  facet normal -1 0 0
    outer loop
      vertex 27.3 -54.7 -16
      vertex 27.3 -57.6 -16
      vertex 27.3 -54.7 -8
    endloop
  endfacet
  facet normal -1 0 0
    outer loop
      vertex 27.3 -57.6 -1.6
      vertex 27.3 -54.7 -8
      vertex 27.3 -57.6 -16
    endloop
  endfacet
  facet normal -1 0 0
    outer loop
      vertex 27.3 -54.7 -8
      vertex 27.3 -57.6 -1.6
      vertex 27.3 -54.519 -5.70041
    endloop
  endfacet
  facet normal -1 0 0
    outer loop
      vertex 27.3 -53.9805 -3.45745
      vertex 27.3 -57.6 -1.6
      vertex 27.3 -53.2112 -1.6
    endloop
  endfacet
  facet normal -1 0 0
    outer loop
      vertex 27.3 -54.519 -5.70041
      vertex 27.3 -57.6 -1.6
      vertex 27.3 -53.9805 -3.45745
    endloop
  endfacet
  facet normal 0 -1 0
    outer loop
      vertex 4.2 -34.2 -16
      vertex 19.8 -34.2 -1.6
      vertex 4.2 -34.2 -1.6
    endloop
  endfacet
  facet normal 0 -1 -0
    outer loop
      vertex 19.8 -34.2 -1.6
      vertex 4.2 -34.2 -16
      vertex 19.8 -34.2 -16
    endloop
  endfacet
  facet normal 0 -1 0
    outer loop
      vertex 22.9 -34.2 -16
      vertex 27 -34.2 -1.6
      vertex 22.9 -34.2 -1.6
    endloop
  endfacet
  facet normal 0 -1 -0
    outer loop
      vertex 27 -34.2 -1.6
      vertex 22.9 -34.2 -16
      vertex 27 -34.2 -16
    endloop
  endfacet
  facet normal 0 1 -0
    outer loop
      vertex 27.3 -57.6 -16
      vertex 22.9 -57.6 -1.6
      vertex 27.3 -57.6 -1.6
    endloop
  endfacet
  facet normal 0 1 0
    outer loop
      vertex 22.9 -57.6 -1.6
      vertex 27.3 -57.6 -16
      vertex 22.9 -57.6 -16
    endloop
  endfacet
  facet normal 0 1 0
    outer loop
      vertex 19.8 -57.6 -1.6
      vertex 11.5 -57.6 -5
      vertex 4.2 -57.6 -1.6
    endloop
  endfacet
  facet normal 0 1 -0
    outer loop
      vertex 19.8 -57.6 -16
      vertex 11.5 -57.6 -5
      vertex 19.8 -57.6 -1.6
    endloop
  endfacet
  facet normal 0 1 0
    outer loop
      vertex 11.5 -57.6 -5
      vertex 19.8 -57.6 -16
      vertex 11.5 -57.6 -16
    endloop
  endfacet
  facet normal 0 1 -0
    outer loop
      vertex 5.5 -57.6 -5
      vertex 4.2 -57.6 -1.6
      vertex 11.5 -57.6 -5
    endloop
  endfacet
  facet normal 0 1 0
    outer loop
      vertex 4.2 -57.6 -16
      vertex 5.5 -57.6 -5
      vertex 5.5 -57.6 -16
    endloop
  endfacet
  facet normal 0 1 0
    outer loop
      vertex 5.5 -57.6 -5
      vertex 4.2 -57.6 -16
      vertex 4.2 -57.6 -1.6
    endloop
  endfacet
  facet normal 1 -0 0
    outer loop
      vertex 4.2 -57.6 -1.6
      vertex 4.2 -34.2 -16
      vertex 4.2 -34.2 -1.6
    endloop
  endfacet
  facet normal 1 0 0
    outer loop
      vertex 4.2 -34.2 -16
      vertex 4.2 -57.6 -1.6
      vertex 4.2 -57.6 -16
    endloop
  endfacet
  facet normal 0 0 -1
    outer loop
      vertex 4.2 -57.6 -1.6
      vertex 19.8 -34.2 -1.6
      vertex 19.8 -57.6 -1.6
    endloop
  endfacet
  facet normal -0 0 -1
    outer loop
      vertex 19.8 -34.2 -1.6
      vertex 4.2 -57.6 -1.6
      vertex 4.2 -34.2 -1.6
    endloop
  endfacet
  facet normal 0 0 -1
    outer loop
      vertex 19.8 -57.6 -1.6
      vertex 22.9 -57.6 -1.6
      vertex 22.9 -62.3 -1.6
    endloop
  endfacet
  facet normal 0 0 -1
    outer loop
      vertex 22.9 -57.6 -1.6
      vertex 19.8 -57.6 -1.6
      vertex 22.9 -34.2 -1.6
    endloop
  endfacet
  facet normal 0 0 -1
    outer loop
      vertex 19.8 -57.6 -1.6
      vertex 22.9 -62.3 -1.6
      vertex 19.8 -62.3 -1.6
    endloop
  endfacet
  facet normal 0 0 -1
    outer loop
      vertex 19.8 -34.2 -1.6
      vertex 22.9 -34.2 -1.6
      vertex 19.8 -57.6 -1.6
    endloop
  endfacet
  facet normal 0 0 -1
    outer loop
      vertex 22.9 -34.2 -1.6
      vertex 19.8 -34.2 -1.6
      vertex 22.9 -29.5 -1.6
    endloop
  endfacet
  facet normal -0 0 -1
    outer loop
      vertex 22.9 -29.5 -1.6
      vertex 19.8 -34.2 -1.6
      vertex 19.8 -29.5 -1.6
    endloop
  endfacet
  facet normal 0 0 -1
    outer loop
      vertex 27.3 -57.6 -1.6
      vertex 27 -53.2112 -1.6
      vertex 27.3 -53.2112 -1.6
    endloop
  endfacet
  facet normal 0 0 -1
    outer loop
      vertex 22.9 -57.6 -1.6
      vertex 27 -53.2112 -1.6
      vertex 27.3 -57.6 -1.6
    endloop
  endfacet
  facet normal 0 0 -1
    outer loop
      vertex 22.9 -34.2 -1.6
      vertex 27 -53.2112 -1.6
      vertex 22.9 -57.6 -1.6
    endloop
  endfacet
  facet normal 0 0 -1
    outer loop
      vertex 27 -53.2112 -1.6
      vertex 22.9 -34.2 -1.6
      vertex 27 -34.2 -1.6
    endloop
  endfacet
  facet normal -1 0 0
    outer loop
      vertex 22.9 -34.2 -16
      vertex 22.9 -29.5 -1.6
      vertex 22.9 -29.5 -16
    endloop
  endfacet
  facet normal -1 -0 0
    outer loop
      vertex 22.9 -29.5 -1.6
      vertex 22.9 -34.2 -16
      vertex 22.9 -34.2 -1.6
    endloop
  endfacet
  facet normal -1 0 0
    outer loop
      vertex 22.9 -62.3 -16
      vertex 22.9 -57.6 -1.6
      vertex 22.9 -57.6 -16
    endloop
  endfacet
  facet normal -1 -0 0
    outer loop
      vertex 22.9 -57.6 -1.6
      vertex 22.9 -62.3 -16
      vertex 22.9 -62.3 -1.6
    endloop
  endfacet
  facet normal 0 -1 0
    outer loop
      vertex 19.8 -29.5 -16
      vertex 22.9 -29.5 -1.6
      vertex 19.8 -29.5 -1.6
    endloop
  endfacet
  facet normal 0 -1 -0
    outer loop
      vertex 22.9 -29.5 -1.6
      vertex 19.8 -29.5 -16
      vertex 22.9 -29.5 -16
    endloop
  endfacet
  facet normal 0 1 -0
    outer loop
      vertex 22.9 -62.3 -16
      vertex 19.8 -62.3 -1.6
      vertex 22.9 -62.3 -1.6
    endloop
  endfacet
  facet normal 0 1 0
    outer loop
      vertex 19.8 -62.3 -1.6
      vertex 22.9 -62.3 -16
      vertex 19.8 -62.3 -16
    endloop
  endfacet
  facet normal 1 -0 0
    outer loop
      vertex 19.8 -34.2 -1.6
      vertex 19.8 -29.5 -16
      vertex 19.8 -29.5 -1.6
    endloop
  endfacet
  facet normal 1 0 0
    outer loop
      vertex 19.8 -29.5 -16
      vertex 19.8 -34.2 -1.6
      vertex 19.8 -34.2 -16
    endloop
  endfacet
  facet normal 1 -0 0
    outer loop
      vertex 19.8 -62.3 -1.6
      vertex 19.8 -57.6 -16
      vertex 19.8 -57.6 -1.6
    endloop
  endfacet
  facet normal 1 0 0
    outer loop
      vertex 19.8 -57.6 -16
      vertex 19.8 -62.3 -1.6
      vertex 19.8 -62.3 -16
    endloop
  endfacet
  facet normal 0 -1 0
    outer loop
      vertex 27 -25.3 -16
      vertex 33.3 -25.3 -8
      vertex 27 -25.3 -8
    endloop
  endfacet
  facet normal 0 -1 -0
    outer loop
      vertex 33.3 -25.3 -8
      vertex 27 -25.3 -16
      vertex 33.3 -25.3 -16
    endloop
  endfacet
  facet normal 0 1 0
    outer loop
      vertex 38.7 -54.7 -4.8
      vertex 33.3 -54.7 -8
      vertex 33.3 -54.7 -4.8
    endloop
  endfacet
  facet normal 0 1 -0
    outer loop
      vertex 38.7 -54.7 -16
      vertex 33.3 -54.7 -8
      vertex 38.7 -54.7 -4.8
    endloop
  endfacet
  facet normal 0 1 0
    outer loop
      vertex 27.3 -54.7 -16
      vertex 33.3 -54.7 -8
      vertex 38.7 -54.7 -16
    endloop
  endfacet
  facet normal 0 1 0
    outer loop
      vertex 33.3 -54.7 -8
      vertex 27.3 -54.7 -16
      vertex 27.3 -54.7 -8
    endloop
  endfacet
  facet normal 1 -0 0
    outer loop
      vertex 33.3 -54.7 -4.8
      vertex 33.3 -54.519 -5.70041
      vertex 33.3 -54.3028 -4.8
    endloop
  endfacet
  facet normal 1 0 0
    outer loop
      vertex 33.3 -54.519 -5.70041
      vertex 33.3 -54.7 -4.8
      vertex 33.3 -54.7 -8
    endloop
  endfacet
  facet normal 1 0 0
    outer loop
      vertex 33.3 -16.5 -4.8
      vertex 33.3 -25.3 -8
      vertex 33.3 -16.5 -16
    endloop
  endfacet
  facet normal 1 0 0
    outer loop
      vertex 33.3 -16.5 -4.8
      vertex 33.3 -25.481 -5.70041
      vertex 33.3 -25.3 -8
    endloop
  endfacet
  facet normal 1 0 -0
    outer loop
      vertex 33.3 -25.481 -5.70041
      vertex 33.3 -16.5 -4.8
      vertex 33.3 -25.6972 -4.8
    endloop
  endfacet
  facet normal 1 0 0
    outer loop
      vertex 33.3 -16.5 -16
      vertex 33.3 -25.3 -8
      vertex 33.3 -25.3 -16
    endloop
  endfacet
  facet normal 0 0 -1
    outer loop
      vertex 33.3 -54.7 -4.8
      vertex 38.7 -54.3028 -4.8
      vertex 38.7 -54.7 -4.8
    endloop
  endfacet
  facet normal -0 0 -1
    outer loop
      vertex 38.7 -54.3028 -4.8
      vertex 33.3 -54.7 -4.8
      vertex 33.3 -54.3028 -4.8
    endloop
  endfacet
  facet normal 0 0 -1
    outer loop
      vertex 33.3 -25.6972 -4.8
      vertex 38.7 -16.5 -4.8
      vertex 38.7 -25.6972 -4.8
    endloop
  endfacet
  facet normal -0 0 -1
    outer loop
      vertex 38.7 -16.5 -4.8
      vertex 33.3 -25.6972 -4.8
      vertex 33.3 -16.5 -4.8
    endloop
  endfacet
  facet normal -1 0 0
    outer loop
      vertex 11.5 -70 -16
      vertex 11.5 -57.6 -5
      vertex 11.5 -57.6 -16
    endloop
  endfacet
  facet normal -1 -0 0
    outer loop
      vertex 11.5 -57.6 -5
      vertex 11.5 -70 -16
      vertex 11.5 -70 -5
    endloop
  endfacet
  facet normal 1 -0 0
    outer loop
      vertex 5.5 -70 -5
      vertex 5.5 -57.6 -16
      vertex 5.5 -57.6 -5
    endloop
  endfacet
  facet normal 1 0 0
    outer loop
      vertex 5.5 -57.6 -16
      vertex 5.5 -70 -5
      vertex 5.5 -70 -16
    endloop
  endfacet
  facet normal -1 0 0
    outer loop
      vertex -27.7 -16.5 -16
      vertex -27.7 -7.2 16
      vertex -27.7 -7.2 -16
    endloop
  endfacet
  facet normal -1 -0 0
    outer loop
      vertex -27.7 -7.2 16
      vertex -27.7 -16.5 -16
      vertex -27.7 -16.5 16
    endloop
  endfacet
  facet normal 0 1 0
    outer loop
      vertex -39 -16.5 4.5
      vertex -27.7 -16.5 16
      vertex -33 -16.5 4.5
    endloop
  endfacet
  facet normal 0 1 0
    outer loop
      vertex -27.7 -16.5 16
      vertex -33 -16.5 -4.5
      vertex -33 -16.5 4.5
    endloop
  endfacet
  facet normal 0 1 0
    outer loop
      vertex -33 -16.5 -4.5
      vertex -33.3 -16.5 -4.8
      vertex -39 -16.5 -4.5
    endloop
  endfacet
  facet normal 0 1 -0
    outer loop
      vertex -27.7 -16.5 -16
      vertex -33 -16.5 -4.5
      vertex -27.7 -16.5 16
    endloop
  endfacet
  facet normal 0 1 0
    outer loop
      vertex -27.7 -16.5 -16
      vertex -33.3 -16.5 -4.8
      vertex -33 -16.5 -4.5
    endloop
  endfacet
  facet normal 0 1 0
    outer loop
      vertex -33.3 -16.5 -4.8
      vertex -27.7 -16.5 -16
      vertex -33.3 -16.5 -16
    endloop
  endfacet
  facet normal 0 1 0
    outer loop
      vertex -27.7 -16.5 16
      vertex -39 -16.5 4.5
      vertex -46 -16.5 16
    endloop
  endfacet
  facet normal 0 1 -0
    outer loop
      vertex -39 -16.5 -4.5
      vertex -46 -16.5 16
      vertex -39 -16.5 4.5
    endloop
  endfacet
  facet normal 0 1 -0
    outer loop
      vertex -38.7 -16.5 -4.8
      vertex -39 -16.5 -4.5
      vertex -33.3 -16.5 -4.8
    endloop
  endfacet
  facet normal 0 1 0
    outer loop
      vertex -46 -16.5 -16
      vertex -38.7 -16.5 -4.8
      vertex -38.7 -16.5 -16
    endloop
  endfacet
  facet normal 0 1 0
    outer loop
      vertex -38.7 -16.5 -4.8
      vertex -46 -16.5 -16
      vertex -39 -16.5 -4.5
    endloop
  endfacet
  facet normal 0 1 0
    outer loop
      vertex -39 -16.5 -4.5
      vertex -46 -16.5 -16
      vertex -46 -16.5 16
    endloop
  endfacet
  facet normal -1 0 0
    outer loop
      vertex -24.7 -2.16046 7.86703
      vertex -24.7 1 16
      vertex -24.7 1 -16
    endloop
  endfacet
  facet normal -1 0 0
    outer loop
      vertex -24.7 1 16
      vertex -24.7 -2.16046 7.86703
      vertex -24.7 -2.15 8
    endloop
  endfacet
  facet normal -1 0 0
    outer loop
      vertex -24.7 1 -16
      vertex -24.7 -2.1916 7.73734
      vertex -24.7 -2.16046 7.86703
    endloop
  endfacet
  facet normal -1 0 0
    outer loop
      vertex -24.7 1 -16
      vertex -24.7 -2.24264 7.61411
      vertex -24.7 -2.1916 7.73734
    endloop
  endfacet
  facet normal -1 0 0
    outer loop
      vertex -24.7 1 -16
      vertex -24.7 -2.31234 7.50038
      vertex -24.7 -2.24264 7.61411
    endloop
  endfacet
  facet normal -1 0 0
    outer loop
      vertex -24.7 1 -16
      vertex -24.7 -2.39896 7.39896
      vertex -24.7 -2.31234 7.50038
    endloop
  endfacet
  facet normal -1 0 0
    outer loop
      vertex -24.7 1 -16
      vertex -24.7 -2.50038 7.31234
      vertex -24.7 -2.39896 7.39896
    endloop
  endfacet
  facet normal -1 0 0
    outer loop
      vertex -24.7 1 -16
      vertex -24.7 -2.61411 7.24264
      vertex -24.7 -2.50038 7.31234
    endloop
  endfacet
  facet normal -1 0 0
    outer loop
      vertex -24.7 1 -16
      vertex -24.7 -2.73734 7.1916
      vertex -24.7 -2.61411 7.24264
    endloop
  endfacet
  facet normal -1 0 0
    outer loop
      vertex -24.7 1 -16
      vertex -24.7 -2.86703 7.16046
      vertex -24.7 -2.73734 7.1916
    endloop
  endfacet
  facet normal -1 0 0
    outer loop
      vertex -24.7 1 -16
      vertex -24.7 -3 7.15
      vertex -24.7 -2.86703 7.16046
    endloop
  endfacet
  facet normal -1 0 0
    outer loop
      vertex -24.7 -7.2 -16
      vertex -24.7 -3 7.15
      vertex -24.7 1 -16
    endloop
  endfacet
  facet normal -1 -0 0
    outer loop
      vertex -24.7 -3 7.15
      vertex -24.7 -7.2 -16
      vertex -24.7 -3.13297 7.16046
    endloop
  endfacet
  facet normal -1 -0 0
    outer loop
      vertex -24.7 -3.13297 7.16046
      vertex -24.7 -7.2 -16
      vertex -24.7 -3.26266 7.1916
    endloop
  endfacet
  facet normal -1 -0 0
    outer loop
      vertex -24.7 -3.26266 7.1916
      vertex -24.7 -7.2 -16
      vertex -24.7 -3.38589 7.24264
    endloop
  endfacet
  facet normal -1 -0 0
    outer loop
      vertex -24.7 -3.38589 7.24264
      vertex -24.7 -7.2 -16
      vertex -24.7 -3.49962 7.31234
    endloop
  endfacet
  facet normal -1 -0 0
    outer loop
      vertex -24.7 -3.49962 7.31234
      vertex -24.7 -7.2 -16
      vertex -24.7 -3.60104 7.39896
    endloop
  endfacet
  facet normal -1 -0 0
    outer loop
      vertex -24.7 -3.60104 7.39896
      vertex -24.7 -7.2 -16
      vertex -24.7 -3.68766 7.50038
    endloop
  endfacet
  facet normal -1 -0 0
    outer loop
      vertex -24.7 -3.68766 7.50038
      vertex -24.7 -7.2 -16
      vertex -24.7 -3.75735 7.61411
    endloop
  endfacet
  facet normal -1 -0 0
    outer loop
      vertex -24.7 -3.75735 7.61411
      vertex -24.7 -7.2 -16
      vertex -24.7 -3.8084 7.73734
    endloop
  endfacet
  facet normal -1 0 0
    outer loop
      vertex -24.7 -3.8084 7.73734
      vertex -24.7 -7.2 16
      vertex -24.7 -3.83953 7.86703
    endloop
  endfacet
  facet normal -1 0 0
    outer loop
      vertex -24.7 -7.2 16
      vertex -24.7 -3.8084 7.73734
      vertex -24.7 -7.2 -16
    endloop
  endfacet
  facet normal -1 0 0
    outer loop
      vertex -24.7 -2.16046 8.13297
      vertex -24.7 1 16
      vertex -24.7 -2.15 8
    endloop
  endfacet
  facet normal -1 0 0
    outer loop
      vertex -24.7 -2.1916 8.26266
      vertex -24.7 1 16
      vertex -24.7 -2.16046 8.13297
    endloop
  endfacet
  facet normal -1 0 0
    outer loop
      vertex -24.7 -2.24264 8.38589
      vertex -24.7 1 16
      vertex -24.7 -2.1916 8.26266
    endloop
  endfacet
  facet normal -1 0 0
    outer loop
      vertex -24.7 -2.31234 8.49962
      vertex -24.7 1 16
      vertex -24.7 -2.24264 8.38589
    endloop
  endfacet
  facet normal -1 0 0
    outer loop
      vertex -24.7 -2.39896 8.60104
      vertex -24.7 1 16
      vertex -24.7 -2.31234 8.49962
    endloop
  endfacet
  facet normal -1 0 0
    outer loop
      vertex -24.7 -2.50038 8.68766
      vertex -24.7 1 16
      vertex -24.7 -2.39896 8.60104
    endloop
  endfacet
  facet normal -1 0 0
    outer loop
      vertex -24.7 -2.61411 8.75735
      vertex -24.7 1 16
      vertex -24.7 -2.50038 8.68766
    endloop
  endfacet
  facet normal -1 0 0
    outer loop
      vertex -24.7 -2.73734 8.8084
      vertex -24.7 1 16
      vertex -24.7 -2.61411 8.75735
    endloop
  endfacet
  facet normal -1 0 0
    outer loop
      vertex -24.7 -2.86703 8.83953
      vertex -24.7 1 16
      vertex -24.7 -2.73734 8.8084
    endloop
  endfacet
  facet normal -1 0 0
    outer loop
      vertex -24.7 -3 8.85
      vertex -24.7 1 16
      vertex -24.7 -2.86703 8.83953
    endloop
  endfacet
  facet normal -1 0 0
    outer loop
      vertex -24.7 -7.2 16
      vertex -24.7 -3 8.85
      vertex -24.7 -3.13297 8.83953
    endloop
  endfacet
  facet normal -1 0 0
    outer loop
      vertex -24.7 -7.2 16
      vertex -24.7 -3.13297 8.83953
      vertex -24.7 -3.26266 8.8084
    endloop
  endfacet
  facet normal -1 0 0
    outer loop
      vertex -24.7 -7.2 16
      vertex -24.7 -3.26266 8.8084
      vertex -24.7 -3.38589 8.75735
    endloop
  endfacet
  facet normal -1 0 0
    outer loop
      vertex -24.7 -7.2 16
      vertex -24.7 -3.38589 8.75735
      vertex -24.7 -3.49962 8.68766
    endloop
  endfacet
  facet normal -1 0 0
    outer loop
      vertex -24.7 -7.2 16
      vertex -24.7 -3.49962 8.68766
      vertex -24.7 -3.60104 8.60104
    endloop
  endfacet
  facet normal -1 0 0
    outer loop
      vertex -24.7 -7.2 16
      vertex -24.7 -3.60104 8.60104
      vertex -24.7 -3.68766 8.49962
    endloop
  endfacet
  facet normal -1 0 0
    outer loop
      vertex -24.7 -3.83953 7.86703
      vertex -24.7 -7.2 16
      vertex -24.7 -3.85 8
    endloop
  endfacet
  facet normal -1 0 0
    outer loop
      vertex -24.7 -3 8.85
      vertex -24.7 -7.2 16
      vertex -24.7 1 16
    endloop
  endfacet
  facet normal -1 0 0
    outer loop
      vertex -24.7 -3.75735 8.38589
      vertex -24.7 -7.2 16
      vertex -24.7 -3.68766 8.49962
    endloop
  endfacet
  facet normal -1 0 0
    outer loop
      vertex -24.7 -3.8084 8.26266
      vertex -24.7 -7.2 16
      vertex -24.7 -3.75735 8.38589
    endloop
  endfacet
  facet normal -1 0 0
    outer loop
      vertex -24.7 -3.83953 8.13297
      vertex -24.7 -7.2 16
      vertex -24.7 -3.8084 8.26266
    endloop
  endfacet
  facet normal -1 0 0
    outer loop
      vertex -24.7 -3.85 8
      vertex -24.7 -7.2 16
      vertex -24.7 -3.83953 8.13297
    endloop
  endfacet
  facet normal 0 1 -0
    outer loop
      vertex -24.7 -7.2 -16
      vertex -27.7 -7.2 16
      vertex -24.7 -7.2 16
    endloop
  endfacet
  facet normal 0 1 0
    outer loop
      vertex -27.7 -7.2 16
      vertex -24.7 -7.2 -16
      vertex -27.7 -7.2 -16
    endloop
  endfacet
  facet normal 0 -0.99692 -0.0784221
    outer loop
      vertex -24.7 -2.15 8
      vertex -20.3 -2.16046 8.13297
      vertex -24.7 -2.16046 8.13297
    endloop
  endfacet
  facet normal 0 -0.99692 -0.0784221
    outer loop
      vertex -20.3 -2.16046 8.13297
      vertex -24.7 -2.15 8
      vertex -20.3 -2.15 8
    endloop
  endfacet
  facet normal 0 0.923862 0.382725
    outer loop
      vertex -20.3 -3.75735 7.61411
      vertex -24.7 -3.8084 7.73734
      vertex -20.3 -3.8084 7.73734
    endloop
  endfacet
  facet normal 0 0.923862 0.382725
    outer loop
      vertex -24.7 -3.8084 7.73734
      vertex -20.3 -3.75735 7.61411
      vertex -24.7 -3.75735 7.61411
    endloop
  endfacet
  facet normal 0 -0.522478 -0.852653
    outer loop
      vertex -24.7 -2.61411 8.75735
      vertex -20.3 -2.50038 8.68766
      vertex -20.3 -2.61411 8.75735
    endloop
  endfacet
  facet normal -0 -0.522478 -0.852653
    outer loop
      vertex -20.3 -2.50038 8.68766
      vertex -24.7 -2.61411 8.75735
      vertex -24.7 -2.50038 8.68766
    endloop
  endfacet
  facet normal 0 -0.923889 0.382661
    outer loop
      vertex -24.7 -2.24264 7.61411
      vertex -20.3 -2.1916 7.73734
      vertex -24.7 -2.1916 7.73734
    endloop
  endfacet
  facet normal 0 -0.923889 0.382661
    outer loop
      vertex -20.3 -2.1916 7.73734
      vertex -24.7 -2.24264 7.61411
      vertex -20.3 -2.24264 7.61411
    endloop
  endfacet
  facet normal 0 0.649444 -0.760409
    outer loop
      vertex -24.7 -3.60104 8.60104
      vertex -20.3 -3.49962 8.68766
      vertex -20.3 -3.60104 8.60104
    endloop
  endfacet
  facet normal 0 0.649444 -0.760409
    outer loop
      vertex -20.3 -3.49962 8.68766
      vertex -24.7 -3.60104 8.60104
      vertex -24.7 -3.49962 8.68766
    endloop
  endfacet
  facet normal 0 0.97238 -0.233404
    outer loop
      vertex -20.3 -3.83953 8.13297
      vertex -24.7 -3.8084 8.26266
      vertex -20.3 -3.8084 8.26266
    endloop
  endfacet
  facet normal 0 0.97238 -0.233404
    outer loop
      vertex -24.7 -3.8084 8.26266
      vertex -20.3 -3.83953 8.13297
      vertex -24.7 -3.83953 8.13297
    endloop
  endfacet
  facet normal 0 0.996914 -0.0784966
    outer loop
      vertex -20.3 -3.85 8
      vertex -24.7 -3.83953 8.13297
      vertex -20.3 -3.83953 8.13297
    endloop
  endfacet
  facet normal 0 0.996914 -0.0784966
    outer loop
      vertex -24.7 -3.83953 8.13297
      vertex -20.3 -3.85 8
      vertex -24.7 -3.85 8
    endloop
  endfacet
  facet normal 0 0.996914 0.0784966
    outer loop
      vertex -20.3 -3.83953 7.86703
      vertex -24.7 -3.85 8
      vertex -20.3 -3.85 8
    endloop
  endfacet
  facet normal 0 0.996914 0.0784966
    outer loop
      vertex -24.7 -3.85 8
      vertex -20.3 -3.83953 7.86703
      vertex -24.7 -3.83953 7.86703
    endloop
  endfacet
  facet normal 0 0.852653 0.522478
    outer loop
      vertex -20.3 -3.68766 7.50038
      vertex -24.7 -3.75735 7.61411
      vertex -20.3 -3.75735 7.61411
    endloop
  endfacet
  facet normal 0 0.852653 0.522478
    outer loop
      vertex -24.7 -3.75735 7.61411
      vertex -20.3 -3.68766 7.50038
      vertex -24.7 -3.68766 7.50038
    endloop
  endfacet
  facet normal 0 -0.522532 0.85262
    outer loop
      vertex -24.7 -2.50038 7.31234
      vertex -20.3 -2.61411 7.24264
      vertex -20.3 -2.50038 7.31234
    endloop
  endfacet
  facet normal 0 -0.522532 0.85262
    outer loop
      vertex -20.3 -2.61411 7.24264
      vertex -24.7 -2.50038 7.31234
      vertex -24.7 -2.61411 7.24264
    endloop
  endfacet
  facet normal 0 -0.85262 -0.522532
    outer loop
      vertex -24.7 -2.24264 8.38589
      vertex -20.3 -2.31234 8.49962
      vertex -24.7 -2.31234 8.49962
    endloop
  endfacet
  facet normal 0 -0.85262 -0.522532
    outer loop
      vertex -20.3 -2.31234 8.49962
      vertex -24.7 -2.24264 8.38589
      vertex -20.3 -2.24264 8.38589
    endloop
  endfacet
  facet normal 0 0.760409 -0.649444
    outer loop
      vertex -20.3 -3.68766 8.49962
      vertex -24.7 -3.60104 8.60104
      vertex -20.3 -3.60104 8.60104
    endloop
  endfacet
  facet normal 0 0.760409 -0.649444
    outer loop
      vertex -24.7 -3.60104 8.60104
      vertex -20.3 -3.68766 8.49962
      vertex -24.7 -3.68766 8.49962
    endloop
  endfacet
  facet normal 0 -0.649444 -0.760409
    outer loop
      vertex -24.7 -2.50038 8.68766
      vertex -20.3 -2.39896 8.60104
      vertex -20.3 -2.50038 8.68766
    endloop
  endfacet
  facet normal -0 -0.649444 -0.760409
    outer loop
      vertex -20.3 -2.39896 8.60104
      vertex -24.7 -2.50038 8.68766
      vertex -24.7 -2.39896 8.60104
    endloop
  endfacet
  facet normal 0 -0.0784221 0.99692
    outer loop
      vertex -24.7 -2.86703 7.16046
      vertex -20.3 -3 7.15
      vertex -20.3 -2.86703 7.16046
    endloop
  endfacet
  facet normal 0 -0.0784221 0.99692
    outer loop
      vertex -20.3 -3 7.15
      vertex -24.7 -2.86703 7.16046
      vertex -24.7 -3 7.15
    endloop
  endfacet
  facet normal 0 -0.923889 -0.382661
    outer loop
      vertex -24.7 -2.1916 8.26266
      vertex -20.3 -2.24264 8.38589
      vertex -24.7 -2.24264 8.38589
    endloop
  endfacet
  facet normal 0 -0.923889 -0.382661
    outer loop
      vertex -20.3 -2.24264 8.38589
      vertex -24.7 -2.1916 8.26266
      vertex -20.3 -2.1916 8.26266
    endloop
  endfacet
  facet normal 0 0.233404 -0.97238
    outer loop
      vertex -24.7 -3.26266 8.8084
      vertex -20.3 -3.13297 8.83953
      vertex -20.3 -3.26266 8.8084
    endloop
  endfacet
  facet normal 0 0.233404 -0.97238
    outer loop
      vertex -20.3 -3.13297 8.83953
      vertex -24.7 -3.26266 8.8084
      vertex -24.7 -3.13297 8.83953
    endloop
  endfacet
  facet normal 0 0.923862 -0.382725
    outer loop
      vertex -20.3 -3.8084 8.26266
      vertex -24.7 -3.75735 8.38589
      vertex -20.3 -3.75735 8.38589
    endloop
  endfacet
  facet normal 0 0.923862 -0.382725
    outer loop
      vertex -24.7 -3.75735 8.38589
      vertex -20.3 -3.8084 8.26266
      vertex -24.7 -3.8084 8.26266
    endloop
  endfacet
  facet normal -0 0.382661 0.923889
    outer loop
      vertex -24.7 -3.26266 7.1916
      vertex -20.3 -3.38589 7.24264
      vertex -20.3 -3.26266 7.1916
    endloop
  endfacet
  facet normal 0 0.382661 0.923889
    outer loop
      vertex -20.3 -3.38589 7.24264
      vertex -24.7 -3.26266 7.1916
      vertex -24.7 -3.38589 7.24264
    endloop
  endfacet
  facet normal 0 0.97238 0.233404
    outer loop
      vertex -20.3 -3.8084 7.73734
      vertex -24.7 -3.83953 7.86703
      vertex -20.3 -3.83953 7.86703
    endloop
  endfacet
  facet normal 0 0.97238 0.233404
    outer loop
      vertex -24.7 -3.83953 7.86703
      vertex -20.3 -3.8084 7.73734
      vertex -24.7 -3.8084 7.73734
    endloop
  endfacet
  facet normal 0 -0.0784966 -0.996914
    outer loop
      vertex -24.7 -3 8.85
      vertex -20.3 -2.86703 8.83953
      vertex -20.3 -3 8.85
    endloop
  endfacet
  facet normal -0 -0.0784966 -0.996914
    outer loop
      vertex -20.3 -2.86703 8.83953
      vertex -24.7 -3 8.85
      vertex -24.7 -2.86703 8.83953
    endloop
  endfacet
  facet normal 0 -0.760409 -0.649444
    outer loop
      vertex -24.7 -2.31234 8.49962
      vertex -20.3 -2.39896 8.60104
      vertex -24.7 -2.39896 8.60104
    endloop
  endfacet
  facet normal 0 -0.760409 -0.649444
    outer loop
      vertex -20.3 -2.39896 8.60104
      vertex -24.7 -2.31234 8.49962
      vertex -20.3 -2.31234 8.49962
    endloop
  endfacet
  facet normal 0 -0.382661 0.923889
    outer loop
      vertex -24.7 -2.61411 7.24264
      vertex -20.3 -2.73734 7.1916
      vertex -20.3 -2.61411 7.24264
    endloop
  endfacet
  facet normal 0 -0.382661 0.923889
    outer loop
      vertex -20.3 -2.73734 7.1916
      vertex -24.7 -2.61411 7.24264
      vertex -24.7 -2.73734 7.1916
    endloop
  endfacet
  facet normal 0 -0.99692 0.0784221
    outer loop
      vertex -24.7 -2.16046 7.86703
      vertex -20.3 -2.15 8
      vertex -24.7 -2.15 8
    endloop
  endfacet
  facet normal 0 -0.99692 0.0784221
    outer loop
      vertex -20.3 -2.15 8
      vertex -24.7 -2.16046 7.86703
      vertex -20.3 -2.16046 7.86703
    endloop
  endfacet
  facet normal -0 0.233475 0.972363
    outer loop
      vertex -24.7 -3.13297 7.16046
      vertex -20.3 -3.26266 7.1916
      vertex -20.3 -3.13297 7.16046
    endloop
  endfacet
  facet normal 0 0.233475 0.972363
    outer loop
      vertex -20.3 -3.26266 7.1916
      vertex -24.7 -3.13297 7.16046
      vertex -24.7 -3.26266 7.1916
    endloop
  endfacet
  facet normal -0 0.522532 0.85262
    outer loop
      vertex -24.7 -3.38589 7.24264
      vertex -20.3 -3.49962 7.31234
      vertex -20.3 -3.38589 7.24264
    endloop
  endfacet
  facet normal 0 0.522532 0.85262
    outer loop
      vertex -20.3 -3.49962 7.31234
      vertex -24.7 -3.38589 7.24264
      vertex -24.7 -3.49962 7.31234
    endloop
  endfacet
  facet normal 0 -0.972363 0.233475
    outer loop
      vertex -24.7 -2.1916 7.73734
      vertex -20.3 -2.16046 7.86703
      vertex -24.7 -2.16046 7.86703
    endloop
  endfacet
  facet normal 0 -0.972363 0.233475
    outer loop
      vertex -20.3 -2.16046 7.86703
      vertex -24.7 -2.1916 7.73734
      vertex -20.3 -2.1916 7.73734
    endloop
  endfacet
  facet normal 0 0.852653 -0.522478
    outer loop
      vertex -20.3 -3.75735 8.38589
      vertex -24.7 -3.68766 8.49962
      vertex -20.3 -3.68766 8.49962
    endloop
  endfacet
  facet normal 0 0.852653 -0.522478
    outer loop
      vertex -24.7 -3.68766 8.49962
      vertex -20.3 -3.75735 8.38589
      vertex -24.7 -3.75735 8.38589
    endloop
  endfacet
  facet normal 0 -0.233404 -0.97238
    outer loop
      vertex -24.7 -2.86703 8.83953
      vertex -20.3 -2.73734 8.8084
      vertex -20.3 -2.86703 8.83953
    endloop
  endfacet
  facet normal -0 -0.233404 -0.97238
    outer loop
      vertex -20.3 -2.73734 8.8084
      vertex -24.7 -2.86703 8.83953
      vertex -24.7 -2.73734 8.8084
    endloop
  endfacet
  facet normal 0 -0.760409 0.649444
    outer loop
      vertex -24.7 -2.39896 7.39896
      vertex -20.3 -2.31234 7.50038
      vertex -24.7 -2.31234 7.50038
    endloop
  endfacet
  facet normal 0 -0.760409 0.649444
    outer loop
      vertex -20.3 -2.31234 7.50038
      vertex -24.7 -2.39896 7.39896
      vertex -20.3 -2.39896 7.39896
    endloop
  endfacet
  facet normal -0 0.649444 0.760409
    outer loop
      vertex -24.7 -3.49962 7.31234
      vertex -20.3 -3.60104 7.39896
      vertex -20.3 -3.49962 7.31234
    endloop
  endfacet
  facet normal 0 0.649444 0.760409
    outer loop
      vertex -20.3 -3.60104 7.39896
      vertex -24.7 -3.49962 7.31234
      vertex -24.7 -3.60104 7.39896
    endloop
  endfacet
  facet normal 0 0.760409 0.649444
    outer loop
      vertex -20.3 -3.60104 7.39896
      vertex -24.7 -3.68766 7.50038
      vertex -20.3 -3.68766 7.50038
    endloop
  endfacet
  facet normal 0 0.760409 0.649444
    outer loop
      vertex -24.7 -3.68766 7.50038
      vertex -20.3 -3.60104 7.39896
      vertex -24.7 -3.60104 7.39896
    endloop
  endfacet
  facet normal 0 -0.233475 0.972363
    outer loop
      vertex -24.7 -2.73734 7.1916
      vertex -20.3 -2.86703 7.16046
      vertex -20.3 -2.73734 7.1916
    endloop
  endfacet
  facet normal 0 -0.233475 0.972363
    outer loop
      vertex -20.3 -2.86703 7.16046
      vertex -24.7 -2.73734 7.1916
      vertex -24.7 -2.86703 7.16046
    endloop
  endfacet
  facet normal 0 0.0784966 -0.996914
    outer loop
      vertex -24.7 -3.13297 8.83953
      vertex -20.3 -3 8.85
      vertex -20.3 -3.13297 8.83953
    endloop
  endfacet
  facet normal 0 0.0784966 -0.996914
    outer loop
      vertex -20.3 -3 8.85
      vertex -24.7 -3.13297 8.83953
      vertex -24.7 -3 8.85
    endloop
  endfacet
  facet normal 0 0.382725 -0.923862
    outer loop
      vertex -24.7 -3.38589 8.75735
      vertex -20.3 -3.26266 8.8084
      vertex -20.3 -3.38589 8.75735
    endloop
  endfacet
  facet normal 0 0.382725 -0.923862
    outer loop
      vertex -20.3 -3.26266 8.8084
      vertex -24.7 -3.38589 8.75735
      vertex -24.7 -3.26266 8.8084
    endloop
  endfacet
  facet normal 0 -0.85262 0.522532
    outer loop
      vertex -24.7 -2.31234 7.50038
      vertex -20.3 -2.24264 7.61411
      vertex -24.7 -2.24264 7.61411
    endloop
  endfacet
  facet normal 0 -0.85262 0.522532
    outer loop
      vertex -20.3 -2.24264 7.61411
      vertex -24.7 -2.31234 7.50038
      vertex -20.3 -2.31234 7.50038
    endloop
  endfacet
  facet normal 0 0.522478 -0.852653
    outer loop
      vertex -24.7 -3.49962 8.68766
      vertex -20.3 -3.38589 8.75735
      vertex -20.3 -3.49962 8.68766
    endloop
  endfacet
  facet normal 0 0.522478 -0.852653
    outer loop
      vertex -20.3 -3.38589 8.75735
      vertex -24.7 -3.49962 8.68766
      vertex -24.7 -3.38589 8.75735
    endloop
  endfacet
  facet normal 0 -0.649444 0.760409
    outer loop
      vertex -24.7 -2.39896 7.39896
      vertex -20.3 -2.50038 7.31234
      vertex -20.3 -2.39896 7.39896
    endloop
  endfacet
  facet normal 0 -0.649444 0.760409
    outer loop
      vertex -20.3 -2.50038 7.31234
      vertex -24.7 -2.39896 7.39896
      vertex -24.7 -2.50038 7.31234
    endloop
  endfacet
  facet normal -0 0.0784221 0.99692
    outer loop
      vertex -24.7 -3 7.15
      vertex -20.3 -3.13297 7.16046
      vertex -20.3 -3 7.15
    endloop
  endfacet
  facet normal 0 0.0784221 0.99692
    outer loop
      vertex -20.3 -3.13297 7.16046
      vertex -24.7 -3 7.15
      vertex -24.7 -3.13297 7.16046
    endloop
  endfacet
  facet normal 0 -0.972363 -0.233475
    outer loop
      vertex -24.7 -2.16046 8.13297
      vertex -20.3 -2.1916 8.26266
      vertex -24.7 -2.1916 8.26266
    endloop
  endfacet
  facet normal 0 -0.972363 -0.233475
    outer loop
      vertex -20.3 -2.1916 8.26266
      vertex -24.7 -2.16046 8.13297
      vertex -20.3 -2.16046 8.13297
    endloop
  endfacet
  facet normal 0 -0.382725 -0.923862
    outer loop
      vertex -24.7 -2.73734 8.8084
      vertex -20.3 -2.61411 8.75735
      vertex -20.3 -2.73734 8.8084
    endloop
  endfacet
  facet normal -0 -0.382725 -0.923862
    outer loop
      vertex -20.3 -2.61411 8.75735
      vertex -24.7 -2.73734 8.8084
      vertex -24.7 -2.61411 8.75735
    endloop
  endfacet
  facet normal -1 0 0
    outer loop
      vertex -3.7 -16.5 -16
      vertex -3.7 -7.2 16
      vertex -3.7 -7.2 -16
    endloop
  endfacet
  facet normal -1 -0 0
    outer loop
      vertex -3.7 -7.2 16
      vertex -3.7 -16.5 -16
      vertex -3.7 -16.5 16
    endloop
  endfacet
  facet normal 0 1 0
    outer loop
      vertex -3.7 -16.5 16
      vertex -9.3 -16.5 4.8
      vertex -9.3 -16.5 16
    endloop
  endfacet
  facet normal 0 1 0
    outer loop
      vertex -9.3 -16.5 4.8
      vertex -9 -16.5 4.5
      vertex -14.7 -16.5 4.8
    endloop
  endfacet
  facet normal 0 1 0
    outer loop
      vertex -3.7 -16.5 16
      vertex -9 -16.5 4.5
      vertex -9.3 -16.5 4.8
    endloop
  endfacet
  facet normal 0 1 0
    outer loop
      vertex -3.7 -16.5 16
      vertex -9 -16.5 -4.5
      vertex -9 -16.5 4.5
    endloop
  endfacet
  facet normal 0 1 0
    outer loop
      vertex -9 -16.5 -4.5
      vertex -3.7 -16.5 -16
      vertex -15 -16.5 -4.5
    endloop
  endfacet
  facet normal 0 1 -0
    outer loop
      vertex -3.7 -16.5 -16
      vertex -9 -16.5 -4.5
      vertex -3.7 -16.5 16
    endloop
  endfacet
  facet normal 0 1 -0
    outer loop
      vertex -14.7 -16.5 4.8
      vertex -20.3 -16.5 16
      vertex -14.7 -16.5 16
    endloop
  endfacet
  facet normal 0 1 0
    outer loop
      vertex -15 -16.5 4.5
      vertex -14.7 -16.5 4.8
      vertex -9 -16.5 4.5
    endloop
  endfacet
  facet normal 0 1 -0
    outer loop
      vertex -15 -16.5 4.5
      vertex -20.3 -16.5 16
      vertex -14.7 -16.5 4.8
    endloop
  endfacet
  facet normal 0 1 -0
    outer loop
      vertex -15 -16.5 -4.5
      vertex -20.3 -16.5 16
      vertex -15 -16.5 4.5
    endloop
  endfacet
  facet normal 0 1 0
    outer loop
      vertex -15 -16.5 -4.5
      vertex -20.3 -16.5 -16
      vertex -20.3 -16.5 16
    endloop
  endfacet
  facet normal 0 1 0
    outer loop
      vertex -20.3 -16.5 -16
      vertex -15 -16.5 -4.5
      vertex -3.7 -16.5 -16
    endloop
  endfacet
  facet normal 1 0 0
    outer loop
      vertex -20.3 -2.16046 7.86703
      vertex -20.3 1 16
      vertex -20.3 -2.15 8
    endloop
  endfacet
  facet normal 1 0 0
    outer loop
      vertex -20.3 1 16
      vertex -20.3 -2.16046 8.13297
      vertex -20.3 -2.15 8
    endloop
  endfacet
  facet normal 1 0 0
    outer loop
      vertex -20.3 1 16
      vertex -20.3 -2.1916 8.26266
      vertex -20.3 -2.16046 8.13297
    endloop
  endfacet
  facet normal 1 0 0
    outer loop
      vertex -20.3 1 16
      vertex -20.3 -2.24264 8.38589
      vertex -20.3 -2.1916 8.26266
    endloop
  endfacet
  facet normal 1 0 0
    outer loop
      vertex -20.3 1 16
      vertex -20.3 -2.31234 8.49962
      vertex -20.3 -2.24264 8.38589
    endloop
  endfacet
  facet normal 1 0 0
    outer loop
      vertex -20.3 1 16
      vertex -20.3 -2.39896 8.60104
      vertex -20.3 -2.31234 8.49962
    endloop
  endfacet
  facet normal 1 0 0
    outer loop
      vertex -20.3 1 16
      vertex -20.3 -2.50038 8.68766
      vertex -20.3 -2.39896 8.60104
    endloop
  endfacet
  facet normal 1 0 0
    outer loop
      vertex -20.3 1 16
      vertex -20.3 -2.61411 8.75735
      vertex -20.3 -2.50038 8.68766
    endloop
  endfacet
  facet normal 1 0 0
    outer loop
      vertex -20.3 1 16
      vertex -20.3 -2.73734 8.8084
      vertex -20.3 -2.61411 8.75735
    endloop
  endfacet
  facet normal 1 0 0
    outer loop
      vertex -20.3 1 16
      vertex -20.3 -2.86703 8.83953
      vertex -20.3 -2.73734 8.8084
    endloop
  endfacet
  facet normal 1 0 0
    outer loop
      vertex -20.3 1 16
      vertex -20.3 -3 8.85
      vertex -20.3 -2.86703 8.83953
    endloop
  endfacet
  facet normal 1 0 0
    outer loop
      vertex -20.3 1 16
      vertex -20.3 -3.13297 8.83953
      vertex -20.3 -3 8.85
    endloop
  endfacet
  facet normal 1 0 0
    outer loop
      vertex -20.3 1 16
      vertex -20.3 -3.26266 8.8084
      vertex -20.3 -3.13297 8.83953
    endloop
  endfacet
  facet normal 1 0 0
    outer loop
      vertex -20.3 1 16
      vertex -20.3 -3.38589 8.75735
      vertex -20.3 -3.26266 8.8084
    endloop
  endfacet
  facet normal 1 -0 0
    outer loop
      vertex -20.3 -16.5 16
      vertex -20.3 -3.38589 8.75735
      vertex -20.3 1 16
    endloop
  endfacet
  facet normal 1 0 0
    outer loop
      vertex -20.3 -3.38589 8.75735
      vertex -20.3 -16.5 16
      vertex -20.3 -3.49962 8.68766
    endloop
  endfacet
  facet normal 1 0 0
    outer loop
      vertex -20.3 -3.49962 8.68766
      vertex -20.3 -16.5 16
      vertex -20.3 -3.60104 8.60104
    endloop
  endfacet
  facet normal 1 0 0
    outer loop
      vertex -20.3 -3.83953 8.13297
      vertex -20.3 -16.5 16
      vertex -20.3 -3.85 8
    endloop
  endfacet
  facet normal 1 0 0
    outer loop
      vertex -20.3 -3.8084 8.26266
      vertex -20.3 -16.5 16
      vertex -20.3 -3.83953 8.13297
    endloop
  endfacet
  facet normal 1 0 0
    outer loop
      vertex -20.3 -3.75735 8.38589
      vertex -20.3 -16.5 16
      vertex -20.3 -3.8084 8.26266
    endloop
  endfacet
  facet normal 1 0 0
    outer loop
      vertex -20.3 -3.68766 8.49962
      vertex -20.3 -16.5 16
      vertex -20.3 -3.75735 8.38589
    endloop
  endfacet
  facet normal 1 0 0
    outer loop
      vertex -20.3 -3.60104 8.60104
      vertex -20.3 -16.5 16
      vertex -20.3 -3.68766 8.49962
    endloop
  endfacet
  facet normal 1 0 0
    outer loop
      vertex -20.3 1 16
      vertex -20.3 -2.16046 7.86703
      vertex -20.3 1 -16
    endloop
  endfacet
  facet normal 1 -0 0
    outer loop
      vertex -20.3 -2.1916 7.73734
      vertex -20.3 1 -16
      vertex -20.3 -2.16046 7.86703
    endloop
  endfacet
  facet normal 1 -0 0
    outer loop
      vertex -20.3 -2.24264 7.61411
      vertex -20.3 1 -16
      vertex -20.3 -2.1916 7.73734
    endloop
  endfacet
  facet normal 1 -0 0
    outer loop
      vertex -20.3 -2.31234 7.50038
      vertex -20.3 1 -16
      vertex -20.3 -2.24264 7.61411
    endloop
  endfacet
  facet normal 1 -0 0
    outer loop
      vertex -20.3 -2.39896 7.39896
      vertex -20.3 1 -16
      vertex -20.3 -2.31234 7.50038
    endloop
  endfacet
  facet normal 1 -0 0
    outer loop
      vertex -20.3 -2.50038 7.31234
      vertex -20.3 1 -16
      vertex -20.3 -2.39896 7.39896
    endloop
  endfacet
  facet normal 1 -0 0
    outer loop
      vertex -20.3 -2.61411 7.24264
      vertex -20.3 1 -16
      vertex -20.3 -2.50038 7.31234
    endloop
  endfacet
  facet normal 1 -0 0
    outer loop
      vertex -20.3 -2.73734 7.1916
      vertex -20.3 1 -16
      vertex -20.3 -2.61411 7.24264
    endloop
  endfacet
  facet normal 1 -0 0
    outer loop
      vertex -20.3 -2.86703 7.16046
      vertex -20.3 1 -16
      vertex -20.3 -2.73734 7.1916
    endloop
  endfacet
  facet normal 1 -0 0
    outer loop
      vertex -20.3 -3 7.15
      vertex -20.3 1 -16
      vertex -20.3 -2.86703 7.16046
    endloop
  endfacet
  facet normal 1 0 0
    outer loop
      vertex -20.3 -3.13297 7.16046
      vertex -20.3 1 -16
      vertex -20.3 -3 7.15
    endloop
  endfacet
  facet normal 1 0 0
    outer loop
      vertex -20.3 -3.26266 7.1916
      vertex -20.3 1 -16
      vertex -20.3 -3.13297 7.16046
    endloop
  endfacet
  facet normal 1 0 0
    outer loop
      vertex -20.3 -16.5 -16
      vertex -20.3 -3.26266 7.1916
      vertex -20.3 -3.38589 7.24264
    endloop
  endfacet
  facet normal 1 0 0
    outer loop
      vertex -20.3 -16.5 -16
      vertex -20.3 -3.38589 7.24264
      vertex -20.3 -3.49962 7.31234
    endloop
  endfacet
  facet normal 1 0 0
    outer loop
      vertex -20.3 -16.5 -16
      vertex -20.3 -3.49962 7.31234
      vertex -20.3 -3.60104 7.39896
    endloop
  endfacet
  facet normal 1 0 0
    outer loop
      vertex -20.3 -16.5 -16
      vertex -20.3 -3.60104 7.39896
      vertex -20.3 -3.68766 7.50038
    endloop
  endfacet
  facet normal 1 0 0
    outer loop
      vertex -20.3 -16.5 -16
      vertex -20.3 -3.68766 7.50038
      vertex -20.3 -3.75735 7.61411
    endloop
  endfacet
  facet normal 1 0 0
    outer loop
      vertex -20.3 -16.5 16
      vertex -20.3 -3.75735 7.61411
      vertex -20.3 -3.8084 7.73734
    endloop
  endfacet
  facet normal 1 0 0
    outer loop
      vertex -20.3 -16.5 16
      vertex -20.3 -3.8084 7.73734
      vertex -20.3 -3.83953 7.86703
    endloop
  endfacet
  facet normal 1 0 0
    outer loop
      vertex -20.3 -16.5 16
      vertex -20.3 -3.83953 7.86703
      vertex -20.3 -3.85 8
    endloop
  endfacet
  facet normal 1 0 0
    outer loop
      vertex -20.3 -3.75735 7.61411
      vertex -20.3 -16.5 16
      vertex -20.3 -16.5 -16
    endloop
  endfacet
  facet normal 1 0 0
    outer loop
      vertex -20.3 -3.26266 7.1916
      vertex -20.3 -16.5 -16
      vertex -20.3 1 -16
    endloop
  endfacet
  facet normal -1 0 0
    outer loop
      vertex -0.7 -2.16046 7.86703
      vertex -0.7 1 16
      vertex -0.7 1 -16
    endloop
  endfacet
  facet normal -1 0 0
    outer loop
      vertex -0.7 1 16
      vertex -0.7 -2.16046 7.86703
      vertex -0.7 -2.15 8
    endloop
  endfacet
  facet normal -1 0 0
    outer loop
      vertex -0.7 1 -16
      vertex -0.7 -2.1916 7.73734
      vertex -0.7 -2.16046 7.86703
    endloop
  endfacet
  facet normal -1 0 0
    outer loop
      vertex -0.7 1 -16
      vertex -0.7 -2.24264 7.61411
      vertex -0.7 -2.1916 7.73734
    endloop
  endfacet
  facet normal -1 0 0
    outer loop
      vertex -0.7 1 -16
      vertex -0.7 -2.31234 7.50038
      vertex -0.7 -2.24264 7.61411
    endloop
  endfacet
  facet normal -1 0 0
    outer loop
      vertex -0.7 1 -16
      vertex -0.7 -2.39896 7.39896
      vertex -0.7 -2.31234 7.50038
    endloop
  endfacet
  facet normal -1 0 0
    outer loop
      vertex -0.7 1 -16
      vertex -0.7 -2.50038 7.31234
      vertex -0.7 -2.39896 7.39896
    endloop
  endfacet
  facet normal -1 0 0
    outer loop
      vertex -0.7 1 -16
      vertex -0.7 -2.61411 7.24264
      vertex -0.7 -2.50038 7.31234
    endloop
  endfacet
  facet normal -1 0 0
    outer loop
      vertex -0.7 1 -16
      vertex -0.7 -2.73734 7.1916
      vertex -0.7 -2.61411 7.24264
    endloop
  endfacet
  facet normal -1 0 0
    outer loop
      vertex -0.7 1 -16
      vertex -0.7 -2.86703 7.16046
      vertex -0.7 -2.73734 7.1916
    endloop
  endfacet
  facet normal -1 0 0
    outer loop
      vertex -0.7 1 -16
      vertex -0.7 -3 7.15
      vertex -0.7 -2.86703 7.16046
    endloop
  endfacet
  facet normal -1 0 0
    outer loop
      vertex -0.7 -7.2 -16
      vertex -0.7 -3 7.15
      vertex -0.7 1 -16
    endloop
  endfacet
  facet normal -1 -0 0
    outer loop
      vertex -0.7 -3 7.15
      vertex -0.7 -7.2 -16
      vertex -0.7 -3.13297 7.16046
    endloop
  endfacet
  facet normal -1 -0 0
    outer loop
      vertex -0.7 -3.13297 7.16046
      vertex -0.7 -7.2 -16
      vertex -0.7 -3.26266 7.1916
    endloop
  endfacet
  facet normal -1 -0 0
    outer loop
      vertex -0.7 -3.26266 7.1916
      vertex -0.7 -7.2 -16
      vertex -0.7 -3.38589 7.24264
    endloop
  endfacet
  facet normal -1 -0 0
    outer loop
      vertex -0.7 -3.38589 7.24264
      vertex -0.7 -7.2 -16
      vertex -0.7 -3.49962 7.31234
    endloop
  endfacet
  facet normal -1 -0 0
    outer loop
      vertex -0.7 -3.49962 7.31234
      vertex -0.7 -7.2 -16
      vertex -0.7 -3.60104 7.39896
    endloop
  endfacet
  facet normal -1 -0 0
    outer loop
      vertex -0.7 -3.60104 7.39896
      vertex -0.7 -7.2 -16
      vertex -0.7 -3.68766 7.50038
    endloop
  endfacet
  facet normal -1 -0 0
    outer loop
      vertex -0.7 -3.68766 7.50038
      vertex -0.7 -7.2 -16
      vertex -0.7 -3.75735 7.61411
    endloop
  endfacet
  facet normal -1 -0 0
    outer loop
      vertex -0.7 -3.75735 7.61411
      vertex -0.7 -7.2 -16
      vertex -0.7 -3.8084 7.73734
    endloop
  endfacet
  facet normal -1 0 0
    outer loop
      vertex -0.7 -3.8084 7.73734
      vertex -0.7 -7.2 16
      vertex -0.7 -3.83953 7.86703
    endloop
  endfacet
  facet normal -1 0 0
    outer loop
      vertex -0.7 -7.2 16
      vertex -0.7 -3.8084 7.73734
      vertex -0.7 -7.2 -16
    endloop
  endfacet
  facet normal -1 0 0
    outer loop
      vertex -0.7 -2.16046 8.13297
      vertex -0.7 1 16
      vertex -0.7 -2.15 8
    endloop
  endfacet
  facet normal -1 0 0
    outer loop
      vertex -0.7 -2.1916 8.26266
      vertex -0.7 1 16
      vertex -0.7 -2.16046 8.13297
    endloop
  endfacet
  facet normal -1 0 0
    outer loop
      vertex -0.7 -2.24264 8.38589
      vertex -0.7 1 16
      vertex -0.7 -2.1916 8.26266
    endloop
  endfacet
  facet normal -1 0 0
    outer loop
      vertex -0.7 -2.31234 8.49962
      vertex -0.7 1 16
      vertex -0.7 -2.24264 8.38589
    endloop
  endfacet
  facet normal -1 0 0
    outer loop
      vertex -0.7 -2.39896 8.60104
      vertex -0.7 1 16
      vertex -0.7 -2.31234 8.49962
    endloop
  endfacet
  facet normal -1 0 0
    outer loop
      vertex -0.7 -2.50038 8.68766
      vertex -0.7 1 16
      vertex -0.7 -2.39896 8.60104
    endloop
  endfacet
  facet normal -1 0 0
    outer loop
      vertex -0.7 -2.61411 8.75735
      vertex -0.7 1 16
      vertex -0.7 -2.50038 8.68766
    endloop
  endfacet
  facet normal -1 0 0
    outer loop
      vertex -0.7 -2.73734 8.8084
      vertex -0.7 1 16
      vertex -0.7 -2.61411 8.75735
    endloop
  endfacet
  facet normal -1 0 0
    outer loop
      vertex -0.7 -2.86703 8.83953
      vertex -0.7 1 16
      vertex -0.7 -2.73734 8.8084
    endloop
  endfacet
  facet normal -1 0 0
    outer loop
      vertex -0.7 -3 8.85
      vertex -0.7 1 16
      vertex -0.7 -2.86703 8.83953
    endloop
  endfacet
  facet normal -1 0 0
    outer loop
      vertex -0.7 -7.2 16
      vertex -0.7 -3 8.85
      vertex -0.7 -3.13297 8.83953
    endloop
  endfacet
  facet normal -1 0 0
    outer loop
      vertex -0.7 -7.2 16
      vertex -0.7 -3.13297 8.83953
      vertex -0.7 -3.26266 8.8084
    endloop
  endfacet
  facet normal -1 0 0
    outer loop
      vertex -0.7 -7.2 16
      vertex -0.7 -3.26266 8.8084
      vertex -0.7 -3.38589 8.75735
    endloop
  endfacet
  facet normal -1 0 0
    outer loop
      vertex -0.7 -7.2 16
      vertex -0.7 -3.38589 8.75735
      vertex -0.7 -3.49962 8.68766
    endloop
  endfacet
  facet normal -1 0 0
    outer loop
      vertex -0.7 -7.2 16
      vertex -0.7 -3.49962 8.68766
      vertex -0.7 -3.60104 8.60104
    endloop
  endfacet
  facet normal -1 0 0
    outer loop
      vertex -0.7 -7.2 16
      vertex -0.7 -3.60104 8.60104
      vertex -0.7 -3.68766 8.49962
    endloop
  endfacet
  facet normal -1 0 0
    outer loop
      vertex -0.7 -3.83953 7.86703
      vertex -0.7 -7.2 16
      vertex -0.7 -3.85 8
    endloop
  endfacet
  facet normal -1 0 0
    outer loop
      vertex -0.7 -3 8.85
      vertex -0.7 -7.2 16
      vertex -0.7 1 16
    endloop
  endfacet
  facet normal -1 0 0
    outer loop
      vertex -0.7 -3.75735 8.38589
      vertex -0.7 -7.2 16
      vertex -0.7 -3.68766 8.49962
    endloop
  endfacet
  facet normal -1 0 0
    outer loop
      vertex -0.7 -3.8084 8.26266
      vertex -0.7 -7.2 16
      vertex -0.7 -3.75735 8.38589
    endloop
  endfacet
  facet normal -1 0 0
    outer loop
      vertex -0.7 -3.83953 8.13297
      vertex -0.7 -7.2 16
      vertex -0.7 -3.8084 8.26266
    endloop
  endfacet
  facet normal -1 0 0
    outer loop
      vertex -0.7 -3.85 8
      vertex -0.7 -7.2 16
      vertex -0.7 -3.83953 8.13297
    endloop
  endfacet
  facet normal 0 1 -0
    outer loop
      vertex -0.7 -7.2 -16
      vertex -3.7 -7.2 16
      vertex -0.7 -7.2 16
    endloop
  endfacet
  facet normal 0 1 0
    outer loop
      vertex -3.7 -7.2 16
      vertex -0.7 -7.2 -16
      vertex -3.7 -7.2 -16
    endloop
  endfacet
  facet normal 0 -0.233475 0.972363
    outer loop
      vertex -0.7 -2.73734 7.1916
      vertex 3.7 -2.86703 7.16046
      vertex 3.7 -2.73734 7.1916
    endloop
  endfacet
  facet normal 0 -0.233475 0.972363
    outer loop
      vertex 3.7 -2.86703 7.16046
      vertex -0.7 -2.73734 7.1916
      vertex -0.7 -2.86703 7.16046
    endloop
  endfacet
  facet normal 0 0.923862 0.382725
    outer loop
      vertex 3.7 -3.75735 7.61411
      vertex -0.7 -3.8084 7.73734
      vertex 3.7 -3.8084 7.73734
    endloop
  endfacet
  facet normal 0 0.923862 0.382725
    outer loop
      vertex -0.7 -3.8084 7.73734
      vertex 3.7 -3.75735 7.61411
      vertex -0.7 -3.75735 7.61411
    endloop
  endfacet
  facet normal -0 0.233475 0.972363
    outer loop
      vertex -0.7 -3.13297 7.16046
      vertex 3.7 -3.26266 7.1916
      vertex 3.7 -3.13297 7.16046
    endloop
  endfacet
  facet normal 0 0.233475 0.972363
    outer loop
      vertex 3.7 -3.26266 7.1916
      vertex -0.7 -3.13297 7.16046
      vertex -0.7 -3.26266 7.1916
    endloop
  endfacet
  facet normal 0 0.760409 0.649444
    outer loop
      vertex 3.7 -3.60104 7.39896
      vertex -0.7 -3.68766 7.50038
      vertex 3.7 -3.68766 7.50038
    endloop
  endfacet
  facet normal 0 0.760409 0.649444
    outer loop
      vertex -0.7 -3.68766 7.50038
      vertex 3.7 -3.60104 7.39896
      vertex -0.7 -3.60104 7.39896
    endloop
  endfacet
  facet normal 0 -0.382661 0.923889
    outer loop
      vertex -0.7 -2.61411 7.24264
      vertex 3.7 -2.73734 7.1916
      vertex 3.7 -2.61411 7.24264
    endloop
  endfacet
  facet normal 0 -0.382661 0.923889
    outer loop
      vertex 3.7 -2.73734 7.1916
      vertex -0.7 -2.61411 7.24264
      vertex -0.7 -2.73734 7.1916
    endloop
  endfacet
  facet normal 0 0.996914 -0.0784966
    outer loop
      vertex 3.7 -3.85 8
      vertex -0.7 -3.83953 8.13297
      vertex 3.7 -3.83953 8.13297
    endloop
  endfacet
  facet normal 0 0.996914 -0.0784966
    outer loop
      vertex -0.7 -3.83953 8.13297
      vertex 3.7 -3.85 8
      vertex -0.7 -3.85 8
    endloop
  endfacet
  facet normal 0 0.996914 0.0784966
    outer loop
      vertex 3.7 -3.83953 7.86703
      vertex -0.7 -3.85 8
      vertex 3.7 -3.85 8
    endloop
  endfacet
  facet normal 0 0.996914 0.0784966
    outer loop
      vertex -0.7 -3.85 8
      vertex 3.7 -3.83953 7.86703
      vertex -0.7 -3.83953 7.86703
    endloop
  endfacet
  facet normal 0 0.852653 0.522478
    outer loop
      vertex 3.7 -3.68766 7.50038
      vertex -0.7 -3.75735 7.61411
      vertex 3.7 -3.75735 7.61411
    endloop
  endfacet
  facet normal 0 0.852653 0.522478
    outer loop
      vertex -0.7 -3.75735 7.61411
      vertex 3.7 -3.68766 7.50038
      vertex -0.7 -3.68766 7.50038
    endloop
  endfacet
  facet normal 0 -0.85262 0.522532
    outer loop
      vertex -0.7 -2.31234 7.50038
      vertex 3.7 -2.24264 7.61411
      vertex -0.7 -2.24264 7.61411
    endloop
  endfacet
  facet normal 0 -0.85262 0.522532
    outer loop
      vertex 3.7 -2.24264 7.61411
      vertex -0.7 -2.31234 7.50038
      vertex 3.7 -2.31234 7.50038
    endloop
  endfacet
  facet normal 0 -0.522532 0.85262
    outer loop
      vertex -0.7 -2.50038 7.31234
      vertex 3.7 -2.61411 7.24264
      vertex 3.7 -2.50038 7.31234
    endloop
  endfacet
  facet normal 0 -0.522532 0.85262
    outer loop
      vertex 3.7 -2.61411 7.24264
      vertex -0.7 -2.50038 7.31234
      vertex -0.7 -2.61411 7.24264
    endloop
  endfacet
  facet normal 0 0.382725 -0.923862
    outer loop
      vertex -0.7 -3.38589 8.75735
      vertex 3.7 -3.26266 8.8084
      vertex 3.7 -3.38589 8.75735
    endloop
  endfacet
  facet normal 0 0.382725 -0.923862
    outer loop
      vertex 3.7 -3.26266 8.8084
      vertex -0.7 -3.38589 8.75735
      vertex -0.7 -3.26266 8.8084
    endloop
  endfacet
  facet normal 0 0.233404 -0.97238
    outer loop
      vertex -0.7 -3.26266 8.8084
      vertex 3.7 -3.13297 8.83953
      vertex 3.7 -3.26266 8.8084
    endloop
  endfacet
  facet normal 0 0.233404 -0.97238
    outer loop
      vertex 3.7 -3.13297 8.83953
      vertex -0.7 -3.26266 8.8084
      vertex -0.7 -3.13297 8.83953
    endloop
  endfacet
  facet normal 0 0.97238 0.233404
    outer loop
      vertex 3.7 -3.8084 7.73734
      vertex -0.7 -3.83953 7.86703
      vertex 3.7 -3.83953 7.86703
    endloop
  endfacet
  facet normal 0 0.97238 0.233404
    outer loop
      vertex -0.7 -3.83953 7.86703
      vertex 3.7 -3.8084 7.73734
      vertex -0.7 -3.8084 7.73734
    endloop
  endfacet
  facet normal 0 0.97238 -0.233404
    outer loop
      vertex 3.7 -3.83953 8.13297
      vertex -0.7 -3.8084 8.26266
      vertex 3.7 -3.8084 8.26266
    endloop
  endfacet
  facet normal 0 0.97238 -0.233404
    outer loop
      vertex -0.7 -3.8084 8.26266
      vertex 3.7 -3.83953 8.13297
      vertex -0.7 -3.83953 8.13297
    endloop
  endfacet
  facet normal -0 0.0784221 0.99692
    outer loop
      vertex -0.7 -3 7.15
      vertex 3.7 -3.13297 7.16046
      vertex 3.7 -3 7.15
    endloop
  endfacet
  facet normal 0 0.0784221 0.99692
    outer loop
      vertex 3.7 -3.13297 7.16046
      vertex -0.7 -3 7.15
      vertex -0.7 -3.13297 7.16046
    endloop
  endfacet
  facet normal 0 -0.760409 -0.649444
    outer loop
      vertex -0.7 -2.31234 8.49962
      vertex 3.7 -2.39896 8.60104
      vertex -0.7 -2.39896 8.60104
    endloop
  endfacet
  facet normal 0 -0.760409 -0.649444
    outer loop
      vertex 3.7 -2.39896 8.60104
      vertex -0.7 -2.31234 8.49962
      vertex 3.7 -2.31234 8.49962
    endloop
  endfacet
  facet normal 0 -0.382725 -0.923862
    outer loop
      vertex -0.7 -2.73734 8.8084
      vertex 3.7 -2.61411 8.75735
      vertex 3.7 -2.73734 8.8084
    endloop
  endfacet
  facet normal -0 -0.382725 -0.923862
    outer loop
      vertex 3.7 -2.61411 8.75735
      vertex -0.7 -2.73734 8.8084
      vertex -0.7 -2.61411 8.75735
    endloop
  endfacet
  facet normal 0 -0.760409 0.649444
    outer loop
      vertex -0.7 -2.39896 7.39896
      vertex 3.7 -2.31234 7.50038
      vertex -0.7 -2.31234 7.50038
    endloop
  endfacet
  facet normal 0 -0.760409 0.649444
    outer loop
      vertex 3.7 -2.31234 7.50038
      vertex -0.7 -2.39896 7.39896
      vertex 3.7 -2.39896 7.39896
    endloop
  endfacet
  facet normal 0 -0.522478 -0.852653
    outer loop
      vertex -0.7 -2.61411 8.75735
      vertex 3.7 -2.50038 8.68766
      vertex 3.7 -2.61411 8.75735
    endloop
  endfacet
  facet normal -0 -0.522478 -0.852653
    outer loop
      vertex 3.7 -2.50038 8.68766
      vertex -0.7 -2.61411 8.75735
      vertex -0.7 -2.50038 8.68766
    endloop
  endfacet
  facet normal -0 0.382661 0.923889
    outer loop
      vertex -0.7 -3.26266 7.1916
      vertex 3.7 -3.38589 7.24264
      vertex 3.7 -3.26266 7.1916
    endloop
  endfacet
  facet normal 0 0.382661 0.923889
    outer loop
      vertex 3.7 -3.38589 7.24264
      vertex -0.7 -3.26266 7.1916
      vertex -0.7 -3.38589 7.24264
    endloop
  endfacet
  facet normal 0 -0.99692 -0.0784221
    outer loop
      vertex -0.7 -2.15 8
      vertex 3.7 -2.16046 8.13297
      vertex -0.7 -2.16046 8.13297
    endloop
  endfacet
  facet normal 0 -0.99692 -0.0784221
    outer loop
      vertex 3.7 -2.16046 8.13297
      vertex -0.7 -2.15 8
      vertex 3.7 -2.15 8
    endloop
  endfacet
  facet normal -0 0.522532 0.85262
    outer loop
      vertex -0.7 -3.38589 7.24264
      vertex 3.7 -3.49962 7.31234
      vertex 3.7 -3.38589 7.24264
    endloop
  endfacet
  facet normal 0 0.522532 0.85262
    outer loop
      vertex 3.7 -3.49962 7.31234
      vertex -0.7 -3.38589 7.24264
      vertex -0.7 -3.49962 7.31234
    endloop
  endfacet
  facet normal 0 0.0784966 -0.996914
    outer loop
      vertex -0.7 -3.13297 8.83953
      vertex 3.7 -3 8.85
      vertex 3.7 -3.13297 8.83953
    endloop
  endfacet
  facet normal 0 0.0784966 -0.996914
    outer loop
      vertex 3.7 -3 8.85
      vertex -0.7 -3.13297 8.83953
      vertex -0.7 -3 8.85
    endloop
  endfacet
  facet normal 0 -0.649444 -0.760409
    outer loop
      vertex -0.7 -2.50038 8.68766
      vertex 3.7 -2.39896 8.60104
      vertex 3.7 -2.50038 8.68766
    endloop
  endfacet
  facet normal -0 -0.649444 -0.760409
    outer loop
      vertex 3.7 -2.39896 8.60104
      vertex -0.7 -2.50038 8.68766
      vertex -0.7 -2.39896 8.60104
    endloop
  endfacet
  facet normal 0 -0.923889 0.382661
    outer loop
      vertex -0.7 -2.24264 7.61411
      vertex 3.7 -2.1916 7.73734
      vertex -0.7 -2.1916 7.73734
    endloop
  endfacet
  facet normal 0 -0.923889 0.382661
    outer loop
      vertex 3.7 -2.1916 7.73734
      vertex -0.7 -2.24264 7.61411
      vertex 3.7 -2.24264 7.61411
    endloop
  endfacet
  facet normal 0 0.852653 -0.522478
    outer loop
      vertex 3.7 -3.75735 8.38589
      vertex -0.7 -3.68766 8.49962
      vertex 3.7 -3.68766 8.49962
    endloop
  endfacet
  facet normal 0 0.852653 -0.522478
    outer loop
      vertex -0.7 -3.68766 8.49962
      vertex 3.7 -3.75735 8.38589
      vertex -0.7 -3.75735 8.38589
    endloop
  endfacet
  facet normal 0 0.923862 -0.382725
    outer loop
      vertex 3.7 -3.8084 8.26266
      vertex -0.7 -3.75735 8.38589
      vertex 3.7 -3.75735 8.38589
    endloop
  endfacet
  facet normal 0 0.923862 -0.382725
    outer loop
      vertex -0.7 -3.75735 8.38589
      vertex 3.7 -3.8084 8.26266
      vertex -0.7 -3.8084 8.26266
    endloop
  endfacet
  facet normal 0 -0.972363 -0.233475
    outer loop
      vertex -0.7 -2.16046 8.13297
      vertex 3.7 -2.1916 8.26266
      vertex -0.7 -2.1916 8.26266
    endloop
  endfacet
  facet normal 0 -0.972363 -0.233475
    outer loop
      vertex 3.7 -2.1916 8.26266
      vertex -0.7 -2.16046 8.13297
      vertex 3.7 -2.16046 8.13297
    endloop
  endfacet
  facet normal 0 -0.0784221 0.99692
    outer loop
      vertex -0.7 -2.86703 7.16046
      vertex 3.7 -3 7.15
      vertex 3.7 -2.86703 7.16046
    endloop
  endfacet
  facet normal 0 -0.0784221 0.99692
    outer loop
      vertex 3.7 -3 7.15
      vertex -0.7 -2.86703 7.16046
      vertex -0.7 -3 7.15
    endloop
  endfacet
  facet normal 0 -0.649444 0.760409
    outer loop
      vertex -0.7 -2.39896 7.39896
      vertex 3.7 -2.50038 7.31234
      vertex 3.7 -2.39896 7.39896
    endloop
  endfacet
  facet normal 0 -0.649444 0.760409
    outer loop
      vertex 3.7 -2.50038 7.31234
      vertex -0.7 -2.39896 7.39896
      vertex -0.7 -2.50038 7.31234
    endloop
  endfacet
  facet normal 0 -0.972363 0.233475
    outer loop
      vertex -0.7 -2.1916 7.73734
      vertex 3.7 -2.16046 7.86703
      vertex -0.7 -2.16046 7.86703
    endloop
  endfacet
  facet normal 0 -0.972363 0.233475
    outer loop
      vertex 3.7 -2.16046 7.86703
      vertex -0.7 -2.1916 7.73734
      vertex 3.7 -2.1916 7.73734
    endloop
  endfacet
  facet normal 0 -0.0784966 -0.996914
    outer loop
      vertex -0.7 -3 8.85
      vertex 3.7 -2.86703 8.83953
      vertex 3.7 -3 8.85
    endloop
  endfacet
  facet normal -0 -0.0784966 -0.996914
    outer loop
      vertex 3.7 -2.86703 8.83953
      vertex -0.7 -3 8.85
      vertex -0.7 -2.86703 8.83953
    endloop
  endfacet
  facet normal -0 0.649444 0.760409
    outer loop
      vertex -0.7 -3.49962 7.31234
      vertex 3.7 -3.60104 7.39896
      vertex 3.7 -3.49962 7.31234
    endloop
  endfacet
  facet normal 0 0.649444 0.760409
    outer loop
      vertex 3.7 -3.60104 7.39896
      vertex -0.7 -3.49962 7.31234
      vertex -0.7 -3.60104 7.39896
    endloop
  endfacet
  facet normal 0 -0.233404 -0.97238
    outer loop
      vertex -0.7 -2.86703 8.83953
      vertex 3.7 -2.73734 8.8084
      vertex 3.7 -2.86703 8.83953
    endloop
  endfacet
  facet normal -0 -0.233404 -0.97238
    outer loop
      vertex 3.7 -2.73734 8.8084
      vertex -0.7 -2.86703 8.83953
      vertex -0.7 -2.73734 8.8084
    endloop
  endfacet
  facet normal 0 0.522478 -0.852653
    outer loop
      vertex -0.7 -3.49962 8.68766
      vertex 3.7 -3.38589 8.75735
      vertex 3.7 -3.49962 8.68766
    endloop
  endfacet
  facet normal 0 0.522478 -0.852653
    outer loop
      vertex 3.7 -3.38589 8.75735
      vertex -0.7 -3.49962 8.68766
      vertex -0.7 -3.38589 8.75735
    endloop
  endfacet
  facet normal 0 -0.923889 -0.382661
    outer loop
      vertex -0.7 -2.1916 8.26266
      vertex 3.7 -2.24264 8.38589
      vertex -0.7 -2.24264 8.38589
    endloop
  endfacet
  facet normal 0 -0.923889 -0.382661
    outer loop
      vertex 3.7 -2.24264 8.38589
      vertex -0.7 -2.1916 8.26266
      vertex 3.7 -2.1916 8.26266
    endloop
  endfacet
  facet normal 0 -0.99692 0.0784221
    outer loop
      vertex -0.7 -2.16046 7.86703
      vertex 3.7 -2.15 8
      vertex -0.7 -2.15 8
    endloop
  endfacet
  facet normal 0 -0.99692 0.0784221
    outer loop
      vertex 3.7 -2.15 8
      vertex -0.7 -2.16046 7.86703
      vertex 3.7 -2.16046 7.86703
    endloop
  endfacet
  facet normal 0 0.649444 -0.760409
    outer loop
      vertex -0.7 -3.60104 8.60104
      vertex 3.7 -3.49962 8.68766
      vertex 3.7 -3.60104 8.60104
    endloop
  endfacet
  facet normal 0 0.649444 -0.760409
    outer loop
      vertex 3.7 -3.49962 8.68766
      vertex -0.7 -3.60104 8.60104
      vertex -0.7 -3.49962 8.68766
    endloop
  endfacet
  facet normal 0 -0.85262 -0.522532
    outer loop
      vertex -0.7 -2.24264 8.38589
      vertex 3.7 -2.31234 8.49962
      vertex -0.7 -2.31234 8.49962
    endloop
  endfacet
  facet normal 0 -0.85262 -0.522532
    outer loop
      vertex 3.7 -2.31234 8.49962
      vertex -0.7 -2.24264 8.38589
      vertex 3.7 -2.24264 8.38589
    endloop
  endfacet
  facet normal 0 0.760409 -0.649444
    outer loop
      vertex 3.7 -3.68766 8.49962
      vertex -0.7 -3.60104 8.60104
      vertex 3.7 -3.60104 8.60104
    endloop
  endfacet
  facet normal 0 0.760409 -0.649444
    outer loop
      vertex -0.7 -3.60104 8.60104
      vertex 3.7 -3.68766 8.49962
      vertex -0.7 -3.68766 8.49962
    endloop
  endfacet
  facet normal -1 0 0
    outer loop
      vertex 20.3 -16.5 -16
      vertex 20.3 -7.2 16
      vertex 20.3 -7.2 -16
    endloop
  endfacet
  facet normal -1 -0 0
    outer loop
      vertex 20.3 -7.2 16
      vertex 20.3 -16.5 -16
      vertex 20.3 -16.5 16
    endloop
  endfacet
  facet normal 0 1 0
    outer loop
      vertex 20.3 -16.5 16
      vertex 14.7 -16.5 4.8
      vertex 14.7 -16.5 16
    endloop
  endfacet
  facet normal 0 1 0
    outer loop
      vertex 14.7 -16.5 4.8
      vertex 15 -16.5 4.5
      vertex 9.3 -16.5 4.8
    endloop
  endfacet
  facet normal 0 1 0
    outer loop
      vertex 20.3 -16.5 16
      vertex 15 -16.5 4.5
      vertex 14.7 -16.5 4.8
    endloop
  endfacet
  facet normal 0 1 0
    outer loop
      vertex 20.3 -16.5 16
      vertex 15 -16.5 -4.5
      vertex 15 -16.5 4.5
    endloop
  endfacet
  facet normal 0 1 0
    outer loop
      vertex 15 -16.5 -4.5
      vertex 20.3 -16.5 -16
      vertex 9 -16.5 -4.5
    endloop
  endfacet
  facet normal 0 1 -0
    outer loop
      vertex 20.3 -16.5 -16
      vertex 15 -16.5 -4.5
      vertex 20.3 -16.5 16
    endloop
  endfacet
  facet normal 0 1 -0
    outer loop
      vertex 9.3 -16.5 4.8
      vertex 3.7 -16.5 16
      vertex 9.3 -16.5 16
    endloop
  endfacet
  facet normal 0 1 0
    outer loop
      vertex 9 -16.5 4.5
      vertex 9.3 -16.5 4.8
      vertex 15 -16.5 4.5
    endloop
  endfacet
  facet normal 0 1 -0
    outer loop
      vertex 9 -16.5 4.5
      vertex 3.7 -16.5 16
      vertex 9.3 -16.5 4.8
    endloop
  endfacet
  facet normal 0 1 -0
    outer loop
      vertex 9 -16.5 -4.5
      vertex 3.7 -16.5 16
      vertex 9 -16.5 4.5
    endloop
  endfacet
  facet normal 0 1 0
    outer loop
      vertex 9 -16.5 -4.5
      vertex 3.7 -16.5 -16
      vertex 3.7 -16.5 16
    endloop
  endfacet
  facet normal 0 1 0
    outer loop
      vertex 3.7 -16.5 -16
      vertex 9 -16.5 -4.5
      vertex 20.3 -16.5 -16
    endloop
  endfacet
  facet normal 1 0 0
    outer loop
      vertex 3.7 -2.16046 7.86703
      vertex 3.7 1 16
      vertex 3.7 -2.15 8
    endloop
  endfacet
  facet normal 1 0 0
    outer loop
      vertex 3.7 1 16
      vertex 3.7 -2.16046 8.13297
      vertex 3.7 -2.15 8
    endloop
  endfacet
  facet normal 1 0 0
    outer loop
      vertex 3.7 1 16
      vertex 3.7 -2.1916 8.26266
      vertex 3.7 -2.16046 8.13297
    endloop
  endfacet
  facet normal 1 0 0
    outer loop
      vertex 3.7 1 16
      vertex 3.7 -2.24264 8.38589
      vertex 3.7 -2.1916 8.26266
    endloop
  endfacet
  facet normal 1 0 0
    outer loop
      vertex 3.7 1 16
      vertex 3.7 -2.31234 8.49962
      vertex 3.7 -2.24264 8.38589
    endloop
  endfacet
  facet normal 1 0 0
    outer loop
      vertex 3.7 1 16
      vertex 3.7 -2.39896 8.60104
      vertex 3.7 -2.31234 8.49962
    endloop
  endfacet
  facet normal 1 0 0
    outer loop
      vertex 3.7 1 16
      vertex 3.7 -2.50038 8.68766
      vertex 3.7 -2.39896 8.60104
    endloop
  endfacet
  facet normal 1 0 0
    outer loop
      vertex 3.7 1 16
      vertex 3.7 -2.61411 8.75735
      vertex 3.7 -2.50038 8.68766
    endloop
  endfacet
  facet normal 1 0 0
    outer loop
      vertex 3.7 1 16
      vertex 3.7 -2.73734 8.8084
      vertex 3.7 -2.61411 8.75735
    endloop
  endfacet
  facet normal 1 0 0
    outer loop
      vertex 3.7 1 16
      vertex 3.7 -2.86703 8.83953
      vertex 3.7 -2.73734 8.8084
    endloop
  endfacet
  facet normal 1 0 0
    outer loop
      vertex 3.7 1 16
      vertex 3.7 -3 8.85
      vertex 3.7 -2.86703 8.83953
    endloop
  endfacet
  facet normal 1 0 0
    outer loop
      vertex 3.7 1 16
      vertex 3.7 -3.13297 8.83953
      vertex 3.7 -3 8.85
    endloop
  endfacet
  facet normal 1 0 0
    outer loop
      vertex 3.7 1 16
      vertex 3.7 -3.26266 8.8084
      vertex 3.7 -3.13297 8.83953
    endloop
  endfacet
  facet normal 1 0 0
    outer loop
      vertex 3.7 1 16
      vertex 3.7 -3.38589 8.75735
      vertex 3.7 -3.26266 8.8084
    endloop
  endfacet
  facet normal 1 -0 0
    outer loop
      vertex 3.7 -16.5 16
      vertex 3.7 -3.38589 8.75735
      vertex 3.7 1 16
    endloop
  endfacet
  facet normal 1 0 0
    outer loop
      vertex 3.7 -3.38589 8.75735
      vertex 3.7 -16.5 16
      vertex 3.7 -3.49962 8.68766
    endloop
  endfacet
  facet normal 1 0 0
    outer loop
      vertex 3.7 -3.49962 8.68766
      vertex 3.7 -16.5 16
      vertex 3.7 -3.60104 8.60104
    endloop
  endfacet
  facet normal 1 0 0
    outer loop
      vertex 3.7 -3.83953 8.13297
      vertex 3.7 -16.5 16
      vertex 3.7 -3.85 8
    endloop
  endfacet
  facet normal 1 0 0
    outer loop
      vertex 3.7 -3.8084 8.26266
      vertex 3.7 -16.5 16
      vertex 3.7 -3.83953 8.13297
    endloop
  endfacet
  facet normal 1 0 0
    outer loop
      vertex 3.7 -3.75735 8.38589
      vertex 3.7 -16.5 16
      vertex 3.7 -3.8084 8.26266
    endloop
  endfacet
  facet normal 1 0 0
    outer loop
      vertex 3.7 -3.68766 8.49962
      vertex 3.7 -16.5 16
      vertex 3.7 -3.75735 8.38589
    endloop
  endfacet
  facet normal 1 0 0
    outer loop
      vertex 3.7 -3.60104 8.60104
      vertex 3.7 -16.5 16
      vertex 3.7 -3.68766 8.49962
    endloop
  endfacet
  facet normal 1 0 0
    outer loop
      vertex 3.7 1 16
      vertex 3.7 -2.16046 7.86703
      vertex 3.7 1 -16
    endloop
  endfacet
  facet normal 1 -0 0
    outer loop
      vertex 3.7 -2.1916 7.73734
      vertex 3.7 1 -16
      vertex 3.7 -2.16046 7.86703
    endloop
  endfacet
  facet normal 1 -0 0
    outer loop
      vertex 3.7 -2.24264 7.61411
      vertex 3.7 1 -16
      vertex 3.7 -2.1916 7.73734
    endloop
  endfacet
  facet normal 1 -0 0
    outer loop
      vertex 3.7 -2.31234 7.50038
      vertex 3.7 1 -16
      vertex 3.7 -2.24264 7.61411
    endloop
  endfacet
  facet normal 1 -0 0
    outer loop
      vertex 3.7 -2.39896 7.39896
      vertex 3.7 1 -16
      vertex 3.7 -2.31234 7.50038
    endloop
  endfacet
  facet normal 1 -0 0
    outer loop
      vertex 3.7 -2.50038 7.31234
      vertex 3.7 1 -16
      vertex 3.7 -2.39896 7.39896
    endloop
  endfacet
  facet normal 1 -0 0
    outer loop
      vertex 3.7 -2.61411 7.24264
      vertex 3.7 1 -16
      vertex 3.7 -2.50038 7.31234
    endloop
  endfacet
  facet normal 1 -0 0
    outer loop
      vertex 3.7 -2.73734 7.1916
      vertex 3.7 1 -16
      vertex 3.7 -2.61411 7.24264
    endloop
  endfacet
  facet normal 1 -0 0
    outer loop
      vertex 3.7 -2.86703 7.16046
      vertex 3.7 1 -16
      vertex 3.7 -2.73734 7.1916
    endloop
  endfacet
  facet normal 1 -0 0
    outer loop
      vertex 3.7 -3 7.15
      vertex 3.7 1 -16
      vertex 3.7 -2.86703 7.16046
    endloop
  endfacet
  facet normal 1 0 0
    outer loop
      vertex 3.7 -3.13297 7.16046
      vertex 3.7 1 -16
      vertex 3.7 -3 7.15
    endloop
  endfacet
  facet normal 1 0 0
    outer loop
      vertex 3.7 -3.26266 7.1916
      vertex 3.7 1 -16
      vertex 3.7 -3.13297 7.16046
    endloop
  endfacet
  facet normal 1 0 0
    outer loop
      vertex 3.7 -16.5 -16
      vertex 3.7 -3.26266 7.1916
      vertex 3.7 -3.38589 7.24264
    endloop
  endfacet
  facet normal 1 0 0
    outer loop
      vertex 3.7 -16.5 -16
      vertex 3.7 -3.38589 7.24264
      vertex 3.7 -3.49962 7.31234
    endloop
  endfacet
  facet normal 1 0 0
    outer loop
      vertex 3.7 -16.5 -16
      vertex 3.7 -3.49962 7.31234
      vertex 3.7 -3.60104 7.39896
    endloop
  endfacet
  facet normal 1 0 0
    outer loop
      vertex 3.7 -16.5 -16
      vertex 3.7 -3.60104 7.39896
      vertex 3.7 -3.68766 7.50038
    endloop
  endfacet
  facet normal 1 0 0
    outer loop
      vertex 3.7 -16.5 -16
      vertex 3.7 -3.68766 7.50038
      vertex 3.7 -3.75735 7.61411
    endloop
  endfacet
  facet normal 1 0 0
    outer loop
      vertex 3.7 -16.5 16
      vertex 3.7 -3.75735 7.61411
      vertex 3.7 -3.8084 7.73734
    endloop
  endfacet
  facet normal 1 0 0
    outer loop
      vertex 3.7 -16.5 16
      vertex 3.7 -3.8084 7.73734
      vertex 3.7 -3.83953 7.86703
    endloop
  endfacet
  facet normal 1 0 0
    outer loop
      vertex 3.7 -16.5 16
      vertex 3.7 -3.83953 7.86703
      vertex 3.7 -3.85 8
    endloop
  endfacet
  facet normal 1 0 0
    outer loop
      vertex 3.7 -3.75735 7.61411
      vertex 3.7 -16.5 16
      vertex 3.7 -16.5 -16
    endloop
  endfacet
  facet normal 1 0 0
    outer loop
      vertex 3.7 -3.26266 7.1916
      vertex 3.7 -16.5 -16
      vertex 3.7 1 -16
    endloop
  endfacet
  facet normal -1 0 0
    outer loop
      vertex 23.3 -2.16046 7.86703
      vertex 23.3 1 16
      vertex 23.3 1 -16
    endloop
  endfacet
  facet normal -1 0 0
    outer loop
      vertex 23.3 1 16
      vertex 23.3 -2.16046 7.86703
      vertex 23.3 -2.15 8
    endloop
  endfacet
  facet normal -1 0 0
    outer loop
      vertex 23.3 1 -16
      vertex 23.3 -2.1916 7.73734
      vertex 23.3 -2.16046 7.86703
    endloop
  endfacet
  facet normal -1 0 0
    outer loop
      vertex 23.3 1 -16
      vertex 23.3 -2.24264 7.61411
      vertex 23.3 -2.1916 7.73734
    endloop
  endfacet
  facet normal -1 0 0
    outer loop
      vertex 23.3 1 -16
      vertex 23.3 -2.31234 7.50038
      vertex 23.3 -2.24264 7.61411
    endloop
  endfacet
  facet normal -1 0 0
    outer loop
      vertex 23.3 1 -16
      vertex 23.3 -2.39896 7.39896
      vertex 23.3 -2.31234 7.50038
    endloop
  endfacet
  facet normal -1 0 0
    outer loop
      vertex 23.3 1 -16
      vertex 23.3 -2.50038 7.31234
      vertex 23.3 -2.39896 7.39896
    endloop
  endfacet
  facet normal -1 0 0
    outer loop
      vertex 23.3 1 -16
      vertex 23.3 -2.61411 7.24264
      vertex 23.3 -2.50038 7.31234
    endloop
  endfacet
  facet normal -1 0 0
    outer loop
      vertex 23.3 1 -16
      vertex 23.3 -2.73734 7.1916
      vertex 23.3 -2.61411 7.24264
    endloop
  endfacet
  facet normal -1 0 0
    outer loop
      vertex 23.3 1 -16
      vertex 23.3 -2.86703 7.16046
      vertex 23.3 -2.73734 7.1916
    endloop
  endfacet
  facet normal -1 0 0
    outer loop
      vertex 23.3 1 -16
      vertex 23.3 -3 7.15
      vertex 23.3 -2.86703 7.16046
    endloop
  endfacet
  facet normal -1 0 0
    outer loop
      vertex 23.3 -7.2 -16
      vertex 23.3 -3 7.15
      vertex 23.3 1 -16
    endloop
  endfacet
  facet normal -1 -0 0
    outer loop
      vertex 23.3 -3 7.15
      vertex 23.3 -7.2 -16
      vertex 23.3 -3.13297 7.16046
    endloop
  endfacet
  facet normal -1 -0 0
    outer loop
      vertex 23.3 -3.13297 7.16046
      vertex 23.3 -7.2 -16
      vertex 23.3 -3.26266 7.1916
    endloop
  endfacet
  facet normal -1 -0 0
    outer loop
      vertex 23.3 -3.26266 7.1916
      vertex 23.3 -7.2 -16
      vertex 23.3 -3.38589 7.24264
    endloop
  endfacet
  facet normal -1 -0 0
    outer loop
      vertex 23.3 -3.38589 7.24264
      vertex 23.3 -7.2 -16
      vertex 23.3 -3.49962 7.31234
    endloop
  endfacet
  facet normal -1 -0 0
    outer loop
      vertex 23.3 -3.49962 7.31234
      vertex 23.3 -7.2 -16
      vertex 23.3 -3.60104 7.39896
    endloop
  endfacet
  facet normal -1 -0 0
    outer loop
      vertex 23.3 -3.60104 7.39896
      vertex 23.3 -7.2 -16
      vertex 23.3 -3.68766 7.50038
    endloop
  endfacet
  facet normal -1 -0 0
    outer loop
      vertex 23.3 -3.68766 7.50038
      vertex 23.3 -7.2 -16
      vertex 23.3 -3.75735 7.61411
    endloop
  endfacet
  facet normal -1 -0 0
    outer loop
      vertex 23.3 -3.75735 7.61411
      vertex 23.3 -7.2 -16
      vertex 23.3 -3.8084 7.73734
    endloop
  endfacet
  facet normal -1 0 0
    outer loop
      vertex 23.3 -3.8084 7.73734
      vertex 23.3 -7.2 16
      vertex 23.3 -3.83953 7.86703
    endloop
  endfacet
  facet normal -1 0 0
    outer loop
      vertex 23.3 -7.2 16
      vertex 23.3 -3.8084 7.73734
      vertex 23.3 -7.2 -16
    endloop
  endfacet
  facet normal -1 0 0
    outer loop
      vertex 23.3 -2.16046 8.13297
      vertex 23.3 1 16
      vertex 23.3 -2.15 8
    endloop
  endfacet
  facet normal -1 0 0
    outer loop
      vertex 23.3 -2.1916 8.26266
      vertex 23.3 1 16
      vertex 23.3 -2.16046 8.13297
    endloop
  endfacet
  facet normal -1 0 0
    outer loop
      vertex 23.3 -2.24264 8.38589
      vertex 23.3 1 16
      vertex 23.3 -2.1916 8.26266
    endloop
  endfacet
  facet normal -1 0 0
    outer loop
      vertex 23.3 -2.31234 8.49962
      vertex 23.3 1 16
      vertex 23.3 -2.24264 8.38589
    endloop
  endfacet
  facet normal -1 0 0
    outer loop
      vertex 23.3 -2.39896 8.60104
      vertex 23.3 1 16
      vertex 23.3 -2.31234 8.49962
    endloop
  endfacet
  facet normal -1 0 0
    outer loop
      vertex 23.3 -2.50038 8.68766
      vertex 23.3 1 16
      vertex 23.3 -2.39896 8.60104
    endloop
  endfacet
  facet normal -1 0 0
    outer loop
      vertex 23.3 -2.61411 8.75735
      vertex 23.3 1 16
      vertex 23.3 -2.50038 8.68766
    endloop
  endfacet
  facet normal -1 0 0
    outer loop
      vertex 23.3 -2.73734 8.8084
      vertex 23.3 1 16
      vertex 23.3 -2.61411 8.75735
    endloop
  endfacet
  facet normal -1 0 0
    outer loop
      vertex 23.3 -2.86703 8.83953
      vertex 23.3 1 16
      vertex 23.3 -2.73734 8.8084
    endloop
  endfacet
  facet normal -1 0 0
    outer loop
      vertex 23.3 -3 8.85
      vertex 23.3 1 16
      vertex 23.3 -2.86703 8.83953
    endloop
  endfacet
  facet normal -1 0 0
    outer loop
      vertex 23.3 -7.2 16
      vertex 23.3 -3 8.85
      vertex 23.3 -3.13297 8.83953
    endloop
  endfacet
  facet normal -1 0 0
    outer loop
      vertex 23.3 -7.2 16
      vertex 23.3 -3.13297 8.83953
      vertex 23.3 -3.26266 8.8084
    endloop
  endfacet
  facet normal -1 0 0
    outer loop
      vertex 23.3 -7.2 16
      vertex 23.3 -3.26266 8.8084
      vertex 23.3 -3.38589 8.75735
    endloop
  endfacet
  facet normal -1 0 0
    outer loop
      vertex 23.3 -7.2 16
      vertex 23.3 -3.38589 8.75735
      vertex 23.3 -3.49962 8.68766
    endloop
  endfacet
  facet normal -1 0 0
    outer loop
      vertex 23.3 -7.2 16
      vertex 23.3 -3.49962 8.68766
      vertex 23.3 -3.60104 8.60104
    endloop
  endfacet
  facet normal -1 0 0
    outer loop
      vertex 23.3 -7.2 16
      vertex 23.3 -3.60104 8.60104
      vertex 23.3 -3.68766 8.49962
    endloop
  endfacet
  facet normal -1 0 0
    outer loop
      vertex 23.3 -3.83953 7.86703
      vertex 23.3 -7.2 16
      vertex 23.3 -3.85 8
    endloop
  endfacet
  facet normal -1 0 0
    outer loop
      vertex 23.3 -3 8.85
      vertex 23.3 -7.2 16
      vertex 23.3 1 16
    endloop
  endfacet
  facet normal -1 0 0
    outer loop
      vertex 23.3 -3.75735 8.38589
      vertex 23.3 -7.2 16
      vertex 23.3 -3.68766 8.49962
    endloop
  endfacet
  facet normal -1 0 0
    outer loop
      vertex 23.3 -3.8084 8.26266
      vertex 23.3 -7.2 16
      vertex 23.3 -3.75735 8.38589
    endloop
  endfacet
  facet normal -1 0 0
    outer loop
      vertex 23.3 -3.83953 8.13297
      vertex 23.3 -7.2 16
      vertex 23.3 -3.8084 8.26266
    endloop
  endfacet
  facet normal -1 0 0
    outer loop
      vertex 23.3 -3.85 8
      vertex 23.3 -7.2 16
      vertex 23.3 -3.83953 8.13297
    endloop
  endfacet
  facet normal 0 1 -0
    outer loop
      vertex 23.3 -7.2 -16
      vertex 20.3 -7.2 16
      vertex 23.3 -7.2 16
    endloop
  endfacet
  facet normal 0 1 0
    outer loop
      vertex 20.3 -7.2 16
      vertex 23.3 -7.2 -16
      vertex 20.3 -7.2 -16
    endloop
  endfacet
  facet normal 0 -0.233475 0.972363
    outer loop
      vertex 23.3 -2.73734 7.1916
      vertex 27.7 -2.86703 7.16046
      vertex 27.7 -2.73734 7.1916
    endloop
  endfacet
  facet normal 0 -0.233475 0.972363
    outer loop
      vertex 27.7 -2.86703 7.16046
      vertex 23.3 -2.73734 7.1916
      vertex 23.3 -2.86703 7.16046
    endloop
  endfacet
  facet normal 0 0.923862 0.382725
    outer loop
      vertex 27.7 -3.75735 7.61411
      vertex 23.3 -3.8084 7.73734
      vertex 27.7 -3.8084 7.73734
    endloop
  endfacet
  facet normal 0 0.923862 0.382725
    outer loop
      vertex 23.3 -3.8084 7.73734
      vertex 27.7 -3.75735 7.61411
      vertex 23.3 -3.75735 7.61411
    endloop
  endfacet
  facet normal -0 0.233475 0.972363
    outer loop
      vertex 23.3 -3.13297 7.16046
      vertex 27.7 -3.26266 7.1916
      vertex 27.7 -3.13297 7.16046
    endloop
  endfacet
  facet normal 0 0.233475 0.972363
    outer loop
      vertex 27.7 -3.26266 7.1916
      vertex 23.3 -3.13297 7.16046
      vertex 23.3 -3.26266 7.1916
    endloop
  endfacet
  facet normal 0 0.760409 0.649444
    outer loop
      vertex 27.7 -3.60104 7.39896
      vertex 23.3 -3.68766 7.50038
      vertex 27.7 -3.68766 7.50038
    endloop
  endfacet
  facet normal 0 0.760409 0.649444
    outer loop
      vertex 23.3 -3.68766 7.50038
      vertex 27.7 -3.60104 7.39896
      vertex 23.3 -3.60104 7.39896
    endloop
  endfacet
  facet normal 0 -0.382661 0.923889
    outer loop
      vertex 23.3 -2.61411 7.24264
      vertex 27.7 -2.73734 7.1916
      vertex 27.7 -2.61411 7.24264
    endloop
  endfacet
  facet normal 0 -0.382661 0.923889
    outer loop
      vertex 27.7 -2.73734 7.1916
      vertex 23.3 -2.61411 7.24264
      vertex 23.3 -2.73734 7.1916
    endloop
  endfacet
  facet normal 0 0.996914 -0.0784966
    outer loop
      vertex 27.7 -3.85 8
      vertex 23.3 -3.83953 8.13297
      vertex 27.7 -3.83953 8.13297
    endloop
  endfacet
  facet normal 0 0.996914 -0.0784966
    outer loop
      vertex 23.3 -3.83953 8.13297
      vertex 27.7 -3.85 8
      vertex 23.3 -3.85 8
    endloop
  endfacet
  facet normal 0 0.996914 0.0784966
    outer loop
      vertex 27.7 -3.83953 7.86703
      vertex 23.3 -3.85 8
      vertex 27.7 -3.85 8
    endloop
  endfacet
  facet normal 0 0.996914 0.0784966
    outer loop
      vertex 23.3 -3.85 8
      vertex 27.7 -3.83953 7.86703
      vertex 23.3 -3.83953 7.86703
    endloop
  endfacet
  facet normal 0 0.852653 0.522478
    outer loop
      vertex 27.7 -3.68766 7.50038
      vertex 23.3 -3.75735 7.61411
      vertex 27.7 -3.75735 7.61411
    endloop
  endfacet
  facet normal 0 0.852653 0.522478
    outer loop
      vertex 23.3 -3.75735 7.61411
      vertex 27.7 -3.68766 7.50038
      vertex 23.3 -3.68766 7.50038
    endloop
  endfacet
  facet normal 0 0.649444 -0.760409
    outer loop
      vertex 23.3 -3.60104 8.60104
      vertex 27.7 -3.49962 8.68766
      vertex 27.7 -3.60104 8.60104
    endloop
  endfacet
  facet normal 0 0.649444 -0.760409
    outer loop
      vertex 27.7 -3.49962 8.68766
      vertex 23.3 -3.60104 8.60104
      vertex 23.3 -3.49962 8.68766
    endloop
  endfacet
  facet normal 0 -0.85262 0.522532
    outer loop
      vertex 23.3 -2.31234 7.50038
      vertex 27.7 -2.24264 7.61411
      vertex 23.3 -2.24264 7.61411
    endloop
  endfacet
  facet normal 0 -0.85262 0.522532
    outer loop
      vertex 27.7 -2.24264 7.61411
      vertex 23.3 -2.31234 7.50038
      vertex 27.7 -2.31234 7.50038
    endloop
  endfacet
  facet normal 0 -0.522532 0.85262
    outer loop
      vertex 23.3 -2.50038 7.31234
      vertex 27.7 -2.61411 7.24264
      vertex 27.7 -2.50038 7.31234
    endloop
  endfacet
  facet normal 0 -0.522532 0.85262
    outer loop
      vertex 27.7 -2.61411 7.24264
      vertex 23.3 -2.50038 7.31234
      vertex 23.3 -2.61411 7.24264
    endloop
  endfacet
  facet normal 0 0.382725 -0.923862
    outer loop
      vertex 23.3 -3.38589 8.75735
      vertex 27.7 -3.26266 8.8084
      vertex 27.7 -3.38589 8.75735
    endloop
  endfacet
  facet normal 0 0.382725 -0.923862
    outer loop
      vertex 27.7 -3.26266 8.8084
      vertex 23.3 -3.38589 8.75735
      vertex 23.3 -3.26266 8.8084
    endloop
  endfacet
  facet normal 0 0.233404 -0.97238
    outer loop
      vertex 23.3 -3.26266 8.8084
      vertex 27.7 -3.13297 8.83953
      vertex 27.7 -3.26266 8.8084
    endloop
  endfacet
  facet normal 0 0.233404 -0.97238
    outer loop
      vertex 27.7 -3.13297 8.83953
      vertex 23.3 -3.26266 8.8084
      vertex 23.3 -3.13297 8.83953
    endloop
  endfacet
  facet normal 0 0.97238 0.233404
    outer loop
      vertex 27.7 -3.8084 7.73734
      vertex 23.3 -3.83953 7.86703
      vertex 27.7 -3.83953 7.86703
    endloop
  endfacet
  facet normal 0 0.97238 0.233404
    outer loop
      vertex 23.3 -3.83953 7.86703
      vertex 27.7 -3.8084 7.73734
      vertex 23.3 -3.8084 7.73734
    endloop
  endfacet
  facet normal 0 0.97238 -0.233404
    outer loop
      vertex 27.7 -3.83953 8.13297
      vertex 23.3 -3.8084 8.26266
      vertex 27.7 -3.8084 8.26266
    endloop
  endfacet
  facet normal 0 0.97238 -0.233404
    outer loop
      vertex 23.3 -3.8084 8.26266
      vertex 27.7 -3.83953 8.13297
      vertex 23.3 -3.83953 8.13297
    endloop
  endfacet
  facet normal -0 0.0784221 0.99692
    outer loop
      vertex 23.3 -3 7.15
      vertex 27.7 -3.13297 7.16046
      vertex 27.7 -3 7.15
    endloop
  endfacet
  facet normal 0 0.0784221 0.99692
    outer loop
      vertex 27.7 -3.13297 7.16046
      vertex 23.3 -3 7.15
      vertex 23.3 -3.13297 7.16046
    endloop
  endfacet
  facet normal 0 -0.760409 -0.649444
    outer loop
      vertex 23.3 -2.31234 8.49962
      vertex 27.7 -2.39896 8.60104
      vertex 23.3 -2.39896 8.60104
    endloop
  endfacet
  facet normal 0 -0.760409 -0.649444
    outer loop
      vertex 27.7 -2.39896 8.60104
      vertex 23.3 -2.31234 8.49962
      vertex 27.7 -2.31234 8.49962
    endloop
  endfacet
  facet normal 0 -0.382725 -0.923862
    outer loop
      vertex 23.3 -2.73734 8.8084
      vertex 27.7 -2.61411 8.75735
      vertex 27.7 -2.73734 8.8084
    endloop
  endfacet
  facet normal -0 -0.382725 -0.923862
    outer loop
      vertex 27.7 -2.61411 8.75735
      vertex 23.3 -2.73734 8.8084
      vertex 23.3 -2.61411 8.75735
    endloop
  endfacet
  facet normal 0 -0.760409 0.649444
    outer loop
      vertex 23.3 -2.39896 7.39896
      vertex 27.7 -2.31234 7.50038
      vertex 23.3 -2.31234 7.50038
    endloop
  endfacet
  facet normal 0 -0.760409 0.649444
    outer loop
      vertex 27.7 -2.31234 7.50038
      vertex 23.3 -2.39896 7.39896
      vertex 27.7 -2.39896 7.39896
    endloop
  endfacet
  facet normal 0 -0.522478 -0.852653
    outer loop
      vertex 23.3 -2.61411 8.75735
      vertex 27.7 -2.50038 8.68766
      vertex 27.7 -2.61411 8.75735
    endloop
  endfacet
  facet normal -0 -0.522478 -0.852653
    outer loop
      vertex 27.7 -2.50038 8.68766
      vertex 23.3 -2.61411 8.75735
      vertex 23.3 -2.50038 8.68766
    endloop
  endfacet
  facet normal -0 0.382661 0.923889
    outer loop
      vertex 23.3 -3.26266 7.1916
      vertex 27.7 -3.38589 7.24264
      vertex 27.7 -3.26266 7.1916
    endloop
  endfacet
  facet normal 0 0.382661 0.923889
    outer loop
      vertex 27.7 -3.38589 7.24264
      vertex 23.3 -3.26266 7.1916
      vertex 23.3 -3.38589 7.24264
    endloop
  endfacet
  facet normal 0 -0.99692 -0.0784221
    outer loop
      vertex 23.3 -2.15 8
      vertex 27.7 -2.16046 8.13297
      vertex 23.3 -2.16046 8.13297
    endloop
  endfacet
  facet normal 0 -0.99692 -0.0784221
    outer loop
      vertex 27.7 -2.16046 8.13297
      vertex 23.3 -2.15 8
      vertex 27.7 -2.15 8
    endloop
  endfacet
  facet normal -0 0.522532 0.85262
    outer loop
      vertex 23.3 -3.38589 7.24264
      vertex 27.7 -3.49962 7.31234
      vertex 27.7 -3.38589 7.24264
    endloop
  endfacet
  facet normal 0 0.522532 0.85262
    outer loop
      vertex 27.7 -3.49962 7.31234
      vertex 23.3 -3.38589 7.24264
      vertex 23.3 -3.49962 7.31234
    endloop
  endfacet
  facet normal 0 0.0784966 -0.996914
    outer loop
      vertex 23.3 -3.13297 8.83953
      vertex 27.7 -3 8.85
      vertex 27.7 -3.13297 8.83953
    endloop
  endfacet
  facet normal 0 0.0784966 -0.996914
    outer loop
      vertex 27.7 -3 8.85
      vertex 23.3 -3.13297 8.83953
      vertex 23.3 -3 8.85
    endloop
  endfacet
  facet normal 0 -0.649444 -0.760409
    outer loop
      vertex 23.3 -2.50038 8.68766
      vertex 27.7 -2.39896 8.60104
      vertex 27.7 -2.50038 8.68766
    endloop
  endfacet
  facet normal -0 -0.649444 -0.760409
    outer loop
      vertex 27.7 -2.39896 8.60104
      vertex 23.3 -2.50038 8.68766
      vertex 23.3 -2.39896 8.60104
    endloop
  endfacet
  facet normal 0 -0.923889 0.382661
    outer loop
      vertex 23.3 -2.24264 7.61411
      vertex 27.7 -2.1916 7.73734
      vertex 23.3 -2.1916 7.73734
    endloop
  endfacet
  facet normal 0 -0.923889 0.382661
    outer loop
      vertex 27.7 -2.1916 7.73734
      vertex 23.3 -2.24264 7.61411
      vertex 27.7 -2.24264 7.61411
    endloop
  endfacet
  facet normal 0 0.852653 -0.522478
    outer loop
      vertex 27.7 -3.75735 8.38589
      vertex 23.3 -3.68766 8.49962
      vertex 27.7 -3.68766 8.49962
    endloop
  endfacet
  facet normal 0 0.852653 -0.522478
    outer loop
      vertex 23.3 -3.68766 8.49962
      vertex 27.7 -3.75735 8.38589
      vertex 23.3 -3.75735 8.38589
    endloop
  endfacet
  facet normal 0 0.923862 -0.382725
    outer loop
      vertex 27.7 -3.8084 8.26266
      vertex 23.3 -3.75735 8.38589
      vertex 27.7 -3.75735 8.38589
    endloop
  endfacet
  facet normal 0 0.923862 -0.382725
    outer loop
      vertex 23.3 -3.75735 8.38589
      vertex 27.7 -3.8084 8.26266
      vertex 23.3 -3.8084 8.26266
    endloop
  endfacet
  facet normal 0 -0.972363 -0.233475
    outer loop
      vertex 23.3 -2.16046 8.13297
      vertex 27.7 -2.1916 8.26266
      vertex 23.3 -2.1916 8.26266
    endloop
  endfacet
  facet normal 0 -0.972363 -0.233475
    outer loop
      vertex 27.7 -2.1916 8.26266
      vertex 23.3 -2.16046 8.13297
      vertex 27.7 -2.16046 8.13297
    endloop
  endfacet
  facet normal 0 -0.0784221 0.99692
    outer loop
      vertex 23.3 -2.86703 7.16046
      vertex 27.7 -3 7.15
      vertex 27.7 -2.86703 7.16046
    endloop
  endfacet
  facet normal 0 -0.0784221 0.99692
    outer loop
      vertex 27.7 -3 7.15
      vertex 23.3 -2.86703 7.16046
      vertex 23.3 -3 7.15
    endloop
  endfacet
  facet normal 0 -0.649444 0.760409
    outer loop
      vertex 23.3 -2.39896 7.39896
      vertex 27.7 -2.50038 7.31234
      vertex 27.7 -2.39896 7.39896
    endloop
  endfacet
  facet normal 0 -0.649444 0.760409
    outer loop
      vertex 27.7 -2.50038 7.31234
      vertex 23.3 -2.39896 7.39896
      vertex 23.3 -2.50038 7.31234
    endloop
  endfacet
  facet normal 0 -0.972363 0.233475
    outer loop
      vertex 23.3 -2.1916 7.73734
      vertex 27.7 -2.16046 7.86703
      vertex 23.3 -2.16046 7.86703
    endloop
  endfacet
  facet normal 0 -0.972363 0.233475
    outer loop
      vertex 27.7 -2.16046 7.86703
      vertex 23.3 -2.1916 7.73734
      vertex 27.7 -2.1916 7.73734
    endloop
  endfacet
  facet normal 0 -0.0784966 -0.996914
    outer loop
      vertex 23.3 -3 8.85
      vertex 27.7 -2.86703 8.83953
      vertex 27.7 -3 8.85
    endloop
  endfacet
  facet normal -0 -0.0784966 -0.996914
    outer loop
      vertex 27.7 -2.86703 8.83953
      vertex 23.3 -3 8.85
      vertex 23.3 -2.86703 8.83953
    endloop
  endfacet
  facet normal -0 0.649444 0.760409
    outer loop
      vertex 23.3 -3.49962 7.31234
      vertex 27.7 -3.60104 7.39896
      vertex 27.7 -3.49962 7.31234
    endloop
  endfacet
  facet normal 0 0.649444 0.760409
    outer loop
      vertex 27.7 -3.60104 7.39896
      vertex 23.3 -3.49962 7.31234
      vertex 23.3 -3.60104 7.39896
    endloop
  endfacet
  facet normal 0 -0.233404 -0.97238
    outer loop
      vertex 23.3 -2.86703 8.83953
      vertex 27.7 -2.73734 8.8084
      vertex 27.7 -2.86703 8.83953
    endloop
  endfacet
  facet normal -0 -0.233404 -0.97238
    outer loop
      vertex 27.7 -2.73734 8.8084
      vertex 23.3 -2.86703 8.83953
      vertex 23.3 -2.73734 8.8084
    endloop
  endfacet
  facet normal 0 0.522478 -0.852653
    outer loop
      vertex 23.3 -3.49962 8.68766
      vertex 27.7 -3.38589 8.75735
      vertex 27.7 -3.49962 8.68766
    endloop
  endfacet
  facet normal 0 0.522478 -0.852653
    outer loop
      vertex 27.7 -3.38589 8.75735
      vertex 23.3 -3.49962 8.68766
      vertex 23.3 -3.38589 8.75735
    endloop
  endfacet
  facet normal 0 -0.923889 -0.382661
    outer loop
      vertex 23.3 -2.1916 8.26266
      vertex 27.7 -2.24264 8.38589
      vertex 23.3 -2.24264 8.38589
    endloop
  endfacet
  facet normal 0 -0.923889 -0.382661
    outer loop
      vertex 27.7 -2.24264 8.38589
      vertex 23.3 -2.1916 8.26266
      vertex 27.7 -2.1916 8.26266
    endloop
  endfacet
  facet normal 0 -0.99692 0.0784221
    outer loop
      vertex 23.3 -2.16046 7.86703
      vertex 27.7 -2.15 8
      vertex 23.3 -2.15 8
    endloop
  endfacet
  facet normal 0 -0.99692 0.0784221
    outer loop
      vertex 27.7 -2.15 8
      vertex 23.3 -2.16046 7.86703
      vertex 27.7 -2.16046 7.86703
    endloop
  endfacet
  facet normal 0 -0.85262 -0.522532
    outer loop
      vertex 23.3 -2.24264 8.38589
      vertex 27.7 -2.31234 8.49962
      vertex 23.3 -2.31234 8.49962
    endloop
  endfacet
  facet normal 0 -0.85262 -0.522532
    outer loop
      vertex 27.7 -2.31234 8.49962
      vertex 23.3 -2.24264 8.38589
      vertex 27.7 -2.24264 8.38589
    endloop
  endfacet
  facet normal 0 0.760409 -0.649444
    outer loop
      vertex 27.7 -3.68766 8.49962
      vertex 23.3 -3.60104 8.60104
      vertex 27.7 -3.60104 8.60104
    endloop
  endfacet
  facet normal 0 0.760409 -0.649444
    outer loop
      vertex 23.3 -3.60104 8.60104
      vertex 27.7 -3.68766 8.49962
      vertex 23.3 -3.68766 8.49962
    endloop
  endfacet
  facet normal -1 0 0
    outer loop
      vertex 44.3 -16.5 -16
      vertex 44.3 -7.2 16
      vertex 44.3 -7.2 -16
    endloop
  endfacet
  facet normal -1 -0 0
    outer loop
      vertex 44.3 -7.2 16
      vertex 44.3 -16.5 -16
      vertex 44.3 -16.5 16
    endloop
  endfacet
  facet normal 0 1 0
    outer loop
      vertex 44.3 -16.5 16
      vertex 39 -16.5 4.5
      vertex 27.7 -16.5 16
    endloop
  endfacet
  facet normal 0 1 0
    outer loop
      vertex 44.3 -16.5 16
      vertex 39 -16.5 -4.5
      vertex 39 -16.5 4.5
    endloop
  endfacet
  facet normal 0 1 0
    outer loop
      vertex 39 -16.5 -4.5
      vertex 38.7 -16.5 -4.8
      vertex 33 -16.5 -4.5
    endloop
  endfacet
  facet normal 0 1 -0
    outer loop
      vertex 44.3 -16.5 -16
      vertex 39 -16.5 -4.5
      vertex 44.3 -16.5 16
    endloop
  endfacet
  facet normal 0 1 0
    outer loop
      vertex 44.3 -16.5 -16
      vertex 38.7 -16.5 -4.8
      vertex 39 -16.5 -4.5
    endloop
  endfacet
  facet normal 0 1 0
    outer loop
      vertex 38.7 -16.5 -4.8
      vertex 44.3 -16.5 -16
      vertex 38.7 -16.5 -16
    endloop
  endfacet
  facet normal 0 1 -0
    outer loop
      vertex 33 -16.5 4.5
      vertex 27.7 -16.5 16
      vertex 39 -16.5 4.5
    endloop
  endfacet
  facet normal 0 1 -0
    outer loop
      vertex 33 -16.5 -4.5
      vertex 27.7 -16.5 16
      vertex 33 -16.5 4.5
    endloop
  endfacet
  facet normal 0 1 -0
    outer loop
      vertex 33.3 -16.5 -4.8
      vertex 33 -16.5 -4.5
      vertex 38.7 -16.5 -4.8
    endloop
  endfacet
  facet normal 0 1 0
    outer loop
      vertex 27.7 -16.5 -16
      vertex 33.3 -16.5 -4.8
      vertex 33.3 -16.5 -16
    endloop
  endfacet
  facet normal 0 1 0
    outer loop
      vertex 33.3 -16.5 -4.8
      vertex 27.7 -16.5 -16
      vertex 33 -16.5 -4.5
    endloop
  endfacet
  facet normal 0 1 0
    outer loop
      vertex 33 -16.5 -4.5
      vertex 27.7 -16.5 -16
      vertex 27.7 -16.5 16
    endloop
  endfacet
  facet normal 1 0 0
    outer loop
      vertex 27.7 -2.16046 7.86703
      vertex 27.7 1 16
      vertex 27.7 -2.15 8
    endloop
  endfacet
  facet normal 1 0 0
    outer loop
      vertex 27.7 1 16
      vertex 27.7 -2.16046 8.13297
      vertex 27.7 -2.15 8
    endloop
  endfacet
  facet normal 1 0 0
    outer loop
      vertex 27.7 1 16
      vertex 27.7 -2.1916 8.26266
      vertex 27.7 -2.16046 8.13297
    endloop
  endfacet
  facet normal 1 0 0
    outer loop
      vertex 27.7 1 16
      vertex 27.7 -2.24264 8.38589
      vertex 27.7 -2.1916 8.26266
    endloop
  endfacet
  facet normal 1 0 0
    outer loop
      vertex 27.7 1 16
      vertex 27.7 -2.31234 8.49962
      vertex 27.7 -2.24264 8.38589
    endloop
  endfacet
  facet normal 1 0 0
    outer loop
      vertex 27.7 1 16
      vertex 27.7 -2.39896 8.60104
      vertex 27.7 -2.31234 8.49962
    endloop
  endfacet
  facet normal 1 0 0
    outer loop
      vertex 27.7 1 16
      vertex 27.7 -2.50038 8.68766
      vertex 27.7 -2.39896 8.60104
    endloop
  endfacet
  facet normal 1 0 0
    outer loop
      vertex 27.7 1 16
      vertex 27.7 -2.61411 8.75735
      vertex 27.7 -2.50038 8.68766
    endloop
  endfacet
  facet normal 1 0 0
    outer loop
      vertex 27.7 1 16
      vertex 27.7 -2.73734 8.8084
      vertex 27.7 -2.61411 8.75735
    endloop
  endfacet
  facet normal 1 0 0
    outer loop
      vertex 27.7 1 16
      vertex 27.7 -2.86703 8.83953
      vertex 27.7 -2.73734 8.8084
    endloop
  endfacet
  facet normal 1 0 0
    outer loop
      vertex 27.7 1 16
      vertex 27.7 -3 8.85
      vertex 27.7 -2.86703 8.83953
    endloop
  endfacet
  facet normal 1 0 0
    outer loop
      vertex 27.7 1 16
      vertex 27.7 -3.13297 8.83953
      vertex 27.7 -3 8.85
    endloop
  endfacet
  facet normal 1 0 0
    outer loop
      vertex 27.7 1 16
      vertex 27.7 -3.26266 8.8084
      vertex 27.7 -3.13297 8.83953
    endloop
  endfacet
  facet normal 1 0 0
    outer loop
      vertex 27.7 1 16
      vertex 27.7 -3.38589 8.75735
      vertex 27.7 -3.26266 8.8084
    endloop
  endfacet
  facet normal 1 -0 0
    outer loop
      vertex 27.7 -16.5 16
      vertex 27.7 -3.38589 8.75735
      vertex 27.7 1 16
    endloop
  endfacet
  facet normal 1 0 0
    outer loop
      vertex 27.7 -3.38589 8.75735
      vertex 27.7 -16.5 16
      vertex 27.7 -3.49962 8.68766
    endloop
  endfacet
  facet normal 1 0 0
    outer loop
      vertex 27.7 -3.49962 8.68766
      vertex 27.7 -16.5 16
      vertex 27.7 -3.60104 8.60104
    endloop
  endfacet
  facet normal 1 0 0
    outer loop
      vertex 27.7 -3.83953 8.13297
      vertex 27.7 -16.5 16
      vertex 27.7 -3.85 8
    endloop
  endfacet
  facet normal 1 0 0
    outer loop
      vertex 27.7 -3.8084 8.26266
      vertex 27.7 -16.5 16
      vertex 27.7 -3.83953 8.13297
    endloop
  endfacet
  facet normal 1 0 0
    outer loop
      vertex 27.7 -3.75735 8.38589
      vertex 27.7 -16.5 16
      vertex 27.7 -3.8084 8.26266
    endloop
  endfacet
  facet normal 1 0 0
    outer loop
      vertex 27.7 -3.68766 8.49962
      vertex 27.7 -16.5 16
      vertex 27.7 -3.75735 8.38589
    endloop
  endfacet
  facet normal 1 0 0
    outer loop
      vertex 27.7 -3.60104 8.60104
      vertex 27.7 -16.5 16
      vertex 27.7 -3.68766 8.49962
    endloop
  endfacet
  facet normal 1 0 0
    outer loop
      vertex 27.7 1 16
      vertex 27.7 -2.16046 7.86703
      vertex 27.7 1 -16
    endloop
  endfacet
  facet normal 1 -0 0
    outer loop
      vertex 27.7 -2.1916 7.73734
      vertex 27.7 1 -16
      vertex 27.7 -2.16046 7.86703
    endloop
  endfacet
  facet normal 1 -0 0
    outer loop
      vertex 27.7 -2.24264 7.61411
      vertex 27.7 1 -16
      vertex 27.7 -2.1916 7.73734
    endloop
  endfacet
  facet normal 1 -0 0
    outer loop
      vertex 27.7 -2.31234 7.50038
      vertex 27.7 1 -16
      vertex 27.7 -2.24264 7.61411
    endloop
  endfacet
  facet normal 1 -0 0
    outer loop
      vertex 27.7 -2.39896 7.39896
      vertex 27.7 1 -16
      vertex 27.7 -2.31234 7.50038
    endloop
  endfacet
  facet normal 1 -0 0
    outer loop
      vertex 27.7 -2.50038 7.31234
      vertex 27.7 1 -16
      vertex 27.7 -2.39896 7.39896
    endloop
  endfacet
  facet normal 1 -0 0
    outer loop
      vertex 27.7 -2.61411 7.24264
      vertex 27.7 1 -16
      vertex 27.7 -2.50038 7.31234
    endloop
  endfacet
  facet normal 1 -0 0
    outer loop
      vertex 27.7 -2.73734 7.1916
      vertex 27.7 1 -16
      vertex 27.7 -2.61411 7.24264
    endloop
  endfacet
  facet normal 1 -0 0
    outer loop
      vertex 27.7 -2.86703 7.16046
      vertex 27.7 1 -16
      vertex 27.7 -2.73734 7.1916
    endloop
  endfacet
  facet normal 1 -0 0
    outer loop
      vertex 27.7 -3 7.15
      vertex 27.7 1 -16
      vertex 27.7 -2.86703 7.16046
    endloop
  endfacet
  facet normal 1 0 0
    outer loop
      vertex 27.7 -3.13297 7.16046
      vertex 27.7 1 -16
      vertex 27.7 -3 7.15
    endloop
  endfacet
  facet normal 1 0 0
    outer loop
      vertex 27.7 -3.26266 7.1916
      vertex 27.7 1 -16
      vertex 27.7 -3.13297 7.16046
    endloop
  endfacet
  facet normal 1 0 0
    outer loop
      vertex 27.7 -16.5 -16
      vertex 27.7 -3.26266 7.1916
      vertex 27.7 -3.38589 7.24264
    endloop
  endfacet
  facet normal 1 0 0
    outer loop
      vertex 27.7 -16.5 -16
      vertex 27.7 -3.38589 7.24264
      vertex 27.7 -3.49962 7.31234
    endloop
  endfacet
  facet normal 1 0 0
    outer loop
      vertex 27.7 -16.5 -16
      vertex 27.7 -3.49962 7.31234
      vertex 27.7 -3.60104 7.39896
    endloop
  endfacet
  facet normal 1 0 0
    outer loop
      vertex 27.7 -16.5 -16
      vertex 27.7 -3.60104 7.39896
      vertex 27.7 -3.68766 7.50038
    endloop
  endfacet
  facet normal 1 0 0
    outer loop
      vertex 27.7 -16.5 -16
      vertex 27.7 -3.68766 7.50038
      vertex 27.7 -3.75735 7.61411
    endloop
  endfacet
  facet normal 1 0 0
    outer loop
      vertex 27.7 -16.5 16
      vertex 27.7 -3.75735 7.61411
      vertex 27.7 -3.8084 7.73734
    endloop
  endfacet
  facet normal 1 0 0
    outer loop
      vertex 27.7 -16.5 16
      vertex 27.7 -3.8084 7.73734
      vertex 27.7 -3.83953 7.86703
    endloop
  endfacet
  facet normal 1 0 0
    outer loop
      vertex 27.7 -16.5 16
      vertex 27.7 -3.83953 7.86703
      vertex 27.7 -3.85 8
    endloop
  endfacet
  facet normal 1 0 0
    outer loop
      vertex 27.7 -3.75735 7.61411
      vertex 27.7 -16.5 16
      vertex 27.7 -16.5 -16
    endloop
  endfacet
  facet normal 1 0 0
    outer loop
      vertex 27.7 -3.26266 7.1916
      vertex 27.7 -16.5 -16
      vertex 27.7 1 -16
    endloop
  endfacet
  facet normal -1 0 0
    outer loop
      vertex 47.3 1 2.8
      vertex 47.3 -2.15 8
      vertex 47.3 1 13.2
    endloop
  endfacet
  facet normal -1 0 0
    outer loop
      vertex 47.3 1 2.8
      vertex 47.3 -2.16046 7.86703
      vertex 47.3 -2.15 8
    endloop
  endfacet
  facet normal -1 0 0
    outer loop
      vertex 47.3 1 2.8
      vertex 47.3 -2.1916 7.73734
      vertex 47.3 -2.16046 7.86703
    endloop
  endfacet
  facet normal -1 0 0
    outer loop
      vertex 47.3 1 2.8
      vertex 47.3 -2.24264 7.61411
      vertex 47.3 -2.1916 7.73734
    endloop
  endfacet
  facet normal -1 0 0
    outer loop
      vertex 47.3 1 2.8
      vertex 47.3 -2.31234 7.50038
      vertex 47.3 -2.24264 7.61411
    endloop
  endfacet
  facet normal -1 0 0
    outer loop
      vertex 47.3 1 2.8
      vertex 47.3 -2.39896 7.39896
      vertex 47.3 -2.31234 7.50038
    endloop
  endfacet
  facet normal -1 0 0
    outer loop
      vertex 47.3 1 2.8
      vertex 47.3 -2.50038 7.31234
      vertex 47.3 -2.39896 7.39896
    endloop
  endfacet
  facet normal -1 0 0
    outer loop
      vertex 47.3 1 2.8
      vertex 47.3 -2.61411 7.24264
      vertex 47.3 -2.50038 7.31234
    endloop
  endfacet
  facet normal -1 0 0
    outer loop
      vertex 47.3 1 2.8
      vertex 47.3 -2.73734 7.1916
      vertex 47.3 -2.61411 7.24264
    endloop
  endfacet
  facet normal -1 0 0
    outer loop
      vertex 47.3 1 2.8
      vertex 47.3 -2.86703 7.16046
      vertex 47.3 -2.73734 7.1916
    endloop
  endfacet
  facet normal -1 0 0
    outer loop
      vertex 47.3 1 2.8
      vertex 47.3 -3 7.15
      vertex 47.3 -2.86703 7.16046
    endloop
  endfacet
  facet normal -1 0 0
    outer loop
      vertex 47.3 -7.2 2.8
      vertex 47.3 -3 7.15
      vertex 47.3 1 2.8
    endloop
  endfacet
  facet normal -1 -0 0
    outer loop
      vertex 47.3 -3 7.15
      vertex 47.3 -7.2 2.8
      vertex 47.3 -3.13297 7.16046
    endloop
  endfacet
  facet normal -1 -0 0
    outer loop
      vertex 47.3 -3.13297 7.16046
      vertex 47.3 -7.2 2.8
      vertex 47.3 -3.26266 7.1916
    endloop
  endfacet
  facet normal -1 -0 0
    outer loop
      vertex 47.3 -3.26266 7.1916
      vertex 47.3 -7.2 2.8
      vertex 47.3 -3.38589 7.24264
    endloop
  endfacet
  facet normal -1 -0 0
    outer loop
      vertex 47.3 -3.38589 7.24264
      vertex 47.3 -7.2 2.8
      vertex 47.3 -3.49962 7.31234
    endloop
  endfacet
  facet normal -1 -0 0
    outer loop
      vertex 47.3 -3.83953 7.86703
      vertex 47.3 -7.2 2.8
      vertex 47.3 -3.85 8
    endloop
  endfacet
  facet normal -1 -0 0
    outer loop
      vertex 47.3 -3.8084 7.73734
      vertex 47.3 -7.2 2.8
      vertex 47.3 -3.83953 7.86703
    endloop
  endfacet
  facet normal -1 -0 0
    outer loop
      vertex 47.3 -3.75735 7.61411
      vertex 47.3 -7.2 2.8
      vertex 47.3 -3.8084 7.73734
    endloop
  endfacet
  facet normal -1 -0 0
    outer loop
      vertex 47.3 -3.68766 7.50038
      vertex 47.3 -7.2 2.8
      vertex 47.3 -3.75735 7.61411
    endloop
  endfacet
  facet normal -1 -0 0
    outer loop
      vertex 47.3 -3.60104 7.39896
      vertex 47.3 -7.2 2.8
      vertex 47.3 -3.68766 7.50038
    endloop
  endfacet
  facet normal -1 -0 0
    outer loop
      vertex 47.3 -3.49962 7.31234
      vertex 47.3 -7.2 2.8
      vertex 47.3 -3.60104 7.39896
    endloop
  endfacet
  facet normal -1 0 0
    outer loop
      vertex 47.3 -2.16046 8.13297
      vertex 47.3 1 13.2
      vertex 47.3 -2.15 8
    endloop
  endfacet
  facet normal -1 0 0
    outer loop
      vertex 47.3 -2.1916 8.26266
      vertex 47.3 1 13.2
      vertex 47.3 -2.16046 8.13297
    endloop
  endfacet
  facet normal -1 0 0
    outer loop
      vertex 47.3 -2.24264 8.38589
      vertex 47.3 1 13.2
      vertex 47.3 -2.1916 8.26266
    endloop
  endfacet
  facet normal -1 0 0
    outer loop
      vertex 47.3 -2.31234 8.49962
      vertex 47.3 1 13.2
      vertex 47.3 -2.24264 8.38589
    endloop
  endfacet
  facet normal -1 0 0
    outer loop
      vertex 47.3 -2.39896 8.60104
      vertex 47.3 1 13.2
      vertex 47.3 -2.31234 8.49962
    endloop
  endfacet
  facet normal -1 0 0
    outer loop
      vertex 47.3 -2.50038 8.68766
      vertex 47.3 1 13.2
      vertex 47.3 -2.39896 8.60104
    endloop
  endfacet
  facet normal -1 0 0
    outer loop
      vertex 47.3 -2.61411 8.75735
      vertex 47.3 1 13.2
      vertex 47.3 -2.50038 8.68766
    endloop
  endfacet
  facet normal -1 0 0
    outer loop
      vertex 47.3 -2.73734 8.8084
      vertex 47.3 1 13.2
      vertex 47.3 -2.61411 8.75735
    endloop
  endfacet
  facet normal -1 0 0
    outer loop
      vertex 47.3 -2.86703 8.83953
      vertex 47.3 1 13.2
      vertex 47.3 -2.73734 8.8084
    endloop
  endfacet
  facet normal -1 0 0
    outer loop
      vertex 47.3 -3 8.85
      vertex 47.3 1 13.2
      vertex 47.3 -2.86703 8.83953
    endloop
  endfacet
  facet normal -1 0 0
    outer loop
      vertex 47.3 -7.2 13.2
      vertex 47.3 -3 8.85
      vertex 47.3 -3.13297 8.83953
    endloop
  endfacet
  facet normal -1 0 0
    outer loop
      vertex 47.3 -7.2 13.2
      vertex 47.3 -3.13297 8.83953
      vertex 47.3 -3.26266 8.8084
    endloop
  endfacet
  facet normal -1 0 0
    outer loop
      vertex 47.3 -7.2 13.2
      vertex 47.3 -3.26266 8.8084
      vertex 47.3 -3.38589 8.75735
    endloop
  endfacet
  facet normal -1 0 0
    outer loop
      vertex 47.3 -7.2 13.2
      vertex 47.3 -3.38589 8.75735
      vertex 47.3 -3.49962 8.68766
    endloop
  endfacet
  facet normal -1 0 0
    outer loop
      vertex 47.3 -7.2 13.2
      vertex 47.3 -3.49962 8.68766
      vertex 47.3 -3.60104 8.60104
    endloop
  endfacet
  facet normal -1 0 0
    outer loop
      vertex 47.3 -7.2 13.2
      vertex 47.3 -3.85 8
      vertex 47.3 -7.2 2.8
    endloop
  endfacet
  facet normal -1 0 0
    outer loop
      vertex 47.3 -3.85 8
      vertex 47.3 -7.2 13.2
      vertex 47.3 -3.83953 8.13297
    endloop
  endfacet
  facet normal -1 0 0
    outer loop
      vertex 47.3 -3.83953 8.13297
      vertex 47.3 -7.2 13.2
      vertex 47.3 -3.8084 8.26266
    endloop
  endfacet
  facet normal -1 0 0
    outer loop
      vertex 47.3 -3.8084 8.26266
      vertex 47.3 -7.2 13.2
      vertex 47.3 -3.75735 8.38589
    endloop
  endfacet
  facet normal -1 0 0
    outer loop
      vertex 47.3 -3 8.85
      vertex 47.3 -7.2 13.2
      vertex 47.3 1 13.2
    endloop
  endfacet
  facet normal -1 0 0
    outer loop
      vertex 47.3 -3.68766 8.49962
      vertex 47.3 -7.2 13.2
      vertex 47.3 -3.60104 8.60104
    endloop
  endfacet
  facet normal -1 0 0
    outer loop
      vertex 47.3 -3.75735 8.38589
      vertex 47.3 -7.2 13.2
      vertex 47.3 -3.68766 8.49962
    endloop
  endfacet
  facet normal 0 1 0
    outer loop
      vertex 47.3 -7.2 13.2
      vertex 47.3 -7.2 2.8
      vertex 46 -7.2 13.2
    endloop
  endfacet
  facet normal 0 1 -0
    outer loop
      vertex 46 -7.2 13.2
      vertex 44.3 -7.2 16
      vertex 46 -7.2 16
    endloop
  endfacet
  facet normal 0 1 0
    outer loop
      vertex 46 -7.2 2.8
      vertex 46 -7.2 13.2
      vertex 47.3 -7.2 2.8
    endloop
  endfacet
  facet normal 0 1 0
    outer loop
      vertex 46 -7.2 13.2
      vertex 46 -7.2 2.8
      vertex 44.3 -7.2 16
    endloop
  endfacet
  facet normal 0 1 0
    outer loop
      vertex 44.3 -7.2 -16
      vertex 46 -7.2 2.8
      vertex 46 -7.2 -16
    endloop
  endfacet
  facet normal 0 1 0
    outer loop
      vertex 46 -7.2 2.8
      vertex 44.3 -7.2 -16
      vertex 44.3 -7.2 16
    endloop
  endfacet
  facet normal 0 -0.233475 0.972363
    outer loop
      vertex 47.3 -2.73734 7.1916
      vertex 51.7 -2.86703 7.16046
      vertex 51.7 -2.73734 7.1916
    endloop
  endfacet
  facet normal 0 -0.233475 0.972363
    outer loop
      vertex 51.7 -2.86703 7.16046
      vertex 47.3 -2.73734 7.1916
      vertex 47.3 -2.86703 7.16046
    endloop
  endfacet
  facet normal 0 0.923862 0.382725
    outer loop
      vertex 51.7 -3.75735 7.61411
      vertex 47.3 -3.8084 7.73734
      vertex 51.7 -3.8084 7.73734
    endloop
  endfacet
  facet normal 0 0.923862 0.382725
    outer loop
      vertex 47.3 -3.8084 7.73734
      vertex 51.7 -3.75735 7.61411
      vertex 47.3 -3.75735 7.61411
    endloop
  endfacet
  facet normal -0 0.233475 0.972363
    outer loop
      vertex 47.3 -3.13297 7.16046
      vertex 51.7 -3.26266 7.1916
      vertex 51.7 -3.13297 7.16046
    endloop
  endfacet
  facet normal 0 0.233475 0.972363
    outer loop
      vertex 51.7 -3.26266 7.1916
      vertex 47.3 -3.13297 7.16046
      vertex 47.3 -3.26266 7.1916
    endloop
  endfacet
  facet normal 0 0.760409 0.649444
    outer loop
      vertex 51.7 -3.60104 7.39896
      vertex 47.3 -3.68766 7.50038
      vertex 51.7 -3.68766 7.50038
    endloop
  endfacet
  facet normal 0 0.760409 0.649444
    outer loop
      vertex 47.3 -3.68766 7.50038
      vertex 51.7 -3.60104 7.39896
      vertex 47.3 -3.60104 7.39896
    endloop
  endfacet
  facet normal 0 -0.382661 0.923889
    outer loop
      vertex 47.3 -2.61411 7.24264
      vertex 51.7 -2.73734 7.1916
      vertex 51.7 -2.61411 7.24264
    endloop
  endfacet
  facet normal 0 -0.382661 0.923889
    outer loop
      vertex 51.7 -2.73734 7.1916
      vertex 47.3 -2.61411 7.24264
      vertex 47.3 -2.73734 7.1916
    endloop
  endfacet
  facet normal 0 0.996914 -0.0784966
    outer loop
      vertex 51.7 -3.85 8
      vertex 47.3 -3.83953 8.13297
      vertex 51.7 -3.83953 8.13297
    endloop
  endfacet
  facet normal 0 0.996914 -0.0784966
    outer loop
      vertex 47.3 -3.83953 8.13297
      vertex 51.7 -3.85 8
      vertex 47.3 -3.85 8
    endloop
  endfacet
  facet normal 0 0.996914 0.0784966
    outer loop
      vertex 51.7 -3.83953 7.86703
      vertex 47.3 -3.85 8
      vertex 51.7 -3.85 8
    endloop
  endfacet
  facet normal 0 0.996914 0.0784966
    outer loop
      vertex 47.3 -3.85 8
      vertex 51.7 -3.83953 7.86703
      vertex 47.3 -3.83953 7.86703
    endloop
  endfacet
  facet normal 0 0.852653 0.522478
    outer loop
      vertex 51.7 -3.68766 7.50038
      vertex 47.3 -3.75735 7.61411
      vertex 51.7 -3.75735 7.61411
    endloop
  endfacet
  facet normal 0 0.852653 0.522478
    outer loop
      vertex 47.3 -3.75735 7.61411
      vertex 51.7 -3.68766 7.50038
      vertex 47.3 -3.68766 7.50038
    endloop
  endfacet
  facet normal 0 0.649444 -0.760409
    outer loop
      vertex 47.3 -3.60104 8.60104
      vertex 51.7 -3.49962 8.68766
      vertex 51.7 -3.60104 8.60104
    endloop
  endfacet
  facet normal 0 0.649444 -0.760409
    outer loop
      vertex 51.7 -3.49962 8.68766
      vertex 47.3 -3.60104 8.60104
      vertex 47.3 -3.49962 8.68766
    endloop
  endfacet
  facet normal 0 -0.85262 0.522532
    outer loop
      vertex 47.3 -2.31234 7.50038
      vertex 51.7 -2.24264 7.61411
      vertex 47.3 -2.24264 7.61411
    endloop
  endfacet
  facet normal 0 -0.85262 0.522532
    outer loop
      vertex 51.7 -2.24264 7.61411
      vertex 47.3 -2.31234 7.50038
      vertex 51.7 -2.31234 7.50038
    endloop
  endfacet
  facet normal 0 -0.522532 0.85262
    outer loop
      vertex 47.3 -2.50038 7.31234
      vertex 51.7 -2.61411 7.24264
      vertex 51.7 -2.50038 7.31234
    endloop
  endfacet
  facet normal 0 -0.522532 0.85262
    outer loop
      vertex 51.7 -2.61411 7.24264
      vertex 47.3 -2.50038 7.31234
      vertex 47.3 -2.61411 7.24264
    endloop
  endfacet
  facet normal 0 0.382725 -0.923862
    outer loop
      vertex 47.3 -3.38589 8.75735
      vertex 51.7 -3.26266 8.8084
      vertex 51.7 -3.38589 8.75735
    endloop
  endfacet
  facet normal 0 0.382725 -0.923862
    outer loop
      vertex 51.7 -3.26266 8.8084
      vertex 47.3 -3.38589 8.75735
      vertex 47.3 -3.26266 8.8084
    endloop
  endfacet
  facet normal 0 0.233404 -0.97238
    outer loop
      vertex 47.3 -3.26266 8.8084
      vertex 51.7 -3.13297 8.83953
      vertex 51.7 -3.26266 8.8084
    endloop
  endfacet
  facet normal 0 0.233404 -0.97238
    outer loop
      vertex 51.7 -3.13297 8.83953
      vertex 47.3 -3.26266 8.8084
      vertex 47.3 -3.13297 8.83953
    endloop
  endfacet
  facet normal 0 0.97238 0.233404
    outer loop
      vertex 51.7 -3.8084 7.73734
      vertex 47.3 -3.83953 7.86703
      vertex 51.7 -3.83953 7.86703
    endloop
  endfacet
  facet normal 0 0.97238 0.233404
    outer loop
      vertex 47.3 -3.83953 7.86703
      vertex 51.7 -3.8084 7.73734
      vertex 47.3 -3.8084 7.73734
    endloop
  endfacet
  facet normal 0 0.97238 -0.233404
    outer loop
      vertex 51.7 -3.83953 8.13297
      vertex 47.3 -3.8084 8.26266
      vertex 51.7 -3.8084 8.26266
    endloop
  endfacet
  facet normal 0 0.97238 -0.233404
    outer loop
      vertex 47.3 -3.8084 8.26266
      vertex 51.7 -3.83953 8.13297
      vertex 47.3 -3.83953 8.13297
    endloop
  endfacet
  facet normal -0 0.0784221 0.99692
    outer loop
      vertex 47.3 -3 7.15
      vertex 51.7 -3.13297 7.16046
      vertex 51.7 -3 7.15
    endloop
  endfacet
  facet normal 0 0.0784221 0.99692
    outer loop
      vertex 51.7 -3.13297 7.16046
      vertex 47.3 -3 7.15
      vertex 47.3 -3.13297 7.16046
    endloop
  endfacet
  facet normal 0 -0.760409 -0.649444
    outer loop
      vertex 47.3 -2.31234 8.49962
      vertex 51.7 -2.39896 8.60104
      vertex 47.3 -2.39896 8.60104
    endloop
  endfacet
  facet normal 0 -0.760409 -0.649444
    outer loop
      vertex 51.7 -2.39896 8.60104
      vertex 47.3 -2.31234 8.49962
      vertex 51.7 -2.31234 8.49962
    endloop
  endfacet
  facet normal 0 -0.382725 -0.923862
    outer loop
      vertex 47.3 -2.73734 8.8084
      vertex 51.7 -2.61411 8.75735
      vertex 51.7 -2.73734 8.8084
    endloop
  endfacet
  facet normal -0 -0.382725 -0.923862
    outer loop
      vertex 51.7 -2.61411 8.75735
      vertex 47.3 -2.73734 8.8084
      vertex 47.3 -2.61411 8.75735
    endloop
  endfacet
  facet normal 0 -0.760409 0.649444
    outer loop
      vertex 47.3 -2.39896 7.39896
      vertex 51.7 -2.31234 7.50038
      vertex 47.3 -2.31234 7.50038
    endloop
  endfacet
  facet normal 0 -0.760409 0.649444
    outer loop
      vertex 51.7 -2.31234 7.50038
      vertex 47.3 -2.39896 7.39896
      vertex 51.7 -2.39896 7.39896
    endloop
  endfacet
  facet normal 0 -0.522478 -0.852653
    outer loop
      vertex 47.3 -2.61411 8.75735
      vertex 51.7 -2.50038 8.68766
      vertex 51.7 -2.61411 8.75735
    endloop
  endfacet
  facet normal -0 -0.522478 -0.852653
    outer loop
      vertex 51.7 -2.50038 8.68766
      vertex 47.3 -2.61411 8.75735
      vertex 47.3 -2.50038 8.68766
    endloop
  endfacet
  facet normal -0 0.382661 0.923889
    outer loop
      vertex 47.3 -3.26266 7.1916
      vertex 51.7 -3.38589 7.24264
      vertex 51.7 -3.26266 7.1916
    endloop
  endfacet
  facet normal 0 0.382661 0.923889
    outer loop
      vertex 51.7 -3.38589 7.24264
      vertex 47.3 -3.26266 7.1916
      vertex 47.3 -3.38589 7.24264
    endloop
  endfacet
  facet normal 0 -0.99692 -0.0784221
    outer loop
      vertex 47.3 -2.15 8
      vertex 51.7 -2.16046 8.13297
      vertex 47.3 -2.16046 8.13297
    endloop
  endfacet
  facet normal 0 -0.99692 -0.0784221
    outer loop
      vertex 51.7 -2.16046 8.13297
      vertex 47.3 -2.15 8
      vertex 51.7 -2.15 8
    endloop
  endfacet
  facet normal -0 0.522532 0.85262
    outer loop
      vertex 47.3 -3.38589 7.24264
      vertex 51.7 -3.49962 7.31234
      vertex 51.7 -3.38589 7.24264
    endloop
  endfacet
  facet normal 0 0.522532 0.85262
    outer loop
      vertex 51.7 -3.49962 7.31234
      vertex 47.3 -3.38589 7.24264
      vertex 47.3 -3.49962 7.31234
    endloop
  endfacet
  facet normal 0 0.0784966 -0.996914
    outer loop
      vertex 47.3 -3.13297 8.83953
      vertex 51.7 -3 8.85
      vertex 51.7 -3.13297 8.83953
    endloop
  endfacet
  facet normal 0 0.0784966 -0.996914
    outer loop
      vertex 51.7 -3 8.85
      vertex 47.3 -3.13297 8.83953
      vertex 47.3 -3 8.85
    endloop
  endfacet
  facet normal 0 -0.649444 -0.760409
    outer loop
      vertex 47.3 -2.50038 8.68766
      vertex 51.7 -2.39896 8.60104
      vertex 51.7 -2.50038 8.68766
    endloop
  endfacet
  facet normal -0 -0.649444 -0.760409
    outer loop
      vertex 51.7 -2.39896 8.60104
      vertex 47.3 -2.50038 8.68766
      vertex 47.3 -2.39896 8.60104
    endloop
  endfacet
  facet normal 0 -0.923889 0.382661
    outer loop
      vertex 47.3 -2.24264 7.61411
      vertex 51.7 -2.1916 7.73734
      vertex 47.3 -2.1916 7.73734
    endloop
  endfacet
  facet normal 0 -0.923889 0.382661
    outer loop
      vertex 51.7 -2.1916 7.73734
      vertex 47.3 -2.24264 7.61411
      vertex 51.7 -2.24264 7.61411
    endloop
  endfacet
  facet normal 0 0.852653 -0.522478
    outer loop
      vertex 51.7 -3.75735 8.38589
      vertex 47.3 -3.68766 8.49962
      vertex 51.7 -3.68766 8.49962
    endloop
  endfacet
  facet normal 0 0.852653 -0.522478
    outer loop
      vertex 47.3 -3.68766 8.49962
      vertex 51.7 -3.75735 8.38589
      vertex 47.3 -3.75735 8.38589
    endloop
  endfacet
  facet normal 0 0.923862 -0.382725
    outer loop
      vertex 51.7 -3.8084 8.26266
      vertex 47.3 -3.75735 8.38589
      vertex 51.7 -3.75735 8.38589
    endloop
  endfacet
  facet normal 0 0.923862 -0.382725
    outer loop
      vertex 47.3 -3.75735 8.38589
      vertex 51.7 -3.8084 8.26266
      vertex 47.3 -3.8084 8.26266
    endloop
  endfacet
  facet normal 0 -0.972363 -0.233475
    outer loop
      vertex 47.3 -2.16046 8.13297
      vertex 51.7 -2.1916 8.26266
      vertex 47.3 -2.1916 8.26266
    endloop
  endfacet
  facet normal 0 -0.972363 -0.233475
    outer loop
      vertex 51.7 -2.1916 8.26266
      vertex 47.3 -2.16046 8.13297
      vertex 51.7 -2.16046 8.13297
    endloop
  endfacet
  facet normal 0 -0.0784221 0.99692
    outer loop
      vertex 47.3 -2.86703 7.16046
      vertex 51.7 -3 7.15
      vertex 51.7 -2.86703 7.16046
    endloop
  endfacet
  facet normal 0 -0.0784221 0.99692
    outer loop
      vertex 51.7 -3 7.15
      vertex 47.3 -2.86703 7.16046
      vertex 47.3 -3 7.15
    endloop
  endfacet
  facet normal 0 -0.649444 0.760409
    outer loop
      vertex 47.3 -2.39896 7.39896
      vertex 51.7 -2.50038 7.31234
      vertex 51.7 -2.39896 7.39896
    endloop
  endfacet
  facet normal 0 -0.649444 0.760409
    outer loop
      vertex 51.7 -2.50038 7.31234
      vertex 47.3 -2.39896 7.39896
      vertex 47.3 -2.50038 7.31234
    endloop
  endfacet
  facet normal 0 -0.972363 0.233475
    outer loop
      vertex 47.3 -2.1916 7.73734
      vertex 51.7 -2.16046 7.86703
      vertex 47.3 -2.16046 7.86703
    endloop
  endfacet
  facet normal 0 -0.972363 0.233475
    outer loop
      vertex 51.7 -2.16046 7.86703
      vertex 47.3 -2.1916 7.73734
      vertex 51.7 -2.1916 7.73734
    endloop
  endfacet
  facet normal 0 -0.0784966 -0.996914
    outer loop
      vertex 47.3 -3 8.85
      vertex 51.7 -2.86703 8.83953
      vertex 51.7 -3 8.85
    endloop
  endfacet
  facet normal -0 -0.0784966 -0.996914
    outer loop
      vertex 51.7 -2.86703 8.83953
      vertex 47.3 -3 8.85
      vertex 47.3 -2.86703 8.83953
    endloop
  endfacet
  facet normal -0 0.649444 0.760409
    outer loop
      vertex 47.3 -3.49962 7.31234
      vertex 51.7 -3.60104 7.39896
      vertex 51.7 -3.49962 7.31234
    endloop
  endfacet
  facet normal 0 0.649444 0.760409
    outer loop
      vertex 51.7 -3.60104 7.39896
      vertex 47.3 -3.49962 7.31234
      vertex 47.3 -3.60104 7.39896
    endloop
  endfacet
  facet normal 0 -0.233404 -0.97238
    outer loop
      vertex 47.3 -2.86703 8.83953
      vertex 51.7 -2.73734 8.8084
      vertex 51.7 -2.86703 8.83953
    endloop
  endfacet
  facet normal -0 -0.233404 -0.97238
    outer loop
      vertex 51.7 -2.73734 8.8084
      vertex 47.3 -2.86703 8.83953
      vertex 47.3 -2.73734 8.8084
    endloop
  endfacet
  facet normal 0 0.522478 -0.852653
    outer loop
      vertex 47.3 -3.49962 8.68766
      vertex 51.7 -3.38589 8.75735
      vertex 51.7 -3.49962 8.68766
    endloop
  endfacet
  facet normal 0 0.522478 -0.852653
    outer loop
      vertex 51.7 -3.38589 8.75735
      vertex 47.3 -3.49962 8.68766
      vertex 47.3 -3.38589 8.75735
    endloop
  endfacet
  facet normal 0 -0.923889 -0.382661
    outer loop
      vertex 47.3 -2.1916 8.26266
      vertex 51.7 -2.24264 8.38589
      vertex 47.3 -2.24264 8.38589
    endloop
  endfacet
  facet normal 0 -0.923889 -0.382661
    outer loop
      vertex 51.7 -2.24264 8.38589
      vertex 47.3 -2.1916 8.26266
      vertex 51.7 -2.1916 8.26266
    endloop
  endfacet
  facet normal 0 -0.99692 0.0784221
    outer loop
      vertex 47.3 -2.16046 7.86703
      vertex 51.7 -2.15 8
      vertex 47.3 -2.15 8
    endloop
  endfacet
  facet normal 0 -0.99692 0.0784221
    outer loop
      vertex 51.7 -2.15 8
      vertex 47.3 -2.16046 7.86703
      vertex 51.7 -2.16046 7.86703
    endloop
  endfacet
  facet normal 0 -0.85262 -0.522532
    outer loop
      vertex 47.3 -2.24264 8.38589
      vertex 51.7 -2.31234 8.49962
      vertex 47.3 -2.31234 8.49962
    endloop
  endfacet
  facet normal 0 -0.85262 -0.522532
    outer loop
      vertex 51.7 -2.31234 8.49962
      vertex 47.3 -2.24264 8.38589
      vertex 51.7 -2.24264 8.38589
    endloop
  endfacet
  facet normal 0 0.760409 -0.649444
    outer loop
      vertex 51.7 -3.68766 8.49962
      vertex 47.3 -3.60104 8.60104
      vertex 51.7 -3.60104 8.60104
    endloop
  endfacet
  facet normal 0 0.760409 -0.649444
    outer loop
      vertex 47.3 -3.60104 8.60104
      vertex 51.7 -3.68766 8.49962
      vertex 47.3 -3.68766 8.49962
    endloop
  endfacet
  facet normal -1 0 0
    outer loop
      vertex -32.4 -93.6 15.6
      vertex -32.4 -89.2 31
      vertex -32.4 -89.2 15.6
    endloop
  endfacet
  facet normal -1 -0 0
    outer loop
      vertex -32.4 -89.2 31
      vertex -32.4 -93.6 15.6
      vertex -32.4 -93.6 31
    endloop
  endfacet
  facet normal -1 0 0
    outer loop
      vertex -32.4 -112 15.6
      vertex -32.4 -112.3 15.6
      vertex -32.4 -112 25
    endloop
  endfacet
  facet normal -1 0 0
    outer loop
      vertex -32.4 -106 25
      vertex -32.4 -96.7 15.6
      vertex -32.4 -106 15.6
    endloop
  endfacet
  facet normal -1 0 0
    outer loop
      vertex -32.4 -96.7 15.6
      vertex -32.4 -106 25
      vertex -32.4 -96.7 31
    endloop
  endfacet
  facet normal -1 0 0
    outer loop
      vertex -32.4 -112.3 31
      vertex -32.4 -106 25
      vertex -32.4 -112 25
    endloop
  endfacet
  facet normal -1 0 0
    outer loop
      vertex -32.4 -106 25
      vertex -32.4 -112.3 31
      vertex -32.4 -96.7 31
    endloop
  endfacet
  facet normal -1 0 0
    outer loop
      vertex -32.4 -112.3 31
      vertex -32.4 -112 25
      vertex -32.4 -112.3 15.6
    endloop
  endfacet
  facet normal 0 -1 0
    outer loop
      vertex -55.8 -89.2 15.6
      vertex -55.6631 -89.2 17.8855
      vertex -55.8 -89.2 18.1089
    endloop
  endfacet
  facet normal 0 -1 0
    outer loop
      vertex -55.8 -89.2 15.6
      vertex -54.9497 -89.2 17.0503
      vertex -55.6631 -89.2 17.8855
    endloop
  endfacet
  facet normal 0 -1 0
    outer loop
      vertex -55.8 -89.2 15.6
      vertex -54.1145 -89.2 16.3369
      vertex -54.9497 -89.2 17.0503
    endloop
  endfacet
  facet normal 0 -1 0
    outer loop
      vertex -55.8 -89.2 15.6
      vertex -53.1779 -89.2 15.763
      vertex -54.1145 -89.2 16.3369
    endloop
  endfacet
  facet normal 0 -1 -0
    outer loop
      vertex -53.1779 -89.2 15.763
      vertex -55.8 -89.2 15.6
      vertex -52.7845 -89.2 15.6
    endloop
  endfacet
  facet normal 0 -1 0
    outer loop
      vertex -48.905 -89.2 28.9138
      vertex -55.8 -89.2 31
      vertex -50 -89.2 29
    endloop
  endfacet
  facet normal 0 -1 0
    outer loop
      vertex -55.8 -89.2 31
      vertex -51.095 -89.2 28.9138
      vertex -50 -89.2 29
    endloop
  endfacet
  facet normal 0 -1 0
    outer loop
      vertex -55.8 -89.2 31
      vertex -52.1631 -89.2 28.6574
      vertex -51.095 -89.2 28.9138
    endloop
  endfacet
  facet normal 0 -1 0
    outer loop
      vertex -55.8 -89.2 31
      vertex -53.1779 -89.2 28.237
      vertex -52.1631 -89.2 28.6574
    endloop
  endfacet
  facet normal 0 -1 0
    outer loop
      vertex -55.8 -89.2 31
      vertex -54.1145 -89.2 27.6631
      vertex -53.1779 -89.2 28.237
    endloop
  endfacet
  facet normal 0 -1 0
    outer loop
      vertex -55.8 -89.2 31
      vertex -54.9497 -89.2 26.9497
      vertex -54.1145 -89.2 27.6631
    endloop
  endfacet
  facet normal 0 -1 0
    outer loop
      vertex -55.8 -89.2 31
      vertex -55.6631 -89.2 26.1145
      vertex -54.9497 -89.2 26.9497
    endloop
  endfacet
  facet normal -0 -1 0
    outer loop
      vertex -55.6631 -89.2 26.1145
      vertex -55.8 -89.2 31
      vertex -55.8 -89.2 25.8911
    endloop
  endfacet
  facet normal 0 -1 0
    outer loop
      vertex -55.8 -89.2 31
      vertex -48.905 -89.2 28.9138
      vertex -32.4 -89.2 31
    endloop
  endfacet
  facet normal 0 -1 0
    outer loop
      vertex -47.8369 -89.2 28.6574
      vertex -32.4 -89.2 31
      vertex -48.905 -89.2 28.9138
    endloop
  endfacet
  facet normal 0 -1 0
    outer loop
      vertex -46.8221 -89.2 28.237
      vertex -32.4 -89.2 31
      vertex -47.8369 -89.2 28.6574
    endloop
  endfacet
  facet normal 0 -1 0
    outer loop
      vertex -45.8855 -89.2 27.6631
      vertex -32.4 -89.2 31
      vertex -46.8221 -89.2 28.237
    endloop
  endfacet
  facet normal 0 -1 0
    outer loop
      vertex -45.0503 -89.2 26.9497
      vertex -32.4 -89.2 31
      vertex -45.8855 -89.2 27.6631
    endloop
  endfacet
  facet normal 0 -1 0
    outer loop
      vertex -44.3369 -89.2 26.1145
      vertex -32.4 -89.2 31
      vertex -45.0503 -89.2 26.9497
    endloop
  endfacet
  facet normal 0 -1 0
    outer loop
      vertex -43.763 -89.2 25.1779
      vertex -32.4 -89.2 31
      vertex -44.3369 -89.2 26.1145
    endloop
  endfacet
  facet normal 0 -1 0
    outer loop
      vertex -43.3426 -89.2 24.1631
      vertex -32.4 -89.2 31
      vertex -43.763 -89.2 25.1779
    endloop
  endfacet
  facet normal 0 -1 0
    outer loop
      vertex -43.0862 -89.2 23.095
      vertex -32.4 -89.2 31
      vertex -43.3426 -89.2 24.1631
    endloop
  endfacet
  facet normal 0 -1 0
    outer loop
      vertex -32.4 -89.2 15.6
      vertex -43.0862 -89.2 23.095
      vertex -43 -89.2 22
    endloop
  endfacet
  facet normal 0 -1 0
    outer loop
      vertex -32.4 -89.2 15.6
      vertex -43 -89.2 22
      vertex -43.0862 -89.2 20.905
    endloop
  endfacet
  facet normal 0 -1 0
    outer loop
      vertex -32.4 -89.2 15.6
      vertex -43.0862 -89.2 20.905
      vertex -43.3426 -89.2 19.8369
    endloop
  endfacet
  facet normal 0 -1 0
    outer loop
      vertex -32.4 -89.2 15.6
      vertex -43.3426 -89.2 19.8369
      vertex -43.763 -89.2 18.8221
    endloop
  endfacet
  facet normal 0 -1 0
    outer loop
      vertex -32.4 -89.2 15.6
      vertex -43.763 -89.2 18.8221
      vertex -44.3369 -89.2 17.8855
    endloop
  endfacet
  facet normal 0 -1 0
    outer loop
      vertex -32.4 -89.2 15.6
      vertex -44.3369 -89.2 17.8855
      vertex -45.0503 -89.2 17.0503
    endloop
  endfacet
  facet normal 0 -1 0
    outer loop
      vertex -43.0862 -89.2 23.095
      vertex -32.4 -89.2 15.6
      vertex -32.4 -89.2 31
    endloop
  endfacet
  facet normal 0 -1 0
    outer loop
      vertex -45.8855 -89.2 16.3369
      vertex -32.4 -89.2 15.6
      vertex -45.0503 -89.2 17.0503
    endloop
  endfacet
  facet normal 0 -1 0
    outer loop
      vertex -46.8221 -89.2 15.763
      vertex -32.4 -89.2 15.6
      vertex -45.8855 -89.2 16.3369
    endloop
  endfacet
  facet normal 0 -1 0
    outer loop
      vertex -32.4 -89.2 15.6
      vertex -46.8221 -89.2 15.763
      vertex -47.2155 -89.2 15.6
    endloop
  endfacet
  facet normal 0 1 -0
    outer loop
      vertex -32.4 -112.3 15.6
      vertex -55.8 -112.3 31
      vertex -32.4 -112.3 31
    endloop
  endfacet
  facet normal 0 1 0
    outer loop
      vertex -55.8 -112.3 31
      vertex -32.4 -112.3 15.6
      vertex -55.8 -112.3 15.6
    endloop
  endfacet
  facet normal 1 0 0
    outer loop
      vertex -55.8 -89.2 31
      vertex -55.8 -90 25.8911
      vertex -55.8 -89.2 25.8911
    endloop
  endfacet
  facet normal 1 0 0
    outer loop
      vertex -55.8 -93.6 15.6
      vertex -55.8 -90 25.8911
      vertex -55.8 -93.6 31
    endloop
  endfacet
  facet normal 1 -0 0
    outer loop
      vertex -55.8 -93.6 31
      vertex -55.8 -90 25.8911
      vertex -55.8 -89.2 31
    endloop
  endfacet
  facet normal 1 -0 0
    outer loop
      vertex -55.8 -90 18.1089
      vertex -55.8 -89.2 15.6
      vertex -55.8 -89.2 18.1089
    endloop
  endfacet
  facet normal 1 0 0
    outer loop
      vertex -55.8 -90 18.1089
      vertex -55.8 -93.6 15.6
      vertex -55.8 -89.2 15.6
    endloop
  endfacet
  facet normal 1 0 0
    outer loop
      vertex -55.8 -90 25.8911
      vertex -55.8 -93.6 15.6
      vertex -55.8 -90 18.1089
    endloop
  endfacet
  facet normal 1 -0 0
    outer loop
      vertex -55.8 -112.3 31
      vertex -55.8 -96.7 15.6
      vertex -55.8 -96.7 31
    endloop
  endfacet
  facet normal 1 0 0
    outer loop
      vertex -55.8 -96.7 15.6
      vertex -55.8 -112.3 31
      vertex -55.8 -112.3 15.6
    endloop
  endfacet
  facet normal 0 0 1
    outer loop
      vertex -52.7845 -89.2 15.6
      vertex -55.8 -89.2 15.6
      vertex -52.7845 -90 15.6
    endloop
  endfacet
  facet normal -0 0 1
    outer loop
      vertex -47.2155 -90 15.6
      vertex -32.4 -93.6 15.6
      vertex -32.4 -89.2 15.6
    endloop
  endfacet
  facet normal 0 0 1
    outer loop
      vertex -32.4 -93.6 15.6
      vertex -47.2155 -90 15.6
      vertex -32.4 -96.7 15.6
    endloop
  endfacet
  facet normal 0 0 1
    outer loop
      vertex -32.4 -96.7 15.6
      vertex -36.7 -106 15.6
      vertex -32.4 -106 15.6
    endloop
  endfacet
  facet normal 0 0 1
    outer loop
      vertex -32.4 -96.7 15.6
      vertex -47.2155 -90 15.6
      vertex -36.7 -106 15.6
    endloop
  endfacet
  facet normal 0 0 1
    outer loop
      vertex -47.2155 -90 15.6
      vertex -32.4 -89.2 15.6
      vertex -47.2155 -89.2 15.6
    endloop
  endfacet
  facet normal -0 0 1
    outer loop
      vertex -32.4 -93.6 15.6
      vertex -27.7 -96.7 15.6
      vertex -27.7 -93.6 15.6
    endloop
  endfacet
  facet normal 0 0 1
    outer loop
      vertex -27.7 -96.7 15.6
      vertex -32.4 -93.6 15.6
      vertex -32.4 -96.7 15.6
    endloop
  endfacet
  facet normal -0 0 1
    outer loop
      vertex -36.7 -112 15.6
      vertex -32.4 -112.3 15.6
      vertex -32.4 -112 15.6
    endloop
  endfacet
  facet normal -0 0 1
    outer loop
      vertex -55.8 -96.7 15.6
      vertex -36.7 -106 15.6
      vertex -47.2155 -90 15.6
    endloop
  endfacet
  facet normal 0 0 1
    outer loop
      vertex -55.8 -96.7 15.6
      vertex -47.2155 -90 15.6
      vertex -52.7845 -90 15.6
    endloop
  endfacet
  facet normal 0 0 1
    outer loop
      vertex -55.8 -93.6 15.6
      vertex -52.7845 -90 15.6
      vertex -55.8 -89.2 15.6
    endloop
  endfacet
  facet normal 0 0 1
    outer loop
      vertex -55.8 -96.7 15.6
      vertex -52.7845 -90 15.6
      vertex -55.8 -93.6 15.6
    endloop
  endfacet
  facet normal 0 0 1
    outer loop
      vertex -55.8 -112.3 15.6
      vertex -36.7 -106 15.6
      vertex -55.8 -96.7 15.6
    endloop
  endfacet
  facet normal 0 0 1
    outer loop
      vertex -36.7 -112 15.6
      vertex -55.8 -112.3 15.6
      vertex -32.4 -112.3 15.6
    endloop
  endfacet
  facet normal 0 0 1
    outer loop
      vertex -36.7 -106 15.6
      vertex -55.8 -112.3 15.6
      vertex -36.7 -112 15.6
    endloop
  endfacet
  facet normal -0 0 1
    outer loop
      vertex -60.5 -93.6 15.6
      vertex -55.8 -96.7 15.6
      vertex -55.8 -93.6 15.6
    endloop
  endfacet
  facet normal 0 0 1
    outer loop
      vertex -55.8 -96.7 15.6
      vertex -60.5 -93.6 15.6
      vertex -60.5 -96.7 15.6
    endloop
  endfacet
  facet normal -1 0 0
    outer loop
      vertex -27.7 -96.7 15.6
      vertex -27.7 -93.6 31
      vertex -27.7 -93.6 15.6
    endloop
  endfacet
  facet normal -1 -0 0
    outer loop
      vertex -27.7 -93.6 31
      vertex -27.7 -96.7 15.6
      vertex -27.7 -96.7 31
    endloop
  endfacet
  facet normal 0 -1 0
    outer loop
      vertex -60.5 -93.6 15.6
      vertex -55.8 -93.6 31
      vertex -60.5 -93.6 31
    endloop
  endfacet
  facet normal 0 -1 -0
    outer loop
      vertex -55.8 -93.6 31
      vertex -60.5 -93.6 15.6
      vertex -55.8 -93.6 15.6
    endloop
  endfacet
  facet normal 0 -1 0
    outer loop
      vertex -32.4 -93.6 15.6
      vertex -27.7 -93.6 31
      vertex -32.4 -93.6 31
    endloop
  endfacet
  facet normal 0 -1 -0
    outer loop
      vertex -27.7 -93.6 31
      vertex -32.4 -93.6 15.6
      vertex -27.7 -93.6 15.6
    endloop
  endfacet
  facet normal 0 1 -0
    outer loop
      vertex -27.7 -96.7 15.6
      vertex -32.4 -96.7 31
      vertex -27.7 -96.7 31
    endloop
  endfacet
  facet normal 0 1 0
    outer loop
      vertex -32.4 -96.7 31
      vertex -27.7 -96.7 15.6
      vertex -32.4 -96.7 15.6
    endloop
  endfacet
  facet normal 0 1 -0
    outer loop
      vertex -55.8 -96.7 15.6
      vertex -60.5 -96.7 31
      vertex -55.8 -96.7 31
    endloop
  endfacet
  facet normal 0 1 0
    outer loop
      vertex -60.5 -96.7 31
      vertex -55.8 -96.7 15.6
      vertex -60.5 -96.7 15.6
    endloop
  endfacet
  facet normal 1 -0 0
    outer loop
      vertex -60.5 -96.7 31
      vertex -60.5 -93.6 15.6
      vertex -60.5 -93.6 31
    endloop
  endfacet
  facet normal 1 0 0
    outer loop
      vertex -60.5 -93.6 15.6
      vertex -60.5 -96.7 31
      vertex -60.5 -96.7 15.6
    endloop
  endfacet
  facet normal -1 0 0
    outer loop
      vertex -16 -112 10
      vertex -16 -106 16
      vertex -16 -106 10
    endloop
  endfacet
  facet normal -1 -0 0
    outer loop
      vertex -16 -106 16
      vertex -16 -112 10
      vertex -16 -112 16
    endloop
  endfacet
  facet normal 0 -1 0
    outer loop
      vertex -26.9887 -106 9.73473
      vertex -22 -106 16
      vertex -27.1161 -106 9.88388
    endloop
  endfacet
  facet normal 0 -1 -0
    outer loop
      vertex -22 -106 16
      vertex -26.9887 -106 9.73473
      vertex -20 -106 10
    endloop
  endfacet
  facet normal 0 -1 0
    outer loop
      vertex -26.8862 -106 9.56749
      vertex -20 -106 10
      vertex -26.9887 -106 9.73473
    endloop
  endfacet
  facet normal 0 -1 0
    outer loop
      vertex -26.8112 -106 9.38627
      vertex -20 -106 10
      vertex -26.8862 -106 9.56749
    endloop
  endfacet
  facet normal 0 -1 0
    outer loop
      vertex -26.7654 -106 9.19554
      vertex -20 -106 10
      vertex -26.8112 -106 9.38627
    endloop
  endfacet
  facet normal 0 -1 0
    outer loop
      vertex -26.75 -106 9
      vertex -20 -106 10
      vertex -26.7654 -106 9.19554
    endloop
  endfacet
  facet normal 0 -1 0
    outer loop
      vertex -20 -106 8
      vertex -26.75 -106 9
      vertex -26.7654 -106 8.80446
    endloop
  endfacet
  facet normal 0 -1 0
    outer loop
      vertex -20 -106 8
      vertex -26.7654 -106 8.80446
      vertex -26.8112 -106 8.61373
    endloop
  endfacet
  facet normal 0 -1 0
    outer loop
      vertex -20 -106 8
      vertex -26.8112 -106 8.61373
      vertex -26.8862 -106 8.43251
    endloop
  endfacet
  facet normal 0 -1 0
    outer loop
      vertex -20 -106 8
      vertex -26.8862 -106 8.43251
      vertex -26.9887 -106 8.26527
    endloop
  endfacet
  facet normal 0 -1 0
    outer loop
      vertex -20 -106 8
      vertex -26.9887 -106 8.26527
      vertex -27.1161 -106 8.11612
    endloop
  endfacet
  facet normal 0 -1 0
    outer loop
      vertex -20 -106 8
      vertex -27.1161 -106 8.11612
      vertex -27.2521 -106 8
    endloop
  endfacet
  facet normal 0 -1 0
    outer loop
      vertex -26.75 -106 9
      vertex -20 -106 8
      vertex -20 -106 10
    endloop
  endfacet
  facet normal 0 -1 0
    outer loop
      vertex -36.7 -106 8
      vertex -32.4 -106 15.6
      vertex -36.7 -106 15.6
    endloop
  endfacet
  facet normal 0 -1 0
    outer loop
      vertex -32.4 -106 15.6
      vertex -28.1955 -106 10.2346
      vertex -28 -106 10.25
    endloop
  endfacet
  facet normal 0 -1 0
    outer loop
      vertex -32.4 -106 15.6
      vertex -28.3863 -106 10.1888
      vertex -28.1955 -106 10.2346
    endloop
  endfacet
  facet normal 0 -1 0
    outer loop
      vertex -32.4 -106 15.6
      vertex -28.5675 -106 10.1138
      vertex -28.3863 -106 10.1888
    endloop
  endfacet
  facet normal 0 -1 0
    outer loop
      vertex -32.4 -106 15.6
      vertex -28.7347 -106 10.0113
      vertex -28.5675 -106 10.1138
    endloop
  endfacet
  facet normal 0 -1 0
    outer loop
      vertex -32.4 -106 15.6
      vertex -28.8839 -106 9.88388
      vertex -28.7347 -106 10.0113
    endloop
  endfacet
  facet normal 0 -1 0
    outer loop
      vertex -32.4 -106 15.6
      vertex -29.0113 -106 9.73473
      vertex -28.8839 -106 9.88388
    endloop
  endfacet
  facet normal 0 -1 0
    outer loop
      vertex -32.4 -106 15.6
      vertex -29.1138 -106 9.56749
      vertex -29.0113 -106 9.73473
    endloop
  endfacet
  facet normal -0 -1 0
    outer loop
      vertex -29.1888 -106 9.38627
      vertex -32.4 -106 15.6
      vertex -36.7 -106 8
    endloop
  endfacet
  facet normal 0 -1 0
    outer loop
      vertex -32.4 -106 15.6
      vertex -29.1888 -106 9.38627
      vertex -29.1138 -106 9.56749
    endloop
  endfacet
  facet normal 0 -1 0
    outer loop
      vertex -29.1888 -106 9.38627
      vertex -36.7 -106 8
      vertex -29.2346 -106 9.19554
    endloop
  endfacet
  facet normal 0 -1 0
    outer loop
      vertex -29.2346 -106 9.19554
      vertex -36.7 -106 8
      vertex -29.25 -106 9
    endloop
  endfacet
  facet normal 0 -1 -0
    outer loop
      vertex -29.25 -106 9
      vertex -36.7 -106 8
      vertex -29.2346 -106 8.80446
    endloop
  endfacet
  facet normal 0 -1 -0
    outer loop
      vertex -29.2346 -106 8.80446
      vertex -36.7 -106 8
      vertex -29.1888 -106 8.61373
    endloop
  endfacet
  facet normal 0 -1 -0
    outer loop
      vertex -29.1888 -106 8.61373
      vertex -36.7 -106 8
      vertex -29.1138 -106 8.43251
    endloop
  endfacet
  facet normal 0 -1 -0
    outer loop
      vertex -29.1138 -106 8.43251
      vertex -36.7 -106 8
      vertex -29.0113 -106 8.26527
    endloop
  endfacet
  facet normal 0 -1 -0
    outer loop
      vertex -29.0113 -106 8.26527
      vertex -36.7 -106 8
      vertex -28.8839 -106 8.11612
    endloop
  endfacet
  facet normal 0 -1 -0
    outer loop
      vertex -28.8839 -106 8.11612
      vertex -36.7 -106 8
      vertex -28.7479 -106 8
    endloop
  endfacet
  facet normal 0 -1 0
    outer loop
      vertex -32.4 -106 25
      vertex -22 -106 16
      vertex -22 -106 25
    endloop
  endfacet
  facet normal 0 -1 0
    outer loop
      vertex -32.4 -106 15.6
      vertex -22 -106 16
      vertex -32.4 -106 25
    endloop
  endfacet
  facet normal 0 -1 0
    outer loop
      vertex -27.8045 -106 10.2346
      vertex -22 -106 16
      vertex -32.4 -106 15.6
    endloop
  endfacet
  facet normal 0 -1 0
    outer loop
      vertex -27.8045 -106 10.2346
      vertex -32.4 -106 15.6
      vertex -28 -106 10.25
    endloop
  endfacet
  facet normal 0 -1 0
    outer loop
      vertex -22 -106 16
      vertex -27.8045 -106 10.2346
      vertex -27.6137 -106 10.1888
    endloop
  endfacet
  facet normal 0 -1 0
    outer loop
      vertex -27.4325 -106 10.1138
      vertex -22 -106 16
      vertex -27.6137 -106 10.1888
    endloop
  endfacet
  facet normal 0 -1 0
    outer loop
      vertex -27.2653 -106 10.0113
      vertex -22 -106 16
      vertex -27.4325 -106 10.1138
    endloop
  endfacet
  facet normal 0 -1 0
    outer loop
      vertex -27.1161 -106 9.88388
      vertex -22 -106 16
      vertex -27.2653 -106 10.0113
    endloop
  endfacet
  facet normal 0 -1 0
    outer loop
      vertex -22 -106 16
      vertex -20 -106 10
      vertex -16 -106 16
    endloop
  endfacet
  facet normal 0 -1 -0
    outer loop
      vertex -16 -106 16
      vertex -20 -106 10
      vertex -16 -106 10
    endloop
  endfacet
  facet normal 0 1 -0
    outer loop
      vertex -20 -112 10
      vertex -22 -112 16
      vertex -16 -112 16
    endloop
  endfacet
  facet normal 0 1 -0
    outer loop
      vertex -28.1955 -112 10.2346
      vertex -32.4 -112 15.6
      vertex -28 -112 10.25
    endloop
  endfacet
  facet normal -0 1 0
    outer loop
      vertex -27.8045 -112 10.2346
      vertex -22 -112 16
      vertex -27.6137 -112 10.1888
    endloop
  endfacet
  facet normal 0 1 0
    outer loop
      vertex -32.4 -112 15.6
      vertex -27.8045 -112 10.2346
      vertex -28 -112 10.25
    endloop
  endfacet
  facet normal 0 1 0
    outer loop
      vertex -22 -112 16
      vertex -27.8045 -112 10.2346
      vertex -32.4 -112 15.6
    endloop
  endfacet
  facet normal 0 1 0
    outer loop
      vertex -22 -112 16
      vertex -27.4325 -112 10.1138
      vertex -27.6137 -112 10.1888
    endloop
  endfacet
  facet normal 0 1 0
    outer loop
      vertex -26.9887 -112 9.73473
      vertex -22 -112 16
      vertex -20 -112 10
    endloop
  endfacet
  facet normal 0 1 0
    outer loop
      vertex -20 -112 10
      vertex -16 -112 16
      vertex -16 -112 10
    endloop
  endfacet
  facet normal 0 1 0
    outer loop
      vertex -22 -112 16
      vertex -27.2653 -112 10.0113
      vertex -27.4325 -112 10.1138
    endloop
  endfacet
  facet normal 0 1 0
    outer loop
      vertex -22 -112 16
      vertex -27.1161 -112 9.88388
      vertex -27.2653 -112 10.0113
    endloop
  endfacet
  facet normal 0 1 0
    outer loop
      vertex -22 -112 16
      vertex -26.9887 -112 9.73473
      vertex -27.1161 -112 9.88388
    endloop
  endfacet
  facet normal 0 1 0
    outer loop
      vertex -20 -112 10
      vertex -26.8862 -112 9.56749
      vertex -26.9887 -112 9.73473
    endloop
  endfacet
  facet normal 0 1 0
    outer loop
      vertex -20 -112 10
      vertex -26.8112 -112 9.38627
      vertex -26.8862 -112 9.56749
    endloop
  endfacet
  facet normal 0 1 0
    outer loop
      vertex -20 -112 10
      vertex -26.7654 -112 9.19554
      vertex -26.8112 -112 9.38627
    endloop
  endfacet
  facet normal 0 1 0
    outer loop
      vertex -20 -112 10
      vertex -26.75 -112 9
      vertex -26.7654 -112 9.19554
    endloop
  endfacet
  facet normal 0 1 -0
    outer loop
      vertex -20 -112 8
      vertex -26.75 -112 9
      vertex -20 -112 10
    endloop
  endfacet
  facet normal 0 1 0
    outer loop
      vertex -26.75 -112 9
      vertex -20 -112 8
      vertex -26.7654 -112 8.80446
    endloop
  endfacet
  facet normal 0 1 0
    outer loop
      vertex -26.7654 -112 8.80446
      vertex -20 -112 8
      vertex -26.8112 -112 8.61373
    endloop
  endfacet
  facet normal 0 1 0
    outer loop
      vertex -26.8112 -112 8.61373
      vertex -20 -112 8
      vertex -26.8862 -112 8.43251
    endloop
  endfacet
  facet normal 0 1 0
    outer loop
      vertex -26.8862 -112 8.43251
      vertex -20 -112 8
      vertex -26.9887 -112 8.26527
    endloop
  endfacet
  facet normal 0 1 0
    outer loop
      vertex -26.9887 -112 8.26527
      vertex -20 -112 8
      vertex -27.1161 -112 8.11612
    endloop
  endfacet
  facet normal 0 1 0
    outer loop
      vertex -27.1161 -112 8.11612
      vertex -20 -112 8
      vertex -27.2521 -112 8
    endloop
  endfacet
  facet normal 0 1 -0
    outer loop
      vertex -22 -112 16
      vertex -32.4 -112 25
      vertex -22 -112 25
    endloop
  endfacet
  facet normal 0 1 0
    outer loop
      vertex -32.4 -112 25
      vertex -22 -112 16
      vertex -32.4 -112 15.6
    endloop
  endfacet
  facet normal 0 1 -0
    outer loop
      vertex -28.3863 -112 10.1888
      vertex -32.4 -112 15.6
      vertex -28.1955 -112 10.2346
    endloop
  endfacet
  facet normal 0 1 -0
    outer loop
      vertex -28.5675 -112 10.1138
      vertex -32.4 -112 15.6
      vertex -28.3863 -112 10.1888
    endloop
  endfacet
  facet normal 0 1 -0
    outer loop
      vertex -28.7347 -112 10.0113
      vertex -32.4 -112 15.6
      vertex -28.5675 -112 10.1138
    endloop
  endfacet
  facet normal 0 1 -0
    outer loop
      vertex -28.8839 -112 9.88388
      vertex -32.4 -112 15.6
      vertex -28.7347 -112 10.0113
    endloop
  endfacet
  facet normal 0 1 -0
    outer loop
      vertex -29.0113 -112 9.73473
      vertex -32.4 -112 15.6
      vertex -28.8839 -112 9.88388
    endloop
  endfacet
  facet normal 0 1 -0
    outer loop
      vertex -29.1138 -112 9.56749
      vertex -32.4 -112 15.6
      vertex -29.0113 -112 9.73473
    endloop
  endfacet
  facet normal 0 1 -0
    outer loop
      vertex -29.1888 -112 9.38627
      vertex -32.4 -112 15.6
      vertex -29.1138 -112 9.56749
    endloop
  endfacet
  facet normal 0 1 0
    outer loop
      vertex -32.4 -112 15.6
      vertex -29.1888 -112 9.38627
      vertex -36.7 -112 8
    endloop
  endfacet
  facet normal 0 1 0
    outer loop
      vertex -36.7 -112 8
      vertex -29.1888 -112 9.38627
      vertex -29.2346 -112 9.19554
    endloop
  endfacet
  facet normal 0 1 0
    outer loop
      vertex -36.7 -112 8
      vertex -29.2346 -112 9.19554
      vertex -29.25 -112 9
    endloop
  endfacet
  facet normal 0 1 0
    outer loop
      vertex -36.7 -112 8
      vertex -29.25 -112 9
      vertex -29.2346 -112 8.80446
    endloop
  endfacet
  facet normal 0 1 0
    outer loop
      vertex -36.7 -112 8
      vertex -29.2346 -112 8.80446
      vertex -29.1888 -112 8.61373
    endloop
  endfacet
  facet normal 0 1 0
    outer loop
      vertex -36.7 -112 8
      vertex -29.1888 -112 8.61373
      vertex -29.1138 -112 8.43251
    endloop
  endfacet
  facet normal 0 1 0
    outer loop
      vertex -36.7 -112 8
      vertex -29.1138 -112 8.43251
      vertex -29.0113 -112 8.26527
    endloop
  endfacet
  facet normal 0 1 0
    outer loop
      vertex -36.7 -112 8
      vertex -29.0113 -112 8.26527
      vertex -28.8839 -112 8.11612
    endloop
  endfacet
  facet normal 0 1 0
    outer loop
      vertex -32.4 -112 15.6
      vertex -36.7 -112 8
      vertex -36.7 -112 15.6
    endloop
  endfacet
  facet normal 0 1 0
    outer loop
      vertex -36.7 -112 8
      vertex -28.8839 -112 8.11612
      vertex -28.7479 -112 8
    endloop
  endfacet
  facet normal 1 -0 0
    outer loop
      vertex -36.7 -112 15.6
      vertex -36.7 -106 8
      vertex -36.7 -106 15.6
    endloop
  endfacet
  facet normal 1 0 0
    outer loop
      vertex -36.7 -106 8
      vertex -36.7 -112 15.6
      vertex -36.7 -112 8
    endloop
  endfacet
  facet normal -0 0 1
    outer loop
      vertex -36.7 -106 8
      vertex -28.7479 -112 8
      vertex -28.7479 -106 8
    endloop
  endfacet
  facet normal 0 0 1
    outer loop
      vertex -28.7479 -112 8
      vertex -36.7 -106 8
      vertex -36.7 -112 8
    endloop
  endfacet
  facet normal -0 0 1
    outer loop
      vertex -27.2521 -106 8
      vertex -20 -112 8
      vertex -20 -106 8
    endloop
  endfacet
  facet normal 0 0 1
    outer loop
      vertex -20 -112 8
      vertex -27.2521 -106 8
      vertex -27.2521 -112 8
    endloop
  endfacet
  facet normal 0 0 -1
    outer loop
      vertex -32.4 -112 25
      vertex -22 -106 25
      vertex -22 -112 25
    endloop
  endfacet
  facet normal -0 0 -1
    outer loop
      vertex -22 -106 25
      vertex -32.4 -112 25
      vertex -32.4 -106 25
    endloop
  endfacet
  facet normal -0.972359 0 0.233492
    outer loop
      vertex -26.8112 -106 8.61373
      vertex -26.7654 -102 8.80446
      vertex -26.8112 -102 8.61373
    endloop
  endfacet
  facet normal -0.972359 0 0.233492
    outer loop
      vertex -26.7654 -102 8.80446
      vertex -26.8112 -106 8.61373
      vertex -26.7654 -106 8.80446
    endloop
  endfacet
  facet normal -0.972359 0 0.233492
    outer loop
      vertex -26.8112 -114 8.61373
      vertex -26.7654 -112 8.80446
      vertex -26.8112 -112 8.61373
    endloop
  endfacet
  facet normal -0.972359 0 0.233492
    outer loop
      vertex -26.7654 -112 8.80446
      vertex -26.8112 -114 8.61373
      vertex -26.7654 -114 8.80446
    endloop
  endfacet
  facet normal -0.996913 0 0.0785132
    outer loop
      vertex -26.7654 -106 8.80446
      vertex -26.75 -102 9
      vertex -26.7654 -102 8.80446
    endloop
  endfacet
  facet normal -0.996913 0 0.0785132
    outer loop
      vertex -26.75 -102 9
      vertex -26.7654 -106 8.80446
      vertex -26.75 -106 9
    endloop
  endfacet
  facet normal -0.996913 0 0.0785132
    outer loop
      vertex -26.7654 -114 8.80446
      vertex -26.75 -112 9
      vertex -26.7654 -112 8.80446
    endloop
  endfacet
  facet normal -0.996913 0 0.0785132
    outer loop
      vertex -26.75 -112 9
      vertex -26.7654 -114 8.80446
      vertex -26.75 -114 9
    endloop
  endfacet
  facet normal -0.923994 0 0.382406
    outer loop
      vertex -26.8862 -106 8.43251
      vertex -26.8112 -102 8.61373
      vertex -26.8862 -102 8.43251
    endloop
  endfacet
  facet normal -0.923994 0 0.382406
    outer loop
      vertex -26.8112 -102 8.61373
      vertex -26.8862 -106 8.43251
      vertex -26.8112 -106 8.61373
    endloop
  endfacet
  facet normal -0.923994 0 0.382406
    outer loop
      vertex -26.8862 -114 8.43251
      vertex -26.8112 -112 8.61373
      vertex -26.8862 -112 8.43251
    endloop
  endfacet
  facet normal -0.923994 0 0.382406
    outer loop
      vertex -26.8112 -112 8.61373
      vertex -26.8862 -114 8.43251
      vertex -26.8112 -114 8.61373
    endloop
  endfacet
  facet normal -0.0785291 0 -0.996912
    outer loop
      vertex -28 -106 10.25
      vertex -27.8045 -102 10.2346
      vertex -27.8045 -106 10.2346
    endloop
  endfacet
  facet normal -0.0785291 0 -0.996912
    outer loop
      vertex -27.8045 -102 10.2346
      vertex -28 -106 10.25
      vertex -28 -102 10.25
    endloop
  endfacet
  facet normal -0.0785291 0 -0.996912
    outer loop
      vertex -28 -114 10.25
      vertex -27.8045 -112 10.2346
      vertex -27.8045 -114 10.2346
    endloop
  endfacet
  facet normal -0.0785291 0 -0.996912
    outer loop
      vertex -27.8045 -112 10.2346
      vertex -28 -114 10.25
      vertex -28 -112 10.25
    endloop
  endfacet
  facet normal 0.760371 -0 0.649489
    outer loop
      vertex -29.0113 -106 8.26527
      vertex -28.8839 -102 8.11612
      vertex -29.0113 -102 8.26527
    endloop
  endfacet
  facet normal 0.760371 0 0.649489
    outer loop
      vertex -28.8839 -102 8.11612
      vertex -29.0113 -106 8.26527
      vertex -28.8839 -106 8.11612
    endloop
  endfacet
  facet normal 0.760371 -0 0.649489
    outer loop
      vertex -29.0113 -114 8.26527
      vertex -28.8839 -112 8.11612
      vertex -29.0113 -112 8.26527
    endloop
  endfacet
  facet normal 0.760371 0 0.649489
    outer loop
      vertex -28.8839 -112 8.11612
      vertex -29.0113 -114 8.26527
      vertex -28.8839 -114 8.11612
    endloop
  endfacet
  facet normal 0.522646 0 -0.85255
    outer loop
      vertex -28.7347 -106 10.0113
      vertex -28.5675 -102 10.1138
      vertex -28.5675 -106 10.1138
    endloop
  endfacet
  facet normal 0.522646 0 -0.85255
    outer loop
      vertex -28.5675 -102 10.1138
      vertex -28.7347 -106 10.0113
      vertex -28.7347 -102 10.0113
    endloop
  endfacet
  facet normal 0.522646 0 -0.85255
    outer loop
      vertex -28.7347 -114 10.0113
      vertex -28.5675 -112 10.1138
      vertex -28.5675 -114 10.1138
    endloop
  endfacet
  facet normal 0.522646 0 -0.85255
    outer loop
      vertex -28.5675 -112 10.1138
      vertex -28.7347 -114 10.0113
      vertex -28.7347 -112 10.0113
    endloop
  endfacet
  facet normal 0.649422 0 -0.760428
    outer loop
      vertex -28.8839 -106 9.88388
      vertex -28.7347 -102 10.0113
      vertex -28.7347 -106 10.0113
    endloop
  endfacet
  facet normal 0.649422 0 -0.760428
    outer loop
      vertex -28.7347 -102 10.0113
      vertex -28.8839 -106 9.88388
      vertex -28.8839 -102 9.88388
    endloop
  endfacet
  facet normal 0.649422 0 -0.760428
    outer loop
      vertex -28.8839 -114 9.88388
      vertex -28.7347 -112 10.0113
      vertex -28.7347 -114 10.0113
    endloop
  endfacet
  facet normal 0.649422 0 -0.760428
    outer loop
      vertex -28.7347 -112 10.0113
      vertex -28.8839 -114 9.88388
      vertex -28.8839 -112 9.88388
    endloop
  endfacet
  facet normal -0.649422 0 -0.760428
    outer loop
      vertex -27.2653 -106 10.0113
      vertex -27.1161 -102 9.88388
      vertex -27.1161 -106 9.88388
    endloop
  endfacet
  facet normal -0.649422 0 -0.760428
    outer loop
      vertex -27.1161 -102 9.88388
      vertex -27.2653 -106 10.0113
      vertex -27.2653 -102 10.0113
    endloop
  endfacet
  facet normal -0.649422 0 -0.760428
    outer loop
      vertex -27.2653 -114 10.0113
      vertex -27.1161 -112 9.88388
      vertex -27.1161 -114 9.88388
    endloop
  endfacet
  facet normal -0.649422 0 -0.760428
    outer loop
      vertex -27.1161 -112 9.88388
      vertex -27.2653 -114 10.0113
      vertex -27.2653 -112 10.0113
    endloop
  endfacet
  facet normal 0.233412 0 -0.972378
    outer loop
      vertex -28.3863 -106 10.1888
      vertex -28.1955 -102 10.2346
      vertex -28.1955 -106 10.2346
    endloop
  endfacet
  facet normal 0.233412 0 -0.972378
    outer loop
      vertex -28.1955 -102 10.2346
      vertex -28.3863 -106 10.1888
      vertex -28.3863 -102 10.1888
    endloop
  endfacet
  facet normal 0.233412 0 -0.972378
    outer loop
      vertex -28.3863 -114 10.1888
      vertex -28.1955 -112 10.2346
      vertex -28.1955 -114 10.2346
    endloop
  endfacet
  facet normal 0.233412 0 -0.972378
    outer loop
      vertex -28.1955 -112 10.2346
      vertex -28.3863 -114 10.1888
      vertex -28.3863 -112 10.1888
    endloop
  endfacet
  facet normal 0 -1 0
    outer loop
      vertex -28.1955 -102 10.2346
      vertex -27.8045 -102 10.2346
      vertex -28 -102 10.25
    endloop
  endfacet
  facet normal 0 -1 0
    outer loop
      vertex -28.3863 -102 10.1888
      vertex -27.8045 -102 10.2346
      vertex -28.1955 -102 10.2346
    endloop
  endfacet
  facet normal 0 -1 0
    outer loop
      vertex -28.3863 -102 10.1888
      vertex -27.6137 -102 10.1888
      vertex -27.8045 -102 10.2346
    endloop
  endfacet
  facet normal 0 -1 0
    outer loop
      vertex -28.5675 -102 10.1138
      vertex -27.6137 -102 10.1888
      vertex -28.3863 -102 10.1888
    endloop
  endfacet
  facet normal 0 -1 0
    outer loop
      vertex -28.5675 -102 10.1138
      vertex -27.4325 -102 10.1138
      vertex -27.6137 -102 10.1888
    endloop
  endfacet
  facet normal 0 -1 0
    outer loop
      vertex -28.7347 -102 10.0113
      vertex -27.4325 -102 10.1138
      vertex -28.5675 -102 10.1138
    endloop
  endfacet
  facet normal 0 -1 0
    outer loop
      vertex -28.7347 -102 10.0113
      vertex -27.2653 -102 10.0113
      vertex -27.4325 -102 10.1138
    endloop
  endfacet
  facet normal 0 -1 0
    outer loop
      vertex -28.8839 -102 9.88388
      vertex -27.2653 -102 10.0113
      vertex -28.7347 -102 10.0113
    endloop
  endfacet
  facet normal 0 -1 0
    outer loop
      vertex -28.8839 -102 9.88388
      vertex -27.1161 -102 9.88388
      vertex -27.2653 -102 10.0113
    endloop
  endfacet
  facet normal 0 -1 0
    outer loop
      vertex -29.0113 -102 9.73473
      vertex -27.1161 -102 9.88388
      vertex -28.8839 -102 9.88388
    endloop
  endfacet
  facet normal 0 -1 0
    outer loop
      vertex -29.0113 -102 9.73473
      vertex -26.9887 -102 9.73473
      vertex -27.1161 -102 9.88388
    endloop
  endfacet
  facet normal 0 -1 0
    outer loop
      vertex -29.1138 -102 9.56749
      vertex -26.9887 -102 9.73473
      vertex -29.0113 -102 9.73473
    endloop
  endfacet
  facet normal 0 -1 0
    outer loop
      vertex -29.1138 -102 9.56749
      vertex -26.8862 -102 9.56749
      vertex -26.9887 -102 9.73473
    endloop
  endfacet
  facet normal 0 -1 0
    outer loop
      vertex -29.1888 -102 9.38627
      vertex -26.8862 -102 9.56749
      vertex -29.1138 -102 9.56749
    endloop
  endfacet
  facet normal 0 -1 0
    outer loop
      vertex -29.1888 -102 9.38627
      vertex -26.8112 -102 9.38627
      vertex -26.8862 -102 9.56749
    endloop
  endfacet
  facet normal 0 -1 0
    outer loop
      vertex -29.2346 -102 9.19554
      vertex -26.8112 -102 9.38627
      vertex -29.1888 -102 9.38627
    endloop
  endfacet
  facet normal 0 -1 0
    outer loop
      vertex -29.2346 -102 9.19554
      vertex -26.7654 -102 9.19554
      vertex -26.8112 -102 9.38627
    endloop
  endfacet
  facet normal 0 -1 0
    outer loop
      vertex -29.25 -102 9
      vertex -26.7654 -102 9.19554
      vertex -29.2346 -102 9.19554
    endloop
  endfacet
  facet normal 0 -1 0
    outer loop
      vertex -29.25 -102 9
      vertex -26.75 -102 9
      vertex -26.7654 -102 9.19554
    endloop
  endfacet
  facet normal 0 -1 0
    outer loop
      vertex -29.2346 -102 8.80446
      vertex -26.75 -102 9
      vertex -29.25 -102 9
    endloop
  endfacet
  facet normal 0 -1 0
    outer loop
      vertex -29.2346 -102 8.80446
      vertex -26.7654 -102 8.80446
      vertex -26.75 -102 9
    endloop
  endfacet
  facet normal 0 -1 0
    outer loop
      vertex -29.1888 -102 8.61373
      vertex -26.7654 -102 8.80446
      vertex -29.2346 -102 8.80446
    endloop
  endfacet
  facet normal 0 -1 0
    outer loop
      vertex -29.1888 -102 8.61373
      vertex -26.8112 -102 8.61373
      vertex -26.7654 -102 8.80446
    endloop
  endfacet
  facet normal 0 -1 0
    outer loop
      vertex -29.1138 -102 8.43251
      vertex -26.8112 -102 8.61373
      vertex -29.1888 -102 8.61373
    endloop
  endfacet
  facet normal 0 -1 0
    outer loop
      vertex -29.1138 -102 8.43251
      vertex -26.8862 -102 8.43251
      vertex -26.8112 -102 8.61373
    endloop
  endfacet
  facet normal 0 -1 0
    outer loop
      vertex -29.0113 -102 8.26527
      vertex -26.8862 -102 8.43251
      vertex -29.1138 -102 8.43251
    endloop
  endfacet
  facet normal 0 -1 0
    outer loop
      vertex -29.0113 -102 8.26527
      vertex -26.9887 -102 8.26527
      vertex -26.8862 -102 8.43251
    endloop
  endfacet
  facet normal 0 -1 0
    outer loop
      vertex -28.8839 -102 8.11612
      vertex -26.9887 -102 8.26527
      vertex -29.0113 -102 8.26527
    endloop
  endfacet
  facet normal 0 -1 0
    outer loop
      vertex -28.8839 -102 8.11612
      vertex -27.1161 -102 8.11612
      vertex -26.9887 -102 8.26527
    endloop
  endfacet
  facet normal 0 -1 0
    outer loop
      vertex -28.7347 -102 7.98873
      vertex -27.1161 -102 8.11612
      vertex -28.8839 -102 8.11612
    endloop
  endfacet
  facet normal 0 -1 0
    outer loop
      vertex -28.7347 -102 7.98873
      vertex -27.2653 -102 7.98873
      vertex -27.1161 -102 8.11612
    endloop
  endfacet
  facet normal 0 -1 0
    outer loop
      vertex -28.5675 -102 7.88624
      vertex -27.2653 -102 7.98873
      vertex -28.7347 -102 7.98873
    endloop
  endfacet
  facet normal 0 -1 0
    outer loop
      vertex -28.5675 -102 7.88624
      vertex -27.4325 -102 7.88624
      vertex -27.2653 -102 7.98873
    endloop
  endfacet
  facet normal 0 -1 0
    outer loop
      vertex -28.3863 -102 7.81118
      vertex -27.4325 -102 7.88624
      vertex -28.5675 -102 7.88624
    endloop
  endfacet
  facet normal 0 -1 0
    outer loop
      vertex -28.3863 -102 7.81118
      vertex -27.6137 -102 7.81118
      vertex -27.4325 -102 7.88624
    endloop
  endfacet
  facet normal 0 -1 0
    outer loop
      vertex -28.1955 -102 7.76539
      vertex -27.6137 -102 7.81118
      vertex -28.3863 -102 7.81118
    endloop
  endfacet
  facet normal 0 -1 0
    outer loop
      vertex -28.1955 -102 7.76539
      vertex -27.8045 -102 7.76539
      vertex -27.6137 -102 7.81118
    endloop
  endfacet
  facet normal -0 -1 0
    outer loop
      vertex -27.8045 -102 7.76539
      vertex -28.1955 -102 7.76539
      vertex -28 -102 7.75
    endloop
  endfacet
  facet normal 0.649319 0 0.760516
    outer loop
      vertex -28.7347 -102 7.98873
      vertex -28.7479 -106 8
      vertex -28.7347 -114 7.98873
    endloop
  endfacet
  facet normal 0.649334 -8.15554e-08 0.760504
    outer loop
      vertex -28.8839 -102 8.11612
      vertex -28.7479 -106 8
      vertex -28.7347 -102 7.98873
    endloop
  endfacet
  facet normal 0.649335 0 0.760503
    outer loop
      vertex -28.7479 -106 8
      vertex -28.8839 -102 8.11612
      vertex -28.8839 -106 8.11612
    endloop
  endfacet
  facet normal 0.649319 -0 0.760516
    outer loop
      vertex -28.7479 -112 8
      vertex -28.7347 -114 7.98873
      vertex -28.7479 -106 8
    endloop
  endfacet
  facet normal 0.649335 1.78942e-07 0.760503
    outer loop
      vertex -28.8839 -112 8.11612
      vertex -28.7347 -114 7.98873
      vertex -28.7479 -112 8
    endloop
  endfacet
  facet normal 0.649334 0 0.760504
    outer loop
      vertex -28.7347 -114 7.98873
      vertex -28.8839 -112 8.11612
      vertex -28.8839 -114 8.11612
    endloop
  endfacet
  facet normal 0.382703 0 0.923871
    outer loop
      vertex -28.5675 -102 7.88624
      vertex -28.3863 -114 7.81118
      vertex -28.3863 -102 7.81118
    endloop
  endfacet
  facet normal 0.382703 0 0.923871
    outer loop
      vertex -28.3863 -114 7.81118
      vertex -28.5675 -102 7.88624
      vertex -28.5675 -114 7.88624
    endloop
  endfacet
  facet normal -0.852606 0 -0.522555
    outer loop
      vertex -26.8862 -106 9.56749
      vertex -26.9887 -102 9.73473
      vertex -26.8862 -102 9.56749
    endloop
  endfacet
  facet normal -0.852606 -0 -0.522555
    outer loop
      vertex -26.9887 -102 9.73473
      vertex -26.8862 -106 9.56749
      vertex -26.9887 -106 9.73473
    endloop
  endfacet
  facet normal -0.852606 0 -0.522555
    outer loop
      vertex -26.8862 -114 9.56749
      vertex -26.9887 -112 9.73473
      vertex -26.8862 -112 9.56749
    endloop
  endfacet
  facet normal -0.852606 -0 -0.522555
    outer loop
      vertex -26.9887 -112 9.73473
      vertex -26.8862 -114 9.56749
      vertex -26.9887 -114 9.73473
    endloop
  endfacet
  facet normal 0.382442 0 -0.92398
    outer loop
      vertex -28.5675 -106 10.1138
      vertex -28.3863 -102 10.1888
      vertex -28.3863 -106 10.1888
    endloop
  endfacet
  facet normal 0.382442 0 -0.92398
    outer loop
      vertex -28.3863 -102 10.1888
      vertex -28.5675 -106 10.1138
      vertex -28.5675 -102 10.1138
    endloop
  endfacet
  facet normal 0.382442 0 -0.92398
    outer loop
      vertex -28.5675 -114 10.1138
      vertex -28.3863 -112 10.1888
      vertex -28.3863 -114 10.1888
    endloop
  endfacet
  facet normal 0.382442 0 -0.92398
    outer loop
      vertex -28.3863 -112 10.1888
      vertex -28.5675 -114 10.1138
      vertex -28.5675 -112 10.1138
    endloop
  endfacet
  facet normal -0.382442 0 -0.92398
    outer loop
      vertex -27.6137 -106 10.1888
      vertex -27.4325 -102 10.1138
      vertex -27.4325 -106 10.1138
    endloop
  endfacet
  facet normal -0.382442 0 -0.92398
    outer loop
      vertex -27.4325 -102 10.1138
      vertex -27.6137 -106 10.1888
      vertex -27.6137 -102 10.1888
    endloop
  endfacet
  facet normal -0.382442 0 -0.92398
    outer loop
      vertex -27.6137 -114 10.1888
      vertex -27.4325 -112 10.1138
      vertex -27.4325 -114 10.1138
    endloop
  endfacet
  facet normal -0.382442 0 -0.92398
    outer loop
      vertex -27.4325 -112 10.1138
      vertex -27.6137 -114 10.1888
      vertex -27.6137 -112 10.1888
    endloop
  endfacet
  facet normal 0.760371 0 -0.649489
    outer loop
      vertex -28.8839 -106 9.88388
      vertex -29.0113 -102 9.73473
      vertex -28.8839 -102 9.88388
    endloop
  endfacet
  facet normal 0.760371 0 -0.649489
    outer loop
      vertex -29.0113 -102 9.73473
      vertex -28.8839 -106 9.88388
      vertex -29.0113 -106 9.73473
    endloop
  endfacet
  facet normal 0.760371 0 -0.649489
    outer loop
      vertex -28.8839 -114 9.88388
      vertex -29.0113 -112 9.73473
      vertex -28.8839 -112 9.88388
    endloop
  endfacet
  facet normal 0.760371 0 -0.649489
    outer loop
      vertex -29.0113 -112 9.73473
      vertex -28.8839 -114 9.88388
      vertex -29.0113 -114 9.73473
    endloop
  endfacet
  facet normal -0.996913 0 -0.0785132
    outer loop
      vertex -26.75 -106 9
      vertex -26.7654 -102 9.19554
      vertex -26.75 -102 9
    endloop
  endfacet
  facet normal -0.996913 -0 -0.0785132
    outer loop
      vertex -26.7654 -102 9.19554
      vertex -26.75 -106 9
      vertex -26.7654 -106 9.19554
    endloop
  endfacet
  facet normal -0.996913 0 -0.0785132
    outer loop
      vertex -26.75 -114 9
      vertex -26.7654 -112 9.19554
      vertex -26.75 -112 9
    endloop
  endfacet
  facet normal -0.996913 -0 -0.0785132
    outer loop
      vertex -26.7654 -112 9.19554
      vertex -26.75 -114 9
      vertex -26.7654 -114 9.19554
    endloop
  endfacet
  facet normal 0.972359 0 -0.233492
    outer loop
      vertex -29.1888 -106 9.38627
      vertex -29.2346 -102 9.19554
      vertex -29.1888 -102 9.38627
    endloop
  endfacet
  facet normal 0.972359 0 -0.233492
    outer loop
      vertex -29.2346 -102 9.19554
      vertex -29.1888 -106 9.38627
      vertex -29.2346 -106 9.19554
    endloop
  endfacet
  facet normal 0.972359 0 -0.233492
    outer loop
      vertex -29.1888 -114 9.38627
      vertex -29.2346 -112 9.19554
      vertex -29.1888 -112 9.38627
    endloop
  endfacet
  facet normal 0.972359 0 -0.233492
    outer loop
      vertex -29.2346 -112 9.19554
      vertex -29.1888 -114 9.38627
      vertex -29.2346 -114 9.19554
    endloop
  endfacet
  facet normal 0.522609 0 0.852573
    outer loop
      vertex -28.7347 -102 7.98873
      vertex -28.5675 -114 7.88624
      vertex -28.5675 -102 7.88624
    endloop
  endfacet
  facet normal 0.522609 0 0.852573
    outer loop
      vertex -28.5675 -114 7.88624
      vertex -28.7347 -102 7.98873
      vertex -28.7347 -114 7.98873
    endloop
  endfacet
  facet normal 0.923994 0 -0.382406
    outer loop
      vertex -29.1138 -106 9.56749
      vertex -29.1888 -102 9.38627
      vertex -29.1138 -102 9.56749
    endloop
  endfacet
  facet normal 0.923994 0 -0.382406
    outer loop
      vertex -29.1888 -102 9.38627
      vertex -29.1138 -106 9.56749
      vertex -29.1888 -106 9.38627
    endloop
  endfacet
  facet normal 0.923994 0 -0.382406
    outer loop
      vertex -29.1138 -114 9.56749
      vertex -29.1888 -112 9.38627
      vertex -29.1138 -112 9.56749
    endloop
  endfacet
  facet normal 0.923994 0 -0.382406
    outer loop
      vertex -29.1888 -112 9.38627
      vertex -29.1138 -114 9.56749
      vertex -29.1888 -114 9.38627
    endloop
  endfacet
  facet normal -0.923994 0 -0.382406
    outer loop
      vertex -26.8112 -106 9.38627
      vertex -26.8862 -102 9.56749
      vertex -26.8112 -102 9.38627
    endloop
  endfacet
  facet normal -0.923994 -0 -0.382406
    outer loop
      vertex -26.8862 -102 9.56749
      vertex -26.8112 -106 9.38627
      vertex -26.8862 -106 9.56749
    endloop
  endfacet
  facet normal -0.923994 0 -0.382406
    outer loop
      vertex -26.8112 -114 9.38627
      vertex -26.8862 -112 9.56749
      vertex -26.8112 -112 9.38627
    endloop
  endfacet
  facet normal -0.923994 -0 -0.382406
    outer loop
      vertex -26.8862 -112 9.56749
      vertex -26.8112 -114 9.38627
      vertex -26.8862 -114 9.56749
    endloop
  endfacet
  facet normal 0.996913 -0 0.0785132
    outer loop
      vertex -29.25 -106 9
      vertex -29.2346 -102 8.80446
      vertex -29.25 -102 9
    endloop
  endfacet
  facet normal 0.996913 0 0.0785132
    outer loop
      vertex -29.2346 -102 8.80446
      vertex -29.25 -106 9
      vertex -29.2346 -106 8.80446
    endloop
  endfacet
  facet normal 0.996913 -0 0.0785132
    outer loop
      vertex -29.25 -114 9
      vertex -29.2346 -112 8.80446
      vertex -29.25 -112 9
    endloop
  endfacet
  facet normal 0.996913 0 0.0785132
    outer loop
      vertex -29.2346 -112 8.80446
      vertex -29.25 -114 9
      vertex -29.2346 -114 8.80446
    endloop
  endfacet
  facet normal -0.382703 0 0.923871
    outer loop
      vertex -27.6137 -102 7.81118
      vertex -27.4325 -114 7.88624
      vertex -27.4325 -102 7.88624
    endloop
  endfacet
  facet normal -0.382703 0 0.923871
    outer loop
      vertex -27.4325 -114 7.88624
      vertex -27.6137 -102 7.81118
      vertex -27.6137 -114 7.81118
    endloop
  endfacet
  facet normal -0.649335 0 0.760503
    outer loop
      vertex -27.1161 -102 8.11612
      vertex -27.2521 -106 8
      vertex -27.1161 -106 8.11612
    endloop
  endfacet
  facet normal -0.649319 0 0.760516
    outer loop
      vertex -27.2521 -106 8
      vertex -27.2653 -102 7.98873
      vertex -27.2521 -112 8
    endloop
  endfacet
  facet normal -0.649334 -8.15554e-08 0.760504
    outer loop
      vertex -27.2653 -102 7.98873
      vertex -27.2521 -106 8
      vertex -27.1161 -102 8.11612
    endloop
  endfacet
  facet normal -0.649335 0 0.760503
    outer loop
      vertex -27.2521 -112 8
      vertex -27.1161 -114 8.11612
      vertex -27.1161 -112 8.11612
    endloop
  endfacet
  facet normal -0.649334 1.63111e-07 0.760504
    outer loop
      vertex -27.2521 -112 8
      vertex -27.2653 -114 7.98873
      vertex -27.1161 -114 8.11612
    endloop
  endfacet
  facet normal -0.649319 0 0.760516
    outer loop
      vertex -27.2653 -114 7.98873
      vertex -27.2521 -112 8
      vertex -27.2653 -102 7.98873
    endloop
  endfacet
  facet normal 0.233363 0 0.97239
    outer loop
      vertex -28.3863 -102 7.81118
      vertex -28.1955 -114 7.76539
      vertex -28.1955 -102 7.76539
    endloop
  endfacet
  facet normal 0.233363 0 0.97239
    outer loop
      vertex -28.1955 -114 7.76539
      vertex -28.3863 -102 7.81118
      vertex -28.3863 -114 7.81118
    endloop
  endfacet
  facet normal -0.522609 0 0.852573
    outer loop
      vertex -27.4325 -102 7.88624
      vertex -27.2653 -114 7.98873
      vertex -27.2653 -102 7.98873
    endloop
  endfacet
  facet normal -0.522609 0 0.852573
    outer loop
      vertex -27.2653 -114 7.98873
      vertex -27.4325 -102 7.88624
      vertex -27.4325 -114 7.88624
    endloop
  endfacet
  facet normal 0.923994 -0 0.382406
    outer loop
      vertex -29.1888 -106 8.61373
      vertex -29.1138 -102 8.43251
      vertex -29.1888 -102 8.61373
    endloop
  endfacet
  facet normal 0.923994 0 0.382406
    outer loop
      vertex -29.1138 -102 8.43251
      vertex -29.1888 -106 8.61373
      vertex -29.1138 -106 8.43251
    endloop
  endfacet
  facet normal 0.923994 -0 0.382406
    outer loop
      vertex -29.1888 -114 8.61373
      vertex -29.1138 -112 8.43251
      vertex -29.1888 -112 8.61373
    endloop
  endfacet
  facet normal 0.923994 0 0.382406
    outer loop
      vertex -29.1138 -112 8.43251
      vertex -29.1888 -114 8.61373
      vertex -29.1138 -114 8.43251
    endloop
  endfacet
  facet normal -0.522646 0 -0.85255
    outer loop
      vertex -27.4325 -106 10.1138
      vertex -27.2653 -102 10.0113
      vertex -27.2653 -106 10.0113
    endloop
  endfacet
  facet normal -0.522646 0 -0.85255
    outer loop
      vertex -27.2653 -102 10.0113
      vertex -27.4325 -106 10.1138
      vertex -27.4325 -102 10.1138
    endloop
  endfacet
  facet normal -0.522646 0 -0.85255
    outer loop
      vertex -27.4325 -114 10.1138
      vertex -27.2653 -112 10.0113
      vertex -27.2653 -114 10.0113
    endloop
  endfacet
  facet normal -0.522646 0 -0.85255
    outer loop
      vertex -27.2653 -112 10.0113
      vertex -27.4325 -114 10.1138
      vertex -27.4325 -112 10.1138
    endloop
  endfacet
  facet normal -0.852606 0 0.522555
    outer loop
      vertex -26.9887 -106 8.26527
      vertex -26.8862 -102 8.43251
      vertex -26.9887 -102 8.26527
    endloop
  endfacet
  facet normal -0.852606 0 0.522555
    outer loop
      vertex -26.8862 -102 8.43251
      vertex -26.9887 -106 8.26527
      vertex -26.8862 -106 8.43251
    endloop
  endfacet
  facet normal -0.852606 0 0.522555
    outer loop
      vertex -26.9887 -114 8.26527
      vertex -26.8862 -112 8.43251
      vertex -26.9887 -112 8.26527
    endloop
  endfacet
  facet normal -0.852606 0 0.522555
    outer loop
      vertex -26.8862 -112 8.43251
      vertex -26.9887 -114 8.26527
      vertex -26.8862 -114 8.43251
    endloop
  endfacet
  facet normal -0.760371 0 0.649489
    outer loop
      vertex -27.1161 -106 8.11612
      vertex -26.9887 -102 8.26527
      vertex -27.1161 -102 8.11612
    endloop
  endfacet
  facet normal -0.760371 0 0.649489
    outer loop
      vertex -26.9887 -102 8.26527
      vertex -27.1161 -106 8.11612
      vertex -26.9887 -106 8.26527
    endloop
  endfacet
  facet normal -0.760371 0 0.649489
    outer loop
      vertex -27.1161 -114 8.11612
      vertex -26.9887 -112 8.26527
      vertex -27.1161 -112 8.11612
    endloop
  endfacet
  facet normal -0.760371 0 0.649489
    outer loop
      vertex -26.9887 -112 8.26527
      vertex -27.1161 -114 8.11612
      vertex -26.9887 -114 8.26527
    endloop
  endfacet
  facet normal 0.852606 0 -0.522555
    outer loop
      vertex -29.0113 -106 9.73473
      vertex -29.1138 -102 9.56749
      vertex -29.0113 -102 9.73473
    endloop
  endfacet
  facet normal 0.852606 0 -0.522555
    outer loop
      vertex -29.1138 -102 9.56749
      vertex -29.0113 -106 9.73473
      vertex -29.1138 -106 9.56749
    endloop
  endfacet
  facet normal 0.852606 0 -0.522555
    outer loop
      vertex -29.0113 -114 9.73473
      vertex -29.1138 -112 9.56749
      vertex -29.0113 -112 9.73473
    endloop
  endfacet
  facet normal 0.852606 0 -0.522555
    outer loop
      vertex -29.1138 -112 9.56749
      vertex -29.0113 -114 9.73473
      vertex -29.1138 -114 9.56749
    endloop
  endfacet
  facet normal -0.233412 0 -0.972378
    outer loop
      vertex -27.8045 -106 10.2346
      vertex -27.6137 -102 10.1888
      vertex -27.6137 -106 10.1888
    endloop
  endfacet
  facet normal -0.233412 0 -0.972378
    outer loop
      vertex -27.6137 -102 10.1888
      vertex -27.8045 -106 10.2346
      vertex -27.8045 -102 10.2346
    endloop
  endfacet
  facet normal -0.233412 0 -0.972378
    outer loop
      vertex -27.8045 -114 10.2346
      vertex -27.6137 -112 10.1888
      vertex -27.6137 -114 10.1888
    endloop
  endfacet
  facet normal -0.233412 0 -0.972378
    outer loop
      vertex -27.6137 -112 10.1888
      vertex -27.8045 -114 10.2346
      vertex -27.8045 -112 10.2346
    endloop
  endfacet
  facet normal -0.233363 0 0.97239
    outer loop
      vertex -27.8045 -102 7.76539
      vertex -27.6137 -114 7.81118
      vertex -27.6137 -102 7.81118
    endloop
  endfacet
  facet normal -0.233363 0 0.97239
    outer loop
      vertex -27.6137 -114 7.81118
      vertex -27.8045 -102 7.76539
      vertex -27.8045 -114 7.76539
    endloop
  endfacet
  facet normal 0.852606 -0 0.522555
    outer loop
      vertex -29.1138 -106 8.43251
      vertex -29.0113 -102 8.26527
      vertex -29.1138 -102 8.43251
    endloop
  endfacet
  facet normal 0.852606 0 0.522555
    outer loop
      vertex -29.0113 -102 8.26527
      vertex -29.1138 -106 8.43251
      vertex -29.0113 -106 8.26527
    endloop
  endfacet
  facet normal 0.852606 -0 0.522555
    outer loop
      vertex -29.1138 -114 8.43251
      vertex -29.0113 -112 8.26527
      vertex -29.1138 -112 8.43251
    endloop
  endfacet
  facet normal 0.852606 0 0.522555
    outer loop
      vertex -29.0113 -112 8.26527
      vertex -29.1138 -114 8.43251
      vertex -29.0113 -114 8.26527
    endloop
  endfacet
  facet normal 0.996913 0 -0.0785132
    outer loop
      vertex -29.2346 -106 9.19554
      vertex -29.25 -102 9
      vertex -29.2346 -102 9.19554
    endloop
  endfacet
  facet normal 0.996913 0 -0.0785132
    outer loop
      vertex -29.25 -102 9
      vertex -29.2346 -106 9.19554
      vertex -29.25 -106 9
    endloop
  endfacet
  facet normal 0.996913 0 -0.0785132
    outer loop
      vertex -29.2346 -114 9.19554
      vertex -29.25 -112 9
      vertex -29.2346 -112 9.19554
    endloop
  endfacet
  facet normal 0.996913 0 -0.0785132
    outer loop
      vertex -29.25 -112 9
      vertex -29.2346 -114 9.19554
      vertex -29.25 -114 9
    endloop
  endfacet
  facet normal -0.760371 0 -0.649489
    outer loop
      vertex -26.9887 -106 9.73473
      vertex -27.1161 -102 9.88388
      vertex -26.9887 -102 9.73473
    endloop
  endfacet
  facet normal -0.760371 -0 -0.649489
    outer loop
      vertex -27.1161 -102 9.88388
      vertex -26.9887 -106 9.73473
      vertex -27.1161 -106 9.88388
    endloop
  endfacet
  facet normal -0.760371 0 -0.649489
    outer loop
      vertex -26.9887 -114 9.73473
      vertex -27.1161 -112 9.88388
      vertex -26.9887 -112 9.73473
    endloop
  endfacet
  facet normal -0.760371 -0 -0.649489
    outer loop
      vertex -27.1161 -112 9.88388
      vertex -26.9887 -114 9.73473
      vertex -27.1161 -114 9.88388
    endloop
  endfacet
  facet normal -0.972359 0 -0.233492
    outer loop
      vertex -26.7654 -106 9.19554
      vertex -26.8112 -102 9.38627
      vertex -26.7654 -102 9.19554
    endloop
  endfacet
  facet normal -0.972359 -0 -0.233492
    outer loop
      vertex -26.8112 -102 9.38627
      vertex -26.7654 -106 9.19554
      vertex -26.8112 -106 9.38627
    endloop
  endfacet
  facet normal -0.972359 0 -0.233492
    outer loop
      vertex -26.7654 -114 9.19554
      vertex -26.8112 -112 9.38627
      vertex -26.7654 -112 9.19554
    endloop
  endfacet
  facet normal -0.972359 -0 -0.233492
    outer loop
      vertex -26.8112 -112 9.38627
      vertex -26.7654 -114 9.19554
      vertex -26.8112 -114 9.38627
    endloop
  endfacet
  facet normal 0.972359 -0 0.233492
    outer loop
      vertex -29.2346 -106 8.80446
      vertex -29.1888 -102 8.61373
      vertex -29.2346 -102 8.80446
    endloop
  endfacet
  facet normal 0.972359 0 0.233492
    outer loop
      vertex -29.1888 -102 8.61373
      vertex -29.2346 -106 8.80446
      vertex -29.1888 -106 8.61373
    endloop
  endfacet
  facet normal 0.972359 -0 0.233492
    outer loop
      vertex -29.2346 -114 8.80446
      vertex -29.1888 -112 8.61373
      vertex -29.2346 -112 8.80446
    endloop
  endfacet
  facet normal 0.972359 0 0.233492
    outer loop
      vertex -29.1888 -112 8.61373
      vertex -29.2346 -114 8.80446
      vertex -29.1888 -114 8.61373
    endloop
  endfacet
  facet normal -0.0784784 0 0.996916
    outer loop
      vertex -28 -102 7.75
      vertex -27.8045 -114 7.76539
      vertex -27.8045 -102 7.76539
    endloop
  endfacet
  facet normal -0.0784784 0 0.996916
    outer loop
      vertex -27.8045 -114 7.76539
      vertex -28 -102 7.75
      vertex -28 -114 7.75
    endloop
  endfacet
  facet normal 0.0784784 0 0.996916
    outer loop
      vertex -28.1955 -102 7.76539
      vertex -28 -114 7.75
      vertex -28 -102 7.75
    endloop
  endfacet
  facet normal 0.0784784 0 0.996916
    outer loop
      vertex -28 -114 7.75
      vertex -28.1955 -102 7.76539
      vertex -28.1955 -114 7.76539
    endloop
  endfacet
  facet normal 0.0785291 0 -0.996912
    outer loop
      vertex -28.1955 -106 10.2346
      vertex -28 -102 10.25
      vertex -28 -106 10.25
    endloop
  endfacet
  facet normal 0.0785291 0 -0.996912
    outer loop
      vertex -28 -102 10.25
      vertex -28.1955 -106 10.2346
      vertex -28.1955 -102 10.2346
    endloop
  endfacet
  facet normal 0.0785291 0 -0.996912
    outer loop
      vertex -28.1955 -114 10.2346
      vertex -28 -112 10.25
      vertex -28 -114 10.25
    endloop
  endfacet
  facet normal 0.0785291 0 -0.996912
    outer loop
      vertex -28 -112 10.25
      vertex -28.1955 -114 10.2346
      vertex -28.1955 -112 10.2346
    endloop
  endfacet
  facet normal 0.972359 -0 0.233492
    outer loop
      vertex -29.2346 -114 -9.19554
      vertex -29.1888 -102 -9.38627
      vertex -29.2346 -102 -9.19554
    endloop
  endfacet
  facet normal 0.972359 0 0.233492
    outer loop
      vertex -29.1888 -102 -9.38627
      vertex -29.2346 -114 -9.19554
      vertex -29.1888 -114 -9.38627
    endloop
  endfacet
  facet normal -0.972359 0 0.233492
    outer loop
      vertex -26.8112 -114 -9.38627
      vertex -26.7654 -102 -9.19554
      vertex -26.8112 -102 -9.38627
    endloop
  endfacet
  facet normal -0.972359 0 0.233492
    outer loop
      vertex -26.7654 -102 -9.19554
      vertex -26.8112 -114 -9.38627
      vertex -26.7654 -114 -9.19554
    endloop
  endfacet
  facet normal -0.996913 0 0.0785132
    outer loop
      vertex -26.7654 -114 -9.19554
      vertex -26.75 -102 -9
      vertex -26.7654 -102 -9.19554
    endloop
  endfacet
  facet normal -0.996913 0 0.0785132
    outer loop
      vertex -26.75 -102 -9
      vertex -26.7654 -114 -9.19554
      vertex -26.75 -114 -9
    endloop
  endfacet
  facet normal -0.923994 0 0.382406
    outer loop
      vertex -26.8862 -114 -9.56749
      vertex -26.8112 -102 -9.38627
      vertex -26.8862 -102 -9.56749
    endloop
  endfacet
  facet normal -0.923994 0 0.382406
    outer loop
      vertex -26.8112 -102 -9.38627
      vertex -26.8862 -114 -9.56749
      vertex -26.8112 -114 -9.38627
    endloop
  endfacet
  facet normal -0.996913 0 -0.0785132
    outer loop
      vertex -26.75 -114 -9
      vertex -26.7654 -102 -8.80446
      vertex -26.75 -102 -9
    endloop
  endfacet
  facet normal -0.996913 -0 -0.0785132
    outer loop
      vertex -26.7654 -102 -8.80446
      vertex -26.75 -114 -9
      vertex -26.7654 -114 -8.80446
    endloop
  endfacet
  facet normal 0.760371 -0 0.649489
    outer loop
      vertex -29.0113 -114 -9.73473
      vertex -28.8839 -102 -9.88388
      vertex -29.0113 -102 -9.73473
    endloop
  endfacet
  facet normal 0.760371 0 0.649489
    outer loop
      vertex -28.8839 -102 -9.88388
      vertex -29.0113 -114 -9.73473
      vertex -28.8839 -114 -9.88388
    endloop
  endfacet
  facet normal 0.852606 -0 0.522555
    outer loop
      vertex -29.1138 -114 -9.56749
      vertex -29.0113 -102 -9.73473
      vertex -29.1138 -102 -9.56749
    endloop
  endfacet
  facet normal 0.852606 0 0.522555
    outer loop
      vertex -29.0113 -102 -9.73473
      vertex -29.1138 -114 -9.56749
      vertex -29.0113 -114 -9.73473
    endloop
  endfacet
  facet normal -0.382703 0 -0.923871
    outer loop
      vertex -27.6137 -114 -7.81118
      vertex -27.4325 -102 -7.88624
      vertex -27.4325 -114 -7.88624
    endloop
  endfacet
  facet normal -0.382703 0 -0.923871
    outer loop
      vertex -27.4325 -102 -7.88624
      vertex -27.6137 -114 -7.81118
      vertex -27.6137 -102 -7.81118
    endloop
  endfacet
  facet normal 0.0785291 0 0.996912
    outer loop
      vertex -28.1955 -102 -10.2346
      vertex -28 -114 -10.25
      vertex -28 -102 -10.25
    endloop
  endfacet
  facet normal 0.0785291 0 0.996912
    outer loop
      vertex -28 -114 -10.25
      vertex -28.1955 -102 -10.2346
      vertex -28.1955 -114 -10.2346
    endloop
  endfacet
  facet normal -0.760371 0 -0.649489
    outer loop
      vertex -26.9887 -114 -8.26527
      vertex -27.1161 -102 -8.11612
      vertex -26.9887 -102 -8.26527
    endloop
  endfacet
  facet normal -0.760371 -0 -0.649489
    outer loop
      vertex -27.1161 -102 -8.11612
      vertex -26.9887 -114 -8.26527
      vertex -27.1161 -114 -8.11612
    endloop
  endfacet
  facet normal -0.522609 0 -0.852573
    outer loop
      vertex -27.4325 -114 -7.88624
      vertex -27.2653 -102 -7.98873
      vertex -27.2653 -114 -7.98873
    endloop
  endfacet
  facet normal -0.522609 0 -0.852573
    outer loop
      vertex -27.2653 -102 -7.98873
      vertex -27.4325 -114 -7.88624
      vertex -27.4325 -102 -7.88624
    endloop
  endfacet
  facet normal -0.923994 0 -0.382406
    outer loop
      vertex -26.8112 -114 -8.61373
      vertex -26.8862 -102 -8.43251
      vertex -26.8112 -102 -8.61373
    endloop
  endfacet
  facet normal -0.923994 -0 -0.382406
    outer loop
      vertex -26.8862 -102 -8.43251
      vertex -26.8112 -114 -8.61373
      vertex -26.8862 -114 -8.43251
    endloop
  endfacet
  facet normal -0.760371 0 0.649489
    outer loop
      vertex -27.1161 -114 -9.88388
      vertex -26.9887 -102 -9.73473
      vertex -27.1161 -102 -9.88388
    endloop
  endfacet
  facet normal -0.760371 0 0.649489
    outer loop
      vertex -26.9887 -102 -9.73473
      vertex -27.1161 -114 -9.88388
      vertex -26.9887 -114 -9.73473
    endloop
  endfacet
  facet normal 0.522609 0 -0.852573
    outer loop
      vertex -28.7347 -114 -7.98873
      vertex -28.5675 -102 -7.88624
      vertex -28.5675 -114 -7.88624
    endloop
  endfacet
  facet normal 0.522609 0 -0.852573
    outer loop
      vertex -28.5675 -102 -7.88624
      vertex -28.7347 -114 -7.98873
      vertex -28.7347 -102 -7.98873
    endloop
  endfacet
  facet normal -0.522646 0 0.85255
    outer loop
      vertex -27.4325 -102 -10.1138
      vertex -27.2653 -114 -10.0113
      vertex -27.2653 -102 -10.0113
    endloop
  endfacet
  facet normal -0.522646 0 0.85255
    outer loop
      vertex -27.2653 -114 -10.0113
      vertex -27.4325 -102 -10.1138
      vertex -27.4325 -114 -10.1138
    endloop
  endfacet
  facet normal 0.996913 -0 0.0785132
    outer loop
      vertex -29.25 -114 -9
      vertex -29.2346 -102 -9.19554
      vertex -29.25 -102 -9
    endloop
  endfacet
  facet normal 0.996913 0 0.0785132
    outer loop
      vertex -29.2346 -102 -9.19554
      vertex -29.25 -114 -9
      vertex -29.2346 -114 -9.19554
    endloop
  endfacet
  facet normal 0.923994 -0 0.382406
    outer loop
      vertex -29.1888 -114 -9.38627
      vertex -29.1138 -102 -9.56749
      vertex -29.1888 -102 -9.38627
    endloop
  endfacet
  facet normal 0.923994 0 0.382406
    outer loop
      vertex -29.1138 -102 -9.56749
      vertex -29.1888 -114 -9.38627
      vertex -29.1138 -114 -9.56749
    endloop
  endfacet
  facet normal 0.972359 0 -0.233492
    outer loop
      vertex -29.1888 -114 -8.61373
      vertex -29.2346 -102 -8.80446
      vertex -29.1888 -102 -8.61373
    endloop
  endfacet
  facet normal 0.972359 0 -0.233492
    outer loop
      vertex -29.2346 -102 -8.80446
      vertex -29.1888 -114 -8.61373
      vertex -29.2346 -114 -8.80446
    endloop
  endfacet
  facet normal 0.233363 0 -0.97239
    outer loop
      vertex -28.3863 -114 -7.81118
      vertex -28.1955 -102 -7.76539
      vertex -28.1955 -114 -7.76539
    endloop
  endfacet
  facet normal 0.233363 0 -0.97239
    outer loop
      vertex -28.1955 -102 -7.76539
      vertex -28.3863 -114 -7.81118
      vertex -28.3863 -102 -7.81118
    endloop
  endfacet
  facet normal -0.233363 0 -0.97239
    outer loop
      vertex -27.8045 -114 -7.76539
      vertex -27.6137 -102 -7.81118
      vertex -27.6137 -114 -7.81118
    endloop
  endfacet
  facet normal -0.233363 0 -0.97239
    outer loop
      vertex -27.6137 -102 -7.81118
      vertex -27.8045 -114 -7.76539
      vertex -27.8045 -102 -7.76539
    endloop
  endfacet
  facet normal 0.649422 0 0.760428
    outer loop
      vertex -28.8839 -102 -9.88388
      vertex -28.7347 -114 -10.0113
      vertex -28.7347 -102 -10.0113
    endloop
  endfacet
  facet normal 0.649422 0 0.760428
    outer loop
      vertex -28.7347 -114 -10.0113
      vertex -28.8839 -102 -9.88388
      vertex -28.8839 -114 -9.88388
    endloop
  endfacet
  facet normal -0.852606 0 0.522555
    outer loop
      vertex -26.9887 -114 -9.73473
      vertex -26.8862 -102 -9.56749
      vertex -26.9887 -102 -9.73473
    endloop
  endfacet
  facet normal -0.852606 0 0.522555
    outer loop
      vertex -26.8862 -102 -9.56749
      vertex -26.9887 -114 -9.73473
      vertex -26.8862 -114 -9.56749
    endloop
  endfacet
  facet normal 0.852606 0 -0.522555
    outer loop
      vertex -29.0113 -114 -8.26527
      vertex -29.1138 -102 -8.43251
      vertex -29.0113 -102 -8.26527
    endloop
  endfacet
  facet normal 0.852606 0 -0.522555
    outer loop
      vertex -29.1138 -102 -8.43251
      vertex -29.0113 -114 -8.26527
      vertex -29.1138 -114 -8.43251
    endloop
  endfacet
  facet normal -0.852606 0 -0.522555
    outer loop
      vertex -26.8862 -114 -8.43251
      vertex -26.9887 -102 -8.26527
      vertex -26.8862 -102 -8.43251
    endloop
  endfacet
  facet normal -0.852606 -0 -0.522555
    outer loop
      vertex -26.9887 -102 -8.26527
      vertex -26.8862 -114 -8.43251
      vertex -26.9887 -114 -8.26527
    endloop
  endfacet
  facet normal -0.382442 0 0.92398
    outer loop
      vertex -27.6137 -102 -10.1888
      vertex -27.4325 -114 -10.1138
      vertex -27.4325 -102 -10.1138
    endloop
  endfacet
  facet normal -0.382442 0 0.92398
    outer loop
      vertex -27.4325 -114 -10.1138
      vertex -27.6137 -102 -10.1888
      vertex -27.6137 -114 -10.1888
    endloop
  endfacet
  facet normal 0.522646 0 0.85255
    outer loop
      vertex -28.7347 -102 -10.0113
      vertex -28.5675 -114 -10.1138
      vertex -28.5675 -102 -10.1138
    endloop
  endfacet
  facet normal 0.522646 0 0.85255
    outer loop
      vertex -28.5675 -114 -10.1138
      vertex -28.7347 -102 -10.0113
      vertex -28.7347 -114 -10.0113
    endloop
  endfacet
  facet normal -0.649422 0 0.760428
    outer loop
      vertex -27.2653 -102 -10.0113
      vertex -27.1161 -114 -9.88388
      vertex -27.1161 -102 -9.88388
    endloop
  endfacet
  facet normal -0.649422 0 0.760428
    outer loop
      vertex -27.1161 -114 -9.88388
      vertex -27.2653 -102 -10.0113
      vertex -27.2653 -114 -10.0113
    endloop
  endfacet
  facet normal 0.382442 0 0.92398
    outer loop
      vertex -28.5675 -102 -10.1138
      vertex -28.3863 -114 -10.1888
      vertex -28.3863 -102 -10.1888
    endloop
  endfacet
  facet normal 0.382442 0 0.92398
    outer loop
      vertex -28.3863 -114 -10.1888
      vertex -28.5675 -102 -10.1138
      vertex -28.5675 -114 -10.1138
    endloop
  endfacet
  facet normal -0.972359 0 -0.233492
    outer loop
      vertex -26.7654 -114 -8.80446
      vertex -26.8112 -102 -8.61373
      vertex -26.7654 -102 -8.80446
    endloop
  endfacet
  facet normal -0.972359 -0 -0.233492
    outer loop
      vertex -26.8112 -102 -8.61373
      vertex -26.7654 -114 -8.80446
      vertex -26.8112 -114 -8.61373
    endloop
  endfacet
  facet normal 0.996913 0 -0.0785132
    outer loop
      vertex -29.2346 -114 -8.80446
      vertex -29.25 -102 -9
      vertex -29.2346 -102 -8.80446
    endloop
  endfacet
  facet normal 0.996913 0 -0.0785132
    outer loop
      vertex -29.25 -102 -9
      vertex -29.2346 -114 -8.80446
      vertex -29.25 -114 -9
    endloop
  endfacet
  facet normal 0.923994 0 -0.382406
    outer loop
      vertex -29.1138 -114 -8.43251
      vertex -29.1888 -102 -8.61373
      vertex -29.1138 -102 -8.43251
    endloop
  endfacet
  facet normal 0.923994 0 -0.382406
    outer loop
      vertex -29.1888 -102 -8.61373
      vertex -29.1138 -114 -8.43251
      vertex -29.1888 -114 -8.61373
    endloop
  endfacet
  facet normal 0.760371 0 -0.649489
    outer loop
      vertex -28.8839 -114 -8.11612
      vertex -29.0113 -102 -8.26527
      vertex -28.8839 -102 -8.11612
    endloop
  endfacet
  facet normal 0.760371 0 -0.649489
    outer loop
      vertex -29.0113 -102 -8.26527
      vertex -28.8839 -114 -8.11612
      vertex -29.0113 -114 -8.26527
    endloop
  endfacet
  facet normal 0 -1 0
    outer loop
      vertex -28.1955 -102 -7.76539
      vertex -27.8045 -102 -7.76539
      vertex -28 -102 -7.75
    endloop
  endfacet
  facet normal 0 -1 0
    outer loop
      vertex -28.3863 -102 -7.81118
      vertex -27.8045 -102 -7.76539
      vertex -28.1955 -102 -7.76539
    endloop
  endfacet
  facet normal 0 -1 0
    outer loop
      vertex -28.3863 -102 -7.81118
      vertex -27.6137 -102 -7.81118
      vertex -27.8045 -102 -7.76539
    endloop
  endfacet
  facet normal 0 -1 0
    outer loop
      vertex -28.5675 -102 -7.88624
      vertex -27.6137 -102 -7.81118
      vertex -28.3863 -102 -7.81118
    endloop
  endfacet
  facet normal 0 -1 0
    outer loop
      vertex -28.5675 -102 -7.88624
      vertex -27.4325 -102 -7.88624
      vertex -27.6137 -102 -7.81118
    endloop
  endfacet
  facet normal 0 -1 0
    outer loop
      vertex -28.7347 -102 -7.98873
      vertex -27.4325 -102 -7.88624
      vertex -28.5675 -102 -7.88624
    endloop
  endfacet
  facet normal 0 -1 0
    outer loop
      vertex -28.7347 -102 -7.98873
      vertex -27.2653 -102 -7.98873
      vertex -27.4325 -102 -7.88624
    endloop
  endfacet
  facet normal 0 -1 0
    outer loop
      vertex -28.8839 -102 -8.11612
      vertex -27.2653 -102 -7.98873
      vertex -28.7347 -102 -7.98873
    endloop
  endfacet
  facet normal 0 -1 0
    outer loop
      vertex -28.8839 -102 -8.11612
      vertex -27.1161 -102 -8.11612
      vertex -27.2653 -102 -7.98873
    endloop
  endfacet
  facet normal 0 -1 0
    outer loop
      vertex -29.0113 -102 -8.26527
      vertex -27.1161 -102 -8.11612
      vertex -28.8839 -102 -8.11612
    endloop
  endfacet
  facet normal 0 -1 0
    outer loop
      vertex -29.0113 -102 -8.26527
      vertex -26.9887 -102 -8.26527
      vertex -27.1161 -102 -8.11612
    endloop
  endfacet
  facet normal 0 -1 0
    outer loop
      vertex -29.1138 -102 -8.43251
      vertex -26.9887 -102 -8.26527
      vertex -29.0113 -102 -8.26527
    endloop
  endfacet
  facet normal 0 -1 0
    outer loop
      vertex -29.1138 -102 -8.43251
      vertex -26.8862 -102 -8.43251
      vertex -26.9887 -102 -8.26527
    endloop
  endfacet
  facet normal 0 -1 0
    outer loop
      vertex -29.1888 -102 -8.61373
      vertex -26.8862 -102 -8.43251
      vertex -29.1138 -102 -8.43251
    endloop
  endfacet
  facet normal 0 -1 0
    outer loop
      vertex -29.1888 -102 -8.61373
      vertex -26.8112 -102 -8.61373
      vertex -26.8862 -102 -8.43251
    endloop
  endfacet
  facet normal 0 -1 0
    outer loop
      vertex -29.2346 -102 -8.80446
      vertex -26.8112 -102 -8.61373
      vertex -29.1888 -102 -8.61373
    endloop
  endfacet
  facet normal 0 -1 0
    outer loop
      vertex -29.2346 -102 -8.80446
      vertex -26.7654 -102 -8.80446
      vertex -26.8112 -102 -8.61373
    endloop
  endfacet
  facet normal 0 -1 0
    outer loop
      vertex -29.25 -102 -9
      vertex -26.7654 -102 -8.80446
      vertex -29.2346 -102 -8.80446
    endloop
  endfacet
  facet normal 0 -1 0
    outer loop
      vertex -29.25 -102 -9
      vertex -26.75 -102 -9
      vertex -26.7654 -102 -8.80446
    endloop
  endfacet
  facet normal 0 -1 0
    outer loop
      vertex -29.2346 -102 -9.19554
      vertex -26.75 -102 -9
      vertex -29.25 -102 -9
    endloop
  endfacet
  facet normal 0 -1 0
    outer loop
      vertex -29.2346 -102 -9.19554
      vertex -26.7654 -102 -9.19554
      vertex -26.75 -102 -9
    endloop
  endfacet
  facet normal 0 -1 0
    outer loop
      vertex -29.1888 -102 -9.38627
      vertex -26.7654 -102 -9.19554
      vertex -29.2346 -102 -9.19554
    endloop
  endfacet
  facet normal 0 -1 0
    outer loop
      vertex -29.1888 -102 -9.38627
      vertex -26.8112 -102 -9.38627
      vertex -26.7654 -102 -9.19554
    endloop
  endfacet
  facet normal 0 -1 0
    outer loop
      vertex -29.1138 -102 -9.56749
      vertex -26.8112 -102 -9.38627
      vertex -29.1888 -102 -9.38627
    endloop
  endfacet
  facet normal 0 -1 0
    outer loop
      vertex -29.1138 -102 -9.56749
      vertex -26.8862 -102 -9.56749
      vertex -26.8112 -102 -9.38627
    endloop
  endfacet
  facet normal 0 -1 0
    outer loop
      vertex -29.0113 -102 -9.73473
      vertex -26.8862 -102 -9.56749
      vertex -29.1138 -102 -9.56749
    endloop
  endfacet
  facet normal 0 -1 0
    outer loop
      vertex -29.0113 -102 -9.73473
      vertex -26.9887 -102 -9.73473
      vertex -26.8862 -102 -9.56749
    endloop
  endfacet
  facet normal 0 -1 0
    outer loop
      vertex -28.8839 -102 -9.88388
      vertex -26.9887 -102 -9.73473
      vertex -29.0113 -102 -9.73473
    endloop
  endfacet
  facet normal 0 -1 0
    outer loop
      vertex -28.8839 -102 -9.88388
      vertex -27.1161 -102 -9.88388
      vertex -26.9887 -102 -9.73473
    endloop
  endfacet
  facet normal 0 -1 0
    outer loop
      vertex -28.7347 -102 -10.0113
      vertex -27.1161 -102 -9.88388
      vertex -28.8839 -102 -9.88388
    endloop
  endfacet
  facet normal 0 -1 0
    outer loop
      vertex -28.7347 -102 -10.0113
      vertex -27.2653 -102 -10.0113
      vertex -27.1161 -102 -9.88388
    endloop
  endfacet
  facet normal 0 -1 0
    outer loop
      vertex -28.5675 -102 -10.1138
      vertex -27.2653 -102 -10.0113
      vertex -28.7347 -102 -10.0113
    endloop
  endfacet
  facet normal 0 -1 0
    outer loop
      vertex -28.5675 -102 -10.1138
      vertex -27.4325 -102 -10.1138
      vertex -27.2653 -102 -10.0113
    endloop
  endfacet
  facet normal 0 -1 0
    outer loop
      vertex -28.3863 -102 -10.1888
      vertex -27.4325 -102 -10.1138
      vertex -28.5675 -102 -10.1138
    endloop
  endfacet
  facet normal 0 -1 0
    outer loop
      vertex -28.3863 -102 -10.1888
      vertex -27.6137 -102 -10.1888
      vertex -27.4325 -102 -10.1138
    endloop
  endfacet
  facet normal 0 -1 0
    outer loop
      vertex -28.1955 -102 -10.2346
      vertex -27.6137 -102 -10.1888
      vertex -28.3863 -102 -10.1888
    endloop
  endfacet
  facet normal 0 -1 0
    outer loop
      vertex -28.1955 -102 -10.2346
      vertex -27.8045 -102 -10.2346
      vertex -27.6137 -102 -10.1888
    endloop
  endfacet
  facet normal -0 -1 0
    outer loop
      vertex -27.8045 -102 -10.2346
      vertex -28.1955 -102 -10.2346
      vertex -28 -102 -10.25
    endloop
  endfacet
  facet normal -0.0785291 0 0.996912
    outer loop
      vertex -28 -102 -10.25
      vertex -27.8045 -114 -10.2346
      vertex -27.8045 -102 -10.2346
    endloop
  endfacet
  facet normal -0.0785291 0 0.996912
    outer loop
      vertex -27.8045 -114 -10.2346
      vertex -28 -102 -10.25
      vertex -28 -114 -10.25
    endloop
  endfacet
  facet normal 0.233412 0 0.972378
    outer loop
      vertex -28.3863 -102 -10.1888
      vertex -28.1955 -114 -10.2346
      vertex -28.1955 -102 -10.2346
    endloop
  endfacet
  facet normal 0.233412 0 0.972378
    outer loop
      vertex -28.1955 -114 -10.2346
      vertex -28.3863 -102 -10.1888
      vertex -28.3863 -114 -10.1888
    endloop
  endfacet
  facet normal -0.649334 0 -0.760504
    outer loop
      vertex -27.2653 -114 -7.98873
      vertex -27.1161 -102 -8.11612
      vertex -27.1161 -114 -8.11612
    endloop
  endfacet
  facet normal -0.649334 0 -0.760504
    outer loop
      vertex -27.1161 -102 -8.11612
      vertex -27.2653 -114 -7.98873
      vertex -27.2653 -102 -7.98873
    endloop
  endfacet
  facet normal -0.233412 0 0.972378
    outer loop
      vertex -27.8045 -102 -10.2346
      vertex -27.6137 -114 -10.1888
      vertex -27.6137 -102 -10.1888
    endloop
  endfacet
  facet normal -0.233412 0 0.972378
    outer loop
      vertex -27.6137 -114 -10.1888
      vertex -27.8045 -102 -10.2346
      vertex -27.8045 -114 -10.2346
    endloop
  endfacet
  facet normal 0.382703 0 -0.923871
    outer loop
      vertex -28.5675 -114 -7.88624
      vertex -28.3863 -102 -7.81118
      vertex -28.3863 -114 -7.81118
    endloop
  endfacet
  facet normal 0.382703 0 -0.923871
    outer loop
      vertex -28.3863 -102 -7.81118
      vertex -28.5675 -114 -7.88624
      vertex -28.5675 -102 -7.88624
    endloop
  endfacet
  facet normal -0.0784784 0 -0.996916
    outer loop
      vertex -28 -114 -7.75
      vertex -27.8045 -102 -7.76539
      vertex -27.8045 -114 -7.76539
    endloop
  endfacet
  facet normal -0.0784784 0 -0.996916
    outer loop
      vertex -27.8045 -102 -7.76539
      vertex -28 -114 -7.75
      vertex -28 -102 -7.75
    endloop
  endfacet
  facet normal 0.649334 0 -0.760504
    outer loop
      vertex -28.8839 -114 -8.11612
      vertex -28.7347 -102 -7.98873
      vertex -28.7347 -114 -7.98873
    endloop
  endfacet
  facet normal 0.649334 0 -0.760504
    outer loop
      vertex -28.7347 -102 -7.98873
      vertex -28.8839 -114 -8.11612
      vertex -28.8839 -102 -8.11612
    endloop
  endfacet
  facet normal 0.0784784 0 -0.996916
    outer loop
      vertex -28.1955 -114 -7.76539
      vertex -28 -102 -7.75
      vertex -28 -114 -7.75
    endloop
  endfacet
  facet normal 0.0784784 0 -0.996916
    outer loop
      vertex -28 -102 -7.75
      vertex -28.1955 -114 -7.76539
      vertex -28.1955 -102 -7.76539
    endloop
  endfacet
  facet normal -0.972359 0 0.233492
    outer loop
      vertex 29.1888 -114 8.61373
      vertex 29.2346 -102 8.80446
      vertex 29.1888 -102 8.61373
    endloop
  endfacet
  facet normal -0.972359 0 0.233492
    outer loop
      vertex 29.2346 -102 8.80446
      vertex 29.1888 -114 8.61373
      vertex 29.2346 -114 8.80446
    endloop
  endfacet
  facet normal -0.996913 0 0.0785132
    outer loop
      vertex 29.2346 -114 8.80446
      vertex 29.25 -102 9
      vertex 29.2346 -102 8.80446
    endloop
  endfacet
  facet normal -0.996913 0 0.0785132
    outer loop
      vertex 29.25 -102 9
      vertex 29.2346 -114 8.80446
      vertex 29.25 -114 9
    endloop
  endfacet
  facet normal -0.923994 0 0.382406
    outer loop
      vertex 29.1138 -114 8.43251
      vertex 29.1888 -102 8.61373
      vertex 29.1138 -102 8.43251
    endloop
  endfacet
  facet normal -0.923994 0 0.382406
    outer loop
      vertex 29.1888 -102 8.61373
      vertex 29.1138 -114 8.43251
      vertex 29.1888 -114 8.61373
    endloop
  endfacet
  facet normal -0.233363 0 0.97239
    outer loop
      vertex 28.1955 -102 7.76539
      vertex 28.3863 -114 7.81118
      vertex 28.3863 -102 7.81118
    endloop
  endfacet
  facet normal -0.233363 0 0.97239
    outer loop
      vertex 28.3863 -114 7.81118
      vertex 28.1955 -102 7.76539
      vertex 28.1955 -114 7.76539
    endloop
  endfacet
  facet normal -0.852606 0 0.522555
    outer loop
      vertex 29.0113 -114 8.26527
      vertex 29.1138 -102 8.43251
      vertex 29.0113 -102 8.26527
    endloop
  endfacet
  facet normal -0.852606 0 0.522555
    outer loop
      vertex 29.1138 -102 8.43251
      vertex 29.0113 -114 8.26527
      vertex 29.1138 -114 8.43251
    endloop
  endfacet
  facet normal 0.923994 0 -0.382406
    outer loop
      vertex 26.8862 -114 9.56749
      vertex 26.8112 -102 9.38627
      vertex 26.8862 -102 9.56749
    endloop
  endfacet
  facet normal 0.923994 0 -0.382406
    outer loop
      vertex 26.8112 -102 9.38627
      vertex 26.8862 -114 9.56749
      vertex 26.8112 -114 9.38627
    endloop
  endfacet
  facet normal 0.233363 0 0.97239
    outer loop
      vertex 27.6137 -102 7.81118
      vertex 27.8045 -114 7.76539
      vertex 27.8045 -102 7.76539
    endloop
  endfacet
  facet normal 0.233363 0 0.97239
    outer loop
      vertex 27.8045 -114 7.76539
      vertex 27.6137 -102 7.81118
      vertex 27.6137 -114 7.81118
    endloop
  endfacet
  facet normal -0.233412 0 -0.972378
    outer loop
      vertex 28.1955 -114 10.2346
      vertex 28.3863 -102 10.1888
      vertex 28.3863 -114 10.1888
    endloop
  endfacet
  facet normal -0.233412 0 -0.972378
    outer loop
      vertex 28.3863 -102 10.1888
      vertex 28.1955 -114 10.2346
      vertex 28.1955 -102 10.2346
    endloop
  endfacet
  facet normal -0.972359 0 -0.233492
    outer loop
      vertex 29.2346 -114 9.19554
      vertex 29.1888 -102 9.38627
      vertex 29.2346 -102 9.19554
    endloop
  endfacet
  facet normal -0.972359 -0 -0.233492
    outer loop
      vertex 29.1888 -102 9.38627
      vertex 29.2346 -114 9.19554
      vertex 29.1888 -114 9.38627
    endloop
  endfacet
  facet normal 0.382442 0 -0.92398
    outer loop
      vertex 27.4325 -114 10.1138
      vertex 27.6137 -102 10.1888
      vertex 27.6137 -114 10.1888
    endloop
  endfacet
  facet normal 0.382442 0 -0.92398
    outer loop
      vertex 27.6137 -102 10.1888
      vertex 27.4325 -114 10.1138
      vertex 27.4325 -102 10.1138
    endloop
  endfacet
  facet normal 0.760371 -0 0.649489
    outer loop
      vertex 26.9887 -114 8.26527
      vertex 27.1161 -102 8.11612
      vertex 26.9887 -102 8.26527
    endloop
  endfacet
  facet normal 0.760371 0 0.649489
    outer loop
      vertex 27.1161 -102 8.11612
      vertex 26.9887 -114 8.26527
      vertex 27.1161 -114 8.11612
    endloop
  endfacet
  facet normal 0.972359 -0 0.233492
    outer loop
      vertex 26.7654 -114 8.80446
      vertex 26.8112 -102 8.61373
      vertex 26.7654 -102 8.80446
    endloop
  endfacet
  facet normal 0.972359 0 0.233492
    outer loop
      vertex 26.8112 -102 8.61373
      vertex 26.7654 -114 8.80446
      vertex 26.8112 -114 8.61373
    endloop
  endfacet
  facet normal -0.0785291 0 -0.996912
    outer loop
      vertex 28 -114 10.25
      vertex 28.1955 -102 10.2346
      vertex 28.1955 -114 10.2346
    endloop
  endfacet
  facet normal -0.0785291 0 -0.996912
    outer loop
      vertex 28.1955 -102 10.2346
      vertex 28 -114 10.25
      vertex 28 -102 10.25
    endloop
  endfacet
  facet normal 0.382703 0 0.923871
    outer loop
      vertex 27.4325 -102 7.88624
      vertex 27.6137 -114 7.81118
      vertex 27.6137 -102 7.81118
    endloop
  endfacet
  facet normal 0.382703 0 0.923871
    outer loop
      vertex 27.6137 -114 7.81118
      vertex 27.4325 -102 7.88624
      vertex 27.4325 -114 7.88624
    endloop
  endfacet
  facet normal 0.996913 0 -0.0785132
    outer loop
      vertex 26.7654 -114 9.19554
      vertex 26.75 -102 9
      vertex 26.7654 -102 9.19554
    endloop
  endfacet
  facet normal 0.996913 0 -0.0785132
    outer loop
      vertex 26.75 -102 9
      vertex 26.7654 -114 9.19554
      vertex 26.75 -114 9
    endloop
  endfacet
  facet normal -0.0784784 0 0.996916
    outer loop
      vertex 28 -102 7.75
      vertex 28.1955 -114 7.76539
      vertex 28.1955 -102 7.76539
    endloop
  endfacet
  facet normal -0.0784784 0 0.996916
    outer loop
      vertex 28.1955 -114 7.76539
      vertex 28 -102 7.75
      vertex 28 -114 7.75
    endloop
  endfacet
  facet normal -0.996913 0 -0.0785132
    outer loop
      vertex 29.25 -114 9
      vertex 29.2346 -102 9.19554
      vertex 29.25 -102 9
    endloop
  endfacet
  facet normal -0.996913 -0 -0.0785132
    outer loop
      vertex 29.2346 -102 9.19554
      vertex 29.25 -114 9
      vertex 29.2346 -114 9.19554
    endloop
  endfacet
  facet normal -0.382703 0 0.923871
    outer loop
      vertex 28.3863 -102 7.81118
      vertex 28.5675 -114 7.88624
      vertex 28.5675 -102 7.88624
    endloop
  endfacet
  facet normal -0.382703 0 0.923871
    outer loop
      vertex 28.5675 -114 7.88624
      vertex 28.3863 -102 7.81118
      vertex 28.3863 -114 7.81118
    endloop
  endfacet
  facet normal 0.760371 0 -0.649489
    outer loop
      vertex 27.1161 -114 9.88388
      vertex 26.9887 -102 9.73473
      vertex 27.1161 -102 9.88388
    endloop
  endfacet
  facet normal 0.760371 0 -0.649489
    outer loop
      vertex 26.9887 -102 9.73473
      vertex 27.1161 -114 9.88388
      vertex 26.9887 -114 9.73473
    endloop
  endfacet
  facet normal -0.923994 0 -0.382406
    outer loop
      vertex 29.1888 -114 9.38627
      vertex 29.1138 -102 9.56749
      vertex 29.1888 -102 9.38627
    endloop
  endfacet
  facet normal -0.923994 -0 -0.382406
    outer loop
      vertex 29.1138 -102 9.56749
      vertex 29.1888 -114 9.38627
      vertex 29.1138 -114 9.56749
    endloop
  endfacet
  facet normal -0.852606 0 -0.522555
    outer loop
      vertex 29.1138 -114 9.56749
      vertex 29.0113 -102 9.73473
      vertex 29.1138 -102 9.56749
    endloop
  endfacet
  facet normal -0.852606 -0 -0.522555
    outer loop
      vertex 29.0113 -102 9.73473
      vertex 29.1138 -114 9.56749
      vertex 29.0113 -114 9.73473
    endloop
  endfacet
  facet normal -0.382442 0 -0.92398
    outer loop
      vertex 28.3863 -114 10.1888
      vertex 28.5675 -102 10.1138
      vertex 28.5675 -114 10.1138
    endloop
  endfacet
  facet normal -0.382442 0 -0.92398
    outer loop
      vertex 28.5675 -102 10.1138
      vertex 28.3863 -114 10.1888
      vertex 28.3863 -102 10.1888
    endloop
  endfacet
  facet normal -0.649334 0 0.760504
    outer loop
      vertex 28.7347 -102 7.98873
      vertex 28.8839 -114 8.11612
      vertex 28.8839 -102 8.11612
    endloop
  endfacet
  facet normal -0.649334 0 0.760504
    outer loop
      vertex 28.8839 -114 8.11612
      vertex 28.7347 -102 7.98873
      vertex 28.7347 -114 7.98873
    endloop
  endfacet
  facet normal 0.649334 0 0.760504
    outer loop
      vertex 27.1161 -102 8.11612
      vertex 27.2653 -114 7.98873
      vertex 27.2653 -102 7.98873
    endloop
  endfacet
  facet normal 0.649334 0 0.760504
    outer loop
      vertex 27.2653 -114 7.98873
      vertex 27.1161 -102 8.11612
      vertex 27.1161 -114 8.11612
    endloop
  endfacet
  facet normal -0.522609 0 0.852573
    outer loop
      vertex 28.5675 -102 7.88624
      vertex 28.7347 -114 7.98873
      vertex 28.7347 -102 7.98873
    endloop
  endfacet
  facet normal -0.522609 0 0.852573
    outer loop
      vertex 28.7347 -114 7.98873
      vertex 28.5675 -102 7.88624
      vertex 28.5675 -114 7.88624
    endloop
  endfacet
  facet normal 0.233412 0 -0.972378
    outer loop
      vertex 27.6137 -114 10.1888
      vertex 27.8045 -102 10.2346
      vertex 27.8045 -114 10.2346
    endloop
  endfacet
  facet normal 0.233412 0 -0.972378
    outer loop
      vertex 27.8045 -102 10.2346
      vertex 27.6137 -114 10.1888
      vertex 27.6137 -102 10.1888
    endloop
  endfacet
  facet normal -0.760371 0 0.649489
    outer loop
      vertex 28.8839 -114 8.11612
      vertex 29.0113 -102 8.26527
      vertex 28.8839 -102 8.11612
    endloop
  endfacet
  facet normal -0.760371 0 0.649489
    outer loop
      vertex 29.0113 -102 8.26527
      vertex 28.8839 -114 8.11612
      vertex 29.0113 -114 8.26527
    endloop
  endfacet
  facet normal 0.522646 0 -0.85255
    outer loop
      vertex 27.2653 -114 10.0113
      vertex 27.4325 -102 10.1138
      vertex 27.4325 -114 10.1138
    endloop
  endfacet
  facet normal 0.522646 0 -0.85255
    outer loop
      vertex 27.4325 -102 10.1138
      vertex 27.2653 -114 10.0113
      vertex 27.2653 -102 10.0113
    endloop
  endfacet
  facet normal 0.972359 0 -0.233492
    outer loop
      vertex 26.8112 -114 9.38627
      vertex 26.7654 -102 9.19554
      vertex 26.8112 -102 9.38627
    endloop
  endfacet
  facet normal 0.972359 0 -0.233492
    outer loop
      vertex 26.7654 -102 9.19554
      vertex 26.8112 -114 9.38627
      vertex 26.7654 -114 9.19554
    endloop
  endfacet
  facet normal -0.649422 0 -0.760428
    outer loop
      vertex 28.7347 -114 10.0113
      vertex 28.8839 -102 9.88388
      vertex 28.8839 -114 9.88388
    endloop
  endfacet
  facet normal -0.649422 0 -0.760428
    outer loop
      vertex 28.8839 -102 9.88388
      vertex 28.7347 -114 10.0113
      vertex 28.7347 -102 10.0113
    endloop
  endfacet
  facet normal 0.0785291 0 -0.996912
    outer loop
      vertex 27.8045 -114 10.2346
      vertex 28 -102 10.25
      vertex 28 -114 10.25
    endloop
  endfacet
  facet normal 0.0785291 0 -0.996912
    outer loop
      vertex 28 -102 10.25
      vertex 27.8045 -114 10.2346
      vertex 27.8045 -102 10.2346
    endloop
  endfacet
  facet normal -0.522646 0 -0.85255
    outer loop
      vertex 28.5675 -114 10.1138
      vertex 28.7347 -102 10.0113
      vertex 28.7347 -114 10.0113
    endloop
  endfacet
  facet normal -0.522646 0 -0.85255
    outer loop
      vertex 28.7347 -102 10.0113
      vertex 28.5675 -114 10.1138
      vertex 28.5675 -102 10.1138
    endloop
  endfacet
  facet normal 0.0784784 0 0.996916
    outer loop
      vertex 27.8045 -102 7.76539
      vertex 28 -114 7.75
      vertex 28 -102 7.75
    endloop
  endfacet
  facet normal 0.0784784 0 0.996916
    outer loop
      vertex 28 -114 7.75
      vertex 27.8045 -102 7.76539
      vertex 27.8045 -114 7.76539
    endloop
  endfacet
  facet normal -0.760371 0 -0.649489
    outer loop
      vertex 29.0113 -114 9.73473
      vertex 28.8839 -102 9.88388
      vertex 29.0113 -102 9.73473
    endloop
  endfacet
  facet normal -0.760371 -0 -0.649489
    outer loop
      vertex 28.8839 -102 9.88388
      vertex 29.0113 -114 9.73473
      vertex 28.8839 -114 9.88388
    endloop
  endfacet
  facet normal 0.852606 0 -0.522555
    outer loop
      vertex 26.9887 -114 9.73473
      vertex 26.8862 -102 9.56749
      vertex 26.9887 -102 9.73473
    endloop
  endfacet
  facet normal 0.852606 0 -0.522555
    outer loop
      vertex 26.8862 -102 9.56749
      vertex 26.9887 -114 9.73473
      vertex 26.8862 -114 9.56749
    endloop
  endfacet
  facet normal 0.649422 0 -0.760428
    outer loop
      vertex 27.1161 -114 9.88388
      vertex 27.2653 -102 10.0113
      vertex 27.2653 -114 10.0113
    endloop
  endfacet
  facet normal 0.649422 0 -0.760428
    outer loop
      vertex 27.2653 -102 10.0113
      vertex 27.1161 -114 9.88388
      vertex 27.1161 -102 9.88388
    endloop
  endfacet
  facet normal 0.996913 -0 0.0785132
    outer loop
      vertex 26.75 -114 9
      vertex 26.7654 -102 8.80446
      vertex 26.75 -102 9
    endloop
  endfacet
  facet normal 0.996913 0 0.0785132
    outer loop
      vertex 26.7654 -102 8.80446
      vertex 26.75 -114 9
      vertex 26.7654 -114 8.80446
    endloop
  endfacet
  facet normal 0.923994 -0 0.382406
    outer loop
      vertex 26.8112 -114 8.61373
      vertex 26.8862 -102 8.43251
      vertex 26.8112 -102 8.61373
    endloop
  endfacet
  facet normal 0.923994 0 0.382406
    outer loop
      vertex 26.8862 -102 8.43251
      vertex 26.8112 -114 8.61373
      vertex 26.8862 -114 8.43251
    endloop
  endfacet
  facet normal 0.852606 -0 0.522555
    outer loop
      vertex 26.8862 -114 8.43251
      vertex 26.9887 -102 8.26527
      vertex 26.8862 -102 8.43251
    endloop
  endfacet
  facet normal 0.852606 0 0.522555
    outer loop
      vertex 26.9887 -102 8.26527
      vertex 26.8862 -114 8.43251
      vertex 26.9887 -114 8.26527
    endloop
  endfacet
  facet normal 0.522609 0 0.852573
    outer loop
      vertex 27.2653 -102 7.98873
      vertex 27.4325 -114 7.88624
      vertex 27.4325 -102 7.88624
    endloop
  endfacet
  facet normal 0.522609 0 0.852573
    outer loop
      vertex 27.4325 -114 7.88624
      vertex 27.2653 -102 7.98873
      vertex 27.2653 -114 7.98873
    endloop
  endfacet
  facet normal 0 -1 0
    outer loop
      vertex 27.8045 -102 10.2346
      vertex 28.1955 -102 10.2346
      vertex 28 -102 10.25
    endloop
  endfacet
  facet normal 0 -1 0
    outer loop
      vertex 27.6137 -102 10.1888
      vertex 28.1955 -102 10.2346
      vertex 27.8045 -102 10.2346
    endloop
  endfacet
  facet normal 0 -1 0
    outer loop
      vertex 27.6137 -102 10.1888
      vertex 28.3863 -102 10.1888
      vertex 28.1955 -102 10.2346
    endloop
  endfacet
  facet normal 0 -1 0
    outer loop
      vertex 27.4325 -102 10.1138
      vertex 28.3863 -102 10.1888
      vertex 27.6137 -102 10.1888
    endloop
  endfacet
  facet normal 0 -1 0
    outer loop
      vertex 27.4325 -102 10.1138
      vertex 28.5675 -102 10.1138
      vertex 28.3863 -102 10.1888
    endloop
  endfacet
  facet normal 0 -1 0
    outer loop
      vertex 27.2653 -102 10.0113
      vertex 28.5675 -102 10.1138
      vertex 27.4325 -102 10.1138
    endloop
  endfacet
  facet normal 0 -1 0
    outer loop
      vertex 27.2653 -102 10.0113
      vertex 28.7347 -102 10.0113
      vertex 28.5675 -102 10.1138
    endloop
  endfacet
  facet normal 0 -1 0
    outer loop
      vertex 27.1161 -102 9.88388
      vertex 28.7347 -102 10.0113
      vertex 27.2653 -102 10.0113
    endloop
  endfacet
  facet normal 0 -1 0
    outer loop
      vertex 27.1161 -102 9.88388
      vertex 28.8839 -102 9.88388
      vertex 28.7347 -102 10.0113
    endloop
  endfacet
  facet normal 0 -1 0
    outer loop
      vertex 26.9887 -102 9.73473
      vertex 28.8839 -102 9.88388
      vertex 27.1161 -102 9.88388
    endloop
  endfacet
  facet normal 0 -1 0
    outer loop
      vertex 26.9887 -102 9.73473
      vertex 29.0113 -102 9.73473
      vertex 28.8839 -102 9.88388
    endloop
  endfacet
  facet normal 0 -1 0
    outer loop
      vertex 26.8862 -102 9.56749
      vertex 29.0113 -102 9.73473
      vertex 26.9887 -102 9.73473
    endloop
  endfacet
  facet normal 0 -1 0
    outer loop
      vertex 26.8862 -102 9.56749
      vertex 29.1138 -102 9.56749
      vertex 29.0113 -102 9.73473
    endloop
  endfacet
  facet normal 0 -1 0
    outer loop
      vertex 26.8112 -102 9.38627
      vertex 29.1138 -102 9.56749
      vertex 26.8862 -102 9.56749
    endloop
  endfacet
  facet normal 0 -1 0
    outer loop
      vertex 26.8112 -102 9.38627
      vertex 29.1888 -102 9.38627
      vertex 29.1138 -102 9.56749
    endloop
  endfacet
  facet normal 0 -1 0
    outer loop
      vertex 26.7654 -102 9.19554
      vertex 29.1888 -102 9.38627
      vertex 26.8112 -102 9.38627
    endloop
  endfacet
  facet normal 0 -1 0
    outer loop
      vertex 26.7654 -102 9.19554
      vertex 29.2346 -102 9.19554
      vertex 29.1888 -102 9.38627
    endloop
  endfacet
  facet normal 0 -1 0
    outer loop
      vertex 26.75 -102 9
      vertex 29.2346 -102 9.19554
      vertex 26.7654 -102 9.19554
    endloop
  endfacet
  facet normal 0 -1 0
    outer loop
      vertex 26.75 -102 9
      vertex 29.25 -102 9
      vertex 29.2346 -102 9.19554
    endloop
  endfacet
  facet normal 0 -1 0
    outer loop
      vertex 26.7654 -102 8.80446
      vertex 29.25 -102 9
      vertex 26.75 -102 9
    endloop
  endfacet
  facet normal 0 -1 0
    outer loop
      vertex 26.7654 -102 8.80446
      vertex 29.2346 -102 8.80446
      vertex 29.25 -102 9
    endloop
  endfacet
  facet normal 0 -1 0
    outer loop
      vertex 26.8112 -102 8.61373
      vertex 29.2346 -102 8.80446
      vertex 26.7654 -102 8.80446
    endloop
  endfacet
  facet normal 0 -1 0
    outer loop
      vertex 26.8112 -102 8.61373
      vertex 29.1888 -102 8.61373
      vertex 29.2346 -102 8.80446
    endloop
  endfacet
  facet normal 0 -1 0
    outer loop
      vertex 26.8862 -102 8.43251
      vertex 29.1888 -102 8.61373
      vertex 26.8112 -102 8.61373
    endloop
  endfacet
  facet normal 0 -1 0
    outer loop
      vertex 26.8862 -102 8.43251
      vertex 29.1138 -102 8.43251
      vertex 29.1888 -102 8.61373
    endloop
  endfacet
  facet normal 0 -1 0
    outer loop
      vertex 26.9887 -102 8.26527
      vertex 29.1138 -102 8.43251
      vertex 26.8862 -102 8.43251
    endloop
  endfacet
  facet normal 0 -1 0
    outer loop
      vertex 26.9887 -102 8.26527
      vertex 29.0113 -102 8.26527
      vertex 29.1138 -102 8.43251
    endloop
  endfacet
  facet normal 0 -1 0
    outer loop
      vertex 27.1161 -102 8.11612
      vertex 29.0113 -102 8.26527
      vertex 26.9887 -102 8.26527
    endloop
  endfacet
  facet normal 0 -1 0
    outer loop
      vertex 27.1161 -102 8.11612
      vertex 28.8839 -102 8.11612
      vertex 29.0113 -102 8.26527
    endloop
  endfacet
  facet normal 0 -1 0
    outer loop
      vertex 27.2653 -102 7.98873
      vertex 28.8839 -102 8.11612
      vertex 27.1161 -102 8.11612
    endloop
  endfacet
  facet normal 0 -1 0
    outer loop
      vertex 27.2653 -102 7.98873
      vertex 28.7347 -102 7.98873
      vertex 28.8839 -102 8.11612
    endloop
  endfacet
  facet normal 0 -1 0
    outer loop
      vertex 27.4325 -102 7.88624
      vertex 28.7347 -102 7.98873
      vertex 27.2653 -102 7.98873
    endloop
  endfacet
  facet normal 0 -1 0
    outer loop
      vertex 27.4325 -102 7.88624
      vertex 28.5675 -102 7.88624
      vertex 28.7347 -102 7.98873
    endloop
  endfacet
  facet normal 0 -1 0
    outer loop
      vertex 27.6137 -102 7.81118
      vertex 28.5675 -102 7.88624
      vertex 27.4325 -102 7.88624
    endloop
  endfacet
  facet normal 0 -1 0
    outer loop
      vertex 27.6137 -102 7.81118
      vertex 28.3863 -102 7.81118
      vertex 28.5675 -102 7.88624
    endloop
  endfacet
  facet normal 0 -1 0
    outer loop
      vertex 27.8045 -102 7.76539
      vertex 28.3863 -102 7.81118
      vertex 27.6137 -102 7.81118
    endloop
  endfacet
  facet normal 0 -1 0
    outer loop
      vertex 27.8045 -102 7.76539
      vertex 28.1955 -102 7.76539
      vertex 28.3863 -102 7.81118
    endloop
  endfacet
  facet normal -0 -1 0
    outer loop
      vertex 28.1955 -102 7.76539
      vertex 27.8045 -102 7.76539
      vertex 28 -102 7.75
    endloop
  endfacet
  facet normal -0.233363 0 -0.97239
    outer loop
      vertex 28.1955 -114 -7.76539
      vertex 28.3863 -102 -7.81118
      vertex 28.3863 -114 -7.81118
    endloop
  endfacet
  facet normal -0.233363 0 -0.97239
    outer loop
      vertex 28.3863 -102 -7.81118
      vertex 28.1955 -114 -7.76539
      vertex 28.1955 -102 -7.76539
    endloop
  endfacet
  facet normal -0.972359 0 0.233492
    outer loop
      vertex 29.1888 -114 -9.38627
      vertex 29.2346 -102 -9.19554
      vertex 29.1888 -102 -9.38627
    endloop
  endfacet
  facet normal -0.972359 0 0.233492
    outer loop
      vertex 29.2346 -102 -9.19554
      vertex 29.1888 -114 -9.38627
      vertex 29.2346 -114 -9.19554
    endloop
  endfacet
  facet normal -0.996913 0 0.0785132
    outer loop
      vertex 29.2346 -114 -9.19554
      vertex 29.25 -102 -9
      vertex 29.2346 -102 -9.19554
    endloop
  endfacet
  facet normal -0.996913 0 0.0785132
    outer loop
      vertex 29.25 -102 -9
      vertex 29.2346 -114 -9.19554
      vertex 29.25 -114 -9
    endloop
  endfacet
  facet normal -0.923994 0 0.382406
    outer loop
      vertex 29.1138 -114 -9.56749
      vertex 29.1888 -102 -9.38627
      vertex 29.1138 -102 -9.56749
    endloop
  endfacet
  facet normal -0.923994 0 0.382406
    outer loop
      vertex 29.1888 -102 -9.38627
      vertex 29.1138 -114 -9.56749
      vertex 29.1888 -114 -9.38627
    endloop
  endfacet
  facet normal -0.649422 0 0.760428
    outer loop
      vertex 28.7347 -102 -10.0113
      vertex 28.8839 -114 -9.88388
      vertex 28.8839 -102 -9.88388
    endloop
  endfacet
  facet normal -0.649422 0 0.760428
    outer loop
      vertex 28.8839 -114 -9.88388
      vertex 28.7347 -102 -10.0113
      vertex 28.7347 -114 -10.0113
    endloop
  endfacet
  facet normal 0.923994 0 -0.382406
    outer loop
      vertex 26.8862 -114 -8.43251
      vertex 26.8112 -102 -8.61373
      vertex 26.8862 -102 -8.43251
    endloop
  endfacet
  facet normal 0.923994 0 -0.382406
    outer loop
      vertex 26.8112 -102 -8.61373
      vertex 26.8862 -114 -8.43251
      vertex 26.8112 -114 -8.61373
    endloop
  endfacet
  facet normal 0.0785291 0 0.996912
    outer loop
      vertex 27.8045 -102 -10.2346
      vertex 28 -114 -10.25
      vertex 28 -102 -10.25
    endloop
  endfacet
  facet normal 0.0785291 0 0.996912
    outer loop
      vertex 28 -114 -10.25
      vertex 27.8045 -102 -10.2346
      vertex 27.8045 -114 -10.2346
    endloop
  endfacet
  facet normal -0.923994 0 -0.382406
    outer loop
      vertex 29.1888 -114 -8.61373
      vertex 29.1138 -102 -8.43251
      vertex 29.1888 -102 -8.61373
    endloop
  endfacet
  facet normal -0.923994 -0 -0.382406
    outer loop
      vertex 29.1138 -102 -8.43251
      vertex 29.1888 -114 -8.61373
      vertex 29.1138 -114 -8.43251
    endloop
  endfacet
  facet normal -0.760371 0 -0.649489
    outer loop
      vertex 29.0113 -114 -8.26527
      vertex 28.8839 -102 -8.11612
      vertex 29.0113 -102 -8.26527
    endloop
  endfacet
  facet normal -0.760371 -0 -0.649489
    outer loop
      vertex 28.8839 -102 -8.11612
      vertex 29.0113 -114 -8.26527
      vertex 28.8839 -114 -8.11612
    endloop
  endfacet
  facet normal -0.972359 0 -0.233492
    outer loop
      vertex 29.2346 -114 -8.80446
      vertex 29.1888 -102 -8.61373
      vertex 29.2346 -102 -8.80446
    endloop
  endfacet
  facet normal -0.972359 -0 -0.233492
    outer loop
      vertex 29.1888 -102 -8.61373
      vertex 29.2346 -114 -8.80446
      vertex 29.1888 -114 -8.61373
    endloop
  endfacet
  facet normal 0.996913 -0 0.0785132
    outer loop
      vertex 26.75 -114 -9
      vertex 26.7654 -102 -9.19554
      vertex 26.75 -102 -9
    endloop
  endfacet
  facet normal 0.996913 0 0.0785132
    outer loop
      vertex 26.7654 -102 -9.19554
      vertex 26.75 -114 -9
      vertex 26.7654 -114 -9.19554
    endloop
  endfacet
  facet normal -0.852606 0 -0.522555
    outer loop
      vertex 29.1138 -114 -8.43251
      vertex 29.0113 -102 -8.26527
      vertex 29.1138 -102 -8.43251
    endloop
  endfacet
  facet normal -0.852606 -0 -0.522555
    outer loop
      vertex 29.0113 -102 -8.26527
      vertex 29.1138 -114 -8.43251
      vertex 29.0113 -114 -8.26527
    endloop
  endfacet
  facet normal 0.382703 0 -0.923871
    outer loop
      vertex 27.4325 -114 -7.88624
      vertex 27.6137 -102 -7.81118
      vertex 27.6137 -114 -7.81118
    endloop
  endfacet
  facet normal 0.382703 0 -0.923871
    outer loop
      vertex 27.6137 -102 -7.81118
      vertex 27.4325 -114 -7.88624
      vertex 27.4325 -102 -7.88624
    endloop
  endfacet
  facet normal -0.0784784 0 -0.996916
    outer loop
      vertex 28 -114 -7.75
      vertex 28.1955 -102 -7.76539
      vertex 28.1955 -114 -7.76539
    endloop
  endfacet
  facet normal -0.0784784 0 -0.996916
    outer loop
      vertex 28.1955 -102 -7.76539
      vertex 28 -114 -7.75
      vertex 28 -102 -7.75
    endloop
  endfacet
  facet normal -0.382703 0 -0.923871
    outer loop
      vertex 28.3863 -114 -7.81118
      vertex 28.5675 -102 -7.88624
      vertex 28.5675 -114 -7.88624
    endloop
  endfacet
  facet normal -0.382703 0 -0.923871
    outer loop
      vertex 28.5675 -102 -7.88624
      vertex 28.3863 -114 -7.81118
      vertex 28.3863 -102 -7.81118
    endloop
  endfacet
  facet normal 0.972359 0 -0.233492
    outer loop
      vertex 26.8112 -114 -8.61373
      vertex 26.7654 -102 -8.80446
      vertex 26.8112 -102 -8.61373
    endloop
  endfacet
  facet normal 0.972359 0 -0.233492
    outer loop
      vertex 26.7654 -102 -8.80446
      vertex 26.8112 -114 -8.61373
      vertex 26.7654 -114 -8.80446
    endloop
  endfacet
  facet normal 0.760371 -0 0.649489
    outer loop
      vertex 26.9887 -114 -9.73473
      vertex 27.1161 -102 -9.88388
      vertex 26.9887 -102 -9.73473
    endloop
  endfacet
  facet normal 0.760371 0 0.649489
    outer loop
      vertex 27.1161 -102 -9.88388
      vertex 26.9887 -114 -9.73473
      vertex 27.1161 -114 -9.88388
    endloop
  endfacet
  facet normal 0.382442 0 0.92398
    outer loop
      vertex 27.4325 -102 -10.1138
      vertex 27.6137 -114 -10.1888
      vertex 27.6137 -102 -10.1888
    endloop
  endfacet
  facet normal 0.382442 0 0.92398
    outer loop
      vertex 27.6137 -114 -10.1888
      vertex 27.4325 -102 -10.1138
      vertex 27.4325 -114 -10.1138
    endloop
  endfacet
  facet normal 0.233412 0 0.972378
    outer loop
      vertex 27.6137 -102 -10.1888
      vertex 27.8045 -114 -10.2346
      vertex 27.8045 -102 -10.2346
    endloop
  endfacet
  facet normal 0.233412 0 0.972378
    outer loop
      vertex 27.8045 -114 -10.2346
      vertex 27.6137 -102 -10.1888
      vertex 27.6137 -114 -10.1888
    endloop
  endfacet
  facet normal -0.852606 0 0.522555
    outer loop
      vertex 29.0113 -114 -9.73473
      vertex 29.1138 -102 -9.56749
      vertex 29.0113 -102 -9.73473
    endloop
  endfacet
  facet normal -0.852606 0 0.522555
    outer loop
      vertex 29.1138 -102 -9.56749
      vertex 29.0113 -114 -9.73473
      vertex 29.1138 -114 -9.56749
    endloop
  endfacet
  facet normal -0.233412 0 0.972378
    outer loop
      vertex 28.1955 -102 -10.2346
      vertex 28.3863 -114 -10.1888
      vertex 28.3863 -102 -10.1888
    endloop
  endfacet
  facet normal -0.233412 0 0.972378
    outer loop
      vertex 28.3863 -114 -10.1888
      vertex 28.1955 -102 -10.2346
      vertex 28.1955 -114 -10.2346
    endloop
  endfacet
  facet normal 0 -1 0
    outer loop
      vertex 27.8045 -102 -7.76539
      vertex 28.1955 -102 -7.76539
      vertex 28 -102 -7.75
    endloop
  endfacet
  facet normal 0 -1 0
    outer loop
      vertex 27.6137 -102 -7.81118
      vertex 28.1955 -102 -7.76539
      vertex 27.8045 -102 -7.76539
    endloop
  endfacet
  facet normal 0 -1 0
    outer loop
      vertex 27.6137 -102 -7.81118
      vertex 28.3863 -102 -7.81118
      vertex 28.1955 -102 -7.76539
    endloop
  endfacet
  facet normal 0 -1 0
    outer loop
      vertex 27.4325 -102 -7.88624
      vertex 28.3863 -102 -7.81118
      vertex 27.6137 -102 -7.81118
    endloop
  endfacet
  facet normal 0 -1 0
    outer loop
      vertex 27.4325 -102 -7.88624
      vertex 28.5675 -102 -7.88624
      vertex 28.3863 -102 -7.81118
    endloop
  endfacet
  facet normal 0 -1 0
    outer loop
      vertex 27.2653 -102 -7.98873
      vertex 28.5675 -102 -7.88624
      vertex 27.4325 -102 -7.88624
    endloop
  endfacet
  facet normal 0 -1 0
    outer loop
      vertex 27.2653 -102 -7.98873
      vertex 28.7347 -102 -7.98873
      vertex 28.5675 -102 -7.88624
    endloop
  endfacet
  facet normal 0 -1 0
    outer loop
      vertex 27.1161 -102 -8.11612
      vertex 28.7347 -102 -7.98873
      vertex 27.2653 -102 -7.98873
    endloop
  endfacet
  facet normal 0 -1 0
    outer loop
      vertex 27.1161 -102 -8.11612
      vertex 28.8839 -102 -8.11612
      vertex 28.7347 -102 -7.98873
    endloop
  endfacet
  facet normal 0 -1 0
    outer loop
      vertex 26.9887 -102 -8.26527
      vertex 28.8839 -102 -8.11612
      vertex 27.1161 -102 -8.11612
    endloop
  endfacet
  facet normal 0 -1 0
    outer loop
      vertex 26.9887 -102 -8.26527
      vertex 29.0113 -102 -8.26527
      vertex 28.8839 -102 -8.11612
    endloop
  endfacet
  facet normal 0 -1 0
    outer loop
      vertex 26.8862 -102 -8.43251
      vertex 29.0113 -102 -8.26527
      vertex 26.9887 -102 -8.26527
    endloop
  endfacet
  facet normal 0 -1 0
    outer loop
      vertex 26.8862 -102 -8.43251
      vertex 29.1138 -102 -8.43251
      vertex 29.0113 -102 -8.26527
    endloop
  endfacet
  facet normal 0 -1 0
    outer loop
      vertex 26.8112 -102 -8.61373
      vertex 29.1138 -102 -8.43251
      vertex 26.8862 -102 -8.43251
    endloop
  endfacet
  facet normal 0 -1 0
    outer loop
      vertex 26.8112 -102 -8.61373
      vertex 29.1888 -102 -8.61373
      vertex 29.1138 -102 -8.43251
    endloop
  endfacet
  facet normal 0 -1 0
    outer loop
      vertex 26.7654 -102 -8.80446
      vertex 29.1888 -102 -8.61373
      vertex 26.8112 -102 -8.61373
    endloop
  endfacet
  facet normal 0 -1 0
    outer loop
      vertex 26.7654 -102 -8.80446
      vertex 29.2346 -102 -8.80446
      vertex 29.1888 -102 -8.61373
    endloop
  endfacet
  facet normal 0 -1 0
    outer loop
      vertex 26.75 -102 -9
      vertex 29.2346 -102 -8.80446
      vertex 26.7654 -102 -8.80446
    endloop
  endfacet
  facet normal 0 -1 0
    outer loop
      vertex 26.75 -102 -9
      vertex 29.25 -102 -9
      vertex 29.2346 -102 -8.80446
    endloop
  endfacet
  facet normal 0 -1 0
    outer loop
      vertex 26.7654 -102 -9.19554
      vertex 29.25 -102 -9
      vertex 26.75 -102 -9
    endloop
  endfacet
  facet normal 0 -1 0
    outer loop
      vertex 26.7654 -102 -9.19554
      vertex 29.2346 -102 -9.19554
      vertex 29.25 -102 -9
    endloop
  endfacet
  facet normal 0 -1 0
    outer loop
      vertex 26.8112 -102 -9.38627
      vertex 29.2346 -102 -9.19554
      vertex 26.7654 -102 -9.19554
    endloop
  endfacet
  facet normal 0 -1 0
    outer loop
      vertex 26.8112 -102 -9.38627
      vertex 29.1888 -102 -9.38627
      vertex 29.2346 -102 -9.19554
    endloop
  endfacet
  facet normal 0 -1 0
    outer loop
      vertex 26.8862 -102 -9.56749
      vertex 29.1888 -102 -9.38627
      vertex 26.8112 -102 -9.38627
    endloop
  endfacet
  facet normal 0 -1 0
    outer loop
      vertex 26.8862 -102 -9.56749
      vertex 29.1138 -102 -9.56749
      vertex 29.1888 -102 -9.38627
    endloop
  endfacet
  facet normal 0 -1 0
    outer loop
      vertex 26.9887 -102 -9.73473
      vertex 29.1138 -102 -9.56749
      vertex 26.8862 -102 -9.56749
    endloop
  endfacet
  facet normal 0 -1 0
    outer loop
      vertex 26.9887 -102 -9.73473
      vertex 29.0113 -102 -9.73473
      vertex 29.1138 -102 -9.56749
    endloop
  endfacet
  facet normal 0 -1 0
    outer loop
      vertex 27.1161 -102 -9.88388
      vertex 29.0113 -102 -9.73473
      vertex 26.9887 -102 -9.73473
    endloop
  endfacet
  facet normal 0 -1 0
    outer loop
      vertex 27.1161 -102 -9.88388
      vertex 28.8839 -102 -9.88388
      vertex 29.0113 -102 -9.73473
    endloop
  endfacet
  facet normal 0 -1 0
    outer loop
      vertex 27.2653 -102 -10.0113
      vertex 28.8839 -102 -9.88388
      vertex 27.1161 -102 -9.88388
    endloop
  endfacet
  facet normal 0 -1 0
    outer loop
      vertex 27.2653 -102 -10.0113
      vertex 28.7347 -102 -10.0113
      vertex 28.8839 -102 -9.88388
    endloop
  endfacet
  facet normal 0 -1 0
    outer loop
      vertex 27.4325 -102 -10.1138
      vertex 28.7347 -102 -10.0113
      vertex 27.2653 -102 -10.0113
    endloop
  endfacet
  facet normal 0 -1 0
    outer loop
      vertex 27.4325 -102 -10.1138
      vertex 28.5675 -102 -10.1138
      vertex 28.7347 -102 -10.0113
    endloop
  endfacet
  facet normal 0 -1 0
    outer loop
      vertex 27.6137 -102 -10.1888
      vertex 28.5675 -102 -10.1138
      vertex 27.4325 -102 -10.1138
    endloop
  endfacet
  facet normal 0 -1 0
    outer loop
      vertex 27.6137 -102 -10.1888
      vertex 28.3863 -102 -10.1888
      vertex 28.5675 -102 -10.1138
    endloop
  endfacet
  facet normal 0 -1 0
    outer loop
      vertex 27.8045 -102 -10.2346
      vertex 28.3863 -102 -10.1888
      vertex 27.6137 -102 -10.1888
    endloop
  endfacet
  facet normal 0 -1 0
    outer loop
      vertex 27.8045 -102 -10.2346
      vertex 28.1955 -102 -10.2346
      vertex 28.3863 -102 -10.1888
    endloop
  endfacet
  facet normal -0 -1 0
    outer loop
      vertex 28.1955 -102 -10.2346
      vertex 27.8045 -102 -10.2346
      vertex 28 -102 -10.25
    endloop
  endfacet
  facet normal 0.522609 0 -0.852573
    outer loop
      vertex 27.2653 -114 -7.98873
      vertex 27.4325 -102 -7.88624
      vertex 27.4325 -114 -7.88624
    endloop
  endfacet
  facet normal 0.522609 0 -0.852573
    outer loop
      vertex 27.4325 -102 -7.88624
      vertex 27.2653 -114 -7.98873
      vertex 27.2653 -102 -7.98873
    endloop
  endfacet
  facet normal 0.852606 0 -0.522555
    outer loop
      vertex 26.9887 -114 -8.26527
      vertex 26.8862 -102 -8.43251
      vertex 26.9887 -102 -8.26527
    endloop
  endfacet
  facet normal 0.852606 0 -0.522555
    outer loop
      vertex 26.8862 -102 -8.43251
      vertex 26.9887 -114 -8.26527
      vertex 26.8862 -114 -8.43251
    endloop
  endfacet
  facet normal -0.382442 0 0.92398
    outer loop
      vertex 28.3863 -102 -10.1888
      vertex 28.5675 -114 -10.1138
      vertex 28.5675 -102 -10.1138
    endloop
  endfacet
  facet normal -0.382442 0 0.92398
    outer loop
      vertex 28.5675 -114 -10.1138
      vertex 28.3863 -102 -10.1888
      vertex 28.3863 -114 -10.1888
    endloop
  endfacet
  facet normal -0.996913 0 -0.0785132
    outer loop
      vertex 29.25 -114 -9
      vertex 29.2346 -102 -8.80446
      vertex 29.25 -102 -9
    endloop
  endfacet
  facet normal -0.996913 -0 -0.0785132
    outer loop
      vertex 29.2346 -102 -8.80446
      vertex 29.25 -114 -9
      vertex 29.2346 -114 -8.80446
    endloop
  endfacet
  facet normal -0.522646 0 0.85255
    outer loop
      vertex 28.5675 -102 -10.1138
      vertex 28.7347 -114 -10.0113
      vertex 28.7347 -102 -10.0113
    endloop
  endfacet
  facet normal -0.522646 0 0.85255
    outer loop
      vertex 28.7347 -114 -10.0113
      vertex 28.5675 -102 -10.1138
      vertex 28.5675 -114 -10.1138
    endloop
  endfacet
  facet normal 0.972359 -0 0.233492
    outer loop
      vertex 26.7654 -114 -9.19554
      vertex 26.8112 -102 -9.38627
      vertex 26.7654 -102 -9.19554
    endloop
  endfacet
  facet normal 0.972359 0 0.233492
    outer loop
      vertex 26.8112 -102 -9.38627
      vertex 26.7654 -114 -9.19554
      vertex 26.8112 -114 -9.38627
    endloop
  endfacet
  facet normal 0.760371 0 -0.649489
    outer loop
      vertex 27.1161 -114 -8.11612
      vertex 26.9887 -102 -8.26527
      vertex 27.1161 -102 -8.11612
    endloop
  endfacet
  facet normal 0.760371 0 -0.649489
    outer loop
      vertex 26.9887 -102 -8.26527
      vertex 27.1161 -114 -8.11612
      vertex 26.9887 -114 -8.26527
    endloop
  endfacet
  facet normal 0.649422 0 0.760428
    outer loop
      vertex 27.1161 -102 -9.88388
      vertex 27.2653 -114 -10.0113
      vertex 27.2653 -102 -10.0113
    endloop
  endfacet
  facet normal 0.649422 0 0.760428
    outer loop
      vertex 27.2653 -114 -10.0113
      vertex 27.1161 -102 -9.88388
      vertex 27.1161 -114 -9.88388
    endloop
  endfacet
  facet normal -0.0785291 0 0.996912
    outer loop
      vertex 28 -102 -10.25
      vertex 28.1955 -114 -10.2346
      vertex 28.1955 -102 -10.2346
    endloop
  endfacet
  facet normal -0.0785291 0 0.996912
    outer loop
      vertex 28.1955 -114 -10.2346
      vertex 28 -102 -10.25
      vertex 28 -114 -10.25
    endloop
  endfacet
  facet normal 0.852606 -0 0.522555
    outer loop
      vertex 26.8862 -114 -9.56749
      vertex 26.9887 -102 -9.73473
      vertex 26.8862 -102 -9.56749
    endloop
  endfacet
  facet normal 0.852606 0 0.522555
    outer loop
      vertex 26.9887 -102 -9.73473
      vertex 26.8862 -114 -9.56749
      vertex 26.9887 -114 -9.73473
    endloop
  endfacet
  facet normal -0.649334 0 -0.760504
    outer loop
      vertex 28.7347 -114 -7.98873
      vertex 28.8839 -102 -8.11612
      vertex 28.8839 -114 -8.11612
    endloop
  endfacet
  facet normal -0.649334 0 -0.760504
    outer loop
      vertex 28.8839 -102 -8.11612
      vertex 28.7347 -114 -7.98873
      vertex 28.7347 -102 -7.98873
    endloop
  endfacet
  facet normal 0.649334 0 -0.760504
    outer loop
      vertex 27.1161 -114 -8.11612
      vertex 27.2653 -102 -7.98873
      vertex 27.2653 -114 -7.98873
    endloop
  endfacet
  facet normal 0.649334 0 -0.760504
    outer loop
      vertex 27.2653 -102 -7.98873
      vertex 27.1161 -114 -8.11612
      vertex 27.1161 -102 -8.11612
    endloop
  endfacet
  facet normal 0.0784784 0 -0.996916
    outer loop
      vertex 27.8045 -114 -7.76539
      vertex 28 -102 -7.75
      vertex 28 -114 -7.75
    endloop
  endfacet
  facet normal 0.0784784 0 -0.996916
    outer loop
      vertex 28 -102 -7.75
      vertex 27.8045 -114 -7.76539
      vertex 27.8045 -102 -7.76539
    endloop
  endfacet
  facet normal 0.923994 -0 0.382406
    outer loop
      vertex 26.8112 -114 -9.38627
      vertex 26.8862 -102 -9.56749
      vertex 26.8112 -102 -9.38627
    endloop
  endfacet
  facet normal 0.923994 0 0.382406
    outer loop
      vertex 26.8862 -102 -9.56749
      vertex 26.8112 -114 -9.38627
      vertex 26.8862 -114 -9.56749
    endloop
  endfacet
  facet normal -0.760371 0 0.649489
    outer loop
      vertex 28.8839 -114 -9.88388
      vertex 29.0113 -102 -9.73473
      vertex 28.8839 -102 -9.88388
    endloop
  endfacet
  facet normal -0.760371 0 0.649489
    outer loop
      vertex 29.0113 -102 -9.73473
      vertex 28.8839 -114 -9.88388
      vertex 29.0113 -114 -9.73473
    endloop
  endfacet
  facet normal -0.522609 0 -0.852573
    outer loop
      vertex 28.5675 -114 -7.88624
      vertex 28.7347 -102 -7.98873
      vertex 28.7347 -114 -7.98873
    endloop
  endfacet
  facet normal -0.522609 0 -0.852573
    outer loop
      vertex 28.7347 -102 -7.98873
      vertex 28.5675 -114 -7.88624
      vertex 28.5675 -102 -7.88624
    endloop
  endfacet
  facet normal 0.996913 0 -0.0785132
    outer loop
      vertex 26.7654 -114 -8.80446
      vertex 26.75 -102 -9
      vertex 26.7654 -102 -8.80446
    endloop
  endfacet
  facet normal 0.996913 0 -0.0785132
    outer loop
      vertex 26.75 -102 -9
      vertex 26.7654 -114 -8.80446
      vertex 26.75 -114 -9
    endloop
  endfacet
  facet normal 0.233363 0 -0.97239
    outer loop
      vertex 27.6137 -114 -7.81118
      vertex 27.8045 -102 -7.76539
      vertex 27.8045 -114 -7.76539
    endloop
  endfacet
  facet normal 0.233363 0 -0.97239
    outer loop
      vertex 27.8045 -102 -7.76539
      vertex 27.6137 -114 -7.81118
      vertex 27.6137 -102 -7.81118
    endloop
  endfacet
  facet normal 0.522646 0 0.85255
    outer loop
      vertex 27.2653 -102 -10.0113
      vertex 27.4325 -114 -10.1138
      vertex 27.4325 -102 -10.1138
    endloop
  endfacet
  facet normal 0.522646 0 0.85255
    outer loop
      vertex 27.4325 -114 -10.1138
      vertex 27.2653 -102 -10.0113
      vertex 27.2653 -114 -10.0113
    endloop
  endfacet
  facet normal 0.996916 0.0784784 0
    outer loop
      vertex -1.23461 -66.1955 -6
      vertex -1.25 -66 -16
      vertex -1.25 -66 -6
    endloop
  endfacet
  facet normal 0.996916 0.0784784 0
    outer loop
      vertex -1.25 -66 -16
      vertex -1.23461 -66.1955 -6
      vertex -1.23461 -66.1955 -16
    endloop
  endfacet
  facet normal -0.233494 -0.972358 0
    outer loop
      vertex 0.195542 -64.7654 -16
      vertex 0.386271 -64.8112 -6
      vertex 0.195542 -64.7654 -6
    endloop
  endfacet
  facet normal -0.233494 -0.972358 -0
    outer loop
      vertex 0.386271 -64.8112 -6
      vertex 0.195542 -64.7654 -16
      vertex 0.386271 -64.8112 -16
    endloop
  endfacet
  facet normal -0.97239 0.233363 0
    outer loop
      vertex 1.18882 -66.3863 -16
      vertex 1.23461 -66.1955 -6
      vertex 1.23461 -66.1955 -16
    endloop
  endfacet
  facet normal -0.97239 0.233363 0
    outer loop
      vertex 1.23461 -66.1955 -6
      vertex 1.18882 -66.3863 -16
      vertex 1.18882 -66.3863 -6
    endloop
  endfacet
  facet normal -0.996916 0.0784784 0
    outer loop
      vertex 1.23461 -66.1955 -16
      vertex 1.25 -66 -6
      vertex 1.25 -66 -16
    endloop
  endfacet
  facet normal -0.996916 0.0784784 0
    outer loop
      vertex 1.25 -66 -6
      vertex 1.23461 -66.1955 -16
      vertex 1.23461 -66.1955 -6
    endloop
  endfacet
  facet normal -0.923871 0.382703 0
    outer loop
      vertex 1.11376 -66.5675 -16
      vertex 1.18882 -66.3863 -6
      vertex 1.18882 -66.3863 -16
    endloop
  endfacet
  facet normal -0.923871 0.382703 0
    outer loop
      vertex 1.18882 -66.3863 -6
      vertex 1.11376 -66.5675 -16
      vertex 1.11376 -66.5675 -6
    endloop
  endfacet
  facet normal 0.522548 -0.85261 0
    outer loop
      vertex -0.734731 -64.9887 -16
      vertex -0.567488 -64.8862 -6
      vertex -0.734731 -64.9887 -6
    endloop
  endfacet
  facet normal 0.522548 -0.85261 0
    outer loop
      vertex -0.567488 -64.8862 -6
      vertex -0.734731 -64.9887 -16
      vertex -0.567488 -64.8862 -16
    endloop
  endfacet
  facet normal -0.649484 0.760375 0
    outer loop
      vertex 0.883883 -66.8839 -16
      vertex 0.734731 -67.0113 -6
      vertex 0.883883 -66.8839 -6
    endloop
  endfacet
  facet normal -0.649484 0.760375 0
    outer loop
      vertex 0.734731 -67.0113 -6
      vertex 0.883883 -66.8839 -16
      vertex 0.734731 -67.0113 -16
    endloop
  endfacet
  facet normal 0.923871 -0.382703 0
    outer loop
      vertex -1.18882 -65.6137 -6
      vertex -1.11376 -65.4325 -16
      vertex -1.11376 -65.4325 -6
    endloop
  endfacet
  facet normal 0.923871 -0.382703 0
    outer loop
      vertex -1.11376 -65.4325 -16
      vertex -1.18882 -65.6137 -6
      vertex -1.18882 -65.6137 -16
    endloop
  endfacet
  facet normal 0.0785124 0.996913 -0
    outer loop
      vertex 0 -67.25 -16
      vertex -0.195542 -67.2346 -6
      vertex 0 -67.25 -6
    endloop
  endfacet
  facet normal 0.0785124 0.996913 0
    outer loop
      vertex -0.195542 -67.2346 -6
      vertex 0 -67.25 -16
      vertex -0.195542 -67.2346 -16
    endloop
  endfacet
  facet normal -0.923871 -0.382703 0
    outer loop
      vertex 1.18882 -65.6137 -16
      vertex 1.11376 -65.4325 -6
      vertex 1.11376 -65.4325 -16
    endloop
  endfacet
  facet normal -0.923871 -0.382703 0
    outer loop
      vertex 1.11376 -65.4325 -6
      vertex 1.18882 -65.6137 -16
      vertex 1.18882 -65.6137 -6
    endloop
  endfacet
  facet normal -0.760511 -0.649325 0
    outer loop
      vertex 1.01127 -65.2653 -16
      vertex 0.883883 -65.1161 -6
      vertex 0.883883 -65.1161 -16
    endloop
  endfacet
  facet normal -0.760511 -0.649325 0
    outer loop
      vertex 0.883883 -65.1161 -6
      vertex 1.01127 -65.2653 -16
      vertex 1.01127 -65.2653 -6
    endloop
  endfacet
  facet normal -0.97239 -0.233363 0
    outer loop
      vertex 1.23461 -65.8045 -16
      vertex 1.18882 -65.6137 -6
      vertex 1.18882 -65.6137 -16
    endloop
  endfacet
  facet normal -0.97239 -0.233363 0
    outer loop
      vertex 1.18882 -65.6137 -6
      vertex 1.23461 -65.8045 -16
      vertex 1.23461 -65.8045 -6
    endloop
  endfacet
  facet normal 0.522548 0.85261 -0
    outer loop
      vertex -0.567488 -67.1138 -16
      vertex -0.734731 -67.0113 -6
      vertex -0.567488 -67.1138 -6
    endloop
  endfacet
  facet normal 0.522548 0.85261 0
    outer loop
      vertex -0.734731 -67.0113 -6
      vertex -0.567488 -67.1138 -16
      vertex -0.734731 -67.0113 -16
    endloop
  endfacet
  facet normal -0.852573 -0.522609 0
    outer loop
      vertex 1.11376 -65.4325 -16
      vertex 1.01127 -65.2653 -6
      vertex 1.01127 -65.2653 -16
    endloop
  endfacet
  facet normal -0.852573 -0.522609 0
    outer loop
      vertex 1.01127 -65.2653 -6
      vertex 1.11376 -65.4325 -16
      vertex 1.11376 -65.4325 -6
    endloop
  endfacet
  facet normal -0.382411 -0.923992 0
    outer loop
      vertex 0.386271 -64.8112 -16
      vertex 0.567488 -64.8862 -6
      vertex 0.386271 -64.8112 -6
    endloop
  endfacet
  facet normal -0.382411 -0.923992 -0
    outer loop
      vertex 0.567488 -64.8862 -6
      vertex 0.386271 -64.8112 -16
      vertex 0.567488 -64.8862 -16
    endloop
  endfacet
  facet normal 0.97239 -0.233363 0
    outer loop
      vertex -1.23461 -65.8045 -6
      vertex -1.18882 -65.6137 -16
      vertex -1.18882 -65.6137 -6
    endloop
  endfacet
  facet normal 0.97239 -0.233363 0
    outer loop
      vertex -1.18882 -65.6137 -16
      vertex -1.23461 -65.8045 -6
      vertex -1.23461 -65.8045 -16
    endloop
  endfacet
  facet normal 0.760511 0.649325 0
    outer loop
      vertex -0.883883 -66.8839 -6
      vertex -1.01127 -66.7347 -16
      vertex -1.01127 -66.7347 -6
    endloop
  endfacet
  facet normal 0.760511 0.649325 0
    outer loop
      vertex -1.01127 -66.7347 -16
      vertex -0.883883 -66.8839 -6
      vertex -0.883883 -66.8839 -16
    endloop
  endfacet
  facet normal -0.0785124 0.996913 0
    outer loop
      vertex 0.195542 -67.2346 -16
      vertex 0 -67.25 -6
      vertex 0.195542 -67.2346 -6
    endloop
  endfacet
  facet normal -0.0785124 0.996913 0
    outer loop
      vertex 0 -67.25 -6
      vertex 0.195542 -67.2346 -16
      vertex 0 -67.25 -16
    endloop
  endfacet
  facet normal 0.382411 0.923992 -0
    outer loop
      vertex -0.386271 -67.1888 -16
      vertex -0.567488 -67.1138 -6
      vertex -0.386271 -67.1888 -6
    endloop
  endfacet
  facet normal 0.382411 0.923992 0
    outer loop
      vertex -0.567488 -67.1138 -6
      vertex -0.386271 -67.1888 -16
      vertex -0.567488 -67.1138 -16
    endloop
  endfacet
  facet normal 0.233494 0.972358 -0
    outer loop
      vertex -0.195542 -67.2346 -16
      vertex -0.386271 -67.1888 -6
      vertex -0.195542 -67.2346 -6
    endloop
  endfacet
  facet normal 0.233494 0.972358 0
    outer loop
      vertex -0.386271 -67.1888 -6
      vertex -0.195542 -67.2346 -16
      vertex -0.386271 -67.1888 -16
    endloop
  endfacet
  facet normal -0.852573 0.522609 0
    outer loop
      vertex 1.01127 -66.7347 -16
      vertex 1.11376 -66.5675 -6
      vertex 1.11376 -66.5675 -16
    endloop
  endfacet
  facet normal -0.852573 0.522609 0
    outer loop
      vertex 1.11376 -66.5675 -6
      vertex 1.01127 -66.7347 -16
      vertex 1.01127 -66.7347 -6
    endloop
  endfacet
  facet normal 0.923871 0.382703 0
    outer loop
      vertex -1.11376 -66.5675 -6
      vertex -1.18882 -66.3863 -16
      vertex -1.18882 -66.3863 -6
    endloop
  endfacet
  facet normal 0.923871 0.382703 0
    outer loop
      vertex -1.18882 -66.3863 -16
      vertex -1.11376 -66.5675 -6
      vertex -1.11376 -66.5675 -16
    endloop
  endfacet
  facet normal 0.382411 -0.923992 0
    outer loop
      vertex -0.567488 -64.8862 -16
      vertex -0.386271 -64.8112 -6
      vertex -0.567488 -64.8862 -6
    endloop
  endfacet
  facet normal 0.382411 -0.923992 0
    outer loop
      vertex -0.386271 -64.8112 -6
      vertex -0.567488 -64.8862 -16
      vertex -0.386271 -64.8112 -16
    endloop
  endfacet
  facet normal -0.382411 0.923992 0
    outer loop
      vertex 0.567488 -67.1138 -16
      vertex 0.386271 -67.1888 -6
      vertex 0.567488 -67.1138 -6
    endloop
  endfacet
  facet normal -0.382411 0.923992 0
    outer loop
      vertex 0.386271 -67.1888 -6
      vertex 0.567488 -67.1138 -16
      vertex 0.386271 -67.1888 -16
    endloop
  endfacet
  facet normal -0.522548 0.85261 0
    outer loop
      vertex 0.734731 -67.0113 -16
      vertex 0.567488 -67.1138 -6
      vertex 0.734731 -67.0113 -6
    endloop
  endfacet
  facet normal -0.522548 0.85261 0
    outer loop
      vertex 0.567488 -67.1138 -6
      vertex 0.734731 -67.0113 -16
      vertex 0.567488 -67.1138 -16
    endloop
  endfacet
  facet normal 0.0785124 -0.996913 0
    outer loop
      vertex -0.195542 -64.7654 -16
      vertex 0 -64.75 -6
      vertex -0.195542 -64.7654 -6
    endloop
  endfacet
  facet normal 0.0785124 -0.996913 0
    outer loop
      vertex 0 -64.75 -6
      vertex -0.195542 -64.7654 -16
      vertex 0 -64.75 -16
    endloop
  endfacet
  facet normal 0.852573 -0.522609 0
    outer loop
      vertex -1.11376 -65.4325 -6
      vertex -1.01127 -65.2653 -16
      vertex -1.01127 -65.2653 -6
    endloop
  endfacet
  facet normal 0.852573 -0.522609 0
    outer loop
      vertex -1.01127 -65.2653 -16
      vertex -1.11376 -65.4325 -6
      vertex -1.11376 -65.4325 -16
    endloop
  endfacet
  facet normal -0.996916 -0.0784784 0
    outer loop
      vertex 1.25 -66 -16
      vertex 1.23461 -65.8045 -6
      vertex 1.23461 -65.8045 -16
    endloop
  endfacet
  facet normal -0.996916 -0.0784784 0
    outer loop
      vertex 1.23461 -65.8045 -6
      vertex 1.25 -66 -16
      vertex 1.25 -66 -6
    endloop
  endfacet
  facet normal -0.0785124 -0.996913 0
    outer loop
      vertex 0 -64.75 -16
      vertex 0.195542 -64.7654 -6
      vertex 0 -64.75 -6
    endloop
  endfacet
  facet normal -0.0785124 -0.996913 -0
    outer loop
      vertex 0.195542 -64.7654 -6
      vertex 0 -64.75 -16
      vertex 0.195542 -64.7654 -16
    endloop
  endfacet
  facet normal 0.852573 0.522609 0
    outer loop
      vertex -1.01127 -66.7347 -6
      vertex -1.11376 -66.5675 -16
      vertex -1.11376 -66.5675 -6
    endloop
  endfacet
  facet normal 0.852573 0.522609 0
    outer loop
      vertex -1.11376 -66.5675 -16
      vertex -1.01127 -66.7347 -6
      vertex -1.01127 -66.7347 -16
    endloop
  endfacet
  facet normal 0 0 -1
    outer loop
      vertex 1.23461 -66.1955 -6
      vertex 1.23461 -65.8045 -6
      vertex 1.25 -66 -6
    endloop
  endfacet
  facet normal 0 0 -1
    outer loop
      vertex 1.18882 -66.3863 -6
      vertex 1.23461 -65.8045 -6
      vertex 1.23461 -66.1955 -6
    endloop
  endfacet
  facet normal 0 0 -1
    outer loop
      vertex 1.18882 -66.3863 -6
      vertex 1.18882 -65.6137 -6
      vertex 1.23461 -65.8045 -6
    endloop
  endfacet
  facet normal 0 0 -1
    outer loop
      vertex 1.11376 -66.5675 -6
      vertex 1.18882 -65.6137 -6
      vertex 1.18882 -66.3863 -6
    endloop
  endfacet
  facet normal 0 0 -1
    outer loop
      vertex 1.11376 -66.5675 -6
      vertex 1.11376 -65.4325 -6
      vertex 1.18882 -65.6137 -6
    endloop
  endfacet
  facet normal 0 0 -1
    outer loop
      vertex 1.01127 -66.7347 -6
      vertex 1.11376 -65.4325 -6
      vertex 1.11376 -66.5675 -6
    endloop
  endfacet
  facet normal 0 0 -1
    outer loop
      vertex 1.01127 -66.7347 -6
      vertex 1.01127 -65.2653 -6
      vertex 1.11376 -65.4325 -6
    endloop
  endfacet
  facet normal 0 0 -1
    outer loop
      vertex 0.883883 -66.8839 -6
      vertex 1.01127 -65.2653 -6
      vertex 1.01127 -66.7347 -6
    endloop
  endfacet
  facet normal 0 0 -1
    outer loop
      vertex 0.883883 -66.8839 -6
      vertex 0.883883 -65.1161 -6
      vertex 1.01127 -65.2653 -6
    endloop
  endfacet
  facet normal 0 0 -1
    outer loop
      vertex 0.734731 -67.0113 -6
      vertex 0.883883 -65.1161 -6
      vertex 0.883883 -66.8839 -6
    endloop
  endfacet
  facet normal 0 0 -1
    outer loop
      vertex 0.734731 -67.0113 -6
      vertex 0.734731 -64.9887 -6
      vertex 0.883883 -65.1161 -6
    endloop
  endfacet
  facet normal 0 0 -1
    outer loop
      vertex 0.567488 -67.1138 -6
      vertex 0.734731 -64.9887 -6
      vertex 0.734731 -67.0113 -6
    endloop
  endfacet
  facet normal 0 0 -1
    outer loop
      vertex 0.567488 -67.1138 -6
      vertex 0.567488 -64.8862 -6
      vertex 0.734731 -64.9887 -6
    endloop
  endfacet
  facet normal 0 0 -1
    outer loop
      vertex 0.386271 -67.1888 -6
      vertex 0.567488 -64.8862 -6
      vertex 0.567488 -67.1138 -6
    endloop
  endfacet
  facet normal 0 0 -1
    outer loop
      vertex 0.386271 -67.1888 -6
      vertex 0.386271 -64.8112 -6
      vertex 0.567488 -64.8862 -6
    endloop
  endfacet
  facet normal 0 0 -1
    outer loop
      vertex 0.195542 -67.2346 -6
      vertex 0.386271 -64.8112 -6
      vertex 0.386271 -67.1888 -6
    endloop
  endfacet
  facet normal 0 0 -1
    outer loop
      vertex 0.195542 -67.2346 -6
      vertex 0.195542 -64.7654 -6
      vertex 0.386271 -64.8112 -6
    endloop
  endfacet
  facet normal 0 0 -1
    outer loop
      vertex 0 -67.25 -6
      vertex 0.195542 -64.7654 -6
      vertex 0.195542 -67.2346 -6
    endloop
  endfacet
  facet normal 0 0 -1
    outer loop
      vertex 0 -67.25 -6
      vertex 0 -64.75 -6
      vertex 0.195542 -64.7654 -6
    endloop
  endfacet
  facet normal 0 0 -1
    outer loop
      vertex -0.195542 -67.2346 -6
      vertex 0 -64.75 -6
      vertex 0 -67.25 -6
    endloop
  endfacet
  facet normal 0 0 -1
    outer loop
      vertex -0.195542 -67.2346 -6
      vertex -0.195542 -64.7654 -6
      vertex 0 -64.75 -6
    endloop
  endfacet
  facet normal 0 0 -1
    outer loop
      vertex -0.386271 -67.1888 -6
      vertex -0.195542 -64.7654 -6
      vertex -0.195542 -67.2346 -6
    endloop
  endfacet
  facet normal 0 0 -1
    outer loop
      vertex -0.386271 -67.1888 -6
      vertex -0.386271 -64.8112 -6
      vertex -0.195542 -64.7654 -6
    endloop
  endfacet
  facet normal 0 0 -1
    outer loop
      vertex -0.567488 -67.1138 -6
      vertex -0.386271 -64.8112 -6
      vertex -0.386271 -67.1888 -6
    endloop
  endfacet
  facet normal 0 0 -1
    outer loop
      vertex -0.567488 -67.1138 -6
      vertex -0.567488 -64.8862 -6
      vertex -0.386271 -64.8112 -6
    endloop
  endfacet
  facet normal 0 0 -1
    outer loop
      vertex -0.734731 -67.0113 -6
      vertex -0.567488 -64.8862 -6
      vertex -0.567488 -67.1138 -6
    endloop
  endfacet
  facet normal 0 0 -1
    outer loop
      vertex -0.734731 -67.0113 -6
      vertex -0.734731 -64.9887 -6
      vertex -0.567488 -64.8862 -6
    endloop
  endfacet
  facet normal 0 0 -1
    outer loop
      vertex -0.883883 -66.8839 -6
      vertex -0.734731 -64.9887 -6
      vertex -0.734731 -67.0113 -6
    endloop
  endfacet
  facet normal 0 0 -1
    outer loop
      vertex -0.883883 -66.8839 -6
      vertex -0.883883 -65.1161 -6
      vertex -0.734731 -64.9887 -6
    endloop
  endfacet
  facet normal 0 0 -1
    outer loop
      vertex -1.01127 -66.7347 -6
      vertex -0.883883 -65.1161 -6
      vertex -0.883883 -66.8839 -6
    endloop
  endfacet
  facet normal 0 0 -1
    outer loop
      vertex -1.01127 -66.7347 -6
      vertex -1.01127 -65.2653 -6
      vertex -0.883883 -65.1161 -6
    endloop
  endfacet
  facet normal 0 0 -1
    outer loop
      vertex -1.11376 -66.5675 -6
      vertex -1.01127 -65.2653 -6
      vertex -1.01127 -66.7347 -6
    endloop
  endfacet
  facet normal 0 0 -1
    outer loop
      vertex -1.11376 -66.5675 -6
      vertex -1.11376 -65.4325 -6
      vertex -1.01127 -65.2653 -6
    endloop
  endfacet
  facet normal 0 0 -1
    outer loop
      vertex -1.18882 -66.3863 -6
      vertex -1.11376 -65.4325 -6
      vertex -1.11376 -66.5675 -6
    endloop
  endfacet
  facet normal 0 0 -1
    outer loop
      vertex -1.18882 -66.3863 -6
      vertex -1.18882 -65.6137 -6
      vertex -1.11376 -65.4325 -6
    endloop
  endfacet
  facet normal 0 0 -1
    outer loop
      vertex -1.23461 -66.1955 -6
      vertex -1.18882 -65.6137 -6
      vertex -1.18882 -66.3863 -6
    endloop
  endfacet
  facet normal 0 0 -1
    outer loop
      vertex -1.23461 -66.1955 -6
      vertex -1.23461 -65.8045 -6
      vertex -1.18882 -65.6137 -6
    endloop
  endfacet
  facet normal 0 -0 -1
    outer loop
      vertex -1.23461 -65.8045 -6
      vertex -1.23461 -66.1955 -6
      vertex -1.25 -66 -6
    endloop
  endfacet
  facet normal 0.649484 -0.760375 0
    outer loop
      vertex -0.883883 -65.1161 -16
      vertex -0.734731 -64.9887 -6
      vertex -0.883883 -65.1161 -6
    endloop
  endfacet
  facet normal 0.649484 -0.760375 0
    outer loop
      vertex -0.734731 -64.9887 -6
      vertex -0.883883 -65.1161 -16
      vertex -0.734731 -64.9887 -16
    endloop
  endfacet
  facet normal -0.522548 -0.85261 0
    outer loop
      vertex 0.567488 -64.8862 -16
      vertex 0.734731 -64.9887 -6
      vertex 0.567488 -64.8862 -6
    endloop
  endfacet
  facet normal -0.522548 -0.85261 -0
    outer loop
      vertex 0.734731 -64.9887 -6
      vertex 0.567488 -64.8862 -16
      vertex 0.734731 -64.9887 -16
    endloop
  endfacet
  facet normal 0.996916 -0.0784784 0
    outer loop
      vertex -1.25 -66 -6
      vertex -1.23461 -65.8045 -16
      vertex -1.23461 -65.8045 -6
    endloop
  endfacet
  facet normal 0.996916 -0.0784784 0
    outer loop
      vertex -1.23461 -65.8045 -16
      vertex -1.25 -66 -6
      vertex -1.25 -66 -16
    endloop
  endfacet
  facet normal 0.649484 0.760375 -0
    outer loop
      vertex -0.734731 -67.0113 -16
      vertex -0.883883 -66.8839 -6
      vertex -0.734731 -67.0113 -6
    endloop
  endfacet
  facet normal 0.649484 0.760375 0
    outer loop
      vertex -0.883883 -66.8839 -6
      vertex -0.734731 -67.0113 -16
      vertex -0.883883 -66.8839 -16
    endloop
  endfacet
  facet normal -0.233494 0.972358 0
    outer loop
      vertex 0.386271 -67.1888 -16
      vertex 0.195542 -67.2346 -6
      vertex 0.386271 -67.1888 -6
    endloop
  endfacet
  facet normal -0.233494 0.972358 0
    outer loop
      vertex 0.195542 -67.2346 -6
      vertex 0.386271 -67.1888 -16
      vertex 0.195542 -67.2346 -16
    endloop
  endfacet
  facet normal -0.760511 0.649325 0
    outer loop
      vertex 0.883883 -66.8839 -16
      vertex 1.01127 -66.7347 -6
      vertex 1.01127 -66.7347 -16
    endloop
  endfacet
  facet normal -0.760511 0.649325 0
    outer loop
      vertex 1.01127 -66.7347 -6
      vertex 0.883883 -66.8839 -16
      vertex 0.883883 -66.8839 -6
    endloop
  endfacet
  facet normal -0.649484 -0.760375 0
    outer loop
      vertex 0.734731 -64.9887 -16
      vertex 0.883883 -65.1161 -6
      vertex 0.734731 -64.9887 -6
    endloop
  endfacet
  facet normal -0.649484 -0.760375 -0
    outer loop
      vertex 0.883883 -65.1161 -6
      vertex 0.734731 -64.9887 -16
      vertex 0.883883 -65.1161 -16
    endloop
  endfacet
  facet normal 0.233494 -0.972358 0
    outer loop
      vertex -0.386271 -64.8112 -16
      vertex -0.195542 -64.7654 -6
      vertex -0.386271 -64.8112 -6
    endloop
  endfacet
  facet normal 0.233494 -0.972358 0
    outer loop
      vertex -0.195542 -64.7654 -6
      vertex -0.386271 -64.8112 -16
      vertex -0.195542 -64.7654 -16
    endloop
  endfacet
  facet normal 0.97239 0.233363 0
    outer loop
      vertex -1.18882 -66.3863 -6
      vertex -1.23461 -66.1955 -16
      vertex -1.23461 -66.1955 -6
    endloop
  endfacet
  facet normal 0.97239 0.233363 0
    outer loop
      vertex -1.23461 -66.1955 -16
      vertex -1.18882 -66.3863 -6
      vertex -1.18882 -66.3863 -16
    endloop
  endfacet
  facet normal 0.760511 -0.649325 0
    outer loop
      vertex -1.01127 -65.2653 -6
      vertex -0.883883 -65.1161 -16
      vertex -0.883883 -65.1161 -6
    endloop
  endfacet
  facet normal 0.760511 -0.649325 0
    outer loop
      vertex -0.883883 -65.1161 -16
      vertex -1.01127 -65.2653 -6
      vertex -1.01127 -65.2653 -16
    endloop
  endfacet
  facet normal 0.996916 0.0784784 0
    outer loop
      vertex -1.23461 -24.1955 -6
      vertex -1.25 -24 -16
      vertex -1.25 -24 -6
    endloop
  endfacet
  facet normal 0.996916 0.0784784 0
    outer loop
      vertex -1.25 -24 -16
      vertex -1.23461 -24.1955 -6
      vertex -1.23461 -24.1955 -16
    endloop
  endfacet
  facet normal -0.233494 -0.972358 0
    outer loop
      vertex 0.195542 -22.7654 -16
      vertex 0.386271 -22.8112 -6
      vertex 0.195542 -22.7654 -6
    endloop
  endfacet
  facet normal -0.233494 -0.972358 -0
    outer loop
      vertex 0.386271 -22.8112 -6
      vertex 0.195542 -22.7654 -16
      vertex 0.386271 -22.8112 -16
    endloop
  endfacet
  facet normal -0.97239 0.233363 0
    outer loop
      vertex 1.18882 -24.3863 -16
      vertex 1.23461 -24.1955 -6
      vertex 1.23461 -24.1955 -16
    endloop
  endfacet
  facet normal -0.97239 0.233363 0
    outer loop
      vertex 1.23461 -24.1955 -6
      vertex 1.18882 -24.3863 -16
      vertex 1.18882 -24.3863 -6
    endloop
  endfacet
  facet normal -0.996916 0.0784784 0
    outer loop
      vertex 1.23461 -24.1955 -16
      vertex 1.25 -24 -6
      vertex 1.25 -24 -16
    endloop
  endfacet
  facet normal -0.996916 0.0784784 0
    outer loop
      vertex 1.25 -24 -6
      vertex 1.23461 -24.1955 -16
      vertex 1.23461 -24.1955 -6
    endloop
  endfacet
  facet normal -0.923871 0.382703 0
    outer loop
      vertex 1.11376 -24.5675 -16
      vertex 1.18882 -24.3863 -6
      vertex 1.18882 -24.3863 -16
    endloop
  endfacet
  facet normal -0.923871 0.382703 0
    outer loop
      vertex 1.18882 -24.3863 -6
      vertex 1.11376 -24.5675 -16
      vertex 1.11376 -24.5675 -6
    endloop
  endfacet
  facet normal 0.522548 -0.85261 0
    outer loop
      vertex -0.734731 -22.9887 -16
      vertex -0.567488 -22.8862 -6
      vertex -0.734731 -22.9887 -6
    endloop
  endfacet
  facet normal 0.522548 -0.85261 0
    outer loop
      vertex -0.567488 -22.8862 -6
      vertex -0.734731 -22.9887 -16
      vertex -0.567488 -22.8862 -16
    endloop
  endfacet
  facet normal -0.649484 0.760375 0
    outer loop
      vertex 0.883883 -24.8839 -16
      vertex 0.734731 -25.0113 -6
      vertex 0.883883 -24.8839 -6
    endloop
  endfacet
  facet normal -0.649484 0.760375 0
    outer loop
      vertex 0.734731 -25.0113 -6
      vertex 0.883883 -24.8839 -16
      vertex 0.734731 -25.0113 -16
    endloop
  endfacet
  facet normal 0.923871 -0.382703 0
    outer loop
      vertex -1.18882 -23.6137 -6
      vertex -1.11376 -23.4325 -16
      vertex -1.11376 -23.4325 -6
    endloop
  endfacet
  facet normal 0.923871 -0.382703 0
    outer loop
      vertex -1.11376 -23.4325 -16
      vertex -1.18882 -23.6137 -6
      vertex -1.18882 -23.6137 -16
    endloop
  endfacet
  facet normal 0.0785124 0.996913 -0
    outer loop
      vertex 0 -25.25 -16
      vertex -0.195542 -25.2346 -6
      vertex 0 -25.25 -6
    endloop
  endfacet
  facet normal 0.0785124 0.996913 0
    outer loop
      vertex -0.195542 -25.2346 -6
      vertex 0 -25.25 -16
      vertex -0.195542 -25.2346 -16
    endloop
  endfacet
  facet normal -0.923871 -0.382703 0
    outer loop
      vertex 1.18882 -23.6137 -16
      vertex 1.11376 -23.4325 -6
      vertex 1.11376 -23.4325 -16
    endloop
  endfacet
  facet normal -0.923871 -0.382703 0
    outer loop
      vertex 1.11376 -23.4325 -6
      vertex 1.18882 -23.6137 -16
      vertex 1.18882 -23.6137 -6
    endloop
  endfacet
  facet normal -0.760511 -0.649325 0
    outer loop
      vertex 1.01127 -23.2653 -16
      vertex 0.883883 -23.1161 -6
      vertex 0.883883 -23.1161 -16
    endloop
  endfacet
  facet normal -0.760511 -0.649325 0
    outer loop
      vertex 0.883883 -23.1161 -6
      vertex 1.01127 -23.2653 -16
      vertex 1.01127 -23.2653 -6
    endloop
  endfacet
  facet normal -0.97239 -0.233363 0
    outer loop
      vertex 1.23461 -23.8045 -16
      vertex 1.18882 -23.6137 -6
      vertex 1.18882 -23.6137 -16
    endloop
  endfacet
  facet normal -0.97239 -0.233363 0
    outer loop
      vertex 1.18882 -23.6137 -6
      vertex 1.23461 -23.8045 -16
      vertex 1.23461 -23.8045 -6
    endloop
  endfacet
  facet normal 0.522548 0.85261 -0
    outer loop
      vertex -0.567488 -25.1138 -16
      vertex -0.734731 -25.0113 -6
      vertex -0.567488 -25.1138 -6
    endloop
  endfacet
  facet normal 0.522548 0.85261 0
    outer loop
      vertex -0.734731 -25.0113 -6
      vertex -0.567488 -25.1138 -16
      vertex -0.734731 -25.0113 -16
    endloop
  endfacet
  facet normal -0.852573 -0.522609 0
    outer loop
      vertex 1.11376 -23.4325 -16
      vertex 1.01127 -23.2653 -6
      vertex 1.01127 -23.2653 -16
    endloop
  endfacet
  facet normal -0.852573 -0.522609 0
    outer loop
      vertex 1.01127 -23.2653 -6
      vertex 1.11376 -23.4325 -16
      vertex 1.11376 -23.4325 -6
    endloop
  endfacet
  facet normal -0.382411 -0.923992 0
    outer loop
      vertex 0.386271 -22.8112 -16
      vertex 0.567488 -22.8862 -6
      vertex 0.386271 -22.8112 -6
    endloop
  endfacet
  facet normal -0.382411 -0.923992 -0
    outer loop
      vertex 0.567488 -22.8862 -6
      vertex 0.386271 -22.8112 -16
      vertex 0.567488 -22.8862 -16
    endloop
  endfacet
  facet normal 0.97239 -0.233363 0
    outer loop
      vertex -1.23461 -23.8045 -6
      vertex -1.18882 -23.6137 -16
      vertex -1.18882 -23.6137 -6
    endloop
  endfacet
  facet normal 0.97239 -0.233363 0
    outer loop
      vertex -1.18882 -23.6137 -16
      vertex -1.23461 -23.8045 -6
      vertex -1.23461 -23.8045 -16
    endloop
  endfacet
  facet normal 0.760511 0.649325 0
    outer loop
      vertex -0.883883 -24.8839 -6
      vertex -1.01127 -24.7347 -16
      vertex -1.01127 -24.7347 -6
    endloop
  endfacet
  facet normal 0.760511 0.649325 0
    outer loop
      vertex -1.01127 -24.7347 -16
      vertex -0.883883 -24.8839 -6
      vertex -0.883883 -24.8839 -16
    endloop
  endfacet
  facet normal -0.0785124 0.996913 0
    outer loop
      vertex 0.195542 -25.2346 -16
      vertex 0 -25.25 -6
      vertex 0.195542 -25.2346 -6
    endloop
  endfacet
  facet normal -0.0785124 0.996913 0
    outer loop
      vertex 0 -25.25 -6
      vertex 0.195542 -25.2346 -16
      vertex 0 -25.25 -16
    endloop
  endfacet
  facet normal 0.382411 0.923992 -0
    outer loop
      vertex -0.386271 -25.1888 -16
      vertex -0.567488 -25.1138 -6
      vertex -0.386271 -25.1888 -6
    endloop
  endfacet
  facet normal 0.382411 0.923992 0
    outer loop
      vertex -0.567488 -25.1138 -6
      vertex -0.386271 -25.1888 -16
      vertex -0.567488 -25.1138 -16
    endloop
  endfacet
  facet normal 0.233494 0.972358 -0
    outer loop
      vertex -0.195542 -25.2346 -16
      vertex -0.386271 -25.1888 -6
      vertex -0.195542 -25.2346 -6
    endloop
  endfacet
  facet normal 0.233494 0.972358 0
    outer loop
      vertex -0.386271 -25.1888 -6
      vertex -0.195542 -25.2346 -16
      vertex -0.386271 -25.1888 -16
    endloop
  endfacet
  facet normal -0.852573 0.522609 0
    outer loop
      vertex 1.01127 -24.7347 -16
      vertex 1.11376 -24.5675 -6
      vertex 1.11376 -24.5675 -16
    endloop
  endfacet
  facet normal -0.852573 0.522609 0
    outer loop
      vertex 1.11376 -24.5675 -6
      vertex 1.01127 -24.7347 -16
      vertex 1.01127 -24.7347 -6
    endloop
  endfacet
  facet normal 0.923871 0.382703 0
    outer loop
      vertex -1.11376 -24.5675 -6
      vertex -1.18882 -24.3863 -16
      vertex -1.18882 -24.3863 -6
    endloop
  endfacet
  facet normal 0.923871 0.382703 0
    outer loop
      vertex -1.18882 -24.3863 -16
      vertex -1.11376 -24.5675 -6
      vertex -1.11376 -24.5675 -16
    endloop
  endfacet
  facet normal 0.382411 -0.923992 0
    outer loop
      vertex -0.567488 -22.8862 -16
      vertex -0.386271 -22.8112 -6
      vertex -0.567488 -22.8862 -6
    endloop
  endfacet
  facet normal 0.382411 -0.923992 0
    outer loop
      vertex -0.386271 -22.8112 -6
      vertex -0.567488 -22.8862 -16
      vertex -0.386271 -22.8112 -16
    endloop
  endfacet
  facet normal -0.382411 0.923992 0
    outer loop
      vertex 0.567488 -25.1138 -16
      vertex 0.386271 -25.1888 -6
      vertex 0.567488 -25.1138 -6
    endloop
  endfacet
  facet normal -0.382411 0.923992 0
    outer loop
      vertex 0.386271 -25.1888 -6
      vertex 0.567488 -25.1138 -16
      vertex 0.386271 -25.1888 -16
    endloop
  endfacet
  facet normal -0.522548 0.85261 0
    outer loop
      vertex 0.734731 -25.0113 -16
      vertex 0.567488 -25.1138 -6
      vertex 0.734731 -25.0113 -6
    endloop
  endfacet
  facet normal -0.522548 0.85261 0
    outer loop
      vertex 0.567488 -25.1138 -6
      vertex 0.734731 -25.0113 -16
      vertex 0.567488 -25.1138 -16
    endloop
  endfacet
  facet normal 0.0785124 -0.996913 0
    outer loop
      vertex -0.195542 -22.7654 -16
      vertex 0 -22.75 -6
      vertex -0.195542 -22.7654 -6
    endloop
  endfacet
  facet normal 0.0785124 -0.996913 0
    outer loop
      vertex 0 -22.75 -6
      vertex -0.195542 -22.7654 -16
      vertex 0 -22.75 -16
    endloop
  endfacet
  facet normal 0.852573 -0.522609 0
    outer loop
      vertex -1.11376 -23.4325 -6
      vertex -1.01127 -23.2653 -16
      vertex -1.01127 -23.2653 -6
    endloop
  endfacet
  facet normal 0.852573 -0.522609 0
    outer loop
      vertex -1.01127 -23.2653 -16
      vertex -1.11376 -23.4325 -6
      vertex -1.11376 -23.4325 -16
    endloop
  endfacet
  facet normal -0.996916 -0.0784784 0
    outer loop
      vertex 1.25 -24 -16
      vertex 1.23461 -23.8045 -6
      vertex 1.23461 -23.8045 -16
    endloop
  endfacet
  facet normal -0.996916 -0.0784784 0
    outer loop
      vertex 1.23461 -23.8045 -6
      vertex 1.25 -24 -16
      vertex 1.25 -24 -6
    endloop
  endfacet
  facet normal -0.0785124 -0.996913 0
    outer loop
      vertex 0 -22.75 -16
      vertex 0.195542 -22.7654 -6
      vertex 0 -22.75 -6
    endloop
  endfacet
  facet normal -0.0785124 -0.996913 -0
    outer loop
      vertex 0.195542 -22.7654 -6
      vertex 0 -22.75 -16
      vertex 0.195542 -22.7654 -16
    endloop
  endfacet
  facet normal 0.852573 0.522609 0
    outer loop
      vertex -1.01127 -24.7347 -6
      vertex -1.11376 -24.5675 -16
      vertex -1.11376 -24.5675 -6
    endloop
  endfacet
  facet normal 0.852573 0.522609 0
    outer loop
      vertex -1.11376 -24.5675 -16
      vertex -1.01127 -24.7347 -6
      vertex -1.01127 -24.7347 -16
    endloop
  endfacet
  facet normal 0 0 -1
    outer loop
      vertex 1.23461 -24.1955 -6
      vertex 1.23461 -23.8045 -6
      vertex 1.25 -24 -6
    endloop
  endfacet
  facet normal 0 0 -1
    outer loop
      vertex 1.18882 -24.3863 -6
      vertex 1.23461 -23.8045 -6
      vertex 1.23461 -24.1955 -6
    endloop
  endfacet
  facet normal 0 0 -1
    outer loop
      vertex 1.18882 -24.3863 -6
      vertex 1.18882 -23.6137 -6
      vertex 1.23461 -23.8045 -6
    endloop
  endfacet
  facet normal 0 0 -1
    outer loop
      vertex 1.11376 -24.5675 -6
      vertex 1.18882 -23.6137 -6
      vertex 1.18882 -24.3863 -6
    endloop
  endfacet
  facet normal 0 0 -1
    outer loop
      vertex 1.11376 -24.5675 -6
      vertex 1.11376 -23.4325 -6
      vertex 1.18882 -23.6137 -6
    endloop
  endfacet
  facet normal 0 0 -1
    outer loop
      vertex 1.01127 -24.7347 -6
      vertex 1.11376 -23.4325 -6
      vertex 1.11376 -24.5675 -6
    endloop
  endfacet
  facet normal 0 0 -1
    outer loop
      vertex 1.01127 -24.7347 -6
      vertex 1.01127 -23.2653 -6
      vertex 1.11376 -23.4325 -6
    endloop
  endfacet
  facet normal 0 0 -1
    outer loop
      vertex 0.883883 -24.8839 -6
      vertex 1.01127 -23.2653 -6
      vertex 1.01127 -24.7347 -6
    endloop
  endfacet
  facet normal 0 0 -1
    outer loop
      vertex 0.883883 -24.8839 -6
      vertex 0.883883 -23.1161 -6
      vertex 1.01127 -23.2653 -6
    endloop
  endfacet
  facet normal 0 0 -1
    outer loop
      vertex 0.734731 -25.0113 -6
      vertex 0.883883 -23.1161 -6
      vertex 0.883883 -24.8839 -6
    endloop
  endfacet
  facet normal 0 0 -1
    outer loop
      vertex 0.734731 -25.0113 -6
      vertex 0.734731 -22.9887 -6
      vertex 0.883883 -23.1161 -6
    endloop
  endfacet
  facet normal 0 0 -1
    outer loop
      vertex 0.567488 -25.1138 -6
      vertex 0.734731 -22.9887 -6
      vertex 0.734731 -25.0113 -6
    endloop
  endfacet
  facet normal 0 0 -1
    outer loop
      vertex 0.567488 -25.1138 -6
      vertex 0.567488 -22.8862 -6
      vertex 0.734731 -22.9887 -6
    endloop
  endfacet
  facet normal 0 0 -1
    outer loop
      vertex 0.386271 -25.1888 -6
      vertex 0.567488 -22.8862 -6
      vertex 0.567488 -25.1138 -6
    endloop
  endfacet
  facet normal 0 0 -1
    outer loop
      vertex 0.386271 -25.1888 -6
      vertex 0.386271 -22.8112 -6
      vertex 0.567488 -22.8862 -6
    endloop
  endfacet
  facet normal 0 0 -1
    outer loop
      vertex 0.195542 -25.2346 -6
      vertex 0.386271 -22.8112 -6
      vertex 0.386271 -25.1888 -6
    endloop
  endfacet
  facet normal 0 0 -1
    outer loop
      vertex 0.195542 -25.2346 -6
      vertex 0.195542 -22.7654 -6
      vertex 0.386271 -22.8112 -6
    endloop
  endfacet
  facet normal 0 0 -1
    outer loop
      vertex 0 -25.25 -6
      vertex 0.195542 -22.7654 -6
      vertex 0.195542 -25.2346 -6
    endloop
  endfacet
  facet normal 0 0 -1
    outer loop
      vertex 0 -25.25 -6
      vertex 0 -22.75 -6
      vertex 0.195542 -22.7654 -6
    endloop
  endfacet
  facet normal 0 0 -1
    outer loop
      vertex -0.195542 -25.2346 -6
      vertex 0 -22.75 -6
      vertex 0 -25.25 -6
    endloop
  endfacet
  facet normal 0 0 -1
    outer loop
      vertex -0.195542 -25.2346 -6
      vertex -0.195542 -22.7654 -6
      vertex 0 -22.75 -6
    endloop
  endfacet
  facet normal 0 0 -1
    outer loop
      vertex -0.386271 -25.1888 -6
      vertex -0.195542 -22.7654 -6
      vertex -0.195542 -25.2346 -6
    endloop
  endfacet
  facet normal 0 0 -1
    outer loop
      vertex -0.386271 -25.1888 -6
      vertex -0.386271 -22.8112 -6
      vertex -0.195542 -22.7654 -6
    endloop
  endfacet
  facet normal 0 0 -1
    outer loop
      vertex -0.567488 -25.1138 -6
      vertex -0.386271 -22.8112 -6
      vertex -0.386271 -25.1888 -6
    endloop
  endfacet
  facet normal 0 0 -1
    outer loop
      vertex -0.567488 -25.1138 -6
      vertex -0.567488 -22.8862 -6
      vertex -0.386271 -22.8112 -6
    endloop
  endfacet
  facet normal 0 0 -1
    outer loop
      vertex -0.734731 -25.0113 -6
      vertex -0.567488 -22.8862 -6
      vertex -0.567488 -25.1138 -6
    endloop
  endfacet
  facet normal 0 0 -1
    outer loop
      vertex -0.734731 -25.0113 -6
      vertex -0.734731 -22.9887 -6
      vertex -0.567488 -22.8862 -6
    endloop
  endfacet
  facet normal 0 0 -1
    outer loop
      vertex -0.883883 -24.8839 -6
      vertex -0.734731 -22.9887 -6
      vertex -0.734731 -25.0113 -6
    endloop
  endfacet
  facet normal 0 0 -1
    outer loop
      vertex -0.883883 -24.8839 -6
      vertex -0.883883 -23.1161 -6
      vertex -0.734731 -22.9887 -6
    endloop
  endfacet
  facet normal 0 0 -1
    outer loop
      vertex -1.01127 -24.7347 -6
      vertex -0.883883 -23.1161 -6
      vertex -0.883883 -24.8839 -6
    endloop
  endfacet
  facet normal 0 0 -1
    outer loop
      vertex -1.01127 -24.7347 -6
      vertex -1.01127 -23.2653 -6
      vertex -0.883883 -23.1161 -6
    endloop
  endfacet
  facet normal 0 0 -1
    outer loop
      vertex -1.11376 -24.5675 -6
      vertex -1.01127 -23.2653 -6
      vertex -1.01127 -24.7347 -6
    endloop
  endfacet
  facet normal 0 0 -1
    outer loop
      vertex -1.11376 -24.5675 -6
      vertex -1.11376 -23.4325 -6
      vertex -1.01127 -23.2653 -6
    endloop
  endfacet
  facet normal 0 0 -1
    outer loop
      vertex -1.18882 -24.3863 -6
      vertex -1.11376 -23.4325 -6
      vertex -1.11376 -24.5675 -6
    endloop
  endfacet
  facet normal 0 0 -1
    outer loop
      vertex -1.18882 -24.3863 -6
      vertex -1.18882 -23.6137 -6
      vertex -1.11376 -23.4325 -6
    endloop
  endfacet
  facet normal 0 0 -1
    outer loop
      vertex -1.23461 -24.1955 -6
      vertex -1.18882 -23.6137 -6
      vertex -1.18882 -24.3863 -6
    endloop
  endfacet
  facet normal 0 0 -1
    outer loop
      vertex -1.23461 -24.1955 -6
      vertex -1.23461 -23.8045 -6
      vertex -1.18882 -23.6137 -6
    endloop
  endfacet
  facet normal 0 -0 -1
    outer loop
      vertex -1.23461 -23.8045 -6
      vertex -1.23461 -24.1955 -6
      vertex -1.25 -24 -6
    endloop
  endfacet
  facet normal 0.649484 -0.760375 0
    outer loop
      vertex -0.883883 -23.1161 -16
      vertex -0.734731 -22.9887 -6
      vertex -0.883883 -23.1161 -6
    endloop
  endfacet
  facet normal 0.649484 -0.760375 0
    outer loop
      vertex -0.734731 -22.9887 -6
      vertex -0.883883 -23.1161 -16
      vertex -0.734731 -22.9887 -16
    endloop
  endfacet
  facet normal -0.522548 -0.85261 0
    outer loop
      vertex 0.567488 -22.8862 -16
      vertex 0.734731 -22.9887 -6
      vertex 0.567488 -22.8862 -6
    endloop
  endfacet
  facet normal -0.522548 -0.85261 -0
    outer loop
      vertex 0.734731 -22.9887 -6
      vertex 0.567488 -22.8862 -16
      vertex 0.734731 -22.9887 -16
    endloop
  endfacet
  facet normal 0.996916 -0.0784784 0
    outer loop
      vertex -1.25 -24 -6
      vertex -1.23461 -23.8045 -16
      vertex -1.23461 -23.8045 -6
    endloop
  endfacet
  facet normal 0.996916 -0.0784784 0
    outer loop
      vertex -1.23461 -23.8045 -16
      vertex -1.25 -24 -6
      vertex -1.25 -24 -16
    endloop
  endfacet
  facet normal 0.649484 0.760375 -0
    outer loop
      vertex -0.734731 -25.0113 -16
      vertex -0.883883 -24.8839 -6
      vertex -0.734731 -25.0113 -6
    endloop
  endfacet
  facet normal 0.649484 0.760375 0
    outer loop
      vertex -0.883883 -24.8839 -6
      vertex -0.734731 -25.0113 -16
      vertex -0.883883 -24.8839 -16
    endloop
  endfacet
  facet normal -0.233494 0.972358 0
    outer loop
      vertex 0.386271 -25.1888 -16
      vertex 0.195542 -25.2346 -6
      vertex 0.386271 -25.1888 -6
    endloop
  endfacet
  facet normal -0.233494 0.972358 0
    outer loop
      vertex 0.195542 -25.2346 -6
      vertex 0.386271 -25.1888 -16
      vertex 0.195542 -25.2346 -16
    endloop
  endfacet
  facet normal -0.760511 0.649325 0
    outer loop
      vertex 0.883883 -24.8839 -16
      vertex 1.01127 -24.7347 -6
      vertex 1.01127 -24.7347 -16
    endloop
  endfacet
  facet normal -0.760511 0.649325 0
    outer loop
      vertex 1.01127 -24.7347 -6
      vertex 0.883883 -24.8839 -16
      vertex 0.883883 -24.8839 -6
    endloop
  endfacet
  facet normal -0.649484 -0.760375 0
    outer loop
      vertex 0.734731 -22.9887 -16
      vertex 0.883883 -23.1161 -6
      vertex 0.734731 -22.9887 -6
    endloop
  endfacet
  facet normal -0.649484 -0.760375 -0
    outer loop
      vertex 0.883883 -23.1161 -6
      vertex 0.734731 -22.9887 -16
      vertex 0.883883 -23.1161 -16
    endloop
  endfacet
  facet normal 0.233494 -0.972358 0
    outer loop
      vertex -0.386271 -22.8112 -16
      vertex -0.195542 -22.7654 -6
      vertex -0.386271 -22.8112 -6
    endloop
  endfacet
  facet normal 0.233494 -0.972358 0
    outer loop
      vertex -0.195542 -22.7654 -6
      vertex -0.386271 -22.8112 -16
      vertex -0.195542 -22.7654 -16
    endloop
  endfacet
  facet normal 0.97239 0.233363 0
    outer loop
      vertex -1.18882 -24.3863 -6
      vertex -1.23461 -24.1955 -16
      vertex -1.23461 -24.1955 -6
    endloop
  endfacet
  facet normal 0.97239 0.233363 0
    outer loop
      vertex -1.23461 -24.1955 -16
      vertex -1.18882 -24.3863 -6
      vertex -1.18882 -24.3863 -16
    endloop
  endfacet
  facet normal 0.760511 -0.649325 0
    outer loop
      vertex -1.01127 -23.2653 -6
      vertex -0.883883 -23.1161 -16
      vertex -0.883883 -23.1161 -6
    endloop
  endfacet
  facet normal 0.760511 -0.649325 0
    outer loop
      vertex -0.883883 -23.1161 -16
      vertex -1.01127 -23.2653 -6
      vertex -1.01127 -23.2653 -16
    endloop
  endfacet
  facet normal -0.972378 -0.233412 0
    outer loop
      vertex -30.7654 -65.8045 6
      vertex -30.8112 -65.6137 16
      vertex -30.8112 -65.6137 6
    endloop
  endfacet
  facet normal -0.972378 -0.233412 0
    outer loop
      vertex -30.8112 -65.6137 16
      vertex -30.7654 -65.8045 6
      vertex -30.7654 -65.8045 16
    endloop
  endfacet
  facet normal -0.996912 -0.0785291 0
    outer loop
      vertex -30.75 -66 6
      vertex -30.7654 -65.8045 16
      vertex -30.7654 -65.8045 6
    endloop
  endfacet
  facet normal -0.996912 -0.0785291 0
    outer loop
      vertex -30.7654 -65.8045 16
      vertex -30.75 -66 6
      vertex -30.75 -66 16
    endloop
  endfacet
  facet normal -0.0785291 0.996912 0
    outer loop
      vertex -31.8045 -67.2346 6
      vertex -32 -67.25 16
      vertex -31.8045 -67.2346 16
    endloop
  endfacet
  facet normal -0.0785291 0.996912 0
    outer loop
      vertex -32 -67.25 16
      vertex -31.8045 -67.2346 6
      vertex -32 -67.25 6
    endloop
  endfacet
  facet normal -0.92398 -0.382442 0
    outer loop
      vertex -30.8112 -65.6137 6
      vertex -30.8862 -65.4325 16
      vertex -30.8862 -65.4325 6
    endloop
  endfacet
  facet normal -0.92398 -0.382442 0
    outer loop
      vertex -30.8862 -65.4325 16
      vertex -30.8112 -65.6137 6
      vertex -30.8112 -65.6137 16
    endloop
  endfacet
  facet normal 0.522646 0.85255 -0
    outer loop
      vertex -32.5675 -67.1138 6
      vertex -32.7347 -67.0113 16
      vertex -32.5675 -67.1138 16
    endloop
  endfacet
  facet normal 0.522646 0.85255 0
    outer loop
      vertex -32.7347 -67.0113 16
      vertex -32.5675 -67.1138 6
      vertex -32.7347 -67.0113 6
    endloop
  endfacet
  facet normal 0.0785291 -0.996912 0
    outer loop
      vertex -32.1955 -64.7654 6
      vertex -32 -64.75 16
      vertex -32.1955 -64.7654 16
    endloop
  endfacet
  facet normal 0.0785291 -0.996912 0
    outer loop
      vertex -32 -64.75 16
      vertex -32.1955 -64.7654 6
      vertex -32 -64.75 6
    endloop
  endfacet
  facet normal -0.649363 0.760479 0
    outer loop
      vertex -31.1161 -66.8839 6
      vertex -31.2653 -67.0113 16
      vertex -31.1161 -66.8839 16
    endloop
  endfacet
  facet normal -0.649363 0.760479 0
    outer loop
      vertex -31.2653 -67.0113 16
      vertex -31.1161 -66.8839 6
      vertex -31.2653 -67.0113 6
    endloop
  endfacet
  facet normal 0.996912 0.0785291 0
    outer loop
      vertex -33.2346 -66.1955 16
      vertex -33.25 -66 6
      vertex -33.25 -66 16
    endloop
  endfacet
  facet normal 0.996912 0.0785291 0
    outer loop
      vertex -33.25 -66 6
      vertex -33.2346 -66.1955 16
      vertex -33.2346 -66.1955 6
    endloop
  endfacet
  facet normal 0.233412 0.972378 -0
    outer loop
      vertex -32.1955 -67.2346 6
      vertex -32.3863 -67.1888 16
      vertex -32.1955 -67.2346 16
    endloop
  endfacet
  facet normal 0.233412 0.972378 0
    outer loop
      vertex -32.3863 -67.1888 16
      vertex -32.1955 -67.2346 6
      vertex -32.3863 -67.1888 6
    endloop
  endfacet
  facet normal -0.233412 -0.972378 0
    outer loop
      vertex -31.8045 -64.7654 6
      vertex -31.6137 -64.8112 16
      vertex -31.8045 -64.7654 16
    endloop
  endfacet
  facet normal -0.233412 -0.972378 -0
    outer loop
      vertex -31.6137 -64.8112 16
      vertex -31.8045 -64.7654 6
      vertex -31.6137 -64.8112 6
    endloop
  endfacet
  facet normal 0.522646 -0.85255 0
    outer loop
      vertex -32.7347 -64.9887 6
      vertex -32.5675 -64.8862 16
      vertex -32.7347 -64.9887 16
    endloop
  endfacet
  facet normal 0.522646 -0.85255 0
    outer loop
      vertex -32.5675 -64.8862 16
      vertex -32.7347 -64.9887 6
      vertex -32.5675 -64.8862 6
    endloop
  endfacet
  facet normal 0.85255 0.522646 0
    outer loop
      vertex -33.0113 -66.7347 16
      vertex -33.1138 -66.5675 6
      vertex -33.1138 -66.5675 16
    endloop
  endfacet
  facet normal 0.85255 0.522646 0
    outer loop
      vertex -33.1138 -66.5675 6
      vertex -33.0113 -66.7347 16
      vertex -33.0113 -66.7347 6
    endloop
  endfacet
  facet normal 0.649363 -0.760479 0
    outer loop
      vertex -32.8839 -65.1161 6
      vertex -32.7347 -64.9887 16
      vertex -32.8839 -65.1161 16
    endloop
  endfacet
  facet normal 0.649363 -0.760479 0
    outer loop
      vertex -32.7347 -64.9887 16
      vertex -32.8839 -65.1161 6
      vertex -32.7347 -64.9887 6
    endloop
  endfacet
  facet normal 0.382442 -0.92398 0
    outer loop
      vertex -32.5675 -64.8862 6
      vertex -32.3863 -64.8112 16
      vertex -32.5675 -64.8862 16
    endloop
  endfacet
  facet normal 0.382442 -0.92398 0
    outer loop
      vertex -32.3863 -64.8112 16
      vertex -32.5675 -64.8862 6
      vertex -32.3863 -64.8112 6
    endloop
  endfacet
  facet normal 0.382442 0.92398 -0
    outer loop
      vertex -32.3863 -67.1888 6
      vertex -32.5675 -67.1138 16
      vertex -32.3863 -67.1888 16
    endloop
  endfacet
  facet normal 0.382442 0.92398 0
    outer loop
      vertex -32.5675 -67.1138 16
      vertex -32.3863 -67.1888 6
      vertex -32.5675 -67.1138 6
    endloop
  endfacet
  facet normal -0.382442 0.92398 0
    outer loop
      vertex -31.4325 -67.1138 6
      vertex -31.6137 -67.1888 16
      vertex -31.4325 -67.1138 16
    endloop
  endfacet
  facet normal -0.382442 0.92398 0
    outer loop
      vertex -31.6137 -67.1888 16
      vertex -31.4325 -67.1138 6
      vertex -31.6137 -67.1888 6
    endloop
  endfacet
  facet normal 0.760479 0.649363 0
    outer loop
      vertex -32.8839 -66.8839 16
      vertex -33.0113 -66.7347 6
      vertex -33.0113 -66.7347 16
    endloop
  endfacet
  facet normal 0.760479 0.649363 0
    outer loop
      vertex -33.0113 -66.7347 6
      vertex -32.8839 -66.8839 16
      vertex -32.8839 -66.8839 6
    endloop
  endfacet
  facet normal -0.996912 0.0785291 0
    outer loop
      vertex -30.7654 -66.1955 6
      vertex -30.75 -66 16
      vertex -30.75 -66 6
    endloop
  endfacet
  facet normal -0.996912 0.0785291 0
    outer loop
      vertex -30.75 -66 16
      vertex -30.7654 -66.1955 6
      vertex -30.7654 -66.1955 16
    endloop
  endfacet
  facet normal 0.972378 0.233412 0
    outer loop
      vertex -33.1888 -66.3863 16
      vertex -33.2346 -66.1955 6
      vertex -33.2346 -66.1955 16
    endloop
  endfacet
  facet normal 0.972378 0.233412 0
    outer loop
      vertex -33.2346 -66.1955 6
      vertex -33.1888 -66.3863 16
      vertex -33.1888 -66.3863 6
    endloop
  endfacet
  facet normal 0.92398 0.382442 0
    outer loop
      vertex -33.1138 -66.5675 16
      vertex -33.1888 -66.3863 6
      vertex -33.1888 -66.3863 16
    endloop
  endfacet
  facet normal 0.92398 0.382442 0
    outer loop
      vertex -33.1888 -66.3863 6
      vertex -33.1138 -66.5675 16
      vertex -33.1138 -66.5675 6
    endloop
  endfacet
  facet normal -0.85255 -0.522646 0
    outer loop
      vertex -30.8862 -65.4325 6
      vertex -30.9887 -65.2653 16
      vertex -30.9887 -65.2653 6
    endloop
  endfacet
  facet normal -0.85255 -0.522646 0
    outer loop
      vertex -30.9887 -65.2653 16
      vertex -30.8862 -65.4325 6
      vertex -30.8862 -65.4325 16
    endloop
  endfacet
  facet normal -0.92398 0.382442 0
    outer loop
      vertex -30.8862 -66.5675 6
      vertex -30.8112 -66.3863 16
      vertex -30.8112 -66.3863 6
    endloop
  endfacet
  facet normal -0.92398 0.382442 0
    outer loop
      vertex -30.8112 -66.3863 16
      vertex -30.8862 -66.5675 6
      vertex -30.8862 -66.5675 16
    endloop
  endfacet
  facet normal -0.382442 -0.92398 0
    outer loop
      vertex -31.6137 -64.8112 6
      vertex -31.4325 -64.8862 16
      vertex -31.6137 -64.8112 16
    endloop
  endfacet
  facet normal -0.382442 -0.92398 -0
    outer loop
      vertex -31.4325 -64.8862 16
      vertex -31.6137 -64.8112 6
      vertex -31.4325 -64.8862 6
    endloop
  endfacet
  facet normal -0.522646 -0.85255 0
    outer loop
      vertex -31.4325 -64.8862 6
      vertex -31.2653 -64.9887 16
      vertex -31.4325 -64.8862 16
    endloop
  endfacet
  facet normal -0.522646 -0.85255 -0
    outer loop
      vertex -31.2653 -64.9887 16
      vertex -31.4325 -64.8862 6
      vertex -31.2653 -64.9887 6
    endloop
  endfacet
  facet normal -0.649363 -0.760479 0
    outer loop
      vertex -31.2653 -64.9887 6
      vertex -31.1161 -65.1161 16
      vertex -31.2653 -64.9887 16
    endloop
  endfacet
  facet normal -0.649363 -0.760479 -0
    outer loop
      vertex -31.1161 -65.1161 16
      vertex -31.2653 -64.9887 6
      vertex -31.1161 -65.1161 6
    endloop
  endfacet
  facet normal 0.0785291 0.996912 -0
    outer loop
      vertex -32 -67.25 6
      vertex -32.1955 -67.2346 16
      vertex -32 -67.25 16
    endloop
  endfacet
  facet normal 0.0785291 0.996912 0
    outer loop
      vertex -32.1955 -67.2346 16
      vertex -32 -67.25 6
      vertex -32.1955 -67.2346 6
    endloop
  endfacet
  facet normal 0.92398 -0.382442 0
    outer loop
      vertex -33.1888 -65.6137 16
      vertex -33.1138 -65.4325 6
      vertex -33.1138 -65.4325 16
    endloop
  endfacet
  facet normal 0.92398 -0.382442 0
    outer loop
      vertex -33.1138 -65.4325 6
      vertex -33.1888 -65.6137 16
      vertex -33.1888 -65.6137 6
    endloop
  endfacet
  facet normal 0.233412 -0.972378 0
    outer loop
      vertex -32.3863 -64.8112 6
      vertex -32.1955 -64.7654 16
      vertex -32.3863 -64.8112 16
    endloop
  endfacet
  facet normal 0.233412 -0.972378 0
    outer loop
      vertex -32.1955 -64.7654 16
      vertex -32.3863 -64.8112 6
      vertex -32.1955 -64.7654 6
    endloop
  endfacet
  facet normal -0.760479 -0.649363 0
    outer loop
      vertex -30.9887 -65.2653 6
      vertex -31.1161 -65.1161 16
      vertex -31.1161 -65.1161 6
    endloop
  endfacet
  facet normal -0.760479 -0.649363 0
    outer loop
      vertex -31.1161 -65.1161 16
      vertex -30.9887 -65.2653 6
      vertex -30.9887 -65.2653 16
    endloop
  endfacet
  facet normal -0.522646 0.85255 0
    outer loop
      vertex -31.2653 -67.0113 6
      vertex -31.4325 -67.1138 16
      vertex -31.2653 -67.0113 16
    endloop
  endfacet
  facet normal -0.522646 0.85255 0
    outer loop
      vertex -31.4325 -67.1138 16
      vertex -31.2653 -67.0113 6
      vertex -31.4325 -67.1138 6
    endloop
  endfacet
  facet normal -0.233412 0.972378 0
    outer loop
      vertex -31.6137 -67.1888 6
      vertex -31.8045 -67.2346 16
      vertex -31.6137 -67.1888 16
    endloop
  endfacet
  facet normal -0.233412 0.972378 0
    outer loop
      vertex -31.8045 -67.2346 16
      vertex -31.6137 -67.1888 6
      vertex -31.8045 -67.2346 6
    endloop
  endfacet
  facet normal 0.85255 -0.522646 0
    outer loop
      vertex -33.1138 -65.4325 16
      vertex -33.0113 -65.2653 6
      vertex -33.0113 -65.2653 16
    endloop
  endfacet
  facet normal 0.85255 -0.522646 0
    outer loop
      vertex -33.0113 -65.2653 6
      vertex -33.1138 -65.4325 16
      vertex -33.1138 -65.4325 6
    endloop
  endfacet
  facet normal 0.649363 0.760479 -0
    outer loop
      vertex -32.7347 -67.0113 6
      vertex -32.8839 -66.8839 16
      vertex -32.7347 -67.0113 16
    endloop
  endfacet
  facet normal 0.649363 0.760479 0
    outer loop
      vertex -32.8839 -66.8839 16
      vertex -32.7347 -67.0113 6
      vertex -32.8839 -66.8839 6
    endloop
  endfacet
  facet normal 0.996912 -0.0785291 0
    outer loop
      vertex -33.25 -66 16
      vertex -33.2346 -65.8045 6
      vertex -33.2346 -65.8045 16
    endloop
  endfacet
  facet normal 0.996912 -0.0785291 0
    outer loop
      vertex -33.2346 -65.8045 6
      vertex -33.25 -66 16
      vertex -33.25 -66 6
    endloop
  endfacet
  facet normal -0.85255 0.522646 0
    outer loop
      vertex -30.9887 -66.7347 6
      vertex -30.8862 -66.5675 16
      vertex -30.8862 -66.5675 6
    endloop
  endfacet
  facet normal -0.85255 0.522646 0
    outer loop
      vertex -30.8862 -66.5675 16
      vertex -30.9887 -66.7347 6
      vertex -30.9887 -66.7347 16
    endloop
  endfacet
  facet normal -0.972378 0.233412 0
    outer loop
      vertex -30.8112 -66.3863 6
      vertex -30.7654 -66.1955 16
      vertex -30.7654 -66.1955 6
    endloop
  endfacet
  facet normal -0.972378 0.233412 0
    outer loop
      vertex -30.7654 -66.1955 16
      vertex -30.8112 -66.3863 6
      vertex -30.8112 -66.3863 16
    endloop
  endfacet
  facet normal -0.760479 0.649363 0
    outer loop
      vertex -31.1161 -66.8839 6
      vertex -30.9887 -66.7347 16
      vertex -30.9887 -66.7347 6
    endloop
  endfacet
  facet normal -0.760479 0.649363 0
    outer loop
      vertex -30.9887 -66.7347 16
      vertex -31.1161 -66.8839 6
      vertex -31.1161 -66.8839 16
    endloop
  endfacet
  facet normal 0.760479 -0.649363 0
    outer loop
      vertex -33.0113 -65.2653 16
      vertex -32.8839 -65.1161 6
      vertex -32.8839 -65.1161 16
    endloop
  endfacet
  facet normal 0.760479 -0.649363 0
    outer loop
      vertex -32.8839 -65.1161 6
      vertex -33.0113 -65.2653 16
      vertex -33.0113 -65.2653 6
    endloop
  endfacet
  facet normal -0.0785291 -0.996912 0
    outer loop
      vertex -32 -64.75 6
      vertex -31.8045 -64.7654 16
      vertex -32 -64.75 16
    endloop
  endfacet
  facet normal -0.0785291 -0.996912 -0
    outer loop
      vertex -31.8045 -64.7654 16
      vertex -32 -64.75 6
      vertex -31.8045 -64.7654 6
    endloop
  endfacet
  facet normal 0 0 1
    outer loop
      vertex -30.7654 -65.8045 6
      vertex -30.7654 -66.1955 6
      vertex -30.75 -66 6
    endloop
  endfacet
  facet normal 0 0 1
    outer loop
      vertex -30.8112 -65.6137 6
      vertex -30.7654 -66.1955 6
      vertex -30.7654 -65.8045 6
    endloop
  endfacet
  facet normal 0 0 1
    outer loop
      vertex -30.8112 -65.6137 6
      vertex -30.8112 -66.3863 6
      vertex -30.7654 -66.1955 6
    endloop
  endfacet
  facet normal 0 0 1
    outer loop
      vertex -30.8862 -65.4325 6
      vertex -30.8112 -66.3863 6
      vertex -30.8112 -65.6137 6
    endloop
  endfacet
  facet normal 0 0 1
    outer loop
      vertex -30.8862 -65.4325 6
      vertex -30.8862 -66.5675 6
      vertex -30.8112 -66.3863 6
    endloop
  endfacet
  facet normal 0 0 1
    outer loop
      vertex -30.9887 -65.2653 6
      vertex -30.8862 -66.5675 6
      vertex -30.8862 -65.4325 6
    endloop
  endfacet
  facet normal 0 0 1
    outer loop
      vertex -30.9887 -65.2653 6
      vertex -30.9887 -66.7347 6
      vertex -30.8862 -66.5675 6
    endloop
  endfacet
  facet normal 0 0 1
    outer loop
      vertex -31.1161 -65.1161 6
      vertex -30.9887 -66.7347 6
      vertex -30.9887 -65.2653 6
    endloop
  endfacet
  facet normal 0 0 1
    outer loop
      vertex -31.1161 -65.1161 6
      vertex -31.1161 -66.8839 6
      vertex -30.9887 -66.7347 6
    endloop
  endfacet
  facet normal 0 0 1
    outer loop
      vertex -31.2653 -64.9887 6
      vertex -31.1161 -66.8839 6
      vertex -31.1161 -65.1161 6
    endloop
  endfacet
  facet normal 0 0 1
    outer loop
      vertex -31.2653 -64.9887 6
      vertex -31.2653 -67.0113 6
      vertex -31.1161 -66.8839 6
    endloop
  endfacet
  facet normal 0 0 1
    outer loop
      vertex -31.4325 -64.8862 6
      vertex -31.2653 -67.0113 6
      vertex -31.2653 -64.9887 6
    endloop
  endfacet
  facet normal 0 0 1
    outer loop
      vertex -31.4325 -64.8862 6
      vertex -31.4325 -67.1138 6
      vertex -31.2653 -67.0113 6
    endloop
  endfacet
  facet normal 0 0 1
    outer loop
      vertex -31.6137 -64.8112 6
      vertex -31.4325 -67.1138 6
      vertex -31.4325 -64.8862 6
    endloop
  endfacet
  facet normal 0 0 1
    outer loop
      vertex -31.6137 -64.8112 6
      vertex -31.6137 -67.1888 6
      vertex -31.4325 -67.1138 6
    endloop
  endfacet
  facet normal 0 0 1
    outer loop
      vertex -31.8045 -64.7654 6
      vertex -31.6137 -67.1888 6
      vertex -31.6137 -64.8112 6
    endloop
  endfacet
  facet normal 0 0 1
    outer loop
      vertex -31.8045 -64.7654 6
      vertex -31.8045 -67.2346 6
      vertex -31.6137 -67.1888 6
    endloop
  endfacet
  facet normal 0 0 1
    outer loop
      vertex -32 -64.75 6
      vertex -31.8045 -67.2346 6
      vertex -31.8045 -64.7654 6
    endloop
  endfacet
  facet normal 0 0 1
    outer loop
      vertex -32 -64.75 6
      vertex -32 -67.25 6
      vertex -31.8045 -67.2346 6
    endloop
  endfacet
  facet normal -0 0 1
    outer loop
      vertex -32.1955 -64.7654 6
      vertex -32 -67.25 6
      vertex -32 -64.75 6
    endloop
  endfacet
  facet normal 0 0 1
    outer loop
      vertex -32.1955 -64.7654 6
      vertex -32.1955 -67.2346 6
      vertex -32 -67.25 6
    endloop
  endfacet
  facet normal -0 0 1
    outer loop
      vertex -32.3863 -64.8112 6
      vertex -32.1955 -67.2346 6
      vertex -32.1955 -64.7654 6
    endloop
  endfacet
  facet normal 0 0 1
    outer loop
      vertex -32.3863 -64.8112 6
      vertex -32.3863 -67.1888 6
      vertex -32.1955 -67.2346 6
    endloop
  endfacet
  facet normal -0 0 1
    outer loop
      vertex -32.5675 -64.8862 6
      vertex -32.3863 -67.1888 6
      vertex -32.3863 -64.8112 6
    endloop
  endfacet
  facet normal 0 0 1
    outer loop
      vertex -32.5675 -64.8862 6
      vertex -32.5675 -67.1138 6
      vertex -32.3863 -67.1888 6
    endloop
  endfacet
  facet normal -0 0 1
    outer loop
      vertex -32.7347 -64.9887 6
      vertex -32.5675 -67.1138 6
      vertex -32.5675 -64.8862 6
    endloop
  endfacet
  facet normal 0 0 1
    outer loop
      vertex -32.7347 -64.9887 6
      vertex -32.7347 -67.0113 6
      vertex -32.5675 -67.1138 6
    endloop
  endfacet
  facet normal -0 0 1
    outer loop
      vertex -32.8839 -65.1161 6
      vertex -32.7347 -67.0113 6
      vertex -32.7347 -64.9887 6
    endloop
  endfacet
  facet normal 0 0 1
    outer loop
      vertex -32.8839 -65.1161 6
      vertex -32.8839 -66.8839 6
      vertex -32.7347 -67.0113 6
    endloop
  endfacet
  facet normal -0 0 1
    outer loop
      vertex -33.0113 -65.2653 6
      vertex -32.8839 -66.8839 6
      vertex -32.8839 -65.1161 6
    endloop
  endfacet
  facet normal 0 0 1
    outer loop
      vertex -33.0113 -65.2653 6
      vertex -33.0113 -66.7347 6
      vertex -32.8839 -66.8839 6
    endloop
  endfacet
  facet normal -0 0 1
    outer loop
      vertex -33.1138 -65.4325 6
      vertex -33.0113 -66.7347 6
      vertex -33.0113 -65.2653 6
    endloop
  endfacet
  facet normal 0 0 1
    outer loop
      vertex -33.1138 -65.4325 6
      vertex -33.1138 -66.5675 6
      vertex -33.0113 -66.7347 6
    endloop
  endfacet
  facet normal -0 0 1
    outer loop
      vertex -33.1888 -65.6137 6
      vertex -33.1138 -66.5675 6
      vertex -33.1138 -65.4325 6
    endloop
  endfacet
  facet normal 0 0 1
    outer loop
      vertex -33.1888 -65.6137 6
      vertex -33.1888 -66.3863 6
      vertex -33.1138 -66.5675 6
    endloop
  endfacet
  facet normal -0 0 1
    outer loop
      vertex -33.2346 -65.8045 6
      vertex -33.1888 -66.3863 6
      vertex -33.1888 -65.6137 6
    endloop
  endfacet
  facet normal 0 0 1
    outer loop
      vertex -33.2346 -65.8045 6
      vertex -33.2346 -66.1955 6
      vertex -33.1888 -66.3863 6
    endloop
  endfacet
  facet normal 0 -0 1
    outer loop
      vertex -33.2346 -66.1955 6
      vertex -33.2346 -65.8045 6
      vertex -33.25 -66 6
    endloop
  endfacet
  facet normal 0.972378 -0.233412 0
    outer loop
      vertex -33.2346 -65.8045 16
      vertex -33.1888 -65.6137 6
      vertex -33.1888 -65.6137 16
    endloop
  endfacet
  facet normal 0.972378 -0.233412 0
    outer loop
      vertex -33.1888 -65.6137 6
      vertex -33.2346 -65.8045 16
      vertex -33.2346 -65.8045 6
    endloop
  endfacet
  facet normal -0.972378 -0.233412 0
    outer loop
      vertex 33.2346 -65.8045 6
      vertex 33.1888 -65.6137 16
      vertex 33.1888 -65.6137 6
    endloop
  endfacet
  facet normal -0.972378 -0.233412 0
    outer loop
      vertex 33.1888 -65.6137 16
      vertex 33.2346 -65.8045 6
      vertex 33.2346 -65.8045 16
    endloop
  endfacet
  facet normal -0.996912 -0.0785291 0
    outer loop
      vertex 33.25 -66 6
      vertex 33.2346 -65.8045 16
      vertex 33.2346 -65.8045 6
    endloop
  endfacet
  facet normal -0.996912 -0.0785291 0
    outer loop
      vertex 33.2346 -65.8045 16
      vertex 33.25 -66 6
      vertex 33.25 -66 16
    endloop
  endfacet
  facet normal -0.233412 -0.972378 0
    outer loop
      vertex 32.1955 -64.7654 6
      vertex 32.3863 -64.8112 16
      vertex 32.1955 -64.7654 16
    endloop
  endfacet
  facet normal -0.233412 -0.972378 -0
    outer loop
      vertex 32.3863 -64.8112 16
      vertex 32.1955 -64.7654 6
      vertex 32.3863 -64.8112 6
    endloop
  endfacet
  facet normal 0.233412 -0.972378 0
    outer loop
      vertex 31.6137 -64.8112 6
      vertex 31.8045 -64.7654 16
      vertex 31.6137 -64.8112 16
    endloop
  endfacet
  facet normal 0.233412 -0.972378 0
    outer loop
      vertex 31.8045 -64.7654 16
      vertex 31.6137 -64.8112 6
      vertex 31.8045 -64.7654 6
    endloop
  endfacet
  facet normal -0.92398 -0.382442 0
    outer loop
      vertex 33.1888 -65.6137 6
      vertex 33.1138 -65.4325 16
      vertex 33.1138 -65.4325 6
    endloop
  endfacet
  facet normal -0.92398 -0.382442 0
    outer loop
      vertex 33.1138 -65.4325 16
      vertex 33.1888 -65.6137 6
      vertex 33.1888 -65.6137 16
    endloop
  endfacet
  facet normal -0.972378 0.233412 0
    outer loop
      vertex 33.1888 -66.3863 6
      vertex 33.2346 -66.1955 16
      vertex 33.2346 -66.1955 6
    endloop
  endfacet
  facet normal -0.972378 0.233412 0
    outer loop
      vertex 33.2346 -66.1955 16
      vertex 33.1888 -66.3863 6
      vertex 33.1888 -66.3863 16
    endloop
  endfacet
  facet normal 0.382442 0.92398 -0
    outer loop
      vertex 31.6137 -67.1888 6
      vertex 31.4325 -67.1138 16
      vertex 31.6137 -67.1888 16
    endloop
  endfacet
  facet normal 0.382442 0.92398 0
    outer loop
      vertex 31.4325 -67.1138 16
      vertex 31.6137 -67.1888 6
      vertex 31.4325 -67.1138 6
    endloop
  endfacet
  facet normal 0.760479 -0.649363 0
    outer loop
      vertex 30.9887 -65.2653 16
      vertex 31.1161 -65.1161 6
      vertex 31.1161 -65.1161 16
    endloop
  endfacet
  facet normal 0.760479 -0.649363 0
    outer loop
      vertex 31.1161 -65.1161 6
      vertex 30.9887 -65.2653 16
      vertex 30.9887 -65.2653 6
    endloop
  endfacet
  facet normal 0.972378 -0.233412 0
    outer loop
      vertex 30.7654 -65.8045 16
      vertex 30.8112 -65.6137 6
      vertex 30.8112 -65.6137 16
    endloop
  endfacet
  facet normal 0.972378 -0.233412 0
    outer loop
      vertex 30.8112 -65.6137 6
      vertex 30.7654 -65.8045 16
      vertex 30.7654 -65.8045 6
    endloop
  endfacet
  facet normal -0.0785291 0.996912 0
    outer loop
      vertex 32.1955 -67.2346 6
      vertex 32 -67.25 16
      vertex 32.1955 -67.2346 16
    endloop
  endfacet
  facet normal -0.0785291 0.996912 0
    outer loop
      vertex 32 -67.25 16
      vertex 32.1955 -67.2346 6
      vertex 32 -67.25 6
    endloop
  endfacet
  facet normal -0.522646 -0.85255 0
    outer loop
      vertex 32.5675 -64.8862 6
      vertex 32.7347 -64.9887 16
      vertex 32.5675 -64.8862 16
    endloop
  endfacet
  facet normal -0.522646 -0.85255 -0
    outer loop
      vertex 32.7347 -64.9887 16
      vertex 32.5675 -64.8862 6
      vertex 32.7347 -64.9887 6
    endloop
  endfacet
  facet normal 0.382442 -0.92398 0
    outer loop
      vertex 31.4325 -64.8862 6
      vertex 31.6137 -64.8112 16
      vertex 31.4325 -64.8862 16
    endloop
  endfacet
  facet normal 0.382442 -0.92398 0
    outer loop
      vertex 31.6137 -64.8112 16
      vertex 31.4325 -64.8862 6
      vertex 31.6137 -64.8112 6
    endloop
  endfacet
  facet normal 0.649363 -0.760479 0
    outer loop
      vertex 31.1161 -65.1161 6
      vertex 31.2653 -64.9887 16
      vertex 31.1161 -65.1161 16
    endloop
  endfacet
  facet normal 0.649363 -0.760479 0
    outer loop
      vertex 31.2653 -64.9887 16
      vertex 31.1161 -65.1161 6
      vertex 31.2653 -64.9887 6
    endloop
  endfacet
  facet normal -0.85255 0.522646 0
    outer loop
      vertex 33.0113 -66.7347 6
      vertex 33.1138 -66.5675 16
      vertex 33.1138 -66.5675 6
    endloop
  endfacet
  facet normal -0.85255 0.522646 0
    outer loop
      vertex 33.1138 -66.5675 16
      vertex 33.0113 -66.7347 6
      vertex 33.0113 -66.7347 16
    endloop
  endfacet
  facet normal -0.85255 -0.522646 0
    outer loop
      vertex 33.1138 -65.4325 6
      vertex 33.0113 -65.2653 16
      vertex 33.0113 -65.2653 6
    endloop
  endfacet
  facet normal -0.85255 -0.522646 0
    outer loop
      vertex 33.0113 -65.2653 16
      vertex 33.1138 -65.4325 6
      vertex 33.1138 -65.4325 16
    endloop
  endfacet
  facet normal -0.0785291 -0.996912 0
    outer loop
      vertex 32 -64.75 6
      vertex 32.1955 -64.7654 16
      vertex 32 -64.75 16
    endloop
  endfacet
  facet normal -0.0785291 -0.996912 -0
    outer loop
      vertex 32.1955 -64.7654 16
      vertex 32 -64.75 6
      vertex 32.1955 -64.7654 6
    endloop
  endfacet
  facet normal -0.996912 0.0785291 0
    outer loop
      vertex 33.2346 -66.1955 6
      vertex 33.25 -66 16
      vertex 33.25 -66 6
    endloop
  endfacet
  facet normal -0.996912 0.0785291 0
    outer loop
      vertex 33.25 -66 16
      vertex 33.2346 -66.1955 6
      vertex 33.2346 -66.1955 16
    endloop
  endfacet
  facet normal -0.382442 -0.92398 0
    outer loop
      vertex 32.3863 -64.8112 6
      vertex 32.5675 -64.8862 16
      vertex 32.3863 -64.8112 16
    endloop
  endfacet
  facet normal -0.382442 -0.92398 -0
    outer loop
      vertex 32.5675 -64.8862 16
      vertex 32.3863 -64.8112 6
      vertex 32.5675 -64.8862 6
    endloop
  endfacet
  facet normal 0 0 1
    outer loop
      vertex 33.2346 -65.8045 6
      vertex 33.2346 -66.1955 6
      vertex 33.25 -66 6
    endloop
  endfacet
  facet normal 0 0 1
    outer loop
      vertex 33.1888 -65.6137 6
      vertex 33.2346 -66.1955 6
      vertex 33.2346 -65.8045 6
    endloop
  endfacet
  facet normal 0 0 1
    outer loop
      vertex 33.1888 -65.6137 6
      vertex 33.1888 -66.3863 6
      vertex 33.2346 -66.1955 6
    endloop
  endfacet
  facet normal 0 0 1
    outer loop
      vertex 33.1138 -65.4325 6
      vertex 33.1888 -66.3863 6
      vertex 33.1888 -65.6137 6
    endloop
  endfacet
  facet normal 0 0 1
    outer loop
      vertex 33.1138 -65.4325 6
      vertex 33.1138 -66.5675 6
      vertex 33.1888 -66.3863 6
    endloop
  endfacet
  facet normal 0 0 1
    outer loop
      vertex 33.0113 -65.2653 6
      vertex 33.1138 -66.5675 6
      vertex 33.1138 -65.4325 6
    endloop
  endfacet
  facet normal 0 0 1
    outer loop
      vertex 33.0113 -65.2653 6
      vertex 33.0113 -66.7347 6
      vertex 33.1138 -66.5675 6
    endloop
  endfacet
  facet normal 0 0 1
    outer loop
      vertex 32.8839 -65.1161 6
      vertex 33.0113 -66.7347 6
      vertex 33.0113 -65.2653 6
    endloop
  endfacet
  facet normal 0 0 1
    outer loop
      vertex 32.8839 -65.1161 6
      vertex 32.8839 -66.8839 6
      vertex 33.0113 -66.7347 6
    endloop
  endfacet
  facet normal 0 0 1
    outer loop
      vertex 32.7347 -64.9887 6
      vertex 32.8839 -66.8839 6
      vertex 32.8839 -65.1161 6
    endloop
  endfacet
  facet normal 0 0 1
    outer loop
      vertex 32.7347 -64.9887 6
      vertex 32.7347 -67.0113 6
      vertex 32.8839 -66.8839 6
    endloop
  endfacet
  facet normal 0 0 1
    outer loop
      vertex 32.5675 -64.8862 6
      vertex 32.7347 -67.0113 6
      vertex 32.7347 -64.9887 6
    endloop
  endfacet
  facet normal 0 0 1
    outer loop
      vertex 32.5675 -64.8862 6
      vertex 32.5675 -67.1138 6
      vertex 32.7347 -67.0113 6
    endloop
  endfacet
  facet normal 0 0 1
    outer loop
      vertex 32.3863 -64.8112 6
      vertex 32.5675 -67.1138 6
      vertex 32.5675 -64.8862 6
    endloop
  endfacet
  facet normal 0 0 1
    outer loop
      vertex 32.3863 -64.8112 6
      vertex 32.3863 -67.1888 6
      vertex 32.5675 -67.1138 6
    endloop
  endfacet
  facet normal 0 0 1
    outer loop
      vertex 32.1955 -64.7654 6
      vertex 32.3863 -67.1888 6
      vertex 32.3863 -64.8112 6
    endloop
  endfacet
  facet normal 0 0 1
    outer loop
      vertex 32.1955 -64.7654 6
      vertex 32.1955 -67.2346 6
      vertex 32.3863 -67.1888 6
    endloop
  endfacet
  facet normal 0 0 1
    outer loop
      vertex 32 -64.75 6
      vertex 32.1955 -67.2346 6
      vertex 32.1955 -64.7654 6
    endloop
  endfacet
  facet normal 0 0 1
    outer loop
      vertex 32 -64.75 6
      vertex 32 -67.25 6
      vertex 32.1955 -67.2346 6
    endloop
  endfacet
  facet normal -0 0 1
    outer loop
      vertex 31.8045 -64.7654 6
      vertex 32 -67.25 6
      vertex 32 -64.75 6
    endloop
  endfacet
  facet normal 0 0 1
    outer loop
      vertex 31.8045 -64.7654 6
      vertex 31.8045 -67.2346 6
      vertex 32 -67.25 6
    endloop
  endfacet
  facet normal -0 0 1
    outer loop
      vertex 31.6137 -64.8112 6
      vertex 31.8045 -67.2346 6
      vertex 31.8045 -64.7654 6
    endloop
  endfacet
  facet normal 0 0 1
    outer loop
      vertex 31.6137 -64.8112 6
      vertex 31.6137 -67.1888 6
      vertex 31.8045 -67.2346 6
    endloop
  endfacet
  facet normal -0 0 1
    outer loop
      vertex 31.4325 -64.8862 6
      vertex 31.6137 -67.1888 6
      vertex 31.6137 -64.8112 6
    endloop
  endfacet
  facet normal 0 0 1
    outer loop
      vertex 31.4325 -64.8862 6
      vertex 31.4325 -67.1138 6
      vertex 31.6137 -67.1888 6
    endloop
  endfacet
  facet normal -0 0 1
    outer loop
      vertex 31.2653 -64.9887 6
      vertex 31.4325 -67.1138 6
      vertex 31.4325 -64.8862 6
    endloop
  endfacet
  facet normal 0 0 1
    outer loop
      vertex 31.2653 -64.9887 6
      vertex 31.2653 -67.0113 6
      vertex 31.4325 -67.1138 6
    endloop
  endfacet
  facet normal -0 0 1
    outer loop
      vertex 31.1161 -65.1161 6
      vertex 31.2653 -67.0113 6
      vertex 31.2653 -64.9887 6
    endloop
  endfacet
  facet normal 0 0 1
    outer loop
      vertex 31.1161 -65.1161 6
      vertex 31.1161 -66.8839 6
      vertex 31.2653 -67.0113 6
    endloop
  endfacet
  facet normal -0 0 1
    outer loop
      vertex 30.9887 -65.2653 6
      vertex 31.1161 -66.8839 6
      vertex 31.1161 -65.1161 6
    endloop
  endfacet
  facet normal 0 0 1
    outer loop
      vertex 30.9887 -65.2653 6
      vertex 30.9887 -66.7347 6
      vertex 31.1161 -66.8839 6
    endloop
  endfacet
  facet normal -0 0 1
    outer loop
      vertex 30.8862 -65.4325 6
      vertex 30.9887 -66.7347 6
      vertex 30.9887 -65.2653 6
    endloop
  endfacet
  facet normal 0 0 1
    outer loop
      vertex 30.8862 -65.4325 6
      vertex 30.8862 -66.5675 6
      vertex 30.9887 -66.7347 6
    endloop
  endfacet
  facet normal -0 0 1
    outer loop
      vertex 30.8112 -65.6137 6
      vertex 30.8862 -66.5675 6
      vertex 30.8862 -65.4325 6
    endloop
  endfacet
  facet normal 0 0 1
    outer loop
      vertex 30.8112 -65.6137 6
      vertex 30.8112 -66.3863 6
      vertex 30.8862 -66.5675 6
    endloop
  endfacet
  facet normal -0 0 1
    outer loop
      vertex 30.7654 -65.8045 6
      vertex 30.8112 -66.3863 6
      vertex 30.8112 -65.6137 6
    endloop
  endfacet
  facet normal 0 0 1
    outer loop
      vertex 30.7654 -65.8045 6
      vertex 30.7654 -66.1955 6
      vertex 30.8112 -66.3863 6
    endloop
  endfacet
  facet normal 0 -0 1
    outer loop
      vertex 30.7654 -66.1955 6
      vertex 30.7654 -65.8045 6
      vertex 30.75 -66 6
    endloop
  endfacet
  facet normal -0.233412 0.972378 0
    outer loop
      vertex 32.3863 -67.1888 6
      vertex 32.1955 -67.2346 16
      vertex 32.3863 -67.1888 16
    endloop
  endfacet
  facet normal -0.233412 0.972378 0
    outer loop
      vertex 32.1955 -67.2346 16
      vertex 32.3863 -67.1888 6
      vertex 32.1955 -67.2346 6
    endloop
  endfacet
  facet normal 0.760479 0.649363 0
    outer loop
      vertex 31.1161 -66.8839 16
      vertex 30.9887 -66.7347 6
      vertex 30.9887 -66.7347 16
    endloop
  endfacet
  facet normal 0.760479 0.649363 0
    outer loop
      vertex 30.9887 -66.7347 6
      vertex 31.1161 -66.8839 16
      vertex 31.1161 -66.8839 6
    endloop
  endfacet
  facet normal -0.382442 0.92398 0
    outer loop
      vertex 32.5675 -67.1138 6
      vertex 32.3863 -67.1888 16
      vertex 32.5675 -67.1138 16
    endloop
  endfacet
  facet normal -0.382442 0.92398 0
    outer loop
      vertex 32.3863 -67.1888 16
      vertex 32.5675 -67.1138 6
      vertex 32.3863 -67.1888 6
    endloop
  endfacet
  facet normal -0.92398 0.382442 0
    outer loop
      vertex 33.1138 -66.5675 6
      vertex 33.1888 -66.3863 16
      vertex 33.1888 -66.3863 6
    endloop
  endfacet
  facet normal -0.92398 0.382442 0
    outer loop
      vertex 33.1888 -66.3863 16
      vertex 33.1138 -66.5675 6
      vertex 33.1138 -66.5675 16
    endloop
  endfacet
  facet normal -0.649363 -0.760479 0
    outer loop
      vertex 32.7347 -64.9887 6
      vertex 32.8839 -65.1161 16
      vertex 32.7347 -64.9887 16
    endloop
  endfacet
  facet normal -0.649363 -0.760479 -0
    outer loop
      vertex 32.8839 -65.1161 16
      vertex 32.7347 -64.9887 6
      vertex 32.8839 -65.1161 6
    endloop
  endfacet
  facet normal 0.996912 0.0785291 0
    outer loop
      vertex 30.7654 -66.1955 16
      vertex 30.75 -66 6
      vertex 30.75 -66 16
    endloop
  endfacet
  facet normal 0.996912 0.0785291 0
    outer loop
      vertex 30.75 -66 6
      vertex 30.7654 -66.1955 16
      vertex 30.7654 -66.1955 6
    endloop
  endfacet
  facet normal 0.233412 0.972378 -0
    outer loop
      vertex 31.8045 -67.2346 6
      vertex 31.6137 -67.1888 16
      vertex 31.8045 -67.2346 16
    endloop
  endfacet
  facet normal 0.233412 0.972378 0
    outer loop
      vertex 31.6137 -67.1888 16
      vertex 31.8045 -67.2346 6
      vertex 31.6137 -67.1888 6
    endloop
  endfacet
  facet normal -0.760479 -0.649363 0
    outer loop
      vertex 33.0113 -65.2653 6
      vertex 32.8839 -65.1161 16
      vertex 32.8839 -65.1161 6
    endloop
  endfacet
  facet normal -0.760479 -0.649363 0
    outer loop
      vertex 32.8839 -65.1161 16
      vertex 33.0113 -65.2653 6
      vertex 33.0113 -65.2653 16
    endloop
  endfacet
  facet normal 0.522646 0.85255 -0
    outer loop
      vertex 31.4325 -67.1138 6
      vertex 31.2653 -67.0113 16
      vertex 31.4325 -67.1138 16
    endloop
  endfacet
  facet normal 0.522646 0.85255 0
    outer loop
      vertex 31.2653 -67.0113 16
      vertex 31.4325 -67.1138 6
      vertex 31.2653 -67.0113 6
    endloop
  endfacet
  facet normal 0.0785291 0.996912 -0
    outer loop
      vertex 32 -67.25 6
      vertex 31.8045 -67.2346 16
      vertex 32 -67.25 16
    endloop
  endfacet
  facet normal 0.0785291 0.996912 0
    outer loop
      vertex 31.8045 -67.2346 16
      vertex 32 -67.25 6
      vertex 31.8045 -67.2346 6
    endloop
  endfacet
  facet normal 0.972378 0.233412 0
    outer loop
      vertex 30.8112 -66.3863 16
      vertex 30.7654 -66.1955 6
      vertex 30.7654 -66.1955 16
    endloop
  endfacet
  facet normal 0.972378 0.233412 0
    outer loop
      vertex 30.7654 -66.1955 6
      vertex 30.8112 -66.3863 16
      vertex 30.8112 -66.3863 6
    endloop
  endfacet
  facet normal -0.649363 0.760479 0
    outer loop
      vertex 32.8839 -66.8839 6
      vertex 32.7347 -67.0113 16
      vertex 32.8839 -66.8839 16
    endloop
  endfacet
  facet normal -0.649363 0.760479 0
    outer loop
      vertex 32.7347 -67.0113 16
      vertex 32.8839 -66.8839 6
      vertex 32.7347 -67.0113 6
    endloop
  endfacet
  facet normal 0.0785291 -0.996912 0
    outer loop
      vertex 31.8045 -64.7654 6
      vertex 32 -64.75 16
      vertex 31.8045 -64.7654 16
    endloop
  endfacet
  facet normal 0.0785291 -0.996912 0
    outer loop
      vertex 32 -64.75 16
      vertex 31.8045 -64.7654 6
      vertex 32 -64.75 6
    endloop
  endfacet
  facet normal 0.92398 0.382442 0
    outer loop
      vertex 30.8862 -66.5675 16
      vertex 30.8112 -66.3863 6
      vertex 30.8112 -66.3863 16
    endloop
  endfacet
  facet normal 0.92398 0.382442 0
    outer loop
      vertex 30.8112 -66.3863 6
      vertex 30.8862 -66.5675 16
      vertex 30.8862 -66.5675 6
    endloop
  endfacet
  facet normal -0.522646 0.85255 0
    outer loop
      vertex 32.7347 -67.0113 6
      vertex 32.5675 -67.1138 16
      vertex 32.7347 -67.0113 16
    endloop
  endfacet
  facet normal -0.522646 0.85255 0
    outer loop
      vertex 32.5675 -67.1138 16
      vertex 32.7347 -67.0113 6
      vertex 32.5675 -67.1138 6
    endloop
  endfacet
  facet normal -0.760479 0.649363 0
    outer loop
      vertex 32.8839 -66.8839 6
      vertex 33.0113 -66.7347 16
      vertex 33.0113 -66.7347 6
    endloop
  endfacet
  facet normal -0.760479 0.649363 0
    outer loop
      vertex 33.0113 -66.7347 16
      vertex 32.8839 -66.8839 6
      vertex 32.8839 -66.8839 16
    endloop
  endfacet
  facet normal 0.85255 0.522646 0
    outer loop
      vertex 30.9887 -66.7347 16
      vertex 30.8862 -66.5675 6
      vertex 30.8862 -66.5675 16
    endloop
  endfacet
  facet normal 0.85255 0.522646 0
    outer loop
      vertex 30.8862 -66.5675 6
      vertex 30.9887 -66.7347 16
      vertex 30.9887 -66.7347 6
    endloop
  endfacet
  facet normal 0.649363 0.760479 -0
    outer loop
      vertex 31.2653 -67.0113 6
      vertex 31.1161 -66.8839 16
      vertex 31.2653 -67.0113 16
    endloop
  endfacet
  facet normal 0.649363 0.760479 0
    outer loop
      vertex 31.1161 -66.8839 16
      vertex 31.2653 -67.0113 6
      vertex 31.1161 -66.8839 6
    endloop
  endfacet
  facet normal 0.996912 -0.0785291 0
    outer loop
      vertex 30.75 -66 16
      vertex 30.7654 -65.8045 6
      vertex 30.7654 -65.8045 16
    endloop
  endfacet
  facet normal 0.996912 -0.0785291 0
    outer loop
      vertex 30.7654 -65.8045 6
      vertex 30.75 -66 16
      vertex 30.75 -66 6
    endloop
  endfacet
  facet normal 0.92398 -0.382442 0
    outer loop
      vertex 30.8112 -65.6137 16
      vertex 30.8862 -65.4325 6
      vertex 30.8862 -65.4325 16
    endloop
  endfacet
  facet normal 0.92398 -0.382442 0
    outer loop
      vertex 30.8862 -65.4325 6
      vertex 30.8112 -65.6137 16
      vertex 30.8112 -65.6137 6
    endloop
  endfacet
  facet normal 0.85255 -0.522646 0
    outer loop
      vertex 30.8862 -65.4325 16
      vertex 30.9887 -65.2653 6
      vertex 30.9887 -65.2653 16
    endloop
  endfacet
  facet normal 0.85255 -0.522646 0
    outer loop
      vertex 30.9887 -65.2653 6
      vertex 30.8862 -65.4325 16
      vertex 30.8862 -65.4325 6
    endloop
  endfacet
  facet normal 0.522646 -0.85255 0
    outer loop
      vertex 31.2653 -64.9887 6
      vertex 31.4325 -64.8862 16
      vertex 31.2653 -64.9887 16
    endloop
  endfacet
  facet normal 0.522646 -0.85255 0
    outer loop
      vertex 31.4325 -64.8862 16
      vertex 31.2653 -64.9887 6
      vertex 31.4325 -64.8862 6
    endloop
  endfacet
  facet normal -0.972378 -0.233412 0
    outer loop
      vertex -30.7654 -23.8045 6
      vertex -30.8112 -23.6137 16
      vertex -30.8112 -23.6137 6
    endloop
  endfacet
  facet normal -0.972378 -0.233412 0
    outer loop
      vertex -30.8112 -23.6137 16
      vertex -30.7654 -23.8045 6
      vertex -30.7654 -23.8045 16
    endloop
  endfacet
  facet normal -0.996912 -0.0785291 0
    outer loop
      vertex -30.75 -24 6
      vertex -30.7654 -23.8045 16
      vertex -30.7654 -23.8045 6
    endloop
  endfacet
  facet normal -0.996912 -0.0785291 0
    outer loop
      vertex -30.7654 -23.8045 16
      vertex -30.75 -24 6
      vertex -30.75 -24 16
    endloop
  endfacet
  facet normal -0.0785291 0.996912 0
    outer loop
      vertex -31.8045 -25.2346 6
      vertex -32 -25.25 16
      vertex -31.8045 -25.2346 16
    endloop
  endfacet
  facet normal -0.0785291 0.996912 0
    outer loop
      vertex -32 -25.25 16
      vertex -31.8045 -25.2346 6
      vertex -32 -25.25 6
    endloop
  endfacet
  facet normal -0.92398 -0.382442 0
    outer loop
      vertex -30.8112 -23.6137 6
      vertex -30.8862 -23.4325 16
      vertex -30.8862 -23.4325 6
    endloop
  endfacet
  facet normal -0.92398 -0.382442 0
    outer loop
      vertex -30.8862 -23.4325 16
      vertex -30.8112 -23.6137 6
      vertex -30.8112 -23.6137 16
    endloop
  endfacet
  facet normal 0.522646 0.85255 -0
    outer loop
      vertex -32.5675 -25.1138 6
      vertex -32.7347 -25.0113 16
      vertex -32.5675 -25.1138 16
    endloop
  endfacet
  facet normal 0.522646 0.85255 0
    outer loop
      vertex -32.7347 -25.0113 16
      vertex -32.5675 -25.1138 6
      vertex -32.7347 -25.0113 6
    endloop
  endfacet
  facet normal 0.0785291 -0.996912 0
    outer loop
      vertex -32.1955 -22.7654 6
      vertex -32 -22.75 16
      vertex -32.1955 -22.7654 16
    endloop
  endfacet
  facet normal 0.0785291 -0.996912 0
    outer loop
      vertex -32 -22.75 16
      vertex -32.1955 -22.7654 6
      vertex -32 -22.75 6
    endloop
  endfacet
  facet normal -0.649363 0.760479 0
    outer loop
      vertex -31.1161 -24.8839 6
      vertex -31.2653 -25.0113 16
      vertex -31.1161 -24.8839 16
    endloop
  endfacet
  facet normal -0.649363 0.760479 0
    outer loop
      vertex -31.2653 -25.0113 16
      vertex -31.1161 -24.8839 6
      vertex -31.2653 -25.0113 6
    endloop
  endfacet
  facet normal 0.996912 0.0785291 0
    outer loop
      vertex -33.2346 -24.1955 16
      vertex -33.25 -24 6
      vertex -33.25 -24 16
    endloop
  endfacet
  facet normal 0.996912 0.0785291 0
    outer loop
      vertex -33.25 -24 6
      vertex -33.2346 -24.1955 16
      vertex -33.2346 -24.1955 6
    endloop
  endfacet
  facet normal 0.233412 0.972378 -0
    outer loop
      vertex -32.1955 -25.2346 6
      vertex -32.3863 -25.1888 16
      vertex -32.1955 -25.2346 16
    endloop
  endfacet
  facet normal 0.233412 0.972378 0
    outer loop
      vertex -32.3863 -25.1888 16
      vertex -32.1955 -25.2346 6
      vertex -32.3863 -25.1888 6
    endloop
  endfacet
  facet normal -0.233412 -0.972378 0
    outer loop
      vertex -31.8045 -22.7654 6
      vertex -31.6137 -22.8112 16
      vertex -31.8045 -22.7654 16
    endloop
  endfacet
  facet normal -0.233412 -0.972378 -0
    outer loop
      vertex -31.6137 -22.8112 16
      vertex -31.8045 -22.7654 6
      vertex -31.6137 -22.8112 6
    endloop
  endfacet
  facet normal 0.522646 -0.85255 0
    outer loop
      vertex -32.7347 -22.9887 6
      vertex -32.5675 -22.8862 16
      vertex -32.7347 -22.9887 16
    endloop
  endfacet
  facet normal 0.522646 -0.85255 0
    outer loop
      vertex -32.5675 -22.8862 16
      vertex -32.7347 -22.9887 6
      vertex -32.5675 -22.8862 6
    endloop
  endfacet
  facet normal 0.85255 0.522646 0
    outer loop
      vertex -33.0113 -24.7347 16
      vertex -33.1138 -24.5675 6
      vertex -33.1138 -24.5675 16
    endloop
  endfacet
  facet normal 0.85255 0.522646 0
    outer loop
      vertex -33.1138 -24.5675 6
      vertex -33.0113 -24.7347 16
      vertex -33.0113 -24.7347 6
    endloop
  endfacet
  facet normal 0.649363 -0.760479 0
    outer loop
      vertex -32.8839 -23.1161 6
      vertex -32.7347 -22.9887 16
      vertex -32.8839 -23.1161 16
    endloop
  endfacet
  facet normal 0.649363 -0.760479 0
    outer loop
      vertex -32.7347 -22.9887 16
      vertex -32.8839 -23.1161 6
      vertex -32.7347 -22.9887 6
    endloop
  endfacet
  facet normal 0.382442 -0.92398 0
    outer loop
      vertex -32.5675 -22.8862 6
      vertex -32.3863 -22.8112 16
      vertex -32.5675 -22.8862 16
    endloop
  endfacet
  facet normal 0.382442 -0.92398 0
    outer loop
      vertex -32.3863 -22.8112 16
      vertex -32.5675 -22.8862 6
      vertex -32.3863 -22.8112 6
    endloop
  endfacet
  facet normal -0.85255 0.522646 0
    outer loop
      vertex -30.9887 -24.7347 6
      vertex -30.8862 -24.5675 16
      vertex -30.8862 -24.5675 6
    endloop
  endfacet
  facet normal -0.85255 0.522646 0
    outer loop
      vertex -30.8862 -24.5675 16
      vertex -30.9887 -24.7347 6
      vertex -30.9887 -24.7347 16
    endloop
  endfacet
  facet normal 0.382442 0.92398 -0
    outer loop
      vertex -32.3863 -25.1888 6
      vertex -32.5675 -25.1138 16
      vertex -32.3863 -25.1888 16
    endloop
  endfacet
  facet normal 0.382442 0.92398 0
    outer loop
      vertex -32.5675 -25.1138 16
      vertex -32.3863 -25.1888 6
      vertex -32.5675 -25.1138 6
    endloop
  endfacet
  facet normal -0.382442 0.92398 0
    outer loop
      vertex -31.4325 -25.1138 6
      vertex -31.6137 -25.1888 16
      vertex -31.4325 -25.1138 16
    endloop
  endfacet
  facet normal -0.382442 0.92398 0
    outer loop
      vertex -31.6137 -25.1888 16
      vertex -31.4325 -25.1138 6
      vertex -31.6137 -25.1888 6
    endloop
  endfacet
  facet normal 0.760479 0.649363 0
    outer loop
      vertex -32.8839 -24.8839 16
      vertex -33.0113 -24.7347 6
      vertex -33.0113 -24.7347 16
    endloop
  endfacet
  facet normal 0.760479 0.649363 0
    outer loop
      vertex -33.0113 -24.7347 6
      vertex -32.8839 -24.8839 16
      vertex -32.8839 -24.8839 6
    endloop
  endfacet
  facet normal -0.996912 0.0785291 0
    outer loop
      vertex -30.7654 -24.1955 6
      vertex -30.75 -24 16
      vertex -30.75 -24 6
    endloop
  endfacet
  facet normal -0.996912 0.0785291 0
    outer loop
      vertex -30.75 -24 16
      vertex -30.7654 -24.1955 6
      vertex -30.7654 -24.1955 16
    endloop
  endfacet
  facet normal 0.972378 0.233412 0
    outer loop
      vertex -33.1888 -24.3863 16
      vertex -33.2346 -24.1955 6
      vertex -33.2346 -24.1955 16
    endloop
  endfacet
  facet normal 0.972378 0.233412 0
    outer loop
      vertex -33.2346 -24.1955 6
      vertex -33.1888 -24.3863 16
      vertex -33.1888 -24.3863 6
    endloop
  endfacet
  facet normal 0.92398 0.382442 0
    outer loop
      vertex -33.1138 -24.5675 16
      vertex -33.1888 -24.3863 6
      vertex -33.1888 -24.3863 16
    endloop
  endfacet
  facet normal 0.92398 0.382442 0
    outer loop
      vertex -33.1888 -24.3863 6
      vertex -33.1138 -24.5675 16
      vertex -33.1138 -24.5675 6
    endloop
  endfacet
  facet normal -0.85255 -0.522646 0
    outer loop
      vertex -30.8862 -23.4325 6
      vertex -30.9887 -23.2653 16
      vertex -30.9887 -23.2653 6
    endloop
  endfacet
  facet normal -0.85255 -0.522646 0
    outer loop
      vertex -30.9887 -23.2653 16
      vertex -30.8862 -23.4325 6
      vertex -30.8862 -23.4325 16
    endloop
  endfacet
  facet normal -0.92398 0.382442 0
    outer loop
      vertex -30.8862 -24.5675 6
      vertex -30.8112 -24.3863 16
      vertex -30.8112 -24.3863 6
    endloop
  endfacet
  facet normal -0.92398 0.382442 0
    outer loop
      vertex -30.8112 -24.3863 16
      vertex -30.8862 -24.5675 6
      vertex -30.8862 -24.5675 16
    endloop
  endfacet
  facet normal -0.382442 -0.92398 0
    outer loop
      vertex -31.6137 -22.8112 6
      vertex -31.4325 -22.8862 16
      vertex -31.6137 -22.8112 16
    endloop
  endfacet
  facet normal -0.382442 -0.92398 -0
    outer loop
      vertex -31.4325 -22.8862 16
      vertex -31.6137 -22.8112 6
      vertex -31.4325 -22.8862 6
    endloop
  endfacet
  facet normal -0.522646 -0.85255 0
    outer loop
      vertex -31.4325 -22.8862 6
      vertex -31.2653 -22.9887 16
      vertex -31.4325 -22.8862 16
    endloop
  endfacet
  facet normal -0.522646 -0.85255 -0
    outer loop
      vertex -31.2653 -22.9887 16
      vertex -31.4325 -22.8862 6
      vertex -31.2653 -22.9887 6
    endloop
  endfacet
  facet normal -0.649363 -0.760479 0
    outer loop
      vertex -31.2653 -22.9887 6
      vertex -31.1161 -23.1161 16
      vertex -31.2653 -22.9887 16
    endloop
  endfacet
  facet normal -0.649363 -0.760479 -0
    outer loop
      vertex -31.1161 -23.1161 16
      vertex -31.2653 -22.9887 6
      vertex -31.1161 -23.1161 6
    endloop
  endfacet
  facet normal 0.0785291 0.996912 -0
    outer loop
      vertex -32 -25.25 6
      vertex -32.1955 -25.2346 16
      vertex -32 -25.25 16
    endloop
  endfacet
  facet normal 0.0785291 0.996912 0
    outer loop
      vertex -32.1955 -25.2346 16
      vertex -32 -25.25 6
      vertex -32.1955 -25.2346 6
    endloop
  endfacet
  facet normal 0.92398 -0.382442 0
    outer loop
      vertex -33.1888 -23.6137 16
      vertex -33.1138 -23.4325 6
      vertex -33.1138 -23.4325 16
    endloop
  endfacet
  facet normal 0.92398 -0.382442 0
    outer loop
      vertex -33.1138 -23.4325 6
      vertex -33.1888 -23.6137 16
      vertex -33.1888 -23.6137 6
    endloop
  endfacet
  facet normal 0.233412 -0.972378 0
    outer loop
      vertex -32.3863 -22.8112 6
      vertex -32.1955 -22.7654 16
      vertex -32.3863 -22.8112 16
    endloop
  endfacet
  facet normal 0.233412 -0.972378 0
    outer loop
      vertex -32.1955 -22.7654 16
      vertex -32.3863 -22.8112 6
      vertex -32.1955 -22.7654 6
    endloop
  endfacet
  facet normal -0.760479 -0.649363 0
    outer loop
      vertex -30.9887 -23.2653 6
      vertex -31.1161 -23.1161 16
      vertex -31.1161 -23.1161 6
    endloop
  endfacet
  facet normal -0.760479 -0.649363 0
    outer loop
      vertex -31.1161 -23.1161 16
      vertex -30.9887 -23.2653 6
      vertex -30.9887 -23.2653 16
    endloop
  endfacet
  facet normal -0.522646 0.85255 0
    outer loop
      vertex -31.2653 -25.0113 6
      vertex -31.4325 -25.1138 16
      vertex -31.2653 -25.0113 16
    endloop
  endfacet
  facet normal -0.522646 0.85255 0
    outer loop
      vertex -31.4325 -25.1138 16
      vertex -31.2653 -25.0113 6
      vertex -31.4325 -25.1138 6
    endloop
  endfacet
  facet normal -0.233412 0.972378 0
    outer loop
      vertex -31.6137 -25.1888 6
      vertex -31.8045 -25.2346 16
      vertex -31.6137 -25.1888 16
    endloop
  endfacet
  facet normal -0.233412 0.972378 0
    outer loop
      vertex -31.8045 -25.2346 16
      vertex -31.6137 -25.1888 6
      vertex -31.8045 -25.2346 6
    endloop
  endfacet
  facet normal 0.85255 -0.522646 0
    outer loop
      vertex -33.1138 -23.4325 16
      vertex -33.0113 -23.2653 6
      vertex -33.0113 -23.2653 16
    endloop
  endfacet
  facet normal 0.85255 -0.522646 0
    outer loop
      vertex -33.0113 -23.2653 6
      vertex -33.1138 -23.4325 16
      vertex -33.1138 -23.4325 6
    endloop
  endfacet
  facet normal 0.649363 0.760479 -0
    outer loop
      vertex -32.7347 -25.0113 6
      vertex -32.8839 -24.8839 16
      vertex -32.7347 -25.0113 16
    endloop
  endfacet
  facet normal 0.649363 0.760479 0
    outer loop
      vertex -32.8839 -24.8839 16
      vertex -32.7347 -25.0113 6
      vertex -32.8839 -24.8839 6
    endloop
  endfacet
  facet normal 0.996912 -0.0785291 0
    outer loop
      vertex -33.25 -24 16
      vertex -33.2346 -23.8045 6
      vertex -33.2346 -23.8045 16
    endloop
  endfacet
  facet normal 0.996912 -0.0785291 0
    outer loop
      vertex -33.2346 -23.8045 6
      vertex -33.25 -24 16
      vertex -33.25 -24 6
    endloop
  endfacet
  facet normal -0.760479 0.649363 0
    outer loop
      vertex -31.1161 -24.8839 6
      vertex -30.9887 -24.7347 16
      vertex -30.9887 -24.7347 6
    endloop
  endfacet
  facet normal -0.760479 0.649363 0
    outer loop
      vertex -30.9887 -24.7347 16
      vertex -31.1161 -24.8839 6
      vertex -31.1161 -24.8839 16
    endloop
  endfacet
  facet normal 0.760479 -0.649363 0
    outer loop
      vertex -33.0113 -23.2653 16
      vertex -32.8839 -23.1161 6
      vertex -32.8839 -23.1161 16
    endloop
  endfacet
  facet normal 0.760479 -0.649363 0
    outer loop
      vertex -32.8839 -23.1161 6
      vertex -33.0113 -23.2653 16
      vertex -33.0113 -23.2653 6
    endloop
  endfacet
  facet normal -0.972378 0.233412 0
    outer loop
      vertex -30.8112 -24.3863 6
      vertex -30.7654 -24.1955 16
      vertex -30.7654 -24.1955 6
    endloop
  endfacet
  facet normal -0.972378 0.233412 0
    outer loop
      vertex -30.7654 -24.1955 16
      vertex -30.8112 -24.3863 6
      vertex -30.8112 -24.3863 16
    endloop
  endfacet
  facet normal 0.972378 -0.233412 0
    outer loop
      vertex -33.2346 -23.8045 16
      vertex -33.1888 -23.6137 6
      vertex -33.1888 -23.6137 16
    endloop
  endfacet
  facet normal 0.972378 -0.233412 0
    outer loop
      vertex -33.1888 -23.6137 6
      vertex -33.2346 -23.8045 16
      vertex -33.2346 -23.8045 6
    endloop
  endfacet
  facet normal -0.0785291 -0.996912 0
    outer loop
      vertex -32 -22.75 6
      vertex -31.8045 -22.7654 16
      vertex -32 -22.75 16
    endloop
  endfacet
  facet normal -0.0785291 -0.996912 -0
    outer loop
      vertex -31.8045 -22.7654 16
      vertex -32 -22.75 6
      vertex -31.8045 -22.7654 6
    endloop
  endfacet
  facet normal 0 0 1
    outer loop
      vertex -30.7654 -23.8045 6
      vertex -30.7654 -24.1955 6
      vertex -30.75 -24 6
    endloop
  endfacet
  facet normal 0 0 1
    outer loop
      vertex -30.8112 -23.6137 6
      vertex -30.7654 -24.1955 6
      vertex -30.7654 -23.8045 6
    endloop
  endfacet
  facet normal 0 0 1
    outer loop
      vertex -30.8112 -23.6137 6
      vertex -30.8112 -24.3863 6
      vertex -30.7654 -24.1955 6
    endloop
  endfacet
  facet normal 0 0 1
    outer loop
      vertex -30.8862 -23.4325 6
      vertex -30.8112 -24.3863 6
      vertex -30.8112 -23.6137 6
    endloop
  endfacet
  facet normal 0 0 1
    outer loop
      vertex -30.8862 -23.4325 6
      vertex -30.8862 -24.5675 6
      vertex -30.8112 -24.3863 6
    endloop
  endfacet
  facet normal 0 0 1
    outer loop
      vertex -30.9887 -23.2653 6
      vertex -30.8862 -24.5675 6
      vertex -30.8862 -23.4325 6
    endloop
  endfacet
  facet normal 0 0 1
    outer loop
      vertex -30.9887 -23.2653 6
      vertex -30.9887 -24.7347 6
      vertex -30.8862 -24.5675 6
    endloop
  endfacet
  facet normal 0 0 1
    outer loop
      vertex -31.1161 -23.1161 6
      vertex -30.9887 -24.7347 6
      vertex -30.9887 -23.2653 6
    endloop
  endfacet
  facet normal 0 0 1
    outer loop
      vertex -31.1161 -23.1161 6
      vertex -31.1161 -24.8839 6
      vertex -30.9887 -24.7347 6
    endloop
  endfacet
  facet normal 0 0 1
    outer loop
      vertex -31.2653 -22.9887 6
      vertex -31.1161 -24.8839 6
      vertex -31.1161 -23.1161 6
    endloop
  endfacet
  facet normal 0 0 1
    outer loop
      vertex -31.2653 -22.9887 6
      vertex -31.2653 -25.0113 6
      vertex -31.1161 -24.8839 6
    endloop
  endfacet
  facet normal 0 0 1
    outer loop
      vertex -31.4325 -22.8862 6
      vertex -31.2653 -25.0113 6
      vertex -31.2653 -22.9887 6
    endloop
  endfacet
  facet normal 0 0 1
    outer loop
      vertex -31.4325 -22.8862 6
      vertex -31.4325 -25.1138 6
      vertex -31.2653 -25.0113 6
    endloop
  endfacet
  facet normal 0 0 1
    outer loop
      vertex -31.6137 -22.8112 6
      vertex -31.4325 -25.1138 6
      vertex -31.4325 -22.8862 6
    endloop
  endfacet
  facet normal 0 0 1
    outer loop
      vertex -31.6137 -22.8112 6
      vertex -31.6137 -25.1888 6
      vertex -31.4325 -25.1138 6
    endloop
  endfacet
  facet normal 0 0 1
    outer loop
      vertex -31.8045 -22.7654 6
      vertex -31.6137 -25.1888 6
      vertex -31.6137 -22.8112 6
    endloop
  endfacet
  facet normal 0 0 1
    outer loop
      vertex -31.8045 -22.7654 6
      vertex -31.8045 -25.2346 6
      vertex -31.6137 -25.1888 6
    endloop
  endfacet
  facet normal 0 0 1
    outer loop
      vertex -32 -22.75 6
      vertex -31.8045 -25.2346 6
      vertex -31.8045 -22.7654 6
    endloop
  endfacet
  facet normal 0 0 1
    outer loop
      vertex -32 -22.75 6
      vertex -32 -25.25 6
      vertex -31.8045 -25.2346 6
    endloop
  endfacet
  facet normal -0 0 1
    outer loop
      vertex -32.1955 -22.7654 6
      vertex -32 -25.25 6
      vertex -32 -22.75 6
    endloop
  endfacet
  facet normal 0 0 1
    outer loop
      vertex -32.1955 -22.7654 6
      vertex -32.1955 -25.2346 6
      vertex -32 -25.25 6
    endloop
  endfacet
  facet normal -0 0 1
    outer loop
      vertex -32.3863 -22.8112 6
      vertex -32.1955 -25.2346 6
      vertex -32.1955 -22.7654 6
    endloop
  endfacet
  facet normal 0 0 1
    outer loop
      vertex -32.3863 -22.8112 6
      vertex -32.3863 -25.1888 6
      vertex -32.1955 -25.2346 6
    endloop
  endfacet
  facet normal -0 0 1
    outer loop
      vertex -32.5675 -22.8862 6
      vertex -32.3863 -25.1888 6
      vertex -32.3863 -22.8112 6
    endloop
  endfacet
  facet normal 0 0 1
    outer loop
      vertex -32.5675 -22.8862 6
      vertex -32.5675 -25.1138 6
      vertex -32.3863 -25.1888 6
    endloop
  endfacet
  facet normal -0 0 1
    outer loop
      vertex -32.7347 -22.9887 6
      vertex -32.5675 -25.1138 6
      vertex -32.5675 -22.8862 6
    endloop
  endfacet
  facet normal 0 0 1
    outer loop
      vertex -32.7347 -22.9887 6
      vertex -32.7347 -25.0113 6
      vertex -32.5675 -25.1138 6
    endloop
  endfacet
  facet normal -0 0 1
    outer loop
      vertex -32.8839 -23.1161 6
      vertex -32.7347 -25.0113 6
      vertex -32.7347 -22.9887 6
    endloop
  endfacet
  facet normal 0 0 1
    outer loop
      vertex -32.8839 -23.1161 6
      vertex -32.8839 -24.8839 6
      vertex -32.7347 -25.0113 6
    endloop
  endfacet
  facet normal -0 0 1
    outer loop
      vertex -33.0113 -23.2653 6
      vertex -32.8839 -24.8839 6
      vertex -32.8839 -23.1161 6
    endloop
  endfacet
  facet normal 0 0 1
    outer loop
      vertex -33.0113 -23.2653 6
      vertex -33.0113 -24.7347 6
      vertex -32.8839 -24.8839 6
    endloop
  endfacet
  facet normal -0 0 1
    outer loop
      vertex -33.1138 -23.4325 6
      vertex -33.0113 -24.7347 6
      vertex -33.0113 -23.2653 6
    endloop
  endfacet
  facet normal 0 0 1
    outer loop
      vertex -33.1138 -23.4325 6
      vertex -33.1138 -24.5675 6
      vertex -33.0113 -24.7347 6
    endloop
  endfacet
  facet normal -0 0 1
    outer loop
      vertex -33.1888 -23.6137 6
      vertex -33.1138 -24.5675 6
      vertex -33.1138 -23.4325 6
    endloop
  endfacet
  facet normal 0 0 1
    outer loop
      vertex -33.1888 -23.6137 6
      vertex -33.1888 -24.3863 6
      vertex -33.1138 -24.5675 6
    endloop
  endfacet
  facet normal -0 0 1
    outer loop
      vertex -33.2346 -23.8045 6
      vertex -33.1888 -24.3863 6
      vertex -33.1888 -23.6137 6
    endloop
  endfacet
  facet normal 0 0 1
    outer loop
      vertex -33.2346 -23.8045 6
      vertex -33.2346 -24.1955 6
      vertex -33.1888 -24.3863 6
    endloop
  endfacet
  facet normal 0 -0 1
    outer loop
      vertex -33.2346 -24.1955 6
      vertex -33.2346 -23.8045 6
      vertex -33.25 -24 6
    endloop
  endfacet
  facet normal -0.972378 -0.233412 0
    outer loop
      vertex 33.2346 -23.8045 6
      vertex 33.1888 -23.6137 16
      vertex 33.1888 -23.6137 6
    endloop
  endfacet
  facet normal -0.972378 -0.233412 0
    outer loop
      vertex 33.1888 -23.6137 16
      vertex 33.2346 -23.8045 6
      vertex 33.2346 -23.8045 16
    endloop
  endfacet
  facet normal -0.996912 -0.0785291 0
    outer loop
      vertex 33.25 -24 6
      vertex 33.2346 -23.8045 16
      vertex 33.2346 -23.8045 6
    endloop
  endfacet
  facet normal -0.996912 -0.0785291 0
    outer loop
      vertex 33.2346 -23.8045 16
      vertex 33.25 -24 6
      vertex 33.25 -24 16
    endloop
  endfacet
  facet normal -0.233412 -0.972378 0
    outer loop
      vertex 32.1955 -22.7654 6
      vertex 32.3863 -22.8112 16
      vertex 32.1955 -22.7654 16
    endloop
  endfacet
  facet normal -0.233412 -0.972378 -0
    outer loop
      vertex 32.3863 -22.8112 16
      vertex 32.1955 -22.7654 6
      vertex 32.3863 -22.8112 6
    endloop
  endfacet
  facet normal 0.233412 -0.972378 0
    outer loop
      vertex 31.6137 -22.8112 6
      vertex 31.8045 -22.7654 16
      vertex 31.6137 -22.8112 16
    endloop
  endfacet
  facet normal 0.233412 -0.972378 0
    outer loop
      vertex 31.8045 -22.7654 16
      vertex 31.6137 -22.8112 6
      vertex 31.8045 -22.7654 6
    endloop
  endfacet
  facet normal -0.92398 -0.382442 0
    outer loop
      vertex 33.1888 -23.6137 6
      vertex 33.1138 -23.4325 16
      vertex 33.1138 -23.4325 6
    endloop
  endfacet
  facet normal -0.92398 -0.382442 0
    outer loop
      vertex 33.1138 -23.4325 16
      vertex 33.1888 -23.6137 6
      vertex 33.1888 -23.6137 16
    endloop
  endfacet
  facet normal -0.972378 0.233412 0
    outer loop
      vertex 33.1888 -24.3863 6
      vertex 33.2346 -24.1955 16
      vertex 33.2346 -24.1955 6
    endloop
  endfacet
  facet normal -0.972378 0.233412 0
    outer loop
      vertex 33.2346 -24.1955 16
      vertex 33.1888 -24.3863 6
      vertex 33.1888 -24.3863 16
    endloop
  endfacet
  facet normal 0.382442 0.92398 -0
    outer loop
      vertex 31.6137 -25.1888 6
      vertex 31.4325 -25.1138 16
      vertex 31.6137 -25.1888 16
    endloop
  endfacet
  facet normal 0.382442 0.92398 0
    outer loop
      vertex 31.4325 -25.1138 16
      vertex 31.6137 -25.1888 6
      vertex 31.4325 -25.1138 6
    endloop
  endfacet
  facet normal 0.760479 -0.649363 0
    outer loop
      vertex 30.9887 -23.2653 16
      vertex 31.1161 -23.1161 6
      vertex 31.1161 -23.1161 16
    endloop
  endfacet
  facet normal 0.760479 -0.649363 0
    outer loop
      vertex 31.1161 -23.1161 6
      vertex 30.9887 -23.2653 16
      vertex 30.9887 -23.2653 6
    endloop
  endfacet
  facet normal 0.972378 -0.233412 0
    outer loop
      vertex 30.7654 -23.8045 16
      vertex 30.8112 -23.6137 6
      vertex 30.8112 -23.6137 16
    endloop
  endfacet
  facet normal 0.972378 -0.233412 0
    outer loop
      vertex 30.8112 -23.6137 6
      vertex 30.7654 -23.8045 16
      vertex 30.7654 -23.8045 6
    endloop
  endfacet
  facet normal -0.0785291 0.996912 0
    outer loop
      vertex 32.1955 -25.2346 6
      vertex 32 -25.25 16
      vertex 32.1955 -25.2346 16
    endloop
  endfacet
  facet normal -0.0785291 0.996912 0
    outer loop
      vertex 32 -25.25 16
      vertex 32.1955 -25.2346 6
      vertex 32 -25.25 6
    endloop
  endfacet
  facet normal -0.522646 -0.85255 0
    outer loop
      vertex 32.5675 -22.8862 6
      vertex 32.7347 -22.9887 16
      vertex 32.5675 -22.8862 16
    endloop
  endfacet
  facet normal -0.522646 -0.85255 -0
    outer loop
      vertex 32.7347 -22.9887 16
      vertex 32.5675 -22.8862 6
      vertex 32.7347 -22.9887 6
    endloop
  endfacet
  facet normal 0.382442 -0.92398 0
    outer loop
      vertex 31.4325 -22.8862 6
      vertex 31.6137 -22.8112 16
      vertex 31.4325 -22.8862 16
    endloop
  endfacet
  facet normal 0.382442 -0.92398 0
    outer loop
      vertex 31.6137 -22.8112 16
      vertex 31.4325 -22.8862 6
      vertex 31.6137 -22.8112 6
    endloop
  endfacet
  facet normal 0.649363 -0.760479 0
    outer loop
      vertex 31.1161 -23.1161 6
      vertex 31.2653 -22.9887 16
      vertex 31.1161 -23.1161 16
    endloop
  endfacet
  facet normal 0.649363 -0.760479 0
    outer loop
      vertex 31.2653 -22.9887 16
      vertex 31.1161 -23.1161 6
      vertex 31.2653 -22.9887 6
    endloop
  endfacet
  facet normal -0.85255 0.522646 0
    outer loop
      vertex 33.0113 -24.7347 6
      vertex 33.1138 -24.5675 16
      vertex 33.1138 -24.5675 6
    endloop
  endfacet
  facet normal -0.85255 0.522646 0
    outer loop
      vertex 33.1138 -24.5675 16
      vertex 33.0113 -24.7347 6
      vertex 33.0113 -24.7347 16
    endloop
  endfacet
  facet normal -0.85255 -0.522646 0
    outer loop
      vertex 33.1138 -23.4325 6
      vertex 33.0113 -23.2653 16
      vertex 33.0113 -23.2653 6
    endloop
  endfacet
  facet normal -0.85255 -0.522646 0
    outer loop
      vertex 33.0113 -23.2653 16
      vertex 33.1138 -23.4325 6
      vertex 33.1138 -23.4325 16
    endloop
  endfacet
  facet normal -0.0785291 -0.996912 0
    outer loop
      vertex 32 -22.75 6
      vertex 32.1955 -22.7654 16
      vertex 32 -22.75 16
    endloop
  endfacet
  facet normal -0.0785291 -0.996912 -0
    outer loop
      vertex 32.1955 -22.7654 16
      vertex 32 -22.75 6
      vertex 32.1955 -22.7654 6
    endloop
  endfacet
  facet normal -0.996912 0.0785291 0
    outer loop
      vertex 33.2346 -24.1955 6
      vertex 33.25 -24 16
      vertex 33.25 -24 6
    endloop
  endfacet
  facet normal -0.996912 0.0785291 0
    outer loop
      vertex 33.25 -24 16
      vertex 33.2346 -24.1955 6
      vertex 33.2346 -24.1955 16
    endloop
  endfacet
  facet normal -0.382442 -0.92398 0
    outer loop
      vertex 32.3863 -22.8112 6
      vertex 32.5675 -22.8862 16
      vertex 32.3863 -22.8112 16
    endloop
  endfacet
  facet normal -0.382442 -0.92398 -0
    outer loop
      vertex 32.5675 -22.8862 16
      vertex 32.3863 -22.8112 6
      vertex 32.5675 -22.8862 6
    endloop
  endfacet
  facet normal 0 0 1
    outer loop
      vertex 33.2346 -23.8045 6
      vertex 33.2346 -24.1955 6
      vertex 33.25 -24 6
    endloop
  endfacet
  facet normal 0 0 1
    outer loop
      vertex 33.1888 -23.6137 6
      vertex 33.2346 -24.1955 6
      vertex 33.2346 -23.8045 6
    endloop
  endfacet
  facet normal 0 0 1
    outer loop
      vertex 33.1888 -23.6137 6
      vertex 33.1888 -24.3863 6
      vertex 33.2346 -24.1955 6
    endloop
  endfacet
  facet normal 0 0 1
    outer loop
      vertex 33.1138 -23.4325 6
      vertex 33.1888 -24.3863 6
      vertex 33.1888 -23.6137 6
    endloop
  endfacet
  facet normal 0 0 1
    outer loop
      vertex 33.1138 -23.4325 6
      vertex 33.1138 -24.5675 6
      vertex 33.1888 -24.3863 6
    endloop
  endfacet
  facet normal 0 0 1
    outer loop
      vertex 33.0113 -23.2653 6
      vertex 33.1138 -24.5675 6
      vertex 33.1138 -23.4325 6
    endloop
  endfacet
  facet normal 0 0 1
    outer loop
      vertex 33.0113 -23.2653 6
      vertex 33.0113 -24.7347 6
      vertex 33.1138 -24.5675 6
    endloop
  endfacet
  facet normal 0 0 1
    outer loop
      vertex 32.8839 -23.1161 6
      vertex 33.0113 -24.7347 6
      vertex 33.0113 -23.2653 6
    endloop
  endfacet
  facet normal 0 0 1
    outer loop
      vertex 32.8839 -23.1161 6
      vertex 32.8839 -24.8839 6
      vertex 33.0113 -24.7347 6
    endloop
  endfacet
  facet normal 0 0 1
    outer loop
      vertex 32.7347 -22.9887 6
      vertex 32.8839 -24.8839 6
      vertex 32.8839 -23.1161 6
    endloop
  endfacet
  facet normal 0 0 1
    outer loop
      vertex 32.7347 -22.9887 6
      vertex 32.7347 -25.0113 6
      vertex 32.8839 -24.8839 6
    endloop
  endfacet
  facet normal 0 0 1
    outer loop
      vertex 32.5675 -22.8862 6
      vertex 32.7347 -25.0113 6
      vertex 32.7347 -22.9887 6
    endloop
  endfacet
  facet normal 0 0 1
    outer loop
      vertex 32.5675 -22.8862 6
      vertex 32.5675 -25.1138 6
      vertex 32.7347 -25.0113 6
    endloop
  endfacet
  facet normal 0 0 1
    outer loop
      vertex 32.3863 -22.8112 6
      vertex 32.5675 -25.1138 6
      vertex 32.5675 -22.8862 6
    endloop
  endfacet
  facet normal 0 0 1
    outer loop
      vertex 32.3863 -22.8112 6
      vertex 32.3863 -25.1888 6
      vertex 32.5675 -25.1138 6
    endloop
  endfacet
  facet normal 0 0 1
    outer loop
      vertex 32.1955 -22.7654 6
      vertex 32.3863 -25.1888 6
      vertex 32.3863 -22.8112 6
    endloop
  endfacet
  facet normal 0 0 1
    outer loop
      vertex 32.1955 -22.7654 6
      vertex 32.1955 -25.2346 6
      vertex 32.3863 -25.1888 6
    endloop
  endfacet
  facet normal 0 0 1
    outer loop
      vertex 32 -22.75 6
      vertex 32.1955 -25.2346 6
      vertex 32.1955 -22.7654 6
    endloop
  endfacet
  facet normal 0 0 1
    outer loop
      vertex 32 -22.75 6
      vertex 32 -25.25 6
      vertex 32.1955 -25.2346 6
    endloop
  endfacet
  facet normal -0 0 1
    outer loop
      vertex 31.8045 -22.7654 6
      vertex 32 -25.25 6
      vertex 32 -22.75 6
    endloop
  endfacet
  facet normal 0 0 1
    outer loop
      vertex 31.8045 -22.7654 6
      vertex 31.8045 -25.2346 6
      vertex 32 -25.25 6
    endloop
  endfacet
  facet normal -0 0 1
    outer loop
      vertex 31.6137 -22.8112 6
      vertex 31.8045 -25.2346 6
      vertex 31.8045 -22.7654 6
    endloop
  endfacet
  facet normal 0 0 1
    outer loop
      vertex 31.6137 -22.8112 6
      vertex 31.6137 -25.1888 6
      vertex 31.8045 -25.2346 6
    endloop
  endfacet
  facet normal -0 0 1
    outer loop
      vertex 31.4325 -22.8862 6
      vertex 31.6137 -25.1888 6
      vertex 31.6137 -22.8112 6
    endloop
  endfacet
  facet normal 0 0 1
    outer loop
      vertex 31.4325 -22.8862 6
      vertex 31.4325 -25.1138 6
      vertex 31.6137 -25.1888 6
    endloop
  endfacet
  facet normal -0 0 1
    outer loop
      vertex 31.2653 -22.9887 6
      vertex 31.4325 -25.1138 6
      vertex 31.4325 -22.8862 6
    endloop
  endfacet
  facet normal 0 0 1
    outer loop
      vertex 31.2653 -22.9887 6
      vertex 31.2653 -25.0113 6
      vertex 31.4325 -25.1138 6
    endloop
  endfacet
  facet normal -0 0 1
    outer loop
      vertex 31.1161 -23.1161 6
      vertex 31.2653 -25.0113 6
      vertex 31.2653 -22.9887 6
    endloop
  endfacet
  facet normal 0 0 1
    outer loop
      vertex 31.1161 -23.1161 6
      vertex 31.1161 -24.8839 6
      vertex 31.2653 -25.0113 6
    endloop
  endfacet
  facet normal -0 0 1
    outer loop
      vertex 30.9887 -23.2653 6
      vertex 31.1161 -24.8839 6
      vertex 31.1161 -23.1161 6
    endloop
  endfacet
  facet normal 0 0 1
    outer loop
      vertex 30.9887 -23.2653 6
      vertex 30.9887 -24.7347 6
      vertex 31.1161 -24.8839 6
    endloop
  endfacet
  facet normal -0 0 1
    outer loop
      vertex 30.8862 -23.4325 6
      vertex 30.9887 -24.7347 6
      vertex 30.9887 -23.2653 6
    endloop
  endfacet
  facet normal 0 0 1
    outer loop
      vertex 30.8862 -23.4325 6
      vertex 30.8862 -24.5675 6
      vertex 30.9887 -24.7347 6
    endloop
  endfacet
  facet normal -0 0 1
    outer loop
      vertex 30.8112 -23.6137 6
      vertex 30.8862 -24.5675 6
      vertex 30.8862 -23.4325 6
    endloop
  endfacet
  facet normal 0 0 1
    outer loop
      vertex 30.8112 -23.6137 6
      vertex 30.8112 -24.3863 6
      vertex 30.8862 -24.5675 6
    endloop
  endfacet
  facet normal -0 0 1
    outer loop
      vertex 30.7654 -23.8045 6
      vertex 30.8112 -24.3863 6
      vertex 30.8112 -23.6137 6
    endloop
  endfacet
  facet normal 0 0 1
    outer loop
      vertex 30.7654 -23.8045 6
      vertex 30.7654 -24.1955 6
      vertex 30.8112 -24.3863 6
    endloop
  endfacet
  facet normal 0 -0 1
    outer loop
      vertex 30.7654 -24.1955 6
      vertex 30.7654 -23.8045 6
      vertex 30.75 -24 6
    endloop
  endfacet
  facet normal -0.233412 0.972378 0
    outer loop
      vertex 32.3863 -25.1888 6
      vertex 32.1955 -25.2346 16
      vertex 32.3863 -25.1888 16
    endloop
  endfacet
  facet normal -0.233412 0.972378 0
    outer loop
      vertex 32.1955 -25.2346 16
      vertex 32.3863 -25.1888 6
      vertex 32.1955 -25.2346 6
    endloop
  endfacet
  facet normal 0.760479 0.649363 0
    outer loop
      vertex 31.1161 -24.8839 16
      vertex 30.9887 -24.7347 6
      vertex 30.9887 -24.7347 16
    endloop
  endfacet
  facet normal 0.760479 0.649363 0
    outer loop
      vertex 30.9887 -24.7347 6
      vertex 31.1161 -24.8839 16
      vertex 31.1161 -24.8839 6
    endloop
  endfacet
  facet normal -0.382442 0.92398 0
    outer loop
      vertex 32.5675 -25.1138 6
      vertex 32.3863 -25.1888 16
      vertex 32.5675 -25.1138 16
    endloop
  endfacet
  facet normal -0.382442 0.92398 0
    outer loop
      vertex 32.3863 -25.1888 16
      vertex 32.5675 -25.1138 6
      vertex 32.3863 -25.1888 6
    endloop
  endfacet
  facet normal -0.92398 0.382442 0
    outer loop
      vertex 33.1138 -24.5675 6
      vertex 33.1888 -24.3863 16
      vertex 33.1888 -24.3863 6
    endloop
  endfacet
  facet normal -0.92398 0.382442 0
    outer loop
      vertex 33.1888 -24.3863 16
      vertex 33.1138 -24.5675 6
      vertex 33.1138 -24.5675 16
    endloop
  endfacet
  facet normal -0.649363 -0.760479 0
    outer loop
      vertex 32.7347 -22.9887 6
      vertex 32.8839 -23.1161 16
      vertex 32.7347 -22.9887 16
    endloop
  endfacet
  facet normal -0.649363 -0.760479 -0
    outer loop
      vertex 32.8839 -23.1161 16
      vertex 32.7347 -22.9887 6
      vertex 32.8839 -23.1161 6
    endloop
  endfacet
  facet normal 0.996912 0.0785291 0
    outer loop
      vertex 30.7654 -24.1955 16
      vertex 30.75 -24 6
      vertex 30.75 -24 16
    endloop
  endfacet
  facet normal 0.996912 0.0785291 0
    outer loop
      vertex 30.75 -24 6
      vertex 30.7654 -24.1955 16
      vertex 30.7654 -24.1955 6
    endloop
  endfacet
  facet normal 0.233412 0.972378 -0
    outer loop
      vertex 31.8045 -25.2346 6
      vertex 31.6137 -25.1888 16
      vertex 31.8045 -25.2346 16
    endloop
  endfacet
  facet normal 0.233412 0.972378 0
    outer loop
      vertex 31.6137 -25.1888 16
      vertex 31.8045 -25.2346 6
      vertex 31.6137 -25.1888 6
    endloop
  endfacet
  facet normal -0.760479 -0.649363 0
    outer loop
      vertex 33.0113 -23.2653 6
      vertex 32.8839 -23.1161 16
      vertex 32.8839 -23.1161 6
    endloop
  endfacet
  facet normal -0.760479 -0.649363 0
    outer loop
      vertex 32.8839 -23.1161 16
      vertex 33.0113 -23.2653 6
      vertex 33.0113 -23.2653 16
    endloop
  endfacet
  facet normal 0.522646 0.85255 -0
    outer loop
      vertex 31.4325 -25.1138 6
      vertex 31.2653 -25.0113 16
      vertex 31.4325 -25.1138 16
    endloop
  endfacet
  facet normal 0.522646 0.85255 0
    outer loop
      vertex 31.2653 -25.0113 16
      vertex 31.4325 -25.1138 6
      vertex 31.2653 -25.0113 6
    endloop
  endfacet
  facet normal 0.0785291 0.996912 -0
    outer loop
      vertex 32 -25.25 6
      vertex 31.8045 -25.2346 16
      vertex 32 -25.25 16
    endloop
  endfacet
  facet normal 0.0785291 0.996912 0
    outer loop
      vertex 31.8045 -25.2346 16
      vertex 32 -25.25 6
      vertex 31.8045 -25.2346 6
    endloop
  endfacet
  facet normal 0.972378 0.233412 0
    outer loop
      vertex 30.8112 -24.3863 16
      vertex 30.7654 -24.1955 6
      vertex 30.7654 -24.1955 16
    endloop
  endfacet
  facet normal 0.972378 0.233412 0
    outer loop
      vertex 30.7654 -24.1955 6
      vertex 30.8112 -24.3863 16
      vertex 30.8112 -24.3863 6
    endloop
  endfacet
  facet normal -0.649363 0.760479 0
    outer loop
      vertex 32.8839 -24.8839 6
      vertex 32.7347 -25.0113 16
      vertex 32.8839 -24.8839 16
    endloop
  endfacet
  facet normal -0.649363 0.760479 0
    outer loop
      vertex 32.7347 -25.0113 16
      vertex 32.8839 -24.8839 6
      vertex 32.7347 -25.0113 6
    endloop
  endfacet
  facet normal 0.0785291 -0.996912 0
    outer loop
      vertex 31.8045 -22.7654 6
      vertex 32 -22.75 16
      vertex 31.8045 -22.7654 16
    endloop
  endfacet
  facet normal 0.0785291 -0.996912 0
    outer loop
      vertex 32 -22.75 16
      vertex 31.8045 -22.7654 6
      vertex 32 -22.75 6
    endloop
  endfacet
  facet normal 0.92398 0.382442 0
    outer loop
      vertex 30.8862 -24.5675 16
      vertex 30.8112 -24.3863 6
      vertex 30.8112 -24.3863 16
    endloop
  endfacet
  facet normal 0.92398 0.382442 0
    outer loop
      vertex 30.8112 -24.3863 6
      vertex 30.8862 -24.5675 16
      vertex 30.8862 -24.5675 6
    endloop
  endfacet
  facet normal -0.522646 0.85255 0
    outer loop
      vertex 32.7347 -25.0113 6
      vertex 32.5675 -25.1138 16
      vertex 32.7347 -25.0113 16
    endloop
  endfacet
  facet normal -0.522646 0.85255 0
    outer loop
      vertex 32.5675 -25.1138 16
      vertex 32.7347 -25.0113 6
      vertex 32.5675 -25.1138 6
    endloop
  endfacet
  facet normal -0.760479 0.649363 0
    outer loop
      vertex 32.8839 -24.8839 6
      vertex 33.0113 -24.7347 16
      vertex 33.0113 -24.7347 6
    endloop
  endfacet
  facet normal -0.760479 0.649363 0
    outer loop
      vertex 33.0113 -24.7347 16
      vertex 32.8839 -24.8839 6
      vertex 32.8839 -24.8839 16
    endloop
  endfacet
  facet normal 0.85255 0.522646 0
    outer loop
      vertex 30.9887 -24.7347 16
      vertex 30.8862 -24.5675 6
      vertex 30.8862 -24.5675 16
    endloop
  endfacet
  facet normal 0.85255 0.522646 0
    outer loop
      vertex 30.8862 -24.5675 6
      vertex 30.9887 -24.7347 16
      vertex 30.9887 -24.7347 6
    endloop
  endfacet
  facet normal 0.649363 0.760479 -0
    outer loop
      vertex 31.2653 -25.0113 6
      vertex 31.1161 -24.8839 16
      vertex 31.2653 -25.0113 16
    endloop
  endfacet
  facet normal 0.649363 0.760479 0
    outer loop
      vertex 31.1161 -24.8839 16
      vertex 31.2653 -25.0113 6
      vertex 31.1161 -24.8839 6
    endloop
  endfacet
  facet normal 0.996912 -0.0785291 0
    outer loop
      vertex 30.75 -24 16
      vertex 30.7654 -23.8045 6
      vertex 30.7654 -23.8045 16
    endloop
  endfacet
  facet normal 0.996912 -0.0785291 0
    outer loop
      vertex 30.7654 -23.8045 6
      vertex 30.75 -24 16
      vertex 30.75 -24 6
    endloop
  endfacet
  facet normal 0.92398 -0.382442 0
    outer loop
      vertex 30.8112 -23.6137 16
      vertex 30.8862 -23.4325 6
      vertex 30.8862 -23.4325 16
    endloop
  endfacet
  facet normal 0.92398 -0.382442 0
    outer loop
      vertex 30.8862 -23.4325 6
      vertex 30.8112 -23.6137 16
      vertex 30.8112 -23.6137 6
    endloop
  endfacet
  facet normal 0.85255 -0.522646 0
    outer loop
      vertex 30.8862 -23.4325 16
      vertex 30.9887 -23.2653 6
      vertex 30.9887 -23.2653 16
    endloop
  endfacet
  facet normal 0.85255 -0.522646 0
    outer loop
      vertex 30.9887 -23.2653 6
      vertex 30.8862 -23.4325 16
      vertex 30.8862 -23.4325 6
    endloop
  endfacet
  facet normal 0.522646 -0.85255 0
    outer loop
      vertex 31.2653 -22.9887 6
      vertex 31.4325 -22.8862 16
      vertex 31.2653 -22.9887 16
    endloop
  endfacet
  facet normal 0.522646 -0.85255 0
    outer loop
      vertex 31.4325 -22.8862 16
      vertex 31.2653 -22.9887 6
      vertex 31.4325 -22.8862 6
    endloop
  endfacet
  facet normal -0.972378 -0.233412 0
    outer loop
      vertex -25.7654 -87.8045 21
      vertex -25.8112 -87.6137 31
      vertex -25.8112 -87.6137 21
    endloop
  endfacet
  facet normal -0.972378 -0.233412 0
    outer loop
      vertex -25.8112 -87.6137 31
      vertex -25.7654 -87.8045 21
      vertex -25.7654 -87.8045 31
    endloop
  endfacet
  facet normal -0.996912 -0.0785291 0
    outer loop
      vertex -25.75 -88 21
      vertex -25.7654 -87.8045 31
      vertex -25.7654 -87.8045 21
    endloop
  endfacet
  facet normal -0.996912 -0.0785291 0
    outer loop
      vertex -25.7654 -87.8045 31
      vertex -25.75 -88 21
      vertex -25.75 -88 31
    endloop
  endfacet
  facet normal -0.0785291 0.996912 0
    outer loop
      vertex -26.8045 -89.2346 21
      vertex -27 -89.25 31
      vertex -26.8045 -89.2346 31
    endloop
  endfacet
  facet normal -0.0785291 0.996912 0
    outer loop
      vertex -27 -89.25 31
      vertex -26.8045 -89.2346 21
      vertex -27 -89.25 21
    endloop
  endfacet
  facet normal -0.92398 -0.382442 0
    outer loop
      vertex -25.8112 -87.6137 21
      vertex -25.8862 -87.4325 31
      vertex -25.8862 -87.4325 21
    endloop
  endfacet
  facet normal -0.92398 -0.382442 0
    outer loop
      vertex -25.8862 -87.4325 31
      vertex -25.8112 -87.6137 21
      vertex -25.8112 -87.6137 31
    endloop
  endfacet
  facet normal 0.522646 0.85255 -0
    outer loop
      vertex -27.5675 -89.1138 21
      vertex -27.7347 -89.0113 31
      vertex -27.5675 -89.1138 31
    endloop
  endfacet
  facet normal 0.522646 0.85255 0
    outer loop
      vertex -27.7347 -89.0113 31
      vertex -27.5675 -89.1138 21
      vertex -27.7347 -89.0113 21
    endloop
  endfacet
  facet normal 0.0785291 -0.996912 0
    outer loop
      vertex -27.1955 -86.7654 21
      vertex -27 -86.75 31
      vertex -27.1955 -86.7654 31
    endloop
  endfacet
  facet normal 0.0785291 -0.996912 0
    outer loop
      vertex -27 -86.75 31
      vertex -27.1955 -86.7654 21
      vertex -27 -86.75 21
    endloop
  endfacet
  facet normal -0.649363 0.760479 0
    outer loop
      vertex -26.1161 -88.8839 21
      vertex -26.2653 -89.0113 31
      vertex -26.1161 -88.8839 31
    endloop
  endfacet
  facet normal -0.649363 0.760479 0
    outer loop
      vertex -26.2653 -89.0113 31
      vertex -26.1161 -88.8839 21
      vertex -26.2653 -89.0113 21
    endloop
  endfacet
  facet normal 0.996912 0.0785291 0
    outer loop
      vertex -28.2346 -88.1955 31
      vertex -28.25 -88 21
      vertex -28.25 -88 31
    endloop
  endfacet
  facet normal 0.996912 0.0785291 0
    outer loop
      vertex -28.25 -88 21
      vertex -28.2346 -88.1955 31
      vertex -28.2346 -88.1955 21
    endloop
  endfacet
  facet normal 0.233412 0.972378 -0
    outer loop
      vertex -27.1955 -89.2346 21
      vertex -27.3863 -89.1888 31
      vertex -27.1955 -89.2346 31
    endloop
  endfacet
  facet normal 0.233412 0.972378 0
    outer loop
      vertex -27.3863 -89.1888 31
      vertex -27.1955 -89.2346 21
      vertex -27.3863 -89.1888 21
    endloop
  endfacet
  facet normal -0.233412 -0.972378 0
    outer loop
      vertex -26.8045 -86.7654 21
      vertex -26.6137 -86.8112 31
      vertex -26.8045 -86.7654 31
    endloop
  endfacet
  facet normal -0.233412 -0.972378 -0
    outer loop
      vertex -26.6137 -86.8112 31
      vertex -26.8045 -86.7654 21
      vertex -26.6137 -86.8112 21
    endloop
  endfacet
  facet normal 0.522646 -0.85255 0
    outer loop
      vertex -27.7347 -86.9887 21
      vertex -27.5675 -86.8862 31
      vertex -27.7347 -86.9887 31
    endloop
  endfacet
  facet normal 0.522646 -0.85255 0
    outer loop
      vertex -27.5675 -86.8862 31
      vertex -27.7347 -86.9887 21
      vertex -27.5675 -86.8862 21
    endloop
  endfacet
  facet normal 0.85255 0.522646 0
    outer loop
      vertex -28.0113 -88.7347 31
      vertex -28.1138 -88.5675 21
      vertex -28.1138 -88.5675 31
    endloop
  endfacet
  facet normal 0.85255 0.522646 0
    outer loop
      vertex -28.1138 -88.5675 21
      vertex -28.0113 -88.7347 31
      vertex -28.0113 -88.7347 21
    endloop
  endfacet
  facet normal 0.649363 -0.760479 0
    outer loop
      vertex -27.8839 -87.1161 21
      vertex -27.7347 -86.9887 31
      vertex -27.8839 -87.1161 31
    endloop
  endfacet
  facet normal 0.649363 -0.760479 0
    outer loop
      vertex -27.7347 -86.9887 31
      vertex -27.8839 -87.1161 21
      vertex -27.7347 -86.9887 21
    endloop
  endfacet
  facet normal 0.382442 -0.92398 0
    outer loop
      vertex -27.5675 -86.8862 21
      vertex -27.3863 -86.8112 31
      vertex -27.5675 -86.8862 31
    endloop
  endfacet
  facet normal 0.382442 -0.92398 0
    outer loop
      vertex -27.3863 -86.8112 31
      vertex -27.5675 -86.8862 21
      vertex -27.3863 -86.8112 21
    endloop
  endfacet
  facet normal -0.85255 0.522646 0
    outer loop
      vertex -25.9887 -88.7347 21
      vertex -25.8862 -88.5675 31
      vertex -25.8862 -88.5675 21
    endloop
  endfacet
  facet normal -0.85255 0.522646 0
    outer loop
      vertex -25.8862 -88.5675 31
      vertex -25.9887 -88.7347 21
      vertex -25.9887 -88.7347 31
    endloop
  endfacet
  facet normal 0.382442 0.92398 -0
    outer loop
      vertex -27.3863 -89.1888 21
      vertex -27.5675 -89.1138 31
      vertex -27.3863 -89.1888 31
    endloop
  endfacet
  facet normal 0.382442 0.92398 0
    outer loop
      vertex -27.5675 -89.1138 31
      vertex -27.3863 -89.1888 21
      vertex -27.5675 -89.1138 21
    endloop
  endfacet
  facet normal -0.382442 0.92398 0
    outer loop
      vertex -26.4325 -89.1138 21
      vertex -26.6137 -89.1888 31
      vertex -26.4325 -89.1138 31
    endloop
  endfacet
  facet normal -0.382442 0.92398 0
    outer loop
      vertex -26.6137 -89.1888 31
      vertex -26.4325 -89.1138 21
      vertex -26.6137 -89.1888 21
    endloop
  endfacet
  facet normal 0.760479 0.649363 0
    outer loop
      vertex -27.8839 -88.8839 31
      vertex -28.0113 -88.7347 21
      vertex -28.0113 -88.7347 31
    endloop
  endfacet
  facet normal 0.760479 0.649363 0
    outer loop
      vertex -28.0113 -88.7347 21
      vertex -27.8839 -88.8839 31
      vertex -27.8839 -88.8839 21
    endloop
  endfacet
  facet normal -0.996912 0.0785291 0
    outer loop
      vertex -25.7654 -88.1955 21
      vertex -25.75 -88 31
      vertex -25.75 -88 21
    endloop
  endfacet
  facet normal -0.996912 0.0785291 0
    outer loop
      vertex -25.75 -88 31
      vertex -25.7654 -88.1955 21
      vertex -25.7654 -88.1955 31
    endloop
  endfacet
  facet normal 0.972378 0.233412 0
    outer loop
      vertex -28.1888 -88.3863 31
      vertex -28.2346 -88.1955 21
      vertex -28.2346 -88.1955 31
    endloop
  endfacet
  facet normal 0.972378 0.233412 0
    outer loop
      vertex -28.2346 -88.1955 21
      vertex -28.1888 -88.3863 31
      vertex -28.1888 -88.3863 21
    endloop
  endfacet
  facet normal 0.92398 0.382442 0
    outer loop
      vertex -28.1138 -88.5675 31
      vertex -28.1888 -88.3863 21
      vertex -28.1888 -88.3863 31
    endloop
  endfacet
  facet normal 0.92398 0.382442 0
    outer loop
      vertex -28.1888 -88.3863 21
      vertex -28.1138 -88.5675 31
      vertex -28.1138 -88.5675 21
    endloop
  endfacet
  facet normal -0.85255 -0.522646 0
    outer loop
      vertex -25.8862 -87.4325 21
      vertex -25.9887 -87.2653 31
      vertex -25.9887 -87.2653 21
    endloop
  endfacet
  facet normal -0.85255 -0.522646 0
    outer loop
      vertex -25.9887 -87.2653 31
      vertex -25.8862 -87.4325 21
      vertex -25.8862 -87.4325 31
    endloop
  endfacet
  facet normal -0.92398 0.382442 0
    outer loop
      vertex -25.8862 -88.5675 21
      vertex -25.8112 -88.3863 31
      vertex -25.8112 -88.3863 21
    endloop
  endfacet
  facet normal -0.92398 0.382442 0
    outer loop
      vertex -25.8112 -88.3863 31
      vertex -25.8862 -88.5675 21
      vertex -25.8862 -88.5675 31
    endloop
  endfacet
  facet normal -0.382442 -0.92398 0
    outer loop
      vertex -26.6137 -86.8112 21
      vertex -26.4325 -86.8862 31
      vertex -26.6137 -86.8112 31
    endloop
  endfacet
  facet normal -0.382442 -0.92398 -0
    outer loop
      vertex -26.4325 -86.8862 31
      vertex -26.6137 -86.8112 21
      vertex -26.4325 -86.8862 21
    endloop
  endfacet
  facet normal -0.522646 -0.85255 0
    outer loop
      vertex -26.4325 -86.8862 21
      vertex -26.2653 -86.9887 31
      vertex -26.4325 -86.8862 31
    endloop
  endfacet
  facet normal -0.522646 -0.85255 -0
    outer loop
      vertex -26.2653 -86.9887 31
      vertex -26.4325 -86.8862 21
      vertex -26.2653 -86.9887 21
    endloop
  endfacet
  facet normal -0.649363 -0.760479 0
    outer loop
      vertex -26.2653 -86.9887 21
      vertex -26.1161 -87.1161 31
      vertex -26.2653 -86.9887 31
    endloop
  endfacet
  facet normal -0.649363 -0.760479 -0
    outer loop
      vertex -26.1161 -87.1161 31
      vertex -26.2653 -86.9887 21
      vertex -26.1161 -87.1161 21
    endloop
  endfacet
  facet normal 0.0785291 0.996912 -0
    outer loop
      vertex -27 -89.25 21
      vertex -27.1955 -89.2346 31
      vertex -27 -89.25 31
    endloop
  endfacet
  facet normal 0.0785291 0.996912 0
    outer loop
      vertex -27.1955 -89.2346 31
      vertex -27 -89.25 21
      vertex -27.1955 -89.2346 21
    endloop
  endfacet
  facet normal 0.92398 -0.382442 0
    outer loop
      vertex -28.1888 -87.6137 31
      vertex -28.1138 -87.4325 21
      vertex -28.1138 -87.4325 31
    endloop
  endfacet
  facet normal 0.92398 -0.382442 0
    outer loop
      vertex -28.1138 -87.4325 21
      vertex -28.1888 -87.6137 31
      vertex -28.1888 -87.6137 21
    endloop
  endfacet
  facet normal 0.233412 -0.972378 0
    outer loop
      vertex -27.3863 -86.8112 21
      vertex -27.1955 -86.7654 31
      vertex -27.3863 -86.8112 31
    endloop
  endfacet
  facet normal 0.233412 -0.972378 0
    outer loop
      vertex -27.1955 -86.7654 31
      vertex -27.3863 -86.8112 21
      vertex -27.1955 -86.7654 21
    endloop
  endfacet
  facet normal -0.760479 -0.649363 0
    outer loop
      vertex -25.9887 -87.2653 21
      vertex -26.1161 -87.1161 31
      vertex -26.1161 -87.1161 21
    endloop
  endfacet
  facet normal -0.760479 -0.649363 0
    outer loop
      vertex -26.1161 -87.1161 31
      vertex -25.9887 -87.2653 21
      vertex -25.9887 -87.2653 31
    endloop
  endfacet
  facet normal -0.522646 0.85255 0
    outer loop
      vertex -26.2653 -89.0113 21
      vertex -26.4325 -89.1138 31
      vertex -26.2653 -89.0113 31
    endloop
  endfacet
  facet normal -0.522646 0.85255 0
    outer loop
      vertex -26.4325 -89.1138 31
      vertex -26.2653 -89.0113 21
      vertex -26.4325 -89.1138 21
    endloop
  endfacet
  facet normal -0.233412 0.972378 0
    outer loop
      vertex -26.6137 -89.1888 21
      vertex -26.8045 -89.2346 31
      vertex -26.6137 -89.1888 31
    endloop
  endfacet
  facet normal -0.233412 0.972378 0
    outer loop
      vertex -26.8045 -89.2346 31
      vertex -26.6137 -89.1888 21
      vertex -26.8045 -89.2346 21
    endloop
  endfacet
  facet normal 0.85255 -0.522646 0
    outer loop
      vertex -28.1138 -87.4325 31
      vertex -28.0113 -87.2653 21
      vertex -28.0113 -87.2653 31
    endloop
  endfacet
  facet normal 0.85255 -0.522646 0
    outer loop
      vertex -28.0113 -87.2653 21
      vertex -28.1138 -87.4325 31
      vertex -28.1138 -87.4325 21
    endloop
  endfacet
  facet normal 0.649363 0.760479 -0
    outer loop
      vertex -27.7347 -89.0113 21
      vertex -27.8839 -88.8839 31
      vertex -27.7347 -89.0113 31
    endloop
  endfacet
  facet normal 0.649363 0.760479 0
    outer loop
      vertex -27.8839 -88.8839 31
      vertex -27.7347 -89.0113 21
      vertex -27.8839 -88.8839 21
    endloop
  endfacet
  facet normal 0.996912 -0.0785291 0
    outer loop
      vertex -28.25 -88 31
      vertex -28.2346 -87.8045 21
      vertex -28.2346 -87.8045 31
    endloop
  endfacet
  facet normal 0.996912 -0.0785291 0
    outer loop
      vertex -28.2346 -87.8045 21
      vertex -28.25 -88 31
      vertex -28.25 -88 21
    endloop
  endfacet
  facet normal -0.972378 0.233412 0
    outer loop
      vertex -25.8112 -88.3863 21
      vertex -25.7654 -88.1955 31
      vertex -25.7654 -88.1955 21
    endloop
  endfacet
  facet normal -0.972378 0.233412 0
    outer loop
      vertex -25.7654 -88.1955 31
      vertex -25.8112 -88.3863 21
      vertex -25.8112 -88.3863 31
    endloop
  endfacet
  facet normal -0.760479 0.649363 0
    outer loop
      vertex -26.1161 -88.8839 21
      vertex -25.9887 -88.7347 31
      vertex -25.9887 -88.7347 21
    endloop
  endfacet
  facet normal -0.760479 0.649363 0
    outer loop
      vertex -25.9887 -88.7347 31
      vertex -26.1161 -88.8839 21
      vertex -26.1161 -88.8839 31
    endloop
  endfacet
  facet normal 0.760479 -0.649363 0
    outer loop
      vertex -28.0113 -87.2653 31
      vertex -27.8839 -87.1161 21
      vertex -27.8839 -87.1161 31
    endloop
  endfacet
  facet normal 0.760479 -0.649363 0
    outer loop
      vertex -27.8839 -87.1161 21
      vertex -28.0113 -87.2653 31
      vertex -28.0113 -87.2653 21
    endloop
  endfacet
  facet normal -0.0785291 -0.996912 0
    outer loop
      vertex -27 -86.75 21
      vertex -26.8045 -86.7654 31
      vertex -27 -86.75 31
    endloop
  endfacet
  facet normal -0.0785291 -0.996912 -0
    outer loop
      vertex -26.8045 -86.7654 31
      vertex -27 -86.75 21
      vertex -26.8045 -86.7654 21
    endloop
  endfacet
  facet normal 0 0 1
    outer loop
      vertex -25.7654 -87.8045 21
      vertex -25.7654 -88.1955 21
      vertex -25.75 -88 21
    endloop
  endfacet
  facet normal 0 0 1
    outer loop
      vertex -25.8112 -87.6137 21
      vertex -25.7654 -88.1955 21
      vertex -25.7654 -87.8045 21
    endloop
  endfacet
  facet normal 0 0 1
    outer loop
      vertex -25.8112 -87.6137 21
      vertex -25.8112 -88.3863 21
      vertex -25.7654 -88.1955 21
    endloop
  endfacet
  facet normal 0 0 1
    outer loop
      vertex -25.8862 -87.4325 21
      vertex -25.8112 -88.3863 21
      vertex -25.8112 -87.6137 21
    endloop
  endfacet
  facet normal 0 0 1
    outer loop
      vertex -25.8862 -87.4325 21
      vertex -25.8862 -88.5675 21
      vertex -25.8112 -88.3863 21
    endloop
  endfacet
  facet normal 0 0 1
    outer loop
      vertex -25.9887 -87.2653 21
      vertex -25.8862 -88.5675 21
      vertex -25.8862 -87.4325 21
    endloop
  endfacet
  facet normal 0 0 1
    outer loop
      vertex -25.9887 -87.2653 21
      vertex -25.9887 -88.7347 21
      vertex -25.8862 -88.5675 21
    endloop
  endfacet
  facet normal 0 0 1
    outer loop
      vertex -26.1161 -87.1161 21
      vertex -25.9887 -88.7347 21
      vertex -25.9887 -87.2653 21
    endloop
  endfacet
  facet normal 0 0 1
    outer loop
      vertex -26.1161 -87.1161 21
      vertex -26.1161 -88.8839 21
      vertex -25.9887 -88.7347 21
    endloop
  endfacet
  facet normal 0 0 1
    outer loop
      vertex -26.2653 -86.9887 21
      vertex -26.1161 -88.8839 21
      vertex -26.1161 -87.1161 21
    endloop
  endfacet
  facet normal 0 0 1
    outer loop
      vertex -26.2653 -86.9887 21
      vertex -26.2653 -89.0113 21
      vertex -26.1161 -88.8839 21
    endloop
  endfacet
  facet normal 0 0 1
    outer loop
      vertex -26.4325 -86.8862 21
      vertex -26.2653 -89.0113 21
      vertex -26.2653 -86.9887 21
    endloop
  endfacet
  facet normal 0 0 1
    outer loop
      vertex -26.4325 -86.8862 21
      vertex -26.4325 -89.1138 21
      vertex -26.2653 -89.0113 21
    endloop
  endfacet
  facet normal 0 0 1
    outer loop
      vertex -26.6137 -86.8112 21
      vertex -26.4325 -89.1138 21
      vertex -26.4325 -86.8862 21
    endloop
  endfacet
  facet normal 0 0 1
    outer loop
      vertex -26.6137 -86.8112 21
      vertex -26.6137 -89.1888 21
      vertex -26.4325 -89.1138 21
    endloop
  endfacet
  facet normal 0 0 1
    outer loop
      vertex -26.8045 -86.7654 21
      vertex -26.6137 -89.1888 21
      vertex -26.6137 -86.8112 21
    endloop
  endfacet
  facet normal 0 0 1
    outer loop
      vertex -26.8045 -86.7654 21
      vertex -26.8045 -89.2346 21
      vertex -26.6137 -89.1888 21
    endloop
  endfacet
  facet normal 0 0 1
    outer loop
      vertex -27 -86.75 21
      vertex -26.8045 -89.2346 21
      vertex -26.8045 -86.7654 21
    endloop
  endfacet
  facet normal 0 0 1
    outer loop
      vertex -27 -86.75 21
      vertex -27 -89.25 21
      vertex -26.8045 -89.2346 21
    endloop
  endfacet
  facet normal -0 0 1
    outer loop
      vertex -27.1955 -86.7654 21
      vertex -27 -89.25 21
      vertex -27 -86.75 21
    endloop
  endfacet
  facet normal 0 0 1
    outer loop
      vertex -27.1955 -86.7654 21
      vertex -27.1955 -89.2346 21
      vertex -27 -89.25 21
    endloop
  endfacet
  facet normal -0 0 1
    outer loop
      vertex -27.3863 -86.8112 21
      vertex -27.1955 -89.2346 21
      vertex -27.1955 -86.7654 21
    endloop
  endfacet
  facet normal 0 0 1
    outer loop
      vertex -27.3863 -86.8112 21
      vertex -27.3863 -89.1888 21
      vertex -27.1955 -89.2346 21
    endloop
  endfacet
  facet normal -0 0 1
    outer loop
      vertex -27.5675 -86.8862 21
      vertex -27.3863 -89.1888 21
      vertex -27.3863 -86.8112 21
    endloop
  endfacet
  facet normal 0 0 1
    outer loop
      vertex -27.5675 -86.8862 21
      vertex -27.5675 -89.1138 21
      vertex -27.3863 -89.1888 21
    endloop
  endfacet
  facet normal -0 0 1
    outer loop
      vertex -27.7347 -86.9887 21
      vertex -27.5675 -89.1138 21
      vertex -27.5675 -86.8862 21
    endloop
  endfacet
  facet normal 0 0 1
    outer loop
      vertex -27.7347 -86.9887 21
      vertex -27.7347 -89.0113 21
      vertex -27.5675 -89.1138 21
    endloop
  endfacet
  facet normal -0 0 1
    outer loop
      vertex -27.8839 -87.1161 21
      vertex -27.7347 -89.0113 21
      vertex -27.7347 -86.9887 21
    endloop
  endfacet
  facet normal 0 0 1
    outer loop
      vertex -27.8839 -87.1161 21
      vertex -27.8839 -88.8839 21
      vertex -27.7347 -89.0113 21
    endloop
  endfacet
  facet normal -0 0 1
    outer loop
      vertex -28.0113 -87.2653 21
      vertex -27.8839 -88.8839 21
      vertex -27.8839 -87.1161 21
    endloop
  endfacet
  facet normal 0 0 1
    outer loop
      vertex -28.0113 -87.2653 21
      vertex -28.0113 -88.7347 21
      vertex -27.8839 -88.8839 21
    endloop
  endfacet
  facet normal -0 0 1
    outer loop
      vertex -28.1138 -87.4325 21
      vertex -28.0113 -88.7347 21
      vertex -28.0113 -87.2653 21
    endloop
  endfacet
  facet normal 0 0 1
    outer loop
      vertex -28.1138 -87.4325 21
      vertex -28.1138 -88.5675 21
      vertex -28.0113 -88.7347 21
    endloop
  endfacet
  facet normal -0 0 1
    outer loop
      vertex -28.1888 -87.6137 21
      vertex -28.1138 -88.5675 21
      vertex -28.1138 -87.4325 21
    endloop
  endfacet
  facet normal 0 0 1
    outer loop
      vertex -28.1888 -87.6137 21
      vertex -28.1888 -88.3863 21
      vertex -28.1138 -88.5675 21
    endloop
  endfacet
  facet normal -0 0 1
    outer loop
      vertex -28.2346 -87.8045 21
      vertex -28.1888 -88.3863 21
      vertex -28.1888 -87.6137 21
    endloop
  endfacet
  facet normal 0 0 1
    outer loop
      vertex -28.2346 -87.8045 21
      vertex -28.2346 -88.1955 21
      vertex -28.1888 -88.3863 21
    endloop
  endfacet
  facet normal 0 -0 1
    outer loop
      vertex -28.2346 -88.1955 21
      vertex -28.2346 -87.8045 21
      vertex -28.25 -88 21
    endloop
  endfacet
  facet normal 0.972378 -0.233412 0
    outer loop
      vertex -28.2346 -87.8045 31
      vertex -28.1888 -87.6137 21
      vertex -28.1888 -87.6137 31
    endloop
  endfacet
  facet normal 0.972378 -0.233412 0
    outer loop
      vertex -28.1888 -87.6137 21
      vertex -28.2346 -87.8045 31
      vertex -28.2346 -87.8045 21
    endloop
  endfacet
  facet normal -0.972378 -0.233412 0
    outer loop
      vertex -25.7654 -98.8045 21
      vertex -25.8112 -98.6137 31
      vertex -25.8112 -98.6137 21
    endloop
  endfacet
  facet normal -0.972378 -0.233412 0
    outer loop
      vertex -25.8112 -98.6137 31
      vertex -25.7654 -98.8045 21
      vertex -25.7654 -98.8045 31
    endloop
  endfacet
  facet normal -0.996912 -0.0785291 0
    outer loop
      vertex -25.75 -99 21
      vertex -25.7654 -98.8045 31
      vertex -25.7654 -98.8045 21
    endloop
  endfacet
  facet normal -0.996912 -0.0785291 0
    outer loop
      vertex -25.7654 -98.8045 31
      vertex -25.75 -99 21
      vertex -25.75 -99 31
    endloop
  endfacet
  facet normal -0.0765015 0.997069 0
    outer loop
      vertex -26.8045 -100.235 21
      vertex -27 -100.25 31
      vertex -26.8045 -100.235 31
    endloop
  endfacet
  facet normal -0.0765015 0.997069 0
    outer loop
      vertex -27 -100.25 31
      vertex -26.8045 -100.235 21
      vertex -27 -100.25 21
    endloop
  endfacet
  facet normal -0.92398 -0.382442 0
    outer loop
      vertex -25.8112 -98.6137 21
      vertex -25.8862 -98.4325 31
      vertex -25.8862 -98.4325 21
    endloop
  endfacet
  facet normal -0.92398 -0.382442 0
    outer loop
      vertex -25.8862 -98.4325 31
      vertex -25.8112 -98.6137 21
      vertex -25.8112 -98.6137 31
    endloop
  endfacet
  facet normal 0.524495 0.851413 -0
    outer loop
      vertex -27.5675 -100.114 21
      vertex -27.7347 -100.011 31
      vertex -27.5675 -100.114 31
    endloop
  endfacet
  facet normal 0.524495 0.851413 0
    outer loop
      vertex -27.7347 -100.011 31
      vertex -27.5675 -100.114 21
      vertex -27.7347 -100.011 21
    endloop
  endfacet
  facet normal 0.0785291 -0.996912 0
    outer loop
      vertex -27.1955 -97.7654 21
      vertex -27 -97.75 31
      vertex -27.1955 -97.7654 31
    endloop
  endfacet
  facet normal 0.0785291 -0.996912 0
    outer loop
      vertex -27 -97.75 31
      vertex -27.1955 -97.7654 21
      vertex -27 -97.75 21
    endloop
  endfacet
  facet normal -0.648477 0.761234 0
    outer loop
      vertex -26.1161 -99.8839 21
      vertex -26.2653 -100.011 31
      vertex -26.1161 -99.8839 31
    endloop
  endfacet
  facet normal -0.648477 0.761234 0
    outer loop
      vertex -26.2653 -100.011 31
      vertex -26.1161 -99.8839 21
      vertex -26.2653 -100.011 21
    endloop
  endfacet
  facet normal 0.996912 0.0785291 0
    outer loop
      vertex -28.2346 -99.1955 31
      vertex -28.25 -99 21
      vertex -28.25 -99 31
    endloop
  endfacet
  facet normal 0.996912 0.0785291 0
    outer loop
      vertex -28.25 -99 21
      vertex -28.2346 -99.1955 31
      vertex -28.2346 -99.1955 21
    endloop
  endfacet
  facet normal 0.234375 0.972146 -0
    outer loop
      vertex -27.1955 -100.235 21
      vertex -27.3863 -100.189 31
      vertex -27.1955 -100.235 31
    endloop
  endfacet
  facet normal 0.234375 0.972146 0
    outer loop
      vertex -27.3863 -100.189 31
      vertex -27.1955 -100.235 21
      vertex -27.3863 -100.189 21
    endloop
  endfacet
  facet normal -0.233412 -0.972378 0
    outer loop
      vertex -26.8045 -97.7654 21
      vertex -26.6137 -97.8112 31
      vertex -26.8045 -97.7654 31
    endloop
  endfacet
  facet normal -0.233412 -0.972378 -0
    outer loop
      vertex -26.6137 -97.8112 31
      vertex -26.8045 -97.7654 21
      vertex -26.6137 -97.8112 21
    endloop
  endfacet
  facet normal 0.522646 -0.85255 0
    outer loop
      vertex -27.7347 -97.9887 21
      vertex -27.5675 -97.8862 31
      vertex -27.7347 -97.9887 31
    endloop
  endfacet
  facet normal 0.522646 -0.85255 0
    outer loop
      vertex -27.5675 -97.8862 31
      vertex -27.7347 -97.9887 21
      vertex -27.5675 -97.8862 21
    endloop
  endfacet
  facet normal 0.85255 0.522646 0
    outer loop
      vertex -28.0113 -99.7347 31
      vertex -28.1138 -99.5675 21
      vertex -28.1138 -99.5675 31
    endloop
  endfacet
  facet normal 0.85255 0.522646 0
    outer loop
      vertex -28.1138 -99.5675 21
      vertex -28.0113 -99.7347 31
      vertex -28.0113 -99.7347 21
    endloop
  endfacet
  facet normal 0.649363 -0.760479 0
    outer loop
      vertex -27.8839 -98.1161 21
      vertex -27.7347 -97.9887 31
      vertex -27.8839 -98.1161 31
    endloop
  endfacet
  facet normal 0.649363 -0.760479 0
    outer loop
      vertex -27.7347 -97.9887 31
      vertex -27.8839 -98.1161 21
      vertex -27.7347 -97.9887 21
    endloop
  endfacet
  facet normal -0.85255 0.522646 0
    outer loop
      vertex -25.9887 -99.7347 21
      vertex -25.8862 -99.5675 31
      vertex -25.8862 -99.5675 21
    endloop
  endfacet
  facet normal -0.85255 0.522646 0
    outer loop
      vertex -25.8862 -99.5675 31
      vertex -25.9887 -99.7347 21
      vertex -25.9887 -99.7347 31
    endloop
  endfacet
  facet normal 0.382442 0.92398 -0
    outer loop
      vertex -27.3863 -100.189 21
      vertex -27.5675 -100.114 31
      vertex -27.3863 -100.189 31
    endloop
  endfacet
  facet normal 0.382442 0.92398 0
    outer loop
      vertex -27.5675 -100.114 31
      vertex -27.3863 -100.189 21
      vertex -27.5675 -100.114 21
    endloop
  endfacet
  facet normal -0.382442 0.92398 0
    outer loop
      vertex -26.4325 -100.114 21
      vertex -26.6137 -100.189 31
      vertex -26.4325 -100.114 31
    endloop
  endfacet
  facet normal -0.382442 0.92398 0
    outer loop
      vertex -26.6137 -100.189 31
      vertex -26.4325 -100.114 21
      vertex -26.6137 -100.189 21
    endloop
  endfacet
  facet normal 0.760479 0.649363 0
    outer loop
      vertex -27.8839 -99.8839 31
      vertex -28.0113 -99.7347 21
      vertex -28.0113 -99.7347 31
    endloop
  endfacet
  facet normal 0.760479 0.649363 0
    outer loop
      vertex -28.0113 -99.7347 21
      vertex -27.8839 -99.8839 31
      vertex -27.8839 -99.8839 21
    endloop
  endfacet
  facet normal 0.972378 0.233412 0
    outer loop
      vertex -28.1888 -99.3863 31
      vertex -28.2346 -99.1955 21
      vertex -28.2346 -99.1955 31
    endloop
  endfacet
  facet normal 0.972378 0.233412 0
    outer loop
      vertex -28.2346 -99.1955 21
      vertex -28.1888 -99.3863 31
      vertex -28.1888 -99.3863 21
    endloop
  endfacet
  facet normal 0.92398 0.382442 0
    outer loop
      vertex -28.1138 -99.5675 31
      vertex -28.1888 -99.3863 21
      vertex -28.1888 -99.3863 31
    endloop
  endfacet
  facet normal 0.92398 0.382442 0
    outer loop
      vertex -28.1888 -99.3863 21
      vertex -28.1138 -99.5675 31
      vertex -28.1138 -99.5675 21
    endloop
  endfacet
  facet normal -0.996912 0.0785291 0
    outer loop
      vertex -25.7654 -99.1955 21
      vertex -25.75 -99 31
      vertex -25.75 -99 21
    endloop
  endfacet
  facet normal -0.996912 0.0785291 0
    outer loop
      vertex -25.75 -99 31
      vertex -25.7654 -99.1955 21
      vertex -25.7654 -99.1955 31
    endloop
  endfacet
  facet normal -0.85255 -0.522646 0
    outer loop
      vertex -25.8862 -98.4325 21
      vertex -25.9887 -98.2653 31
      vertex -25.9887 -98.2653 21
    endloop
  endfacet
  facet normal -0.85255 -0.522646 0
    outer loop
      vertex -25.9887 -98.2653 31
      vertex -25.8862 -98.4325 21
      vertex -25.8862 -98.4325 31
    endloop
  endfacet
  facet normal -0.92398 0.382442 0
    outer loop
      vertex -25.8862 -99.5675 21
      vertex -25.8112 -99.3863 31
      vertex -25.8112 -99.3863 21
    endloop
  endfacet
  facet normal -0.92398 0.382442 0
    outer loop
      vertex -25.8112 -99.3863 31
      vertex -25.8862 -99.5675 21
      vertex -25.8862 -99.5675 31
    endloop
  endfacet
  facet normal -0.382442 -0.92398 0
    outer loop
      vertex -26.6137 -97.8112 21
      vertex -26.4325 -97.8862 31
      vertex -26.6137 -97.8112 31
    endloop
  endfacet
  facet normal -0.382442 -0.92398 -0
    outer loop
      vertex -26.4325 -97.8862 31
      vertex -26.6137 -97.8112 21
      vertex -26.4325 -97.8862 21
    endloop
  endfacet
  facet normal -0.522646 -0.85255 0
    outer loop
      vertex -26.4325 -97.8862 21
      vertex -26.2653 -97.9887 31
      vertex -26.4325 -97.8862 31
    endloop
  endfacet
  facet normal -0.522646 -0.85255 -0
    outer loop
      vertex -26.2653 -97.9887 31
      vertex -26.4325 -97.8862 21
      vertex -26.2653 -97.9887 21
    endloop
  endfacet
  facet normal -0.649363 -0.760479 0
    outer loop
      vertex -26.2653 -97.9887 21
      vertex -26.1161 -98.1161 31
      vertex -26.2653 -97.9887 31
    endloop
  endfacet
  facet normal -0.649363 -0.760479 -0
    outer loop
      vertex -26.1161 -98.1161 31
      vertex -26.2653 -97.9887 21
      vertex -26.1161 -98.1161 21
    endloop
  endfacet
  facet normal 0.0765015 0.997069 -0
    outer loop
      vertex -27 -100.25 21
      vertex -27.1955 -100.235 31
      vertex -27 -100.25 31
    endloop
  endfacet
  facet normal 0.0765015 0.997069 0
    outer loop
      vertex -27.1955 -100.235 31
      vertex -27 -100.25 21
      vertex -27.1955 -100.235 21
    endloop
  endfacet
  facet normal 0.92398 -0.382442 0
    outer loop
      vertex -28.1888 -98.6137 31
      vertex -28.1138 -98.4325 21
      vertex -28.1138 -98.4325 31
    endloop
  endfacet
  facet normal 0.92398 -0.382442 0
    outer loop
      vertex -28.1138 -98.4325 21
      vertex -28.1888 -98.6137 31
      vertex -28.1888 -98.6137 21
    endloop
  endfacet
  facet normal 0.233412 -0.972378 0
    outer loop
      vertex -27.3863 -97.8112 21
      vertex -27.1955 -97.7654 31
      vertex -27.3863 -97.8112 31
    endloop
  endfacet
  facet normal 0.233412 -0.972378 0
    outer loop
      vertex -27.1955 -97.7654 31
      vertex -27.3863 -97.8112 21
      vertex -27.1955 -97.7654 21
    endloop
  endfacet
  facet normal 0.382442 -0.92398 0
    outer loop
      vertex -27.5675 -97.8862 21
      vertex -27.3863 -97.8112 31
      vertex -27.5675 -97.8862 31
    endloop
  endfacet
  facet normal 0.382442 -0.92398 0
    outer loop
      vertex -27.3863 -97.8112 31
      vertex -27.5675 -97.8862 21
      vertex -27.3863 -97.8112 21
    endloop
  endfacet
  facet normal -0.760479 -0.649363 0
    outer loop
      vertex -25.9887 -98.2653 21
      vertex -26.1161 -98.1161 31
      vertex -26.1161 -98.1161 21
    endloop
  endfacet
  facet normal -0.760479 -0.649363 0
    outer loop
      vertex -26.1161 -98.1161 31
      vertex -25.9887 -98.2653 21
      vertex -25.9887 -98.2653 31
    endloop
  endfacet
  facet normal -0.524495 0.851413 0
    outer loop
      vertex -26.2653 -100.011 21
      vertex -26.4325 -100.114 31
      vertex -26.2653 -100.011 31
    endloop
  endfacet
  facet normal -0.524495 0.851413 0
    outer loop
      vertex -26.4325 -100.114 31
      vertex -26.2653 -100.011 21
      vertex -26.4325 -100.114 21
    endloop
  endfacet
  facet normal -0.234375 0.972146 0
    outer loop
      vertex -26.6137 -100.189 21
      vertex -26.8045 -100.235 31
      vertex -26.6137 -100.189 31
    endloop
  endfacet
  facet normal -0.234375 0.972146 0
    outer loop
      vertex -26.8045 -100.235 31
      vertex -26.6137 -100.189 21
      vertex -26.8045 -100.235 21
    endloop
  endfacet
  facet normal 0.85255 -0.522646 0
    outer loop
      vertex -28.1138 -98.4325 31
      vertex -28.0113 -98.2653 21
      vertex -28.0113 -98.2653 31
    endloop
  endfacet
  facet normal 0.85255 -0.522646 0
    outer loop
      vertex -28.0113 -98.2653 21
      vertex -28.1138 -98.4325 31
      vertex -28.1138 -98.4325 21
    endloop
  endfacet
  facet normal 0.648477 0.761234 -0
    outer loop
      vertex -27.7347 -100.011 21
      vertex -27.8839 -99.8839 31
      vertex -27.7347 -100.011 31
    endloop
  endfacet
  facet normal 0.648477 0.761234 0
    outer loop
      vertex -27.8839 -99.8839 31
      vertex -27.7347 -100.011 21
      vertex -27.8839 -99.8839 21
    endloop
  endfacet
  facet normal 0.996912 -0.0785291 0
    outer loop
      vertex -28.25 -99 31
      vertex -28.2346 -98.8045 21
      vertex -28.2346 -98.8045 31
    endloop
  endfacet
  facet normal 0.996912 -0.0785291 0
    outer loop
      vertex -28.2346 -98.8045 21
      vertex -28.25 -99 31
      vertex -28.25 -99 21
    endloop
  endfacet
  facet normal -0.760479 0.649363 0
    outer loop
      vertex -26.1161 -99.8839 21
      vertex -25.9887 -99.7347 31
      vertex -25.9887 -99.7347 21
    endloop
  endfacet
  facet normal -0.760479 0.649363 0
    outer loop
      vertex -25.9887 -99.7347 31
      vertex -26.1161 -99.8839 21
      vertex -26.1161 -99.8839 31
    endloop
  endfacet
  facet normal 0.760479 -0.649363 0
    outer loop
      vertex -28.0113 -98.2653 31
      vertex -27.8839 -98.1161 21
      vertex -27.8839 -98.1161 31
    endloop
  endfacet
  facet normal 0.760479 -0.649363 0
    outer loop
      vertex -27.8839 -98.1161 21
      vertex -28.0113 -98.2653 31
      vertex -28.0113 -98.2653 21
    endloop
  endfacet
  facet normal -0.972378 0.233412 0
    outer loop
      vertex -25.8112 -99.3863 21
      vertex -25.7654 -99.1955 31
      vertex -25.7654 -99.1955 21
    endloop
  endfacet
  facet normal -0.972378 0.233412 0
    outer loop
      vertex -25.7654 -99.1955 31
      vertex -25.8112 -99.3863 21
      vertex -25.8112 -99.3863 31
    endloop
  endfacet
  facet normal 0.972378 -0.233412 0
    outer loop
      vertex -28.2346 -98.8045 31
      vertex -28.1888 -98.6137 21
      vertex -28.1888 -98.6137 31
    endloop
  endfacet
  facet normal 0.972378 -0.233412 0
    outer loop
      vertex -28.1888 -98.6137 21
      vertex -28.2346 -98.8045 31
      vertex -28.2346 -98.8045 21
    endloop
  endfacet
  facet normal -0.0785291 -0.996912 0
    outer loop
      vertex -27 -97.75 21
      vertex -26.8045 -97.7654 31
      vertex -27 -97.75 31
    endloop
  endfacet
  facet normal -0.0785291 -0.996912 -0
    outer loop
      vertex -26.8045 -97.7654 31
      vertex -27 -97.75 21
      vertex -26.8045 -97.7654 21
    endloop
  endfacet
  facet normal 0 0 1
    outer loop
      vertex -25.7654 -98.8045 21
      vertex -25.7654 -99.1955 21
      vertex -25.75 -99 21
    endloop
  endfacet
  facet normal 0 0 1
    outer loop
      vertex -25.8112 -98.6137 21
      vertex -25.7654 -99.1955 21
      vertex -25.7654 -98.8045 21
    endloop
  endfacet
  facet normal 0 0 1
    outer loop
      vertex -25.8112 -98.6137 21
      vertex -25.8112 -99.3863 21
      vertex -25.7654 -99.1955 21
    endloop
  endfacet
  facet normal 0 0 1
    outer loop
      vertex -25.8862 -98.4325 21
      vertex -25.8112 -99.3863 21
      vertex -25.8112 -98.6137 21
    endloop
  endfacet
  facet normal 0 0 1
    outer loop
      vertex -25.8862 -98.4325 21
      vertex -25.8862 -99.5675 21
      vertex -25.8112 -99.3863 21
    endloop
  endfacet
  facet normal 0 0 1
    outer loop
      vertex -25.9887 -98.2653 21
      vertex -25.8862 -99.5675 21
      vertex -25.8862 -98.4325 21
    endloop
  endfacet
  facet normal 0 0 1
    outer loop
      vertex -25.9887 -98.2653 21
      vertex -25.9887 -99.7347 21
      vertex -25.8862 -99.5675 21
    endloop
  endfacet
  facet normal 0 0 1
    outer loop
      vertex -26.1161 -98.1161 21
      vertex -25.9887 -99.7347 21
      vertex -25.9887 -98.2653 21
    endloop
  endfacet
  facet normal 0 0 1
    outer loop
      vertex -26.1161 -98.1161 21
      vertex -26.1161 -99.8839 21
      vertex -25.9887 -99.7347 21
    endloop
  endfacet
  facet normal 0 0 1
    outer loop
      vertex -26.2653 -97.9887 21
      vertex -26.1161 -99.8839 21
      vertex -26.1161 -98.1161 21
    endloop
  endfacet
  facet normal 0 0 1
    outer loop
      vertex -26.2653 -97.9887 21
      vertex -26.2653 -100.011 21
      vertex -26.1161 -99.8839 21
    endloop
  endfacet
  facet normal 0 0 1
    outer loop
      vertex -26.4325 -97.8862 21
      vertex -26.2653 -100.011 21
      vertex -26.2653 -97.9887 21
    endloop
  endfacet
  facet normal 0 0 1
    outer loop
      vertex -26.4325 -97.8862 21
      vertex -26.4325 -100.114 21
      vertex -26.2653 -100.011 21
    endloop
  endfacet
  facet normal 0 0 1
    outer loop
      vertex -26.6137 -97.8112 21
      vertex -26.4325 -100.114 21
      vertex -26.4325 -97.8862 21
    endloop
  endfacet
  facet normal 0 0 1
    outer loop
      vertex -26.6137 -97.8112 21
      vertex -26.6137 -100.189 21
      vertex -26.4325 -100.114 21
    endloop
  endfacet
  facet normal 0 0 1
    outer loop
      vertex -26.8045 -97.7654 21
      vertex -26.6137 -100.189 21
      vertex -26.6137 -97.8112 21
    endloop
  endfacet
  facet normal 0 0 1
    outer loop
      vertex -26.8045 -97.7654 21
      vertex -26.8045 -100.235 21
      vertex -26.6137 -100.189 21
    endloop
  endfacet
  facet normal 0 0 1
    outer loop
      vertex -27 -97.75 21
      vertex -26.8045 -100.235 21
      vertex -26.8045 -97.7654 21
    endloop
  endfacet
  facet normal 0 0 1
    outer loop
      vertex -27 -97.75 21
      vertex -27 -100.25 21
      vertex -26.8045 -100.235 21
    endloop
  endfacet
  facet normal -0 0 1
    outer loop
      vertex -27.1955 -97.7654 21
      vertex -27 -100.25 21
      vertex -27 -97.75 21
    endloop
  endfacet
  facet normal 0 0 1
    outer loop
      vertex -27.1955 -97.7654 21
      vertex -27.1955 -100.235 21
      vertex -27 -100.25 21
    endloop
  endfacet
  facet normal -0 0 1
    outer loop
      vertex -27.3863 -97.8112 21
      vertex -27.1955 -100.235 21
      vertex -27.1955 -97.7654 21
    endloop
  endfacet
  facet normal 0 0 1
    outer loop
      vertex -27.3863 -97.8112 21
      vertex -27.3863 -100.189 21
      vertex -27.1955 -100.235 21
    endloop
  endfacet
  facet normal -0 0 1
    outer loop
      vertex -27.5675 -97.8862 21
      vertex -27.3863 -100.189 21
      vertex -27.3863 -97.8112 21
    endloop
  endfacet
  facet normal 0 0 1
    outer loop
      vertex -27.5675 -97.8862 21
      vertex -27.5675 -100.114 21
      vertex -27.3863 -100.189 21
    endloop
  endfacet
  facet normal -0 0 1
    outer loop
      vertex -27.7347 -97.9887 21
      vertex -27.5675 -100.114 21
      vertex -27.5675 -97.8862 21
    endloop
  endfacet
  facet normal 0 0 1
    outer loop
      vertex -27.7347 -97.9887 21
      vertex -27.7347 -100.011 21
      vertex -27.5675 -100.114 21
    endloop
  endfacet
  facet normal -0 0 1
    outer loop
      vertex -27.8839 -98.1161 21
      vertex -27.7347 -100.011 21
      vertex -27.7347 -97.9887 21
    endloop
  endfacet
  facet normal 0 0 1
    outer loop
      vertex -27.8839 -98.1161 21
      vertex -27.8839 -99.8839 21
      vertex -27.7347 -100.011 21
    endloop
  endfacet
  facet normal -0 0 1
    outer loop
      vertex -28.0113 -98.2653 21
      vertex -27.8839 -99.8839 21
      vertex -27.8839 -98.1161 21
    endloop
  endfacet
  facet normal 0 0 1
    outer loop
      vertex -28.0113 -98.2653 21
      vertex -28.0113 -99.7347 21
      vertex -27.8839 -99.8839 21
    endloop
  endfacet
  facet normal -0 0 1
    outer loop
      vertex -28.1138 -98.4325 21
      vertex -28.0113 -99.7347 21
      vertex -28.0113 -98.2653 21
    endloop
  endfacet
  facet normal 0 0 1
    outer loop
      vertex -28.1138 -98.4325 21
      vertex -28.1138 -99.5675 21
      vertex -28.0113 -99.7347 21
    endloop
  endfacet
  facet normal -0 0 1
    outer loop
      vertex -28.1888 -98.6137 21
      vertex -28.1138 -99.5675 21
      vertex -28.1138 -98.4325 21
    endloop
  endfacet
  facet normal 0 0 1
    outer loop
      vertex -28.1888 -98.6137 21
      vertex -28.1888 -99.3863 21
      vertex -28.1138 -99.5675 21
    endloop
  endfacet
  facet normal -0 0 1
    outer loop
      vertex -28.2346 -98.8045 21
      vertex -28.1888 -99.3863 21
      vertex -28.1888 -98.6137 21
    endloop
  endfacet
  facet normal 0 0 1
    outer loop
      vertex -28.2346 -98.8045 21
      vertex -28.2346 -99.1955 21
      vertex -28.1888 -99.3863 21
    endloop
  endfacet
  facet normal 0 -0 1
    outer loop
      vertex -28.2346 -99.1955 21
      vertex -28.2346 -98.8045 21
      vertex -28.25 -99 21
    endloop
  endfacet
  facet normal -0.972378 -0.233412 0
    outer loop
      vertex -58.2654 -99.8045 21
      vertex -58.3112 -99.6137 31
      vertex -58.3112 -99.6137 21
    endloop
  endfacet
  facet normal -0.972378 -0.233412 0
    outer loop
      vertex -58.3112 -99.6137 31
      vertex -58.2654 -99.8045 21
      vertex -58.2654 -99.8045 31
    endloop
  endfacet
  facet normal -0.996912 -0.0785291 0
    outer loop
      vertex -58.25 -100 21
      vertex -58.2654 -99.8045 31
      vertex -58.2654 -99.8045 21
    endloop
  endfacet
  facet normal -0.996912 -0.0785291 0
    outer loop
      vertex -58.2654 -99.8045 31
      vertex -58.25 -100 21
      vertex -58.25 -100 31
    endloop
  endfacet
  facet normal -0.0765015 0.997069 0
    outer loop
      vertex -59.3045 -101.235 21
      vertex -59.5 -101.25 31
      vertex -59.3045 -101.235 31
    endloop
  endfacet
  facet normal -0.0765015 0.997069 0
    outer loop
      vertex -59.5 -101.25 31
      vertex -59.3045 -101.235 21
      vertex -59.5 -101.25 21
    endloop
  endfacet
  facet normal -0.92398 -0.382442 0
    outer loop
      vertex -58.3112 -99.6137 21
      vertex -58.3862 -99.4325 31
      vertex -58.3862 -99.4325 21
    endloop
  endfacet
  facet normal -0.92398 -0.382442 0
    outer loop
      vertex -58.3862 -99.4325 31
      vertex -58.3112 -99.6137 21
      vertex -58.3112 -99.6137 31
    endloop
  endfacet
  facet normal 0.524495 0.851413 -0
    outer loop
      vertex -60.0675 -101.114 21
      vertex -60.2347 -101.011 31
      vertex -60.0675 -101.114 31
    endloop
  endfacet
  facet normal 0.524495 0.851413 0
    outer loop
      vertex -60.2347 -101.011 31
      vertex -60.0675 -101.114 21
      vertex -60.2347 -101.011 21
    endloop
  endfacet
  facet normal 0.0785291 -0.996912 0
    outer loop
      vertex -59.6955 -98.7654 21
      vertex -59.5 -98.75 31
      vertex -59.6955 -98.7654 31
    endloop
  endfacet
  facet normal 0.0785291 -0.996912 0
    outer loop
      vertex -59.5 -98.75 31
      vertex -59.6955 -98.7654 21
      vertex -59.5 -98.75 21
    endloop
  endfacet
  facet normal -0.648182 0.761486 0
    outer loop
      vertex -58.6161 -100.884 21
      vertex -58.7653 -101.011 31
      vertex -58.6161 -100.884 31
    endloop
  endfacet
  facet normal -0.648182 0.761486 0
    outer loop
      vertex -58.7653 -101.011 31
      vertex -58.6161 -100.884 21
      vertex -58.7653 -101.011 21
    endloop
  endfacet
  facet normal 0.996927 0.07833 0
    outer loop
      vertex -60.7346 -100.196 31
      vertex -60.75 -100 21
      vertex -60.75 -100 31
    endloop
  endfacet
  facet normal 0.996927 0.07833 0
    outer loop
      vertex -60.75 -100 21
      vertex -60.7346 -100.196 31
      vertex -60.7346 -100.196 21
    endloop
  endfacet
  facet normal 0.234375 0.972146 -0
    outer loop
      vertex -59.6955 -101.235 21
      vertex -59.8863 -101.189 31
      vertex -59.6955 -101.235 31
    endloop
  endfacet
  facet normal 0.234375 0.972146 0
    outer loop
      vertex -59.8863 -101.189 31
      vertex -59.6955 -101.235 21
      vertex -59.8863 -101.189 21
    endloop
  endfacet
  facet normal -0.233412 -0.972378 0
    outer loop
      vertex -59.3045 -98.7654 21
      vertex -59.1137 -98.8112 31
      vertex -59.3045 -98.7654 31
    endloop
  endfacet
  facet normal -0.233412 -0.972378 -0
    outer loop
      vertex -59.1137 -98.8112 31
      vertex -59.3045 -98.7654 21
      vertex -59.1137 -98.8112 21
    endloop
  endfacet
  facet normal 0.522646 -0.85255 0
    outer loop
      vertex -60.2347 -98.9887 21
      vertex -60.0675 -98.8862 31
      vertex -60.2347 -98.9887 31
    endloop
  endfacet
  facet normal 0.522646 -0.85255 0
    outer loop
      vertex -60.0675 -98.8862 31
      vertex -60.2347 -98.9887 21
      vertex -60.0675 -98.8862 21
    endloop
  endfacet
  facet normal 0.853658 0.520833 0
    outer loop
      vertex -60.5113 -100.735 31
      vertex -60.6138 -100.567 21
      vertex -60.6138 -100.567 31
    endloop
  endfacet
  facet normal 0.853658 0.520833 0
    outer loop
      vertex -60.6138 -100.567 21
      vertex -60.5113 -100.735 31
      vertex -60.5113 -100.735 21
    endloop
  endfacet
  facet normal 0.649363 -0.760479 0
    outer loop
      vertex -60.3839 -99.1161 21
      vertex -60.2347 -98.9887 31
      vertex -60.3839 -99.1161 31
    endloop
  endfacet
  facet normal 0.649363 -0.760479 0
    outer loop
      vertex -60.2347 -98.9887 31
      vertex -60.3839 -99.1161 21
      vertex -60.2347 -98.9887 21
    endloop
  endfacet
  facet normal 0.382442 0.92398 -0
    outer loop
      vertex -59.8863 -101.189 21
      vertex -60.0675 -101.114 31
      vertex -59.8863 -101.189 31
    endloop
  endfacet
  facet normal 0.382442 0.92398 0
    outer loop
      vertex -60.0675 -101.114 31
      vertex -59.8863 -101.189 21
      vertex -60.0675 -101.114 21
    endloop
  endfacet
  facet normal -0.382442 0.92398 0
    outer loop
      vertex -58.9325 -101.114 21
      vertex -59.1137 -101.189 31
      vertex -58.9325 -101.114 31
    endloop
  endfacet
  facet normal -0.382442 0.92398 0
    outer loop
      vertex -59.1137 -101.189 31
      vertex -58.9325 -101.114 21
      vertex -59.1137 -101.189 21
    endloop
  endfacet
  facet normal 0.760048 0.649867 0
    outer loop
      vertex -60.3839 -100.884 31
      vertex -60.5113 -100.735 21
      vertex -60.5113 -100.735 31
    endloop
  endfacet
  facet normal 0.760048 0.649867 0
    outer loop
      vertex -60.5113 -100.735 21
      vertex -60.3839 -100.884 31
      vertex -60.3839 -100.884 21
    endloop
  endfacet
  facet normal -0.996927 0.07833 0
    outer loop
      vertex -58.2654 -100.196 21
      vertex -58.25 -100 31
      vertex -58.25 -100 21
    endloop
  endfacet
  facet normal -0.996927 0.07833 0
    outer loop
      vertex -58.25 -100 31
      vertex -58.2654 -100.196 21
      vertex -58.2654 -100.196 31
    endloop
  endfacet
  facet normal 0.972155 0.23434 0
    outer loop
      vertex -60.6888 -100.386 31
      vertex -60.7346 -100.196 21
      vertex -60.7346 -100.196 31
    endloop
  endfacet
  facet normal 0.972155 0.23434 0
    outer loop
      vertex -60.7346 -100.196 21
      vertex -60.6888 -100.386 31
      vertex -60.6888 -100.386 21
    endloop
  endfacet
  facet normal 0.92383 0.382803 0
    outer loop
      vertex -60.6138 -100.567 31
      vertex -60.6888 -100.386 21
      vertex -60.6888 -100.386 31
    endloop
  endfacet
  facet normal 0.92383 0.382803 0
    outer loop
      vertex -60.6888 -100.386 21
      vertex -60.6138 -100.567 31
      vertex -60.6138 -100.567 21
    endloop
  endfacet
  facet normal -0.85255 -0.522646 0
    outer loop
      vertex -58.3862 -99.4325 21
      vertex -58.4887 -99.2653 31
      vertex -58.4887 -99.2653 21
    endloop
  endfacet
  facet normal -0.85255 -0.522646 0
    outer loop
      vertex -58.4887 -99.2653 31
      vertex -58.3862 -99.4325 21
      vertex -58.3862 -99.4325 31
    endloop
  endfacet
  facet normal -0.92383 0.382803 0
    outer loop
      vertex -58.3862 -100.567 21
      vertex -58.3112 -100.386 31
      vertex -58.3112 -100.386 21
    endloop
  endfacet
  facet normal -0.92383 0.382803 0
    outer loop
      vertex -58.3112 -100.386 31
      vertex -58.3862 -100.567 21
      vertex -58.3862 -100.567 31
    endloop
  endfacet
  facet normal -0.382442 -0.92398 0
    outer loop
      vertex -59.1137 -98.8112 21
      vertex -58.9325 -98.8862 31
      vertex -59.1137 -98.8112 31
    endloop
  endfacet
  facet normal -0.382442 -0.92398 -0
    outer loop
      vertex -58.9325 -98.8862 31
      vertex -59.1137 -98.8112 21
      vertex -58.9325 -98.8862 21
    endloop
  endfacet
  facet normal -0.522646 -0.85255 0
    outer loop
      vertex -58.9325 -98.8862 21
      vertex -58.7653 -98.9887 31
      vertex -58.9325 -98.8862 31
    endloop
  endfacet
  facet normal -0.522646 -0.85255 -0
    outer loop
      vertex -58.7653 -98.9887 31
      vertex -58.9325 -98.8862 21
      vertex -58.7653 -98.9887 21
    endloop
  endfacet
  facet normal -0.649363 -0.760479 0
    outer loop
      vertex -58.7653 -98.9887 21
      vertex -58.6161 -99.1161 31
      vertex -58.7653 -98.9887 31
    endloop
  endfacet
  facet normal -0.649363 -0.760479 -0
    outer loop
      vertex -58.6161 -99.1161 31
      vertex -58.7653 -98.9887 21
      vertex -58.6161 -99.1161 21
    endloop
  endfacet
  facet normal 0.0765015 0.997069 -0
    outer loop
      vertex -59.5 -101.25 21
      vertex -59.6955 -101.235 31
      vertex -59.5 -101.25 31
    endloop
  endfacet
  facet normal 0.0765015 0.997069 0
    outer loop
      vertex -59.6955 -101.235 31
      vertex -59.5 -101.25 21
      vertex -59.6955 -101.235 21
    endloop
  endfacet
  facet normal 0.92398 -0.382442 0
    outer loop
      vertex -60.6888 -99.6137 31
      vertex -60.6138 -99.4325 21
      vertex -60.6138 -99.4325 31
    endloop
  endfacet
  facet normal 0.92398 -0.382442 0
    outer loop
      vertex -60.6138 -99.4325 21
      vertex -60.6888 -99.6137 31
      vertex -60.6888 -99.6137 21
    endloop
  endfacet
  facet normal 0.233412 -0.972378 0
    outer loop
      vertex -59.8863 -98.8112 21
      vertex -59.6955 -98.7654 31
      vertex -59.8863 -98.8112 31
    endloop
  endfacet
  facet normal 0.233412 -0.972378 0
    outer loop
      vertex -59.6955 -98.7654 31
      vertex -59.8863 -98.8112 21
      vertex -59.6955 -98.7654 21
    endloop
  endfacet
  facet normal 0.382442 -0.92398 0
    outer loop
      vertex -60.0675 -98.8862 21
      vertex -59.8863 -98.8112 31
      vertex -60.0675 -98.8862 31
    endloop
  endfacet
  facet normal 0.382442 -0.92398 0
    outer loop
      vertex -59.8863 -98.8112 31
      vertex -60.0675 -98.8862 21
      vertex -59.8863 -98.8112 21
    endloop
  endfacet
  facet normal -0.760479 -0.649363 0
    outer loop
      vertex -58.4887 -99.2653 21
      vertex -58.6161 -99.1161 31
      vertex -58.6161 -99.1161 21
    endloop
  endfacet
  facet normal -0.760479 -0.649363 0
    outer loop
      vertex -58.6161 -99.1161 31
      vertex -58.4887 -99.2653 21
      vertex -58.4887 -99.2653 31
    endloop
  endfacet
  facet normal -0.524495 0.851413 0
    outer loop
      vertex -58.7653 -101.011 21
      vertex -58.9325 -101.114 31
      vertex -58.7653 -101.011 31
    endloop
  endfacet
  facet normal -0.524495 0.851413 0
    outer loop
      vertex -58.9325 -101.114 31
      vertex -58.7653 -101.011 21
      vertex -58.9325 -101.114 21
    endloop
  endfacet
  facet normal -0.234375 0.972146 0
    outer loop
      vertex -59.1137 -101.189 21
      vertex -59.3045 -101.235 31
      vertex -59.1137 -101.189 31
    endloop
  endfacet
  facet normal -0.234375 0.972146 0
    outer loop
      vertex -59.3045 -101.235 31
      vertex -59.1137 -101.189 21
      vertex -59.3045 -101.235 21
    endloop
  endfacet
  facet normal 0.85255 -0.522646 0
    outer loop
      vertex -60.6138 -99.4325 31
      vertex -60.5113 -99.2653 21
      vertex -60.5113 -99.2653 31
    endloop
  endfacet
  facet normal 0.85255 -0.522646 0
    outer loop
      vertex -60.5113 -99.2653 21
      vertex -60.6138 -99.4325 31
      vertex -60.6138 -99.4325 21
    endloop
  endfacet
  facet normal 0.648182 0.761486 -0
    outer loop
      vertex -60.2347 -101.011 21
      vertex -60.3839 -100.884 31
      vertex -60.2347 -101.011 31
    endloop
  endfacet
  facet normal 0.648182 0.761486 0
    outer loop
      vertex -60.3839 -100.884 31
      vertex -60.2347 -101.011 21
      vertex -60.3839 -100.884 21
    endloop
  endfacet
  facet normal 0.996912 -0.0785291 0
    outer loop
      vertex -60.75 -100 31
      vertex -60.7346 -99.8045 21
      vertex -60.7346 -99.8045 31
    endloop
  endfacet
  facet normal 0.996912 -0.0785291 0
    outer loop
      vertex -60.7346 -99.8045 21
      vertex -60.75 -100 31
      vertex -60.75 -100 21
    endloop
  endfacet
  facet normal -0.853658 0.520833 0
    outer loop
      vertex -58.4887 -100.735 21
      vertex -58.3862 -100.567 31
      vertex -58.3862 -100.567 21
    endloop
  endfacet
  facet normal -0.853658 0.520833 0
    outer loop
      vertex -58.3862 -100.567 31
      vertex -58.4887 -100.735 21
      vertex -58.4887 -100.735 31
    endloop
  endfacet
  facet normal -0.760048 0.649867 0
    outer loop
      vertex -58.6161 -100.884 21
      vertex -58.4887 -100.735 31
      vertex -58.4887 -100.735 21
    endloop
  endfacet
  facet normal -0.760048 0.649867 0
    outer loop
      vertex -58.4887 -100.735 31
      vertex -58.6161 -100.884 21
      vertex -58.6161 -100.884 31
    endloop
  endfacet
  facet normal 0.760479 -0.649363 0
    outer loop
      vertex -60.5113 -99.2653 31
      vertex -60.3839 -99.1161 21
      vertex -60.3839 -99.1161 31
    endloop
  endfacet
  facet normal 0.760479 -0.649363 0
    outer loop
      vertex -60.3839 -99.1161 21
      vertex -60.5113 -99.2653 31
      vertex -60.5113 -99.2653 21
    endloop
  endfacet
  facet normal -0.972155 0.23434 0
    outer loop
      vertex -58.3112 -100.386 21
      vertex -58.2654 -100.196 31
      vertex -58.2654 -100.196 21
    endloop
  endfacet
  facet normal -0.972155 0.23434 0
    outer loop
      vertex -58.2654 -100.196 31
      vertex -58.3112 -100.386 21
      vertex -58.3112 -100.386 31
    endloop
  endfacet
  facet normal 0.972378 -0.233412 0
    outer loop
      vertex -60.7346 -99.8045 31
      vertex -60.6888 -99.6137 21
      vertex -60.6888 -99.6137 31
    endloop
  endfacet
  facet normal 0.972378 -0.233412 0
    outer loop
      vertex -60.6888 -99.6137 21
      vertex -60.7346 -99.8045 31
      vertex -60.7346 -99.8045 21
    endloop
  endfacet
  facet normal -0.0785291 -0.996912 0
    outer loop
      vertex -59.5 -98.75 21
      vertex -59.3045 -98.7654 31
      vertex -59.5 -98.75 31
    endloop
  endfacet
  facet normal -0.0785291 -0.996912 -0
    outer loop
      vertex -59.3045 -98.7654 31
      vertex -59.5 -98.75 21
      vertex -59.3045 -98.7654 21
    endloop
  endfacet
  facet normal 0 0 1
    outer loop
      vertex -58.2654 -99.8045 21
      vertex -58.2654 -100.196 21
      vertex -58.25 -100 21
    endloop
  endfacet
  facet normal 0 0 1
    outer loop
      vertex -58.3112 -99.6137 21
      vertex -58.2654 -100.196 21
      vertex -58.2654 -99.8045 21
    endloop
  endfacet
  facet normal 0 0 1
    outer loop
      vertex -58.3112 -99.6137 21
      vertex -58.3112 -100.386 21
      vertex -58.2654 -100.196 21
    endloop
  endfacet
  facet normal 0 0 1
    outer loop
      vertex -58.3862 -99.4325 21
      vertex -58.3112 -100.386 21
      vertex -58.3112 -99.6137 21
    endloop
  endfacet
  facet normal 0 0 1
    outer loop
      vertex -58.3862 -99.4325 21
      vertex -58.3862 -100.567 21
      vertex -58.3112 -100.386 21
    endloop
  endfacet
  facet normal 0 0 1
    outer loop
      vertex -58.4887 -99.2653 21
      vertex -58.3862 -100.567 21
      vertex -58.3862 -99.4325 21
    endloop
  endfacet
  facet normal 0 0 1
    outer loop
      vertex -58.4887 -99.2653 21
      vertex -58.4887 -100.735 21
      vertex -58.3862 -100.567 21
    endloop
  endfacet
  facet normal 0 0 1
    outer loop
      vertex -58.6161 -99.1161 21
      vertex -58.4887 -100.735 21
      vertex -58.4887 -99.2653 21
    endloop
  endfacet
  facet normal 0 0 1
    outer loop
      vertex -58.6161 -99.1161 21
      vertex -58.6161 -100.884 21
      vertex -58.4887 -100.735 21
    endloop
  endfacet
  facet normal 0 0 1
    outer loop
      vertex -58.7653 -98.9887 21
      vertex -58.6161 -100.884 21
      vertex -58.6161 -99.1161 21
    endloop
  endfacet
  facet normal 0 0 1
    outer loop
      vertex -58.7653 -98.9887 21
      vertex -58.7653 -101.011 21
      vertex -58.6161 -100.884 21
    endloop
  endfacet
  facet normal 0 0 1
    outer loop
      vertex -58.9325 -98.8862 21
      vertex -58.7653 -101.011 21
      vertex -58.7653 -98.9887 21
    endloop
  endfacet
  facet normal 0 0 1
    outer loop
      vertex -58.9325 -98.8862 21
      vertex -58.9325 -101.114 21
      vertex -58.7653 -101.011 21
    endloop
  endfacet
  facet normal 0 0 1
    outer loop
      vertex -59.1137 -98.8112 21
      vertex -58.9325 -101.114 21
      vertex -58.9325 -98.8862 21
    endloop
  endfacet
  facet normal 0 0 1
    outer loop
      vertex -59.1137 -98.8112 21
      vertex -59.1137 -101.189 21
      vertex -58.9325 -101.114 21
    endloop
  endfacet
  facet normal 0 0 1
    outer loop
      vertex -59.3045 -98.7654 21
      vertex -59.1137 -101.189 21
      vertex -59.1137 -98.8112 21
    endloop
  endfacet
  facet normal 0 0 1
    outer loop
      vertex -59.3045 -98.7654 21
      vertex -59.3045 -101.235 21
      vertex -59.1137 -101.189 21
    endloop
  endfacet
  facet normal 0 0 1
    outer loop
      vertex -59.5 -98.75 21
      vertex -59.3045 -101.235 21
      vertex -59.3045 -98.7654 21
    endloop
  endfacet
  facet normal 0 0 1
    outer loop
      vertex -59.5 -98.75 21
      vertex -59.5 -101.25 21
      vertex -59.3045 -101.235 21
    endloop
  endfacet
  facet normal -0 0 1
    outer loop
      vertex -59.6955 -98.7654 21
      vertex -59.5 -101.25 21
      vertex -59.5 -98.75 21
    endloop
  endfacet
  facet normal 0 0 1
    outer loop
      vertex -59.6955 -98.7654 21
      vertex -59.6955 -101.235 21
      vertex -59.5 -101.25 21
    endloop
  endfacet
  facet normal -0 0 1
    outer loop
      vertex -59.8863 -98.8112 21
      vertex -59.6955 -101.235 21
      vertex -59.6955 -98.7654 21
    endloop
  endfacet
  facet normal 0 0 1
    outer loop
      vertex -59.8863 -98.8112 21
      vertex -59.8863 -101.189 21
      vertex -59.6955 -101.235 21
    endloop
  endfacet
  facet normal -0 0 1
    outer loop
      vertex -60.0675 -98.8862 21
      vertex -59.8863 -101.189 21
      vertex -59.8863 -98.8112 21
    endloop
  endfacet
  facet normal 0 0 1
    outer loop
      vertex -60.0675 -98.8862 21
      vertex -60.0675 -101.114 21
      vertex -59.8863 -101.189 21
    endloop
  endfacet
  facet normal -0 0 1
    outer loop
      vertex -60.2347 -98.9887 21
      vertex -60.0675 -101.114 21
      vertex -60.0675 -98.8862 21
    endloop
  endfacet
  facet normal 0 0 1
    outer loop
      vertex -60.2347 -98.9887 21
      vertex -60.2347 -101.011 21
      vertex -60.0675 -101.114 21
    endloop
  endfacet
  facet normal -0 0 1
    outer loop
      vertex -60.3839 -99.1161 21
      vertex -60.2347 -101.011 21
      vertex -60.2347 -98.9887 21
    endloop
  endfacet
  facet normal 0 0 1
    outer loop
      vertex -60.3839 -99.1161 21
      vertex -60.3839 -100.884 21
      vertex -60.2347 -101.011 21
    endloop
  endfacet
  facet normal -0 0 1
    outer loop
      vertex -60.5113 -99.2653 21
      vertex -60.3839 -100.884 21
      vertex -60.3839 -99.1161 21
    endloop
  endfacet
  facet normal 0 0 1
    outer loop
      vertex -60.5113 -99.2653 21
      vertex -60.5113 -100.735 21
      vertex -60.3839 -100.884 21
    endloop
  endfacet
  facet normal -0 0 1
    outer loop
      vertex -60.6138 -99.4325 21
      vertex -60.5113 -100.735 21
      vertex -60.5113 -99.2653 21
    endloop
  endfacet
  facet normal 0 0 1
    outer loop
      vertex -60.6138 -99.4325 21
      vertex -60.6138 -100.567 21
      vertex -60.5113 -100.735 21
    endloop
  endfacet
  facet normal -0 0 1
    outer loop
      vertex -60.6888 -99.6137 21
      vertex -60.6138 -100.567 21
      vertex -60.6138 -99.4325 21
    endloop
  endfacet
  facet normal 0 0 1
    outer loop
      vertex -60.6888 -99.6137 21
      vertex -60.6888 -100.386 21
      vertex -60.6138 -100.567 21
    endloop
  endfacet
  facet normal -0 0 1
    outer loop
      vertex -60.7346 -99.8045 21
      vertex -60.6888 -100.386 21
      vertex -60.6888 -99.6137 21
    endloop
  endfacet
  facet normal 0 0 1
    outer loop
      vertex -60.7346 -99.8045 21
      vertex -60.7346 -100.196 21
      vertex -60.6888 -100.386 21
    endloop
  endfacet
  facet normal 0 -0 1
    outer loop
      vertex -60.7346 -100.196 21
      vertex -60.7346 -99.8045 21
      vertex -60.75 -100 21
    endloop
  endfacet
  facet normal -0.0784787 0 -0.996916
    outer loop
      vertex -50 -89.2 29
      vertex -48.905 -86 28.9138
      vertex -48.905 -89.2 28.9138
    endloop
  endfacet
  facet normal -0.0784787 0 -0.996916
    outer loop
      vertex -48.905 -86 28.9138
      vertex -50 -89.2 29
      vertex -50 -86 29
    endloop
  endfacet
  facet normal -0.972376 0 0.233421
    outer loop
      vertex -43.3426 -89.2 19.8369
      vertex -43.0862 -86 20.905
      vertex -43.3426 -86 19.8369
    endloop
  endfacet
  facet normal -0.972376 0 0.233421
    outer loop
      vertex -43.0862 -86 20.905
      vertex -43.3426 -89.2 19.8369
      vertex -43.0862 -89.2 20.905
    endloop
  endfacet
  facet normal -0.996916 0 0.0784787
    outer loop
      vertex -43.0862 -89.2 20.905
      vertex -43 -86 22
      vertex -43.0862 -86 20.905
    endloop
  endfacet
  facet normal -0.996916 0 0.0784787
    outer loop
      vertex -43 -86 22
      vertex -43.0862 -89.2 20.905
      vertex -43 -89.2 22
    endloop
  endfacet
  facet normal -0.923861 0 0.382727
    outer loop
      vertex -43.763 -89.2 18.8221
      vertex -43.3426 -86 19.8369
      vertex -43.763 -86 18.8221
    endloop
  endfacet
  facet normal -0.923861 0 0.382727
    outer loop
      vertex -43.3426 -86 19.8369
      vertex -43.763 -89.2 18.8221
      vertex -43.3426 -89.2 19.8369
    endloop
  endfacet
  facet normal -0.972376 0 -0.233421
    outer loop
      vertex -43.0862 -89.2 23.095
      vertex -43.3426 -86 24.1631
      vertex -43.0862 -86 23.095
    endloop
  endfacet
  facet normal -0.972376 -0 -0.233421
    outer loop
      vertex -43.3426 -86 24.1631
      vertex -43.0862 -89.2 23.095
      vertex -43.3426 -89.2 24.1631
    endloop
  endfacet
  facet normal 0.760374 0 -0.649486
    outer loop
      vertex -54.9497 -89.2 26.9497
      vertex -55.6631 -86 26.1145
      vertex -54.9497 -86 26.9497
    endloop
  endfacet
  facet normal 0.760374 0 -0.649486
    outer loop
      vertex -55.6631 -86 26.1145
      vertex -54.9497 -89.2 26.9497
      vertex -55.6631 -89.2 26.1145
    endloop
  endfacet
  facet normal -0.649486 0 0.760374
    outer loop
      vertex -45.8855 -86 16.3369
      vertex -45.0503 -89.2 17.0503
      vertex -45.0503 -86 17.0503
    endloop
  endfacet
  facet normal -0.649486 0 0.760374
    outer loop
      vertex -45.0503 -89.2 17.0503
      vertex -45.8855 -86 16.3369
      vertex -45.8855 -89.2 16.3369
    endloop
  endfacet
  facet normal -0.923861 0 -0.382727
    outer loop
      vertex -43.3426 -89.2 24.1631
      vertex -43.763 -86 25.1779
      vertex -43.3426 -86 24.1631
    endloop
  endfacet
  facet normal -0.923861 -0 -0.382727
    outer loop
      vertex -43.763 -86 25.1779
      vertex -43.3426 -89.2 24.1631
      vertex -43.763 -89.2 25.1779
    endloop
  endfacet
  facet normal -0.382727 0 -0.923861
    outer loop
      vertex -47.8369 -89.2 28.6574
      vertex -46.8221 -86 28.237
      vertex -46.8221 -89.2 28.237
    endloop
  endfacet
  facet normal -0.382727 0 -0.923861
    outer loop
      vertex -46.8221 -86 28.237
      vertex -47.8369 -89.2 28.6574
      vertex -47.8369 -86 28.6574
    endloop
  endfacet
  facet normal -0.85266 0 -0.522466
    outer loop
      vertex -43.763 -89.2 25.1779
      vertex -44.3369 -86 26.1145
      vertex -43.763 -86 25.1779
    endloop
  endfacet
  facet normal -0.85266 -0 -0.522466
    outer loop
      vertex -44.3369 -86 26.1145
      vertex -43.763 -89.2 25.1779
      vertex -44.3369 -89.2 26.1145
    endloop
  endfacet
  facet normal -0.0784787 0 0.996916
    outer loop
      vertex -50 -86 15
      vertex -48.905 -90 15.0862
      vertex -48.905 -86 15.0862
    endloop
  endfacet
  facet normal -0.0784787 0 0.996916
    outer loop
      vertex -48.905 -90 15.0862
      vertex -50 -86 15
      vertex -50 -90 15
    endloop
  endfacet
  facet normal 0.972376 0 -0.233421
    outer loop
      vertex -56.6574 -90 24.1631
      vertex -56.9138 -86 23.095
      vertex -56.6574 -86 24.1631
    endloop
  endfacet
  facet normal 0.972376 0 -0.233421
    outer loop
      vertex -56.9138 -86 23.095
      vertex -56.6574 -90 24.1631
      vertex -56.9138 -90 23.095
    endloop
  endfacet
  facet normal 0 1 0
    outer loop
      vertex -48.905 -90 15.0862
      vertex -47.2155 -90 15.6
      vertex -47.8369 -90 15.3426
    endloop
  endfacet
  facet normal 0 1 0
    outer loop
      vertex -47.2155 -90 15.6
      vertex -48.905 -90 15.0862
      vertex -52.7845 -90 15.6
    endloop
  endfacet
  facet normal 0 1 -0
    outer loop
      vertex -51.095 -90 15.0862
      vertex -52.7845 -90 15.6
      vertex -48.905 -90 15.0862
    endloop
  endfacet
  facet normal 0 1 0
    outer loop
      vertex -52.7845 -90 15.6
      vertex -51.095 -90 15.0862
      vertex -52.1631 -90 15.3426
    endloop
  endfacet
  facet normal -0 1 0
    outer loop
      vertex -51.095 -90 15.0862
      vertex -48.905 -90 15.0862
      vertex -50 -90 15
    endloop
  endfacet
  facet normal 0 1 0
    outer loop
      vertex -55.8 -90 25.8911
      vertex -56.6574 -90 24.1631
      vertex -56.237 -90 25.1779
    endloop
  endfacet
  facet normal 0 1 0
    outer loop
      vertex -55.8 -90 25.8911
      vertex -56.9138 -90 23.095
      vertex -56.6574 -90 24.1631
    endloop
  endfacet
  facet normal 0 1 0
    outer loop
      vertex -55.8 -90 25.8911
      vertex -57 -90 22
      vertex -56.9138 -90 23.095
    endloop
  endfacet
  facet normal 0 1 0
    outer loop
      vertex -55.8 -90 25.8911
      vertex -56.9138 -90 20.905
      vertex -57 -90 22
    endloop
  endfacet
  facet normal 0 1 0
    outer loop
      vertex -55.8 -90 25.8911
      vertex -56.6574 -90 19.8369
      vertex -56.9138 -90 20.905
    endloop
  endfacet
  facet normal 0 1 -0
    outer loop
      vertex -55.8 -90 18.1089
      vertex -56.6574 -90 19.8369
      vertex -55.8 -90 25.8911
    endloop
  endfacet
  facet normal 0 1 0
    outer loop
      vertex -56.6574 -90 19.8369
      vertex -55.8 -90 18.1089
      vertex -56.237 -90 18.8221
    endloop
  endfacet
  facet normal 0.85266 -3.20908e-06 0.522466
    outer loop
      vertex -56.237 -86 18.8221
      vertex -55.8 -89.2 18.1089
      vertex -55.6631 -86 17.8855
    endloop
  endfacet
  facet normal 0.852667 -0 0.522456
    outer loop
      vertex -56.237 -90 18.8221
      vertex -55.8 -89.2 18.1089
      vertex -56.237 -86 18.8221
    endloop
  endfacet
  facet normal 0.852667 0 0.522456
    outer loop
      vertex -55.8 -89.2 18.1089
      vertex -56.237 -90 18.8221
      vertex -55.8 -90 18.1089
    endloop
  endfacet
  facet normal 0.85264 0 0.522499
    outer loop
      vertex -55.6631 -86 17.8855
      vertex -55.8 -89.2 18.1089
      vertex -55.6631 -89.2 17.8855
    endloop
  endfacet
  facet normal -0.233421 0 -0.972376
    outer loop
      vertex -48.905 -89.2 28.9138
      vertex -47.8369 -86 28.6574
      vertex -47.8369 -89.2 28.6574
    endloop
  endfacet
  facet normal -0.233421 0 -0.972376
    outer loop
      vertex -47.8369 -86 28.6574
      vertex -48.905 -89.2 28.9138
      vertex -48.905 -86 28.9138
    endloop
  endfacet
  facet normal -0.233421 0 0.972376
    outer loop
      vertex -48.905 -86 15.0862
      vertex -47.8369 -90 15.3426
      vertex -47.8369 -86 15.3426
    endloop
  endfacet
  facet normal -0.233421 0 0.972376
    outer loop
      vertex -47.8369 -90 15.3426
      vertex -48.905 -86 15.0862
      vertex -48.905 -90 15.0862
    endloop
  endfacet
  facet normal 0.382693 0 0.923875
    outer loop
      vertex -52.1631 -86 15.3426
      vertex -52.7845 -89.2 15.6
      vertex -52.1631 -90 15.3426
    endloop
  endfacet
  facet normal 0.382727 -7.69278e-06 0.923861
    outer loop
      vertex -53.1779 -86 15.763
      vertex -52.7845 -89.2 15.6
      vertex -52.1631 -86 15.3426
    endloop
  endfacet
  facet normal 0.38278 0 0.923839
    outer loop
      vertex -52.7845 -89.2 15.6
      vertex -53.1779 -86 15.763
      vertex -53.1779 -89.2 15.763
    endloop
  endfacet
  facet normal 0.382693 0 0.923875
    outer loop
      vertex -52.1631 -90 15.3426
      vertex -52.7845 -89.2 15.6
      vertex -52.7845 -90 15.6
    endloop
  endfacet
  facet normal 0.0784787 0 0.996916
    outer loop
      vertex -51.095 -86 15.0862
      vertex -50 -90 15
      vertex -50 -86 15
    endloop
  endfacet
  facet normal 0.0784787 0 0.996916
    outer loop
      vertex -50 -90 15
      vertex -51.095 -86 15.0862
      vertex -51.095 -90 15.0862
    endloop
  endfacet
  facet normal 0.923861 -0 0.382727
    outer loop
      vertex -56.6574 -90 19.8369
      vertex -56.237 -86 18.8221
      vertex -56.6574 -86 19.8369
    endloop
  endfacet
  facet normal 0.923861 0 0.382727
    outer loop
      vertex -56.237 -86 18.8221
      vertex -56.6574 -90 19.8369
      vertex -56.237 -90 18.8221
    endloop
  endfacet
  facet normal 0.649486 0 0.760374
    outer loop
      vertex -54.9497 -86 17.0503
      vertex -54.1145 -89.2 16.3369
      vertex -54.1145 -86 16.3369
    endloop
  endfacet
  facet normal 0.649486 0 0.760374
    outer loop
      vertex -54.1145 -89.2 16.3369
      vertex -54.9497 -86 17.0503
      vertex -54.9497 -89.2 17.0503
    endloop
  endfacet
  facet normal 0.85264 0 -0.522499
    outer loop
      vertex -55.8 -89.2 25.8911
      vertex -55.6631 -86 26.1145
      vertex -55.6631 -89.2 26.1145
    endloop
  endfacet
  facet normal 0.85266 -3.20908e-06 -0.522466
    outer loop
      vertex -55.6631 -86 26.1145
      vertex -55.8 -89.2 25.8911
      vertex -56.237 -86 25.1779
    endloop
  endfacet
  facet normal 0.852667 0 -0.522456
    outer loop
      vertex -56.237 -90 25.1779
      vertex -55.8 -89.2 25.8911
      vertex -55.8 -90 25.8911
    endloop
  endfacet
  facet normal 0.852667 0 -0.522456
    outer loop
      vertex -55.8 -89.2 25.8911
      vertex -56.237 -90 25.1779
      vertex -56.237 -86 25.1779
    endloop
  endfacet
  facet normal -0.522466 0 0.85266
    outer loop
      vertex -46.8221 -86 15.763
      vertex -45.8855 -89.2 16.3369
      vertex -45.8855 -86 16.3369
    endloop
  endfacet
  facet normal -0.522466 0 0.85266
    outer loop
      vertex -45.8855 -89.2 16.3369
      vertex -46.8221 -86 15.763
      vertex -46.8221 -89.2 15.763
    endloop
  endfacet
  facet normal 0.760374 -0 0.649486
    outer loop
      vertex -55.6631 -89.2 17.8855
      vertex -54.9497 -86 17.0503
      vertex -55.6631 -86 17.8855
    endloop
  endfacet
  facet normal 0.760374 0 0.649486
    outer loop
      vertex -54.9497 -86 17.0503
      vertex -55.6631 -89.2 17.8855
      vertex -54.9497 -89.2 17.0503
    endloop
  endfacet
  facet normal 0.522466 0 0.85266
    outer loop
      vertex -54.1145 -86 16.3369
      vertex -53.1779 -89.2 15.763
      vertex -53.1779 -86 15.763
    endloop
  endfacet
  facet normal 0.522466 0 0.85266
    outer loop
      vertex -53.1779 -89.2 15.763
      vertex -54.1145 -86 16.3369
      vertex -54.1145 -89.2 16.3369
    endloop
  endfacet
  facet normal 0.649486 0 -0.760374
    outer loop
      vertex -54.9497 -89.2 26.9497
      vertex -54.1145 -86 27.6631
      vertex -54.1145 -89.2 27.6631
    endloop
  endfacet
  facet normal 0.649486 0 -0.760374
    outer loop
      vertex -54.1145 -86 27.6631
      vertex -54.9497 -89.2 26.9497
      vertex -54.9497 -86 26.9497
    endloop
  endfacet
  facet normal -0.996916 0 -0.0784787
    outer loop
      vertex -43 -89.2 22
      vertex -43.0862 -86 23.095
      vertex -43 -86 22
    endloop
  endfacet
  facet normal -0.996916 -0 -0.0784787
    outer loop
      vertex -43.0862 -86 23.095
      vertex -43 -89.2 22
      vertex -43.0862 -89.2 23.095
    endloop
  endfacet
  facet normal -0.760374 0 -0.649486
    outer loop
      vertex -44.3369 -89.2 26.1145
      vertex -45.0503 -86 26.9497
      vertex -44.3369 -86 26.1145
    endloop
  endfacet
  facet normal -0.760374 -0 -0.649486
    outer loop
      vertex -45.0503 -86 26.9497
      vertex -44.3369 -89.2 26.1145
      vertex -45.0503 -89.2 26.9497
    endloop
  endfacet
  facet normal 0.522466 0 -0.85266
    outer loop
      vertex -54.1145 -89.2 27.6631
      vertex -53.1779 -86 28.237
      vertex -53.1779 -89.2 28.237
    endloop
  endfacet
  facet normal 0.522466 0 -0.85266
    outer loop
      vertex -53.1779 -86 28.237
      vertex -54.1145 -89.2 27.6631
      vertex -54.1145 -86 27.6631
    endloop
  endfacet
  facet normal 0.233421 0 0.972376
    outer loop
      vertex -52.1631 -86 15.3426
      vertex -51.095 -90 15.0862
      vertex -51.095 -86 15.0862
    endloop
  endfacet
  facet normal 0.233421 0 0.972376
    outer loop
      vertex -51.095 -90 15.0862
      vertex -52.1631 -86 15.3426
      vertex -52.1631 -90 15.3426
    endloop
  endfacet
  facet normal -0.760374 0 0.649486
    outer loop
      vertex -45.0503 -89.2 17.0503
      vertex -44.3369 -86 17.8855
      vertex -45.0503 -86 17.0503
    endloop
  endfacet
  facet normal -0.760374 0 0.649486
    outer loop
      vertex -44.3369 -86 17.8855
      vertex -45.0503 -89.2 17.0503
      vertex -44.3369 -89.2 17.8855
    endloop
  endfacet
  facet normal 0.923861 0 -0.382727
    outer loop
      vertex -56.237 -90 25.1779
      vertex -56.6574 -86 24.1631
      vertex -56.237 -86 25.1779
    endloop
  endfacet
  facet normal 0.923861 0 -0.382727
    outer loop
      vertex -56.6574 -86 24.1631
      vertex -56.237 -90 25.1779
      vertex -56.6574 -90 24.1631
    endloop
  endfacet
  facet normal 0.233421 0 -0.972376
    outer loop
      vertex -52.1631 -89.2 28.6574
      vertex -51.095 -86 28.9138
      vertex -51.095 -89.2 28.9138
    endloop
  endfacet
  facet normal 0.233421 0 -0.972376
    outer loop
      vertex -51.095 -86 28.9138
      vertex -52.1631 -89.2 28.6574
      vertex -52.1631 -86 28.6574
    endloop
  endfacet
  facet normal -0.85266 0 0.522466
    outer loop
      vertex -44.3369 -89.2 17.8855
      vertex -43.763 -86 18.8221
      vertex -44.3369 -86 17.8855
    endloop
  endfacet
  facet normal -0.85266 0 0.522466
    outer loop
      vertex -43.763 -86 18.8221
      vertex -44.3369 -89.2 17.8855
      vertex -43.763 -89.2 18.8221
    endloop
  endfacet
  facet normal 0.382727 0 -0.923861
    outer loop
      vertex -53.1779 -89.2 28.237
      vertex -52.1631 -86 28.6574
      vertex -52.1631 -89.2 28.6574
    endloop
  endfacet
  facet normal 0.382727 0 -0.923861
    outer loop
      vertex -52.1631 -86 28.6574
      vertex -53.1779 -89.2 28.237
      vertex -53.1779 -86 28.237
    endloop
  endfacet
  facet normal 0.0784787 0 -0.996916
    outer loop
      vertex -51.095 -89.2 28.9138
      vertex -50 -86 29
      vertex -50 -89.2 29
    endloop
  endfacet
  facet normal 0.0784787 0 -0.996916
    outer loop
      vertex -50 -86 29
      vertex -51.095 -89.2 28.9138
      vertex -51.095 -86 28.9138
    endloop
  endfacet
  facet normal 0.972376 -0 0.233421
    outer loop
      vertex -56.9138 -90 20.905
      vertex -56.6574 -86 19.8369
      vertex -56.9138 -86 20.905
    endloop
  endfacet
  facet normal 0.972376 0 0.233421
    outer loop
      vertex -56.6574 -86 19.8369
      vertex -56.9138 -90 20.905
      vertex -56.6574 -90 19.8369
    endloop
  endfacet
  facet normal 0.996916 0 -0.0784787
    outer loop
      vertex -56.9138 -90 23.095
      vertex -57 -86 22
      vertex -56.9138 -86 23.095
    endloop
  endfacet
  facet normal 0.996916 0 -0.0784787
    outer loop
      vertex -57 -86 22
      vertex -56.9138 -90 23.095
      vertex -57 -90 22
    endloop
  endfacet
  facet normal -0.38278 0 0.923839
    outer loop
      vertex -46.8221 -86 15.763
      vertex -47.2155 -89.2 15.6
      vertex -46.8221 -89.2 15.763
    endloop
  endfacet
  facet normal -0.382727 -7.69278e-06 0.923861
    outer loop
      vertex -47.8369 -86 15.3426
      vertex -47.2155 -89.2 15.6
      vertex -46.8221 -86 15.763
    endloop
  endfacet
  facet normal -0.382693 0 0.923875
    outer loop
      vertex -47.8369 -90 15.3426
      vertex -47.2155 -89.2 15.6
      vertex -47.8369 -86 15.3426
    endloop
  endfacet
  facet normal -0.382693 0 0.923875
    outer loop
      vertex -47.2155 -89.2 15.6
      vertex -47.8369 -90 15.3426
      vertex -47.2155 -90 15.6
    endloop
  endfacet
  facet normal 0.996916 -0 0.0784787
    outer loop
      vertex -57 -90 22
      vertex -56.9138 -86 20.905
      vertex -57 -86 22
    endloop
  endfacet
  facet normal 0.996916 0 0.0784787
    outer loop
      vertex -56.9138 -86 20.905
      vertex -57 -90 22
      vertex -56.9138 -90 20.905
    endloop
  endfacet
  facet normal -0.649486 0 -0.760374
    outer loop
      vertex -45.8855 -89.2 27.6631
      vertex -45.0503 -86 26.9497
      vertex -45.0503 -89.2 26.9497
    endloop
  endfacet
  facet normal -0.649486 0 -0.760374
    outer loop
      vertex -45.0503 -86 26.9497
      vertex -45.8855 -89.2 27.6631
      vertex -45.8855 -86 27.6631
    endloop
  endfacet
  facet normal -0.522466 0 -0.85266
    outer loop
      vertex -46.8221 -89.2 28.237
      vertex -45.8855 -86 27.6631
      vertex -45.8855 -89.2 27.6631
    endloop
  endfacet
  facet normal -0.522466 0 -0.85266
    outer loop
      vertex -45.8855 -86 27.6631
      vertex -46.8221 -89.2 28.237
      vertex -46.8221 -86 28.237
    endloop
  endfacet
  facet normal -0.97237 0 0.233444
    outer loop
      vertex -38.1118 -86 18.1373
      vertex -37.6539 -84.5 20.0446
      vertex -38.1118 -84.5 18.1373
    endloop
  endfacet
  facet normal -0.97237 0 0.233444
    outer loop
      vertex -37.6539 -84.5 20.0446
      vertex -38.1118 -86 18.1373
      vertex -37.6539 -86 20.0446
    endloop
  endfacet
  facet normal -0.996917 0 0.0784625
    outer loop
      vertex -37.6539 -86 20.0446
      vertex -37.5 -84.5 22
      vertex -37.6539 -84.5 20.0446
    endloop
  endfacet
  facet normal -0.996917 0 0.0784625
    outer loop
      vertex -37.5 -84.5 22
      vertex -37.6539 -86 20.0446
      vertex -37.5 -86 22
    endloop
  endfacet
  facet normal -0.923886 0 0.382667
    outer loop
      vertex -38.8624 -86 16.3251
      vertex -38.1118 -84.5 18.1373
      vertex -38.8624 -84.5 16.3251
    endloop
  endfacet
  facet normal -0.923886 0 0.382667
    outer loop
      vertex -38.1118 -84.5 18.1373
      vertex -38.8624 -86 16.3251
      vertex -38.1118 -86 18.1373
    endloop
  endfacet
  facet normal 0.852628 -0 0.522518
    outer loop
      vertex -61.1376 -86 16.3251
      vertex -60.1127 -84.5 14.6527
      vertex -61.1376 -84.5 16.3251
    endloop
  endfacet
  facet normal 0.852628 0 0.522518
    outer loop
      vertex -60.1127 -84.5 14.6527
      vertex -61.1376 -86 16.3251
      vertex -60.1127 -86 14.6527
    endloop
  endfacet
  facet normal 0.760396 -0 0.649459
    outer loop
      vertex -60.1127 -86 14.6527
      vertex -58.8388 -84.5 13.1612
      vertex -60.1127 -84.5 14.6527
    endloop
  endfacet
  facet normal 0.760396 0 0.649459
    outer loop
      vertex -58.8388 -84.5 13.1612
      vertex -60.1127 -86 14.6527
      vertex -58.8388 -86 13.1612
    endloop
  endfacet
  facet normal 0.382667 0 0.923886
    outer loop
      vertex -55.6749 -84.5 10.8624
      vertex -53.8627 -86 10.1118
      vertex -53.8627 -84.5 10.1118
    endloop
  endfacet
  facet normal 0.382667 0 0.923886
    outer loop
      vertex -53.8627 -86 10.1118
      vertex -55.6749 -84.5 10.8624
      vertex -55.6749 -86 10.8624
    endloop
  endfacet
  facet normal -0.649396 0 0.760451
    outer loop
      vertex -42.5 -69.5 12.0177
      vertex -42.6527 -69.5 11.8873
      vertex -42.5 -76 12.0177
    endloop
  endfacet
  facet normal -0.649467 0 0.76039
    outer loop
      vertex -42.5 -76 12.0177
      vertex -41.1612 -86 13.1612
      vertex -41.1612 -76 13.1612
    endloop
  endfacet
  facet normal -0.649459 1.67884e-06 0.760396
    outer loop
      vertex -42.5 -76 12.0177
      vertex -42.6527 -86 11.8873
      vertex -41.1612 -86 13.1612
    endloop
  endfacet
  facet normal -0.649396 0 0.760451
    outer loop
      vertex -42.6527 -86 11.8873
      vertex -42.5 -76 12.0177
      vertex -42.6527 -69.5 11.8873
    endloop
  endfacet
  facet normal -0.760396 0 -0.649459
    outer loop
      vertex -39.8873 -86 29.3473
      vertex -41.1612 -84.5 30.8388
      vertex -39.8873 -84.5 29.3473
    endloop
  endfacet
  facet normal -0.760396 -0 -0.649459
    outer loop
      vertex -41.1612 -84.5 30.8388
      vertex -39.8873 -86 29.3473
      vertex -41.1612 -86 30.8388
    endloop
  endfacet
  facet normal 0.760396 0 -0.649459
    outer loop
      vertex -58.8388 -86 30.8388
      vertex -60.1127 -84.5 29.3473
      vertex -58.8388 -84.5 30.8388
    endloop
  endfacet
  facet normal 0.760396 0 -0.649459
    outer loop
      vertex -60.1127 -84.5 29.3473
      vertex -58.8388 -86 30.8388
      vertex -60.1127 -86 29.3473
    endloop
  endfacet
  facet normal 0.972361 -0 0.233484
    outer loop
      vertex -62 -86 18.6029
      vertex -61.8882 -84.5 18.1373
      vertex -62 -84.5 18.6029
    endloop
  endfacet
  facet normal 0.972361 0 0.233484
    outer loop
      vertex -61.8882 -84.5 18.1373
      vertex -62 -86 18.6029
      vertex -61.8882 -86 18.1373
    endloop
  endfacet
  facet normal -0.64953 0 -0.760336
    outer loop
      vertex -41.3499 -86 31
      vertex -41.1612 -84.5 30.8388
      vertex -41.1612 -86 30.8388
    endloop
  endfacet
  facet normal -0.64953 0 -0.760336
    outer loop
      vertex -41.1612 -84.5 30.8388
      vertex -41.3499 -86 31
      vertex -41.3499 -84.5 31
    endloop
  endfacet
  facet normal -0.996917 0 -0.0784625
    outer loop
      vertex -37.5 -86 22
      vertex -37.6539 -84.5 23.9554
      vertex -37.5 -84.5 22
    endloop
  endfacet
  facet normal -0.996917 -0 -0.0784625
    outer loop
      vertex -37.6539 -84.5 23.9554
      vertex -37.5 -86 22
      vertex -37.6539 -86 23.9554
    endloop
  endfacet
  facet normal -0.382652 0 0.923892
    outer loop
      vertex -46 -84.5 10.1687
      vertex -44.3251 -69.5 10.8624
      vertex -46 -69.5 10.1687
    endloop
  endfacet
  facet normal -0.382652 0 0.923892
    outer loop
      vertex -44.3251 -69.5 10.8624
      vertex -46 -84.5 10.1687
      vertex -44.3251 -86 10.8624
    endloop
  endfacet
  facet normal -0.382847 0 0.923812
    outer loop
      vertex -46.1373 -86 10.1118
      vertex -46 -84.5 10.1687
      vertex -46.1373 -84.5 10.1118
    endloop
  endfacet
  facet normal -0.382667 -1.9305e-05 0.923886
    outer loop
      vertex -46 -84.5 10.1687
      vertex -46.1373 -86 10.1118
      vertex -44.3251 -86 10.8624
    endloop
  endfacet
  facet normal 0.649459 0 0.760396
    outer loop
      vertex -58.8388 -84.5 13.1612
      vertex -57.3473 -86 11.8873
      vertex -57.3473 -84.5 11.8873
    endloop
  endfacet
  facet normal 0.649459 0 0.760396
    outer loop
      vertex -57.3473 -86 11.8873
      vertex -58.8388 -84.5 13.1612
      vertex -58.8388 -86 13.1612
    endloop
  endfacet
  facet normal 0.972361 0 -0.233484
    outer loop
      vertex -61.8882 -86 25.8627
      vertex -62 -84.5 25.3971
      vertex -61.8882 -84.5 25.8627
    endloop
  endfacet
  facet normal 0.972361 0 -0.233484
    outer loop
      vertex -62 -84.5 25.3971
      vertex -61.8882 -86 25.8627
      vertex -62 -86 25.3971
    endloop
  endfacet
  facet normal 0.522518 0 0.852628
    outer loop
      vertex -57.3473 -84.5 11.8873
      vertex -55.6749 -86 10.8624
      vertex -55.6749 -84.5 10.8624
    endloop
  endfacet
  facet normal 0.522518 0 0.852628
    outer loop
      vertex -55.6749 -86 10.8624
      vertex -57.3473 -84.5 11.8873
      vertex -57.3473 -86 11.8873
    endloop
  endfacet
  facet normal -0.233484 0 0.972361
    outer loop
      vertex -46.6029 -84.5 10
      vertex -46.1373 -86 10.1118
      vertex -46.1373 -84.5 10.1118
    endloop
  endfacet
  facet normal -0.233484 0 0.972361
    outer loop
      vertex -46.1373 -86 10.1118
      vertex -46.6029 -84.5 10
      vertex -46.6029 -86 10
    endloop
  endfacet
  facet normal 0.923886 -0 0.382667
    outer loop
      vertex -61.8882 -86 18.1373
      vertex -61.1376 -84.5 16.3251
      vertex -61.8882 -84.5 18.1373
    endloop
  endfacet
  facet normal 0.923886 0 0.382667
    outer loop
      vertex -61.1376 -84.5 16.3251
      vertex -61.8882 -86 18.1373
      vertex -61.1376 -86 16.3251
    endloop
  endfacet
  facet normal -0.522518 0 0.852628
    outer loop
      vertex -44.3251 -69.5 10.8624
      vertex -42.6527 -86 11.8873
      vertex -42.6527 -69.5 11.8873
    endloop
  endfacet
  facet normal -0.522518 0 0.852628
    outer loop
      vertex -42.6527 -86 11.8873
      vertex -44.3251 -69.5 10.8624
      vertex -44.3251 -86 10.8624
    endloop
  endfacet
  facet normal 0 -1 0
    outer loop
      vertex -46 -69.5 16
      vertex -42.5 -69.5 12.0177
      vertex -42.5 -69.5 16
    endloop
  endfacet
  facet normal 0 -1 0
    outer loop
      vertex -46 -69.5 16
      vertex -42.6527 -69.5 11.8873
      vertex -42.5 -69.5 12.0177
    endloop
  endfacet
  facet normal 0 -1 0
    outer loop
      vertex -46 -69.5 16
      vertex -44.3251 -69.5 10.8624
      vertex -42.6527 -69.5 11.8873
    endloop
  endfacet
  facet normal -0 -1 0
    outer loop
      vertex -44.3251 -69.5 10.8624
      vertex -46 -69.5 16
      vertex -46 -69.5 10.1687
    endloop
  endfacet
  facet normal 0.64953 0 -0.760336
    outer loop
      vertex -58.8388 -86 30.8388
      vertex -58.6501 -84.5 31
      vertex -58.6501 -86 31
    endloop
  endfacet
  facet normal 0.64953 0 -0.760336
    outer loop
      vertex -58.6501 -84.5 31
      vertex -58.8388 -86 30.8388
      vertex -58.8388 -84.5 30.8388
    endloop
  endfacet
  facet normal 0.233484 0 0.972361
    outer loop
      vertex -53.8627 -84.5 10.1118
      vertex -53.3971 -86 10
      vertex -53.3971 -84.5 10
    endloop
  endfacet
  facet normal 0.233484 0 0.972361
    outer loop
      vertex -53.3971 -86 10
      vertex -53.8627 -84.5 10.1118
      vertex -53.8627 -86 10.1118
    endloop
  endfacet
  facet normal -0.760396 0 0.649459
    outer loop
      vertex -41.1612 -86 13.1612
      vertex -39.8873 -76 14.6527
      vertex -41.1612 -76 13.1612
    endloop
  endfacet
  facet normal -0.760396 0 0.649459
    outer loop
      vertex -39.8873 -76 14.6527
      vertex -41.1612 -86 13.1612
      vertex -39.8873 -86 14.6527
    endloop
  endfacet
  facet normal 0.852628 0 -0.522518
    outer loop
      vertex -60.1127 -86 29.3473
      vertex -61.1376 -84.5 27.6749
      vertex -60.1127 -84.5 29.3473
    endloop
  endfacet
  facet normal 0.852628 0 -0.522518
    outer loop
      vertex -61.1376 -84.5 27.6749
      vertex -60.1127 -86 29.3473
      vertex -61.1376 -86 27.6749
    endloop
  endfacet
  facet normal -0.852619 0 0.522532
    outer loop
      vertex -39.8873 -76 14.6527
      vertex -39.0616 -84.5 16
      vertex -39.0616 -76 16
    endloop
  endfacet
  facet normal -0.852619 0 0.522532
    outer loop
      vertex -39.8873 -86 14.6527
      vertex -39.0616 -84.5 16
      vertex -39.8873 -76 14.6527
    endloop
  endfacet
  facet normal -0.852628 1.79832e-05 0.522518
    outer loop
      vertex -38.8624 -86 16.3251
      vertex -39.0616 -84.5 16
      vertex -39.8873 -86 14.6527
    endloop
  endfacet
  facet normal -0.852665 0 0.522457
    outer loop
      vertex -39.0616 -84.5 16
      vertex -38.8624 -86 16.3251
      vertex -38.8624 -84.5 16.3251
    endloop
  endfacet
  facet normal -0.852628 0 -0.522518
    outer loop
      vertex -38.8624 -86 27.6749
      vertex -39.8873 -84.5 29.3473
      vertex -38.8624 -84.5 27.6749
    endloop
  endfacet
  facet normal -0.852628 -0 -0.522518
    outer loop
      vertex -39.8873 -84.5 29.3473
      vertex -38.8624 -86 27.6749
      vertex -39.8873 -86 29.3473
    endloop
  endfacet
  facet normal 0 1 0
    outer loop
      vertex -45.0503 -86 26.9497
      vertex -41.3499 -86 31
      vertex -41.1612 -86 30.8388
    endloop
  endfacet
  facet normal 0 1 0
    outer loop
      vertex -41.3499 -86 31
      vertex -50 -86 29
      vertex -58.6501 -86 31
    endloop
  endfacet
  facet normal 0 1 0
    outer loop
      vertex -45.0503 -86 26.9497
      vertex -41.1612 -86 30.8388
      vertex -39.8873 -86 29.3473
    endloop
  endfacet
  facet normal 0 1 -0
    outer loop
      vertex -51.095 -86 28.9138
      vertex -58.6501 -86 31
      vertex -50 -86 29
    endloop
  endfacet
  facet normal 0 1 -0
    outer loop
      vertex -52.1631 -86 28.6574
      vertex -58.6501 -86 31
      vertex -51.095 -86 28.9138
    endloop
  endfacet
  facet normal 0 1 0
    outer loop
      vertex -41.3499 -86 31
      vertex -48.905 -86 28.9138
      vertex -50 -86 29
    endloop
  endfacet
  facet normal 0 1 0
    outer loop
      vertex -41.3499 -86 31
      vertex -47.8369 -86 28.6574
      vertex -48.905 -86 28.9138
    endloop
  endfacet
  facet normal 0 1 0
    outer loop
      vertex -41.3499 -86 31
      vertex -46.8221 -86 28.237
      vertex -47.8369 -86 28.6574
    endloop
  endfacet
  facet normal 0 1 0
    outer loop
      vertex -44.3369 -86 26.1145
      vertex -39.8873 -86 29.3473
      vertex -38.8624 -86 27.6749
    endloop
  endfacet
  facet normal 0 1 0
    outer loop
      vertex -41.3499 -86 31
      vertex -45.8855 -86 27.6631
      vertex -46.8221 -86 28.237
    endloop
  endfacet
  facet normal 0 1 0
    outer loop
      vertex -41.3499 -86 31
      vertex -45.0503 -86 26.9497
      vertex -45.8855 -86 27.6631
    endloop
  endfacet
  facet normal 0 1 0
    outer loop
      vertex -39.8873 -86 29.3473
      vertex -44.3369 -86 26.1145
      vertex -45.0503 -86 26.9497
    endloop
  endfacet
  facet normal 0 1 0
    outer loop
      vertex -43.763 -86 25.1779
      vertex -38.8624 -86 27.6749
      vertex -38.1118 -86 25.8627
    endloop
  endfacet
  facet normal 0 1 0
    outer loop
      vertex -38.8624 -86 27.6749
      vertex -43.763 -86 25.1779
      vertex -44.3369 -86 26.1145
    endloop
  endfacet
  facet normal 0 1 0
    outer loop
      vertex -38.1118 -86 25.8627
      vertex -43.3426 -86 24.1631
      vertex -43.763 -86 25.1779
    endloop
  endfacet
  facet normal 0 1 0
    outer loop
      vertex -37.6539 -86 23.9554
      vertex -43.3426 -86 24.1631
      vertex -38.1118 -86 25.8627
    endloop
  endfacet
  facet normal 0 1 0
    outer loop
      vertex -37.6539 -86 23.9554
      vertex -43.0862 -86 23.095
      vertex -43.3426 -86 24.1631
    endloop
  endfacet
  facet normal 0 1 0
    outer loop
      vertex -37.5 -86 22
      vertex -43.0862 -86 23.095
      vertex -37.6539 -86 23.9554
    endloop
  endfacet
  facet normal 0 1 0
    outer loop
      vertex -37.5 -86 22
      vertex -43 -86 22
      vertex -43.0862 -86 23.095
    endloop
  endfacet
  facet normal 0 1 0
    outer loop
      vertex -37.5 -86 22
      vertex -43.0862 -86 20.905
      vertex -43 -86 22
    endloop
  endfacet
  facet normal 0 1 -0
    outer loop
      vertex -37.6539 -86 20.0446
      vertex -43.0862 -86 20.905
      vertex -37.5 -86 22
    endloop
  endfacet
  facet normal 0 1 0
    outer loop
      vertex -37.6539 -86 20.0446
      vertex -43.3426 -86 19.8369
      vertex -43.0862 -86 20.905
    endloop
  endfacet
  facet normal 0 1 -0
    outer loop
      vertex -38.1118 -86 18.1373
      vertex -43.3426 -86 19.8369
      vertex -37.6539 -86 20.0446
    endloop
  endfacet
  facet normal 0 1 0
    outer loop
      vertex -43.3426 -86 19.8369
      vertex -38.1118 -86 18.1373
      vertex -43.763 -86 18.8221
    endloop
  endfacet
  facet normal 0 1 -0
    outer loop
      vertex -38.8624 -86 16.3251
      vertex -43.763 -86 18.8221
      vertex -38.1118 -86 18.1373
    endloop
  endfacet
  facet normal 0 1 0
    outer loop
      vertex -43.763 -86 18.8221
      vertex -38.8624 -86 16.3251
      vertex -44.3369 -86 17.8855
    endloop
  endfacet
  facet normal 0 1 -0
    outer loop
      vertex -39.8873 -86 14.6527
      vertex -44.3369 -86 17.8855
      vertex -38.8624 -86 16.3251
    endloop
  endfacet
  facet normal 0 1 0
    outer loop
      vertex -44.3369 -86 17.8855
      vertex -39.8873 -86 14.6527
      vertex -45.0503 -86 17.0503
    endloop
  endfacet
  facet normal 0 1 -0
    outer loop
      vertex -41.1612 -86 13.1612
      vertex -45.0503 -86 17.0503
      vertex -39.8873 -86 14.6527
    endloop
  endfacet
  facet normal 0 1 0
    outer loop
      vertex -45.0503 -86 17.0503
      vertex -41.1612 -86 13.1612
      vertex -45.8855 -86 16.3369
    endloop
  endfacet
  facet normal 0 1 -0
    outer loop
      vertex -42.6527 -86 11.8873
      vertex -45.8855 -86 16.3369
      vertex -41.1612 -86 13.1612
    endloop
  endfacet
  facet normal 0 1 -0
    outer loop
      vertex -44.3251 -86 10.8624
      vertex -46.8221 -86 15.763
      vertex -42.6527 -86 11.8873
    endloop
  endfacet
  facet normal 0 1 0
    outer loop
      vertex -45.8855 -86 16.3369
      vertex -42.6527 -86 11.8873
      vertex -46.8221 -86 15.763
    endloop
  endfacet
  facet normal 0 1 -0
    outer loop
      vertex -53.1779 -86 28.237
      vertex -58.6501 -86 31
      vertex -52.1631 -86 28.6574
    endloop
  endfacet
  facet normal 0 1 -0
    outer loop
      vertex -54.1145 -86 27.6631
      vertex -58.6501 -86 31
      vertex -53.1779 -86 28.237
    endloop
  endfacet
  facet normal 0 1 -0
    outer loop
      vertex -54.9497 -86 26.9497
      vertex -58.6501 -86 31
      vertex -54.1145 -86 27.6631
    endloop
  endfacet
  facet normal 0 1 0
    outer loop
      vertex -58.6501 -86 31
      vertex -54.9497 -86 26.9497
      vertex -58.8388 -86 30.8388
    endloop
  endfacet
  facet normal 0 1 0
    outer loop
      vertex -58.8388 -86 30.8388
      vertex -54.9497 -86 26.9497
      vertex -60.1127 -86 29.3473
    endloop
  endfacet
  facet normal 0 1 -0
    outer loop
      vertex -55.6631 -86 26.1145
      vertex -60.1127 -86 29.3473
      vertex -54.9497 -86 26.9497
    endloop
  endfacet
  facet normal 0 1 0
    outer loop
      vertex -60.1127 -86 29.3473
      vertex -55.6631 -86 26.1145
      vertex -61.1376 -86 27.6749
    endloop
  endfacet
  facet normal 0 1 -0
    outer loop
      vertex -56.237 -86 25.1779
      vertex -61.1376 -86 27.6749
      vertex -55.6631 -86 26.1145
    endloop
  endfacet
  facet normal 0 1 0
    outer loop
      vertex -61.1376 -86 27.6749
      vertex -56.237 -86 25.1779
      vertex -61.8882 -86 25.8627
    endloop
  endfacet
  facet normal 0 1 -0
    outer loop
      vertex -56.6574 -86 24.1631
      vertex -61.8882 -86 25.8627
      vertex -56.237 -86 25.1779
    endloop
  endfacet
  facet normal 0 1 0
    outer loop
      vertex -61.8882 -86 25.8627
      vertex -56.6574 -86 24.1631
      vertex -62 -86 25.3971
    endloop
  endfacet
  facet normal 0 1 -0
    outer loop
      vertex -56.9138 -86 23.095
      vertex -62 -86 25.3971
      vertex -56.6574 -86 24.1631
    endloop
  endfacet
  facet normal 0 1 -0
    outer loop
      vertex -57 -86 22
      vertex -62 -86 25.3971
      vertex -56.9138 -86 23.095
    endloop
  endfacet
  facet normal 0 1 0
    outer loop
      vertex -62 -86 18.6029
      vertex -57 -86 22
      vertex -56.9138 -86 20.905
    endloop
  endfacet
  facet normal 0 1 0
    outer loop
      vertex -62 -86 18.6029
      vertex -56.9138 -86 20.905
      vertex -56.6574 -86 19.8369
    endloop
  endfacet
  facet normal 0 1 0
    outer loop
      vertex -61.8882 -86 18.1373
      vertex -56.6574 -86 19.8369
      vertex -56.237 -86 18.8221
    endloop
  endfacet
  facet normal 0 1 0
    outer loop
      vertex -57 -86 22
      vertex -62 -86 18.6029
      vertex -62 -86 25.3971
    endloop
  endfacet
  facet normal 0 1 0
    outer loop
      vertex -56.6574 -86 19.8369
      vertex -61.8882 -86 18.1373
      vertex -62 -86 18.6029
    endloop
  endfacet
  facet normal 0 1 0
    outer loop
      vertex -61.1376 -86 16.3251
      vertex -56.237 -86 18.8221
      vertex -55.6631 -86 17.8855
    endloop
  endfacet
  facet normal 0 1 0
    outer loop
      vertex -60.1127 -86 14.6527
      vertex -55.6631 -86 17.8855
      vertex -54.9497 -86 17.0503
    endloop
  endfacet
  facet normal 0 1 0
    outer loop
      vertex -58.8388 -86 13.1612
      vertex -54.9497 -86 17.0503
      vertex -54.1145 -86 16.3369
    endloop
  endfacet
  facet normal 0 1 0
    outer loop
      vertex -56.237 -86 18.8221
      vertex -61.1376 -86 16.3251
      vertex -61.8882 -86 18.1373
    endloop
  endfacet
  facet normal 0 1 0
    outer loop
      vertex -57.3473 -86 11.8873
      vertex -54.1145 -86 16.3369
      vertex -53.1779 -86 15.763
    endloop
  endfacet
  facet normal 0 1 0
    outer loop
      vertex -55.6749 -86 10.8624
      vertex -53.1779 -86 15.763
      vertex -52.1631 -86 15.3426
    endloop
  endfacet
  facet normal 0 1 0
    outer loop
      vertex -53.3971 -86 10
      vertex -52.1631 -86 15.3426
      vertex -51.095 -86 15.0862
    endloop
  endfacet
  facet normal 0 1 0
    outer loop
      vertex -55.6631 -86 17.8855
      vertex -60.1127 -86 14.6527
      vertex -61.1376 -86 16.3251
    endloop
  endfacet
  facet normal 0 1 0
    outer loop
      vertex -53.3971 -86 10
      vertex -51.095 -86 15.0862
      vertex -50 -86 15
    endloop
  endfacet
  facet normal 0 1 0
    outer loop
      vertex -46.8221 -86 15.763
      vertex -44.3251 -86 10.8624
      vertex -47.8369 -86 15.3426
    endloop
  endfacet
  facet normal 0 1 -0
    outer loop
      vertex -46.1373 -86 10.1118
      vertex -47.8369 -86 15.3426
      vertex -44.3251 -86 10.8624
    endloop
  endfacet
  facet normal 0 1 0
    outer loop
      vertex -54.9497 -86 17.0503
      vertex -58.8388 -86 13.1612
      vertex -60.1127 -86 14.6527
    endloop
  endfacet
  facet normal 0 1 -0
    outer loop
      vertex -46.6029 -86 10
      vertex -47.8369 -86 15.3426
      vertex -46.1373 -86 10.1118
    endloop
  endfacet
  facet normal 0 1 0
    outer loop
      vertex -54.1145 -86 16.3369
      vertex -57.3473 -86 11.8873
      vertex -58.8388 -86 13.1612
    endloop
  endfacet
  facet normal 0 1 0
    outer loop
      vertex -47.8369 -86 15.3426
      vertex -46.6029 -86 10
      vertex -48.905 -86 15.0862
    endloop
  endfacet
  facet normal 0 1 0
    outer loop
      vertex -53.3971 -86 10
      vertex -50 -86 15
      vertex -46.6029 -86 10
    endloop
  endfacet
  facet normal 0 1 0
    outer loop
      vertex -48.905 -86 15.0862
      vertex -46.6029 -86 10
      vertex -50 -86 15
    endloop
  endfacet
  facet normal 0 1 0
    outer loop
      vertex -52.1631 -86 15.3426
      vertex -53.3971 -86 10
      vertex -53.8627 -86 10.1118
    endloop
  endfacet
  facet normal 0 1 0
    outer loop
      vertex -53.1779 -86 15.763
      vertex -55.6749 -86 10.8624
      vertex -57.3473 -86 11.8873
    endloop
  endfacet
  facet normal 0 1 0
    outer loop
      vertex -52.1631 -86 15.3426
      vertex -53.8627 -86 10.1118
      vertex -55.6749 -86 10.8624
    endloop
  endfacet
  facet normal -0.923886 0 -0.382667
    outer loop
      vertex -38.1118 -86 25.8627
      vertex -38.8624 -84.5 27.6749
      vertex -38.1118 -84.5 25.8627
    endloop
  endfacet
  facet normal -0.923886 -0 -0.382667
    outer loop
      vertex -38.8624 -84.5 27.6749
      vertex -38.1118 -86 25.8627
      vertex -38.8624 -86 27.6749
    endloop
  endfacet
  facet normal -0.97237 0 -0.233444
    outer loop
      vertex -37.6539 -86 23.9554
      vertex -38.1118 -84.5 25.8627
      vertex -37.6539 -84.5 23.9554
    endloop
  endfacet
  facet normal -0.97237 -0 -0.233444
    outer loop
      vertex -38.1118 -84.5 25.8627
      vertex -37.6539 -86 23.9554
      vertex -38.1118 -86 25.8627
    endloop
  endfacet
  facet normal 0.923886 0 -0.382667
    outer loop
      vertex -61.1376 -86 27.6749
      vertex -61.8882 -84.5 25.8627
      vertex -61.1376 -84.5 27.6749
    endloop
  endfacet
  facet normal 0.923886 0 -0.382667
    outer loop
      vertex -61.8882 -84.5 25.8627
      vertex -61.1376 -86 27.6749
      vertex -61.8882 -86 25.8627
    endloop
  endfacet
  facet normal -1 0 0
    outer loop
      vertex 20 -70 -10
      vertex 20 -76 5
      vertex 20 -70 5
    endloop
  endfacet
  facet normal -1 0 0
    outer loop
      vertex 20 -114 -10
      vertex 20 -76 5
      vertex 20 -70 -10
    endloop
  endfacet
  facet normal -1 0 0
    outer loop
      vertex 20 -114 10
      vertex 20 -76 5
      vertex 20 -114 -10
    endloop
  endfacet
  facet normal -1 0 0
    outer loop
      vertex 20 -76 5
      vertex 20 -114 10
      vertex 20 -76 10
    endloop
  endfacet
  facet normal 1 0 0
    outer loop
      vertex -20 -112 10
      vertex -20 -114 10
      vertex -20 -112 8
    endloop
  endfacet
  facet normal 1 0 0
    outer loop
      vertex -20 -106 8
      vertex -20 -76 10
      vertex -20 -106 10
    endloop
  endfacet
  facet normal 1 -0 0
    outer loop
      vertex -20 -76 5
      vertex -20 -70 -10
      vertex -20 -70 5
    endloop
  endfacet
  facet normal 1 0 0
    outer loop
      vertex -20 -76 10
      vertex -20 -106 8
      vertex -20 -76 5
    endloop
  endfacet
  facet normal 1 0 0
    outer loop
      vertex -20 -114 -10
      vertex -20 -76 5
      vertex -20 -106 8
    endloop
  endfacet
  facet normal 1 0 0
    outer loop
      vertex -20 -114 -10
      vertex -20 -106 8
      vertex -20 -112 8
    endloop
  endfacet
  facet normal 1 0 0
    outer loop
      vertex -20 -76 5
      vertex -20 -114 -10
      vertex -20 -70 -10
    endloop
  endfacet
  facet normal 1 0 0
    outer loop
      vertex -20 -114 -10
      vertex -20 -112 8
      vertex -20 -114 10
    endloop
  endfacet
  facet normal 0 0 1
    outer loop
      vertex -18 -70 -10
      vertex -20 -70 -10
      vertex -18 -76 -10
    endloop
  endfacet
  facet normal 0 0 1
    outer loop
      vertex 18 -76 -10
      vertex 20 -70 -10
      vertex 18 -70 -10
    endloop
  endfacet
  facet normal 0 0 1
    outer loop
      vertex 20 -70 -10
      vertex 18 -76 -10
      vertex 20 -114 -10
    endloop
  endfacet
  facet normal -0 0 1
    outer loop
      vertex -18 -76 -10
      vertex 20 -114 -10
      vertex 18 -76 -10
    endloop
  endfacet
  facet normal 0 0 1
    outer loop
      vertex -18 -76 -10
      vertex -20 -114 -10
      vertex 20 -114 -10
    endloop
  endfacet
  facet normal 0 0 1
    outer loop
      vertex -20 -114 -10
      vertex -18 -76 -10
      vertex -20 -70 -10
    endloop
  endfacet
  facet normal 0 0 -1
    outer loop
      vertex -16 -106 10
      vertex 20 -114 10
      vertex -16 -112 10
    endloop
  endfacet
  facet normal 0 0 -1
    outer loop
      vertex -20 -114 10
      vertex -16 -112 10
      vertex 20 -114 10
    endloop
  endfacet
  facet normal -0 0 -1
    outer loop
      vertex -16 -112 10
      vertex -20 -114 10
      vertex -20 -112 10
    endloop
  endfacet
  facet normal 0 0 -1
    outer loop
      vertex 20 -114 10
      vertex -16 -106 10
      vertex 20 -76 10
    endloop
  endfacet
  facet normal 0 0 -1
    outer loop
      vertex -20 -76 10
      vertex -16 -106 10
      vertex -20 -106 10
    endloop
  endfacet
  facet normal 0 0 -1
    outer loop
      vertex -16 -106 10
      vertex -20 -76 10
      vertex 20 -76 10
    endloop
  endfacet
  facet normal 0 0.923883 -0.382676
    outer loop
      vertex -33 4.90054 -2.49695
      vertex -39 5.23081 -1.69959
      vertex -33 5.23081 -1.69959
    endloop
  endfacet
  facet normal 0 0.923883 -0.382676
    outer loop
      vertex -39 5.23081 -1.69959
      vertex -33 4.90054 -2.49695
      vertex -39 4.90054 -2.49695
    endloop
  endfacet
  facet normal 0 0.996918 -0.0784544
    outer loop
      vertex -33 5.43229 -0.860389
      vertex -39 5.5 0
      vertex -33 5.5 0
    endloop
  endfacet
  facet normal 0 0.996918 -0.0784544
    outer loop
      vertex -39 5.5 0
      vertex -33 5.43229 -0.860389
      vertex -39 5.43229 -0.860389
    endloop
  endfacet
  facet normal 0 0.972368 0.233452
    outer loop
      vertex -33 5.43229 0.860389
      vertex -39 5.23081 1.69959
      vertex -33 5.23081 1.69959
    endloop
  endfacet
  facet normal 0 0.972368 0.233452
    outer loop
      vertex -39 5.23081 1.69959
      vertex -33 5.43229 0.860389
      vertex -39 5.43229 0.860389
    endloop
  endfacet
  facet normal 0 0.852636 0.522506
    outer loop
      vertex -33 4.90054 2.49695
      vertex -39 4.44959 3.23282
      vertex -33 4.44959 3.23282
    endloop
  endfacet
  facet normal 0 0.852636 0.522506
    outer loop
      vertex -39 4.44959 3.23282
      vertex -33 4.90054 2.49695
      vertex -39 4.90054 2.49695
    endloop
  endfacet
  facet normal 0 0.996918 0.0784544
    outer loop
      vertex -33 5.5 0
      vertex -39 5.43229 0.860389
      vertex -33 5.43229 0.860389
    endloop
  endfacet
  facet normal 0 0.996918 0.0784544
    outer loop
      vertex -39 5.43229 0.860389
      vertex -33 5.5 0
      vertex -39 5.5 0
    endloop
  endfacet
  facet normal 0 0.522506 -0.852636
    outer loop
      vertex -39 3.15056 -4.5
      vertex -33 3.23282 -4.44959
      vertex -33 3.15056 -4.5
    endloop
  endfacet
  facet normal 0 0.522506 -0.852636
    outer loop
      vertex -33 3.23282 -4.44959
      vertex -39 3.15056 -4.5
      vertex -39 3.23282 -4.44959
    endloop
  endfacet
  facet normal -0 0.649443 0.76041
    outer loop
      vertex -39 3.88909 3.88909
      vertex -33 3.23282 4.44959
      vertex -33 3.88909 3.88909
    endloop
  endfacet
  facet normal 0 0.649443 0.76041
    outer loop
      vertex -33 3.23282 4.44959
      vertex -39 3.88909 3.88909
      vertex -39 3.23282 4.44959
    endloop
  endfacet
  facet normal 0 0.649443 -0.76041
    outer loop
      vertex -39 3.23282 -4.44959
      vertex -33 3.88909 -3.88909
      vertex -33 3.23282 -4.44959
    endloop
  endfacet
  facet normal 0 0.649443 -0.76041
    outer loop
      vertex -33 3.88909 -3.88909
      vertex -39 3.23282 -4.44959
      vertex -39 3.88909 -3.88909
    endloop
  endfacet
  facet normal 0 0.76041 0.649443
    outer loop
      vertex -33 4.44959 3.23282
      vertex -39 3.88909 3.88909
      vertex -33 3.88909 3.88909
    endloop
  endfacet
  facet normal 0 0.76041 0.649443
    outer loop
      vertex -39 3.88909 3.88909
      vertex -33 4.44959 3.23282
      vertex -39 4.44959 3.23282
    endloop
  endfacet
  facet normal 0 0.76041 -0.649443
    outer loop
      vertex -33 3.88909 -3.88909
      vertex -39 4.44959 -3.23282
      vertex -33 4.44959 -3.23282
    endloop
  endfacet
  facet normal 0 0.76041 -0.649443
    outer loop
      vertex -39 4.44959 -3.23282
      vertex -33 3.88909 -3.88909
      vertex -39 3.88909 -3.88909
    endloop
  endfacet
  facet normal 0 0.972368 -0.233452
    outer loop
      vertex -33 5.23081 -1.69959
      vertex -39 5.43229 -0.860389
      vertex -33 5.43229 -0.860389
    endloop
  endfacet
  facet normal 0 0.972368 -0.233452
    outer loop
      vertex -39 5.43229 -0.860389
      vertex -33 5.23081 -1.69959
      vertex -39 5.23081 -1.69959
    endloop
  endfacet
  facet normal 0 0.923883 0.382676
    outer loop
      vertex -33 5.23081 1.69959
      vertex -39 4.90054 2.49695
      vertex -33 4.90054 2.49695
    endloop
  endfacet
  facet normal 0 0.923883 0.382676
    outer loop
      vertex -39 4.90054 2.49695
      vertex -33 5.23081 1.69959
      vertex -39 5.23081 1.69959
    endloop
  endfacet
  facet normal -1 0 0
    outer loop
      vertex -39 1.15 0
      vertex -39 5.5 0
      vertex -39 5.43229 -0.860389
    endloop
  endfacet
  facet normal -1 0 0
    outer loop
      vertex -39 1.13584 -0.179899
      vertex -39 5.43229 -0.860389
      vertex -39 5.23081 -1.69959
    endloop
  endfacet
  facet normal -1 0 0
    outer loop
      vertex -39 5.5 0
      vertex -39 1.15 0
      vertex -39 5.43229 0.860389
    endloop
  endfacet
  facet normal -1 0 0
    outer loop
      vertex -39 1.09371 -0.355369
      vertex -39 5.23081 -1.69959
      vertex -39 4.90054 -2.49695
    endloop
  endfacet
  facet normal -1 0 0
    outer loop
      vertex -39 1.13584 0.179899
      vertex -39 5.43229 0.860389
      vertex -39 1.15 0
    endloop
  endfacet
  facet normal -1 0 0
    outer loop
      vertex -39 1.02466 -0.522089
      vertex -39 4.90054 -2.49695
      vertex -39 4.44959 -3.23282
    endloop
  endfacet
  facet normal -1 -0 0
    outer loop
      vertex -39 5.43229 0.860389
      vertex -39 1.13584 0.179899
      vertex -39 5.23081 1.69959
    endloop
  endfacet
  facet normal -1 0 0
    outer loop
      vertex -39 0.930369 -0.675953
      vertex -39 4.44959 -3.23282
      vertex -39 3.88909 -3.88909
    endloop
  endfacet
  facet normal -1 0 0
    outer loop
      vertex -39 1.09371 0.355369
      vertex -39 5.23081 1.69959
      vertex -39 1.13584 0.179899
    endloop
  endfacet
  facet normal -1 0 0
    outer loop
      vertex -39 0.813172 -0.813172
      vertex -39 3.88909 -3.88909
      vertex -39 3.23282 -4.44959
    endloop
  endfacet
  facet normal -1 -0 0
    outer loop
      vertex -39 5.23081 1.69959
      vertex -39 1.09371 0.355369
      vertex -39 4.90054 2.49695
    endloop
  endfacet
  facet normal -1 0 0
    outer loop
      vertex -39 0.675953 -0.930369
      vertex -39 3.23282 -4.44959
      vertex -39 3.15056 -4.5
    endloop
  endfacet
  facet normal -1 0 0
    outer loop
      vertex -39 1.02466 0.522089
      vertex -39 4.90054 2.49695
      vertex -39 1.09371 0.355369
    endloop
  endfacet
  facet normal -1 -0 0
    outer loop
      vertex -39 4.90054 2.49695
      vertex -39 1.02466 0.522089
      vertex -39 4.44959 3.23282
    endloop
  endfacet
  facet normal -1 0 0
    outer loop
      vertex -39 5.43229 -0.860389
      vertex -39 1.13584 -0.179899
      vertex -39 1.15 0
    endloop
  endfacet
  facet normal -1 0 0
    outer loop
      vertex -39 5.23081 -1.69959
      vertex -39 1.09371 -0.355369
      vertex -39 1.13584 -0.179899
    endloop
  endfacet
  facet normal -1 0 0
    outer loop
      vertex -39 4.90054 -2.49695
      vertex -39 1.02466 -0.522089
      vertex -39 1.09371 -0.355369
    endloop
  endfacet
  facet normal -1 0 0
    outer loop
      vertex -39 4.44959 -3.23282
      vertex -39 0.930369 -0.675953
      vertex -39 1.02466 -0.522089
    endloop
  endfacet
  facet normal -1 0 0
    outer loop
      vertex -39 3.88909 -3.88909
      vertex -39 0.813172 -0.813172
      vertex -39 0.930369 -0.675953
    endloop
  endfacet
  facet normal -1 0 0
    outer loop
      vertex -39 3.23282 -4.44959
      vertex -39 0.675953 -0.930369
      vertex -39 0.813172 -0.813172
    endloop
  endfacet
  facet normal -1 0 0
    outer loop
      vertex -39 3.15056 -4.5
      vertex -39 0.522089 -1.02466
      vertex -39 0.675953 -0.930369
    endloop
  endfacet
  facet normal -1 0 0
    outer loop
      vertex -39 3.15056 -4.5
      vertex -39 0.355369 -1.09371
      vertex -39 0.522089 -1.02466
    endloop
  endfacet
  facet normal -1 0 0
    outer loop
      vertex -39 3.15056 -4.5
      vertex -39 0.179899 -1.13584
      vertex -39 0.355369 -1.09371
    endloop
  endfacet
  facet normal -1 0 0
    outer loop
      vertex -39 3.15056 -4.5
      vertex -39 0 -1.15
      vertex -39 0.179899 -1.13584
    endloop
  endfacet
  facet normal -1 0 0
    outer loop
      vertex -39 3.15056 -4.5
      vertex -39 -0.179899 -1.13584
      vertex -39 0 -1.15
    endloop
  endfacet
  facet normal -1 0 0
    outer loop
      vertex -39 3.15056 -4.5
      vertex -39 -0.355369 -1.09371
      vertex -39 -0.179899 -1.13584
    endloop
  endfacet
  facet normal -1 0 0
    outer loop
      vertex -39 3.15056 -4.5
      vertex -39 -0.522089 -1.02466
      vertex -39 -0.355369 -1.09371
    endloop
  endfacet
  facet normal -1 0 0
    outer loop
      vertex -39 -16.5 -4.5
      vertex -39 -0.522089 -1.02466
      vertex -39 3.15056 -4.5
    endloop
  endfacet
  facet normal -1 -0 0
    outer loop
      vertex -39 -0.522089 -1.02466
      vertex -39 -16.5 -4.5
      vertex -39 -0.675953 -0.930369
    endloop
  endfacet
  facet normal -1 -0 0
    outer loop
      vertex -39 -1.13584 -0.179899
      vertex -39 -16.5 -4.5
      vertex -39 -1.15 0
    endloop
  endfacet
  facet normal -1 -0 0
    outer loop
      vertex -39 -1.09371 -0.355369
      vertex -39 -16.5 -4.5
      vertex -39 -1.13584 -0.179899
    endloop
  endfacet
  facet normal -1 -0 0
    outer loop
      vertex -39 -1.02466 -0.522089
      vertex -39 -16.5 -4.5
      vertex -39 -1.09371 -0.355369
    endloop
  endfacet
  facet normal -1 -0 0
    outer loop
      vertex -39 -0.930369 -0.675953
      vertex -39 -16.5 -4.5
      vertex -39 -1.02466 -0.522089
    endloop
  endfacet
  facet normal -1 -0 0
    outer loop
      vertex -39 -0.813172 -0.813172
      vertex -39 -16.5 -4.5
      vertex -39 -0.930369 -0.675953
    endloop
  endfacet
  facet normal -1 -0 0
    outer loop
      vertex -39 -0.675953 -0.930369
      vertex -39 -16.5 -4.5
      vertex -39 -0.813172 -0.813172
    endloop
  endfacet
  facet normal -1 0 0
    outer loop
      vertex -39 0.930369 0.675953
      vertex -39 4.44959 3.23282
      vertex -39 1.02466 0.522089
    endloop
  endfacet
  facet normal -1 -0 0
    outer loop
      vertex -39 4.44959 3.23282
      vertex -39 0.930369 0.675953
      vertex -39 3.88909 3.88909
    endloop
  endfacet
  facet normal -1 0 0
    outer loop
      vertex -39 0.813172 0.813172
      vertex -39 3.88909 3.88909
      vertex -39 0.930369 0.675953
    endloop
  endfacet
  facet normal -1 -0 0
    outer loop
      vertex -39 3.88909 3.88909
      vertex -39 0.813172 0.813172
      vertex -39 3.23282 4.44959
    endloop
  endfacet
  facet normal -1 0 0
    outer loop
      vertex -39 0.675953 0.930369
      vertex -39 3.23282 4.44959
      vertex -39 0.813172 0.813172
    endloop
  endfacet
  facet normal -1 -0 0
    outer loop
      vertex -39 3.23282 4.44959
      vertex -39 0.675953 0.930369
      vertex -39 3.15056 4.5
    endloop
  endfacet
  facet normal -1 0 0
    outer loop
      vertex -39 0.522089 1.02466
      vertex -39 3.15056 4.5
      vertex -39 0.675953 0.930369
    endloop
  endfacet
  facet normal -1 0 0
    outer loop
      vertex -39 0.355369 1.09371
      vertex -39 3.15056 4.5
      vertex -39 0.522089 1.02466
    endloop
  endfacet
  facet normal -1 0 0
    outer loop
      vertex -39 0.179899 1.13584
      vertex -39 3.15056 4.5
      vertex -39 0.355369 1.09371
    endloop
  endfacet
  facet normal -1 0 0
    outer loop
      vertex -39 0 1.15
      vertex -39 3.15056 4.5
      vertex -39 0.179899 1.13584
    endloop
  endfacet
  facet normal -1 0 0
    outer loop
      vertex -39 -0.179899 1.13584
      vertex -39 3.15056 4.5
      vertex -39 0 1.15
    endloop
  endfacet
  facet normal -1 0 0
    outer loop
      vertex -39 -0.355369 1.09371
      vertex -39 3.15056 4.5
      vertex -39 -0.179899 1.13584
    endloop
  endfacet
  facet normal -1 0 0
    outer loop
      vertex -39 -0.522089 1.02466
      vertex -39 3.15056 4.5
      vertex -39 -0.355369 1.09371
    endloop
  endfacet
  facet normal -1 0 0
    outer loop
      vertex -39 -16.5 4.5
      vertex -39 -0.522089 1.02466
      vertex -39 -0.675953 0.930369
    endloop
  endfacet
  facet normal -1 0 0
    outer loop
      vertex -39 -16.5 4.5
      vertex -39 -0.675953 0.930369
      vertex -39 -0.813172 0.813172
    endloop
  endfacet
  facet normal -1 0 0
    outer loop
      vertex -39 -16.5 4.5
      vertex -39 -1.15 0
      vertex -39 -16.5 -4.5
    endloop
  endfacet
  facet normal -1 0 0
    outer loop
      vertex -39 -1.15 0
      vertex -39 -16.5 4.5
      vertex -39 -1.13584 0.179899
    endloop
  endfacet
  facet normal -1 0 0
    outer loop
      vertex -39 -1.13584 0.179899
      vertex -39 -16.5 4.5
      vertex -39 -1.09371 0.355369
    endloop
  endfacet
  facet normal -1 0 0
    outer loop
      vertex -39 -1.09371 0.355369
      vertex -39 -16.5 4.5
      vertex -39 -1.02466 0.522089
    endloop
  endfacet
  facet normal -1 0 0
    outer loop
      vertex -39 -1.02466 0.522089
      vertex -39 -16.5 4.5
      vertex -39 -0.930369 0.675953
    endloop
  endfacet
  facet normal -1 0 0
    outer loop
      vertex -39 -0.930369 0.675953
      vertex -39 -16.5 4.5
      vertex -39 -0.813172 0.813172
    endloop
  endfacet
  facet normal -1 0 0
    outer loop
      vertex -39 -0.522089 1.02466
      vertex -39 -16.5 4.5
      vertex -39 3.15056 4.5
    endloop
  endfacet
  facet normal 0 0.852636 -0.522506
    outer loop
      vertex -33 4.44959 -3.23282
      vertex -39 4.90054 -2.49695
      vertex -33 4.90054 -2.49695
    endloop
  endfacet
  facet normal 0 0.852636 -0.522506
    outer loop
      vertex -39 4.90054 -2.49695
      vertex -33 4.44959 -3.23282
      vertex -39 4.44959 -3.23282
    endloop
  endfacet
  facet normal 1 0 0
    outer loop
      vertex -33 1.15 0
      vertex -33 5.5 0
      vertex -33 5.43229 0.860389
    endloop
  endfacet
  facet normal 1 0 0
    outer loop
      vertex -33 1.13584 0.179899
      vertex -33 5.43229 0.860389
      vertex -33 5.23081 1.69959
    endloop
  endfacet
  facet normal 1 0 0
    outer loop
      vertex -33 5.5 0
      vertex -33 1.15 0
      vertex -33 5.43229 -0.860389
    endloop
  endfacet
  facet normal 1 0 0
    outer loop
      vertex -33 1.09371 0.355369
      vertex -33 5.23081 1.69959
      vertex -33 4.90054 2.49695
    endloop
  endfacet
  facet normal 1 -0 0
    outer loop
      vertex -33 1.13584 -0.179899
      vertex -33 5.43229 -0.860389
      vertex -33 1.15 0
    endloop
  endfacet
  facet normal 1 0 0
    outer loop
      vertex -33 1.02466 0.522089
      vertex -33 4.90054 2.49695
      vertex -33 4.44959 3.23282
    endloop
  endfacet
  facet normal 1 0 0
    outer loop
      vertex -33 5.43229 -0.860389
      vertex -33 1.13584 -0.179899
      vertex -33 5.23081 -1.69959
    endloop
  endfacet
  facet normal 1 0 0
    outer loop
      vertex -33 0.930369 0.675953
      vertex -33 4.44959 3.23282
      vertex -33 3.88909 3.88909
    endloop
  endfacet
  facet normal 1 -0 0
    outer loop
      vertex -33 1.09371 -0.355369
      vertex -33 5.23081 -1.69959
      vertex -33 1.13584 -0.179899
    endloop
  endfacet
  facet normal 1 0 0
    outer loop
      vertex -33 0.813172 0.813172
      vertex -33 3.88909 3.88909
      vertex -33 3.23282 4.44959
    endloop
  endfacet
  facet normal 1 0 0
    outer loop
      vertex -33 5.23081 -1.69959
      vertex -33 1.09371 -0.355369
      vertex -33 4.90054 -2.49695
    endloop
  endfacet
  facet normal 1 0 0
    outer loop
      vertex -33 0.675953 0.930369
      vertex -33 3.23282 4.44959
      vertex -33 3.15056 4.5
    endloop
  endfacet
  facet normal 1 -0 0
    outer loop
      vertex -33 1.02466 -0.522089
      vertex -33 4.90054 -2.49695
      vertex -33 1.09371 -0.355369
    endloop
  endfacet
  facet normal 1 0 0
    outer loop
      vertex -33 4.90054 -2.49695
      vertex -33 1.02466 -0.522089
      vertex -33 4.44959 -3.23282
    endloop
  endfacet
  facet normal 1 0 0
    outer loop
      vertex -33 5.43229 0.860389
      vertex -33 1.13584 0.179899
      vertex -33 1.15 0
    endloop
  endfacet
  facet normal 1 0 0
    outer loop
      vertex -33 5.23081 1.69959
      vertex -33 1.09371 0.355369
      vertex -33 1.13584 0.179899
    endloop
  endfacet
  facet normal 1 0 0
    outer loop
      vertex -33 4.90054 2.49695
      vertex -33 1.02466 0.522089
      vertex -33 1.09371 0.355369
    endloop
  endfacet
  facet normal 1 0 0
    outer loop
      vertex -33 4.44959 3.23282
      vertex -33 0.930369 0.675953
      vertex -33 1.02466 0.522089
    endloop
  endfacet
  facet normal 1 0 0
    outer loop
      vertex -33 3.88909 3.88909
      vertex -33 0.813172 0.813172
      vertex -33 0.930369 0.675953
    endloop
  endfacet
  facet normal 1 0 0
    outer loop
      vertex -33 3.23282 4.44959
      vertex -33 0.675953 0.930369
      vertex -33 0.813172 0.813172
    endloop
  endfacet
  facet normal 1 0 0
    outer loop
      vertex -33 3.15056 4.5
      vertex -33 0.522089 1.02466
      vertex -33 0.675953 0.930369
    endloop
  endfacet
  facet normal 1 0 0
    outer loop
      vertex -33 3.15056 4.5
      vertex -33 0.355369 1.09371
      vertex -33 0.522089 1.02466
    endloop
  endfacet
  facet normal 1 0 0
    outer loop
      vertex -33 3.15056 4.5
      vertex -33 0.179899 1.13584
      vertex -33 0.355369 1.09371
    endloop
  endfacet
  facet normal 1 0 0
    outer loop
      vertex -33 3.15056 4.5
      vertex -33 0 1.15
      vertex -33 0.179899 1.13584
    endloop
  endfacet
  facet normal 1 0 0
    outer loop
      vertex -33 3.15056 4.5
      vertex -33 -0.179899 1.13584
      vertex -33 0 1.15
    endloop
  endfacet
  facet normal 1 0 0
    outer loop
      vertex -33 3.15056 4.5
      vertex -33 -0.355369 1.09371
      vertex -33 -0.179899 1.13584
    endloop
  endfacet
  facet normal 1 0 0
    outer loop
      vertex -33 3.15056 4.5
      vertex -33 -0.522089 1.02466
      vertex -33 -0.355369 1.09371
    endloop
  endfacet
  facet normal 1 -0 0
    outer loop
      vertex -33 -16.5 4.5
      vertex -33 -0.522089 1.02466
      vertex -33 3.15056 4.5
    endloop
  endfacet
  facet normal 1 0 0
    outer loop
      vertex -33 -0.522089 1.02466
      vertex -33 -16.5 4.5
      vertex -33 -0.675953 0.930369
    endloop
  endfacet
  facet normal 1 0 0
    outer loop
      vertex -33 -1.13584 0.179899
      vertex -33 -16.5 4.5
      vertex -33 -1.15 0
    endloop
  endfacet
  facet normal 1 0 0
    outer loop
      vertex -33 -1.09371 0.355369
      vertex -33 -16.5 4.5
      vertex -33 -1.13584 0.179899
    endloop
  endfacet
  facet normal 1 0 0
    outer loop
      vertex -33 -1.02466 0.522089
      vertex -33 -16.5 4.5
      vertex -33 -1.09371 0.355369
    endloop
  endfacet
  facet normal 1 0 0
    outer loop
      vertex -33 -0.930369 0.675953
      vertex -33 -16.5 4.5
      vertex -33 -1.02466 0.522089
    endloop
  endfacet
  facet normal 1 0 0
    outer loop
      vertex -33 -0.813172 0.813172
      vertex -33 -16.5 4.5
      vertex -33 -0.930369 0.675953
    endloop
  endfacet
  facet normal 1 0 0
    outer loop
      vertex -33 -0.675953 0.930369
      vertex -33 -16.5 4.5
      vertex -33 -0.813172 0.813172
    endloop
  endfacet
  facet normal 1 -0 0
    outer loop
      vertex -33 0.930369 -0.675953
      vertex -33 4.44959 -3.23282
      vertex -33 1.02466 -0.522089
    endloop
  endfacet
  facet normal 1 0 0
    outer loop
      vertex -33 4.44959 -3.23282
      vertex -33 0.930369 -0.675953
      vertex -33 3.88909 -3.88909
    endloop
  endfacet
  facet normal 1 -0 0
    outer loop
      vertex -33 0.813172 -0.813172
      vertex -33 3.88909 -3.88909
      vertex -33 0.930369 -0.675953
    endloop
  endfacet
  facet normal 1 0 0
    outer loop
      vertex -33 3.88909 -3.88909
      vertex -33 0.813172 -0.813172
      vertex -33 3.23282 -4.44959
    endloop
  endfacet
  facet normal 1 -0 0
    outer loop
      vertex -33 0.675953 -0.930369
      vertex -33 3.23282 -4.44959
      vertex -33 0.813172 -0.813172
    endloop
  endfacet
  facet normal 1 0 0
    outer loop
      vertex -33 3.23282 -4.44959
      vertex -33 0.675953 -0.930369
      vertex -33 3.15056 -4.5
    endloop
  endfacet
  facet normal 1 -0 0
    outer loop
      vertex -33 0.522089 -1.02466
      vertex -33 3.15056 -4.5
      vertex -33 0.675953 -0.930369
    endloop
  endfacet
  facet normal 1 -0 0
    outer loop
      vertex -33 0.355369 -1.09371
      vertex -33 3.15056 -4.5
      vertex -33 0.522089 -1.02466
    endloop
  endfacet
  facet normal 1 -0 0
    outer loop
      vertex -33 0.179899 -1.13584
      vertex -33 3.15056 -4.5
      vertex -33 0.355369 -1.09371
    endloop
  endfacet
  facet normal 1 -0 0
    outer loop
      vertex -33 0 -1.15
      vertex -33 3.15056 -4.5
      vertex -33 0.179899 -1.13584
    endloop
  endfacet
  facet normal 1 0 0
    outer loop
      vertex -33 -0.179899 -1.13584
      vertex -33 3.15056 -4.5
      vertex -33 0 -1.15
    endloop
  endfacet
  facet normal 1 0 0
    outer loop
      vertex -33 -0.355369 -1.09371
      vertex -33 3.15056 -4.5
      vertex -33 -0.179899 -1.13584
    endloop
  endfacet
  facet normal 1 0 0
    outer loop
      vertex -33 -0.522089 -1.02466
      vertex -33 3.15056 -4.5
      vertex -33 -0.355369 -1.09371
    endloop
  endfacet
  facet normal 1 0 0
    outer loop
      vertex -33 -16.5 -4.5
      vertex -33 -0.522089 -1.02466
      vertex -33 -0.675953 -0.930369
    endloop
  endfacet
  facet normal 1 0 0
    outer loop
      vertex -33 -16.5 -4.5
      vertex -33 -0.675953 -0.930369
      vertex -33 -0.813172 -0.813172
    endloop
  endfacet
  facet normal 1 0 0
    outer loop
      vertex -33 -16.5 -4.5
      vertex -33 -1.15 0
      vertex -33 -16.5 4.5
    endloop
  endfacet
  facet normal 1 0 0
    outer loop
      vertex -33 -1.15 0
      vertex -33 -16.5 -4.5
      vertex -33 -1.13584 -0.179899
    endloop
  endfacet
  facet normal 1 0 0
    outer loop
      vertex -33 -1.13584 -0.179899
      vertex -33 -16.5 -4.5
      vertex -33 -1.09371 -0.355369
    endloop
  endfacet
  facet normal 1 0 0
    outer loop
      vertex -33 -1.09371 -0.355369
      vertex -33 -16.5 -4.5
      vertex -33 -1.02466 -0.522089
    endloop
  endfacet
  facet normal 1 0 0
    outer loop
      vertex -33 -1.02466 -0.522089
      vertex -33 -16.5 -4.5
      vertex -33 -0.930369 -0.675953
    endloop
  endfacet
  facet normal 1 0 0
    outer loop
      vertex -33 -0.930369 -0.675953
      vertex -33 -16.5 -4.5
      vertex -33 -0.813172 -0.813172
    endloop
  endfacet
  facet normal 1 0 0
    outer loop
      vertex -33 -0.522089 -1.02466
      vertex -33 -16.5 -4.5
      vertex -33 3.15056 -4.5
    endloop
  endfacet
  facet normal -0 0.522506 0.852636
    outer loop
      vertex -39 3.23282 4.44959
      vertex -33 3.15056 4.5
      vertex -33 3.23282 4.44959
    endloop
  endfacet
  facet normal 0 0.522506 0.852636
    outer loop
      vertex -33 3.15056 4.5
      vertex -39 3.23282 4.44959
      vertex -39 3.15056 4.5
    endloop
  endfacet
  facet normal 0 0 -1
    outer loop
      vertex -39 -16.5 -4.5
      vertex -33 3.15056 -4.5
      vertex -33 -16.5 -4.5
    endloop
  endfacet
  facet normal -0 0 -1
    outer loop
      vertex -33 3.15056 -4.5
      vertex -39 -16.5 -4.5
      vertex -39 3.15056 -4.5
    endloop
  endfacet
  facet normal -0 0 1
    outer loop
      vertex -39 3.15056 4.5
      vertex -33 -16.5 4.5
      vertex -33 3.15056 4.5
    endloop
  endfacet
  facet normal 0 0 1
    outer loop
      vertex -33 -16.5 4.5
      vertex -39 3.15056 4.5
      vertex -39 -16.5 4.5
    endloop
  endfacet
  facet normal 0 -0.972366 0.233463
    outer loop
      vertex -39 1.09371 -0.355369
      vertex -33 1.13584 -0.179899
      vertex -39 1.13584 -0.179899
    endloop
  endfacet
  facet normal 0 -0.972366 0.233463
    outer loop
      vertex -33 1.13584 -0.179899
      vertex -39 1.09371 -0.355369
      vertex -33 1.09371 -0.355369
    endloop
  endfacet
  facet normal 0 -0.996917 0.0784681
    outer loop
      vertex -39 1.13584 -0.179899
      vertex -33 1.15 0
      vertex -39 1.15 0
    endloop
  endfacet
  facet normal 0 -0.996917 0.0784681
    outer loop
      vertex -33 1.15 0
      vertex -39 1.13584 -0.179899
      vertex -33 1.13584 -0.179899
    endloop
  endfacet
  facet normal 0 -0.233463 -0.972366
    outer loop
      vertex -39 0.179899 1.13584
      vertex -33 0.355369 1.09371
      vertex -33 0.179899 1.13584
    endloop
  endfacet
  facet normal -0 -0.233463 -0.972366
    outer loop
      vertex -33 0.355369 1.09371
      vertex -39 0.179899 1.13584
      vertex -39 0.355369 1.09371
    endloop
  endfacet
  facet normal 0 -0.972366 -0.233463
    outer loop
      vertex -39 1.13584 0.179899
      vertex -33 1.09371 0.355369
      vertex -39 1.09371 0.355369
    endloop
  endfacet
  facet normal 0 -0.972366 -0.233463
    outer loop
      vertex -33 1.09371 0.355369
      vertex -39 1.13584 0.179899
      vertex -33 1.13584 0.179899
    endloop
  endfacet
  facet normal 0 0.852633 -0.522511
    outer loop
      vertex -33 -1.02466 0.522089
      vertex -39 -0.930369 0.675953
      vertex -33 -0.930369 0.675953
    endloop
  endfacet
  facet normal 0 0.852633 -0.522511
    outer loop
      vertex -39 -0.930369 0.675953
      vertex -33 -1.02466 0.522089
      vertex -39 -1.02466 0.522089
    endloop
  endfacet
  facet normal 0 -0.852633 0.522511
    outer loop
      vertex -39 0.930369 -0.675953
      vertex -33 1.02466 -0.522089
      vertex -39 1.02466 -0.522089
    endloop
  endfacet
  facet normal 0 -0.852633 0.522511
    outer loop
      vertex -33 1.02466 -0.522089
      vertex -39 0.930369 -0.675953
      vertex -33 0.930369 -0.675953
    endloop
  endfacet
  facet normal -0 0.649451 0.760403
    outer loop
      vertex -39 -0.675953 -0.930369
      vertex -33 -0.813172 -0.813172
      vertex -33 -0.675953 -0.930369
    endloop
  endfacet
  facet normal 0 0.649451 0.760403
    outer loop
      vertex -33 -0.813172 -0.813172
      vertex -39 -0.675953 -0.930369
      vertex -39 -0.813172 -0.813172
    endloop
  endfacet
  facet normal 0 0.760403 -0.649451
    outer loop
      vertex -33 -0.930369 0.675953
      vertex -39 -0.813172 0.813172
      vertex -33 -0.813172 0.813172
    endloop
  endfacet
  facet normal 0 0.760403 -0.649451
    outer loop
      vertex -39 -0.813172 0.813172
      vertex -33 -0.930369 0.675953
      vertex -39 -0.930369 0.675953
    endloop
  endfacet
  facet normal 0 0.996917 -0.0784681
    outer loop
      vertex -33 -1.15 0
      vertex -39 -1.13584 0.179899
      vertex -33 -1.13584 0.179899
    endloop
  endfacet
  facet normal 0 0.996917 -0.0784681
    outer loop
      vertex -39 -1.13584 0.179899
      vertex -33 -1.15 0
      vertex -39 -1.15 0
    endloop
  endfacet
  facet normal 0 -0.996917 -0.0784681
    outer loop
      vertex -39 1.15 0
      vertex -33 1.13584 0.179899
      vertex -39 1.13584 0.179899
    endloop
  endfacet
  facet normal 0 -0.996917 -0.0784681
    outer loop
      vertex -33 1.13584 0.179899
      vertex -39 1.15 0
      vertex -33 1.15 0
    endloop
  endfacet
  facet normal 0 -0.522511 -0.852633
    outer loop
      vertex -39 0.522089 1.02466
      vertex -33 0.675953 0.930369
      vertex -33 0.522089 1.02466
    endloop
  endfacet
  facet normal -0 -0.522511 -0.852633
    outer loop
      vertex -33 0.675953 0.930369
      vertex -39 0.522089 1.02466
      vertex -39 0.675953 0.930369
    endloop
  endfacet
  facet normal 0 -0.852633 -0.522511
    outer loop
      vertex -39 1.02466 0.522089
      vertex -33 0.930369 0.675953
      vertex -39 0.930369 0.675953
    endloop
  endfacet
  facet normal 0 -0.852633 -0.522511
    outer loop
      vertex -33 0.930369 0.675953
      vertex -39 1.02466 0.522089
      vertex -33 1.02466 0.522089
    endloop
  endfacet
  facet normal 0 -0.233463 0.972366
    outer loop
      vertex -39 0.355369 -1.09371
      vertex -33 0.179899 -1.13584
      vertex -33 0.355369 -1.09371
    endloop
  endfacet
  facet normal 0 -0.233463 0.972366
    outer loop
      vertex -33 0.179899 -1.13584
      vertex -39 0.355369 -1.09371
      vertex -39 0.179899 -1.13584
    endloop
  endfacet
  facet normal 0 0.996917 0.0784681
    outer loop
      vertex -33 -1.13584 -0.179899
      vertex -39 -1.15 0
      vertex -33 -1.15 0
    endloop
  endfacet
  facet normal 0 0.996917 0.0784681
    outer loop
      vertex -39 -1.15 0
      vertex -33 -1.13584 -0.179899
      vertex -39 -1.13584 -0.179899
    endloop
  endfacet
  facet normal -0 0.0784681 0.996917
    outer loop
      vertex -39 0 -1.15
      vertex -33 -0.179899 -1.13584
      vertex -33 0 -1.15
    endloop
  endfacet
  facet normal 0 0.0784681 0.996917
    outer loop
      vertex -33 -0.179899 -1.13584
      vertex -39 0 -1.15
      vertex -39 -0.179899 -1.13584
    endloop
  endfacet
  facet normal 0 0.233463 -0.972366
    outer loop
      vertex -39 -0.355369 1.09371
      vertex -33 -0.179899 1.13584
      vertex -33 -0.355369 1.09371
    endloop
  endfacet
  facet normal 0 0.233463 -0.972366
    outer loop
      vertex -33 -0.179899 1.13584
      vertex -39 -0.355369 1.09371
      vertex -39 -0.179899 1.13584
    endloop
  endfacet
  facet normal 0 -0.382647 -0.923895
    outer loop
      vertex -39 0.355369 1.09371
      vertex -33 0.522089 1.02466
      vertex -33 0.355369 1.09371
    endloop
  endfacet
  facet normal -0 -0.382647 -0.923895
    outer loop
      vertex -33 0.522089 1.02466
      vertex -39 0.355369 1.09371
      vertex -39 0.522089 1.02466
    endloop
  endfacet
  facet normal 0 -0.649451 -0.760403
    outer loop
      vertex -39 0.675953 0.930369
      vertex -33 0.813172 0.813172
      vertex -33 0.675953 0.930369
    endloop
  endfacet
  facet normal -0 -0.649451 -0.760403
    outer loop
      vertex -33 0.813172 0.813172
      vertex -39 0.675953 0.930369
      vertex -39 0.813172 0.813172
    endloop
  endfacet
  facet normal 0 0.923895 -0.382647
    outer loop
      vertex -33 -1.09371 0.355369
      vertex -39 -1.02466 0.522089
      vertex -33 -1.02466 0.522089
    endloop
  endfacet
  facet normal 0 0.923895 -0.382647
    outer loop
      vertex -39 -1.02466 0.522089
      vertex -33 -1.09371 0.355369
      vertex -39 -1.09371 0.355369
    endloop
  endfacet
  facet normal 0 0.649451 -0.760403
    outer loop
      vertex -39 -0.813172 0.813172
      vertex -33 -0.675953 0.930369
      vertex -33 -0.813172 0.813172
    endloop
  endfacet
  facet normal 0 0.649451 -0.760403
    outer loop
      vertex -33 -0.675953 0.930369
      vertex -39 -0.813172 0.813172
      vertex -39 -0.675953 0.930369
    endloop
  endfacet
  facet normal 0 0.852633 0.522511
    outer loop
      vertex -33 -0.930369 -0.675953
      vertex -39 -1.02466 -0.522089
      vertex -33 -1.02466 -0.522089
    endloop
  endfacet
  facet normal 0 0.852633 0.522511
    outer loop
      vertex -39 -1.02466 -0.522089
      vertex -33 -0.930369 -0.675953
      vertex -39 -0.930369 -0.675953
    endloop
  endfacet
  facet normal 0 -0.0784681 0.996917
    outer loop
      vertex -39 0.179899 -1.13584
      vertex -33 0 -1.15
      vertex -33 0.179899 -1.13584
    endloop
  endfacet
  facet normal 0 -0.0784681 0.996917
    outer loop
      vertex -33 0 -1.15
      vertex -39 0.179899 -1.13584
      vertex -39 0 -1.15
    endloop
  endfacet
  facet normal 0 -0.522511 0.852633
    outer loop
      vertex -39 0.675953 -0.930369
      vertex -33 0.522089 -1.02466
      vertex -33 0.675953 -0.930369
    endloop
  endfacet
  facet normal 0 -0.522511 0.852633
    outer loop
      vertex -33 0.522089 -1.02466
      vertex -39 0.675953 -0.930369
      vertex -39 0.522089 -1.02466
    endloop
  endfacet
  facet normal 0 0.382647 -0.923895
    outer loop
      vertex -39 -0.522089 1.02466
      vertex -33 -0.355369 1.09371
      vertex -33 -0.522089 1.02466
    endloop
  endfacet
  facet normal 0 0.382647 -0.923895
    outer loop
      vertex -33 -0.355369 1.09371
      vertex -39 -0.522089 1.02466
      vertex -39 -0.355369 1.09371
    endloop
  endfacet
  facet normal 0 0.923895 0.382647
    outer loop
      vertex -33 -1.02466 -0.522089
      vertex -39 -1.09371 -0.355369
      vertex -33 -1.09371 -0.355369
    endloop
  endfacet
  facet normal 0 0.923895 0.382647
    outer loop
      vertex -39 -1.09371 -0.355369
      vertex -33 -1.02466 -0.522089
      vertex -39 -1.02466 -0.522089
    endloop
  endfacet
  facet normal 0 0.972366 -0.233463
    outer loop
      vertex -33 -1.13584 0.179899
      vertex -39 -1.09371 0.355369
      vertex -33 -1.09371 0.355369
    endloop
  endfacet
  facet normal 0 0.972366 -0.233463
    outer loop
      vertex -39 -1.09371 0.355369
      vertex -33 -1.13584 0.179899
      vertex -39 -1.13584 0.179899
    endloop
  endfacet
  facet normal 0 0.522511 -0.852633
    outer loop
      vertex -39 -0.675953 0.930369
      vertex -33 -0.522089 1.02466
      vertex -33 -0.675953 0.930369
    endloop
  endfacet
  facet normal 0 0.522511 -0.852633
    outer loop
      vertex -33 -0.522089 1.02466
      vertex -39 -0.675953 0.930369
      vertex -39 -0.522089 1.02466
    endloop
  endfacet
  facet normal 0 0.972366 0.233463
    outer loop
      vertex -33 -1.09371 -0.355369
      vertex -39 -1.13584 -0.179899
      vertex -33 -1.13584 -0.179899
    endloop
  endfacet
  facet normal 0 0.972366 0.233463
    outer loop
      vertex -39 -1.13584 -0.179899
      vertex -33 -1.09371 -0.355369
      vertex -39 -1.09371 -0.355369
    endloop
  endfacet
  facet normal 0 -0.760403 -0.649451
    outer loop
      vertex -39 0.930369 0.675953
      vertex -33 0.813172 0.813172
      vertex -39 0.813172 0.813172
    endloop
  endfacet
  facet normal 0 -0.760403 -0.649451
    outer loop
      vertex -33 0.813172 0.813172
      vertex -39 0.930369 0.675953
      vertex -33 0.930369 0.675953
    endloop
  endfacet
  facet normal 0 -0.649451 0.760403
    outer loop
      vertex -39 0.813172 -0.813172
      vertex -33 0.675953 -0.930369
      vertex -33 0.813172 -0.813172
    endloop
  endfacet
  facet normal 0 -0.649451 0.760403
    outer loop
      vertex -33 0.675953 -0.930369
      vertex -39 0.813172 -0.813172
      vertex -39 0.675953 -0.930369
    endloop
  endfacet
  facet normal 0 -0.923895 -0.382647
    outer loop
      vertex -39 1.09371 0.355369
      vertex -33 1.02466 0.522089
      vertex -39 1.02466 0.522089
    endloop
  endfacet
  facet normal 0 -0.923895 -0.382647
    outer loop
      vertex -33 1.02466 0.522089
      vertex -39 1.09371 0.355369
      vertex -33 1.09371 0.355369
    endloop
  endfacet
  facet normal 0 -0.760403 0.649451
    outer loop
      vertex -39 0.813172 -0.813172
      vertex -33 0.930369 -0.675953
      vertex -39 0.930369 -0.675953
    endloop
  endfacet
  facet normal 0 -0.760403 0.649451
    outer loop
      vertex -33 0.930369 -0.675953
      vertex -39 0.813172 -0.813172
      vertex -33 0.813172 -0.813172
    endloop
  endfacet
  facet normal 0 0.760403 0.649451
    outer loop
      vertex -33 -0.813172 -0.813172
      vertex -39 -0.930369 -0.675953
      vertex -33 -0.930369 -0.675953
    endloop
  endfacet
  facet normal 0 0.760403 0.649451
    outer loop
      vertex -39 -0.930369 -0.675953
      vertex -33 -0.813172 -0.813172
      vertex -39 -0.813172 -0.813172
    endloop
  endfacet
  facet normal 0 0.0784681 -0.996917
    outer loop
      vertex -39 -0.179899 1.13584
      vertex -33 0 1.15
      vertex -33 -0.179899 1.13584
    endloop
  endfacet
  facet normal 0 0.0784681 -0.996917
    outer loop
      vertex -33 0 1.15
      vertex -39 -0.179899 1.13584
      vertex -39 0 1.15
    endloop
  endfacet
  facet normal 0 -0.0784681 -0.996917
    outer loop
      vertex -39 0 1.15
      vertex -33 0.179899 1.13584
      vertex -33 0 1.15
    endloop
  endfacet
  facet normal -0 -0.0784681 -0.996917
    outer loop
      vertex -33 0.179899 1.13584
      vertex -39 0 1.15
      vertex -39 0.179899 1.13584
    endloop
  endfacet
  facet normal -0 0.522511 0.852633
    outer loop
      vertex -39 -0.522089 -1.02466
      vertex -33 -0.675953 -0.930369
      vertex -33 -0.522089 -1.02466
    endloop
  endfacet
  facet normal 0 0.522511 0.852633
    outer loop
      vertex -33 -0.675953 -0.930369
      vertex -39 -0.522089 -1.02466
      vertex -39 -0.675953 -0.930369
    endloop
  endfacet
  facet normal 0 -0.382647 0.923895
    outer loop
      vertex -39 0.522089 -1.02466
      vertex -33 0.355369 -1.09371
      vertex -33 0.522089 -1.02466
    endloop
  endfacet
  facet normal 0 -0.382647 0.923895
    outer loop
      vertex -33 0.355369 -1.09371
      vertex -39 0.522089 -1.02466
      vertex -39 0.355369 -1.09371
    endloop
  endfacet
  facet normal -0 0.233463 0.972366
    outer loop
      vertex -39 -0.179899 -1.13584
      vertex -33 -0.355369 -1.09371
      vertex -33 -0.179899 -1.13584
    endloop
  endfacet
  facet normal 0 0.233463 0.972366
    outer loop
      vertex -33 -0.355369 -1.09371
      vertex -39 -0.179899 -1.13584
      vertex -39 -0.355369 -1.09371
    endloop
  endfacet
  facet normal -0 0.382647 0.923895
    outer loop
      vertex -39 -0.355369 -1.09371
      vertex -33 -0.522089 -1.02466
      vertex -33 -0.355369 -1.09371
    endloop
  endfacet
  facet normal 0 0.382647 0.923895
    outer loop
      vertex -33 -0.522089 -1.02466
      vertex -39 -0.355369 -1.09371
      vertex -39 -0.522089 -1.02466
    endloop
  endfacet
  facet normal 0 -0.923895 0.382647
    outer loop
      vertex -39 1.02466 -0.522089
      vertex -33 1.09371 -0.355369
      vertex -39 1.09371 -0.355369
    endloop
  endfacet
  facet normal 0 -0.923895 0.382647
    outer loop
      vertex -33 1.09371 -0.355369
      vertex -39 1.02466 -0.522089
      vertex -33 1.02466 -0.522089
    endloop
  endfacet
  facet normal 0 0.923883 -0.382676
    outer loop
      vertex -9 4.90054 -2.49695
      vertex -15 5.23081 -1.69959
      vertex -9 5.23081 -1.69959
    endloop
  endfacet
  facet normal 0 0.923883 -0.382676
    outer loop
      vertex -15 5.23081 -1.69959
      vertex -9 4.90054 -2.49695
      vertex -15 4.90054 -2.49695
    endloop
  endfacet
  facet normal 0 0.996918 -0.0784544
    outer loop
      vertex -9 5.43229 -0.860389
      vertex -15 5.5 0
      vertex -9 5.5 0
    endloop
  endfacet
  facet normal 0 0.996918 -0.0784544
    outer loop
      vertex -15 5.5 0
      vertex -9 5.43229 -0.860389
      vertex -15 5.43229 -0.860389
    endloop
  endfacet
  facet normal 0 0.972368 0.233452
    outer loop
      vertex -9 5.43229 0.860389
      vertex -15 5.23081 1.69959
      vertex -9 5.23081 1.69959
    endloop
  endfacet
  facet normal 0 0.972368 0.233452
    outer loop
      vertex -15 5.23081 1.69959
      vertex -9 5.43229 0.860389
      vertex -15 5.43229 0.860389
    endloop
  endfacet
  facet normal 0 0.852636 0.522506
    outer loop
      vertex -9 4.90054 2.49695
      vertex -15 4.44959 3.23282
      vertex -9 4.44959 3.23282
    endloop
  endfacet
  facet normal 0 0.852636 0.522506
    outer loop
      vertex -15 4.44959 3.23282
      vertex -9 4.90054 2.49695
      vertex -15 4.90054 2.49695
    endloop
  endfacet
  facet normal 0 0.996918 0.0784544
    outer loop
      vertex -9 5.5 0
      vertex -15 5.43229 0.860389
      vertex -9 5.43229 0.860389
    endloop
  endfacet
  facet normal 0 0.996918 0.0784544
    outer loop
      vertex -15 5.43229 0.860389
      vertex -9 5.5 0
      vertex -15 5.5 0
    endloop
  endfacet
  facet normal 0 0.522506 -0.852636
    outer loop
      vertex -15 3.15056 -4.5
      vertex -9 3.23282 -4.44959
      vertex -9 3.15056 -4.5
    endloop
  endfacet
  facet normal 0 0.522506 -0.852636
    outer loop
      vertex -9 3.23282 -4.44959
      vertex -15 3.15056 -4.5
      vertex -15 3.23282 -4.44959
    endloop
  endfacet
  facet normal -0 0.649443 0.76041
    outer loop
      vertex -15 3.88909 3.88909
      vertex -9 3.23282 4.44959
      vertex -9 3.88909 3.88909
    endloop
  endfacet
  facet normal 0 0.649443 0.76041
    outer loop
      vertex -9 3.23282 4.44959
      vertex -15 3.88909 3.88909
      vertex -15 3.23282 4.44959
    endloop
  endfacet
  facet normal 0 0.649443 -0.76041
    outer loop
      vertex -15 3.23282 -4.44959
      vertex -9 3.88909 -3.88909
      vertex -9 3.23282 -4.44959
    endloop
  endfacet
  facet normal 0 0.649443 -0.76041
    outer loop
      vertex -9 3.88909 -3.88909
      vertex -15 3.23282 -4.44959
      vertex -15 3.88909 -3.88909
    endloop
  endfacet
  facet normal 0 0.76041 0.649443
    outer loop
      vertex -9 4.44959 3.23282
      vertex -15 3.88909 3.88909
      vertex -9 3.88909 3.88909
    endloop
  endfacet
  facet normal 0 0.76041 0.649443
    outer loop
      vertex -15 3.88909 3.88909
      vertex -9 4.44959 3.23282
      vertex -15 4.44959 3.23282
    endloop
  endfacet
  facet normal 0 0.76041 -0.649443
    outer loop
      vertex -9 3.88909 -3.88909
      vertex -15 4.44959 -3.23282
      vertex -9 4.44959 -3.23282
    endloop
  endfacet
  facet normal 0 0.76041 -0.649443
    outer loop
      vertex -15 4.44959 -3.23282
      vertex -9 3.88909 -3.88909
      vertex -15 3.88909 -3.88909
    endloop
  endfacet
  facet normal 0 0.972368 -0.233452
    outer loop
      vertex -9 5.23081 -1.69959
      vertex -15 5.43229 -0.860389
      vertex -9 5.43229 -0.860389
    endloop
  endfacet
  facet normal 0 0.972368 -0.233452
    outer loop
      vertex -15 5.43229 -0.860389
      vertex -9 5.23081 -1.69959
      vertex -15 5.23081 -1.69959
    endloop
  endfacet
  facet normal 0 0.923883 0.382676
    outer loop
      vertex -9 5.23081 1.69959
      vertex -15 4.90054 2.49695
      vertex -9 4.90054 2.49695
    endloop
  endfacet
  facet normal 0 0.923883 0.382676
    outer loop
      vertex -15 4.90054 2.49695
      vertex -9 5.23081 1.69959
      vertex -15 5.23081 1.69959
    endloop
  endfacet
  facet normal -1 0 0
    outer loop
      vertex -15 1.15 0
      vertex -15 5.5 0
      vertex -15 5.43229 -0.860389
    endloop
  endfacet
  facet normal -1 0 0
    outer loop
      vertex -15 1.13584 -0.179899
      vertex -15 5.43229 -0.860389
      vertex -15 5.23081 -1.69959
    endloop
  endfacet
  facet normal -1 0 0
    outer loop
      vertex -15 5.5 0
      vertex -15 1.15 0
      vertex -15 5.43229 0.860389
    endloop
  endfacet
  facet normal -1 0 0
    outer loop
      vertex -15 1.09371 -0.355369
      vertex -15 5.23081 -1.69959
      vertex -15 4.90054 -2.49695
    endloop
  endfacet
  facet normal -1 0 0
    outer loop
      vertex -15 1.13584 0.179899
      vertex -15 5.43229 0.860389
      vertex -15 1.15 0
    endloop
  endfacet
  facet normal -1 0 0
    outer loop
      vertex -15 1.02466 -0.522089
      vertex -15 4.90054 -2.49695
      vertex -15 4.44959 -3.23282
    endloop
  endfacet
  facet normal -1 -0 0
    outer loop
      vertex -15 5.43229 0.860389
      vertex -15 1.13584 0.179899
      vertex -15 5.23081 1.69959
    endloop
  endfacet
  facet normal -1 0 0
    outer loop
      vertex -15 0.930369 -0.675953
      vertex -15 4.44959 -3.23282
      vertex -15 3.88909 -3.88909
    endloop
  endfacet
  facet normal -1 0 0
    outer loop
      vertex -15 1.09371 0.355369
      vertex -15 5.23081 1.69959
      vertex -15 1.13584 0.179899
    endloop
  endfacet
  facet normal -1 0 0
    outer loop
      vertex -15 0.813172 -0.813172
      vertex -15 3.88909 -3.88909
      vertex -15 3.23282 -4.44959
    endloop
  endfacet
  facet normal -1 -0 0
    outer loop
      vertex -15 5.23081 1.69959
      vertex -15 1.09371 0.355369
      vertex -15 4.90054 2.49695
    endloop
  endfacet
  facet normal -1 0 0
    outer loop
      vertex -15 0.675953 -0.930369
      vertex -15 3.23282 -4.44959
      vertex -15 3.15056 -4.5
    endloop
  endfacet
  facet normal -1 0 0
    outer loop
      vertex -15 1.02466 0.522089
      vertex -15 4.90054 2.49695
      vertex -15 1.09371 0.355369
    endloop
  endfacet
  facet normal -1 -0 0
    outer loop
      vertex -15 4.90054 2.49695
      vertex -15 1.02466 0.522089
      vertex -15 4.44959 3.23282
    endloop
  endfacet
  facet normal -1 0 0
    outer loop
      vertex -15 5.43229 -0.860389
      vertex -15 1.13584 -0.179899
      vertex -15 1.15 0
    endloop
  endfacet
  facet normal -1 0 0
    outer loop
      vertex -15 5.23081 -1.69959
      vertex -15 1.09371 -0.355369
      vertex -15 1.13584 -0.179899
    endloop
  endfacet
  facet normal -1 0 0
    outer loop
      vertex -15 4.90054 -2.49695
      vertex -15 1.02466 -0.522089
      vertex -15 1.09371 -0.355369
    endloop
  endfacet
  facet normal -1 0 0
    outer loop
      vertex -15 4.44959 -3.23282
      vertex -15 0.930369 -0.675953
      vertex -15 1.02466 -0.522089
    endloop
  endfacet
  facet normal -1 0 0
    outer loop
      vertex -15 3.88909 -3.88909
      vertex -15 0.813172 -0.813172
      vertex -15 0.930369 -0.675953
    endloop
  endfacet
  facet normal -1 0 0
    outer loop
      vertex -15 3.23282 -4.44959
      vertex -15 0.675953 -0.930369
      vertex -15 0.813172 -0.813172
    endloop
  endfacet
  facet normal -1 0 0
    outer loop
      vertex -15 3.15056 -4.5
      vertex -15 0.522089 -1.02466
      vertex -15 0.675953 -0.930369
    endloop
  endfacet
  facet normal -1 0 0
    outer loop
      vertex -15 3.15056 -4.5
      vertex -15 0.355369 -1.09371
      vertex -15 0.522089 -1.02466
    endloop
  endfacet
  facet normal -1 0 0
    outer loop
      vertex -15 3.15056 -4.5
      vertex -15 0.179899 -1.13584
      vertex -15 0.355369 -1.09371
    endloop
  endfacet
  facet normal -1 0 0
    outer loop
      vertex -15 3.15056 -4.5
      vertex -15 0 -1.15
      vertex -15 0.179899 -1.13584
    endloop
  endfacet
  facet normal -1 0 0
    outer loop
      vertex -15 3.15056 -4.5
      vertex -15 -0.179899 -1.13584
      vertex -15 0 -1.15
    endloop
  endfacet
  facet normal -1 0 0
    outer loop
      vertex -15 3.15056 -4.5
      vertex -15 -0.355369 -1.09371
      vertex -15 -0.179899 -1.13584
    endloop
  endfacet
  facet normal -1 0 0
    outer loop
      vertex -15 3.15056 -4.5
      vertex -15 -0.522089 -1.02466
      vertex -15 -0.355369 -1.09371
    endloop
  endfacet
  facet normal -1 0 0
    outer loop
      vertex -15 -16.5 -4.5
      vertex -15 -0.522089 -1.02466
      vertex -15 3.15056 -4.5
    endloop
  endfacet
  facet normal -1 -0 0
    outer loop
      vertex -15 -0.522089 -1.02466
      vertex -15 -16.5 -4.5
      vertex -15 -0.675953 -0.930369
    endloop
  endfacet
  facet normal -1 -0 0
    outer loop
      vertex -15 -1.13584 -0.179899
      vertex -15 -16.5 -4.5
      vertex -15 -1.15 0
    endloop
  endfacet
  facet normal -1 -0 0
    outer loop
      vertex -15 -1.09371 -0.355369
      vertex -15 -16.5 -4.5
      vertex -15 -1.13584 -0.179899
    endloop
  endfacet
  facet normal -1 -0 0
    outer loop
      vertex -15 -1.02466 -0.522089
      vertex -15 -16.5 -4.5
      vertex -15 -1.09371 -0.355369
    endloop
  endfacet
  facet normal -1 -0 0
    outer loop
      vertex -15 -0.930369 -0.675953
      vertex -15 -16.5 -4.5
      vertex -15 -1.02466 -0.522089
    endloop
  endfacet
  facet normal -1 -0 0
    outer loop
      vertex -15 -0.813172 -0.813172
      vertex -15 -16.5 -4.5
      vertex -15 -0.930369 -0.675953
    endloop
  endfacet
  facet normal -1 -0 0
    outer loop
      vertex -15 -0.675953 -0.930369
      vertex -15 -16.5 -4.5
      vertex -15 -0.813172 -0.813172
    endloop
  endfacet
  facet normal -1 0 0
    outer loop
      vertex -15 0.930369 0.675953
      vertex -15 4.44959 3.23282
      vertex -15 1.02466 0.522089
    endloop
  endfacet
  facet normal -1 -0 0
    outer loop
      vertex -15 4.44959 3.23282
      vertex -15 0.930369 0.675953
      vertex -15 3.88909 3.88909
    endloop
  endfacet
  facet normal -1 0 0
    outer loop
      vertex -15 0.813172 0.813172
      vertex -15 3.88909 3.88909
      vertex -15 0.930369 0.675953
    endloop
  endfacet
  facet normal -1 -0 0
    outer loop
      vertex -15 3.88909 3.88909
      vertex -15 0.813172 0.813172
      vertex -15 3.23282 4.44959
    endloop
  endfacet
  facet normal -1 0 0
    outer loop
      vertex -15 0.675953 0.930369
      vertex -15 3.23282 4.44959
      vertex -15 0.813172 0.813172
    endloop
  endfacet
  facet normal -1 -0 0
    outer loop
      vertex -15 3.23282 4.44959
      vertex -15 0.675953 0.930369
      vertex -15 3.15056 4.5
    endloop
  endfacet
  facet normal -1 0 0
    outer loop
      vertex -15 0.522089 1.02466
      vertex -15 3.15056 4.5
      vertex -15 0.675953 0.930369
    endloop
  endfacet
  facet normal -1 0 0
    outer loop
      vertex -15 0.355369 1.09371
      vertex -15 3.15056 4.5
      vertex -15 0.522089 1.02466
    endloop
  endfacet
  facet normal -1 0 0
    outer loop
      vertex -15 0.179899 1.13584
      vertex -15 3.15056 4.5
      vertex -15 0.355369 1.09371
    endloop
  endfacet
  facet normal -1 0 0
    outer loop
      vertex -15 0 1.15
      vertex -15 3.15056 4.5
      vertex -15 0.179899 1.13584
    endloop
  endfacet
  facet normal -1 0 0
    outer loop
      vertex -15 -0.179899 1.13584
      vertex -15 3.15056 4.5
      vertex -15 0 1.15
    endloop
  endfacet
  facet normal -1 0 0
    outer loop
      vertex -15 -0.355369 1.09371
      vertex -15 3.15056 4.5
      vertex -15 -0.179899 1.13584
    endloop
  endfacet
  facet normal -1 0 0
    outer loop
      vertex -15 -0.522089 1.02466
      vertex -15 3.15056 4.5
      vertex -15 -0.355369 1.09371
    endloop
  endfacet
  facet normal -1 0 0
    outer loop
      vertex -15 -16.5 4.5
      vertex -15 -0.522089 1.02466
      vertex -15 -0.675953 0.930369
    endloop
  endfacet
  facet normal -1 0 0
    outer loop
      vertex -15 -16.5 4.5
      vertex -15 -0.675953 0.930369
      vertex -15 -0.813172 0.813172
    endloop
  endfacet
  facet normal -1 0 0
    outer loop
      vertex -15 -16.5 4.5
      vertex -15 -1.15 0
      vertex -15 -16.5 -4.5
    endloop
  endfacet
  facet normal -1 0 0
    outer loop
      vertex -15 -1.15 0
      vertex -15 -16.5 4.5
      vertex -15 -1.13584 0.179899
    endloop
  endfacet
  facet normal -1 0 0
    outer loop
      vertex -15 -1.13584 0.179899
      vertex -15 -16.5 4.5
      vertex -15 -1.09371 0.355369
    endloop
  endfacet
  facet normal -1 0 0
    outer loop
      vertex -15 -1.09371 0.355369
      vertex -15 -16.5 4.5
      vertex -15 -1.02466 0.522089
    endloop
  endfacet
  facet normal -1 0 0
    outer loop
      vertex -15 -1.02466 0.522089
      vertex -15 -16.5 4.5
      vertex -15 -0.930369 0.675953
    endloop
  endfacet
  facet normal -1 0 0
    outer loop
      vertex -15 -0.930369 0.675953
      vertex -15 -16.5 4.5
      vertex -15 -0.813172 0.813172
    endloop
  endfacet
  facet normal -1 0 0
    outer loop
      vertex -15 -0.522089 1.02466
      vertex -15 -16.5 4.5
      vertex -15 3.15056 4.5
    endloop
  endfacet
  facet normal 0 0.852636 -0.522506
    outer loop
      vertex -9 4.44959 -3.23282
      vertex -15 4.90054 -2.49695
      vertex -9 4.90054 -2.49695
    endloop
  endfacet
  facet normal 0 0.852636 -0.522506
    outer loop
      vertex -15 4.90054 -2.49695
      vertex -9 4.44959 -3.23282
      vertex -15 4.44959 -3.23282
    endloop
  endfacet
  facet normal 1 0 0
    outer loop
      vertex -9 1.15 0
      vertex -9 5.5 0
      vertex -9 5.43229 0.860389
    endloop
  endfacet
  facet normal 1 0 0
    outer loop
      vertex -9 1.13584 0.179899
      vertex -9 5.43229 0.860389
      vertex -9 5.23081 1.69959
    endloop
  endfacet
  facet normal 1 0 0
    outer loop
      vertex -9 5.5 0
      vertex -9 1.15 0
      vertex -9 5.43229 -0.860389
    endloop
  endfacet
  facet normal 1 0 0
    outer loop
      vertex -9 1.09371 0.355369
      vertex -9 5.23081 1.69959
      vertex -9 4.90054 2.49695
    endloop
  endfacet
  facet normal 1 -0 0
    outer loop
      vertex -9 1.13584 -0.179899
      vertex -9 5.43229 -0.860389
      vertex -9 1.15 0
    endloop
  endfacet
  facet normal 1 0 0
    outer loop
      vertex -9 1.02466 0.522089
      vertex -9 4.90054 2.49695
      vertex -9 4.44959 3.23282
    endloop
  endfacet
  facet normal 1 0 0
    outer loop
      vertex -9 5.43229 -0.860389
      vertex -9 1.13584 -0.179899
      vertex -9 5.23081 -1.69959
    endloop
  endfacet
  facet normal 1 0 0
    outer loop
      vertex -9 0.930369 0.675953
      vertex -9 4.44959 3.23282
      vertex -9 3.88909 3.88909
    endloop
  endfacet
  facet normal 1 -0 0
    outer loop
      vertex -9 1.09371 -0.355369
      vertex -9 5.23081 -1.69959
      vertex -9 1.13584 -0.179899
    endloop
  endfacet
  facet normal 1 0 0
    outer loop
      vertex -9 0.813172 0.813172
      vertex -9 3.88909 3.88909
      vertex -9 3.23282 4.44959
    endloop
  endfacet
  facet normal 1 0 0
    outer loop
      vertex -9 5.23081 -1.69959
      vertex -9 1.09371 -0.355369
      vertex -9 4.90054 -2.49695
    endloop
  endfacet
  facet normal 1 0 0
    outer loop
      vertex -9 0.675953 0.930369
      vertex -9 3.23282 4.44959
      vertex -9 3.15056 4.5
    endloop
  endfacet
  facet normal 1 -0 0
    outer loop
      vertex -9 1.02466 -0.522089
      vertex -9 4.90054 -2.49695
      vertex -9 1.09371 -0.355369
    endloop
  endfacet
  facet normal 1 0 0
    outer loop
      vertex -9 4.90054 -2.49695
      vertex -9 1.02466 -0.522089
      vertex -9 4.44959 -3.23282
    endloop
  endfacet
  facet normal 1 0 0
    outer loop
      vertex -9 5.43229 0.860389
      vertex -9 1.13584 0.179899
      vertex -9 1.15 0
    endloop
  endfacet
  facet normal 1 0 0
    outer loop
      vertex -9 5.23081 1.69959
      vertex -9 1.09371 0.355369
      vertex -9 1.13584 0.179899
    endloop
  endfacet
  facet normal 1 0 0
    outer loop
      vertex -9 4.90054 2.49695
      vertex -9 1.02466 0.522089
      vertex -9 1.09371 0.355369
    endloop
  endfacet
  facet normal 1 0 0
    outer loop
      vertex -9 4.44959 3.23282
      vertex -9 0.930369 0.675953
      vertex -9 1.02466 0.522089
    endloop
  endfacet
  facet normal 1 0 0
    outer loop
      vertex -9 3.88909 3.88909
      vertex -9 0.813172 0.813172
      vertex -9 0.930369 0.675953
    endloop
  endfacet
  facet normal 1 0 0
    outer loop
      vertex -9 3.23282 4.44959
      vertex -9 0.675953 0.930369
      vertex -9 0.813172 0.813172
    endloop
  endfacet
  facet normal 1 0 0
    outer loop
      vertex -9 3.15056 4.5
      vertex -9 0.522089 1.02466
      vertex -9 0.675953 0.930369
    endloop
  endfacet
  facet normal 1 0 0
    outer loop
      vertex -9 3.15056 4.5
      vertex -9 0.355369 1.09371
      vertex -9 0.522089 1.02466
    endloop
  endfacet
  facet normal 1 0 0
    outer loop
      vertex -9 3.15056 4.5
      vertex -9 0.179899 1.13584
      vertex -9 0.355369 1.09371
    endloop
  endfacet
  facet normal 1 0 0
    outer loop
      vertex -9 3.15056 4.5
      vertex -9 0 1.15
      vertex -9 0.179899 1.13584
    endloop
  endfacet
  facet normal 1 0 0
    outer loop
      vertex -9 3.15056 4.5
      vertex -9 -0.179899 1.13584
      vertex -9 0 1.15
    endloop
  endfacet
  facet normal 1 0 0
    outer loop
      vertex -9 3.15056 4.5
      vertex -9 -0.355369 1.09371
      vertex -9 -0.179899 1.13584
    endloop
  endfacet
  facet normal 1 0 0
    outer loop
      vertex -9 3.15056 4.5
      vertex -9 -0.522089 1.02466
      vertex -9 -0.355369 1.09371
    endloop
  endfacet
  facet normal 1 -0 0
    outer loop
      vertex -9 -16.5 4.5
      vertex -9 -0.522089 1.02466
      vertex -9 3.15056 4.5
    endloop
  endfacet
  facet normal 1 0 0
    outer loop
      vertex -9 -0.522089 1.02466
      vertex -9 -16.5 4.5
      vertex -9 -0.675953 0.930369
    endloop
  endfacet
  facet normal 1 0 0
    outer loop
      vertex -9 -1.13584 0.179899
      vertex -9 -16.5 4.5
      vertex -9 -1.15 0
    endloop
  endfacet
  facet normal 1 0 0
    outer loop
      vertex -9 -1.09371 0.355369
      vertex -9 -16.5 4.5
      vertex -9 -1.13584 0.179899
    endloop
  endfacet
  facet normal 1 0 0
    outer loop
      vertex -9 -1.02466 0.522089
      vertex -9 -16.5 4.5
      vertex -9 -1.09371 0.355369
    endloop
  endfacet
  facet normal 1 0 0
    outer loop
      vertex -9 -0.930369 0.675953
      vertex -9 -16.5 4.5
      vertex -9 -1.02466 0.522089
    endloop
  endfacet
  facet normal 1 0 0
    outer loop
      vertex -9 -0.813172 0.813172
      vertex -9 -16.5 4.5
      vertex -9 -0.930369 0.675953
    endloop
  endfacet
  facet normal 1 0 0
    outer loop
      vertex -9 -0.675953 0.930369
      vertex -9 -16.5 4.5
      vertex -9 -0.813172 0.813172
    endloop
  endfacet
  facet normal 1 -0 0
    outer loop
      vertex -9 0.930369 -0.675953
      vertex -9 4.44959 -3.23282
      vertex -9 1.02466 -0.522089
    endloop
  endfacet
  facet normal 1 0 0
    outer loop
      vertex -9 4.44959 -3.23282
      vertex -9 0.930369 -0.675953
      vertex -9 3.88909 -3.88909
    endloop
  endfacet
  facet normal 1 -0 0
    outer loop
      vertex -9 0.813172 -0.813172
      vertex -9 3.88909 -3.88909
      vertex -9 0.930369 -0.675953
    endloop
  endfacet
  facet normal 1 0 0
    outer loop
      vertex -9 3.88909 -3.88909
      vertex -9 0.813172 -0.813172
      vertex -9 3.23282 -4.44959
    endloop
  endfacet
  facet normal 1 -0 0
    outer loop
      vertex -9 0.675953 -0.930369
      vertex -9 3.23282 -4.44959
      vertex -9 0.813172 -0.813172
    endloop
  endfacet
  facet normal 1 0 0
    outer loop
      vertex -9 3.23282 -4.44959
      vertex -9 0.675953 -0.930369
      vertex -9 3.15056 -4.5
    endloop
  endfacet
  facet normal 1 -0 0
    outer loop
      vertex -9 0.522089 -1.02466
      vertex -9 3.15056 -4.5
      vertex -9 0.675953 -0.930369
    endloop
  endfacet
  facet normal 1 -0 0
    outer loop
      vertex -9 0.355369 -1.09371
      vertex -9 3.15056 -4.5
      vertex -9 0.522089 -1.02466
    endloop
  endfacet
  facet normal 1 -0 0
    outer loop
      vertex -9 0.179899 -1.13584
      vertex -9 3.15056 -4.5
      vertex -9 0.355369 -1.09371
    endloop
  endfacet
  facet normal 1 -0 0
    outer loop
      vertex -9 0 -1.15
      vertex -9 3.15056 -4.5
      vertex -9 0.179899 -1.13584
    endloop
  endfacet
  facet normal 1 0 0
    outer loop
      vertex -9 -0.179899 -1.13584
      vertex -9 3.15056 -4.5
      vertex -9 0 -1.15
    endloop
  endfacet
  facet normal 1 0 0
    outer loop
      vertex -9 -0.355369 -1.09371
      vertex -9 3.15056 -4.5
      vertex -9 -0.179899 -1.13584
    endloop
  endfacet
  facet normal 1 0 0
    outer loop
      vertex -9 -0.522089 -1.02466
      vertex -9 3.15056 -4.5
      vertex -9 -0.355369 -1.09371
    endloop
  endfacet
  facet normal 1 0 0
    outer loop
      vertex -9 -16.5 -4.5
      vertex -9 -0.522089 -1.02466
      vertex -9 -0.675953 -0.930369
    endloop
  endfacet
  facet normal 1 0 0
    outer loop
      vertex -9 -16.5 -4.5
      vertex -9 -0.675953 -0.930369
      vertex -9 -0.813172 -0.813172
    endloop
  endfacet
  facet normal 1 0 0
    outer loop
      vertex -9 -16.5 -4.5
      vertex -9 -1.15 0
      vertex -9 -16.5 4.5
    endloop
  endfacet
  facet normal 1 0 0
    outer loop
      vertex -9 -1.15 0
      vertex -9 -16.5 -4.5
      vertex -9 -1.13584 -0.179899
    endloop
  endfacet
  facet normal 1 0 0
    outer loop
      vertex -9 -1.13584 -0.179899
      vertex -9 -16.5 -4.5
      vertex -9 -1.09371 -0.355369
    endloop
  endfacet
  facet normal 1 0 0
    outer loop
      vertex -9 -1.09371 -0.355369
      vertex -9 -16.5 -4.5
      vertex -9 -1.02466 -0.522089
    endloop
  endfacet
  facet normal 1 0 0
    outer loop
      vertex -9 -1.02466 -0.522089
      vertex -9 -16.5 -4.5
      vertex -9 -0.930369 -0.675953
    endloop
  endfacet
  facet normal 1 0 0
    outer loop
      vertex -9 -0.930369 -0.675953
      vertex -9 -16.5 -4.5
      vertex -9 -0.813172 -0.813172
    endloop
  endfacet
  facet normal 1 0 0
    outer loop
      vertex -9 -0.522089 -1.02466
      vertex -9 -16.5 -4.5
      vertex -9 3.15056 -4.5
    endloop
  endfacet
  facet normal -0 0.522506 0.852636
    outer loop
      vertex -15 3.23282 4.44959
      vertex -9 3.15056 4.5
      vertex -9 3.23282 4.44959
    endloop
  endfacet
  facet normal 0 0.522506 0.852636
    outer loop
      vertex -9 3.15056 4.5
      vertex -15 3.23282 4.44959
      vertex -15 3.15056 4.5
    endloop
  endfacet
  facet normal 0 0 -1
    outer loop
      vertex -15 -16.5 -4.5
      vertex -9 3.15056 -4.5
      vertex -9 -16.5 -4.5
    endloop
  endfacet
  facet normal -0 0 -1
    outer loop
      vertex -9 3.15056 -4.5
      vertex -15 -16.5 -4.5
      vertex -15 3.15056 -4.5
    endloop
  endfacet
  facet normal -0 0 1
    outer loop
      vertex -15 3.15056 4.5
      vertex -9 -16.5 4.5
      vertex -9 3.15056 4.5
    endloop
  endfacet
  facet normal 0 0 1
    outer loop
      vertex -9 -16.5 4.5
      vertex -15 3.15056 4.5
      vertex -15 -16.5 4.5
    endloop
  endfacet
  facet normal 0 -0.972366 0.233463
    outer loop
      vertex -15 1.09371 -0.355369
      vertex -9 1.13584 -0.179899
      vertex -15 1.13584 -0.179899
    endloop
  endfacet
  facet normal 0 -0.972366 0.233463
    outer loop
      vertex -9 1.13584 -0.179899
      vertex -15 1.09371 -0.355369
      vertex -9 1.09371 -0.355369
    endloop
  endfacet
  facet normal 0 -0.996917 0.0784681
    outer loop
      vertex -15 1.13584 -0.179899
      vertex -9 1.15 0
      vertex -15 1.15 0
    endloop
  endfacet
  facet normal 0 -0.996917 0.0784681
    outer loop
      vertex -9 1.15 0
      vertex -15 1.13584 -0.179899
      vertex -9 1.13584 -0.179899
    endloop
  endfacet
  facet normal 0 -0.233463 -0.972366
    outer loop
      vertex -15 0.179899 1.13584
      vertex -9 0.355369 1.09371
      vertex -9 0.179899 1.13584
    endloop
  endfacet
  facet normal -0 -0.233463 -0.972366
    outer loop
      vertex -9 0.355369 1.09371
      vertex -15 0.179899 1.13584
      vertex -15 0.355369 1.09371
    endloop
  endfacet
  facet normal 0 -0.972366 -0.233463
    outer loop
      vertex -15 1.13584 0.179899
      vertex -9 1.09371 0.355369
      vertex -15 1.09371 0.355369
    endloop
  endfacet
  facet normal 0 -0.972366 -0.233463
    outer loop
      vertex -9 1.09371 0.355369
      vertex -15 1.13584 0.179899
      vertex -9 1.13584 0.179899
    endloop
  endfacet
  facet normal 0 0.852633 -0.522511
    outer loop
      vertex -9 -1.02466 0.522089
      vertex -15 -0.930369 0.675953
      vertex -9 -0.930369 0.675953
    endloop
  endfacet
  facet normal 0 0.852633 -0.522511
    outer loop
      vertex -15 -0.930369 0.675953
      vertex -9 -1.02466 0.522089
      vertex -15 -1.02466 0.522089
    endloop
  endfacet
  facet normal 0 -0.852633 0.522511
    outer loop
      vertex -15 0.930369 -0.675953
      vertex -9 1.02466 -0.522089
      vertex -15 1.02466 -0.522089
    endloop
  endfacet
  facet normal 0 -0.852633 0.522511
    outer loop
      vertex -9 1.02466 -0.522089
      vertex -15 0.930369 -0.675953
      vertex -9 0.930369 -0.675953
    endloop
  endfacet
  facet normal 0 0.760403 -0.649451
    outer loop
      vertex -9 -0.930369 0.675953
      vertex -15 -0.813172 0.813172
      vertex -9 -0.813172 0.813172
    endloop
  endfacet
  facet normal 0 0.760403 -0.649451
    outer loop
      vertex -15 -0.813172 0.813172
      vertex -9 -0.930369 0.675953
      vertex -15 -0.930369 0.675953
    endloop
  endfacet
  facet normal 0 0.996917 -0.0784681
    outer loop
      vertex -9 -1.15 0
      vertex -15 -1.13584 0.179899
      vertex -9 -1.13584 0.179899
    endloop
  endfacet
  facet normal 0 0.996917 -0.0784681
    outer loop
      vertex -15 -1.13584 0.179899
      vertex -9 -1.15 0
      vertex -15 -1.15 0
    endloop
  endfacet
  facet normal 0 -0.996917 -0.0784681
    outer loop
      vertex -15 1.15 0
      vertex -9 1.13584 0.179899
      vertex -15 1.13584 0.179899
    endloop
  endfacet
  facet normal 0 -0.996917 -0.0784681
    outer loop
      vertex -9 1.13584 0.179899
      vertex -15 1.15 0
      vertex -9 1.15 0
    endloop
  endfacet
  facet normal -0 0.382647 0.923895
    outer loop
      vertex -15 -0.355369 -1.09371
      vertex -9 -0.522089 -1.02466
      vertex -9 -0.355369 -1.09371
    endloop
  endfacet
  facet normal 0 0.382647 0.923895
    outer loop
      vertex -9 -0.522089 -1.02466
      vertex -15 -0.355369 -1.09371
      vertex -15 -0.522089 -1.02466
    endloop
  endfacet
  facet normal 0 -0.522511 -0.852633
    outer loop
      vertex -15 0.522089 1.02466
      vertex -9 0.675953 0.930369
      vertex -9 0.522089 1.02466
    endloop
  endfacet
  facet normal -0 -0.522511 -0.852633
    outer loop
      vertex -9 0.675953 0.930369
      vertex -15 0.522089 1.02466
      vertex -15 0.675953 0.930369
    endloop
  endfacet
  facet normal 0 -0.852633 -0.522511
    outer loop
      vertex -15 1.02466 0.522089
      vertex -9 0.930369 0.675953
      vertex -15 0.930369 0.675953
    endloop
  endfacet
  facet normal 0 -0.852633 -0.522511
    outer loop
      vertex -9 0.930369 0.675953
      vertex -15 1.02466 0.522089
      vertex -9 1.02466 0.522089
    endloop
  endfacet
  facet normal 0 -0.233463 0.972366
    outer loop
      vertex -15 0.355369 -1.09371
      vertex -9 0.179899 -1.13584
      vertex -9 0.355369 -1.09371
    endloop
  endfacet
  facet normal 0 -0.233463 0.972366
    outer loop
      vertex -9 0.179899 -1.13584
      vertex -15 0.355369 -1.09371
      vertex -15 0.179899 -1.13584
    endloop
  endfacet
  facet normal 0 0.996917 0.0784681
    outer loop
      vertex -9 -1.13584 -0.179899
      vertex -15 -1.15 0
      vertex -9 -1.15 0
    endloop
  endfacet
  facet normal 0 0.996917 0.0784681
    outer loop
      vertex -15 -1.15 0
      vertex -9 -1.13584 -0.179899
      vertex -15 -1.13584 -0.179899
    endloop
  endfacet
  facet normal -0 0.0784681 0.996917
    outer loop
      vertex -15 0 -1.15
      vertex -9 -0.179899 -1.13584
      vertex -9 0 -1.15
    endloop
  endfacet
  facet normal 0 0.0784681 0.996917
    outer loop
      vertex -9 -0.179899 -1.13584
      vertex -15 0 -1.15
      vertex -15 -0.179899 -1.13584
    endloop
  endfacet
  facet normal 0 0.233463 -0.972366
    outer loop
      vertex -15 -0.355369 1.09371
      vertex -9 -0.179899 1.13584
      vertex -9 -0.355369 1.09371
    endloop
  endfacet
  facet normal 0 0.233463 -0.972366
    outer loop
      vertex -9 -0.179899 1.13584
      vertex -15 -0.355369 1.09371
      vertex -15 -0.179899 1.13584
    endloop
  endfacet
  facet normal 0 -0.382647 -0.923895
    outer loop
      vertex -15 0.355369 1.09371
      vertex -9 0.522089 1.02466
      vertex -9 0.355369 1.09371
    endloop
  endfacet
  facet normal -0 -0.382647 -0.923895
    outer loop
      vertex -9 0.522089 1.02466
      vertex -15 0.355369 1.09371
      vertex -15 0.522089 1.02466
    endloop
  endfacet
  facet normal 0 -0.649451 -0.760403
    outer loop
      vertex -15 0.675953 0.930369
      vertex -9 0.813172 0.813172
      vertex -9 0.675953 0.930369
    endloop
  endfacet
  facet normal -0 -0.649451 -0.760403
    outer loop
      vertex -9 0.813172 0.813172
      vertex -15 0.675953 0.930369
      vertex -15 0.813172 0.813172
    endloop
  endfacet
  facet normal 0 0.923895 -0.382647
    outer loop
      vertex -9 -1.09371 0.355369
      vertex -15 -1.02466 0.522089
      vertex -9 -1.02466 0.522089
    endloop
  endfacet
  facet normal 0 0.923895 -0.382647
    outer loop
      vertex -15 -1.02466 0.522089
      vertex -9 -1.09371 0.355369
      vertex -15 -1.09371 0.355369
    endloop
  endfacet
  facet normal 0 0.649451 -0.760403
    outer loop
      vertex -15 -0.813172 0.813172
      vertex -9 -0.675953 0.930369
      vertex -9 -0.813172 0.813172
    endloop
  endfacet
  facet normal 0 0.649451 -0.760403
    outer loop
      vertex -9 -0.675953 0.930369
      vertex -15 -0.813172 0.813172
      vertex -15 -0.675953 0.930369
    endloop
  endfacet
  facet normal 0 -0.0784681 0.996917
    outer loop
      vertex -15 0.179899 -1.13584
      vertex -9 0 -1.15
      vertex -9 0.179899 -1.13584
    endloop
  endfacet
  facet normal 0 -0.0784681 0.996917
    outer loop
      vertex -9 0 -1.15
      vertex -15 0.179899 -1.13584
      vertex -15 0 -1.15
    endloop
  endfacet
  facet normal 0 -0.522511 0.852633
    outer loop
      vertex -15 0.675953 -0.930369
      vertex -9 0.522089 -1.02466
      vertex -9 0.675953 -0.930369
    endloop
  endfacet
  facet normal 0 -0.522511 0.852633
    outer loop
      vertex -9 0.522089 -1.02466
      vertex -15 0.675953 -0.930369
      vertex -15 0.522089 -1.02466
    endloop
  endfacet
  facet normal 0 0.382647 -0.923895
    outer loop
      vertex -15 -0.522089 1.02466
      vertex -9 -0.355369 1.09371
      vertex -9 -0.522089 1.02466
    endloop
  endfacet
  facet normal 0 0.382647 -0.923895
    outer loop
      vertex -9 -0.355369 1.09371
      vertex -15 -0.522089 1.02466
      vertex -15 -0.355369 1.09371
    endloop
  endfacet
  facet normal 0 0.923895 0.382647
    outer loop
      vertex -9 -1.02466 -0.522089
      vertex -15 -1.09371 -0.355369
      vertex -9 -1.09371 -0.355369
    endloop
  endfacet
  facet normal 0 0.923895 0.382647
    outer loop
      vertex -15 -1.09371 -0.355369
      vertex -9 -1.02466 -0.522089
      vertex -15 -1.02466 -0.522089
    endloop
  endfacet
  facet normal 0 0.972366 -0.233463
    outer loop
      vertex -9 -1.13584 0.179899
      vertex -15 -1.09371 0.355369
      vertex -9 -1.09371 0.355369
    endloop
  endfacet
  facet normal 0 0.972366 -0.233463
    outer loop
      vertex -15 -1.09371 0.355369
      vertex -9 -1.13584 0.179899
      vertex -15 -1.13584 0.179899
    endloop
  endfacet
  facet normal 0 0.522511 -0.852633
    outer loop
      vertex -15 -0.675953 0.930369
      vertex -9 -0.522089 1.02466
      vertex -9 -0.675953 0.930369
    endloop
  endfacet
  facet normal 0 0.522511 -0.852633
    outer loop
      vertex -9 -0.522089 1.02466
      vertex -15 -0.675953 0.930369
      vertex -15 -0.522089 1.02466
    endloop
  endfacet
  facet normal 0 0.972366 0.233463
    outer loop
      vertex -9 -1.09371 -0.355369
      vertex -15 -1.13584 -0.179899
      vertex -9 -1.13584 -0.179899
    endloop
  endfacet
  facet normal 0 0.972366 0.233463
    outer loop
      vertex -15 -1.13584 -0.179899
      vertex -9 -1.09371 -0.355369
      vertex -15 -1.09371 -0.355369
    endloop
  endfacet
  facet normal 0 -0.760403 -0.649451
    outer loop
      vertex -15 0.930369 0.675953
      vertex -9 0.813172 0.813172
      vertex -15 0.813172 0.813172
    endloop
  endfacet
  facet normal 0 -0.760403 -0.649451
    outer loop
      vertex -9 0.813172 0.813172
      vertex -15 0.930369 0.675953
      vertex -9 0.930369 0.675953
    endloop
  endfacet
  facet normal 0 -0.649451 0.760403
    outer loop
      vertex -15 0.813172 -0.813172
      vertex -9 0.675953 -0.930369
      vertex -9 0.813172 -0.813172
    endloop
  endfacet
  facet normal 0 -0.649451 0.760403
    outer loop
      vertex -9 0.675953 -0.930369
      vertex -15 0.813172 -0.813172
      vertex -15 0.675953 -0.930369
    endloop
  endfacet
  facet normal 0 -0.923895 -0.382647
    outer loop
      vertex -15 1.09371 0.355369
      vertex -9 1.02466 0.522089
      vertex -15 1.02466 0.522089
    endloop
  endfacet
  facet normal 0 -0.923895 -0.382647
    outer loop
      vertex -9 1.02466 0.522089
      vertex -15 1.09371 0.355369
      vertex -9 1.09371 0.355369
    endloop
  endfacet
  facet normal 0 -0.760403 0.649451
    outer loop
      vertex -15 0.813172 -0.813172
      vertex -9 0.930369 -0.675953
      vertex -15 0.930369 -0.675953
    endloop
  endfacet
  facet normal 0 -0.760403 0.649451
    outer loop
      vertex -9 0.930369 -0.675953
      vertex -15 0.813172 -0.813172
      vertex -9 0.813172 -0.813172
    endloop
  endfacet
  facet normal 0 0.760403 0.649451
    outer loop
      vertex -9 -0.813172 -0.813172
      vertex -15 -0.930369 -0.675953
      vertex -9 -0.930369 -0.675953
    endloop
  endfacet
  facet normal 0 0.760403 0.649451
    outer loop
      vertex -15 -0.930369 -0.675953
      vertex -9 -0.813172 -0.813172
      vertex -15 -0.813172 -0.813172
    endloop
  endfacet
  facet normal 0 0.852633 0.522511
    outer loop
      vertex -9 -0.930369 -0.675953
      vertex -15 -1.02466 -0.522089
      vertex -9 -1.02466 -0.522089
    endloop
  endfacet
  facet normal 0 0.852633 0.522511
    outer loop
      vertex -15 -1.02466 -0.522089
      vertex -9 -0.930369 -0.675953
      vertex -15 -0.930369 -0.675953
    endloop
  endfacet
  facet normal -0 0.649451 0.760403
    outer loop
      vertex -15 -0.675953 -0.930369
      vertex -9 -0.813172 -0.813172
      vertex -9 -0.675953 -0.930369
    endloop
  endfacet
  facet normal 0 0.649451 0.760403
    outer loop
      vertex -9 -0.813172 -0.813172
      vertex -15 -0.675953 -0.930369
      vertex -15 -0.813172 -0.813172
    endloop
  endfacet
  facet normal 0 0.0784681 -0.996917
    outer loop
      vertex -15 -0.179899 1.13584
      vertex -9 0 1.15
      vertex -9 -0.179899 1.13584
    endloop
  endfacet
  facet normal 0 0.0784681 -0.996917
    outer loop
      vertex -9 0 1.15
      vertex -15 -0.179899 1.13584
      vertex -15 0 1.15
    endloop
  endfacet
  facet normal 0 -0.0784681 -0.996917
    outer loop
      vertex -15 0 1.15
      vertex -9 0.179899 1.13584
      vertex -9 0 1.15
    endloop
  endfacet
  facet normal -0 -0.0784681 -0.996917
    outer loop
      vertex -9 0.179899 1.13584
      vertex -15 0 1.15
      vertex -15 0.179899 1.13584
    endloop
  endfacet
  facet normal -0 0.522511 0.852633
    outer loop
      vertex -15 -0.522089 -1.02466
      vertex -9 -0.675953 -0.930369
      vertex -9 -0.522089 -1.02466
    endloop
  endfacet
  facet normal 0 0.522511 0.852633
    outer loop
      vertex -9 -0.675953 -0.930369
      vertex -15 -0.522089 -1.02466
      vertex -15 -0.675953 -0.930369
    endloop
  endfacet
  facet normal 0 -0.382647 0.923895
    outer loop
      vertex -15 0.522089 -1.02466
      vertex -9 0.355369 -1.09371
      vertex -9 0.522089 -1.02466
    endloop
  endfacet
  facet normal 0 -0.382647 0.923895
    outer loop
      vertex -9 0.355369 -1.09371
      vertex -15 0.522089 -1.02466
      vertex -15 0.355369 -1.09371
    endloop
  endfacet
  facet normal -0 0.233463 0.972366
    outer loop
      vertex -15 -0.179899 -1.13584
      vertex -9 -0.355369 -1.09371
      vertex -9 -0.179899 -1.13584
    endloop
  endfacet
  facet normal 0 0.233463 0.972366
    outer loop
      vertex -9 -0.355369 -1.09371
      vertex -15 -0.179899 -1.13584
      vertex -15 -0.355369 -1.09371
    endloop
  endfacet
  facet normal 0 -0.923895 0.382647
    outer loop
      vertex -15 1.02466 -0.522089
      vertex -9 1.09371 -0.355369
      vertex -15 1.09371 -0.355369
    endloop
  endfacet
  facet normal 0 -0.923895 0.382647
    outer loop
      vertex -9 1.09371 -0.355369
      vertex -15 1.02466 -0.522089
      vertex -9 1.02466 -0.522089
    endloop
  endfacet
  facet normal 0 0.923883 -0.382676
    outer loop
      vertex 15 4.90054 -2.49695
      vertex 9 5.23081 -1.69959
      vertex 15 5.23081 -1.69959
    endloop
  endfacet
  facet normal 0 0.923883 -0.382676
    outer loop
      vertex 9 5.23081 -1.69959
      vertex 15 4.90054 -2.49695
      vertex 9 4.90054 -2.49695
    endloop
  endfacet
  facet normal 0 0.996918 -0.0784544
    outer loop
      vertex 15 5.43229 -0.860389
      vertex 9 5.5 0
      vertex 15 5.5 0
    endloop
  endfacet
  facet normal 0 0.996918 -0.0784544
    outer loop
      vertex 9 5.5 0
      vertex 15 5.43229 -0.860389
      vertex 9 5.43229 -0.860389
    endloop
  endfacet
  facet normal 0 0.972368 0.233452
    outer loop
      vertex 15 5.43229 0.860389
      vertex 9 5.23081 1.69959
      vertex 15 5.23081 1.69959
    endloop
  endfacet
  facet normal 0 0.972368 0.233452
    outer loop
      vertex 9 5.23081 1.69959
      vertex 15 5.43229 0.860389
      vertex 9 5.43229 0.860389
    endloop
  endfacet
  facet normal 0 0.852636 0.522506
    outer loop
      vertex 15 4.90054 2.49695
      vertex 9 4.44959 3.23282
      vertex 15 4.44959 3.23282
    endloop
  endfacet
  facet normal 0 0.852636 0.522506
    outer loop
      vertex 9 4.44959 3.23282
      vertex 15 4.90054 2.49695
      vertex 9 4.90054 2.49695
    endloop
  endfacet
  facet normal 0 0.996918 0.0784544
    outer loop
      vertex 15 5.5 0
      vertex 9 5.43229 0.860389
      vertex 15 5.43229 0.860389
    endloop
  endfacet
  facet normal 0 0.996918 0.0784544
    outer loop
      vertex 9 5.43229 0.860389
      vertex 15 5.5 0
      vertex 9 5.5 0
    endloop
  endfacet
  facet normal 0 0.522506 -0.852636
    outer loop
      vertex 9 3.15056 -4.5
      vertex 15 3.23282 -4.44959
      vertex 15 3.15056 -4.5
    endloop
  endfacet
  facet normal 0 0.522506 -0.852636
    outer loop
      vertex 15 3.23282 -4.44959
      vertex 9 3.15056 -4.5
      vertex 9 3.23282 -4.44959
    endloop
  endfacet
  facet normal -0 0.649443 0.76041
    outer loop
      vertex 9 3.88909 3.88909
      vertex 15 3.23282 4.44959
      vertex 15 3.88909 3.88909
    endloop
  endfacet
  facet normal 0 0.649443 0.76041
    outer loop
      vertex 15 3.23282 4.44959
      vertex 9 3.88909 3.88909
      vertex 9 3.23282 4.44959
    endloop
  endfacet
  facet normal 0 0.649443 -0.76041
    outer loop
      vertex 9 3.23282 -4.44959
      vertex 15 3.88909 -3.88909
      vertex 15 3.23282 -4.44959
    endloop
  endfacet
  facet normal 0 0.649443 -0.76041
    outer loop
      vertex 15 3.88909 -3.88909
      vertex 9 3.23282 -4.44959
      vertex 9 3.88909 -3.88909
    endloop
  endfacet
  facet normal 0 0.76041 0.649443
    outer loop
      vertex 15 4.44959 3.23282
      vertex 9 3.88909 3.88909
      vertex 15 3.88909 3.88909
    endloop
  endfacet
  facet normal 0 0.76041 0.649443
    outer loop
      vertex 9 3.88909 3.88909
      vertex 15 4.44959 3.23282
      vertex 9 4.44959 3.23282
    endloop
  endfacet
  facet normal 0 0.76041 -0.649443
    outer loop
      vertex 15 3.88909 -3.88909
      vertex 9 4.44959 -3.23282
      vertex 15 4.44959 -3.23282
    endloop
  endfacet
  facet normal 0 0.76041 -0.649443
    outer loop
      vertex 9 4.44959 -3.23282
      vertex 15 3.88909 -3.88909
      vertex 9 3.88909 -3.88909
    endloop
  endfacet
  facet normal 0 0.972368 -0.233452
    outer loop
      vertex 15 5.23081 -1.69959
      vertex 9 5.43229 -0.860389
      vertex 15 5.43229 -0.860389
    endloop
  endfacet
  facet normal 0 0.972368 -0.233452
    outer loop
      vertex 9 5.43229 -0.860389
      vertex 15 5.23081 -1.69959
      vertex 9 5.23081 -1.69959
    endloop
  endfacet
  facet normal 0 0.923883 0.382676
    outer loop
      vertex 15 5.23081 1.69959
      vertex 9 4.90054 2.49695
      vertex 15 4.90054 2.49695
    endloop
  endfacet
  facet normal 0 0.923883 0.382676
    outer loop
      vertex 9 4.90054 2.49695
      vertex 15 5.23081 1.69959
      vertex 9 5.23081 1.69959
    endloop
  endfacet
  facet normal -1 0 0
    outer loop
      vertex 9 1.15 0
      vertex 9 5.5 0
      vertex 9 5.43229 -0.860389
    endloop
  endfacet
  facet normal -1 0 0
    outer loop
      vertex 9 1.13584 -0.179899
      vertex 9 5.43229 -0.860389
      vertex 9 5.23081 -1.69959
    endloop
  endfacet
  facet normal -1 0 0
    outer loop
      vertex 9 5.5 0
      vertex 9 1.15 0
      vertex 9 5.43229 0.860389
    endloop
  endfacet
  facet normal -1 0 0
    outer loop
      vertex 9 1.09371 -0.355369
      vertex 9 5.23081 -1.69959
      vertex 9 4.90054 -2.49695
    endloop
  endfacet
  facet normal -1 0 0
    outer loop
      vertex 9 1.13584 0.179899
      vertex 9 5.43229 0.860389
      vertex 9 1.15 0
    endloop
  endfacet
  facet normal -1 0 0
    outer loop
      vertex 9 1.02466 -0.522089
      vertex 9 4.90054 -2.49695
      vertex 9 4.44959 -3.23282
    endloop
  endfacet
  facet normal -1 -0 0
    outer loop
      vertex 9 5.43229 0.860389
      vertex 9 1.13584 0.179899
      vertex 9 5.23081 1.69959
    endloop
  endfacet
  facet normal -1 0 0
    outer loop
      vertex 9 0.930369 -0.675953
      vertex 9 4.44959 -3.23282
      vertex 9 3.88909 -3.88909
    endloop
  endfacet
  facet normal -1 0 0
    outer loop
      vertex 9 1.09371 0.355369
      vertex 9 5.23081 1.69959
      vertex 9 1.13584 0.179899
    endloop
  endfacet
  facet normal -1 0 0
    outer loop
      vertex 9 0.813172 -0.813172
      vertex 9 3.88909 -3.88909
      vertex 9 3.23282 -4.44959
    endloop
  endfacet
  facet normal -1 -0 0
    outer loop
      vertex 9 5.23081 1.69959
      vertex 9 1.09371 0.355369
      vertex 9 4.90054 2.49695
    endloop
  endfacet
  facet normal -1 0 0
    outer loop
      vertex 9 0.675953 -0.930369
      vertex 9 3.23282 -4.44959
      vertex 9 3.15056 -4.5
    endloop
  endfacet
  facet normal -1 0 0
    outer loop
      vertex 9 1.02466 0.522089
      vertex 9 4.90054 2.49695
      vertex 9 1.09371 0.355369
    endloop
  endfacet
  facet normal -1 -0 0
    outer loop
      vertex 9 4.90054 2.49695
      vertex 9 1.02466 0.522089
      vertex 9 4.44959 3.23282
    endloop
  endfacet
  facet normal -1 0 0
    outer loop
      vertex 9 5.43229 -0.860389
      vertex 9 1.13584 -0.179899
      vertex 9 1.15 0
    endloop
  endfacet
  facet normal -1 0 0
    outer loop
      vertex 9 5.23081 -1.69959
      vertex 9 1.09371 -0.355369
      vertex 9 1.13584 -0.179899
    endloop
  endfacet
  facet normal -1 0 0
    outer loop
      vertex 9 4.90054 -2.49695
      vertex 9 1.02466 -0.522089
      vertex 9 1.09371 -0.355369
    endloop
  endfacet
  facet normal -1 0 0
    outer loop
      vertex 9 4.44959 -3.23282
      vertex 9 0.930369 -0.675953
      vertex 9 1.02466 -0.522089
    endloop
  endfacet
  facet normal -1 0 0
    outer loop
      vertex 9 3.88909 -3.88909
      vertex 9 0.813172 -0.813172
      vertex 9 0.930369 -0.675953
    endloop
  endfacet
  facet normal -1 0 0
    outer loop
      vertex 9 3.23282 -4.44959
      vertex 9 0.675953 -0.930369
      vertex 9 0.813172 -0.813172
    endloop
  endfacet
  facet normal -1 0 0
    outer loop
      vertex 9 3.15056 -4.5
      vertex 9 0.522089 -1.02466
      vertex 9 0.675953 -0.930369
    endloop
  endfacet
  facet normal -1 0 0
    outer loop
      vertex 9 3.15056 -4.5
      vertex 9 0.355369 -1.09371
      vertex 9 0.522089 -1.02466
    endloop
  endfacet
  facet normal -1 0 0
    outer loop
      vertex 9 3.15056 -4.5
      vertex 9 0.179899 -1.13584
      vertex 9 0.355369 -1.09371
    endloop
  endfacet
  facet normal -1 0 0
    outer loop
      vertex 9 3.15056 -4.5
      vertex 9 0 -1.15
      vertex 9 0.179899 -1.13584
    endloop
  endfacet
  facet normal -1 0 0
    outer loop
      vertex 9 3.15056 -4.5
      vertex 9 -0.179899 -1.13584
      vertex 9 0 -1.15
    endloop
  endfacet
  facet normal -1 0 0
    outer loop
      vertex 9 3.15056 -4.5
      vertex 9 -0.355369 -1.09371
      vertex 9 -0.179899 -1.13584
    endloop
  endfacet
  facet normal -1 0 0
    outer loop
      vertex 9 3.15056 -4.5
      vertex 9 -0.522089 -1.02466
      vertex 9 -0.355369 -1.09371
    endloop
  endfacet
  facet normal -1 0 0
    outer loop
      vertex 9 -16.5 -4.5
      vertex 9 -0.522089 -1.02466
      vertex 9 3.15056 -4.5
    endloop
  endfacet
  facet normal -1 -0 0
    outer loop
      vertex 9 -0.522089 -1.02466
      vertex 9 -16.5 -4.5
      vertex 9 -0.675953 -0.930369
    endloop
  endfacet
  facet normal -1 -0 0
    outer loop
      vertex 9 -1.13584 -0.179899
      vertex 9 -16.5 -4.5
      vertex 9 -1.15 0
    endloop
  endfacet
  facet normal -1 -0 0
    outer loop
      vertex 9 -1.09371 -0.355369
      vertex 9 -16.5 -4.5
      vertex 9 -1.13584 -0.179899
    endloop
  endfacet
  facet normal -1 -0 0
    outer loop
      vertex 9 -1.02466 -0.522089
      vertex 9 -16.5 -4.5
      vertex 9 -1.09371 -0.355369
    endloop
  endfacet
  facet normal -1 -0 0
    outer loop
      vertex 9 -0.930369 -0.675953
      vertex 9 -16.5 -4.5
      vertex 9 -1.02466 -0.522089
    endloop
  endfacet
  facet normal -1 -0 0
    outer loop
      vertex 9 -0.813172 -0.813172
      vertex 9 -16.5 -4.5
      vertex 9 -0.930369 -0.675953
    endloop
  endfacet
  facet normal -1 -0 0
    outer loop
      vertex 9 -0.675953 -0.930369
      vertex 9 -16.5 -4.5
      vertex 9 -0.813172 -0.813172
    endloop
  endfacet
  facet normal -1 0 0
    outer loop
      vertex 9 0.930369 0.675953
      vertex 9 4.44959 3.23282
      vertex 9 1.02466 0.522089
    endloop
  endfacet
  facet normal -1 -0 0
    outer loop
      vertex 9 4.44959 3.23282
      vertex 9 0.930369 0.675953
      vertex 9 3.88909 3.88909
    endloop
  endfacet
  facet normal -1 0 0
    outer loop
      vertex 9 0.813172 0.813172
      vertex 9 3.88909 3.88909
      vertex 9 0.930369 0.675953
    endloop
  endfacet
  facet normal -1 -0 0
    outer loop
      vertex 9 3.88909 3.88909
      vertex 9 0.813172 0.813172
      vertex 9 3.23282 4.44959
    endloop
  endfacet
  facet normal -1 0 0
    outer loop
      vertex 9 0.675953 0.930369
      vertex 9 3.23282 4.44959
      vertex 9 0.813172 0.813172
    endloop
  endfacet
  facet normal -1 -0 0
    outer loop
      vertex 9 3.23282 4.44959
      vertex 9 0.675953 0.930369
      vertex 9 3.15056 4.5
    endloop
  endfacet
  facet normal -1 0 0
    outer loop
      vertex 9 0.522089 1.02466
      vertex 9 3.15056 4.5
      vertex 9 0.675953 0.930369
    endloop
  endfacet
  facet normal -1 0 0
    outer loop
      vertex 9 0.355369 1.09371
      vertex 9 3.15056 4.5
      vertex 9 0.522089 1.02466
    endloop
  endfacet
  facet normal -1 0 0
    outer loop
      vertex 9 0.179899 1.13584
      vertex 9 3.15056 4.5
      vertex 9 0.355369 1.09371
    endloop
  endfacet
  facet normal -1 0 0
    outer loop
      vertex 9 0 1.15
      vertex 9 3.15056 4.5
      vertex 9 0.179899 1.13584
    endloop
  endfacet
  facet normal -1 0 0
    outer loop
      vertex 9 -0.179899 1.13584
      vertex 9 3.15056 4.5
      vertex 9 0 1.15
    endloop
  endfacet
  facet normal -1 0 0
    outer loop
      vertex 9 -0.355369 1.09371
      vertex 9 3.15056 4.5
      vertex 9 -0.179899 1.13584
    endloop
  endfacet
  facet normal -1 0 0
    outer loop
      vertex 9 -0.522089 1.02466
      vertex 9 3.15056 4.5
      vertex 9 -0.355369 1.09371
    endloop
  endfacet
  facet normal -1 0 0
    outer loop
      vertex 9 -16.5 4.5
      vertex 9 -0.522089 1.02466
      vertex 9 -0.675953 0.930369
    endloop
  endfacet
  facet normal -1 0 0
    outer loop
      vertex 9 -16.5 4.5
      vertex 9 -0.675953 0.930369
      vertex 9 -0.813172 0.813172
    endloop
  endfacet
  facet normal -1 0 0
    outer loop
      vertex 9 -16.5 4.5
      vertex 9 -1.15 0
      vertex 9 -16.5 -4.5
    endloop
  endfacet
  facet normal -1 0 0
    outer loop
      vertex 9 -1.15 0
      vertex 9 -16.5 4.5
      vertex 9 -1.13584 0.179899
    endloop
  endfacet
  facet normal -1 0 0
    outer loop
      vertex 9 -1.13584 0.179899
      vertex 9 -16.5 4.5
      vertex 9 -1.09371 0.355369
    endloop
  endfacet
  facet normal -1 0 0
    outer loop
      vertex 9 -1.09371 0.355369
      vertex 9 -16.5 4.5
      vertex 9 -1.02466 0.522089
    endloop
  endfacet
  facet normal -1 0 0
    outer loop
      vertex 9 -1.02466 0.522089
      vertex 9 -16.5 4.5
      vertex 9 -0.930369 0.675953
    endloop
  endfacet
  facet normal -1 0 0
    outer loop
      vertex 9 -0.930369 0.675953
      vertex 9 -16.5 4.5
      vertex 9 -0.813172 0.813172
    endloop
  endfacet
  facet normal -1 0 0
    outer loop
      vertex 9 -0.522089 1.02466
      vertex 9 -16.5 4.5
      vertex 9 3.15056 4.5
    endloop
  endfacet
  facet normal 0 0.852636 -0.522506
    outer loop
      vertex 15 4.44959 -3.23282
      vertex 9 4.90054 -2.49695
      vertex 15 4.90054 -2.49695
    endloop
  endfacet
  facet normal 0 0.852636 -0.522506
    outer loop
      vertex 9 4.90054 -2.49695
      vertex 15 4.44959 -3.23282
      vertex 9 4.44959 -3.23282
    endloop
  endfacet
  facet normal 1 0 0
    outer loop
      vertex 15 1.15 0
      vertex 15 5.5 0
      vertex 15 5.43229 0.860389
    endloop
  endfacet
  facet normal 1 0 0
    outer loop
      vertex 15 1.13584 0.179899
      vertex 15 5.43229 0.860389
      vertex 15 5.23081 1.69959
    endloop
  endfacet
  facet normal 1 0 0
    outer loop
      vertex 15 5.5 0
      vertex 15 1.15 0
      vertex 15 5.43229 -0.860389
    endloop
  endfacet
  facet normal 1 0 0
    outer loop
      vertex 15 1.09371 0.355369
      vertex 15 5.23081 1.69959
      vertex 15 4.90054 2.49695
    endloop
  endfacet
  facet normal 1 -0 0
    outer loop
      vertex 15 1.13584 -0.179899
      vertex 15 5.43229 -0.860389
      vertex 15 1.15 0
    endloop
  endfacet
  facet normal 1 0 0
    outer loop
      vertex 15 1.02466 0.522089
      vertex 15 4.90054 2.49695
      vertex 15 4.44959 3.23282
    endloop
  endfacet
  facet normal 1 0 0
    outer loop
      vertex 15 5.43229 -0.860389
      vertex 15 1.13584 -0.179899
      vertex 15 5.23081 -1.69959
    endloop
  endfacet
  facet normal 1 0 0
    outer loop
      vertex 15 0.930369 0.675953
      vertex 15 4.44959 3.23282
      vertex 15 3.88909 3.88909
    endloop
  endfacet
  facet normal 1 -0 0
    outer loop
      vertex 15 1.09371 -0.355369
      vertex 15 5.23081 -1.69959
      vertex 15 1.13584 -0.179899
    endloop
  endfacet
  facet normal 1 0 0
    outer loop
      vertex 15 0.813172 0.813172
      vertex 15 3.88909 3.88909
      vertex 15 3.23282 4.44959
    endloop
  endfacet
  facet normal 1 0 0
    outer loop
      vertex 15 5.23081 -1.69959
      vertex 15 1.09371 -0.355369
      vertex 15 4.90054 -2.49695
    endloop
  endfacet
  facet normal 1 0 0
    outer loop
      vertex 15 0.675953 0.930369
      vertex 15 3.23282 4.44959
      vertex 15 3.15056 4.5
    endloop
  endfacet
  facet normal 1 -0 0
    outer loop
      vertex 15 1.02466 -0.522089
      vertex 15 4.90054 -2.49695
      vertex 15 1.09371 -0.355369
    endloop
  endfacet
  facet normal 1 0 0
    outer loop
      vertex 15 4.90054 -2.49695
      vertex 15 1.02466 -0.522089
      vertex 15 4.44959 -3.23282
    endloop
  endfacet
  facet normal 1 0 0
    outer loop
      vertex 15 5.43229 0.860389
      vertex 15 1.13584 0.179899
      vertex 15 1.15 0
    endloop
  endfacet
  facet normal 1 0 0
    outer loop
      vertex 15 5.23081 1.69959
      vertex 15 1.09371 0.355369
      vertex 15 1.13584 0.179899
    endloop
  endfacet
  facet normal 1 0 0
    outer loop
      vertex 15 4.90054 2.49695
      vertex 15 1.02466 0.522089
      vertex 15 1.09371 0.355369
    endloop
  endfacet
  facet normal 1 0 0
    outer loop
      vertex 15 4.44959 3.23282
      vertex 15 0.930369 0.675953
      vertex 15 1.02466 0.522089
    endloop
  endfacet
  facet normal 1 0 0
    outer loop
      vertex 15 3.88909 3.88909
      vertex 15 0.813172 0.813172
      vertex 15 0.930369 0.675953
    endloop
  endfacet
  facet normal 1 0 0
    outer loop
      vertex 15 3.23282 4.44959
      vertex 15 0.675953 0.930369
      vertex 15 0.813172 0.813172
    endloop
  endfacet
  facet normal 1 0 0
    outer loop
      vertex 15 3.15056 4.5
      vertex 15 0.522089 1.02466
      vertex 15 0.675953 0.930369
    endloop
  endfacet
  facet normal 1 0 0
    outer loop
      vertex 15 3.15056 4.5
      vertex 15 0.355369 1.09371
      vertex 15 0.522089 1.02466
    endloop
  endfacet
  facet normal 1 0 0
    outer loop
      vertex 15 3.15056 4.5
      vertex 15 0.179899 1.13584
      vertex 15 0.355369 1.09371
    endloop
  endfacet
  facet normal 1 0 0
    outer loop
      vertex 15 3.15056 4.5
      vertex 15 0 1.15
      vertex 15 0.179899 1.13584
    endloop
  endfacet
  facet normal 1 0 0
    outer loop
      vertex 15 3.15056 4.5
      vertex 15 -0.179899 1.13584
      vertex 15 0 1.15
    endloop
  endfacet
  facet normal 1 0 0
    outer loop
      vertex 15 3.15056 4.5
      vertex 15 -0.355369 1.09371
      vertex 15 -0.179899 1.13584
    endloop
  endfacet
  facet normal 1 0 0
    outer loop
      vertex 15 3.15056 4.5
      vertex 15 -0.522089 1.02466
      vertex 15 -0.355369 1.09371
    endloop
  endfacet
  facet normal 1 -0 0
    outer loop
      vertex 15 -16.5 4.5
      vertex 15 -0.522089 1.02466
      vertex 15 3.15056 4.5
    endloop
  endfacet
  facet normal 1 0 0
    outer loop
      vertex 15 -0.522089 1.02466
      vertex 15 -16.5 4.5
      vertex 15 -0.675953 0.930369
    endloop
  endfacet
  facet normal 1 0 0
    outer loop
      vertex 15 -1.13584 0.179899
      vertex 15 -16.5 4.5
      vertex 15 -1.15 0
    endloop
  endfacet
  facet normal 1 0 0
    outer loop
      vertex 15 -1.09371 0.355369
      vertex 15 -16.5 4.5
      vertex 15 -1.13584 0.179899
    endloop
  endfacet
  facet normal 1 0 0
    outer loop
      vertex 15 -1.02466 0.522089
      vertex 15 -16.5 4.5
      vertex 15 -1.09371 0.355369
    endloop
  endfacet
  facet normal 1 0 0
    outer loop
      vertex 15 -0.930369 0.675953
      vertex 15 -16.5 4.5
      vertex 15 -1.02466 0.522089
    endloop
  endfacet
  facet normal 1 0 0
    outer loop
      vertex 15 -0.813172 0.813172
      vertex 15 -16.5 4.5
      vertex 15 -0.930369 0.675953
    endloop
  endfacet
  facet normal 1 0 0
    outer loop
      vertex 15 -0.675953 0.930369
      vertex 15 -16.5 4.5
      vertex 15 -0.813172 0.813172
    endloop
  endfacet
  facet normal 1 -0 0
    outer loop
      vertex 15 0.930369 -0.675953
      vertex 15 4.44959 -3.23282
      vertex 15 1.02466 -0.522089
    endloop
  endfacet
  facet normal 1 0 0
    outer loop
      vertex 15 4.44959 -3.23282
      vertex 15 0.930369 -0.675953
      vertex 15 3.88909 -3.88909
    endloop
  endfacet
  facet normal 1 -0 0
    outer loop
      vertex 15 0.813172 -0.813172
      vertex 15 3.88909 -3.88909
      vertex 15 0.930369 -0.675953
    endloop
  endfacet
  facet normal 1 0 0
    outer loop
      vertex 15 3.88909 -3.88909
      vertex 15 0.813172 -0.813172
      vertex 15 3.23282 -4.44959
    endloop
  endfacet
  facet normal 1 -0 0
    outer loop
      vertex 15 0.675953 -0.930369
      vertex 15 3.23282 -4.44959
      vertex 15 0.813172 -0.813172
    endloop
  endfacet
  facet normal 1 0 0
    outer loop
      vertex 15 3.23282 -4.44959
      vertex 15 0.675953 -0.930369
      vertex 15 3.15056 -4.5
    endloop
  endfacet
  facet normal 1 -0 0
    outer loop
      vertex 15 0.522089 -1.02466
      vertex 15 3.15056 -4.5
      vertex 15 0.675953 -0.930369
    endloop
  endfacet
  facet normal 1 -0 0
    outer loop
      vertex 15 0.355369 -1.09371
      vertex 15 3.15056 -4.5
      vertex 15 0.522089 -1.02466
    endloop
  endfacet
  facet normal 1 -0 0
    outer loop
      vertex 15 0.179899 -1.13584
      vertex 15 3.15056 -4.5
      vertex 15 0.355369 -1.09371
    endloop
  endfacet
  facet normal 1 -0 0
    outer loop
      vertex 15 0 -1.15
      vertex 15 3.15056 -4.5
      vertex 15 0.179899 -1.13584
    endloop
  endfacet
  facet normal 1 0 0
    outer loop
      vertex 15 -0.179899 -1.13584
      vertex 15 3.15056 -4.5
      vertex 15 0 -1.15
    endloop
  endfacet
  facet normal 1 0 0
    outer loop
      vertex 15 -0.355369 -1.09371
      vertex 15 3.15056 -4.5
      vertex 15 -0.179899 -1.13584
    endloop
  endfacet
  facet normal 1 0 0
    outer loop
      vertex 15 -0.522089 -1.02466
      vertex 15 3.15056 -4.5
      vertex 15 -0.355369 -1.09371
    endloop
  endfacet
  facet normal 1 0 0
    outer loop
      vertex 15 -16.5 -4.5
      vertex 15 -0.522089 -1.02466
      vertex 15 -0.675953 -0.930369
    endloop
  endfacet
  facet normal 1 0 0
    outer loop
      vertex 15 -16.5 -4.5
      vertex 15 -0.675953 -0.930369
      vertex 15 -0.813172 -0.813172
    endloop
  endfacet
  facet normal 1 0 0
    outer loop
      vertex 15 -16.5 -4.5
      vertex 15 -1.15 0
      vertex 15 -16.5 4.5
    endloop
  endfacet
  facet normal 1 0 0
    outer loop
      vertex 15 -1.15 0
      vertex 15 -16.5 -4.5
      vertex 15 -1.13584 -0.179899
    endloop
  endfacet
  facet normal 1 0 0
    outer loop
      vertex 15 -1.13584 -0.179899
      vertex 15 -16.5 -4.5
      vertex 15 -1.09371 -0.355369
    endloop
  endfacet
  facet normal 1 0 0
    outer loop
      vertex 15 -1.09371 -0.355369
      vertex 15 -16.5 -4.5
      vertex 15 -1.02466 -0.522089
    endloop
  endfacet
  facet normal 1 0 0
    outer loop
      vertex 15 -1.02466 -0.522089
      vertex 15 -16.5 -4.5
      vertex 15 -0.930369 -0.675953
    endloop
  endfacet
  facet normal 1 0 0
    outer loop
      vertex 15 -0.930369 -0.675953
      vertex 15 -16.5 -4.5
      vertex 15 -0.813172 -0.813172
    endloop
  endfacet
  facet normal 1 0 0
    outer loop
      vertex 15 -0.522089 -1.02466
      vertex 15 -16.5 -4.5
      vertex 15 3.15056 -4.5
    endloop
  endfacet
  facet normal -0 0.522506 0.852636
    outer loop
      vertex 9 3.23282 4.44959
      vertex 15 3.15056 4.5
      vertex 15 3.23282 4.44959
    endloop
  endfacet
  facet normal 0 0.522506 0.852636
    outer loop
      vertex 15 3.15056 4.5
      vertex 9 3.23282 4.44959
      vertex 9 3.15056 4.5
    endloop
  endfacet
  facet normal 0 0 -1
    outer loop
      vertex 9 -16.5 -4.5
      vertex 15 3.15056 -4.5
      vertex 15 -16.5 -4.5
    endloop
  endfacet
  facet normal -0 0 -1
    outer loop
      vertex 15 3.15056 -4.5
      vertex 9 -16.5 -4.5
      vertex 9 3.15056 -4.5
    endloop
  endfacet
  facet normal -0 0 1
    outer loop
      vertex 9 3.15056 4.5
      vertex 15 -16.5 4.5
      vertex 15 3.15056 4.5
    endloop
  endfacet
  facet normal 0 0 1
    outer loop
      vertex 15 -16.5 4.5
      vertex 9 3.15056 4.5
      vertex 9 -16.5 4.5
    endloop
  endfacet
  facet normal 0 -0.972366 0.233463
    outer loop
      vertex 9 1.09371 -0.355369
      vertex 15 1.13584 -0.179899
      vertex 9 1.13584 -0.179899
    endloop
  endfacet
  facet normal 0 -0.972366 0.233463
    outer loop
      vertex 15 1.13584 -0.179899
      vertex 9 1.09371 -0.355369
      vertex 15 1.09371 -0.355369
    endloop
  endfacet
  facet normal 0 -0.996917 0.0784681
    outer loop
      vertex 9 1.13584 -0.179899
      vertex 15 1.15 0
      vertex 9 1.15 0
    endloop
  endfacet
  facet normal 0 -0.996917 0.0784681
    outer loop
      vertex 15 1.15 0
      vertex 9 1.13584 -0.179899
      vertex 15 1.13584 -0.179899
    endloop
  endfacet
  facet normal 0 -0.233463 -0.972366
    outer loop
      vertex 9 0.179899 1.13584
      vertex 15 0.355369 1.09371
      vertex 15 0.179899 1.13584
    endloop
  endfacet
  facet normal -0 -0.233463 -0.972366
    outer loop
      vertex 15 0.355369 1.09371
      vertex 9 0.179899 1.13584
      vertex 9 0.355369 1.09371
    endloop
  endfacet
  facet normal 0 -0.972366 -0.233463
    outer loop
      vertex 9 1.13584 0.179899
      vertex 15 1.09371 0.355369
      vertex 9 1.09371 0.355369
    endloop
  endfacet
  facet normal 0 -0.972366 -0.233463
    outer loop
      vertex 15 1.09371 0.355369
      vertex 9 1.13584 0.179899
      vertex 15 1.13584 0.179899
    endloop
  endfacet
  facet normal 0 0.852633 -0.522511
    outer loop
      vertex 15 -1.02466 0.522089
      vertex 9 -0.930369 0.675953
      vertex 15 -0.930369 0.675953
    endloop
  endfacet
  facet normal 0 0.852633 -0.522511
    outer loop
      vertex 9 -0.930369 0.675953
      vertex 15 -1.02466 0.522089
      vertex 9 -1.02466 0.522089
    endloop
  endfacet
  facet normal 0 -0.852633 0.522511
    outer loop
      vertex 9 0.930369 -0.675953
      vertex 15 1.02466 -0.522089
      vertex 9 1.02466 -0.522089
    endloop
  endfacet
  facet normal 0 -0.852633 0.522511
    outer loop
      vertex 15 1.02466 -0.522089
      vertex 9 0.930369 -0.675953
      vertex 15 0.930369 -0.675953
    endloop
  endfacet
  facet normal -0 0.649451 0.760403
    outer loop
      vertex 9 -0.675953 -0.930369
      vertex 15 -0.813172 -0.813172
      vertex 15 -0.675953 -0.930369
    endloop
  endfacet
  facet normal 0 0.649451 0.760403
    outer loop
      vertex 15 -0.813172 -0.813172
      vertex 9 -0.675953 -0.930369
      vertex 9 -0.813172 -0.813172
    endloop
  endfacet
  facet normal 0 0.760403 -0.649451
    outer loop
      vertex 15 -0.930369 0.675953
      vertex 9 -0.813172 0.813172
      vertex 15 -0.813172 0.813172
    endloop
  endfacet
  facet normal 0 0.760403 -0.649451
    outer loop
      vertex 9 -0.813172 0.813172
      vertex 15 -0.930369 0.675953
      vertex 9 -0.930369 0.675953
    endloop
  endfacet
  facet normal 0 0.996917 -0.0784681
    outer loop
      vertex 15 -1.15 0
      vertex 9 -1.13584 0.179899
      vertex 15 -1.13584 0.179899
    endloop
  endfacet
  facet normal 0 0.996917 -0.0784681
    outer loop
      vertex 9 -1.13584 0.179899
      vertex 15 -1.15 0
      vertex 9 -1.15 0
    endloop
  endfacet
  facet normal 0 -0.996917 -0.0784681
    outer loop
      vertex 9 1.15 0
      vertex 15 1.13584 0.179899
      vertex 9 1.13584 0.179899
    endloop
  endfacet
  facet normal 0 -0.996917 -0.0784681
    outer loop
      vertex 15 1.13584 0.179899
      vertex 9 1.15 0
      vertex 15 1.15 0
    endloop
  endfacet
  facet normal 0 -0.522511 -0.852633
    outer loop
      vertex 9 0.522089 1.02466
      vertex 15 0.675953 0.930369
      vertex 15 0.522089 1.02466
    endloop
  endfacet
  facet normal -0 -0.522511 -0.852633
    outer loop
      vertex 15 0.675953 0.930369
      vertex 9 0.522089 1.02466
      vertex 9 0.675953 0.930369
    endloop
  endfacet
  facet normal 0 -0.852633 -0.522511
    outer loop
      vertex 9 1.02466 0.522089
      vertex 15 0.930369 0.675953
      vertex 9 0.930369 0.675953
    endloop
  endfacet
  facet normal 0 -0.852633 -0.522511
    outer loop
      vertex 15 0.930369 0.675953
      vertex 9 1.02466 0.522089
      vertex 15 1.02466 0.522089
    endloop
  endfacet
  facet normal 0 -0.233463 0.972366
    outer loop
      vertex 9 0.355369 -1.09371
      vertex 15 0.179899 -1.13584
      vertex 15 0.355369 -1.09371
    endloop
  endfacet
  facet normal 0 -0.233463 0.972366
    outer loop
      vertex 15 0.179899 -1.13584
      vertex 9 0.355369 -1.09371
      vertex 9 0.179899 -1.13584
    endloop
  endfacet
  facet normal 0 0.996917 0.0784681
    outer loop
      vertex 15 -1.13584 -0.179899
      vertex 9 -1.15 0
      vertex 15 -1.15 0
    endloop
  endfacet
  facet normal 0 0.996917 0.0784681
    outer loop
      vertex 9 -1.15 0
      vertex 15 -1.13584 -0.179899
      vertex 9 -1.13584 -0.179899
    endloop
  endfacet
  facet normal -0 0.0784681 0.996917
    outer loop
      vertex 9 0 -1.15
      vertex 15 -0.179899 -1.13584
      vertex 15 0 -1.15
    endloop
  endfacet
  facet normal 0 0.0784681 0.996917
    outer loop
      vertex 15 -0.179899 -1.13584
      vertex 9 0 -1.15
      vertex 9 -0.179899 -1.13584
    endloop
  endfacet
  facet normal 0 0.233463 -0.972366
    outer loop
      vertex 9 -0.355369 1.09371
      vertex 15 -0.179899 1.13584
      vertex 15 -0.355369 1.09371
    endloop
  endfacet
  facet normal 0 0.233463 -0.972366
    outer loop
      vertex 15 -0.179899 1.13584
      vertex 9 -0.355369 1.09371
      vertex 9 -0.179899 1.13584
    endloop
  endfacet
  facet normal 0 -0.382647 -0.923895
    outer loop
      vertex 9 0.355369 1.09371
      vertex 15 0.522089 1.02466
      vertex 15 0.355369 1.09371
    endloop
  endfacet
  facet normal -0 -0.382647 -0.923895
    outer loop
      vertex 15 0.522089 1.02466
      vertex 9 0.355369 1.09371
      vertex 9 0.522089 1.02466
    endloop
  endfacet
  facet normal 0 -0.649451 -0.760403
    outer loop
      vertex 9 0.675953 0.930369
      vertex 15 0.813172 0.813172
      vertex 15 0.675953 0.930369
    endloop
  endfacet
  facet normal -0 -0.649451 -0.760403
    outer loop
      vertex 15 0.813172 0.813172
      vertex 9 0.675953 0.930369
      vertex 9 0.813172 0.813172
    endloop
  endfacet
  facet normal 0 0.923895 -0.382647
    outer loop
      vertex 15 -1.09371 0.355369
      vertex 9 -1.02466 0.522089
      vertex 15 -1.02466 0.522089
    endloop
  endfacet
  facet normal 0 0.923895 -0.382647
    outer loop
      vertex 9 -1.02466 0.522089
      vertex 15 -1.09371 0.355369
      vertex 9 -1.09371 0.355369
    endloop
  endfacet
  facet normal 0 0.649451 -0.760403
    outer loop
      vertex 9 -0.813172 0.813172
      vertex 15 -0.675953 0.930369
      vertex 15 -0.813172 0.813172
    endloop
  endfacet
  facet normal 0 0.649451 -0.760403
    outer loop
      vertex 15 -0.675953 0.930369
      vertex 9 -0.813172 0.813172
      vertex 9 -0.675953 0.930369
    endloop
  endfacet
  facet normal 0 0.852633 0.522511
    outer loop
      vertex 15 -0.930369 -0.675953
      vertex 9 -1.02466 -0.522089
      vertex 15 -1.02466 -0.522089
    endloop
  endfacet
  facet normal 0 0.852633 0.522511
    outer loop
      vertex 9 -1.02466 -0.522089
      vertex 15 -0.930369 -0.675953
      vertex 9 -0.930369 -0.675953
    endloop
  endfacet
  facet normal 0 -0.0784681 0.996917
    outer loop
      vertex 9 0.179899 -1.13584
      vertex 15 0 -1.15
      vertex 15 0.179899 -1.13584
    endloop
  endfacet
  facet normal 0 -0.0784681 0.996917
    outer loop
      vertex 15 0 -1.15
      vertex 9 0.179899 -1.13584
      vertex 9 0 -1.15
    endloop
  endfacet
  facet normal 0 -0.522511 0.852633
    outer loop
      vertex 9 0.675953 -0.930369
      vertex 15 0.522089 -1.02466
      vertex 15 0.675953 -0.930369
    endloop
  endfacet
  facet normal 0 -0.522511 0.852633
    outer loop
      vertex 15 0.522089 -1.02466
      vertex 9 0.675953 -0.930369
      vertex 9 0.522089 -1.02466
    endloop
  endfacet
  facet normal 0 0.382647 -0.923895
    outer loop
      vertex 9 -0.522089 1.02466
      vertex 15 -0.355369 1.09371
      vertex 15 -0.522089 1.02466
    endloop
  endfacet
  facet normal 0 0.382647 -0.923895
    outer loop
      vertex 15 -0.355369 1.09371
      vertex 9 -0.522089 1.02466
      vertex 9 -0.355369 1.09371
    endloop
  endfacet
  facet normal 0 0.923895 0.382647
    outer loop
      vertex 15 -1.02466 -0.522089
      vertex 9 -1.09371 -0.355369
      vertex 15 -1.09371 -0.355369
    endloop
  endfacet
  facet normal 0 0.923895 0.382647
    outer loop
      vertex 9 -1.09371 -0.355369
      vertex 15 -1.02466 -0.522089
      vertex 9 -1.02466 -0.522089
    endloop
  endfacet
  facet normal 0 0.972366 -0.233463
    outer loop
      vertex 15 -1.13584 0.179899
      vertex 9 -1.09371 0.355369
      vertex 15 -1.09371 0.355369
    endloop
  endfacet
  facet normal 0 0.972366 -0.233463
    outer loop
      vertex 9 -1.09371 0.355369
      vertex 15 -1.13584 0.179899
      vertex 9 -1.13584 0.179899
    endloop
  endfacet
  facet normal 0 0.522511 -0.852633
    outer loop
      vertex 9 -0.675953 0.930369
      vertex 15 -0.522089 1.02466
      vertex 15 -0.675953 0.930369
    endloop
  endfacet
  facet normal 0 0.522511 -0.852633
    outer loop
      vertex 15 -0.522089 1.02466
      vertex 9 -0.675953 0.930369
      vertex 9 -0.522089 1.02466
    endloop
  endfacet
  facet normal 0 0.972366 0.233463
    outer loop
      vertex 15 -1.09371 -0.355369
      vertex 9 -1.13584 -0.179899
      vertex 15 -1.13584 -0.179899
    endloop
  endfacet
  facet normal 0 0.972366 0.233463
    outer loop
      vertex 9 -1.13584 -0.179899
      vertex 15 -1.09371 -0.355369
      vertex 9 -1.09371 -0.355369
    endloop
  endfacet
  facet normal 0 -0.760403 -0.649451
    outer loop
      vertex 9 0.930369 0.675953
      vertex 15 0.813172 0.813172
      vertex 9 0.813172 0.813172
    endloop
  endfacet
  facet normal 0 -0.760403 -0.649451
    outer loop
      vertex 15 0.813172 0.813172
      vertex 9 0.930369 0.675953
      vertex 15 0.930369 0.675953
    endloop
  endfacet
  facet normal 0 -0.649451 0.760403
    outer loop
      vertex 9 0.813172 -0.813172
      vertex 15 0.675953 -0.930369
      vertex 15 0.813172 -0.813172
    endloop
  endfacet
  facet normal 0 -0.649451 0.760403
    outer loop
      vertex 15 0.675953 -0.930369
      vertex 9 0.813172 -0.813172
      vertex 9 0.675953 -0.930369
    endloop
  endfacet
  facet normal 0 -0.923895 -0.382647
    outer loop
      vertex 9 1.09371 0.355369
      vertex 15 1.02466 0.522089
      vertex 9 1.02466 0.522089
    endloop
  endfacet
  facet normal 0 -0.923895 -0.382647
    outer loop
      vertex 15 1.02466 0.522089
      vertex 9 1.09371 0.355369
      vertex 15 1.09371 0.355369
    endloop
  endfacet
  facet normal 0 -0.760403 0.649451
    outer loop
      vertex 9 0.813172 -0.813172
      vertex 15 0.930369 -0.675953
      vertex 9 0.930369 -0.675953
    endloop
  endfacet
  facet normal 0 -0.760403 0.649451
    outer loop
      vertex 15 0.930369 -0.675953
      vertex 9 0.813172 -0.813172
      vertex 15 0.813172 -0.813172
    endloop
  endfacet
  facet normal 0 0.760403 0.649451
    outer loop
      vertex 15 -0.813172 -0.813172
      vertex 9 -0.930369 -0.675953
      vertex 15 -0.930369 -0.675953
    endloop
  endfacet
  facet normal 0 0.760403 0.649451
    outer loop
      vertex 9 -0.930369 -0.675953
      vertex 15 -0.813172 -0.813172
      vertex 9 -0.813172 -0.813172
    endloop
  endfacet
  facet normal 0 0.0784681 -0.996917
    outer loop
      vertex 9 -0.179899 1.13584
      vertex 15 0 1.15
      vertex 15 -0.179899 1.13584
    endloop
  endfacet
  facet normal 0 0.0784681 -0.996917
    outer loop
      vertex 15 0 1.15
      vertex 9 -0.179899 1.13584
      vertex 9 0 1.15
    endloop
  endfacet
  facet normal 0 -0.0784681 -0.996917
    outer loop
      vertex 9 0 1.15
      vertex 15 0.179899 1.13584
      vertex 15 0 1.15
    endloop
  endfacet
  facet normal -0 -0.0784681 -0.996917
    outer loop
      vertex 15 0.179899 1.13584
      vertex 9 0 1.15
      vertex 9 0.179899 1.13584
    endloop
  endfacet
  facet normal -0 0.522511 0.852633
    outer loop
      vertex 9 -0.522089 -1.02466
      vertex 15 -0.675953 -0.930369
      vertex 15 -0.522089 -1.02466
    endloop
  endfacet
  facet normal 0 0.522511 0.852633
    outer loop
      vertex 15 -0.675953 -0.930369
      vertex 9 -0.522089 -1.02466
      vertex 9 -0.675953 -0.930369
    endloop
  endfacet
  facet normal 0 -0.382647 0.923895
    outer loop
      vertex 9 0.522089 -1.02466
      vertex 15 0.355369 -1.09371
      vertex 15 0.522089 -1.02466
    endloop
  endfacet
  facet normal 0 -0.382647 0.923895
    outer loop
      vertex 15 0.355369 -1.09371
      vertex 9 0.522089 -1.02466
      vertex 9 0.355369 -1.09371
    endloop
  endfacet
  facet normal -0 0.233463 0.972366
    outer loop
      vertex 9 -0.179899 -1.13584
      vertex 15 -0.355369 -1.09371
      vertex 15 -0.179899 -1.13584
    endloop
  endfacet
  facet normal 0 0.233463 0.972366
    outer loop
      vertex 15 -0.355369 -1.09371
      vertex 9 -0.179899 -1.13584
      vertex 9 -0.355369 -1.09371
    endloop
  endfacet
  facet normal -0 0.382647 0.923895
    outer loop
      vertex 9 -0.355369 -1.09371
      vertex 15 -0.522089 -1.02466
      vertex 15 -0.355369 -1.09371
    endloop
  endfacet
  facet normal 0 0.382647 0.923895
    outer loop
      vertex 15 -0.522089 -1.02466
      vertex 9 -0.355369 -1.09371
      vertex 9 -0.522089 -1.02466
    endloop
  endfacet
  facet normal 0 -0.923895 0.382647
    outer loop
      vertex 9 1.02466 -0.522089
      vertex 15 1.09371 -0.355369
      vertex 9 1.09371 -0.355369
    endloop
  endfacet
  facet normal 0 -0.923895 0.382647
    outer loop
      vertex 15 1.09371 -0.355369
      vertex 9 1.02466 -0.522089
      vertex 15 1.02466 -0.522089
    endloop
  endfacet
  facet normal 0 0.923883 -0.382676
    outer loop
      vertex 39 4.90054 -2.49695
      vertex 33 5.23081 -1.69959
      vertex 39 5.23081 -1.69959
    endloop
  endfacet
  facet normal 0 0.923883 -0.382676
    outer loop
      vertex 33 5.23081 -1.69959
      vertex 39 4.90054 -2.49695
      vertex 33 4.90054 -2.49695
    endloop
  endfacet
  facet normal 0 0.996918 -0.0784544
    outer loop
      vertex 39 5.43229 -0.860389
      vertex 33 5.5 0
      vertex 39 5.5 0
    endloop
  endfacet
  facet normal 0 0.996918 -0.0784544
    outer loop
      vertex 33 5.5 0
      vertex 39 5.43229 -0.860389
      vertex 33 5.43229 -0.860389
    endloop
  endfacet
  facet normal 0 0.972368 0.233452
    outer loop
      vertex 39 5.43229 0.860389
      vertex 33 5.23081 1.69959
      vertex 39 5.23081 1.69959
    endloop
  endfacet
  facet normal 0 0.972368 0.233452
    outer loop
      vertex 33 5.23081 1.69959
      vertex 39 5.43229 0.860389
      vertex 33 5.43229 0.860389
    endloop
  endfacet
  facet normal 0 0.852636 0.522506
    outer loop
      vertex 39 4.90054 2.49695
      vertex 33 4.44959 3.23282
      vertex 39 4.44959 3.23282
    endloop
  endfacet
  facet normal 0 0.852636 0.522506
    outer loop
      vertex 33 4.44959 3.23282
      vertex 39 4.90054 2.49695
      vertex 33 4.90054 2.49695
    endloop
  endfacet
  facet normal 0 0.996918 0.0784544
    outer loop
      vertex 39 5.5 0
      vertex 33 5.43229 0.860389
      vertex 39 5.43229 0.860389
    endloop
  endfacet
  facet normal 0 0.996918 0.0784544
    outer loop
      vertex 33 5.43229 0.860389
      vertex 39 5.5 0
      vertex 33 5.5 0
    endloop
  endfacet
  facet normal 0 0.522506 -0.852636
    outer loop
      vertex 33 3.15056 -4.5
      vertex 39 3.23282 -4.44959
      vertex 39 3.15056 -4.5
    endloop
  endfacet
  facet normal 0 0.522506 -0.852636
    outer loop
      vertex 39 3.23282 -4.44959
      vertex 33 3.15056 -4.5
      vertex 33 3.23282 -4.44959
    endloop
  endfacet
  facet normal -0 0.649443 0.76041
    outer loop
      vertex 33 3.88909 3.88909
      vertex 39 3.23282 4.44959
      vertex 39 3.88909 3.88909
    endloop
  endfacet
  facet normal 0 0.649443 0.76041
    outer loop
      vertex 39 3.23282 4.44959
      vertex 33 3.88909 3.88909
      vertex 33 3.23282 4.44959
    endloop
  endfacet
  facet normal 0 0.649443 -0.76041
    outer loop
      vertex 33 3.23282 -4.44959
      vertex 39 3.88909 -3.88909
      vertex 39 3.23282 -4.44959
    endloop
  endfacet
  facet normal 0 0.649443 -0.76041
    outer loop
      vertex 39 3.88909 -3.88909
      vertex 33 3.23282 -4.44959
      vertex 33 3.88909 -3.88909
    endloop
  endfacet
  facet normal 0 0.76041 0.649443
    outer loop
      vertex 39 4.44959 3.23282
      vertex 33 3.88909 3.88909
      vertex 39 3.88909 3.88909
    endloop
  endfacet
  facet normal 0 0.76041 0.649443
    outer loop
      vertex 33 3.88909 3.88909
      vertex 39 4.44959 3.23282
      vertex 33 4.44959 3.23282
    endloop
  endfacet
  facet normal 0 0.76041 -0.649443
    outer loop
      vertex 39 3.88909 -3.88909
      vertex 33 4.44959 -3.23282
      vertex 39 4.44959 -3.23282
    endloop
  endfacet
  facet normal 0 0.76041 -0.649443
    outer loop
      vertex 33 4.44959 -3.23282
      vertex 39 3.88909 -3.88909
      vertex 33 3.88909 -3.88909
    endloop
  endfacet
  facet normal 0 0.972368 -0.233452
    outer loop
      vertex 39 5.23081 -1.69959
      vertex 33 5.43229 -0.860389
      vertex 39 5.43229 -0.860389
    endloop
  endfacet
  facet normal 0 0.972368 -0.233452
    outer loop
      vertex 33 5.43229 -0.860389
      vertex 39 5.23081 -1.69959
      vertex 33 5.23081 -1.69959
    endloop
  endfacet
  facet normal 0 0.923883 0.382676
    outer loop
      vertex 39 5.23081 1.69959
      vertex 33 4.90054 2.49695
      vertex 39 4.90054 2.49695
    endloop
  endfacet
  facet normal 0 0.923883 0.382676
    outer loop
      vertex 33 4.90054 2.49695
      vertex 39 5.23081 1.69959
      vertex 33 5.23081 1.69959
    endloop
  endfacet
  facet normal -1 0 0
    outer loop
      vertex 33 1.15 0
      vertex 33 5.5 0
      vertex 33 5.43229 -0.860389
    endloop
  endfacet
  facet normal -1 0 0
    outer loop
      vertex 33 1.13584 -0.179899
      vertex 33 5.43229 -0.860389
      vertex 33 5.23081 -1.69959
    endloop
  endfacet
  facet normal -1 0 0
    outer loop
      vertex 33 5.5 0
      vertex 33 1.15 0
      vertex 33 5.43229 0.860389
    endloop
  endfacet
  facet normal -1 0 0
    outer loop
      vertex 33 1.09371 -0.355369
      vertex 33 5.23081 -1.69959
      vertex 33 4.90054 -2.49695
    endloop
  endfacet
  facet normal -1 0 0
    outer loop
      vertex 33 1.13584 0.179899
      vertex 33 5.43229 0.860389
      vertex 33 1.15 0
    endloop
  endfacet
  facet normal -1 0 0
    outer loop
      vertex 33 1.02466 -0.522089
      vertex 33 4.90054 -2.49695
      vertex 33 4.44959 -3.23282
    endloop
  endfacet
  facet normal -1 -0 0
    outer loop
      vertex 33 5.43229 0.860389
      vertex 33 1.13584 0.179899
      vertex 33 5.23081 1.69959
    endloop
  endfacet
  facet normal -1 0 0
    outer loop
      vertex 33 0.930369 -0.675953
      vertex 33 4.44959 -3.23282
      vertex 33 3.88909 -3.88909
    endloop
  endfacet
  facet normal -1 0 0
    outer loop
      vertex 33 1.09371 0.355369
      vertex 33 5.23081 1.69959
      vertex 33 1.13584 0.179899
    endloop
  endfacet
  facet normal -1 0 0
    outer loop
      vertex 33 0.813172 -0.813172
      vertex 33 3.88909 -3.88909
      vertex 33 3.23282 -4.44959
    endloop
  endfacet
  facet normal -1 -0 0
    outer loop
      vertex 33 5.23081 1.69959
      vertex 33 1.09371 0.355369
      vertex 33 4.90054 2.49695
    endloop
  endfacet
  facet normal -1 0 0
    outer loop
      vertex 33 0.675953 -0.930369
      vertex 33 3.23282 -4.44959
      vertex 33 3.15056 -4.5
    endloop
  endfacet
  facet normal -1 0 0
    outer loop
      vertex 33 1.02466 0.522089
      vertex 33 4.90054 2.49695
      vertex 33 1.09371 0.355369
    endloop
  endfacet
  facet normal -1 -0 0
    outer loop
      vertex 33 4.90054 2.49695
      vertex 33 1.02466 0.522089
      vertex 33 4.44959 3.23282
    endloop
  endfacet
  facet normal -1 0 0
    outer loop
      vertex 33 5.43229 -0.860389
      vertex 33 1.13584 -0.179899
      vertex 33 1.15 0
    endloop
  endfacet
  facet normal -1 0 0
    outer loop
      vertex 33 5.23081 -1.69959
      vertex 33 1.09371 -0.355369
      vertex 33 1.13584 -0.179899
    endloop
  endfacet
  facet normal -1 0 0
    outer loop
      vertex 33 4.90054 -2.49695
      vertex 33 1.02466 -0.522089
      vertex 33 1.09371 -0.355369
    endloop
  endfacet
  facet normal -1 0 0
    outer loop
      vertex 33 4.44959 -3.23282
      vertex 33 0.930369 -0.675953
      vertex 33 1.02466 -0.522089
    endloop
  endfacet
  facet normal -1 0 0
    outer loop
      vertex 33 3.88909 -3.88909
      vertex 33 0.813172 -0.813172
      vertex 33 0.930369 -0.675953
    endloop
  endfacet
  facet normal -1 0 0
    outer loop
      vertex 33 3.23282 -4.44959
      vertex 33 0.675953 -0.930369
      vertex 33 0.813172 -0.813172
    endloop
  endfacet
  facet normal -1 0 0
    outer loop
      vertex 33 3.15056 -4.5
      vertex 33 0.522089 -1.02466
      vertex 33 0.675953 -0.930369
    endloop
  endfacet
  facet normal -1 0 0
    outer loop
      vertex 33 3.15056 -4.5
      vertex 33 0.355369 -1.09371
      vertex 33 0.522089 -1.02466
    endloop
  endfacet
  facet normal -1 0 0
    outer loop
      vertex 33 3.15056 -4.5
      vertex 33 0.179899 -1.13584
      vertex 33 0.355369 -1.09371
    endloop
  endfacet
  facet normal -1 0 0
    outer loop
      vertex 33 3.15056 -4.5
      vertex 33 0 -1.15
      vertex 33 0.179899 -1.13584
    endloop
  endfacet
  facet normal -1 0 0
    outer loop
      vertex 33 3.15056 -4.5
      vertex 33 -0.179899 -1.13584
      vertex 33 0 -1.15
    endloop
  endfacet
  facet normal -1 0 0
    outer loop
      vertex 33 3.15056 -4.5
      vertex 33 -0.355369 -1.09371
      vertex 33 -0.179899 -1.13584
    endloop
  endfacet
  facet normal -1 0 0
    outer loop
      vertex 33 3.15056 -4.5
      vertex 33 -0.522089 -1.02466
      vertex 33 -0.355369 -1.09371
    endloop
  endfacet
  facet normal -1 0 0
    outer loop
      vertex 33 -16.5 -4.5
      vertex 33 -0.522089 -1.02466
      vertex 33 3.15056 -4.5
    endloop
  endfacet
  facet normal -1 -0 0
    outer loop
      vertex 33 -0.522089 -1.02466
      vertex 33 -16.5 -4.5
      vertex 33 -0.675953 -0.930369
    endloop
  endfacet
  facet normal -1 -0 0
    outer loop
      vertex 33 -1.13584 -0.179899
      vertex 33 -16.5 -4.5
      vertex 33 -1.15 0
    endloop
  endfacet
  facet normal -1 -0 0
    outer loop
      vertex 33 -1.09371 -0.355369
      vertex 33 -16.5 -4.5
      vertex 33 -1.13584 -0.179899
    endloop
  endfacet
  facet normal -1 -0 0
    outer loop
      vertex 33 -1.02466 -0.522089
      vertex 33 -16.5 -4.5
      vertex 33 -1.09371 -0.355369
    endloop
  endfacet
  facet normal -1 -0 0
    outer loop
      vertex 33 -0.930369 -0.675953
      vertex 33 -16.5 -4.5
      vertex 33 -1.02466 -0.522089
    endloop
  endfacet
  facet normal -1 -0 0
    outer loop
      vertex 33 -0.813172 -0.813172
      vertex 33 -16.5 -4.5
      vertex 33 -0.930369 -0.675953
    endloop
  endfacet
  facet normal -1 -0 0
    outer loop
      vertex 33 -0.675953 -0.930369
      vertex 33 -16.5 -4.5
      vertex 33 -0.813172 -0.813172
    endloop
  endfacet
  facet normal -1 0 0
    outer loop
      vertex 33 0.930369 0.675953
      vertex 33 4.44959 3.23282
      vertex 33 1.02466 0.522089
    endloop
  endfacet
  facet normal -1 -0 0
    outer loop
      vertex 33 4.44959 3.23282
      vertex 33 0.930369 0.675953
      vertex 33 3.88909 3.88909
    endloop
  endfacet
  facet normal -1 0 0
    outer loop
      vertex 33 0.813172 0.813172
      vertex 33 3.88909 3.88909
      vertex 33 0.930369 0.675953
    endloop
  endfacet
  facet normal -1 -0 0
    outer loop
      vertex 33 3.88909 3.88909
      vertex 33 0.813172 0.813172
      vertex 33 3.23282 4.44959
    endloop
  endfacet
  facet normal -1 0 0
    outer loop
      vertex 33 0.675953 0.930369
      vertex 33 3.23282 4.44959
      vertex 33 0.813172 0.813172
    endloop
  endfacet
  facet normal -1 -0 0
    outer loop
      vertex 33 3.23282 4.44959
      vertex 33 0.675953 0.930369
      vertex 33 3.15056 4.5
    endloop
  endfacet
  facet normal -1 0 0
    outer loop
      vertex 33 0.522089 1.02466
      vertex 33 3.15056 4.5
      vertex 33 0.675953 0.930369
    endloop
  endfacet
  facet normal -1 0 0
    outer loop
      vertex 33 0.355369 1.09371
      vertex 33 3.15056 4.5
      vertex 33 0.522089 1.02466
    endloop
  endfacet
  facet normal -1 0 0
    outer loop
      vertex 33 0.179899 1.13584
      vertex 33 3.15056 4.5
      vertex 33 0.355369 1.09371
    endloop
  endfacet
  facet normal -1 0 0
    outer loop
      vertex 33 0 1.15
      vertex 33 3.15056 4.5
      vertex 33 0.179899 1.13584
    endloop
  endfacet
  facet normal -1 0 0
    outer loop
      vertex 33 -0.179899 1.13584
      vertex 33 3.15056 4.5
      vertex 33 0 1.15
    endloop
  endfacet
  facet normal -1 0 0
    outer loop
      vertex 33 -0.355369 1.09371
      vertex 33 3.15056 4.5
      vertex 33 -0.179899 1.13584
    endloop
  endfacet
  facet normal -1 0 0
    outer loop
      vertex 33 -0.522089 1.02466
      vertex 33 3.15056 4.5
      vertex 33 -0.355369 1.09371
    endloop
  endfacet
  facet normal -1 0 0
    outer loop
      vertex 33 -16.5 4.5
      vertex 33 -0.522089 1.02466
      vertex 33 -0.675953 0.930369
    endloop
  endfacet
  facet normal -1 0 0
    outer loop
      vertex 33 -16.5 4.5
      vertex 33 -0.675953 0.930369
      vertex 33 -0.813172 0.813172
    endloop
  endfacet
  facet normal -1 0 0
    outer loop
      vertex 33 -16.5 4.5
      vertex 33 -1.15 0
      vertex 33 -16.5 -4.5
    endloop
  endfacet
  facet normal -1 0 0
    outer loop
      vertex 33 -1.15 0
      vertex 33 -16.5 4.5
      vertex 33 -1.13584 0.179899
    endloop
  endfacet
  facet normal -1 0 0
    outer loop
      vertex 33 -1.13584 0.179899
      vertex 33 -16.5 4.5
      vertex 33 -1.09371 0.355369
    endloop
  endfacet
  facet normal -1 0 0
    outer loop
      vertex 33 -1.09371 0.355369
      vertex 33 -16.5 4.5
      vertex 33 -1.02466 0.522089
    endloop
  endfacet
  facet normal -1 0 0
    outer loop
      vertex 33 -1.02466 0.522089
      vertex 33 -16.5 4.5
      vertex 33 -0.930369 0.675953
    endloop
  endfacet
  facet normal -1 0 0
    outer loop
      vertex 33 -0.930369 0.675953
      vertex 33 -16.5 4.5
      vertex 33 -0.813172 0.813172
    endloop
  endfacet
  facet normal -1 0 0
    outer loop
      vertex 33 -0.522089 1.02466
      vertex 33 -16.5 4.5
      vertex 33 3.15056 4.5
    endloop
  endfacet
  facet normal 0 0.852636 -0.522506
    outer loop
      vertex 39 4.44959 -3.23282
      vertex 33 4.90054 -2.49695
      vertex 39 4.90054 -2.49695
    endloop
  endfacet
  facet normal 0 0.852636 -0.522506
    outer loop
      vertex 33 4.90054 -2.49695
      vertex 39 4.44959 -3.23282
      vertex 33 4.44959 -3.23282
    endloop
  endfacet
  facet normal 1 0 0
    outer loop
      vertex 39 1.15 0
      vertex 39 5.5 0
      vertex 39 5.43229 0.860389
    endloop
  endfacet
  facet normal 1 0 0
    outer loop
      vertex 39 1.13584 0.179899
      vertex 39 5.43229 0.860389
      vertex 39 5.23081 1.69959
    endloop
  endfacet
  facet normal 1 0 0
    outer loop
      vertex 39 5.5 0
      vertex 39 1.15 0
      vertex 39 5.43229 -0.860389
    endloop
  endfacet
  facet normal 1 0 0
    outer loop
      vertex 39 1.09371 0.355369
      vertex 39 5.23081 1.69959
      vertex 39 4.90054 2.49695
    endloop
  endfacet
  facet normal 1 -0 0
    outer loop
      vertex 39 1.13584 -0.179899
      vertex 39 5.43229 -0.860389
      vertex 39 1.15 0
    endloop
  endfacet
  facet normal 1 0 0
    outer loop
      vertex 39 1.02466 0.522089
      vertex 39 4.90054 2.49695
      vertex 39 4.44959 3.23282
    endloop
  endfacet
  facet normal 1 0 0
    outer loop
      vertex 39 5.43229 -0.860389
      vertex 39 1.13584 -0.179899
      vertex 39 5.23081 -1.69959
    endloop
  endfacet
  facet normal 1 0 0
    outer loop
      vertex 39 0.930369 0.675953
      vertex 39 4.44959 3.23282
      vertex 39 3.88909 3.88909
    endloop
  endfacet
  facet normal 1 -0 0
    outer loop
      vertex 39 1.09371 -0.355369
      vertex 39 5.23081 -1.69959
      vertex 39 1.13584 -0.179899
    endloop
  endfacet
  facet normal 1 0 0
    outer loop
      vertex 39 0.813172 0.813172
      vertex 39 3.88909 3.88909
      vertex 39 3.23282 4.44959
    endloop
  endfacet
  facet normal 1 0 0
    outer loop
      vertex 39 5.23081 -1.69959
      vertex 39 1.09371 -0.355369
      vertex 39 4.90054 -2.49695
    endloop
  endfacet
  facet normal 1 0 0
    outer loop
      vertex 39 0.675953 0.930369
      vertex 39 3.23282 4.44959
      vertex 39 3.15056 4.5
    endloop
  endfacet
  facet normal 1 -0 0
    outer loop
      vertex 39 1.02466 -0.522089
      vertex 39 4.90054 -2.49695
      vertex 39 1.09371 -0.355369
    endloop
  endfacet
  facet normal 1 0 0
    outer loop
      vertex 39 4.90054 -2.49695
      vertex 39 1.02466 -0.522089
      vertex 39 4.44959 -3.23282
    endloop
  endfacet
  facet normal 1 0 0
    outer loop
      vertex 39 5.43229 0.860389
      vertex 39 1.13584 0.179899
      vertex 39 1.15 0
    endloop
  endfacet
  facet normal 1 0 0
    outer loop
      vertex 39 5.23081 1.69959
      vertex 39 1.09371 0.355369
      vertex 39 1.13584 0.179899
    endloop
  endfacet
  facet normal 1 0 0
    outer loop
      vertex 39 4.90054 2.49695
      vertex 39 1.02466 0.522089
      vertex 39 1.09371 0.355369
    endloop
  endfacet
  facet normal 1 0 0
    outer loop
      vertex 39 4.44959 3.23282
      vertex 39 0.930369 0.675953
      vertex 39 1.02466 0.522089
    endloop
  endfacet
  facet normal 1 0 0
    outer loop
      vertex 39 3.88909 3.88909
      vertex 39 0.813172 0.813172
      vertex 39 0.930369 0.675953
    endloop
  endfacet
  facet normal 1 0 0
    outer loop
      vertex 39 3.23282 4.44959
      vertex 39 0.675953 0.930369
      vertex 39 0.813172 0.813172
    endloop
  endfacet
  facet normal 1 0 0
    outer loop
      vertex 39 3.15056 4.5
      vertex 39 0.522089 1.02466
      vertex 39 0.675953 0.930369
    endloop
  endfacet
  facet normal 1 0 0
    outer loop
      vertex 39 3.15056 4.5
      vertex 39 0.355369 1.09371
      vertex 39 0.522089 1.02466
    endloop
  endfacet
  facet normal 1 0 0
    outer loop
      vertex 39 3.15056 4.5
      vertex 39 0.179899 1.13584
      vertex 39 0.355369 1.09371
    endloop
  endfacet
  facet normal 1 0 0
    outer loop
      vertex 39 3.15056 4.5
      vertex 39 0 1.15
      vertex 39 0.179899 1.13584
    endloop
  endfacet
  facet normal 1 0 0
    outer loop
      vertex 39 3.15056 4.5
      vertex 39 -0.179899 1.13584
      vertex 39 0 1.15
    endloop
  endfacet
  facet normal 1 0 0
    outer loop
      vertex 39 3.15056 4.5
      vertex 39 -0.355369 1.09371
      vertex 39 -0.179899 1.13584
    endloop
  endfacet
  facet normal 1 0 0
    outer loop
      vertex 39 3.15056 4.5
      vertex 39 -0.522089 1.02466
      vertex 39 -0.355369 1.09371
    endloop
  endfacet
  facet normal 1 -0 0
    outer loop
      vertex 39 -16.5 4.5
      vertex 39 -0.522089 1.02466
      vertex 39 3.15056 4.5
    endloop
  endfacet
  facet normal 1 0 0
    outer loop
      vertex 39 -0.522089 1.02466
      vertex 39 -16.5 4.5
      vertex 39 -0.675953 0.930369
    endloop
  endfacet
  facet normal 1 0 0
    outer loop
      vertex 39 -1.13584 0.179899
      vertex 39 -16.5 4.5
      vertex 39 -1.15 0
    endloop
  endfacet
  facet normal 1 0 0
    outer loop
      vertex 39 -1.09371 0.355369
      vertex 39 -16.5 4.5
      vertex 39 -1.13584 0.179899
    endloop
  endfacet
  facet normal 1 0 0
    outer loop
      vertex 39 -1.02466 0.522089
      vertex 39 -16.5 4.5
      vertex 39 -1.09371 0.355369
    endloop
  endfacet
  facet normal 1 0 0
    outer loop
      vertex 39 -0.930369 0.675953
      vertex 39 -16.5 4.5
      vertex 39 -1.02466 0.522089
    endloop
  endfacet
  facet normal 1 0 0
    outer loop
      vertex 39 -0.813172 0.813172
      vertex 39 -16.5 4.5
      vertex 39 -0.930369 0.675953
    endloop
  endfacet
  facet normal 1 0 0
    outer loop
      vertex 39 -0.675953 0.930369
      vertex 39 -16.5 4.5
      vertex 39 -0.813172 0.813172
    endloop
  endfacet
  facet normal 1 -0 0
    outer loop
      vertex 39 0.930369 -0.675953
      vertex 39 4.44959 -3.23282
      vertex 39 1.02466 -0.522089
    endloop
  endfacet
  facet normal 1 0 0
    outer loop
      vertex 39 4.44959 -3.23282
      vertex 39 0.930369 -0.675953
      vertex 39 3.88909 -3.88909
    endloop
  endfacet
  facet normal 1 -0 0
    outer loop
      vertex 39 0.813172 -0.813172
      vertex 39 3.88909 -3.88909
      vertex 39 0.930369 -0.675953
    endloop
  endfacet
  facet normal 1 0 0
    outer loop
      vertex 39 3.88909 -3.88909
      vertex 39 0.813172 -0.813172
      vertex 39 3.23282 -4.44959
    endloop
  endfacet
  facet normal 1 -0 0
    outer loop
      vertex 39 0.675953 -0.930369
      vertex 39 3.23282 -4.44959
      vertex 39 0.813172 -0.813172
    endloop
  endfacet
  facet normal 1 0 0
    outer loop
      vertex 39 3.23282 -4.44959
      vertex 39 0.675953 -0.930369
      vertex 39 3.15056 -4.5
    endloop
  endfacet
  facet normal 1 -0 0
    outer loop
      vertex 39 0.522089 -1.02466
      vertex 39 3.15056 -4.5
      vertex 39 0.675953 -0.930369
    endloop
  endfacet
  facet normal 1 -0 0
    outer loop
      vertex 39 0.355369 -1.09371
      vertex 39 3.15056 -4.5
      vertex 39 0.522089 -1.02466
    endloop
  endfacet
  facet normal 1 -0 0
    outer loop
      vertex 39 0.179899 -1.13584
      vertex 39 3.15056 -4.5
      vertex 39 0.355369 -1.09371
    endloop
  endfacet
  facet normal 1 -0 0
    outer loop
      vertex 39 0 -1.15
      vertex 39 3.15056 -4.5
      vertex 39 0.179899 -1.13584
    endloop
  endfacet
  facet normal 1 0 0
    outer loop
      vertex 39 -0.179899 -1.13584
      vertex 39 3.15056 -4.5
      vertex 39 0 -1.15
    endloop
  endfacet
  facet normal 1 0 0
    outer loop
      vertex 39 -0.355369 -1.09371
      vertex 39 3.15056 -4.5
      vertex 39 -0.179899 -1.13584
    endloop
  endfacet
  facet normal 1 0 0
    outer loop
      vertex 39 -0.522089 -1.02466
      vertex 39 3.15056 -4.5
      vertex 39 -0.355369 -1.09371
    endloop
  endfacet
  facet normal 1 0 0
    outer loop
      vertex 39 -16.5 -4.5
      vertex 39 -0.522089 -1.02466
      vertex 39 -0.675953 -0.930369
    endloop
  endfacet
  facet normal 1 0 0
    outer loop
      vertex 39 -16.5 -4.5
      vertex 39 -0.675953 -0.930369
      vertex 39 -0.813172 -0.813172
    endloop
  endfacet
  facet normal 1 0 0
    outer loop
      vertex 39 -16.5 -4.5
      vertex 39 -1.15 0
      vertex 39 -16.5 4.5
    endloop
  endfacet
  facet normal 1 0 0
    outer loop
      vertex 39 -1.15 0
      vertex 39 -16.5 -4.5
      vertex 39 -1.13584 -0.179899
    endloop
  endfacet
  facet normal 1 0 0
    outer loop
      vertex 39 -1.13584 -0.179899
      vertex 39 -16.5 -4.5
      vertex 39 -1.09371 -0.355369
    endloop
  endfacet
  facet normal 1 0 0
    outer loop
      vertex 39 -1.09371 -0.355369
      vertex 39 -16.5 -4.5
      vertex 39 -1.02466 -0.522089
    endloop
  endfacet
  facet normal 1 0 0
    outer loop
      vertex 39 -1.02466 -0.522089
      vertex 39 -16.5 -4.5
      vertex 39 -0.930369 -0.675953
    endloop
  endfacet
  facet normal 1 0 0
    outer loop
      vertex 39 -0.930369 -0.675953
      vertex 39 -16.5 -4.5
      vertex 39 -0.813172 -0.813172
    endloop
  endfacet
  facet normal 1 0 0
    outer loop
      vertex 39 -0.522089 -1.02466
      vertex 39 -16.5 -4.5
      vertex 39 3.15056 -4.5
    endloop
  endfacet
  facet normal -0 0.522506 0.852636
    outer loop
      vertex 33 3.23282 4.44959
      vertex 39 3.15056 4.5
      vertex 39 3.23282 4.44959
    endloop
  endfacet
  facet normal 0 0.522506 0.852636
    outer loop
      vertex 39 3.15056 4.5
      vertex 33 3.23282 4.44959
      vertex 33 3.15056 4.5
    endloop
  endfacet
  facet normal 0 0 -1
    outer loop
      vertex 33 -16.5 -4.5
      vertex 39 3.15056 -4.5
      vertex 39 -16.5 -4.5
    endloop
  endfacet
  facet normal -0 0 -1
    outer loop
      vertex 39 3.15056 -4.5
      vertex 33 -16.5 -4.5
      vertex 33 3.15056 -4.5
    endloop
  endfacet
  facet normal -0 0 1
    outer loop
      vertex 33 3.15056 4.5
      vertex 39 -16.5 4.5
      vertex 39 3.15056 4.5
    endloop
  endfacet
  facet normal 0 0 1
    outer loop
      vertex 39 -16.5 4.5
      vertex 33 3.15056 4.5
      vertex 33 -16.5 4.5
    endloop
  endfacet
  facet normal 0 -0.972366 0.233463
    outer loop
      vertex 33 1.09371 -0.355369
      vertex 39 1.13584 -0.179899
      vertex 33 1.13584 -0.179899
    endloop
  endfacet
  facet normal 0 -0.972366 0.233463
    outer loop
      vertex 39 1.13584 -0.179899
      vertex 33 1.09371 -0.355369
      vertex 39 1.09371 -0.355369
    endloop
  endfacet
  facet normal 0 -0.996917 0.0784681
    outer loop
      vertex 33 1.13584 -0.179899
      vertex 39 1.15 0
      vertex 33 1.15 0
    endloop
  endfacet
  facet normal 0 -0.996917 0.0784681
    outer loop
      vertex 39 1.15 0
      vertex 33 1.13584 -0.179899
      vertex 39 1.13584 -0.179899
    endloop
  endfacet
  facet normal 0 -0.233463 -0.972366
    outer loop
      vertex 33 0.179899 1.13584
      vertex 39 0.355369 1.09371
      vertex 39 0.179899 1.13584
    endloop
  endfacet
  facet normal -0 -0.233463 -0.972366
    outer loop
      vertex 39 0.355369 1.09371
      vertex 33 0.179899 1.13584
      vertex 33 0.355369 1.09371
    endloop
  endfacet
  facet normal 0 -0.972366 -0.233463
    outer loop
      vertex 33 1.13584 0.179899
      vertex 39 1.09371 0.355369
      vertex 33 1.09371 0.355369
    endloop
  endfacet
  facet normal 0 -0.972366 -0.233463
    outer loop
      vertex 39 1.09371 0.355369
      vertex 33 1.13584 0.179899
      vertex 39 1.13584 0.179899
    endloop
  endfacet
  facet normal 0 0.852633 -0.522511
    outer loop
      vertex 39 -1.02466 0.522089
      vertex 33 -0.930369 0.675953
      vertex 39 -0.930369 0.675953
    endloop
  endfacet
  facet normal 0 0.852633 -0.522511
    outer loop
      vertex 33 -0.930369 0.675953
      vertex 39 -1.02466 0.522089
      vertex 33 -1.02466 0.522089
    endloop
  endfacet
  facet normal 0 -0.852633 0.522511
    outer loop
      vertex 33 0.930369 -0.675953
      vertex 39 1.02466 -0.522089
      vertex 33 1.02466 -0.522089
    endloop
  endfacet
  facet normal 0 -0.852633 0.522511
    outer loop
      vertex 39 1.02466 -0.522089
      vertex 33 0.930369 -0.675953
      vertex 39 0.930369 -0.675953
    endloop
  endfacet
  facet normal 0 0.760403 -0.649451
    outer loop
      vertex 39 -0.930369 0.675953
      vertex 33 -0.813172 0.813172
      vertex 39 -0.813172 0.813172
    endloop
  endfacet
  facet normal 0 0.760403 -0.649451
    outer loop
      vertex 33 -0.813172 0.813172
      vertex 39 -0.930369 0.675953
      vertex 33 -0.930369 0.675953
    endloop
  endfacet
  facet normal 0 0.996917 -0.0784681
    outer loop
      vertex 39 -1.15 0
      vertex 33 -1.13584 0.179899
      vertex 39 -1.13584 0.179899
    endloop
  endfacet
  facet normal 0 0.996917 -0.0784681
    outer loop
      vertex 33 -1.13584 0.179899
      vertex 39 -1.15 0
      vertex 33 -1.15 0
    endloop
  endfacet
  facet normal 0 -0.996917 -0.0784681
    outer loop
      vertex 33 1.15 0
      vertex 39 1.13584 0.179899
      vertex 33 1.13584 0.179899
    endloop
  endfacet
  facet normal 0 -0.996917 -0.0784681
    outer loop
      vertex 39 1.13584 0.179899
      vertex 33 1.15 0
      vertex 39 1.15 0
    endloop
  endfacet
  facet normal -0 0.382647 0.923895
    outer loop
      vertex 33 -0.355369 -1.09371
      vertex 39 -0.522089 -1.02466
      vertex 39 -0.355369 -1.09371
    endloop
  endfacet
  facet normal 0 0.382647 0.923895
    outer loop
      vertex 39 -0.522089 -1.02466
      vertex 33 -0.355369 -1.09371
      vertex 33 -0.522089 -1.02466
    endloop
  endfacet
  facet normal 0 -0.522511 -0.852633
    outer loop
      vertex 33 0.522089 1.02466
      vertex 39 0.675953 0.930369
      vertex 39 0.522089 1.02466
    endloop
  endfacet
  facet normal -0 -0.522511 -0.852633
    outer loop
      vertex 39 0.675953 0.930369
      vertex 33 0.522089 1.02466
      vertex 33 0.675953 0.930369
    endloop
  endfacet
  facet normal 0 -0.852633 -0.522511
    outer loop
      vertex 33 1.02466 0.522089
      vertex 39 0.930369 0.675953
      vertex 33 0.930369 0.675953
    endloop
  endfacet
  facet normal 0 -0.852633 -0.522511
    outer loop
      vertex 39 0.930369 0.675953
      vertex 33 1.02466 0.522089
      vertex 39 1.02466 0.522089
    endloop
  endfacet
  facet normal 0 -0.233463 0.972366
    outer loop
      vertex 33 0.355369 -1.09371
      vertex 39 0.179899 -1.13584
      vertex 39 0.355369 -1.09371
    endloop
  endfacet
  facet normal 0 -0.233463 0.972366
    outer loop
      vertex 39 0.179899 -1.13584
      vertex 33 0.355369 -1.09371
      vertex 33 0.179899 -1.13584
    endloop
  endfacet
  facet normal 0 0.996917 0.0784681
    outer loop
      vertex 39 -1.13584 -0.179899
      vertex 33 -1.15 0
      vertex 39 -1.15 0
    endloop
  endfacet
  facet normal 0 0.996917 0.0784681
    outer loop
      vertex 33 -1.15 0
      vertex 39 -1.13584 -0.179899
      vertex 33 -1.13584 -0.179899
    endloop
  endfacet
  facet normal -0 0.0784681 0.996917
    outer loop
      vertex 33 0 -1.15
      vertex 39 -0.179899 -1.13584
      vertex 39 0 -1.15
    endloop
  endfacet
  facet normal 0 0.0784681 0.996917
    outer loop
      vertex 39 -0.179899 -1.13584
      vertex 33 0 -1.15
      vertex 33 -0.179899 -1.13584
    endloop
  endfacet
  facet normal 0 0.233463 -0.972366
    outer loop
      vertex 33 -0.355369 1.09371
      vertex 39 -0.179899 1.13584
      vertex 39 -0.355369 1.09371
    endloop
  endfacet
  facet normal 0 0.233463 -0.972366
    outer loop
      vertex 39 -0.179899 1.13584
      vertex 33 -0.355369 1.09371
      vertex 33 -0.179899 1.13584
    endloop
  endfacet
  facet normal 0 -0.382647 -0.923895
    outer loop
      vertex 33 0.355369 1.09371
      vertex 39 0.522089 1.02466
      vertex 39 0.355369 1.09371
    endloop
  endfacet
  facet normal -0 -0.382647 -0.923895
    outer loop
      vertex 39 0.522089 1.02466
      vertex 33 0.355369 1.09371
      vertex 33 0.522089 1.02466
    endloop
  endfacet
  facet normal 0 -0.649451 -0.760403
    outer loop
      vertex 33 0.675953 0.930369
      vertex 39 0.813172 0.813172
      vertex 39 0.675953 0.930369
    endloop
  endfacet
  facet normal -0 -0.649451 -0.760403
    outer loop
      vertex 39 0.813172 0.813172
      vertex 33 0.675953 0.930369
      vertex 33 0.813172 0.813172
    endloop
  endfacet
  facet normal 0 0.923895 -0.382647
    outer loop
      vertex 39 -1.09371 0.355369
      vertex 33 -1.02466 0.522089
      vertex 39 -1.02466 0.522089
    endloop
  endfacet
  facet normal 0 0.923895 -0.382647
    outer loop
      vertex 33 -1.02466 0.522089
      vertex 39 -1.09371 0.355369
      vertex 33 -1.09371 0.355369
    endloop
  endfacet
  facet normal 0 0.649451 -0.760403
    outer loop
      vertex 33 -0.813172 0.813172
      vertex 39 -0.675953 0.930369
      vertex 39 -0.813172 0.813172
    endloop
  endfacet
  facet normal 0 0.649451 -0.760403
    outer loop
      vertex 39 -0.675953 0.930369
      vertex 33 -0.813172 0.813172
      vertex 33 -0.675953 0.930369
    endloop
  endfacet
  facet normal 0 -0.0784681 0.996917
    outer loop
      vertex 33 0.179899 -1.13584
      vertex 39 0 -1.15
      vertex 39 0.179899 -1.13584
    endloop
  endfacet
  facet normal 0 -0.0784681 0.996917
    outer loop
      vertex 39 0 -1.15
      vertex 33 0.179899 -1.13584
      vertex 33 0 -1.15
    endloop
  endfacet
  facet normal 0 -0.522511 0.852633
    outer loop
      vertex 33 0.675953 -0.930369
      vertex 39 0.522089 -1.02466
      vertex 39 0.675953 -0.930369
    endloop
  endfacet
  facet normal 0 -0.522511 0.852633
    outer loop
      vertex 39 0.522089 -1.02466
      vertex 33 0.675953 -0.930369
      vertex 33 0.522089 -1.02466
    endloop
  endfacet
  facet normal 0 0.382647 -0.923895
    outer loop
      vertex 33 -0.522089 1.02466
      vertex 39 -0.355369 1.09371
      vertex 39 -0.522089 1.02466
    endloop
  endfacet
  facet normal 0 0.382647 -0.923895
    outer loop
      vertex 39 -0.355369 1.09371
      vertex 33 -0.522089 1.02466
      vertex 33 -0.355369 1.09371
    endloop
  endfacet
  facet normal 0 0.923895 0.382647
    outer loop
      vertex 39 -1.02466 -0.522089
      vertex 33 -1.09371 -0.355369
      vertex 39 -1.09371 -0.355369
    endloop
  endfacet
  facet normal 0 0.923895 0.382647
    outer loop
      vertex 33 -1.09371 -0.355369
      vertex 39 -1.02466 -0.522089
      vertex 33 -1.02466 -0.522089
    endloop
  endfacet
  facet normal 0 0.972366 -0.233463
    outer loop
      vertex 39 -1.13584 0.179899
      vertex 33 -1.09371 0.355369
      vertex 39 -1.09371 0.355369
    endloop
  endfacet
  facet normal 0 0.972366 -0.233463
    outer loop
      vertex 33 -1.09371 0.355369
      vertex 39 -1.13584 0.179899
      vertex 33 -1.13584 0.179899
    endloop
  endfacet
  facet normal 0 0.522511 -0.852633
    outer loop
      vertex 33 -0.675953 0.930369
      vertex 39 -0.522089 1.02466
      vertex 39 -0.675953 0.930369
    endloop
  endfacet
  facet normal 0 0.522511 -0.852633
    outer loop
      vertex 39 -0.522089 1.02466
      vertex 33 -0.675953 0.930369
      vertex 33 -0.522089 1.02466
    endloop
  endfacet
  facet normal 0 0.972366 0.233463
    outer loop
      vertex 39 -1.09371 -0.355369
      vertex 33 -1.13584 -0.179899
      vertex 39 -1.13584 -0.179899
    endloop
  endfacet
  facet normal 0 0.972366 0.233463
    outer loop
      vertex 33 -1.13584 -0.179899
      vertex 39 -1.09371 -0.355369
      vertex 33 -1.09371 -0.355369
    endloop
  endfacet
  facet normal 0 -0.760403 -0.649451
    outer loop
      vertex 33 0.930369 0.675953
      vertex 39 0.813172 0.813172
      vertex 33 0.813172 0.813172
    endloop
  endfacet
  facet normal 0 -0.760403 -0.649451
    outer loop
      vertex 39 0.813172 0.813172
      vertex 33 0.930369 0.675953
      vertex 39 0.930369 0.675953
    endloop
  endfacet
  facet normal 0 -0.649451 0.760403
    outer loop
      vertex 33 0.813172 -0.813172
      vertex 39 0.675953 -0.930369
      vertex 39 0.813172 -0.813172
    endloop
  endfacet
  facet normal 0 -0.649451 0.760403
    outer loop
      vertex 39 0.675953 -0.930369
      vertex 33 0.813172 -0.813172
      vertex 33 0.675953 -0.930369
    endloop
  endfacet
  facet normal 0 -0.923895 -0.382647
    outer loop
      vertex 33 1.09371 0.355369
      vertex 39 1.02466 0.522089
      vertex 33 1.02466 0.522089
    endloop
  endfacet
  facet normal 0 -0.923895 -0.382647
    outer loop
      vertex 39 1.02466 0.522089
      vertex 33 1.09371 0.355369
      vertex 39 1.09371 0.355369
    endloop
  endfacet
  facet normal 0 -0.760403 0.649451
    outer loop
      vertex 33 0.813172 -0.813172
      vertex 39 0.930369 -0.675953
      vertex 33 0.930369 -0.675953
    endloop
  endfacet
  facet normal 0 -0.760403 0.649451
    outer loop
      vertex 39 0.930369 -0.675953
      vertex 33 0.813172 -0.813172
      vertex 39 0.813172 -0.813172
    endloop
  endfacet
  facet normal 0 0.760403 0.649451
    outer loop
      vertex 39 -0.813172 -0.813172
      vertex 33 -0.930369 -0.675953
      vertex 39 -0.930369 -0.675953
    endloop
  endfacet
  facet normal 0 0.760403 0.649451
    outer loop
      vertex 33 -0.930369 -0.675953
      vertex 39 -0.813172 -0.813172
      vertex 33 -0.813172 -0.813172
    endloop
  endfacet
  facet normal 0 0.852633 0.522511
    outer loop
      vertex 39 -0.930369 -0.675953
      vertex 33 -1.02466 -0.522089
      vertex 39 -1.02466 -0.522089
    endloop
  endfacet
  facet normal 0 0.852633 0.522511
    outer loop
      vertex 33 -1.02466 -0.522089
      vertex 39 -0.930369 -0.675953
      vertex 33 -0.930369 -0.675953
    endloop
  endfacet
  facet normal -0 0.649451 0.760403
    outer loop
      vertex 33 -0.675953 -0.930369
      vertex 39 -0.813172 -0.813172
      vertex 39 -0.675953 -0.930369
    endloop
  endfacet
  facet normal 0 0.649451 0.760403
    outer loop
      vertex 39 -0.813172 -0.813172
      vertex 33 -0.675953 -0.930369
      vertex 33 -0.813172 -0.813172
    endloop
  endfacet
  facet normal 0 0.0784681 -0.996917
    outer loop
      vertex 33 -0.179899 1.13584
      vertex 39 0 1.15
      vertex 39 -0.179899 1.13584
    endloop
  endfacet
  facet normal 0 0.0784681 -0.996917
    outer loop
      vertex 39 0 1.15
      vertex 33 -0.179899 1.13584
      vertex 33 0 1.15
    endloop
  endfacet
  facet normal 0 -0.0784681 -0.996917
    outer loop
      vertex 33 0 1.15
      vertex 39 0.179899 1.13584
      vertex 39 0 1.15
    endloop
  endfacet
  facet normal -0 -0.0784681 -0.996917
    outer loop
      vertex 39 0.179899 1.13584
      vertex 33 0 1.15
      vertex 33 0.179899 1.13584
    endloop
  endfacet
  facet normal -0 0.522511 0.852633
    outer loop
      vertex 33 -0.522089 -1.02466
      vertex 39 -0.675953 -0.930369
      vertex 39 -0.522089 -1.02466
    endloop
  endfacet
  facet normal 0 0.522511 0.852633
    outer loop
      vertex 39 -0.675953 -0.930369
      vertex 33 -0.522089 -1.02466
      vertex 33 -0.675953 -0.930369
    endloop
  endfacet
  facet normal 0 -0.382647 0.923895
    outer loop
      vertex 33 0.522089 -1.02466
      vertex 39 0.355369 -1.09371
      vertex 39 0.522089 -1.02466
    endloop
  endfacet
  facet normal 0 -0.382647 0.923895
    outer loop
      vertex 39 0.355369 -1.09371
      vertex 33 0.522089 -1.02466
      vertex 33 0.355369 -1.09371
    endloop
  endfacet
  facet normal -0 0.233463 0.972366
    outer loop
      vertex 33 -0.179899 -1.13584
      vertex 39 -0.355369 -1.09371
      vertex 39 -0.179899 -1.13584
    endloop
  endfacet
  facet normal 0 0.233463 0.972366
    outer loop
      vertex 39 -0.355369 -1.09371
      vertex 33 -0.179899 -1.13584
      vertex 33 -0.355369 -1.09371
    endloop
  endfacet
  facet normal 0 -0.923895 0.382647
    outer loop
      vertex 33 1.02466 -0.522089
      vertex 39 1.09371 -0.355369
      vertex 33 1.09371 -0.355369
    endloop
  endfacet
  facet normal 0 -0.923895 0.382647
    outer loop
      vertex 39 1.09371 -0.355369
      vertex 33 1.02466 -0.522089
      vertex 39 1.02466 -0.522089
    endloop
  endfacet
endsolid OpenSCAD_Model
