solid OpenSCAD_Model
  facet normal 1 -0 0
    outer loop
      vertex -22 84.5 2.5
      vertex -22 114 0
      vertex -22 114 2.5
    endloop
  endfacet
  facet normal 1 0 0
    outer loop
      vertex -22 114 0
      vertex -22 84.5 2.5
      vertex -22 84.5 0
    endloop
  endfacet
  facet normal 0 -1 0
    outer loop
      vertex -62 84.5 0
      vertex -22 84.5 2.5
      vertex -62 84.5 2.5
    endloop
  endfacet
  facet normal 0 -1 -0
    outer loop
      vertex -22 84.5 2.5
      vertex -62 84.5 0
      vertex -22 84.5 0
    endloop
  endfacet
  facet normal 0 1 -0
    outer loop
      vertex -22 114 0
      vertex -62 114 2.5
      vertex -22 114 2.5
    endloop
  endfacet
  facet normal 0 1 0
    outer loop
      vertex -62 114 2.5
      vertex -22 114 0
      vertex -62 114 0
    endloop
  endfacet
  facet normal -1 0 0
    outer loop
      vertex -62 114 0
      vertex -62 101.644 0.7
      vertex -62 114 2.5
    endloop
  endfacet
  facet normal -1 0 0
    outer loop
      vertex -62 114 0
      vertex -62 98.3557 0.7
      vertex -62 101.644 0.7
    endloop
  endfacet
  facet normal -1 0 0
    outer loop
      vertex -62 84.5 0
      vertex -62 98.3557 0.7
      vertex -62 114 0
    endloop
  endfacet
  facet normal -1 0 0
    outer loop
      vertex -62 84.5 2.5
      vertex -62 98.3557 0.7
      vertex -62 84.5 0
    endloop
  endfacet
  facet normal -1 0 0
    outer loop
      vertex -62 98.3557 0.7
      vertex -62 84.5 2.5
      vertex -62 98.3557 2.5
    endloop
  endfacet
  facet normal -1 -0 0
    outer loop
      vertex -62 114 2.5
      vertex -62 101.644 0.7
      vertex -62 101.644 2.5
    endloop
  endfacet
  facet normal -0 0 1
    outer loop
      vertex -24.1468 98.073 2.5
      vertex -22 84.5 2.5
      vertex -24.0369 98.5307 2.5
    endloop
  endfacet
  facet normal 0 0 1
    outer loop
      vertex -22 84.5 2.5
      vertex -24.0369 88.4693 2.5
      vertex -24 88 2.5
    endloop
  endfacet
  facet normal -0 0 1
    outer loop
      vertex -24.1468 88.927 2.5
      vertex -22 84.5 2.5
      vertex -24.1468 98.073 2.5
    endloop
  endfacet
  facet normal 0 0 1
    outer loop
      vertex -22 84.5 2.5
      vertex -24.1468 88.927 2.5
      vertex -24.0369 88.4693 2.5
    endloop
  endfacet
  facet normal -0 0 1
    outer loop
      vertex -24.327 97.638 2.5
      vertex -24.1468 88.927 2.5
      vertex -24.1468 98.073 2.5
    endloop
  endfacet
  facet normal 0 0 1
    outer loop
      vertex -24.327 97.638 2.5
      vertex -24.327 89.362 2.5
      vertex -24.1468 88.927 2.5
    endloop
  endfacet
  facet normal -0 0 1
    outer loop
      vertex -24.5729 97.2366 2.5
      vertex -24.327 89.362 2.5
      vertex -24.327 97.638 2.5
    endloop
  endfacet
  facet normal 0 0 1
    outer loop
      vertex -24.5729 97.2366 2.5
      vertex -24.5729 89.7634 2.5
      vertex -24.327 89.362 2.5
    endloop
  endfacet
  facet normal -0 0 1
    outer loop
      vertex -24.8787 96.8787 2.5
      vertex -24.5729 89.7634 2.5
      vertex -24.5729 97.2366 2.5
    endloop
  endfacet
  facet normal 0 0 1
    outer loop
      vertex -24.8787 96.8787 2.5
      vertex -24.8787 90.1213 2.5
      vertex -24.5729 89.7634 2.5
    endloop
  endfacet
  facet normal -0 0 1
    outer loop
      vertex -25.2366 96.573 2.5
      vertex -24.8787 90.1213 2.5
      vertex -24.8787 96.8787 2.5
    endloop
  endfacet
  facet normal 0 0 1
    outer loop
      vertex -25.2366 96.573 2.5
      vertex -25.2366 90.427 2.5
      vertex -24.8787 90.1213 2.5
    endloop
  endfacet
  facet normal -0 0 1
    outer loop
      vertex -25.638 96.327 2.5
      vertex -25.2366 90.427 2.5
      vertex -25.2366 96.573 2.5
    endloop
  endfacet
  facet normal 0 0 1
    outer loop
      vertex -25.638 96.327 2.5
      vertex -25.638 90.673 2.5
      vertex -25.2366 90.427 2.5
    endloop
  endfacet
  facet normal -0 0 1
    outer loop
      vertex -26.0729 96.1468 2.5
      vertex -25.638 90.673 2.5
      vertex -25.638 96.327 2.5
    endloop
  endfacet
  facet normal 0 0 1
    outer loop
      vertex -26.0729 96.1468 2.5
      vertex -26.0729 90.8532 2.5
      vertex -25.638 90.673 2.5
    endloop
  endfacet
  facet normal -0 0 1
    outer loop
      vertex -26.5307 96.0369 2.5
      vertex -26.0729 90.8532 2.5
      vertex -26.0729 96.1468 2.5
    endloop
  endfacet
  facet normal 0 0 1
    outer loop
      vertex -26.5307 96.0369 2.5
      vertex -26.5307 90.9631 2.5
      vertex -26.0729 90.8532 2.5
    endloop
  endfacet
  facet normal -0 0 1
    outer loop
      vertex -27 96 2.5
      vertex -26.5307 90.9631 2.5
      vertex -26.5307 96.0369 2.5
    endloop
  endfacet
  facet normal 0 0 1
    outer loop
      vertex -27 96 2.5
      vertex -27 91 2.5
      vertex -26.5307 90.9631 2.5
    endloop
  endfacet
  facet normal 0 0 1
    outer loop
      vertex -27.4693 96.0369 2.5
      vertex -27 91 2.5
      vertex -27 96 2.5
    endloop
  endfacet
  facet normal 0 0 1
    outer loop
      vertex -27.4693 96.0369 2.5
      vertex -27.4693 90.9631 2.5
      vertex -27 91 2.5
    endloop
  endfacet
  facet normal 0 0 1
    outer loop
      vertex -27.9271 96.1468 2.5
      vertex -27.4693 90.9631 2.5
      vertex -27.4693 96.0369 2.5
    endloop
  endfacet
  facet normal 0 0 1
    outer loop
      vertex -27.9271 96.1468 2.5
      vertex -27.9271 90.8532 2.5
      vertex -27.4693 90.9631 2.5
    endloop
  endfacet
  facet normal 0 0 1
    outer loop
      vertex -28.362 96.327 2.5
      vertex -27.9271 90.8532 2.5
      vertex -27.9271 96.1468 2.5
    endloop
  endfacet
  facet normal 0 0 1
    outer loop
      vertex -28.362 96.327 2.5
      vertex -28.362 90.673 2.5
      vertex -27.9271 90.8532 2.5
    endloop
  endfacet
  facet normal 0 0 1
    outer loop
      vertex -28.7634 96.573 2.5
      vertex -28.362 90.673 2.5
      vertex -28.362 96.327 2.5
    endloop
  endfacet
  facet normal 0 0 1
    outer loop
      vertex -28.7634 96.573 2.5
      vertex -28.7634 90.427 2.5
      vertex -28.362 90.673 2.5
    endloop
  endfacet
  facet normal 0 0 1
    outer loop
      vertex -33.7 90.5 2.5
      vertex -28.7634 96.573 2.5
      vertex -29.1213 96.8787 2.5
    endloop
  endfacet
  facet normal 0 0 1
    outer loop
      vertex -28.7634 96.573 2.5
      vertex -33.7 90.5 2.5
      vertex -28.7634 90.427 2.5
    endloop
  endfacet
  facet normal 0 0 1
    outer loop
      vertex -33.7 90.5 2.5
      vertex -29.1213 96.8787 2.5
      vertex -29.4271 97.2366 2.5
    endloop
  endfacet
  facet normal 0 0 1
    outer loop
      vertex -28.7634 90.427 2.5
      vertex -33.7 90.5 2.5
      vertex -29.1213 90.1213 2.5
    endloop
  endfacet
  facet normal 0 0 1
    outer loop
      vertex -33.7 90.5 2.5
      vertex -29.4271 97.2366 2.5
      vertex -29.673 97.638 2.5
    endloop
  endfacet
  facet normal 0 0 1
    outer loop
      vertex -29.1213 90.1213 2.5
      vertex -33.7 90.5 2.5
      vertex -29.4271 89.7634 2.5
    endloop
  endfacet
  facet normal 0 0 1
    outer loop
      vertex -33.7 90.5 2.5
      vertex -29.673 97.638 2.5
      vertex -29.8532 98.073 2.5
    endloop
  endfacet
  facet normal 0 0 1
    outer loop
      vertex -29.4271 89.7634 2.5
      vertex -33.7 90.5 2.5
      vertex -29.673 89.362 2.5
    endloop
  endfacet
  facet normal 0 0 1
    outer loop
      vertex -33.7 90.5 2.5
      vertex -29.8532 98.073 2.5
      vertex -29.9631 98.5307 2.5
    endloop
  endfacet
  facet normal 0 0 1
    outer loop
      vertex -29.673 89.362 2.5
      vertex -33.7 90.5 2.5
      vertex -29.8532 88.927 2.5
    endloop
  endfacet
  facet normal 0 0 1
    outer loop
      vertex -33.7 90.5 2.5
      vertex -29.9631 98.5307 2.5
      vertex -30 99 2.5
    endloop
  endfacet
  facet normal 0 0 1
    outer loop
      vertex -29.8532 88.927 2.5
      vertex -33.7 90.5 2.5
      vertex -29.9631 88.4693 2.5
    endloop
  endfacet
  facet normal 0 0 1
    outer loop
      vertex -22 114 2.5
      vertex -24 99 2.5
      vertex -22 84.5 2.5
    endloop
  endfacet
  facet normal 0 0 1
    outer loop
      vertex -22 114 2.5
      vertex -24.0369 99.4693 2.5
      vertex -24 99 2.5
    endloop
  endfacet
  facet normal 0 0 1
    outer loop
      vertex -22 114 2.5
      vertex -24.1468 99.927 2.5
      vertex -24.0369 99.4693 2.5
    endloop
  endfacet
  facet normal 0 0 1
    outer loop
      vertex -22 114 2.5
      vertex -24.327 100.362 2.5
      vertex -24.1468 99.927 2.5
    endloop
  endfacet
  facet normal 0 0 1
    outer loop
      vertex -22 114 2.5
      vertex -24.5729 100.763 2.5
      vertex -24.327 100.362 2.5
    endloop
  endfacet
  facet normal 0 0 1
    outer loop
      vertex -22 114 2.5
      vertex -24.8787 101.121 2.5
      vertex -24.5729 100.763 2.5
    endloop
  endfacet
  facet normal 0 0 1
    outer loop
      vertex -22 114 2.5
      vertex -25.2366 101.427 2.5
      vertex -24.8787 101.121 2.5
    endloop
  endfacet
  facet normal 0 0 1
    outer loop
      vertex -22 114 2.5
      vertex -25.638 101.673 2.5
      vertex -25.2366 101.427 2.5
    endloop
  endfacet
  facet normal 0 0 1
    outer loop
      vertex -22 114 2.5
      vertex -26.0729 101.853 2.5
      vertex -25.638 101.673 2.5
    endloop
  endfacet
  facet normal 0 0 1
    outer loop
      vertex -22 114 2.5
      vertex -26.5307 101.963 2.5
      vertex -26.0729 101.853 2.5
    endloop
  endfacet
  facet normal 0 0 1
    outer loop
      vertex -22 114 2.5
      vertex -27 102 2.5
      vertex -26.5307 101.963 2.5
    endloop
  endfacet
  facet normal -0 0 1
    outer loop
      vertex -33.7 111 2.5
      vertex -27 102 2.5
      vertex -22 114 2.5
    endloop
  endfacet
  facet normal 0 0 1
    outer loop
      vertex -27 102 2.5
      vertex -33.7 111 2.5
      vertex -27.4693 101.963 2.5
    endloop
  endfacet
  facet normal 0 0 1
    outer loop
      vertex -27.4693 101.963 2.5
      vertex -33.7 111 2.5
      vertex -27.9271 101.853 2.5
    endloop
  endfacet
  facet normal 0 0 1
    outer loop
      vertex -27.9271 101.853 2.5
      vertex -33.7 111 2.5
      vertex -28.362 101.673 2.5
    endloop
  endfacet
  facet normal 0 0 1
    outer loop
      vertex -28.362 101.673 2.5
      vertex -33.7 111 2.5
      vertex -28.7634 101.427 2.5
    endloop
  endfacet
  facet normal 0 0 1
    outer loop
      vertex -28.7634 101.427 2.5
      vertex -33.7 111 2.5
      vertex -29.1213 101.121 2.5
    endloop
  endfacet
  facet normal 0 0 1
    outer loop
      vertex -29.1213 101.121 2.5
      vertex -33.7 111 2.5
      vertex -29.4271 100.763 2.5
    endloop
  endfacet
  facet normal 0 0 1
    outer loop
      vertex -29.9631 99.4693 2.5
      vertex -33.7 90.5 2.5
      vertex -30 99 2.5
    endloop
  endfacet
  facet normal 0 0 1
    outer loop
      vertex -33.7 90.5 2.5
      vertex -29.9631 99.4693 2.5
      vertex -33.7 111 2.5
    endloop
  endfacet
  facet normal 0 0 1
    outer loop
      vertex -29.8532 99.927 2.5
      vertex -33.7 111 2.5
      vertex -29.9631 99.4693 2.5
    endloop
  endfacet
  facet normal 0 0 1
    outer loop
      vertex -29.673 100.362 2.5
      vertex -33.7 111 2.5
      vertex -29.8532 99.927 2.5
    endloop
  endfacet
  facet normal 0 0 1
    outer loop
      vertex -29.4271 100.763 2.5
      vertex -33.7 111 2.5
      vertex -29.673 100.362 2.5
    endloop
  endfacet
  facet normal -0 0 1
    outer loop
      vertex -62 114 2.5
      vertex -33.7 111 2.5
      vertex -22 114 2.5
    endloop
  endfacet
  facet normal 0 0 1
    outer loop
      vertex -54.5 111 2.5
      vertex -56.5 100 2.5
      vertex -54.5 90.5 2.5
    endloop
  endfacet
  facet normal 0 0 1
    outer loop
      vertex -54.5 111 2.5
      vertex -56.5369 100.469 2.5
      vertex -56.5 100 2.5
    endloop
  endfacet
  facet normal 0 0 1
    outer loop
      vertex -54.5 111 2.5
      vertex -56.6468 100.927 2.5
      vertex -56.5369 100.469 2.5
    endloop
  endfacet
  facet normal 0 0 1
    outer loop
      vertex -54.5 111 2.5
      vertex -56.827 101.362 2.5
      vertex -56.6468 100.927 2.5
    endloop
  endfacet
  facet normal 0 0 1
    outer loop
      vertex -54.5 111 2.5
      vertex -57.0729 101.763 2.5
      vertex -56.827 101.362 2.5
    endloop
  endfacet
  facet normal 0 0 1
    outer loop
      vertex -54.5 111 2.5
      vertex -57.3787 102.121 2.5
      vertex -57.0729 101.763 2.5
    endloop
  endfacet
  facet normal 0 0 1
    outer loop
      vertex -54.5 111 2.5
      vertex -57.7366 102.427 2.5
      vertex -57.3787 102.121 2.5
    endloop
  endfacet
  facet normal 0 0 1
    outer loop
      vertex -54.5 111 2.5
      vertex -58.138 102.673 2.5
      vertex -57.7366 102.427 2.5
    endloop
  endfacet
  facet normal 0 0 1
    outer loop
      vertex -54.5 111 2.5
      vertex -58.5729 102.853 2.5
      vertex -58.138 102.673 2.5
    endloop
  endfacet
  facet normal 0 0 1
    outer loop
      vertex -54.5 111 2.5
      vertex -59.0307 102.963 2.5
      vertex -58.5729 102.853 2.5
    endloop
  endfacet
  facet normal 0 0 1
    outer loop
      vertex -54.5 111 2.5
      vertex -59.5 103 2.5
      vertex -59.0307 102.963 2.5
    endloop
  endfacet
  facet normal 0 0 1
    outer loop
      vertex -62 114 2.5
      vertex -59.5 103 2.5
      vertex -54.5 111 2.5
    endloop
  endfacet
  facet normal 0 0 1
    outer loop
      vertex -59.5 103 2.5
      vertex -62 114 2.5
      vertex -59.9693 102.963 2.5
    endloop
  endfacet
  facet normal 0 0 1
    outer loop
      vertex -59.9693 102.963 2.5
      vertex -62 114 2.5
      vertex -60.4271 102.853 2.5
    endloop
  endfacet
  facet normal 0 0 1
    outer loop
      vertex -60.4271 102.853 2.5
      vertex -62 114 2.5
      vertex -60.862 102.673 2.5
    endloop
  endfacet
  facet normal 0 0 1
    outer loop
      vertex -60.862 102.673 2.5
      vertex -62 114 2.5
      vertex -61.2634 102.427 2.5
    endloop
  endfacet
  facet normal 0 0 1
    outer loop
      vertex -61.2634 102.427 2.5
      vertex -62 114 2.5
      vertex -61.6213 102.121 2.5
    endloop
  endfacet
  facet normal 0 0 1
    outer loop
      vertex -33.7 111 2.5
      vertex -62 114 2.5
      vertex -54.5 111 2.5
    endloop
  endfacet
  facet normal 0 0 1
    outer loop
      vertex -61.6213 102.121 2.5
      vertex -62 114 2.5
      vertex -61.9271 101.763 2.5
    endloop
  endfacet
  facet normal 0 0 1
    outer loop
      vertex -61.9271 101.763 2.5
      vertex -62 114 2.5
      vertex -62 101.644 2.5
    endloop
  endfacet
  facet normal -0 0 1
    outer loop
      vertex -24.0369 98.5307 2.5
      vertex -22 84.5 2.5
      vertex -24 99 2.5
    endloop
  endfacet
  facet normal -0 0 1
    outer loop
      vertex -24.0369 87.5307 2.5
      vertex -22 84.5 2.5
      vertex -24 88 2.5
    endloop
  endfacet
  facet normal -0 0 1
    outer loop
      vertex -24.1468 87.073 2.5
      vertex -22 84.5 2.5
      vertex -24.0369 87.5307 2.5
    endloop
  endfacet
  facet normal -0 0 1
    outer loop
      vertex -24.327 86.638 2.5
      vertex -22 84.5 2.5
      vertex -24.1468 87.073 2.5
    endloop
  endfacet
  facet normal -0 0 1
    outer loop
      vertex -24.5729 86.2366 2.5
      vertex -22 84.5 2.5
      vertex -24.327 86.638 2.5
    endloop
  endfacet
  facet normal -0 0 1
    outer loop
      vertex -24.8787 85.8787 2.5
      vertex -22 84.5 2.5
      vertex -24.5729 86.2366 2.5
    endloop
  endfacet
  facet normal -0 0 1
    outer loop
      vertex -25.2366 85.573 2.5
      vertex -22 84.5 2.5
      vertex -24.8787 85.8787 2.5
    endloop
  endfacet
  facet normal -0 0 1
    outer loop
      vertex -25.638 85.327 2.5
      vertex -22 84.5 2.5
      vertex -25.2366 85.573 2.5
    endloop
  endfacet
  facet normal -0 0 1
    outer loop
      vertex -26.0729 85.1468 2.5
      vertex -22 84.5 2.5
      vertex -25.638 85.327 2.5
    endloop
  endfacet
  facet normal -0 0 1
    outer loop
      vertex -26.5307 85.0369 2.5
      vertex -22 84.5 2.5
      vertex -26.0729 85.1468 2.5
    endloop
  endfacet
  facet normal -0 0 1
    outer loop
      vertex -27 85 2.5
      vertex -22 84.5 2.5
      vertex -26.5307 85.0369 2.5
    endloop
  endfacet
  facet normal 0 0 1
    outer loop
      vertex -27.4693 85.0369 2.5
      vertex -22 84.5 2.5
      vertex -27 85 2.5
    endloop
  endfacet
  facet normal 0 0 1
    outer loop
      vertex -29.9631 88.4693 2.5
      vertex -33.7 90.5 2.5
      vertex -30 88 2.5
    endloop
  endfacet
  facet normal 0 0 1
    outer loop
      vertex -30 88 2.5
      vertex -33.7 90.5 2.5
      vertex -29.9631 87.5307 2.5
    endloop
  endfacet
  facet normal 0 0 1
    outer loop
      vertex -33.7 90.5 2.5
      vertex -29.8532 87.073 2.5
      vertex -29.9631 87.5307 2.5
    endloop
  endfacet
  facet normal 0 0 1
    outer loop
      vertex -33.7 90.5 2.5
      vertex -29.673 86.638 2.5
      vertex -29.8532 87.073 2.5
    endloop
  endfacet
  facet normal 0 0 1
    outer loop
      vertex -33.7 90.5 2.5
      vertex -29.4271 86.2366 2.5
      vertex -29.673 86.638 2.5
    endloop
  endfacet
  facet normal -0 0 1
    outer loop
      vertex -54.5 90.5 2.5
      vertex -29.4271 86.2366 2.5
      vertex -33.7 90.5 2.5
    endloop
  endfacet
  facet normal 0 0 1
    outer loop
      vertex -29.4271 86.2366 2.5
      vertex -54.5 90.5 2.5
      vertex -29.1213 85.8787 2.5
    endloop
  endfacet
  facet normal 0 0 1
    outer loop
      vertex -62 84.5 2.5
      vertex -29.1213 85.8787 2.5
      vertex -54.5 90.5 2.5
    endloop
  endfacet
  facet normal 0 0 1
    outer loop
      vertex -29.1213 85.8787 2.5
      vertex -62 84.5 2.5
      vertex -28.7634 85.573 2.5
    endloop
  endfacet
  facet normal 0 0 1
    outer loop
      vertex -28.7634 85.573 2.5
      vertex -62 84.5 2.5
      vertex -28.362 85.327 2.5
    endloop
  endfacet
  facet normal 0 0 1
    outer loop
      vertex -28.362 85.327 2.5
      vertex -62 84.5 2.5
      vertex -27.9271 85.1468 2.5
    endloop
  endfacet
  facet normal -0 0 1
    outer loop
      vertex -56.5369 99.5307 2.5
      vertex -54.5 90.5 2.5
      vertex -56.5 100 2.5
    endloop
  endfacet
  facet normal -0 0 1
    outer loop
      vertex -56.6468 99.073 2.5
      vertex -54.5 90.5 2.5
      vertex -56.5369 99.5307 2.5
    endloop
  endfacet
  facet normal -0 0 1
    outer loop
      vertex -56.827 98.638 2.5
      vertex -54.5 90.5 2.5
      vertex -56.6468 99.073 2.5
    endloop
  endfacet
  facet normal -0 0 1
    outer loop
      vertex -57.0729 98.2366 2.5
      vertex -54.5 90.5 2.5
      vertex -56.827 98.638 2.5
    endloop
  endfacet
  facet normal -0 0 1
    outer loop
      vertex -57.3787 97.8787 2.5
      vertex -54.5 90.5 2.5
      vertex -57.0729 98.2366 2.5
    endloop
  endfacet
  facet normal -0 0 1
    outer loop
      vertex -57.7366 97.573 2.5
      vertex -54.5 90.5 2.5
      vertex -57.3787 97.8787 2.5
    endloop
  endfacet
  facet normal -0 0 1
    outer loop
      vertex -58.138 97.327 2.5
      vertex -54.5 90.5 2.5
      vertex -57.7366 97.573 2.5
    endloop
  endfacet
  facet normal -0 0 1
    outer loop
      vertex -58.5729 97.1468 2.5
      vertex -54.5 90.5 2.5
      vertex -58.138 97.327 2.5
    endloop
  endfacet
  facet normal -0 0 1
    outer loop
      vertex -59.0307 97.0369 2.5
      vertex -54.5 90.5 2.5
      vertex -58.5729 97.1468 2.5
    endloop
  endfacet
  facet normal -0 0 1
    outer loop
      vertex -59.5 97 2.5
      vertex -54.5 90.5 2.5
      vertex -59.0307 97.0369 2.5
    endloop
  endfacet
  facet normal 0 0 1
    outer loop
      vertex -59.9693 97.0369 2.5
      vertex -54.5 90.5 2.5
      vertex -59.5 97 2.5
    endloop
  endfacet
  facet normal 0 0 1
    outer loop
      vertex -62 84.5 2.5
      vertex -59.9693 97.0369 2.5
      vertex -60.4271 97.1468 2.5
    endloop
  endfacet
  facet normal 0 0 1
    outer loop
      vertex -62 84.5 2.5
      vertex -60.4271 97.1468 2.5
      vertex -60.862 97.327 2.5
    endloop
  endfacet
  facet normal 0 0 1
    outer loop
      vertex -62 84.5 2.5
      vertex -60.862 97.327 2.5
      vertex -61.2634 97.573 2.5
    endloop
  endfacet
  facet normal 0 0 1
    outer loop
      vertex -62 84.5 2.5
      vertex -61.2634 97.573 2.5
      vertex -61.6213 97.8787 2.5
    endloop
  endfacet
  facet normal 0 0 1
    outer loop
      vertex -27.4693 85.0369 2.5
      vertex -62 84.5 2.5
      vertex -22 84.5 2.5
    endloop
  endfacet
  facet normal 0 0 1
    outer loop
      vertex -27.9271 85.1468 2.5
      vertex -62 84.5 2.5
      vertex -27.4693 85.0369 2.5
    endloop
  endfacet
  facet normal 0 0 1
    outer loop
      vertex -59.9693 97.0369 2.5
      vertex -62 84.5 2.5
      vertex -54.5 90.5 2.5
    endloop
  endfacet
  facet normal 0 0 1
    outer loop
      vertex -61.9271 98.2366 2.5
      vertex -62 84.5 2.5
      vertex -61.6213 97.8787 2.5
    endloop
  endfacet
  facet normal 0 0 1
    outer loop
      vertex -62 84.5 2.5
      vertex -61.9271 98.2366 2.5
      vertex -62 98.3557 2.5
    endloop
  endfacet
  facet normal 0 0 -1
    outer loop
      vertex -25.3832 88.5253 0
      vertex -22 84.5 0
      vertex -25.3209 88.2659 0
    endloop
  endfacet
  facet normal 0 0 -1
    outer loop
      vertex -22 84.5 0
      vertex -25.3209 98.7341 0
      vertex -25.3 99 0
    endloop
  endfacet
  facet normal 0 0 -1
    outer loop
      vertex -25.4853 88.7718 0
      vertex -22 84.5 0
      vertex -25.3832 88.5253 0
    endloop
  endfacet
  facet normal 0 0 -1
    outer loop
      vertex -22 84.5 0
      vertex -25.3832 98.4747 0
      vertex -25.3209 98.7341 0
    endloop
  endfacet
  facet normal 0 0 -1
    outer loop
      vertex -25.4853 98.2282 0
      vertex -22 84.5 0
      vertex -25.4853 88.7718 0
    endloop
  endfacet
  facet normal 0 0 -1
    outer loop
      vertex -22 84.5 0
      vertex -25.4853 98.2282 0
      vertex -25.3832 98.4747 0
    endloop
  endfacet
  facet normal 0 0 -1
    outer loop
      vertex -25.6247 88.9992 0
      vertex -25.4853 98.2282 0
      vertex -25.4853 88.7718 0
    endloop
  endfacet
  facet normal 0 0 -1
    outer loop
      vertex -25.6247 88.9992 0
      vertex -25.6247 98.0008 0
      vertex -25.4853 98.2282 0
    endloop
  endfacet
  facet normal 0 0 -1
    outer loop
      vertex -25.7979 89.2021 0
      vertex -25.6247 98.0008 0
      vertex -25.6247 88.9992 0
    endloop
  endfacet
  facet normal 0 0 -1
    outer loop
      vertex -25.7979 89.2021 0
      vertex -25.7979 97.7979 0
      vertex -25.6247 98.0008 0
    endloop
  endfacet
  facet normal 0 0 -1
    outer loop
      vertex -26.0008 89.3753 0
      vertex -25.7979 97.7979 0
      vertex -25.7979 89.2021 0
    endloop
  endfacet
  facet normal 0 0 -1
    outer loop
      vertex -26.0008 89.3753 0
      vertex -26.0008 97.6247 0
      vertex -25.7979 97.7979 0
    endloop
  endfacet
  facet normal 0 0 -1
    outer loop
      vertex -26.2282 89.5147 0
      vertex -26.0008 97.6247 0
      vertex -26.0008 89.3753 0
    endloop
  endfacet
  facet normal 0 0 -1
    outer loop
      vertex -26.2282 89.5147 0
      vertex -26.2282 97.4853 0
      vertex -26.0008 97.6247 0
    endloop
  endfacet
  facet normal 0 0 -1
    outer loop
      vertex -26.4747 89.6168 0
      vertex -26.2282 97.4853 0
      vertex -26.2282 89.5147 0
    endloop
  endfacet
  facet normal 0 0 -1
    outer loop
      vertex -26.4747 89.6168 0
      vertex -26.4747 97.3832 0
      vertex -26.2282 97.4853 0
    endloop
  endfacet
  facet normal 0 0 -1
    outer loop
      vertex -26.7341 89.6791 0
      vertex -26.4747 97.3832 0
      vertex -26.4747 89.6168 0
    endloop
  endfacet
  facet normal 0 0 -1
    outer loop
      vertex -26.7341 89.6791 0
      vertex -26.7341 97.3209 0
      vertex -26.4747 97.3832 0
    endloop
  endfacet
  facet normal 0 0 -1
    outer loop
      vertex -27 89.7 0
      vertex -26.7341 97.3209 0
      vertex -26.7341 89.6791 0
    endloop
  endfacet
  facet normal 0 0 -1
    outer loop
      vertex -27 89.7 0
      vertex -27 97.3 0
      vertex -26.7341 97.3209 0
    endloop
  endfacet
  facet normal 0 0 -1
    outer loop
      vertex -27.2659 89.6791 0
      vertex -27 97.3 0
      vertex -27 89.7 0
    endloop
  endfacet
  facet normal 0 0 -1
    outer loop
      vertex -27.2659 89.6791 0
      vertex -27.2659 97.3209 0
      vertex -27 97.3 0
    endloop
  endfacet
  facet normal 0 0 -1
    outer loop
      vertex -27.5253 89.6168 0
      vertex -27.2659 97.3209 0
      vertex -27.2659 89.6791 0
    endloop
  endfacet
  facet normal 0 0 -1
    outer loop
      vertex -27.5253 89.6168 0
      vertex -27.5253 97.3832 0
      vertex -27.2659 97.3209 0
    endloop
  endfacet
  facet normal 0 0 -1
    outer loop
      vertex -27.7718 89.5147 0
      vertex -27.5253 97.3832 0
      vertex -27.5253 89.6168 0
    endloop
  endfacet
  facet normal 0 0 -1
    outer loop
      vertex -27.7718 89.5147 0
      vertex -27.7718 97.4853 0
      vertex -27.5253 97.3832 0
    endloop
  endfacet
  facet normal 0 0 -1
    outer loop
      vertex -27.9992 89.3753 0
      vertex -27.7718 97.4853 0
      vertex -27.7718 89.5147 0
    endloop
  endfacet
  facet normal 0 0 -1
    outer loop
      vertex -27.9992 89.3753 0
      vertex -27.9992 97.6247 0
      vertex -27.7718 97.4853 0
    endloop
  endfacet
  facet normal 0 0 -1
    outer loop
      vertex -28.2021 89.2021 0
      vertex -27.9992 97.6247 0
      vertex -27.9992 89.3753 0
    endloop
  endfacet
  facet normal 0 0 -1
    outer loop
      vertex -28.2021 89.2021 0
      vertex -28.2021 97.7979 0
      vertex -27.9992 97.6247 0
    endloop
  endfacet
  facet normal 0 0 -1
    outer loop
      vertex -28.3753 88.9992 0
      vertex -28.2021 97.7979 0
      vertex -28.2021 89.2021 0
    endloop
  endfacet
  facet normal 0 0 -1
    outer loop
      vertex -28.3753 88.9992 0
      vertex -28.3753 98.0008 0
      vertex -28.2021 97.7979 0
    endloop
  endfacet
  facet normal 0 0 -1
    outer loop
      vertex -28.5147 88.7718 0
      vertex -28.3753 98.0008 0
      vertex -28.3753 88.9992 0
    endloop
  endfacet
  facet normal 0 0 -1
    outer loop
      vertex -28.5147 88.7718 0
      vertex -28.5147 98.2282 0
      vertex -28.3753 98.0008 0
    endloop
  endfacet
  facet normal 0 0 -1
    outer loop
      vertex -28.6168 88.5253 0
      vertex -28.5147 98.2282 0
      vertex -28.5147 88.7718 0
    endloop
  endfacet
  facet normal 0 0 -1
    outer loop
      vertex -28.6168 88.5253 0
      vertex -28.6168 98.4747 0
      vertex -28.5147 98.2282 0
    endloop
  endfacet
  facet normal 0 0 -1
    outer loop
      vertex -57.9853 99.2282 0
      vertex -28.6168 88.5253 0
      vertex -28.6791 88.2659 0
    endloop
  endfacet
  facet normal 0 0 -1
    outer loop
      vertex -28.6168 88.5253 0
      vertex -57.8832 99.4747 0
      vertex -28.6168 98.4747 0
    endloop
  endfacet
  facet normal 0 0 -1
    outer loop
      vertex -58.1247 99.0008 0
      vertex -28.6791 88.2659 0
      vertex -28.7 88 0
    endloop
  endfacet
  facet normal 0 0 -1
    outer loop
      vertex -28.6168 98.4747 0
      vertex -57.8832 99.4747 0
      vertex -28.6791 98.7341 0
    endloop
  endfacet
  facet normal 0 0 -1
    outer loop
      vertex -25.3209 88.2659 0
      vertex -22 84.5 0
      vertex -25.3 88 0
    endloop
  endfacet
  facet normal 0 0 -1
    outer loop
      vertex -22 84.5 0
      vertex -25.3209 87.7341 0
      vertex -25.3 88 0
    endloop
  endfacet
  facet normal 0 0 -1
    outer loop
      vertex -22 84.5 0
      vertex -25.3832 87.4747 0
      vertex -25.3209 87.7341 0
    endloop
  endfacet
  facet normal 0 0 -1
    outer loop
      vertex -22 84.5 0
      vertex -25.4853 87.2282 0
      vertex -25.3832 87.4747 0
    endloop
  endfacet
  facet normal 0 0 -1
    outer loop
      vertex -22 84.5 0
      vertex -25.6247 87.0008 0
      vertex -25.4853 87.2282 0
    endloop
  endfacet
  facet normal 0 0 -1
    outer loop
      vertex -22 84.5 0
      vertex -25.7979 86.7979 0
      vertex -25.6247 87.0008 0
    endloop
  endfacet
  facet normal 0 0 -1
    outer loop
      vertex -22 84.5 0
      vertex -26.0008 86.6247 0
      vertex -25.7979 86.7979 0
    endloop
  endfacet
  facet normal 0 0 -1
    outer loop
      vertex -22 84.5 0
      vertex -26.2282 86.4853 0
      vertex -26.0008 86.6247 0
    endloop
  endfacet
  facet normal 0 0 -1
    outer loop
      vertex -22 84.5 0
      vertex -26.4747 86.3832 0
      vertex -26.2282 86.4853 0
    endloop
  endfacet
  facet normal 0 0 -1
    outer loop
      vertex -22 84.5 0
      vertex -26.7341 86.3209 0
      vertex -26.4747 86.3832 0
    endloop
  endfacet
  facet normal 0 0 -1
    outer loop
      vertex -22 84.5 0
      vertex -27 86.3 0
      vertex -26.7341 86.3209 0
    endloop
  endfacet
  facet normal 0 0 -1
    outer loop
      vertex -22 84.5 0
      vertex -27.2659 86.3209 0
      vertex -27 86.3 0
    endloop
  endfacet
  facet normal 0 0 -1
    outer loop
      vertex -22 84.5 0
      vertex -27.5253 86.3832 0
      vertex -27.2659 86.3209 0
    endloop
  endfacet
  facet normal 0 -0 -1
    outer loop
      vertex -57.8209 99.7341 0
      vertex -28.6791 98.7341 0
      vertex -57.8832 99.4747 0
    endloop
  endfacet
  facet normal 0 0 -1
    outer loop
      vertex -62 84.5 0
      vertex -28.7 88 0
      vertex -28.6791 87.7341 0
    endloop
  endfacet
  facet normal 0 0 -1
    outer loop
      vertex -62 84.5 0
      vertex -28.6791 87.7341 0
      vertex -28.6168 87.4747 0
    endloop
  endfacet
  facet normal 0 0 -1
    outer loop
      vertex -62 84.5 0
      vertex -28.6168 87.4747 0
      vertex -28.5147 87.2282 0
    endloop
  endfacet
  facet normal 0 0 -1
    outer loop
      vertex -62 84.5 0
      vertex -28.5147 87.2282 0
      vertex -28.3753 87.0008 0
    endloop
  endfacet
  facet normal 0 0 -1
    outer loop
      vertex -62 84.5 0
      vertex -28.3753 87.0008 0
      vertex -28.2021 86.7979 0
    endloop
  endfacet
  facet normal 0 0 -1
    outer loop
      vertex -62 84.5 0
      vertex -28.2021 86.7979 0
      vertex -27.9992 86.6247 0
    endloop
  endfacet
  facet normal 0 0 -1
    outer loop
      vertex -62 84.5 0
      vertex -27.9992 86.6247 0
      vertex -27.7718 86.4853 0
    endloop
  endfacet
  facet normal 0 0 -1
    outer loop
      vertex -28.7 99 0
      vertex -57.8209 99.7341 0
      vertex -57.8 100 0
    endloop
  endfacet
  facet normal 0 0 -1
    outer loop
      vertex -28.6791 98.7341 0
      vertex -57.8209 99.7341 0
      vertex -28.7 99 0
    endloop
  endfacet
  facet normal 0 0 -1
    outer loop
      vertex -28.6168 88.5253 0
      vertex -57.9853 99.2282 0
      vertex -57.8832 99.4747 0
    endloop
  endfacet
  facet normal 0 0 -1
    outer loop
      vertex -28.6791 88.2659 0
      vertex -58.1247 99.0008 0
      vertex -57.9853 99.2282 0
    endloop
  endfacet
  facet normal 0 0 -1
    outer loop
      vertex -62 84.5 0
      vertex -27.7718 86.4853 0
      vertex -27.5253 86.3832 0
    endloop
  endfacet
  facet normal 0 0 -1
    outer loop
      vertex -28.7 88 0
      vertex -58.2979 98.7979 0
      vertex -58.1247 99.0008 0
    endloop
  endfacet
  facet normal -0 0 -1
    outer loop
      vertex -28.7 88 0
      vertex -62 84.5 0
      vertex -58.2979 98.7979 0
    endloop
  endfacet
  facet normal 0 0 -1
    outer loop
      vertex -58.2979 98.7979 0
      vertex -62 84.5 0
      vertex -58.5008 98.6247 0
    endloop
  endfacet
  facet normal 0 0 -1
    outer loop
      vertex -58.5008 98.6247 0
      vertex -62 84.5 0
      vertex -58.7282 98.4853 0
    endloop
  endfacet
  facet normal 0 0 -1
    outer loop
      vertex -58.7282 98.4853 0
      vertex -62 84.5 0
      vertex -58.9747 98.3832 0
    endloop
  endfacet
  facet normal 0 0 -1
    outer loop
      vertex -58.9747 98.3832 0
      vertex -62 84.5 0
      vertex -59.2341 98.3209 0
    endloop
  endfacet
  facet normal 0 0 -1
    outer loop
      vertex -59.2341 98.3209 0
      vertex -62 84.5 0
      vertex -59.5 98.3 0
    endloop
  endfacet
  facet normal -0 0 -1
    outer loop
      vertex -59.5 98.3 0
      vertex -62 84.5 0
      vertex -59.7659 98.3209 0
    endloop
  endfacet
  facet normal -0 0 -1
    outer loop
      vertex -61.1791 99.7341 0
      vertex -62 84.5 0
      vertex -61.2 100 0
    endloop
  endfacet
  facet normal -0 0 -1
    outer loop
      vertex -61.1168 99.4747 0
      vertex -62 84.5 0
      vertex -61.1791 99.7341 0
    endloop
  endfacet
  facet normal -0 0 -1
    outer loop
      vertex -61.0147 99.2282 0
      vertex -62 84.5 0
      vertex -61.1168 99.4747 0
    endloop
  endfacet
  facet normal -0 0 -1
    outer loop
      vertex -60.8753 99.0008 0
      vertex -62 84.5 0
      vertex -61.0147 99.2282 0
    endloop
  endfacet
  facet normal -0 0 -1
    outer loop
      vertex -60.7021 98.7979 0
      vertex -62 84.5 0
      vertex -60.8753 99.0008 0
    endloop
  endfacet
  facet normal -0 0 -1
    outer loop
      vertex -60.4992 98.6247 0
      vertex -62 84.5 0
      vertex -60.7021 98.7979 0
    endloop
  endfacet
  facet normal -0 0 -1
    outer loop
      vertex -60.2718 98.4853 0
      vertex -62 84.5 0
      vertex -60.4992 98.6247 0
    endloop
  endfacet
  facet normal -0 0 -1
    outer loop
      vertex -60.0253 98.3832 0
      vertex -62 84.5 0
      vertex -60.2718 98.4853 0
    endloop
  endfacet
  facet normal -0 0 -1
    outer loop
      vertex -59.7659 98.3209 0
      vertex -62 84.5 0
      vertex -60.0253 98.3832 0
    endloop
  endfacet
  facet normal 0 0 -1
    outer loop
      vertex -62 84.5 0
      vertex -27.5253 86.3832 0
      vertex -22 84.5 0
    endloop
  endfacet
  facet normal 0 0 -1
    outer loop
      vertex -22 84.5 0
      vertex -25.3 99 0
      vertex -22 114 0
    endloop
  endfacet
  facet normal 0 0 -1
    outer loop
      vertex -25.3209 99.2659 0
      vertex -22 114 0
      vertex -25.3 99 0
    endloop
  endfacet
  facet normal 0 0 -1
    outer loop
      vertex -25.3832 99.5253 0
      vertex -22 114 0
      vertex -25.3209 99.2659 0
    endloop
  endfacet
  facet normal 0 0 -1
    outer loop
      vertex -25.4853 99.7718 0
      vertex -22 114 0
      vertex -25.3832 99.5253 0
    endloop
  endfacet
  facet normal 0 0 -1
    outer loop
      vertex -25.6247 99.9992 0
      vertex -22 114 0
      vertex -25.4853 99.7718 0
    endloop
  endfacet
  facet normal 0 0 -1
    outer loop
      vertex -25.7979 100.202 0
      vertex -22 114 0
      vertex -25.6247 99.9992 0
    endloop
  endfacet
  facet normal 0 0 -1
    outer loop
      vertex -26.0008 100.375 0
      vertex -22 114 0
      vertex -25.7979 100.202 0
    endloop
  endfacet
  facet normal 0 0 -1
    outer loop
      vertex -26.2282 100.515 0
      vertex -22 114 0
      vertex -26.0008 100.375 0
    endloop
  endfacet
  facet normal 0 0 -1
    outer loop
      vertex -26.4747 100.617 0
      vertex -22 114 0
      vertex -26.2282 100.515 0
    endloop
  endfacet
  facet normal 0 0 -1
    outer loop
      vertex -26.7341 100.679 0
      vertex -22 114 0
      vertex -26.4747 100.617 0
    endloop
  endfacet
  facet normal 0 0 -1
    outer loop
      vertex -27 100.7 0
      vertex -22 114 0
      vertex -26.7341 100.679 0
    endloop
  endfacet
  facet normal 0 0 -1
    outer loop
      vertex -27.2659 100.679 0
      vertex -22 114 0
      vertex -27 100.7 0
    endloop
  endfacet
  facet normal 0 0 -1
    outer loop
      vertex -27.5253 100.617 0
      vertex -22 114 0
      vertex -27.2659 100.679 0
    endloop
  endfacet
  facet normal 0 0 -1
    outer loop
      vertex -27.7718 100.515 0
      vertex -22 114 0
      vertex -27.5253 100.617 0
    endloop
  endfacet
  facet normal 0 0 -1
    outer loop
      vertex -27.9992 100.375 0
      vertex -22 114 0
      vertex -27.7718 100.515 0
    endloop
  endfacet
  facet normal 0 0 -1
    outer loop
      vertex -28.2021 100.202 0
      vertex -22 114 0
      vertex -27.9992 100.375 0
    endloop
  endfacet
  facet normal 0 0 -1
    outer loop
      vertex -62 114 0
      vertex -28.2021 100.202 0
      vertex -28.3753 99.9992 0
    endloop
  endfacet
  facet normal 0 0 -1
    outer loop
      vertex -57.9853 100.772 0
      vertex -28.3753 99.9992 0
      vertex -28.5147 99.7718 0
    endloop
  endfacet
  facet normal 0 0 -1
    outer loop
      vertex -57.8 100 0
      vertex -28.6791 99.2659 0
      vertex -28.7 99 0
    endloop
  endfacet
  facet normal 0 0 -1
    outer loop
      vertex -57.8209 100.266 0
      vertex -28.6791 99.2659 0
      vertex -57.8 100 0
    endloop
  endfacet
  facet normal 0 0 -1
    outer loop
      vertex -28.6791 99.2659 0
      vertex -57.8209 100.266 0
      vertex -28.6168 99.5253 0
    endloop
  endfacet
  facet normal 0 0 -1
    outer loop
      vertex -57.8832 100.525 0
      vertex -28.6168 99.5253 0
      vertex -57.8209 100.266 0
    endloop
  endfacet
  facet normal 0 0 -1
    outer loop
      vertex -28.6168 99.5253 0
      vertex -57.8832 100.525 0
      vertex -28.5147 99.7718 0
    endloop
  endfacet
  facet normal 0 0 -1
    outer loop
      vertex -57.9853 100.772 0
      vertex -28.5147 99.7718 0
      vertex -57.8832 100.525 0
    endloop
  endfacet
  facet normal 0 0 -1
    outer loop
      vertex -28.3753 99.9992 0
      vertex -57.9853 100.772 0
      vertex -58.1247 100.999 0
    endloop
  endfacet
  facet normal 0 0 -1
    outer loop
      vertex -28.3753 99.9992 0
      vertex -58.1247 100.999 0
      vertex -62 114 0
    endloop
  endfacet
  facet normal 0 0 -1
    outer loop
      vertex -62 114 0
      vertex -58.1247 100.999 0
      vertex -58.2979 101.202 0
    endloop
  endfacet
  facet normal 0 0 -1
    outer loop
      vertex -62 114 0
      vertex -58.2979 101.202 0
      vertex -58.5008 101.375 0
    endloop
  endfacet
  facet normal 0 0 -1
    outer loop
      vertex -62 114 0
      vertex -58.5008 101.375 0
      vertex -58.7282 101.515 0
    endloop
  endfacet
  facet normal 0 0 -1
    outer loop
      vertex -62 114 0
      vertex -58.7282 101.515 0
      vertex -58.9747 101.617 0
    endloop
  endfacet
  facet normal 0 0 -1
    outer loop
      vertex -62 114 0
      vertex -58.9747 101.617 0
      vertex -59.2341 101.679 0
    endloop
  endfacet
  facet normal 0 0 -1
    outer loop
      vertex -62 114 0
      vertex -59.2341 101.679 0
      vertex -59.5 101.7 0
    endloop
  endfacet
  facet normal 0 0 -1
    outer loop
      vertex -62 114 0
      vertex -59.5 101.7 0
      vertex -59.7659 101.679 0
    endloop
  endfacet
  facet normal 0 0 -1
    outer loop
      vertex -62 114 0
      vertex -59.7659 101.679 0
      vertex -60.0253 101.617 0
    endloop
  endfacet
  facet normal 0 0 -1
    outer loop
      vertex -28.2021 100.202 0
      vertex -62 114 0
      vertex -22 114 0
    endloop
  endfacet
  facet normal 0 0 -1
    outer loop
      vertex -60.2718 101.515 0
      vertex -62 114 0
      vertex -60.0253 101.617 0
    endloop
  endfacet
  facet normal 0 0 -1
    outer loop
      vertex -60.4992 101.375 0
      vertex -62 114 0
      vertex -60.2718 101.515 0
    endloop
  endfacet
  facet normal 0 0 -1
    outer loop
      vertex -60.7021 101.202 0
      vertex -62 114 0
      vertex -60.4992 101.375 0
    endloop
  endfacet
  facet normal 0 0 -1
    outer loop
      vertex -60.8753 100.999 0
      vertex -62 114 0
      vertex -60.7021 101.202 0
    endloop
  endfacet
  facet normal 0 0 -1
    outer loop
      vertex -61.0147 100.772 0
      vertex -62 114 0
      vertex -60.8753 100.999 0
    endloop
  endfacet
  facet normal 0 0 -1
    outer loop
      vertex -61.1168 100.525 0
      vertex -62 114 0
      vertex -61.0147 100.772 0
    endloop
  endfacet
  facet normal 0 0 -1
    outer loop
      vertex -61.1791 100.266 0
      vertex -62 114 0
      vertex -61.1168 100.525 0
    endloop
  endfacet
  facet normal 0 0 -1
    outer loop
      vertex -61.2 100 0
      vertex -62 114 0
      vertex -61.1791 100.266 0
    endloop
  endfacet
  facet normal 0 0 -1
    outer loop
      vertex -62 114 0
      vertex -61.2 100 0
      vertex -62 84.5 0
    endloop
  endfacet
  facet normal 1 -0 0
    outer loop
      vertex -33.7 90.5 2.9
      vertex -33.7 111 2.5
      vertex -33.7 111 2.9
    endloop
  endfacet
  facet normal 1 0 0
    outer loop
      vertex -33.7 111 2.5
      vertex -33.7 90.5 2.9
      vertex -33.7 90.5 2.5
    endloop
  endfacet
  facet normal 0 -1 0
    outer loop
      vertex -54.5 90.5 2.5
      vertex -33.7 90.5 2.9
      vertex -54.5 90.5 2.9
    endloop
  endfacet
  facet normal 0 -1 -0
    outer loop
      vertex -33.7 90.5 2.9
      vertex -54.5 90.5 2.5
      vertex -33.7 90.5 2.5
    endloop
  endfacet
  facet normal 0 1 -0
    outer loop
      vertex -33.7 111 2.5
      vertex -54.5 111 2.9
      vertex -33.7 111 2.9
    endloop
  endfacet
  facet normal 0 1 0
    outer loop
      vertex -54.5 111 2.9
      vertex -33.7 111 2.5
      vertex -54.5 111 2.5
    endloop
  endfacet
  facet normal -1 0 0
    outer loop
      vertex -54.5 90.5 2.5
      vertex -54.5 111 2.9
      vertex -54.5 111 2.5
    endloop
  endfacet
  facet normal -1 -0 0
    outer loop
      vertex -54.5 111 2.9
      vertex -54.5 90.5 2.5
      vertex -54.5 90.5 2.9
    endloop
  endfacet
  facet normal -0 0 1
    outer loop
      vertex -54.5 111 2.9
      vertex -33.7 90.5 2.9
      vertex -33.7 111 2.9
    endloop
  endfacet
  facet normal 0 0 1
    outer loop
      vertex -33.7 90.5 2.9
      vertex -54.5 111 2.9
      vertex -54.5 90.5 2.9
    endloop
  endfacet
  facet normal -0.97235 -0.233529 0
    outer loop
      vertex -25.3209 88.2659 0
      vertex -25.3832 88.5253 0.7
      vertex -25.3832 88.5253 0
    endloop
  endfacet
  facet normal -0.97235 -0.233529 0
    outer loop
      vertex -25.3832 88.5253 0.7
      vertex -25.3209 88.2659 0
      vertex -25.3209 88.2659 0.7
    endloop
  endfacet
  facet normal -0.996925 -0.0783593 0
    outer loop
      vertex -25.3 88 0
      vertex -25.3209 88.2659 0.7
      vertex -25.3209 88.2659 0
    endloop
  endfacet
  facet normal -0.996925 -0.0783593 0
    outer loop
      vertex -25.3209 88.2659 0.7
      vertex -25.3 88 0
      vertex -25.3 88 0.7
    endloop
  endfacet
  facet normal -0.923884 -0.382672 0
    outer loop
      vertex -25.3832 88.5253 0
      vertex -25.4853 88.7718 0.7
      vertex -25.4853 88.7718 0
    endloop
  endfacet
  facet normal -0.923884 -0.382672 0
    outer loop
      vertex -25.4853 88.7718 0.7
      vertex -25.3832 88.5253 0
      vertex -25.3832 88.5253 0.7
    endloop
  endfacet
  facet normal -0.522632 0.852558 0
    outer loop
      vertex -26.0008 86.6247 0
      vertex -26.2282 86.4853 0.7
      vertex -26.0008 86.6247 0.7
    endloop
  endfacet
  facet normal -0.522632 0.852558 0
    outer loop
      vertex -26.2282 86.4853 0.7
      vertex -26.0008 86.6247 0
      vertex -26.2282 86.4853 0
    endloop
  endfacet
  facet normal 0.923884 -0.382672 0
    outer loop
      vertex -28.6168 88.5253 0.7
      vertex -28.5147 88.7718 0
      vertex -28.5147 88.7718 0.7
    endloop
  endfacet
  facet normal 0.923884 -0.382672 0
    outer loop
      vertex -28.5147 88.7718 0
      vertex -28.6168 88.5253 0.7
      vertex -28.6168 88.5253 0
    endloop
  endfacet
  facet normal 0.522632 0.852558 -0
    outer loop
      vertex -27.7718 86.4853 0
      vertex -27.9992 86.6247 0.7
      vertex -27.7718 86.4853 0.7
    endloop
  endfacet
  facet normal 0.522632 0.852558 0
    outer loop
      vertex -27.9992 86.6247 0.7
      vertex -27.7718 86.4853 0
      vertex -27.9992 86.6247 0
    endloop
  endfacet
  facet normal -0.382672 0.923884 0
    outer loop
      vertex -26.2282 86.4853 0
      vertex -26.4747 86.3832 0.7
      vertex -26.2282 86.4853 0.7
    endloop
  endfacet
  facet normal -0.382672 0.923884 0
    outer loop
      vertex -26.4747 86.3832 0.7
      vertex -26.2282 86.4853 0
      vertex -26.4747 86.3832 0
    endloop
  endfacet
  facet normal 0.382672 -0.923884 0
    outer loop
      vertex -27.7718 89.5147 0
      vertex -27.5253 89.6168 0.7
      vertex -27.7718 89.5147 0.7
    endloop
  endfacet
  facet normal 0.382672 -0.923884 0
    outer loop
      vertex -27.5253 89.6168 0.7
      vertex -27.7718 89.5147 0
      vertex -27.5253 89.6168 0
    endloop
  endfacet
  facet normal 0.522632 -0.852558 0
    outer loop
      vertex -27.9992 89.3753 0
      vertex -27.7718 89.5147 0.7
      vertex -27.9992 89.3753 0.7
    endloop
  endfacet
  facet normal 0.522632 -0.852558 0
    outer loop
      vertex -27.7718 89.5147 0.7
      vertex -27.9992 89.3753 0
      vertex -27.7718 89.5147 0
    endloop
  endfacet
  facet normal 0.233529 -0.97235 0
    outer loop
      vertex -27.5253 89.6168 0
      vertex -27.2659 89.6791 0.7
      vertex -27.5253 89.6168 0.7
    endloop
  endfacet
  facet normal 0.233529 -0.97235 0
    outer loop
      vertex -27.2659 89.6791 0.7
      vertex -27.5253 89.6168 0
      vertex -27.2659 89.6791 0
    endloop
  endfacet
  facet normal -0.649247 0.760578 0
    outer loop
      vertex -25.7979 86.7979 0
      vertex -26.0008 86.6247 0.7
      vertex -25.7979 86.7979 0.7
    endloop
  endfacet
  facet normal -0.649247 0.760578 0
    outer loop
      vertex -26.0008 86.6247 0.7
      vertex -25.7979 86.7979 0
      vertex -26.0008 86.6247 0
    endloop
  endfacet
  facet normal 0.0783593 -0.996925 0
    outer loop
      vertex -27.2659 89.6791 0
      vertex -27 89.7 0.7
      vertex -27.2659 89.6791 0.7
    endloop
  endfacet
  facet normal 0.0783593 -0.996925 0
    outer loop
      vertex -27 89.7 0.7
      vertex -27.2659 89.6791 0
      vertex -27 89.7 0
    endloop
  endfacet
  facet normal 0.923884 0.382672 0
    outer loop
      vertex -28.5147 87.2282 0.7
      vertex -28.6168 87.4747 0
      vertex -28.6168 87.4747 0.7
    endloop
  endfacet
  facet normal 0.923884 0.382672 0
    outer loop
      vertex -28.6168 87.4747 0
      vertex -28.5147 87.2282 0.7
      vertex -28.5147 87.2282 0
    endloop
  endfacet
  facet normal 0.760578 -0.649247 0
    outer loop
      vertex -28.3753 88.9992 0.7
      vertex -28.2021 89.2021 0
      vertex -28.2021 89.2021 0.7
    endloop
  endfacet
  facet normal 0.760578 -0.649247 0
    outer loop
      vertex -28.2021 89.2021 0
      vertex -28.3753 88.9992 0.7
      vertex -28.3753 88.9992 0
    endloop
  endfacet
  facet normal 0.233529 0.97235 -0
    outer loop
      vertex -27.2659 86.3209 0
      vertex -27.5253 86.3832 0.7
      vertex -27.2659 86.3209 0.7
    endloop
  endfacet
  facet normal 0.233529 0.97235 0
    outer loop
      vertex -27.5253 86.3832 0.7
      vertex -27.2659 86.3209 0
      vertex -27.5253 86.3832 0
    endloop
  endfacet
  facet normal -0.923884 0.382672 0
    outer loop
      vertex -25.4853 87.2282 0
      vertex -25.3832 87.4747 0.7
      vertex -25.3832 87.4747 0
    endloop
  endfacet
  facet normal -0.923884 0.382672 0
    outer loop
      vertex -25.3832 87.4747 0.7
      vertex -25.4853 87.2282 0
      vertex -25.4853 87.2282 0.7
    endloop
  endfacet
  facet normal 0.760578 0.649247 0
    outer loop
      vertex -28.2021 86.7979 0.7
      vertex -28.3753 87.0008 0
      vertex -28.3753 87.0008 0.7
    endloop
  endfacet
  facet normal 0.760578 0.649247 0
    outer loop
      vertex -28.3753 87.0008 0
      vertex -28.2021 86.7979 0.7
      vertex -28.2021 86.7979 0
    endloop
  endfacet
  facet normal 0.649247 -0.760578 0
    outer loop
      vertex -28.2021 89.2021 0
      vertex -27.9992 89.3753 0.7
      vertex -28.2021 89.2021 0.7
    endloop
  endfacet
  facet normal 0.649247 -0.760578 0
    outer loop
      vertex -27.9992 89.3753 0.7
      vertex -28.2021 89.2021 0
      vertex -27.9992 89.3753 0
    endloop
  endfacet
  facet normal -0.0783593 0.996925 0
    outer loop
      vertex -26.7341 86.3209 0
      vertex -27 86.3 0.7
      vertex -26.7341 86.3209 0.7
    endloop
  endfacet
  facet normal -0.0783593 0.996925 0
    outer loop
      vertex -27 86.3 0.7
      vertex -26.7341 86.3209 0
      vertex -27 86.3 0
    endloop
  endfacet
  facet normal -0.852558 0.522632 0
    outer loop
      vertex -25.6247 87.0008 0
      vertex -25.4853 87.2282 0.7
      vertex -25.4853 87.2282 0
    endloop
  endfacet
  facet normal -0.852558 0.522632 0
    outer loop
      vertex -25.4853 87.2282 0.7
      vertex -25.6247 87.0008 0
      vertex -25.6247 87.0008 0.7
    endloop
  endfacet
  facet normal -0.852558 -0.522632 0
    outer loop
      vertex -25.4853 88.7718 0
      vertex -25.6247 88.9992 0.7
      vertex -25.6247 88.9992 0
    endloop
  endfacet
  facet normal -0.852558 -0.522632 0
    outer loop
      vertex -25.6247 88.9992 0.7
      vertex -25.4853 88.7718 0
      vertex -25.4853 88.7718 0.7
    endloop
  endfacet
  facet normal -0.996925 0.0783593 0
    outer loop
      vertex -25.3209 87.7341 0
      vertex -25.3 88 0.7
      vertex -25.3 88 0
    endloop
  endfacet
  facet normal -0.996925 0.0783593 0
    outer loop
      vertex -25.3 88 0.7
      vertex -25.3209 87.7341 0
      vertex -25.3209 87.7341 0.7
    endloop
  endfacet
  facet normal -0.97235 0.233529 0
    outer loop
      vertex -25.3832 87.4747 0
      vertex -25.3209 87.7341 0.7
      vertex -25.3209 87.7341 0
    endloop
  endfacet
  facet normal -0.97235 0.233529 0
    outer loop
      vertex -25.3209 87.7341 0.7
      vertex -25.3832 87.4747 0
      vertex -25.3832 87.4747 0.7
    endloop
  endfacet
  facet normal 0.97235 0.233529 0
    outer loop
      vertex -28.6168 87.4747 0.7
      vertex -28.6791 87.7341 0
      vertex -28.6791 87.7341 0.7
    endloop
  endfacet
  facet normal 0.97235 0.233529 0
    outer loop
      vertex -28.6791 87.7341 0
      vertex -28.6168 87.4747 0.7
      vertex -28.6168 87.4747 0
    endloop
  endfacet
  facet normal -0.522632 -0.852558 0
    outer loop
      vertex -26.2282 89.5147 0
      vertex -26.0008 89.3753 0.7
      vertex -26.2282 89.5147 0.7
    endloop
  endfacet
  facet normal -0.522632 -0.852558 -0
    outer loop
      vertex -26.0008 89.3753 0.7
      vertex -26.2282 89.5147 0
      vertex -26.0008 89.3753 0
    endloop
  endfacet
  facet normal -0.760578 -0.649247 0
    outer loop
      vertex -25.6247 88.9992 0
      vertex -25.7979 89.2021 0.7
      vertex -25.7979 89.2021 0
    endloop
  endfacet
  facet normal -0.760578 -0.649247 0
    outer loop
      vertex -25.7979 89.2021 0.7
      vertex -25.6247 88.9992 0
      vertex -25.6247 88.9992 0.7
    endloop
  endfacet
  facet normal 0.996925 -0.0783593 0
    outer loop
      vertex -28.7 88 0.7
      vertex -28.6791 88.2659 0
      vertex -28.6791 88.2659 0.7
    endloop
  endfacet
  facet normal 0.996925 -0.0783593 0
    outer loop
      vertex -28.6791 88.2659 0
      vertex -28.7 88 0.7
      vertex -28.7 88 0
    endloop
  endfacet
  facet normal -0.649247 -0.760578 0
    outer loop
      vertex -26.0008 89.3753 0
      vertex -25.7979 89.2021 0.7
      vertex -26.0008 89.3753 0.7
    endloop
  endfacet
  facet normal -0.649247 -0.760578 -0
    outer loop
      vertex -25.7979 89.2021 0.7
      vertex -26.0008 89.3753 0
      vertex -25.7979 89.2021 0
    endloop
  endfacet
  facet normal -0.233529 0.97235 0
    outer loop
      vertex -26.4747 86.3832 0
      vertex -26.7341 86.3209 0.7
      vertex -26.4747 86.3832 0.7
    endloop
  endfacet
  facet normal -0.233529 0.97235 0
    outer loop
      vertex -26.7341 86.3209 0.7
      vertex -26.4747 86.3832 0
      vertex -26.7341 86.3209 0
    endloop
  endfacet
  facet normal 0.852558 0.522632 0
    outer loop
      vertex -28.3753 87.0008 0.7
      vertex -28.5147 87.2282 0
      vertex -28.5147 87.2282 0.7
    endloop
  endfacet
  facet normal 0.852558 0.522632 0
    outer loop
      vertex -28.5147 87.2282 0
      vertex -28.3753 87.0008 0.7
      vertex -28.3753 87.0008 0
    endloop
  endfacet
  facet normal 0.649247 0.760578 -0
    outer loop
      vertex -27.9992 86.6247 0
      vertex -28.2021 86.7979 0.7
      vertex -27.9992 86.6247 0.7
    endloop
  endfacet
  facet normal 0.649247 0.760578 0
    outer loop
      vertex -28.2021 86.7979 0.7
      vertex -27.9992 86.6247 0
      vertex -28.2021 86.7979 0
    endloop
  endfacet
  facet normal -0.760578 0.649247 0
    outer loop
      vertex -25.7979 86.7979 0
      vertex -25.6247 87.0008 0.7
      vertex -25.6247 87.0008 0
    endloop
  endfacet
  facet normal -0.760578 0.649247 0
    outer loop
      vertex -25.6247 87.0008 0.7
      vertex -25.7979 86.7979 0
      vertex -25.7979 86.7979 0.7
    endloop
  endfacet
  facet normal 0.852558 -0.522632 0
    outer loop
      vertex -28.5147 88.7718 0.7
      vertex -28.3753 88.9992 0
      vertex -28.3753 88.9992 0.7
    endloop
  endfacet
  facet normal 0.852558 -0.522632 0
    outer loop
      vertex -28.3753 88.9992 0
      vertex -28.5147 88.7718 0.7
      vertex -28.5147 88.7718 0
    endloop
  endfacet
  facet normal 0.996925 0.0783593 0
    outer loop
      vertex -28.6791 87.7341 0.7
      vertex -28.7 88 0
      vertex -28.7 88 0.7
    endloop
  endfacet
  facet normal 0.996925 0.0783593 0
    outer loop
      vertex -28.7 88 0
      vertex -28.6791 87.7341 0.7
      vertex -28.6791 87.7341 0
    endloop
  endfacet
  facet normal 0.382672 0.923884 -0
    outer loop
      vertex -27.5253 86.3832 0
      vertex -27.7718 86.4853 0.7
      vertex -27.5253 86.3832 0.7
    endloop
  endfacet
  facet normal 0.382672 0.923884 0
    outer loop
      vertex -27.7718 86.4853 0.7
      vertex -27.5253 86.3832 0
      vertex -27.7718 86.4853 0
    endloop
  endfacet
  facet normal -0.382672 -0.923884 0
    outer loop
      vertex -26.4747 89.6168 0
      vertex -26.2282 89.5147 0.7
      vertex -26.4747 89.6168 0.7
    endloop
  endfacet
  facet normal -0.382672 -0.923884 -0
    outer loop
      vertex -26.2282 89.5147 0.7
      vertex -26.4747 89.6168 0
      vertex -26.2282 89.5147 0
    endloop
  endfacet
  facet normal -0.233529 -0.97235 0
    outer loop
      vertex -26.7341 89.6791 0
      vertex -26.4747 89.6168 0.7
      vertex -26.7341 89.6791 0.7
    endloop
  endfacet
  facet normal -0.233529 -0.97235 -0
    outer loop
      vertex -26.4747 89.6168 0.7
      vertex -26.7341 89.6791 0
      vertex -26.4747 89.6168 0
    endloop
  endfacet
  facet normal -0.0783593 -0.996925 0
    outer loop
      vertex -27 89.7 0
      vertex -26.7341 89.6791 0.7
      vertex -27 89.7 0.7
    endloop
  endfacet
  facet normal -0.0783593 -0.996925 -0
    outer loop
      vertex -26.7341 89.6791 0.7
      vertex -27 89.7 0
      vertex -26.7341 89.6791 0
    endloop
  endfacet
  facet normal 0.97235 -0.233529 0
    outer loop
      vertex -28.6791 88.2659 0.7
      vertex -28.6168 88.5253 0
      vertex -28.6168 88.5253 0.7
    endloop
  endfacet
  facet normal 0.97235 -0.233529 0
    outer loop
      vertex -28.6168 88.5253 0
      vertex -28.6791 88.2659 0.7
      vertex -28.6791 88.2659 0
    endloop
  endfacet
  facet normal 0.0783593 0.996925 -0
    outer loop
      vertex -27 86.3 0
      vertex -27.2659 86.3209 0.7
      vertex -27 86.3 0.7
    endloop
  endfacet
  facet normal 0.0783593 0.996925 0
    outer loop
      vertex -27.2659 86.3209 0.7
      vertex -27 86.3 0
      vertex -27.2659 86.3209 0
    endloop
  endfacet
  facet normal 0.923867 -0.382714 0
    outer loop
      vertex -29.8532 88.927 2.5
      vertex -29.673 89.362 0.7
      vertex -29.673 89.362 2.5
    endloop
  endfacet
  facet normal 0.923867 -0.382714 0
    outer loop
      vertex -29.673 89.362 0.7
      vertex -29.8532 88.927 2.5
      vertex -29.8532 88.927 0.7
    endloop
  endfacet
  facet normal -0.972362 -0.233477 0
    outer loop
      vertex -24.0369 88.4693 0.7
      vertex -24.1468 88.927 2.5
      vertex -24.1468 88.927 0.7
    endloop
  endfacet
  facet normal -0.972362 -0.233477 0
    outer loop
      vertex -24.1468 88.927 2.5
      vertex -24.0369 88.4693 0.7
      vertex -24.0369 88.4693 2.5
    endloop
  endfacet
  facet normal -0.996923 -0.0783858 0
    outer loop
      vertex -24 88 0.7
      vertex -24.0369 88.4693 2.5
      vertex -24.0369 88.4693 0.7
    endloop
  endfacet
  facet normal -0.996923 -0.0783858 0
    outer loop
      vertex -24.0369 88.4693 2.5
      vertex -24 88 0.7
      vertex -24 88 2.5
    endloop
  endfacet
  facet normal -0.923867 -0.382714 0
    outer loop
      vertex -24.1468 88.927 0.7
      vertex -24.327 89.362 2.5
      vertex -24.327 89.362 0.7
    endloop
  endfacet
  facet normal -0.923867 -0.382714 0
    outer loop
      vertex -24.327 89.362 2.5
      vertex -24.1468 88.927 0.7
      vertex -24.1468 88.927 2.5
    endloop
  endfacet
  facet normal -0.522532 0.85262 0
    outer loop
      vertex -25.2366 85.573 0.7
      vertex -25.638 85.327 2.5
      vertex -25.2366 85.573 2.5
    endloop
  endfacet
  facet normal -0.522532 0.85262 0
    outer loop
      vertex -25.638 85.327 2.5
      vertex -25.2366 85.573 0.7
      vertex -25.638 85.327 0.7
    endloop
  endfacet
  facet normal -0.972362 0.233477 0
    outer loop
      vertex -24.1468 87.073 0.7
      vertex -24.0369 87.5307 2.5
      vertex -24.0369 87.5307 0.7
    endloop
  endfacet
  facet normal -0.972362 0.233477 0
    outer loop
      vertex -24.0369 87.5307 2.5
      vertex -24.1468 87.073 0.7
      vertex -24.1468 87.073 2.5
    endloop
  endfacet
  facet normal -0.38279 0.923836 0
    outer loop
      vertex -25.638 85.327 0.7
      vertex -26.0729 85.1468 2.5
      vertex -25.638 85.327 2.5
    endloop
  endfacet
  facet normal -0.38279 0.923836 0
    outer loop
      vertex -26.0729 85.1468 2.5
      vertex -25.638 85.327 0.7
      vertex -26.0729 85.1468 0.7
    endloop
  endfacet
  facet normal 0.38279 -0.923836 0
    outer loop
      vertex -28.362 90.673 0.7
      vertex -27.9271 90.8532 2.5
      vertex -28.362 90.673 2.5
    endloop
  endfacet
  facet normal 0.38279 -0.923836 0
    outer loop
      vertex -27.9271 90.8532 2.5
      vertex -28.362 90.673 0.7
      vertex -27.9271 90.8532 0.7
    endloop
  endfacet
  facet normal 0.522532 -0.85262 0
    outer loop
      vertex -28.7634 90.427 0.7
      vertex -28.362 90.673 2.5
      vertex -28.7634 90.427 2.5
    endloop
  endfacet
  facet normal 0.522532 -0.85262 0
    outer loop
      vertex -28.362 90.673 2.5
      vertex -28.7634 90.427 0.7
      vertex -28.362 90.673 0.7
    endloop
  endfacet
  facet normal -0.649478 -0.76038 0
    outer loop
      vertex -25.2366 90.427 0.7
      vertex -24.8787 90.1213 2.5
      vertex -25.2366 90.427 2.5
    endloop
  endfacet
  facet normal -0.649478 -0.76038 -0
    outer loop
      vertex -24.8787 90.1213 2.5
      vertex -25.2366 90.427 0.7
      vertex -24.8787 90.1213 0.7
    endloop
  endfacet
  facet normal 0.233429 -0.972374 0
    outer loop
      vertex -27.9271 90.8532 0.7
      vertex -27.4693 90.9631 2.5
      vertex -27.9271 90.8532 2.5
    endloop
  endfacet
  facet normal 0.233429 -0.972374 0
    outer loop
      vertex -27.4693 90.9631 2.5
      vertex -27.9271 90.8532 0.7
      vertex -27.4693 90.9631 0.7
    endloop
  endfacet
  facet normal 0.923867 0.382714 0
    outer loop
      vertex -29.673 86.638 2.5
      vertex -29.8532 87.073 0.7
      vertex -29.8532 87.073 2.5
    endloop
  endfacet
  facet normal 0.923867 0.382714 0
    outer loop
      vertex -29.8532 87.073 0.7
      vertex -29.673 86.638 2.5
      vertex -29.673 86.638 0.7
    endloop
  endfacet
  facet normal 0.0783858 -0.996923 0
    outer loop
      vertex -27.4693 90.9631 0.7
      vertex -27 91 2.5
      vertex -27.4693 90.9631 2.5
    endloop
  endfacet
  facet normal 0.0783858 -0.996923 0
    outer loop
      vertex -27 91 2.5
      vertex -27.4693 90.9631 0.7
      vertex -27 91 0.7
    endloop
  endfacet
  facet normal 0.233429 0.972374 -0
    outer loop
      vertex -27.4693 85.0369 0.7
      vertex -27.9271 85.1468 2.5
      vertex -27.4693 85.0369 2.5
    endloop
  endfacet
  facet normal 0.233429 0.972374 0
    outer loop
      vertex -27.9271 85.1468 2.5
      vertex -27.4693 85.0369 0.7
      vertex -27.9271 85.1468 0.7
    endloop
  endfacet
  facet normal 0 0 1
    outer loop
      vertex -25.3 88 0.7
      vertex -24 88 0.7
      vertex -24.0369 88.4693 0.7
    endloop
  endfacet
  facet normal 0 0 1
    outer loop
      vertex -25.3209 88.2659 0.7
      vertex -24.0369 88.4693 0.7
      vertex -24.1468 88.927 0.7
    endloop
  endfacet
  facet normal 0 0 1
    outer loop
      vertex -24 88 0.7
      vertex -25.3 88 0.7
      vertex -24.0369 87.5307 0.7
    endloop
  endfacet
  facet normal 0 0 1
    outer loop
      vertex -25.3832 88.5253 0.7
      vertex -24.1468 88.927 0.7
      vertex -24.327 89.362 0.7
    endloop
  endfacet
  facet normal -0 0 1
    outer loop
      vertex -25.3209 87.7341 0.7
      vertex -24.0369 87.5307 0.7
      vertex -25.3 88 0.7
    endloop
  endfacet
  facet normal 0 0 1
    outer loop
      vertex -25.4853 88.7718 0.7
      vertex -24.327 89.362 0.7
      vertex -24.5729 89.7634 0.7
    endloop
  endfacet
  facet normal 0 0 1
    outer loop
      vertex -24.0369 87.5307 0.7
      vertex -25.3209 87.7341 0.7
      vertex -24.1468 87.073 0.7
    endloop
  endfacet
  facet normal 0 0 1
    outer loop
      vertex -25.6247 88.9992 0.7
      vertex -24.5729 89.7634 0.7
      vertex -24.8787 90.1213 0.7
    endloop
  endfacet
  facet normal -0 0 1
    outer loop
      vertex -25.3832 87.4747 0.7
      vertex -24.1468 87.073 0.7
      vertex -25.3209 87.7341 0.7
    endloop
  endfacet
  facet normal 0 0 1
    outer loop
      vertex -25.7979 89.2021 0.7
      vertex -24.8787 90.1213 0.7
      vertex -25.2366 90.427 0.7
    endloop
  endfacet
  facet normal 0 0 1
    outer loop
      vertex -24.1468 87.073 0.7
      vertex -25.3832 87.4747 0.7
      vertex -24.327 86.638 0.7
    endloop
  endfacet
  facet normal -0 0 1
    outer loop
      vertex -25.4853 87.2282 0.7
      vertex -24.327 86.638 0.7
      vertex -25.3832 87.4747 0.7
    endloop
  endfacet
  facet normal 0 0 1
    outer loop
      vertex -24.0369 88.4693 0.7
      vertex -25.3209 88.2659 0.7
      vertex -25.3 88 0.7
    endloop
  endfacet
  facet normal 0 0 1
    outer loop
      vertex -24.1468 88.927 0.7
      vertex -25.3832 88.5253 0.7
      vertex -25.3209 88.2659 0.7
    endloop
  endfacet
  facet normal 0 0 1
    outer loop
      vertex -24.327 89.362 0.7
      vertex -25.4853 88.7718 0.7
      vertex -25.3832 88.5253 0.7
    endloop
  endfacet
  facet normal 0 0 1
    outer loop
      vertex -24.5729 89.7634 0.7
      vertex -25.6247 88.9992 0.7
      vertex -25.4853 88.7718 0.7
    endloop
  endfacet
  facet normal 0 0 1
    outer loop
      vertex -26.0008 89.3753 0.7
      vertex -25.2366 90.427 0.7
      vertex -25.638 90.673 0.7
    endloop
  endfacet
  facet normal 0 0 1
    outer loop
      vertex -24.8787 90.1213 0.7
      vertex -25.7979 89.2021 0.7
      vertex -25.6247 88.9992 0.7
    endloop
  endfacet
  facet normal 0 0 1
    outer loop
      vertex -25.2366 90.427 0.7
      vertex -26.0008 89.3753 0.7
      vertex -25.7979 89.2021 0.7
    endloop
  endfacet
  facet normal 0 0 1
    outer loop
      vertex -26.2282 89.5147 0.7
      vertex -25.638 90.673 0.7
      vertex -26.0729 90.8532 0.7
    endloop
  endfacet
  facet normal 0 0 1
    outer loop
      vertex -25.638 90.673 0.7
      vertex -26.2282 89.5147 0.7
      vertex -26.0008 89.3753 0.7
    endloop
  endfacet
  facet normal 0 0 1
    outer loop
      vertex -26.0729 90.8532 0.7
      vertex -26.4747 89.6168 0.7
      vertex -26.2282 89.5147 0.7
    endloop
  endfacet
  facet normal 0 0 1
    outer loop
      vertex -26.5307 90.9631 0.7
      vertex -26.4747 89.6168 0.7
      vertex -26.0729 90.8532 0.7
    endloop
  endfacet
  facet normal 0 0 1
    outer loop
      vertex -26.5307 90.9631 0.7
      vertex -26.7341 89.6791 0.7
      vertex -26.4747 89.6168 0.7
    endloop
  endfacet
  facet normal 0 0 1
    outer loop
      vertex -27 91 0.7
      vertex -26.7341 89.6791 0.7
      vertex -26.5307 90.9631 0.7
    endloop
  endfacet
  facet normal 0 0 1
    outer loop
      vertex -27 91 0.7
      vertex -27 89.7 0.7
      vertex -26.7341 89.6791 0.7
    endloop
  endfacet
  facet normal 0 0 1
    outer loop
      vertex -27 91 0.7
      vertex -27.2659 89.6791 0.7
      vertex -27 89.7 0.7
    endloop
  endfacet
  facet normal -0 0 1
    outer loop
      vertex -27.4693 90.9631 0.7
      vertex -27.2659 89.6791 0.7
      vertex -27 91 0.7
    endloop
  endfacet
  facet normal 0 0 1
    outer loop
      vertex -27.4693 90.9631 0.7
      vertex -27.5253 89.6168 0.7
      vertex -27.2659 89.6791 0.7
    endloop
  endfacet
  facet normal -0 0 1
    outer loop
      vertex -27.9271 90.8532 0.7
      vertex -27.5253 89.6168 0.7
      vertex -27.4693 90.9631 0.7
    endloop
  endfacet
  facet normal 0 0 1
    outer loop
      vertex -27.5253 89.6168 0.7
      vertex -27.9271 90.8532 0.7
      vertex -27.7718 89.5147 0.7
    endloop
  endfacet
  facet normal -0 0 1
    outer loop
      vertex -28.362 90.673 0.7
      vertex -27.7718 89.5147 0.7
      vertex -27.9271 90.8532 0.7
    endloop
  endfacet
  facet normal 0 0 1
    outer loop
      vertex -27.7718 89.5147 0.7
      vertex -28.362 90.673 0.7
      vertex -27.9992 89.3753 0.7
    endloop
  endfacet
  facet normal -0 0 1
    outer loop
      vertex -28.7634 90.427 0.7
      vertex -27.9992 89.3753 0.7
      vertex -28.362 90.673 0.7
    endloop
  endfacet
  facet normal 0 0 1
    outer loop
      vertex -27.9992 89.3753 0.7
      vertex -28.7634 90.427 0.7
      vertex -28.2021 89.2021 0.7
    endloop
  endfacet
  facet normal -0 0 1
    outer loop
      vertex -29.1213 90.1213 0.7
      vertex -28.2021 89.2021 0.7
      vertex -28.7634 90.427 0.7
    endloop
  endfacet
  facet normal 0 0 1
    outer loop
      vertex -28.2021 89.2021 0.7
      vertex -29.1213 90.1213 0.7
      vertex -28.3753 88.9992 0.7
    endloop
  endfacet
  facet normal -0 0 1
    outer loop
      vertex -29.4271 89.7634 0.7
      vertex -28.3753 88.9992 0.7
      vertex -29.1213 90.1213 0.7
    endloop
  endfacet
  facet normal -0 0 1
    outer loop
      vertex -29.673 89.362 0.7
      vertex -28.5147 88.7718 0.7
      vertex -29.4271 89.7634 0.7
    endloop
  endfacet
  facet normal 0 0 1
    outer loop
      vertex -28.3753 88.9992 0.7
      vertex -29.4271 89.7634 0.7
      vertex -28.5147 88.7718 0.7
    endloop
  endfacet
  facet normal 0 0 1
    outer loop
      vertex -24.327 86.638 0.7
      vertex -25.4853 87.2282 0.7
      vertex -24.5729 86.2366 0.7
    endloop
  endfacet
  facet normal -0 0 1
    outer loop
      vertex -25.6247 87.0008 0.7
      vertex -24.5729 86.2366 0.7
      vertex -25.4853 87.2282 0.7
    endloop
  endfacet
  facet normal 0 0 1
    outer loop
      vertex -24.5729 86.2366 0.7
      vertex -25.6247 87.0008 0.7
      vertex -24.8787 85.8787 0.7
    endloop
  endfacet
  facet normal -0 0 1
    outer loop
      vertex -25.7979 86.7979 0.7
      vertex -24.8787 85.8787 0.7
      vertex -25.6247 87.0008 0.7
    endloop
  endfacet
  facet normal 0 0 1
    outer loop
      vertex -24.8787 85.8787 0.7
      vertex -25.7979 86.7979 0.7
      vertex -25.2366 85.573 0.7
    endloop
  endfacet
  facet normal -0 0 1
    outer loop
      vertex -26.0008 86.6247 0.7
      vertex -25.2366 85.573 0.7
      vertex -25.7979 86.7979 0.7
    endloop
  endfacet
  facet normal 0 0 1
    outer loop
      vertex -25.2366 85.573 0.7
      vertex -26.0008 86.6247 0.7
      vertex -25.638 85.327 0.7
    endloop
  endfacet
  facet normal -0 0 1
    outer loop
      vertex -26.2282 86.4853 0.7
      vertex -25.638 85.327 0.7
      vertex -26.0008 86.6247 0.7
    endloop
  endfacet
  facet normal 0 0 1
    outer loop
      vertex -25.638 85.327 0.7
      vertex -26.2282 86.4853 0.7
      vertex -26.0729 85.1468 0.7
    endloop
  endfacet
  facet normal -0 0 1
    outer loop
      vertex -26.4747 86.3832 0.7
      vertex -26.0729 85.1468 0.7
      vertex -26.2282 86.4853 0.7
    endloop
  endfacet
  facet normal 0 0 1
    outer loop
      vertex -26.4747 86.3832 0.7
      vertex -26.5307 85.0369 0.7
      vertex -26.0729 85.1468 0.7
    endloop
  endfacet
  facet normal -0 0 1
    outer loop
      vertex -26.7341 86.3209 0.7
      vertex -26.5307 85.0369 0.7
      vertex -26.4747 86.3832 0.7
    endloop
  endfacet
  facet normal -0 0 1
    outer loop
      vertex -27 86.3 0.7
      vertex -26.5307 85.0369 0.7
      vertex -26.7341 86.3209 0.7
    endloop
  endfacet
  facet normal 0 0 1
    outer loop
      vertex -27 86.3 0.7
      vertex -27 85 0.7
      vertex -26.5307 85.0369 0.7
    endloop
  endfacet
  facet normal 0 0 1
    outer loop
      vertex -27.2659 86.3209 0.7
      vertex -27 85 0.7
      vertex -27 86.3 0.7
    endloop
  endfacet
  facet normal 0 0 1
    outer loop
      vertex -27.2659 86.3209 0.7
      vertex -27.4693 85.0369 0.7
      vertex -27 85 0.7
    endloop
  endfacet
  facet normal 0 0 1
    outer loop
      vertex -27.5253 86.3832 0.7
      vertex -27.4693 85.0369 0.7
      vertex -27.2659 86.3209 0.7
    endloop
  endfacet
  facet normal 0 0 1
    outer loop
      vertex -27.9271 85.1468 0.7
      vertex -27.5253 86.3832 0.7
      vertex -27.7718 86.4853 0.7
    endloop
  endfacet
  facet normal 0 0 1
    outer loop
      vertex -27.5253 86.3832 0.7
      vertex -27.9271 85.1468 0.7
      vertex -27.4693 85.0369 0.7
    endloop
  endfacet
  facet normal 0 0 1
    outer loop
      vertex -28.362 85.327 0.7
      vertex -27.7718 86.4853 0.7
      vertex -27.9992 86.6247 0.7
    endloop
  endfacet
  facet normal 0 0 1
    outer loop
      vertex -28.7634 85.573 0.7
      vertex -27.9992 86.6247 0.7
      vertex -28.2021 86.7979 0.7
    endloop
  endfacet
  facet normal 0 0 1
    outer loop
      vertex -27.7718 86.4853 0.7
      vertex -28.362 85.327 0.7
      vertex -27.9271 85.1468 0.7
    endloop
  endfacet
  facet normal 0 0 1
    outer loop
      vertex -29.1213 85.8787 0.7
      vertex -28.2021 86.7979 0.7
      vertex -28.3753 87.0008 0.7
    endloop
  endfacet
  facet normal 0 0 1
    outer loop
      vertex -29.4271 86.2366 0.7
      vertex -28.3753 87.0008 0.7
      vertex -28.5147 87.2282 0.7
    endloop
  endfacet
  facet normal 0 0 1
    outer loop
      vertex -29.673 86.638 0.7
      vertex -28.5147 87.2282 0.7
      vertex -28.6168 87.4747 0.7
    endloop
  endfacet
  facet normal 0 0 1
    outer loop
      vertex -29.8532 87.073 0.7
      vertex -28.6168 87.4747 0.7
      vertex -28.6791 87.7341 0.7
    endloop
  endfacet
  facet normal 0 0 1
    outer loop
      vertex -27.9992 86.6247 0.7
      vertex -28.7634 85.573 0.7
      vertex -28.362 85.327 0.7
    endloop
  endfacet
  facet normal 0 0 1
    outer loop
      vertex -29.9631 87.5307 0.7
      vertex -28.6791 87.7341 0.7
      vertex -28.7 88 0.7
    endloop
  endfacet
  facet normal 0 0 1
    outer loop
      vertex -28.5147 88.7718 0.7
      vertex -29.673 89.362 0.7
      vertex -28.6168 88.5253 0.7
    endloop
  endfacet
  facet normal -0 0 1
    outer loop
      vertex -29.8532 88.927 0.7
      vertex -28.6168 88.5253 0.7
      vertex -29.673 89.362 0.7
    endloop
  endfacet
  facet normal 0 0 1
    outer loop
      vertex -28.2021 86.7979 0.7
      vertex -29.1213 85.8787 0.7
      vertex -28.7634 85.573 0.7
    endloop
  endfacet
  facet normal 0 0 1
    outer loop
      vertex -28.6168 88.5253 0.7
      vertex -29.8532 88.927 0.7
      vertex -28.6791 88.2659 0.7
    endloop
  endfacet
  facet normal 0 0 1
    outer loop
      vertex -28.3753 87.0008 0.7
      vertex -29.4271 86.2366 0.7
      vertex -29.1213 85.8787 0.7
    endloop
  endfacet
  facet normal -0 0 1
    outer loop
      vertex -29.9631 88.4693 0.7
      vertex -28.6791 88.2659 0.7
      vertex -29.8532 88.927 0.7
    endloop
  endfacet
  facet normal 0 0 1
    outer loop
      vertex -28.5147 87.2282 0.7
      vertex -29.673 86.638 0.7
      vertex -29.4271 86.2366 0.7
    endloop
  endfacet
  facet normal 0 0 1
    outer loop
      vertex -28.6791 88.2659 0.7
      vertex -29.9631 88.4693 0.7
      vertex -28.7 88 0.7
    endloop
  endfacet
  facet normal 0 0 1
    outer loop
      vertex -28.6168 87.4747 0.7
      vertex -29.8532 87.073 0.7
      vertex -29.673 86.638 0.7
    endloop
  endfacet
  facet normal 0 0 1
    outer loop
      vertex -30 88 0.7
      vertex -28.7 88 0.7
      vertex -29.9631 88.4693 0.7
    endloop
  endfacet
  facet normal 0 0 1
    outer loop
      vertex -28.6791 87.7341 0.7
      vertex -29.9631 87.5307 0.7
      vertex -29.8532 87.073 0.7
    endloop
  endfacet
  facet normal 0 0 1
    outer loop
      vertex -28.7 88 0.7
      vertex -30 88 0.7
      vertex -29.9631 87.5307 0.7
    endloop
  endfacet
  facet normal -0.923867 0.382714 0
    outer loop
      vertex -24.327 86.638 0.7
      vertex -24.1468 87.073 2.5
      vertex -24.1468 87.073 0.7
    endloop
  endfacet
  facet normal -0.923867 0.382714 0
    outer loop
      vertex -24.1468 87.073 2.5
      vertex -24.327 86.638 0.7
      vertex -24.327 86.638 2.5
    endloop
  endfacet
  facet normal 0.760275 0.649601 0
    outer loop
      vertex -29.1213 85.8787 2.5
      vertex -29.4271 86.2366 0.7
      vertex -29.4271 86.2366 2.5
    endloop
  endfacet
  facet normal 0.760275 0.649601 0
    outer loop
      vertex -29.4271 86.2366 0.7
      vertex -29.1213 85.8787 2.5
      vertex -29.1213 85.8787 0.7
    endloop
  endfacet
  facet normal 0.649478 -0.76038 0
    outer loop
      vertex -29.1213 90.1213 0.7
      vertex -28.7634 90.427 2.5
      vertex -29.1213 90.1213 2.5
    endloop
  endfacet
  facet normal 0.649478 -0.76038 0
    outer loop
      vertex -28.7634 90.427 2.5
      vertex -29.1213 90.1213 0.7
      vertex -28.7634 90.427 0.7
    endloop
  endfacet
  facet normal -0.0783858 0.996923 0
    outer loop
      vertex -26.5307 85.0369 0.7
      vertex -27 85 2.5
      vertex -26.5307 85.0369 2.5
    endloop
  endfacet
  facet normal -0.0783858 0.996923 0
    outer loop
      vertex -27 85 2.5
      vertex -26.5307 85.0369 0.7
      vertex -27 85 0.7
    endloop
  endfacet
  facet normal 0.649478 0.76038 -0
    outer loop
      vertex -28.7634 85.573 0.7
      vertex -29.1213 85.8787 2.5
      vertex -28.7634 85.573 2.5
    endloop
  endfacet
  facet normal 0.649478 0.76038 0
    outer loop
      vertex -29.1213 85.8787 2.5
      vertex -28.7634 85.573 0.7
      vertex -29.1213 85.8787 0.7
    endloop
  endfacet
  facet normal -0.852714 0.522378 0
    outer loop
      vertex -24.5729 86.2366 0.7
      vertex -24.327 86.638 2.5
      vertex -24.327 86.638 0.7
    endloop
  endfacet
  facet normal -0.852714 0.522378 0
    outer loop
      vertex -24.327 86.638 2.5
      vertex -24.5729 86.2366 0.7
      vertex -24.5729 86.2366 2.5
    endloop
  endfacet
  facet normal -0.852714 -0.522378 0
    outer loop
      vertex -24.327 89.362 0.7
      vertex -24.5729 89.7634 2.5
      vertex -24.5729 89.7634 0.7
    endloop
  endfacet
  facet normal -0.852714 -0.522378 0
    outer loop
      vertex -24.5729 89.7634 2.5
      vertex -24.327 89.362 0.7
      vertex -24.327 89.362 2.5
    endloop
  endfacet
  facet normal -0.760275 -0.649601 0
    outer loop
      vertex -24.5729 89.7634 0.7
      vertex -24.8787 90.1213 2.5
      vertex -24.8787 90.1213 0.7
    endloop
  endfacet
  facet normal -0.760275 -0.649601 0
    outer loop
      vertex -24.8787 90.1213 2.5
      vertex -24.5729 89.7634 0.7
      vertex -24.5729 89.7634 2.5
    endloop
  endfacet
  facet normal 0.760275 -0.649601 0
    outer loop
      vertex -29.4271 89.7634 2.5
      vertex -29.1213 90.1213 0.7
      vertex -29.1213 90.1213 2.5
    endloop
  endfacet
  facet normal 0.760275 -0.649601 0
    outer loop
      vertex -29.1213 90.1213 0.7
      vertex -29.4271 89.7634 2.5
      vertex -29.4271 89.7634 0.7
    endloop
  endfacet
  facet normal -0.0783858 -0.996923 0
    outer loop
      vertex -27 91 0.7
      vertex -26.5307 90.9631 2.5
      vertex -27 91 2.5
    endloop
  endfacet
  facet normal -0.0783858 -0.996923 -0
    outer loop
      vertex -26.5307 90.9631 2.5
      vertex -27 91 0.7
      vertex -26.5307 90.9631 0.7
    endloop
  endfacet
  facet normal -0.38279 -0.923836 0
    outer loop
      vertex -26.0729 90.8532 0.7
      vertex -25.638 90.673 2.5
      vertex -26.0729 90.8532 2.5
    endloop
  endfacet
  facet normal -0.38279 -0.923836 -0
    outer loop
      vertex -25.638 90.673 2.5
      vertex -26.0729 90.8532 0.7
      vertex -25.638 90.673 0.7
    endloop
  endfacet
  facet normal 0.972362 -0.233477 0
    outer loop
      vertex -29.9631 88.4693 2.5
      vertex -29.8532 88.927 0.7
      vertex -29.8532 88.927 2.5
    endloop
  endfacet
  facet normal 0.972362 -0.233477 0
    outer loop
      vertex -29.8532 88.927 0.7
      vertex -29.9631 88.4693 2.5
      vertex -29.9631 88.4693 0.7
    endloop
  endfacet
  facet normal -0.522532 -0.85262 0
    outer loop
      vertex -25.638 90.673 0.7
      vertex -25.2366 90.427 2.5
      vertex -25.638 90.673 2.5
    endloop
  endfacet
  facet normal -0.522532 -0.85262 -0
    outer loop
      vertex -25.2366 90.427 2.5
      vertex -25.638 90.673 0.7
      vertex -25.2366 90.427 0.7
    endloop
  endfacet
  facet normal -0.233429 0.972374 0
    outer loop
      vertex -26.0729 85.1468 0.7
      vertex -26.5307 85.0369 2.5
      vertex -26.0729 85.1468 2.5
    endloop
  endfacet
  facet normal -0.233429 0.972374 0
    outer loop
      vertex -26.5307 85.0369 2.5
      vertex -26.0729 85.1468 0.7
      vertex -26.5307 85.0369 0.7
    endloop
  endfacet
  facet normal -0.996923 0.0783858 0
    outer loop
      vertex -24.0369 87.5307 0.7
      vertex -24 88 2.5
      vertex -24 88 0.7
    endloop
  endfacet
  facet normal -0.996923 0.0783858 0
    outer loop
      vertex -24 88 2.5
      vertex -24.0369 87.5307 0.7
      vertex -24.0369 87.5307 2.5
    endloop
  endfacet
  facet normal -0.760275 0.649601 0
    outer loop
      vertex -24.8787 85.8787 0.7
      vertex -24.5729 86.2366 2.5
      vertex -24.5729 86.2366 0.7
    endloop
  endfacet
  facet normal -0.760275 0.649601 0
    outer loop
      vertex -24.5729 86.2366 2.5
      vertex -24.8787 85.8787 0.7
      vertex -24.8787 85.8787 2.5
    endloop
  endfacet
  facet normal 0.852714 0.522378 0
    outer loop
      vertex -29.4271 86.2366 2.5
      vertex -29.673 86.638 0.7
      vertex -29.673 86.638 2.5
    endloop
  endfacet
  facet normal 0.852714 0.522378 0
    outer loop
      vertex -29.673 86.638 0.7
      vertex -29.4271 86.2366 2.5
      vertex -29.4271 86.2366 0.7
    endloop
  endfacet
  facet normal 0.996923 0.0783858 0
    outer loop
      vertex -29.9631 87.5307 2.5
      vertex -30 88 0.7
      vertex -30 88 2.5
    endloop
  endfacet
  facet normal 0.996923 0.0783858 0
    outer loop
      vertex -30 88 0.7
      vertex -29.9631 87.5307 2.5
      vertex -29.9631 87.5307 0.7
    endloop
  endfacet
  facet normal 0.0783858 0.996923 -0
    outer loop
      vertex -27 85 0.7
      vertex -27.4693 85.0369 2.5
      vertex -27 85 2.5
    endloop
  endfacet
  facet normal 0.0783858 0.996923 0
    outer loop
      vertex -27.4693 85.0369 2.5
      vertex -27 85 0.7
      vertex -27.4693 85.0369 0.7
    endloop
  endfacet
  facet normal 0.972362 0.233477 0
    outer loop
      vertex -29.8532 87.073 2.5
      vertex -29.9631 87.5307 0.7
      vertex -29.9631 87.5307 2.5
    endloop
  endfacet
  facet normal 0.972362 0.233477 0
    outer loop
      vertex -29.9631 87.5307 0.7
      vertex -29.8532 87.073 2.5
      vertex -29.8532 87.073 0.7
    endloop
  endfacet
  facet normal -0.233429 -0.972374 0
    outer loop
      vertex -26.5307 90.9631 0.7
      vertex -26.0729 90.8532 2.5
      vertex -26.5307 90.9631 2.5
    endloop
  endfacet
  facet normal -0.233429 -0.972374 -0
    outer loop
      vertex -26.0729 90.8532 2.5
      vertex -26.5307 90.9631 0.7
      vertex -26.0729 90.8532 0.7
    endloop
  endfacet
  facet normal 0.522532 0.85262 -0
    outer loop
      vertex -28.362 85.327 0.7
      vertex -28.7634 85.573 2.5
      vertex -28.362 85.327 2.5
    endloop
  endfacet
  facet normal 0.522532 0.85262 0
    outer loop
      vertex -28.7634 85.573 2.5
      vertex -28.362 85.327 0.7
      vertex -28.7634 85.573 0.7
    endloop
  endfacet
  facet normal 0.38279 0.923836 -0
    outer loop
      vertex -27.9271 85.1468 0.7
      vertex -28.362 85.327 2.5
      vertex -27.9271 85.1468 2.5
    endloop
  endfacet
  facet normal 0.38279 0.923836 0
    outer loop
      vertex -28.362 85.327 2.5
      vertex -27.9271 85.1468 0.7
      vertex -28.362 85.327 0.7
    endloop
  endfacet
  facet normal 0.996923 -0.0783858 0
    outer loop
      vertex -30 88 2.5
      vertex -29.9631 88.4693 0.7
      vertex -29.9631 88.4693 2.5
    endloop
  endfacet
  facet normal 0.996923 -0.0783858 0
    outer loop
      vertex -29.9631 88.4693 0.7
      vertex -30 88 2.5
      vertex -30 88 0.7
    endloop
  endfacet
  facet normal 0.852714 -0.522378 0
    outer loop
      vertex -29.673 89.362 2.5
      vertex -29.4271 89.7634 0.7
      vertex -29.4271 89.7634 2.5
    endloop
  endfacet
  facet normal 0.852714 -0.522378 0
    outer loop
      vertex -29.4271 89.7634 0.7
      vertex -29.673 89.362 2.5
      vertex -29.673 89.362 0.7
    endloop
  endfacet
  facet normal -0.649478 0.76038 0
    outer loop
      vertex -24.8787 85.8787 0.7
      vertex -25.2366 85.573 2.5
      vertex -24.8787 85.8787 2.5
    endloop
  endfacet
  facet normal -0.649478 0.76038 0
    outer loop
      vertex -25.2366 85.573 2.5
      vertex -24.8787 85.8787 0.7
      vertex -25.2366 85.573 0.7
    endloop
  endfacet
  facet normal -0.97235 -0.233529 0
    outer loop
      vertex -25.3209 99.2659 0
      vertex -25.3832 99.5253 0.7
      vertex -25.3832 99.5253 0
    endloop
  endfacet
  facet normal -0.97235 -0.233529 0
    outer loop
      vertex -25.3832 99.5253 0.7
      vertex -25.3209 99.2659 0
      vertex -25.3209 99.2659 0.7
    endloop
  endfacet
  facet normal -0.996925 -0.0783593 0
    outer loop
      vertex -25.3 99 0
      vertex -25.3209 99.2659 0.7
      vertex -25.3209 99.2659 0
    endloop
  endfacet
  facet normal -0.996925 -0.0783593 0
    outer loop
      vertex -25.3209 99.2659 0.7
      vertex -25.3 99 0
      vertex -25.3 99 0.7
    endloop
  endfacet
  facet normal -0.923884 -0.382672 0
    outer loop
      vertex -25.3832 99.5253 0
      vertex -25.4853 99.7718 0.7
      vertex -25.4853 99.7718 0
    endloop
  endfacet
  facet normal -0.923884 -0.382672 0
    outer loop
      vertex -25.4853 99.7718 0.7
      vertex -25.3832 99.5253 0
      vertex -25.3832 99.5253 0.7
    endloop
  endfacet
  facet normal -0.522632 0.852558 0
    outer loop
      vertex -26.0008 97.6247 0
      vertex -26.2282 97.4853 0.7
      vertex -26.0008 97.6247 0.7
    endloop
  endfacet
  facet normal -0.522632 0.852558 0
    outer loop
      vertex -26.2282 97.4853 0.7
      vertex -26.0008 97.6247 0
      vertex -26.2282 97.4853 0
    endloop
  endfacet
  facet normal 0.923884 -0.382672 0
    outer loop
      vertex -28.6168 99.5253 0.7
      vertex -28.5147 99.7718 0
      vertex -28.5147 99.7718 0.7
    endloop
  endfacet
  facet normal 0.923884 -0.382672 0
    outer loop
      vertex -28.5147 99.7718 0
      vertex -28.6168 99.5253 0.7
      vertex -28.6168 99.5253 0
    endloop
  endfacet
  facet normal 0.522632 0.852558 -0
    outer loop
      vertex -27.7718 97.4853 0
      vertex -27.9992 97.6247 0.7
      vertex -27.7718 97.4853 0.7
    endloop
  endfacet
  facet normal 0.522632 0.852558 0
    outer loop
      vertex -27.9992 97.6247 0.7
      vertex -27.7718 97.4853 0
      vertex -27.9992 97.6247 0
    endloop
  endfacet
  facet normal -0.382672 0.923884 0
    outer loop
      vertex -26.2282 97.4853 0
      vertex -26.4747 97.3832 0.7
      vertex -26.2282 97.4853 0.7
    endloop
  endfacet
  facet normal -0.382672 0.923884 0
    outer loop
      vertex -26.4747 97.3832 0.7
      vertex -26.2282 97.4853 0
      vertex -26.4747 97.3832 0
    endloop
  endfacet
  facet normal 0.382352 -0.924017 0
    outer loop
      vertex -27.7718 100.515 0
      vertex -27.5253 100.617 0.7
      vertex -27.7718 100.515 0.7
    endloop
  endfacet
  facet normal 0.382352 -0.924017 0
    outer loop
      vertex -27.5253 100.617 0.7
      vertex -27.7718 100.515 0
      vertex -27.5253 100.617 0
    endloop
  endfacet
  facet normal 0.524265 -0.851555 0
    outer loop
      vertex -27.9992 100.375 0
      vertex -27.7718 100.515 0.7
      vertex -27.9992 100.375 0.7
    endloop
  endfacet
  facet normal 0.524265 -0.851555 0
    outer loop
      vertex -27.7718 100.515 0.7
      vertex -27.9992 100.375 0
      vertex -27.7718 100.515 0
    endloop
  endfacet
  facet normal 0.232465 -0.972605 0
    outer loop
      vertex -27.5253 100.617 0
      vertex -27.2659 100.679 0.7
      vertex -27.5253 100.617 0.7
    endloop
  endfacet
  facet normal 0.232465 -0.972605 0
    outer loop
      vertex -27.2659 100.679 0.7
      vertex -27.5253 100.617 0
      vertex -27.2659 100.679 0
    endloop
  endfacet
  facet normal -0.649247 0.760578 0
    outer loop
      vertex -25.7979 97.7979 0
      vertex -26.0008 97.6247 0.7
      vertex -25.7979 97.7979 0.7
    endloop
  endfacet
  facet normal -0.649247 0.760578 0
    outer loop
      vertex -26.0008 97.6247 0.7
      vertex -25.7979 97.7979 0
      vertex -26.0008 97.6247 0
    endloop
  endfacet
  facet normal 0.0787319 -0.996896 0
    outer loop
      vertex -27.2659 100.679 0
      vertex -27 100.7 0.7
      vertex -27.2659 100.679 0.7
    endloop
  endfacet
  facet normal 0.0787319 -0.996896 0
    outer loop
      vertex -27 100.7 0.7
      vertex -27.2659 100.679 0
      vertex -27 100.7 0
    endloop
  endfacet
  facet normal 0.923884 0.382672 0
    outer loop
      vertex -28.5147 98.2282 0.7
      vertex -28.6168 98.4747 0
      vertex -28.6168 98.4747 0.7
    endloop
  endfacet
  facet normal 0.923884 0.382672 0
    outer loop
      vertex -28.6168 98.4747 0
      vertex -28.5147 98.2282 0.7
      vertex -28.5147 98.2282 0
    endloop
  endfacet
  facet normal 0.76042 -0.649432 0
    outer loop
      vertex -28.3753 99.9992 0.7
      vertex -28.2021 100.202 0
      vertex -28.2021 100.202 0.7
    endloop
  endfacet
  facet normal 0.76042 -0.649432 0
    outer loop
      vertex -28.2021 100.202 0
      vertex -28.3753 99.9992 0.7
      vertex -28.3753 99.9992 0
    endloop
  endfacet
  facet normal 0.233529 0.97235 -0
    outer loop
      vertex -27.2659 97.3209 0
      vertex -27.5253 97.3832 0.7
      vertex -27.2659 97.3209 0.7
    endloop
  endfacet
  facet normal 0.233529 0.97235 0
    outer loop
      vertex -27.5253 97.3832 0.7
      vertex -27.2659 97.3209 0
      vertex -27.5253 97.3832 0
    endloop
  endfacet
  facet normal -0.923884 0.382672 0
    outer loop
      vertex -25.4853 98.2282 0
      vertex -25.3832 98.4747 0.7
      vertex -25.3832 98.4747 0
    endloop
  endfacet
  facet normal -0.923884 0.382672 0
    outer loop
      vertex -25.3832 98.4747 0.7
      vertex -25.4853 98.2282 0
      vertex -25.4853 98.2282 0.7
    endloop
  endfacet
  facet normal 0.760578 0.649247 0
    outer loop
      vertex -28.2021 97.7979 0.7
      vertex -28.3753 98.0008 0
      vertex -28.3753 98.0008 0.7
    endloop
  endfacet
  facet normal 0.760578 0.649247 0
    outer loop
      vertex -28.3753 98.0008 0
      vertex -28.2021 97.7979 0.7
      vertex -28.2021 97.7979 0
    endloop
  endfacet
  facet normal 0.648813 -0.760948 0
    outer loop
      vertex -28.2021 100.202 0
      vertex -27.9992 100.375 0.7
      vertex -28.2021 100.202 0.7
    endloop
  endfacet
  facet normal 0.648813 -0.760948 0
    outer loop
      vertex -27.9992 100.375 0.7
      vertex -28.2021 100.202 0
      vertex -27.9992 100.375 0
    endloop
  endfacet
  facet normal -0.0783593 0.996925 0
    outer loop
      vertex -26.7341 97.3209 0
      vertex -27 97.3 0.7
      vertex -26.7341 97.3209 0.7
    endloop
  endfacet
  facet normal -0.0783593 0.996925 0
    outer loop
      vertex -27 97.3 0.7
      vertex -26.7341 97.3209 0
      vertex -27 97.3 0
    endloop
  endfacet
  facet normal -0.852558 0.522632 0
    outer loop
      vertex -25.6247 98.0008 0
      vertex -25.4853 98.2282 0.7
      vertex -25.4853 98.2282 0
    endloop
  endfacet
  facet normal -0.852558 0.522632 0
    outer loop
      vertex -25.4853 98.2282 0.7
      vertex -25.6247 98.0008 0
      vertex -25.6247 98.0008 0.7
    endloop
  endfacet
  facet normal -0.852558 -0.522632 0
    outer loop
      vertex -25.4853 99.7718 0
      vertex -25.6247 99.9992 0.7
      vertex -25.6247 99.9992 0
    endloop
  endfacet
  facet normal -0.852558 -0.522632 0
    outer loop
      vertex -25.6247 99.9992 0.7
      vertex -25.4853 99.7718 0
      vertex -25.4853 99.7718 0.7
    endloop
  endfacet
  facet normal -0.996925 0.0783593 0
    outer loop
      vertex -25.3209 98.7341 0
      vertex -25.3 99 0.7
      vertex -25.3 99 0
    endloop
  endfacet
  facet normal -0.996925 0.0783593 0
    outer loop
      vertex -25.3 99 0.7
      vertex -25.3209 98.7341 0
      vertex -25.3209 98.7341 0.7
    endloop
  endfacet
  facet normal -0.97235 0.233529 0
    outer loop
      vertex -25.3832 98.4747 0
      vertex -25.3209 98.7341 0.7
      vertex -25.3209 98.7341 0
    endloop
  endfacet
  facet normal -0.97235 0.233529 0
    outer loop
      vertex -25.3209 98.7341 0.7
      vertex -25.3832 98.4747 0
      vertex -25.3832 98.4747 0.7
    endloop
  endfacet
  facet normal 0.97235 0.233529 0
    outer loop
      vertex -28.6168 98.4747 0.7
      vertex -28.6791 98.7341 0
      vertex -28.6791 98.7341 0.7
    endloop
  endfacet
  facet normal 0.97235 0.233529 0
    outer loop
      vertex -28.6791 98.7341 0
      vertex -28.6168 98.4747 0.7
      vertex -28.6168 98.4747 0
    endloop
  endfacet
  facet normal -0.524265 -0.851555 0
    outer loop
      vertex -26.2282 100.515 0
      vertex -26.0008 100.375 0.7
      vertex -26.2282 100.515 0.7
    endloop
  endfacet
  facet normal -0.524265 -0.851555 -0
    outer loop
      vertex -26.0008 100.375 0.7
      vertex -26.2282 100.515 0
      vertex -26.0008 100.375 0
    endloop
  endfacet
  facet normal -0.76042 -0.649432 0
    outer loop
      vertex -25.6247 99.9992 0
      vertex -25.7979 100.202 0.7
      vertex -25.7979 100.202 0
    endloop
  endfacet
  facet normal -0.76042 -0.649432 0
    outer loop
      vertex -25.7979 100.202 0.7
      vertex -25.6247 99.9992 0
      vertex -25.6247 99.9992 0.7
    endloop
  endfacet
  facet normal 0.996925 -0.0783593 0
    outer loop
      vertex -28.7 99 0.7
      vertex -28.6791 99.2659 0
      vertex -28.6791 99.2659 0.7
    endloop
  endfacet
  facet normal 0.996925 -0.0783593 0
    outer loop
      vertex -28.6791 99.2659 0
      vertex -28.7 99 0.7
      vertex -28.7 99 0
    endloop
  endfacet
  facet normal -0.648813 -0.760948 0
    outer loop
      vertex -26.0008 100.375 0
      vertex -25.7979 100.202 0.7
      vertex -26.0008 100.375 0.7
    endloop
  endfacet
  facet normal -0.648813 -0.760948 -0
    outer loop
      vertex -25.7979 100.202 0.7
      vertex -26.0008 100.375 0
      vertex -25.7979 100.202 0
    endloop
  endfacet
  facet normal -0.233529 0.97235 0
    outer loop
      vertex -26.4747 97.3832 0
      vertex -26.7341 97.3209 0.7
      vertex -26.4747 97.3832 0.7
    endloop
  endfacet
  facet normal -0.233529 0.97235 0
    outer loop
      vertex -26.7341 97.3209 0.7
      vertex -26.4747 97.3832 0
      vertex -26.7341 97.3209 0
    endloop
  endfacet
  facet normal 0.852558 0.522632 0
    outer loop
      vertex -28.3753 98.0008 0.7
      vertex -28.5147 98.2282 0
      vertex -28.5147 98.2282 0.7
    endloop
  endfacet
  facet normal 0.852558 0.522632 0
    outer loop
      vertex -28.5147 98.2282 0
      vertex -28.3753 98.0008 0.7
      vertex -28.3753 98.0008 0
    endloop
  endfacet
  facet normal 0.649247 0.760578 -0
    outer loop
      vertex -27.9992 97.6247 0
      vertex -28.2021 97.7979 0.7
      vertex -27.9992 97.6247 0.7
    endloop
  endfacet
  facet normal 0.649247 0.760578 0
    outer loop
      vertex -28.2021 97.7979 0.7
      vertex -27.9992 97.6247 0
      vertex -28.2021 97.7979 0
    endloop
  endfacet
  facet normal -0.760578 0.649247 0
    outer loop
      vertex -25.7979 97.7979 0
      vertex -25.6247 98.0008 0.7
      vertex -25.6247 98.0008 0
    endloop
  endfacet
  facet normal -0.760578 0.649247 0
    outer loop
      vertex -25.6247 98.0008 0.7
      vertex -25.7979 97.7979 0
      vertex -25.7979 97.7979 0.7
    endloop
  endfacet
  facet normal 0.852558 -0.522632 0
    outer loop
      vertex -28.5147 99.7718 0.7
      vertex -28.3753 99.9992 0
      vertex -28.3753 99.9992 0.7
    endloop
  endfacet
  facet normal 0.852558 -0.522632 0
    outer loop
      vertex -28.3753 99.9992 0
      vertex -28.5147 99.7718 0.7
      vertex -28.5147 99.7718 0
    endloop
  endfacet
  facet normal 0.996925 0.0783593 0
    outer loop
      vertex -28.6791 98.7341 0.7
      vertex -28.7 99 0
      vertex -28.7 99 0.7
    endloop
  endfacet
  facet normal 0.996925 0.0783593 0
    outer loop
      vertex -28.7 99 0
      vertex -28.6791 98.7341 0.7
      vertex -28.6791 98.7341 0
    endloop
  endfacet
  facet normal 0.382672 0.923884 -0
    outer loop
      vertex -27.5253 97.3832 0
      vertex -27.7718 97.4853 0.7
      vertex -27.5253 97.3832 0.7
    endloop
  endfacet
  facet normal 0.382672 0.923884 0
    outer loop
      vertex -27.7718 97.4853 0.7
      vertex -27.5253 97.3832 0
      vertex -27.7718 97.4853 0
    endloop
  endfacet
  facet normal -0.382352 -0.924017 0
    outer loop
      vertex -26.4747 100.617 0
      vertex -26.2282 100.515 0.7
      vertex -26.4747 100.617 0.7
    endloop
  endfacet
  facet normal -0.382352 -0.924017 -0
    outer loop
      vertex -26.2282 100.515 0.7
      vertex -26.4747 100.617 0
      vertex -26.2282 100.515 0
    endloop
  endfacet
  facet normal -0.232465 -0.972605 0
    outer loop
      vertex -26.7341 100.679 0
      vertex -26.4747 100.617 0.7
      vertex -26.7341 100.679 0.7
    endloop
  endfacet
  facet normal -0.232465 -0.972605 -0
    outer loop
      vertex -26.4747 100.617 0.7
      vertex -26.7341 100.679 0
      vertex -26.4747 100.617 0
    endloop
  endfacet
  facet normal -0.0787319 -0.996896 0
    outer loop
      vertex -27 100.7 0
      vertex -26.7341 100.679 0.7
      vertex -27 100.7 0.7
    endloop
  endfacet
  facet normal -0.0787319 -0.996896 -0
    outer loop
      vertex -26.7341 100.679 0.7
      vertex -27 100.7 0
      vertex -26.7341 100.679 0
    endloop
  endfacet
  facet normal 0.97235 -0.233529 0
    outer loop
      vertex -28.6791 99.2659 0.7
      vertex -28.6168 99.5253 0
      vertex -28.6168 99.5253 0.7
    endloop
  endfacet
  facet normal 0.97235 -0.233529 0
    outer loop
      vertex -28.6168 99.5253 0
      vertex -28.6791 99.2659 0.7
      vertex -28.6791 99.2659 0
    endloop
  endfacet
  facet normal 0.0783593 0.996925 -0
    outer loop
      vertex -27 97.3 0
      vertex -27.2659 97.3209 0.7
      vertex -27 97.3 0.7
    endloop
  endfacet
  facet normal 0.0783593 0.996925 0
    outer loop
      vertex -27.2659 97.3209 0.7
      vertex -27 97.3 0
      vertex -27.2659 97.3209 0
    endloop
  endfacet
  facet normal 0.923867 -0.382714 0
    outer loop
      vertex -29.8532 99.927 2.5
      vertex -29.673 100.362 0.7
      vertex -29.673 100.362 2.5
    endloop
  endfacet
  facet normal 0.923867 -0.382714 0
    outer loop
      vertex -29.673 100.362 0.7
      vertex -29.8532 99.927 2.5
      vertex -29.8532 99.927 0.7
    endloop
  endfacet
  facet normal -0.972362 -0.233477 0
    outer loop
      vertex -24.0369 99.4693 0.7
      vertex -24.1468 99.927 2.5
      vertex -24.1468 99.927 0.7
    endloop
  endfacet
  facet normal -0.972362 -0.233477 0
    outer loop
      vertex -24.1468 99.927 2.5
      vertex -24.0369 99.4693 0.7
      vertex -24.0369 99.4693 2.5
    endloop
  endfacet
  facet normal -0.996923 -0.0783858 0
    outer loop
      vertex -24 99 0.7
      vertex -24.0369 99.4693 2.5
      vertex -24.0369 99.4693 0.7
    endloop
  endfacet
  facet normal -0.996923 -0.0783858 0
    outer loop
      vertex -24.0369 99.4693 2.5
      vertex -24 99 0.7
      vertex -24 99 2.5
    endloop
  endfacet
  facet normal -0.923867 -0.382714 0
    outer loop
      vertex -24.1468 99.927 0.7
      vertex -24.327 100.362 2.5
      vertex -24.327 100.362 0.7
    endloop
  endfacet
  facet normal -0.923867 -0.382714 0
    outer loop
      vertex -24.327 100.362 2.5
      vertex -24.1468 99.927 0.7
      vertex -24.1468 99.927 2.5
    endloop
  endfacet
  facet normal -0.522532 0.85262 0
    outer loop
      vertex -25.2366 96.573 0.7
      vertex -25.638 96.327 2.5
      vertex -25.2366 96.573 2.5
    endloop
  endfacet
  facet normal -0.522532 0.85262 0
    outer loop
      vertex -25.638 96.327 2.5
      vertex -25.2366 96.573 0.7
      vertex -25.638 96.327 0.7
    endloop
  endfacet
  facet normal -0.972362 0.233477 0
    outer loop
      vertex -24.1468 98.073 0.7
      vertex -24.0369 98.5307 2.5
      vertex -24.0369 98.5307 0.7
    endloop
  endfacet
  facet normal -0.972362 0.233477 0
    outer loop
      vertex -24.0369 98.5307 2.5
      vertex -24.1468 98.073 0.7
      vertex -24.1468 98.073 2.5
    endloop
  endfacet
  facet normal -0.38279 0.923836 0
    outer loop
      vertex -25.638 96.327 0.7
      vertex -26.0729 96.1468 2.5
      vertex -25.638 96.327 2.5
    endloop
  endfacet
  facet normal -0.38279 0.923836 0
    outer loop
      vertex -26.0729 96.1468 2.5
      vertex -25.638 96.327 0.7
      vertex -26.0729 96.1468 0.7
    endloop
  endfacet
  facet normal 0.382427 -0.923986 0
    outer loop
      vertex -28.362 101.673 0.7
      vertex -27.9271 101.853 2.5
      vertex -28.362 101.673 2.5
    endloop
  endfacet
  facet normal 0.382427 -0.923986 0
    outer loop
      vertex -27.9271 101.853 2.5
      vertex -28.362 101.673 0.7
      vertex -27.9271 101.853 0.7
    endloop
  endfacet
  facet normal 0.522532 -0.85262 0
    outer loop
      vertex -28.7634 101.427 0.7
      vertex -28.362 101.673 2.5
      vertex -28.7634 101.427 2.5
    endloop
  endfacet
  facet normal 0.522532 -0.85262 0
    outer loop
      vertex -28.362 101.673 2.5
      vertex -28.7634 101.427 0.7
      vertex -28.362 101.673 0.7
    endloop
  endfacet
  facet normal -0.649846 -0.760066 0
    outer loop
      vertex -25.2366 101.427 0.7
      vertex -24.8787 101.121 2.5
      vertex -25.2366 101.427 2.5
    endloop
  endfacet
  facet normal -0.649846 -0.760066 -0
    outer loop
      vertex -24.8787 101.121 2.5
      vertex -25.2366 101.427 0.7
      vertex -24.8787 101.121 0.7
    endloop
  endfacet
  facet normal 0.23363 -0.972326 0
    outer loop
      vertex -27.9271 101.853 0.7
      vertex -27.4693 101.963 2.5
      vertex -27.9271 101.853 2.5
    endloop
  endfacet
  facet normal 0.23363 -0.972326 0
    outer loop
      vertex -27.4693 101.963 2.5
      vertex -27.9271 101.853 0.7
      vertex -27.4693 101.963 0.7
    endloop
  endfacet
  facet normal 0.923867 0.382714 0
    outer loop
      vertex -29.673 97.638 2.5
      vertex -29.8532 98.073 0.7
      vertex -29.8532 98.073 2.5
    endloop
  endfacet
  facet normal 0.923867 0.382714 0
    outer loop
      vertex -29.8532 98.073 0.7
      vertex -29.673 97.638 2.5
      vertex -29.673 97.638 0.7
    endloop
  endfacet
  facet normal 0.0785969 -0.996906 0
    outer loop
      vertex -27.4693 101.963 0.7
      vertex -27 102 2.5
      vertex -27.4693 101.963 2.5
    endloop
  endfacet
  facet normal 0.0785969 -0.996906 0
    outer loop
      vertex -27 102 2.5
      vertex -27.4693 101.963 0.7
      vertex -27 102 0.7
    endloop
  endfacet
  facet normal 0.233429 0.972374 -0
    outer loop
      vertex -27.4693 96.0369 0.7
      vertex -27.9271 96.1468 2.5
      vertex -27.4693 96.0369 2.5
    endloop
  endfacet
  facet normal 0.233429 0.972374 0
    outer loop
      vertex -27.9271 96.1468 2.5
      vertex -27.4693 96.0369 0.7
      vertex -27.9271 96.1468 0.7
    endloop
  endfacet
  facet normal 0 0 1
    outer loop
      vertex -25.3 99 0.7
      vertex -24 99 0.7
      vertex -24.0369 99.4693 0.7
    endloop
  endfacet
  facet normal 0 0 1
    outer loop
      vertex -25.3209 99.2659 0.7
      vertex -24.0369 99.4693 0.7
      vertex -24.1468 99.927 0.7
    endloop
  endfacet
  facet normal 0 0 1
    outer loop
      vertex -24 99 0.7
      vertex -25.3 99 0.7
      vertex -24.0369 98.5307 0.7
    endloop
  endfacet
  facet normal 0 0 1
    outer loop
      vertex -25.3832 99.5253 0.7
      vertex -24.1468 99.927 0.7
      vertex -24.327 100.362 0.7
    endloop
  endfacet
  facet normal -0 0 1
    outer loop
      vertex -25.3209 98.7341 0.7
      vertex -24.0369 98.5307 0.7
      vertex -25.3 99 0.7
    endloop
  endfacet
  facet normal 0 0 1
    outer loop
      vertex -25.4853 99.7718 0.7
      vertex -24.327 100.362 0.7
      vertex -24.5729 100.763 0.7
    endloop
  endfacet
  facet normal 0 0 1
    outer loop
      vertex -24.0369 98.5307 0.7
      vertex -25.3209 98.7341 0.7
      vertex -24.1468 98.073 0.7
    endloop
  endfacet
  facet normal 0 0 1
    outer loop
      vertex -25.6247 99.9992 0.7
      vertex -24.5729 100.763 0.7
      vertex -24.8787 101.121 0.7
    endloop
  endfacet
  facet normal -0 0 1
    outer loop
      vertex -25.3832 98.4747 0.7
      vertex -24.1468 98.073 0.7
      vertex -25.3209 98.7341 0.7
    endloop
  endfacet
  facet normal 0 0 1
    outer loop
      vertex -25.7979 100.202 0.7
      vertex -24.8787 101.121 0.7
      vertex -25.2366 101.427 0.7
    endloop
  endfacet
  facet normal 0 0 1
    outer loop
      vertex -24.1468 98.073 0.7
      vertex -25.3832 98.4747 0.7
      vertex -24.327 97.638 0.7
    endloop
  endfacet
  facet normal -0 0 1
    outer loop
      vertex -25.4853 98.2282 0.7
      vertex -24.327 97.638 0.7
      vertex -25.3832 98.4747 0.7
    endloop
  endfacet
  facet normal 0 0 1
    outer loop
      vertex -24.0369 99.4693 0.7
      vertex -25.3209 99.2659 0.7
      vertex -25.3 99 0.7
    endloop
  endfacet
  facet normal 0 0 1
    outer loop
      vertex -24.1468 99.927 0.7
      vertex -25.3832 99.5253 0.7
      vertex -25.3209 99.2659 0.7
    endloop
  endfacet
  facet normal 0 0 1
    outer loop
      vertex -24.327 100.362 0.7
      vertex -25.4853 99.7718 0.7
      vertex -25.3832 99.5253 0.7
    endloop
  endfacet
  facet normal 0 0 1
    outer loop
      vertex -24.5729 100.763 0.7
      vertex -25.6247 99.9992 0.7
      vertex -25.4853 99.7718 0.7
    endloop
  endfacet
  facet normal 0 0 1
    outer loop
      vertex -26.0008 100.375 0.7
      vertex -25.2366 101.427 0.7
      vertex -25.638 101.673 0.7
    endloop
  endfacet
  facet normal 0 0 1
    outer loop
      vertex -24.8787 101.121 0.7
      vertex -25.7979 100.202 0.7
      vertex -25.6247 99.9992 0.7
    endloop
  endfacet
  facet normal 0 0 1
    outer loop
      vertex -25.2366 101.427 0.7
      vertex -26.0008 100.375 0.7
      vertex -25.7979 100.202 0.7
    endloop
  endfacet
  facet normal 0 0 1
    outer loop
      vertex -26.2282 100.515 0.7
      vertex -25.638 101.673 0.7
      vertex -26.0729 101.853 0.7
    endloop
  endfacet
  facet normal 0 0 1
    outer loop
      vertex -25.638 101.673 0.7
      vertex -26.2282 100.515 0.7
      vertex -26.0008 100.375 0.7
    endloop
  endfacet
  facet normal 0 0 1
    outer loop
      vertex -26.0729 101.853 0.7
      vertex -26.4747 100.617 0.7
      vertex -26.2282 100.515 0.7
    endloop
  endfacet
  facet normal 0 0 1
    outer loop
      vertex -26.5307 101.963 0.7
      vertex -26.4747 100.617 0.7
      vertex -26.0729 101.853 0.7
    endloop
  endfacet
  facet normal 0 0 1
    outer loop
      vertex -26.5307 101.963 0.7
      vertex -26.7341 100.679 0.7
      vertex -26.4747 100.617 0.7
    endloop
  endfacet
  facet normal 0 0 1
    outer loop
      vertex -27 102 0.7
      vertex -26.7341 100.679 0.7
      vertex -26.5307 101.963 0.7
    endloop
  endfacet
  facet normal 0 0 1
    outer loop
      vertex -27 102 0.7
      vertex -27 100.7 0.7
      vertex -26.7341 100.679 0.7
    endloop
  endfacet
  facet normal 0 0 1
    outer loop
      vertex -27 102 0.7
      vertex -27.2659 100.679 0.7
      vertex -27 100.7 0.7
    endloop
  endfacet
  facet normal -0 0 1
    outer loop
      vertex -27.4693 101.963 0.7
      vertex -27.2659 100.679 0.7
      vertex -27 102 0.7
    endloop
  endfacet
  facet normal 0 0 1
    outer loop
      vertex -27.4693 101.963 0.7
      vertex -27.5253 100.617 0.7
      vertex -27.2659 100.679 0.7
    endloop
  endfacet
  facet normal -0 0 1
    outer loop
      vertex -27.9271 101.853 0.7
      vertex -27.5253 100.617 0.7
      vertex -27.4693 101.963 0.7
    endloop
  endfacet
  facet normal 0 0 1
    outer loop
      vertex -27.5253 100.617 0.7
      vertex -27.9271 101.853 0.7
      vertex -27.7718 100.515 0.7
    endloop
  endfacet
  facet normal -0 0 1
    outer loop
      vertex -28.362 101.673 0.7
      vertex -27.7718 100.515 0.7
      vertex -27.9271 101.853 0.7
    endloop
  endfacet
  facet normal 0 0 1
    outer loop
      vertex -27.7718 100.515 0.7
      vertex -28.362 101.673 0.7
      vertex -27.9992 100.375 0.7
    endloop
  endfacet
  facet normal -0 0 1
    outer loop
      vertex -28.7634 101.427 0.7
      vertex -27.9992 100.375 0.7
      vertex -28.362 101.673 0.7
    endloop
  endfacet
  facet normal 0 0 1
    outer loop
      vertex -27.9992 100.375 0.7
      vertex -28.7634 101.427 0.7
      vertex -28.2021 100.202 0.7
    endloop
  endfacet
  facet normal -0 0 1
    outer loop
      vertex -29.1213 101.121 0.7
      vertex -28.2021 100.202 0.7
      vertex -28.7634 101.427 0.7
    endloop
  endfacet
  facet normal 0 0 1
    outer loop
      vertex -28.2021 100.202 0.7
      vertex -29.1213 101.121 0.7
      vertex -28.3753 99.9992 0.7
    endloop
  endfacet
  facet normal -0 0 1
    outer loop
      vertex -29.4271 100.763 0.7
      vertex -28.3753 99.9992 0.7
      vertex -29.1213 101.121 0.7
    endloop
  endfacet
  facet normal -0 0 1
    outer loop
      vertex -29.673 100.362 0.7
      vertex -28.5147 99.7718 0.7
      vertex -29.4271 100.763 0.7
    endloop
  endfacet
  facet normal 0 0 1
    outer loop
      vertex -28.3753 99.9992 0.7
      vertex -29.4271 100.763 0.7
      vertex -28.5147 99.7718 0.7
    endloop
  endfacet
  facet normal 0 0 1
    outer loop
      vertex -24.327 97.638 0.7
      vertex -25.4853 98.2282 0.7
      vertex -24.5729 97.2366 0.7
    endloop
  endfacet
  facet normal -0 0 1
    outer loop
      vertex -25.6247 98.0008 0.7
      vertex -24.5729 97.2366 0.7
      vertex -25.4853 98.2282 0.7
    endloop
  endfacet
  facet normal 0 0 1
    outer loop
      vertex -24.5729 97.2366 0.7
      vertex -25.6247 98.0008 0.7
      vertex -24.8787 96.8787 0.7
    endloop
  endfacet
  facet normal -0 0 1
    outer loop
      vertex -25.7979 97.7979 0.7
      vertex -24.8787 96.8787 0.7
      vertex -25.6247 98.0008 0.7
    endloop
  endfacet
  facet normal 0 0 1
    outer loop
      vertex -24.8787 96.8787 0.7
      vertex -25.7979 97.7979 0.7
      vertex -25.2366 96.573 0.7
    endloop
  endfacet
  facet normal -0 0 1
    outer loop
      vertex -26.0008 97.6247 0.7
      vertex -25.2366 96.573 0.7
      vertex -25.7979 97.7979 0.7
    endloop
  endfacet
  facet normal 0 0 1
    outer loop
      vertex -25.2366 96.573 0.7
      vertex -26.0008 97.6247 0.7
      vertex -25.638 96.327 0.7
    endloop
  endfacet
  facet normal -0 0 1
    outer loop
      vertex -26.2282 97.4853 0.7
      vertex -25.638 96.327 0.7
      vertex -26.0008 97.6247 0.7
    endloop
  endfacet
  facet normal 0 0 1
    outer loop
      vertex -25.638 96.327 0.7
      vertex -26.2282 97.4853 0.7
      vertex -26.0729 96.1468 0.7
    endloop
  endfacet
  facet normal -0 0 1
    outer loop
      vertex -26.4747 97.3832 0.7
      vertex -26.0729 96.1468 0.7
      vertex -26.2282 97.4853 0.7
    endloop
  endfacet
  facet normal 0 0 1
    outer loop
      vertex -26.4747 97.3832 0.7
      vertex -26.5307 96.0369 0.7
      vertex -26.0729 96.1468 0.7
    endloop
  endfacet
  facet normal -0 0 1
    outer loop
      vertex -26.7341 97.3209 0.7
      vertex -26.5307 96.0369 0.7
      vertex -26.4747 97.3832 0.7
    endloop
  endfacet
  facet normal -0 0 1
    outer loop
      vertex -27 97.3 0.7
      vertex -26.5307 96.0369 0.7
      vertex -26.7341 97.3209 0.7
    endloop
  endfacet
  facet normal 0 0 1
    outer loop
      vertex -27 97.3 0.7
      vertex -27 96 0.7
      vertex -26.5307 96.0369 0.7
    endloop
  endfacet
  facet normal 0 0 1
    outer loop
      vertex -27.2659 97.3209 0.7
      vertex -27 96 0.7
      vertex -27 97.3 0.7
    endloop
  endfacet
  facet normal 0 0 1
    outer loop
      vertex -27.2659 97.3209 0.7
      vertex -27.4693 96.0369 0.7
      vertex -27 96 0.7
    endloop
  endfacet
  facet normal 0 0 1
    outer loop
      vertex -27.5253 97.3832 0.7
      vertex -27.4693 96.0369 0.7
      vertex -27.2659 97.3209 0.7
    endloop
  endfacet
  facet normal 0 0 1
    outer loop
      vertex -27.9271 96.1468 0.7
      vertex -27.5253 97.3832 0.7
      vertex -27.7718 97.4853 0.7
    endloop
  endfacet
  facet normal 0 0 1
    outer loop
      vertex -27.5253 97.3832 0.7
      vertex -27.9271 96.1468 0.7
      vertex -27.4693 96.0369 0.7
    endloop
  endfacet
  facet normal 0 0 1
    outer loop
      vertex -28.362 96.327 0.7
      vertex -27.7718 97.4853 0.7
      vertex -27.9992 97.6247 0.7
    endloop
  endfacet
  facet normal 0 0 1
    outer loop
      vertex -28.7634 96.573 0.7
      vertex -27.9992 97.6247 0.7
      vertex -28.2021 97.7979 0.7
    endloop
  endfacet
  facet normal 0 0 1
    outer loop
      vertex -27.7718 97.4853 0.7
      vertex -28.362 96.327 0.7
      vertex -27.9271 96.1468 0.7
    endloop
  endfacet
  facet normal 0 0 1
    outer loop
      vertex -29.1213 96.8787 0.7
      vertex -28.2021 97.7979 0.7
      vertex -28.3753 98.0008 0.7
    endloop
  endfacet
  facet normal 0 0 1
    outer loop
      vertex -29.4271 97.2366 0.7
      vertex -28.3753 98.0008 0.7
      vertex -28.5147 98.2282 0.7
    endloop
  endfacet
  facet normal 0 0 1
    outer loop
      vertex -29.673 97.638 0.7
      vertex -28.5147 98.2282 0.7
      vertex -28.6168 98.4747 0.7
    endloop
  endfacet
  facet normal 0 0 1
    outer loop
      vertex -29.8532 98.073 0.7
      vertex -28.6168 98.4747 0.7
      vertex -28.6791 98.7341 0.7
    endloop
  endfacet
  facet normal 0 0 1
    outer loop
      vertex -27.9992 97.6247 0.7
      vertex -28.7634 96.573 0.7
      vertex -28.362 96.327 0.7
    endloop
  endfacet
  facet normal 0 0 1
    outer loop
      vertex -29.9631 98.5307 0.7
      vertex -28.6791 98.7341 0.7
      vertex -28.7 99 0.7
    endloop
  endfacet
  facet normal 0 0 1
    outer loop
      vertex -28.5147 99.7718 0.7
      vertex -29.673 100.362 0.7
      vertex -28.6168 99.5253 0.7
    endloop
  endfacet
  facet normal -0 0 1
    outer loop
      vertex -29.8532 99.927 0.7
      vertex -28.6168 99.5253 0.7
      vertex -29.673 100.362 0.7
    endloop
  endfacet
  facet normal 0 0 1
    outer loop
      vertex -28.2021 97.7979 0.7
      vertex -29.1213 96.8787 0.7
      vertex -28.7634 96.573 0.7
    endloop
  endfacet
  facet normal 0 0 1
    outer loop
      vertex -28.6168 99.5253 0.7
      vertex -29.8532 99.927 0.7
      vertex -28.6791 99.2659 0.7
    endloop
  endfacet
  facet normal 0 0 1
    outer loop
      vertex -28.3753 98.0008 0.7
      vertex -29.4271 97.2366 0.7
      vertex -29.1213 96.8787 0.7
    endloop
  endfacet
  facet normal -0 0 1
    outer loop
      vertex -29.9631 99.4693 0.7
      vertex -28.6791 99.2659 0.7
      vertex -29.8532 99.927 0.7
    endloop
  endfacet
  facet normal 0 0 1
    outer loop
      vertex -28.5147 98.2282 0.7
      vertex -29.673 97.638 0.7
      vertex -29.4271 97.2366 0.7
    endloop
  endfacet
  facet normal 0 0 1
    outer loop
      vertex -28.6791 99.2659 0.7
      vertex -29.9631 99.4693 0.7
      vertex -28.7 99 0.7
    endloop
  endfacet
  facet normal 0 0 1
    outer loop
      vertex -28.6168 98.4747 0.7
      vertex -29.8532 98.073 0.7
      vertex -29.673 97.638 0.7
    endloop
  endfacet
  facet normal 0 0 1
    outer loop
      vertex -30 99 0.7
      vertex -28.7 99 0.7
      vertex -29.9631 99.4693 0.7
    endloop
  endfacet
  facet normal 0 0 1
    outer loop
      vertex -28.6791 98.7341 0.7
      vertex -29.9631 98.5307 0.7
      vertex -29.8532 98.073 0.7
    endloop
  endfacet
  facet normal 0 0 1
    outer loop
      vertex -28.7 99 0.7
      vertex -30 99 0.7
      vertex -29.9631 98.5307 0.7
    endloop
  endfacet
  facet normal -0.923867 0.382714 0
    outer loop
      vertex -24.327 97.638 0.7
      vertex -24.1468 98.073 2.5
      vertex -24.1468 98.073 0.7
    endloop
  endfacet
  facet normal -0.923867 0.382714 0
    outer loop
      vertex -24.1468 98.073 2.5
      vertex -24.327 97.638 0.7
      vertex -24.327 97.638 2.5
    endloop
  endfacet
  facet normal 0.760275 0.649601 0
    outer loop
      vertex -29.1213 96.8787 2.5
      vertex -29.4271 97.2366 0.7
      vertex -29.4271 97.2366 2.5
    endloop
  endfacet
  facet normal 0.760275 0.649601 0
    outer loop
      vertex -29.4271 97.2366 0.7
      vertex -29.1213 96.8787 2.5
      vertex -29.1213 96.8787 0.7
    endloop
  endfacet
  facet normal 0.649846 -0.760066 0
    outer loop
      vertex -29.1213 101.121 0.7
      vertex -28.7634 101.427 2.5
      vertex -29.1213 101.121 2.5
    endloop
  endfacet
  facet normal 0.649846 -0.760066 0
    outer loop
      vertex -28.7634 101.427 2.5
      vertex -29.1213 101.121 0.7
      vertex -28.7634 101.427 0.7
    endloop
  endfacet
  facet normal -0.0783858 0.996923 0
    outer loop
      vertex -26.5307 96.0369 0.7
      vertex -27 96 2.5
      vertex -26.5307 96.0369 2.5
    endloop
  endfacet
  facet normal -0.0783858 0.996923 0
    outer loop
      vertex -27 96 2.5
      vertex -26.5307 96.0369 0.7
      vertex -27 96 0.7
    endloop
  endfacet
  facet normal 0.649478 0.76038 -0
    outer loop
      vertex -28.7634 96.573 0.7
      vertex -29.1213 96.8787 2.5
      vertex -28.7634 96.573 2.5
    endloop
  endfacet
  facet normal 0.649478 0.76038 0
    outer loop
      vertex -29.1213 96.8787 2.5
      vertex -28.7634 96.573 0.7
      vertex -29.1213 96.8787 0.7
    endloop
  endfacet
  facet normal -0.852714 0.522378 0
    outer loop
      vertex -24.5729 97.2366 0.7
      vertex -24.327 97.638 2.5
      vertex -24.327 97.638 0.7
    endloop
  endfacet
  facet normal -0.852714 0.522378 0
    outer loop
      vertex -24.327 97.638 2.5
      vertex -24.5729 97.2366 0.7
      vertex -24.5729 97.2366 2.5
    endloop
  endfacet
  facet normal -0.852482 -0.522756 0
    outer loop
      vertex -24.327 100.362 0.7
      vertex -24.5729 100.763 2.5
      vertex -24.5729 100.763 0.7
    endloop
  endfacet
  facet normal -0.852482 -0.522756 0
    outer loop
      vertex -24.5729 100.763 2.5
      vertex -24.327 100.362 0.7
      vertex -24.327 100.362 2.5
    endloop
  endfacet
  facet normal -0.760365 -0.649496 0
    outer loop
      vertex -24.5729 100.763 0.7
      vertex -24.8787 101.121 2.5
      vertex -24.8787 101.121 0.7
    endloop
  endfacet
  facet normal -0.760365 -0.649496 0
    outer loop
      vertex -24.8787 101.121 2.5
      vertex -24.5729 100.763 0.7
      vertex -24.5729 100.763 2.5
    endloop
  endfacet
  facet normal 0.760365 -0.649496 0
    outer loop
      vertex -29.4271 100.763 2.5
      vertex -29.1213 101.121 0.7
      vertex -29.1213 101.121 2.5
    endloop
  endfacet
  facet normal 0.760365 -0.649496 0
    outer loop
      vertex -29.1213 101.121 0.7
      vertex -29.4271 100.763 2.5
      vertex -29.4271 100.763 0.7
    endloop
  endfacet
  facet normal -0.0785969 -0.996906 0
    outer loop
      vertex -27 102 0.7
      vertex -26.5307 101.963 2.5
      vertex -27 102 2.5
    endloop
  endfacet
  facet normal -0.0785969 -0.996906 -0
    outer loop
      vertex -26.5307 101.963 2.5
      vertex -27 102 0.7
      vertex -26.5307 101.963 0.7
    endloop
  endfacet
  facet normal -0.382427 -0.923986 0
    outer loop
      vertex -26.0729 101.853 0.7
      vertex -25.638 101.673 2.5
      vertex -26.0729 101.853 2.5
    endloop
  endfacet
  facet normal -0.382427 -0.923986 -0
    outer loop
      vertex -25.638 101.673 2.5
      vertex -26.0729 101.853 0.7
      vertex -25.638 101.673 0.7
    endloop
  endfacet
  facet normal 0.972362 -0.233477 0
    outer loop
      vertex -29.9631 99.4693 2.5
      vertex -29.8532 99.927 0.7
      vertex -29.8532 99.927 2.5
    endloop
  endfacet
  facet normal 0.972362 -0.233477 0
    outer loop
      vertex -29.8532 99.927 0.7
      vertex -29.9631 99.4693 2.5
      vertex -29.9631 99.4693 0.7
    endloop
  endfacet
  facet normal -0.522532 -0.85262 0
    outer loop
      vertex -25.638 101.673 0.7
      vertex -25.2366 101.427 2.5
      vertex -25.638 101.673 2.5
    endloop
  endfacet
  facet normal -0.522532 -0.85262 -0
    outer loop
      vertex -25.2366 101.427 2.5
      vertex -25.638 101.673 0.7
      vertex -25.2366 101.427 0.7
    endloop
  endfacet
  facet normal -0.233429 0.972374 0
    outer loop
      vertex -26.0729 96.1468 0.7
      vertex -26.5307 96.0369 2.5
      vertex -26.0729 96.1468 2.5
    endloop
  endfacet
  facet normal -0.233429 0.972374 0
    outer loop
      vertex -26.5307 96.0369 2.5
      vertex -26.0729 96.1468 0.7
      vertex -26.5307 96.0369 0.7
    endloop
  endfacet
  facet normal -0.996923 0.0783858 0
    outer loop
      vertex -24.0369 98.5307 0.7
      vertex -24 99 2.5
      vertex -24 99 0.7
    endloop
  endfacet
  facet normal -0.996923 0.0783858 0
    outer loop
      vertex -24 99 2.5
      vertex -24.0369 98.5307 0.7
      vertex -24.0369 98.5307 2.5
    endloop
  endfacet
  facet normal -0.760275 0.649601 0
    outer loop
      vertex -24.8787 96.8787 0.7
      vertex -24.5729 97.2366 2.5
      vertex -24.5729 97.2366 0.7
    endloop
  endfacet
  facet normal -0.760275 0.649601 0
    outer loop
      vertex -24.5729 97.2366 2.5
      vertex -24.8787 96.8787 0.7
      vertex -24.8787 96.8787 2.5
    endloop
  endfacet
  facet normal 0.852714 0.522378 0
    outer loop
      vertex -29.4271 97.2366 2.5
      vertex -29.673 97.638 0.7
      vertex -29.673 97.638 2.5
    endloop
  endfacet
  facet normal 0.852714 0.522378 0
    outer loop
      vertex -29.673 97.638 0.7
      vertex -29.4271 97.2366 2.5
      vertex -29.4271 97.2366 0.7
    endloop
  endfacet
  facet normal 0.996923 0.0783858 0
    outer loop
      vertex -29.9631 98.5307 2.5
      vertex -30 99 0.7
      vertex -30 99 2.5
    endloop
  endfacet
  facet normal 0.996923 0.0783858 0
    outer loop
      vertex -30 99 0.7
      vertex -29.9631 98.5307 2.5
      vertex -29.9631 98.5307 0.7
    endloop
  endfacet
  facet normal 0.0783858 0.996923 -0
    outer loop
      vertex -27 96 0.7
      vertex -27.4693 96.0369 2.5
      vertex -27 96 2.5
    endloop
  endfacet
  facet normal 0.0783858 0.996923 0
    outer loop
      vertex -27.4693 96.0369 2.5
      vertex -27 96 0.7
      vertex -27.4693 96.0369 0.7
    endloop
  endfacet
  facet normal 0.972362 0.233477 0
    outer loop
      vertex -29.8532 98.073 2.5
      vertex -29.9631 98.5307 0.7
      vertex -29.9631 98.5307 2.5
    endloop
  endfacet
  facet normal 0.972362 0.233477 0
    outer loop
      vertex -29.9631 98.5307 0.7
      vertex -29.8532 98.073 2.5
      vertex -29.8532 98.073 0.7
    endloop
  endfacet
  facet normal -0.23363 -0.972326 0
    outer loop
      vertex -26.5307 101.963 0.7
      vertex -26.0729 101.853 2.5
      vertex -26.5307 101.963 2.5
    endloop
  endfacet
  facet normal -0.23363 -0.972326 -0
    outer loop
      vertex -26.0729 101.853 2.5
      vertex -26.5307 101.963 0.7
      vertex -26.0729 101.853 0.7
    endloop
  endfacet
  facet normal 0.522532 0.85262 -0
    outer loop
      vertex -28.362 96.327 0.7
      vertex -28.7634 96.573 2.5
      vertex -28.362 96.327 2.5
    endloop
  endfacet
  facet normal 0.522532 0.85262 0
    outer loop
      vertex -28.7634 96.573 2.5
      vertex -28.362 96.327 0.7
      vertex -28.7634 96.573 0.7
    endloop
  endfacet
  facet normal 0.38279 0.923836 -0
    outer loop
      vertex -27.9271 96.1468 0.7
      vertex -28.362 96.327 2.5
      vertex -27.9271 96.1468 2.5
    endloop
  endfacet
  facet normal 0.38279 0.923836 0
    outer loop
      vertex -28.362 96.327 2.5
      vertex -27.9271 96.1468 0.7
      vertex -28.362 96.327 0.7
    endloop
  endfacet
  facet normal 0.996923 -0.0783858 0
    outer loop
      vertex -30 99 2.5
      vertex -29.9631 99.4693 0.7
      vertex -29.9631 99.4693 2.5
    endloop
  endfacet
  facet normal 0.996923 -0.0783858 0
    outer loop
      vertex -29.9631 99.4693 0.7
      vertex -30 99 2.5
      vertex -30 99 0.7
    endloop
  endfacet
  facet normal 0.852482 -0.522756 0
    outer loop
      vertex -29.673 100.362 2.5
      vertex -29.4271 100.763 0.7
      vertex -29.4271 100.763 2.5
    endloop
  endfacet
  facet normal 0.852482 -0.522756 0
    outer loop
      vertex -29.4271 100.763 0.7
      vertex -29.673 100.362 2.5
      vertex -29.673 100.362 0.7
    endloop
  endfacet
  facet normal -0.649478 0.76038 0
    outer loop
      vertex -24.8787 96.8787 0.7
      vertex -25.2366 96.573 2.5
      vertex -24.8787 96.8787 2.5
    endloop
  endfacet
  facet normal -0.649478 0.76038 0
    outer loop
      vertex -25.2366 96.573 2.5
      vertex -24.8787 96.8787 0.7
      vertex -25.2366 96.573 0.7
    endloop
  endfacet
  facet normal -0.972268 -0.23387 0
    outer loop
      vertex -57.8209 100.266 0
      vertex -57.8832 100.525 0.7
      vertex -57.8832 100.525 0
    endloop
  endfacet
  facet normal -0.972268 -0.23387 0
    outer loop
      vertex -57.8832 100.525 0.7
      vertex -57.8209 100.266 0
      vertex -57.8209 100.266 0.7
    endloop
  endfacet
  facet normal -0.996927 -0.07833 0
    outer loop
      vertex -57.8 100 0
      vertex -57.8209 100.266 0.7
      vertex -57.8209 100.266 0
    endloop
  endfacet
  facet normal -0.996927 -0.07833 0
    outer loop
      vertex -57.8209 100.266 0.7
      vertex -57.8 100 0
      vertex -57.8 100 0.7
    endloop
  endfacet
  facet normal -0.924158 -0.38201 0
    outer loop
      vertex -57.8832 100.525 0
      vertex -57.9853 100.772 0.7
      vertex -57.9853 100.772 0
    endloop
  endfacet
  facet normal -0.924158 -0.38201 0
    outer loop
      vertex -57.9853 100.772 0.7
      vertex -57.8832 100.525 0
      vertex -57.8832 100.525 0.7
    endloop
  endfacet
  facet normal -0.522632 0.852558 0
    outer loop
      vertex -58.5008 98.6247 0
      vertex -58.7282 98.4853 0.7
      vertex -58.5008 98.6247 0.7
    endloop
  endfacet
  facet normal -0.522632 0.852558 0
    outer loop
      vertex -58.7282 98.4853 0.7
      vertex -58.5008 98.6247 0
      vertex -58.7282 98.4853 0
    endloop
  endfacet
  facet normal 0.924158 -0.38201 0
    outer loop
      vertex -61.1168 100.525 0.7
      vertex -61.0147 100.772 0
      vertex -61.0147 100.772 0.7
    endloop
  endfacet
  facet normal 0.924158 -0.38201 0
    outer loop
      vertex -61.0147 100.772 0
      vertex -61.1168 100.525 0.7
      vertex -61.1168 100.525 0
    endloop
  endfacet
  facet normal 0.522632 0.852558 -0
    outer loop
      vertex -60.2718 98.4853 0
      vertex -60.4992 98.6247 0.7
      vertex -60.2718 98.4853 0.7
    endloop
  endfacet
  facet normal 0.522632 0.852558 0
    outer loop
      vertex -60.4992 98.6247 0.7
      vertex -60.2718 98.4853 0
      vertex -60.4992 98.6247 0
    endloop
  endfacet
  facet normal -0.382672 0.923884 0
    outer loop
      vertex -58.7282 98.4853 0
      vertex -58.9747 98.3832 0.7
      vertex -58.7282 98.4853 0.7
    endloop
  endfacet
  facet normal -0.382672 0.923884 0
    outer loop
      vertex -58.9747 98.3832 0.7
      vertex -58.7282 98.4853 0
      vertex -58.9747 98.3832 0
    endloop
  endfacet
  facet normal 0.382352 -0.924017 0
    outer loop
      vertex -60.2718 101.515 0
      vertex -60.0253 101.617 0.7
      vertex -60.2718 101.515 0.7
    endloop
  endfacet
  facet normal 0.382352 -0.924017 0
    outer loop
      vertex -60.0253 101.617 0.7
      vertex -60.2718 101.515 0
      vertex -60.0253 101.617 0
    endloop
  endfacet
  facet normal 0.524265 -0.851555 0
    outer loop
      vertex -60.4992 101.375 0
      vertex -60.2718 101.515 0.7
      vertex -60.4992 101.375 0.7
    endloop
  endfacet
  facet normal 0.524265 -0.851555 0
    outer loop
      vertex -60.2718 101.515 0.7
      vertex -60.4992 101.375 0
      vertex -60.2718 101.515 0
    endloop
  endfacet
  facet normal 0.232465 -0.972605 0
    outer loop
      vertex -60.0253 101.617 0
      vertex -59.7659 101.679 0.7
      vertex -60.0253 101.617 0.7
    endloop
  endfacet
  facet normal 0.232465 -0.972605 0
    outer loop
      vertex -59.7659 101.679 0.7
      vertex -60.0253 101.617 0
      vertex -59.7659 101.679 0
    endloop
  endfacet
  facet normal -0.649247 0.760578 0
    outer loop
      vertex -58.2979 98.7979 0
      vertex -58.5008 98.6247 0.7
      vertex -58.2979 98.7979 0.7
    endloop
  endfacet
  facet normal -0.649247 0.760578 0
    outer loop
      vertex -58.5008 98.6247 0.7
      vertex -58.2979 98.7979 0
      vertex -58.5008 98.6247 0
    endloop
  endfacet
  facet normal 0.0787319 -0.996896 0
    outer loop
      vertex -59.7659 101.679 0
      vertex -59.5 101.7 0.7
      vertex -59.7659 101.679 0.7
    endloop
  endfacet
  facet normal 0.0787319 -0.996896 0
    outer loop
      vertex -59.5 101.7 0.7
      vertex -59.7659 101.679 0
      vertex -59.5 101.7 0
    endloop
  endfacet
  facet normal 0.923884 0.382672 0
    outer loop
      vertex -61.0147 99.2282 0.7
      vertex -61.1168 99.4747 0
      vertex -61.1168 99.4747 0.7
    endloop
  endfacet
  facet normal 0.923884 0.382672 0
    outer loop
      vertex -61.1168 99.4747 0
      vertex -61.0147 99.2282 0.7
      vertex -61.0147 99.2282 0
    endloop
  endfacet
  facet normal 0.760736 -0.649061 0
    outer loop
      vertex -60.8753 100.999 0.7
      vertex -60.7021 101.202 0
      vertex -60.7021 101.202 0.7
    endloop
  endfacet
  facet normal 0.760736 -0.649061 0
    outer loop
      vertex -60.7021 101.202 0
      vertex -60.8753 100.999 0.7
      vertex -60.8753 100.999 0
    endloop
  endfacet
  facet normal 0.233529 0.97235 -0
    outer loop
      vertex -59.7659 98.3209 0
      vertex -60.0253 98.3832 0.7
      vertex -59.7659 98.3209 0.7
    endloop
  endfacet
  facet normal 0.233529 0.97235 0
    outer loop
      vertex -60.0253 98.3832 0.7
      vertex -59.7659 98.3209 0
      vertex -60.0253 98.3832 0
    endloop
  endfacet
  facet normal -0.923884 0.382672 0
    outer loop
      vertex -57.9853 99.2282 0
      vertex -57.8832 99.4747 0.7
      vertex -57.8832 99.4747 0
    endloop
  endfacet
  facet normal -0.923884 0.382672 0
    outer loop
      vertex -57.8832 99.4747 0.7
      vertex -57.9853 99.2282 0
      vertex -57.9853 99.2282 0.7
    endloop
  endfacet
  facet normal 0.760578 0.649247 0
    outer loop
      vertex -60.7021 98.7979 0.7
      vertex -60.8753 99.0008 0
      vertex -60.8753 99.0008 0.7
    endloop
  endfacet
  facet normal 0.760578 0.649247 0
    outer loop
      vertex -60.8753 99.0008 0
      vertex -60.7021 98.7979 0.7
      vertex -60.7021 98.7979 0
    endloop
  endfacet
  facet normal 0.648813 -0.760948 0
    outer loop
      vertex -60.7021 101.202 0
      vertex -60.4992 101.375 0.7
      vertex -60.7021 101.202 0.7
    endloop
  endfacet
  facet normal 0.648813 -0.760948 0
    outer loop
      vertex -60.4992 101.375 0.7
      vertex -60.7021 101.202 0
      vertex -60.4992 101.375 0
    endloop
  endfacet
  facet normal -0.0783593 0.996925 0
    outer loop
      vertex -59.2341 98.3209 0
      vertex -59.5 98.3 0.7
      vertex -59.2341 98.3209 0.7
    endloop
  endfacet
  facet normal -0.0783593 0.996925 0
    outer loop
      vertex -59.5 98.3 0.7
      vertex -59.2341 98.3209 0
      vertex -59.5 98.3 0
    endloop
  endfacet
  facet normal -0.852558 0.522632 0
    outer loop
      vertex -58.1247 99.0008 0
      vertex -57.9853 99.2282 0.7
      vertex -57.9853 99.2282 0
    endloop
  endfacet
  facet normal -0.852558 0.522632 0
    outer loop
      vertex -57.9853 99.2282 0.7
      vertex -58.1247 99.0008 0
      vertex -58.1247 99.0008 0.7
    endloop
  endfacet
  facet normal -0.852148 -0.523301 0
    outer loop
      vertex -57.9853 100.772 0
      vertex -58.1247 100.999 0.7
      vertex -58.1247 100.999 0
    endloop
  endfacet
  facet normal -0.852148 -0.523301 0
    outer loop
      vertex -58.1247 100.999 0.7
      vertex -57.9853 100.772 0
      vertex -57.9853 100.772 0.7
    endloop
  endfacet
  facet normal -0.996925 0.0783593 0
    outer loop
      vertex -57.8209 99.7341 0
      vertex -57.8 100 0.7
      vertex -57.8 100 0
    endloop
  endfacet
  facet normal -0.996925 0.0783593 0
    outer loop
      vertex -57.8 100 0.7
      vertex -57.8209 99.7341 0
      vertex -57.8209 99.7341 0.7
    endloop
  endfacet
  facet normal -0.97235 0.233529 0
    outer loop
      vertex -57.8832 99.4747 0
      vertex -57.8209 99.7341 0.7
      vertex -57.8209 99.7341 0
    endloop
  endfacet
  facet normal -0.97235 0.233529 0
    outer loop
      vertex -57.8209 99.7341 0.7
      vertex -57.8832 99.4747 0
      vertex -57.8832 99.4747 0.7
    endloop
  endfacet
  facet normal 0.97235 0.233529 0
    outer loop
      vertex -61.1168 99.4747 0.7
      vertex -61.1791 99.7341 0
      vertex -61.1791 99.7341 0.7
    endloop
  endfacet
  facet normal 0.97235 0.233529 0
    outer loop
      vertex -61.1791 99.7341 0
      vertex -61.1168 99.4747 0.7
      vertex -61.1168 99.4747 0
    endloop
  endfacet
  facet normal -0.524265 -0.851555 0
    outer loop
      vertex -58.7282 101.515 0
      vertex -58.5008 101.375 0.7
      vertex -58.7282 101.515 0.7
    endloop
  endfacet
  facet normal -0.524265 -0.851555 -0
    outer loop
      vertex -58.5008 101.375 0.7
      vertex -58.7282 101.515 0
      vertex -58.5008 101.375 0
    endloop
  endfacet
  facet normal -0.760736 -0.649061 0
    outer loop
      vertex -58.1247 100.999 0
      vertex -58.2979 101.202 0.7
      vertex -58.2979 101.202 0
    endloop
  endfacet
  facet normal -0.760736 -0.649061 0
    outer loop
      vertex -58.2979 101.202 0.7
      vertex -58.1247 100.999 0
      vertex -58.1247 100.999 0.7
    endloop
  endfacet
  facet normal 0.996927 -0.07833 0
    outer loop
      vertex -61.2 100 0.7
      vertex -61.1791 100.266 0
      vertex -61.1791 100.266 0.7
    endloop
  endfacet
  facet normal 0.996927 -0.07833 0
    outer loop
      vertex -61.1791 100.266 0
      vertex -61.2 100 0.7
      vertex -61.2 100 0
    endloop
  endfacet
  facet normal -0.648813 -0.760948 0
    outer loop
      vertex -58.5008 101.375 0
      vertex -58.2979 101.202 0.7
      vertex -58.5008 101.375 0.7
    endloop
  endfacet
  facet normal -0.648813 -0.760948 -0
    outer loop
      vertex -58.2979 101.202 0.7
      vertex -58.5008 101.375 0
      vertex -58.2979 101.202 0
    endloop
  endfacet
  facet normal -0.233529 0.97235 0
    outer loop
      vertex -58.9747 98.3832 0
      vertex -59.2341 98.3209 0.7
      vertex -58.9747 98.3832 0.7
    endloop
  endfacet
  facet normal -0.233529 0.97235 0
    outer loop
      vertex -59.2341 98.3209 0.7
      vertex -58.9747 98.3832 0
      vertex -59.2341 98.3209 0
    endloop
  endfacet
  facet normal 0.852558 0.522632 0
    outer loop
      vertex -60.8753 99.0008 0.7
      vertex -61.0147 99.2282 0
      vertex -61.0147 99.2282 0.7
    endloop
  endfacet
  facet normal 0.852558 0.522632 0
    outer loop
      vertex -61.0147 99.2282 0
      vertex -60.8753 99.0008 0.7
      vertex -60.8753 99.0008 0
    endloop
  endfacet
  facet normal 0.649247 0.760578 -0
    outer loop
      vertex -60.4992 98.6247 0
      vertex -60.7021 98.7979 0.7
      vertex -60.4992 98.6247 0.7
    endloop
  endfacet
  facet normal 0.649247 0.760578 0
    outer loop
      vertex -60.7021 98.7979 0.7
      vertex -60.4992 98.6247 0
      vertex -60.7021 98.7979 0
    endloop
  endfacet
  facet normal -0.760578 0.649247 0
    outer loop
      vertex -58.2979 98.7979 0
      vertex -58.1247 99.0008 0.7
      vertex -58.1247 99.0008 0
    endloop
  endfacet
  facet normal -0.760578 0.649247 0
    outer loop
      vertex -58.1247 99.0008 0.7
      vertex -58.2979 98.7979 0
      vertex -58.2979 98.7979 0.7
    endloop
  endfacet
  facet normal 0.852148 -0.523301 0
    outer loop
      vertex -61.0147 100.772 0.7
      vertex -60.8753 100.999 0
      vertex -60.8753 100.999 0.7
    endloop
  endfacet
  facet normal 0.852148 -0.523301 0
    outer loop
      vertex -60.8753 100.999 0
      vertex -61.0147 100.772 0.7
      vertex -61.0147 100.772 0
    endloop
  endfacet
  facet normal 0.996925 0.0783593 0
    outer loop
      vertex -61.1791 99.7341 0.7
      vertex -61.2 100 0
      vertex -61.2 100 0.7
    endloop
  endfacet
  facet normal 0.996925 0.0783593 0
    outer loop
      vertex -61.2 100 0
      vertex -61.1791 99.7341 0.7
      vertex -61.1791 99.7341 0
    endloop
  endfacet
  facet normal 0.382672 0.923884 -0
    outer loop
      vertex -60.0253 98.3832 0
      vertex -60.2718 98.4853 0.7
      vertex -60.0253 98.3832 0.7
    endloop
  endfacet
  facet normal 0.382672 0.923884 0
    outer loop
      vertex -60.2718 98.4853 0.7
      vertex -60.0253 98.3832 0
      vertex -60.2718 98.4853 0
    endloop
  endfacet
  facet normal -0.382352 -0.924017 0
    outer loop
      vertex -58.9747 101.617 0
      vertex -58.7282 101.515 0.7
      vertex -58.9747 101.617 0.7
    endloop
  endfacet
  facet normal -0.382352 -0.924017 -0
    outer loop
      vertex -58.7282 101.515 0.7
      vertex -58.9747 101.617 0
      vertex -58.7282 101.515 0
    endloop
  endfacet
  facet normal -0.232465 -0.972605 0
    outer loop
      vertex -59.2341 101.679 0
      vertex -58.9747 101.617 0.7
      vertex -59.2341 101.679 0.7
    endloop
  endfacet
  facet normal -0.232465 -0.972605 -0
    outer loop
      vertex -58.9747 101.617 0.7
      vertex -59.2341 101.679 0
      vertex -58.9747 101.617 0
    endloop
  endfacet
  facet normal -0.0787319 -0.996896 0
    outer loop
      vertex -59.5 101.7 0
      vertex -59.2341 101.679 0.7
      vertex -59.5 101.7 0.7
    endloop
  endfacet
  facet normal -0.0787319 -0.996896 -0
    outer loop
      vertex -59.2341 101.679 0.7
      vertex -59.5 101.7 0
      vertex -59.2341 101.679 0
    endloop
  endfacet
  facet normal 0.972268 -0.23387 0
    outer loop
      vertex -61.1791 100.266 0.7
      vertex -61.1168 100.525 0
      vertex -61.1168 100.525 0.7
    endloop
  endfacet
  facet normal 0.972268 -0.23387 0
    outer loop
      vertex -61.1168 100.525 0
      vertex -61.1791 100.266 0.7
      vertex -61.1791 100.266 0
    endloop
  endfacet
  facet normal 0.0783593 0.996925 -0
    outer loop
      vertex -59.5 98.3 0
      vertex -59.7659 98.3209 0.7
      vertex -59.5 98.3 0.7
    endloop
  endfacet
  facet normal 0.0783593 0.996925 0
    outer loop
      vertex -59.7659 98.3209 0.7
      vertex -59.5 98.3 0
      vertex -59.7659 98.3209 0
    endloop
  endfacet
  facet normal -0.972397 -0.233333 0
    outer loop
      vertex -56.5369 100.469 0.7
      vertex -56.6468 100.927 2.5
      vertex -56.6468 100.927 0.7
    endloop
  endfacet
  facet normal -0.972397 -0.233333 0
    outer loop
      vertex -56.6468 100.927 2.5
      vertex -56.5369 100.469 0.7
      vertex -56.5369 100.469 2.5
    endloop
  endfacet
  facet normal -0.996919 -0.0784356 0
    outer loop
      vertex -56.5 100 0.7
      vertex -56.5369 100.469 2.5
      vertex -56.5369 100.469 0.7
    endloop
  endfacet
  facet normal -0.996919 -0.0784356 0
    outer loop
      vertex -56.5369 100.469 2.5
      vertex -56.5 100 0.7
      vertex -56.5 100 2.5
    endloop
  endfacet
  facet normal -0.923867 -0.382714 0
    outer loop
      vertex -56.6468 100.927 0.7
      vertex -56.827 101.362 2.5
      vertex -56.827 101.362 0.7
    endloop
  endfacet
  facet normal -0.923867 -0.382714 0
    outer loop
      vertex -56.827 101.362 2.5
      vertex -56.6468 100.927 0.7
      vertex -56.6468 100.927 2.5
    endloop
  endfacet
  facet normal -0.522532 0.85262 0
    outer loop
      vertex -57.7366 97.573 0.7
      vertex -58.138 97.327 2.5
      vertex -57.7366 97.573 2.5
    endloop
  endfacet
  facet normal -0.522532 0.85262 0
    outer loop
      vertex -58.138 97.327 2.5
      vertex -57.7366 97.573 0.7
      vertex -58.138 97.327 0.7
    endloop
  endfacet
  facet normal -0.972362 0.233477 0
    outer loop
      vertex -56.6468 99.073 0.7
      vertex -56.5369 99.5307 2.5
      vertex -56.5369 99.5307 0.7
    endloop
  endfacet
  facet normal -0.972362 0.233477 0
    outer loop
      vertex -56.5369 99.5307 2.5
      vertex -56.6468 99.073 0.7
      vertex -56.6468 99.073 2.5
    endloop
  endfacet
  facet normal -0.38279 0.923836 0
    outer loop
      vertex -58.138 97.327 0.7
      vertex -58.5729 97.1468 2.5
      vertex -58.138 97.327 2.5
    endloop
  endfacet
  facet normal -0.38279 0.923836 0
    outer loop
      vertex -58.5729 97.1468 2.5
      vertex -58.138 97.327 0.7
      vertex -58.5729 97.1468 0.7
    endloop
  endfacet
  facet normal 0.382427 -0.923986 0
    outer loop
      vertex -60.862 102.673 0.7
      vertex -60.4271 102.853 2.5
      vertex -60.862 102.673 2.5
    endloop
  endfacet
  facet normal 0.382427 -0.923986 0
    outer loop
      vertex -60.4271 102.853 2.5
      vertex -60.862 102.673 0.7
      vertex -60.4271 102.853 0.7
    endloop
  endfacet
  facet normal 0.522532 -0.85262 0
    outer loop
      vertex -61.2634 102.427 0.7
      vertex -60.862 102.673 2.5
      vertex -61.2634 102.427 2.5
    endloop
  endfacet
  facet normal 0.522532 -0.85262 0
    outer loop
      vertex -60.862 102.673 2.5
      vertex -61.2634 102.427 0.7
      vertex -60.862 102.673 0.7
    endloop
  endfacet
  facet normal -0.649846 -0.760066 0
    outer loop
      vertex -57.7366 102.427 0.7
      vertex -57.3787 102.121 2.5
      vertex -57.7366 102.427 2.5
    endloop
  endfacet
  facet normal -0.649846 -0.760066 -0
    outer loop
      vertex -57.3787 102.121 2.5
      vertex -57.7366 102.427 0.7
      vertex -57.3787 102.121 0.7
    endloop
  endfacet
  facet normal 0.23363 -0.972326 0
    outer loop
      vertex -60.4271 102.853 0.7
      vertex -59.9693 102.963 2.5
      vertex -60.4271 102.853 2.5
    endloop
  endfacet
  facet normal 0.23363 -0.972326 0
    outer loop
      vertex -59.9693 102.963 2.5
      vertex -60.4271 102.853 0.7
      vertex -59.9693 102.963 0.7
    endloop
  endfacet
  facet normal 0.0785969 -0.996906 0
    outer loop
      vertex -59.9693 102.963 0.7
      vertex -59.5 103 2.5
      vertex -59.9693 102.963 2.5
    endloop
  endfacet
  facet normal 0.0785969 -0.996906 0
    outer loop
      vertex -59.5 103 2.5
      vertex -59.9693 102.963 0.7
      vertex -59.5 103 0.7
    endloop
  endfacet
  facet normal 0.233429 0.972374 -0
    outer loop
      vertex -59.9693 97.0369 0.7
      vertex -60.4271 97.1468 2.5
      vertex -59.9693 97.0369 2.5
    endloop
  endfacet
  facet normal 0.233429 0.972374 0
    outer loop
      vertex -60.4271 97.1468 2.5
      vertex -59.9693 97.0369 0.7
      vertex -60.4271 97.1468 0.7
    endloop
  endfacet
  facet normal 0 0 1
    outer loop
      vertex -57.8 100 0.7
      vertex -56.5 100 0.7
      vertex -56.5369 100.469 0.7
    endloop
  endfacet
  facet normal 0 0 1
    outer loop
      vertex -57.8209 100.266 0.7
      vertex -56.5369 100.469 0.7
      vertex -56.6468 100.927 0.7
    endloop
  endfacet
  facet normal 0 0 1
    outer loop
      vertex -56.5 100 0.7
      vertex -57.8 100 0.7
      vertex -56.5369 99.5307 0.7
    endloop
  endfacet
  facet normal 0 0 1
    outer loop
      vertex -57.8832 100.525 0.7
      vertex -56.6468 100.927 0.7
      vertex -56.827 101.362 0.7
    endloop
  endfacet
  facet normal -0 0 1
    outer loop
      vertex -57.8209 99.7341 0.7
      vertex -56.5369 99.5307 0.7
      vertex -57.8 100 0.7
    endloop
  endfacet
  facet normal 0 0 1
    outer loop
      vertex -57.9853 100.772 0.7
      vertex -56.827 101.362 0.7
      vertex -57.0729 101.763 0.7
    endloop
  endfacet
  facet normal 0 0 1
    outer loop
      vertex -56.5369 99.5307 0.7
      vertex -57.8209 99.7341 0.7
      vertex -56.6468 99.073 0.7
    endloop
  endfacet
  facet normal 0 0 1
    outer loop
      vertex -58.1247 100.999 0.7
      vertex -57.0729 101.763 0.7
      vertex -57.3787 102.121 0.7
    endloop
  endfacet
  facet normal -0 0 1
    outer loop
      vertex -57.8832 99.4747 0.7
      vertex -56.6468 99.073 0.7
      vertex -57.8209 99.7341 0.7
    endloop
  endfacet
  facet normal 0 0 1
    outer loop
      vertex -58.2979 101.202 0.7
      vertex -57.3787 102.121 0.7
      vertex -57.7366 102.427 0.7
    endloop
  endfacet
  facet normal 0 0 1
    outer loop
      vertex -56.6468 99.073 0.7
      vertex -57.8832 99.4747 0.7
      vertex -56.827 98.638 0.7
    endloop
  endfacet
  facet normal -0 0 1
    outer loop
      vertex -57.9853 99.2282 0.7
      vertex -56.827 98.638 0.7
      vertex -57.8832 99.4747 0.7
    endloop
  endfacet
  facet normal 0 0 1
    outer loop
      vertex -56.5369 100.469 0.7
      vertex -57.8209 100.266 0.7
      vertex -57.8 100 0.7
    endloop
  endfacet
  facet normal 0 0 1
    outer loop
      vertex -56.6468 100.927 0.7
      vertex -57.8832 100.525 0.7
      vertex -57.8209 100.266 0.7
    endloop
  endfacet
  facet normal 0 0 1
    outer loop
      vertex -56.827 101.362 0.7
      vertex -57.9853 100.772 0.7
      vertex -57.8832 100.525 0.7
    endloop
  endfacet
  facet normal 0 0 1
    outer loop
      vertex -57.0729 101.763 0.7
      vertex -58.1247 100.999 0.7
      vertex -57.9853 100.772 0.7
    endloop
  endfacet
  facet normal 0 0 1
    outer loop
      vertex -58.5008 101.375 0.7
      vertex -57.7366 102.427 0.7
      vertex -58.138 102.673 0.7
    endloop
  endfacet
  facet normal 0 0 1
    outer loop
      vertex -57.3787 102.121 0.7
      vertex -58.2979 101.202 0.7
      vertex -58.1247 100.999 0.7
    endloop
  endfacet
  facet normal 0 0 1
    outer loop
      vertex -57.7366 102.427 0.7
      vertex -58.5008 101.375 0.7
      vertex -58.2979 101.202 0.7
    endloop
  endfacet
  facet normal 0 0 1
    outer loop
      vertex -58.7282 101.515 0.7
      vertex -58.138 102.673 0.7
      vertex -58.5729 102.853 0.7
    endloop
  endfacet
  facet normal 0 0 1
    outer loop
      vertex -58.138 102.673 0.7
      vertex -58.7282 101.515 0.7
      vertex -58.5008 101.375 0.7
    endloop
  endfacet
  facet normal 0 0 1
    outer loop
      vertex -58.5729 102.853 0.7
      vertex -58.9747 101.617 0.7
      vertex -58.7282 101.515 0.7
    endloop
  endfacet
  facet normal 0 0 1
    outer loop
      vertex -59.0307 102.963 0.7
      vertex -58.9747 101.617 0.7
      vertex -58.5729 102.853 0.7
    endloop
  endfacet
  facet normal 0 0 1
    outer loop
      vertex -59.0307 102.963 0.7
      vertex -59.2341 101.679 0.7
      vertex -58.9747 101.617 0.7
    endloop
  endfacet
  facet normal 0 0 1
    outer loop
      vertex -59.5 103 0.7
      vertex -59.2341 101.679 0.7
      vertex -59.0307 102.963 0.7
    endloop
  endfacet
  facet normal 0 0 1
    outer loop
      vertex -59.5 103 0.7
      vertex -59.5 101.7 0.7
      vertex -59.2341 101.679 0.7
    endloop
  endfacet
  facet normal 0 0 1
    outer loop
      vertex -59.5 103 0.7
      vertex -59.7659 101.679 0.7
      vertex -59.5 101.7 0.7
    endloop
  endfacet
  facet normal -0 0 1
    outer loop
      vertex -59.9693 102.963 0.7
      vertex -59.7659 101.679 0.7
      vertex -59.5 103 0.7
    endloop
  endfacet
  facet normal 0 0 1
    outer loop
      vertex -59.9693 102.963 0.7
      vertex -60.0253 101.617 0.7
      vertex -59.7659 101.679 0.7
    endloop
  endfacet
  facet normal -0 0 1
    outer loop
      vertex -60.4271 102.853 0.7
      vertex -60.0253 101.617 0.7
      vertex -59.9693 102.963 0.7
    endloop
  endfacet
  facet normal 0 0 1
    outer loop
      vertex -60.0253 101.617 0.7
      vertex -60.4271 102.853 0.7
      vertex -60.2718 101.515 0.7
    endloop
  endfacet
  facet normal -0 0 1
    outer loop
      vertex -60.862 102.673 0.7
      vertex -60.2718 101.515 0.7
      vertex -60.4271 102.853 0.7
    endloop
  endfacet
  facet normal 0 0 1
    outer loop
      vertex -60.2718 101.515 0.7
      vertex -60.862 102.673 0.7
      vertex -60.4992 101.375 0.7
    endloop
  endfacet
  facet normal -0 0 1
    outer loop
      vertex -61.2634 102.427 0.7
      vertex -60.4992 101.375 0.7
      vertex -60.862 102.673 0.7
    endloop
  endfacet
  facet normal 0 0 1
    outer loop
      vertex -60.4992 101.375 0.7
      vertex -61.2634 102.427 0.7
      vertex -60.7021 101.202 0.7
    endloop
  endfacet
  facet normal -0 0 1
    outer loop
      vertex -61.6213 102.121 0.7
      vertex -60.7021 101.202 0.7
      vertex -61.2634 102.427 0.7
    endloop
  endfacet
  facet normal 0 0 1
    outer loop
      vertex -60.7021 101.202 0.7
      vertex -61.6213 102.121 0.7
      vertex -60.8753 100.999 0.7
    endloop
  endfacet
  facet normal -0 0 1
    outer loop
      vertex -61.9271 101.763 0.7
      vertex -60.8753 100.999 0.7
      vertex -61.6213 102.121 0.7
    endloop
  endfacet
  facet normal 0 0 1
    outer loop
      vertex -60.8753 100.999 0.7
      vertex -62 101.644 0.7
      vertex -61.0147 100.772 0.7
    endloop
  endfacet
  facet normal -0 0 1
    outer loop
      vertex -62 101.644 0.7
      vertex -60.8753 100.999 0.7
      vertex -61.9271 101.763 0.7
    endloop
  endfacet
  facet normal 0 0 1
    outer loop
      vertex -56.827 98.638 0.7
      vertex -57.9853 99.2282 0.7
      vertex -57.0729 98.2366 0.7
    endloop
  endfacet
  facet normal -0 0 1
    outer loop
      vertex -58.1247 99.0008 0.7
      vertex -57.0729 98.2366 0.7
      vertex -57.9853 99.2282 0.7
    endloop
  endfacet
  facet normal 0 0 1
    outer loop
      vertex -57.0729 98.2366 0.7
      vertex -58.1247 99.0008 0.7
      vertex -57.3787 97.8787 0.7
    endloop
  endfacet
  facet normal -0 0 1
    outer loop
      vertex -58.2979 98.7979 0.7
      vertex -57.3787 97.8787 0.7
      vertex -58.1247 99.0008 0.7
    endloop
  endfacet
  facet normal 0 0 1
    outer loop
      vertex -57.3787 97.8787 0.7
      vertex -58.2979 98.7979 0.7
      vertex -57.7366 97.573 0.7
    endloop
  endfacet
  facet normal -0 0 1
    outer loop
      vertex -58.5008 98.6247 0.7
      vertex -57.7366 97.573 0.7
      vertex -58.2979 98.7979 0.7
    endloop
  endfacet
  facet normal 0 0 1
    outer loop
      vertex -57.7366 97.573 0.7
      vertex -58.5008 98.6247 0.7
      vertex -58.138 97.327 0.7
    endloop
  endfacet
  facet normal -0 0 1
    outer loop
      vertex -58.7282 98.4853 0.7
      vertex -58.138 97.327 0.7
      vertex -58.5008 98.6247 0.7
    endloop
  endfacet
  facet normal 0 0 1
    outer loop
      vertex -58.138 97.327 0.7
      vertex -58.7282 98.4853 0.7
      vertex -58.5729 97.1468 0.7
    endloop
  endfacet
  facet normal -0 0 1
    outer loop
      vertex -58.9747 98.3832 0.7
      vertex -58.5729 97.1468 0.7
      vertex -58.7282 98.4853 0.7
    endloop
  endfacet
  facet normal 0 0 1
    outer loop
      vertex -58.9747 98.3832 0.7
      vertex -59.0307 97.0369 0.7
      vertex -58.5729 97.1468 0.7
    endloop
  endfacet
  facet normal -0 0 1
    outer loop
      vertex -59.2341 98.3209 0.7
      vertex -59.0307 97.0369 0.7
      vertex -58.9747 98.3832 0.7
    endloop
  endfacet
  facet normal -0 0 1
    outer loop
      vertex -59.5 98.3 0.7
      vertex -59.0307 97.0369 0.7
      vertex -59.2341 98.3209 0.7
    endloop
  endfacet
  facet normal 0 0 1
    outer loop
      vertex -59.5 98.3 0.7
      vertex -59.5 97 0.7
      vertex -59.0307 97.0369 0.7
    endloop
  endfacet
  facet normal 0 0 1
    outer loop
      vertex -59.7659 98.3209 0.7
      vertex -59.5 97 0.7
      vertex -59.5 98.3 0.7
    endloop
  endfacet
  facet normal 0 0 1
    outer loop
      vertex -59.7659 98.3209 0.7
      vertex -59.9693 97.0369 0.7
      vertex -59.5 97 0.7
    endloop
  endfacet
  facet normal 0 0 1
    outer loop
      vertex -60.0253 98.3832 0.7
      vertex -59.9693 97.0369 0.7
      vertex -59.7659 98.3209 0.7
    endloop
  endfacet
  facet normal 0 0 1
    outer loop
      vertex -60.4271 97.1468 0.7
      vertex -60.0253 98.3832 0.7
      vertex -60.2718 98.4853 0.7
    endloop
  endfacet
  facet normal 0 0 1
    outer loop
      vertex -60.0253 98.3832 0.7
      vertex -60.4271 97.1468 0.7
      vertex -59.9693 97.0369 0.7
    endloop
  endfacet
  facet normal 0 0 1
    outer loop
      vertex -60.862 97.327 0.7
      vertex -60.2718 98.4853 0.7
      vertex -60.4992 98.6247 0.7
    endloop
  endfacet
  facet normal 0 0 1
    outer loop
      vertex -61.2634 97.573 0.7
      vertex -60.4992 98.6247 0.7
      vertex -60.7021 98.7979 0.7
    endloop
  endfacet
  facet normal 0 0 1
    outer loop
      vertex -60.2718 98.4853 0.7
      vertex -60.862 97.327 0.7
      vertex -60.4271 97.1468 0.7
    endloop
  endfacet
  facet normal 0 0 1
    outer loop
      vertex -61.6213 97.8787 0.7
      vertex -60.7021 98.7979 0.7
      vertex -60.8753 99.0008 0.7
    endloop
  endfacet
  facet normal 0 0 1
    outer loop
      vertex -62 98.3557 0.7
      vertex -60.8753 99.0008 0.7
      vertex -61.0147 99.2282 0.7
    endloop
  endfacet
  facet normal 0 0 1
    outer loop
      vertex -62 98.3557 0.7
      vertex -61.0147 99.2282 0.7
      vertex -61.1168 99.4747 0.7
    endloop
  endfacet
  facet normal 0 0 1
    outer loop
      vertex -62 98.3557 0.7
      vertex -61.1168 99.4747 0.7
      vertex -61.1791 99.7341 0.7
    endloop
  endfacet
  facet normal 0 0 1
    outer loop
      vertex -60.4992 98.6247 0.7
      vertex -61.2634 97.573 0.7
      vertex -60.862 97.327 0.7
    endloop
  endfacet
  facet normal 0 0 1
    outer loop
      vertex -62 98.3557 0.7
      vertex -61.1791 99.7341 0.7
      vertex -61.2 100 0.7
    endloop
  endfacet
  facet normal 0 0 1
    outer loop
      vertex -61.0147 100.772 0.7
      vertex -62 101.644 0.7
      vertex -61.1168 100.525 0.7
    endloop
  endfacet
  facet normal 0 0 1
    outer loop
      vertex -61.1168 100.525 0.7
      vertex -62 101.644 0.7
      vertex -61.1791 100.266 0.7
    endloop
  endfacet
  facet normal 0 0 1
    outer loop
      vertex -62 98.3557 0.7
      vertex -61.2 100 0.7
      vertex -62 101.644 0.7
    endloop
  endfacet
  facet normal 0 0 1
    outer loop
      vertex -61.1791 100.266 0.7
      vertex -62 101.644 0.7
      vertex -61.2 100 0.7
    endloop
  endfacet
  facet normal 0 0 1
    outer loop
      vertex -60.8753 99.0008 0.7
      vertex -62 98.3557 0.7
      vertex -61.9271 98.2366 0.7
    endloop
  endfacet
  facet normal 0 0 1
    outer loop
      vertex -60.7021 98.7979 0.7
      vertex -61.6213 97.8787 0.7
      vertex -61.2634 97.573 0.7
    endloop
  endfacet
  facet normal 0 0 1
    outer loop
      vertex -60.8753 99.0008 0.7
      vertex -61.9271 98.2366 0.7
      vertex -61.6213 97.8787 0.7
    endloop
  endfacet
  facet normal -0.923867 0.382714 0
    outer loop
      vertex -56.827 98.638 0.7
      vertex -56.6468 99.073 2.5
      vertex -56.6468 99.073 0.7
    endloop
  endfacet
  facet normal -0.923867 0.382714 0
    outer loop
      vertex -56.6468 99.073 2.5
      vertex -56.827 98.638 0.7
      vertex -56.827 98.638 2.5
    endloop
  endfacet
  facet normal 0.760275 0.649601 0
    outer loop
      vertex -61.6213 97.8787 2.5
      vertex -61.9271 98.2366 0.7
      vertex -61.9271 98.2366 2.5
    endloop
  endfacet
  facet normal 0.760275 0.649601 0
    outer loop
      vertex -61.9271 98.2366 0.7
      vertex -61.6213 97.8787 2.5
      vertex -61.6213 97.8787 0.7
    endloop
  endfacet
  facet normal 0.649846 -0.760066 0
    outer loop
      vertex -61.6213 102.121 0.7
      vertex -61.2634 102.427 2.5
      vertex -61.6213 102.121 2.5
    endloop
  endfacet
  facet normal 0.649846 -0.760066 0
    outer loop
      vertex -61.2634 102.427 2.5
      vertex -61.6213 102.121 0.7
      vertex -61.2634 102.427 0.7
    endloop
  endfacet
  facet normal -0.0783858 0.996923 0
    outer loop
      vertex -59.0307 97.0369 0.7
      vertex -59.5 97 2.5
      vertex -59.0307 97.0369 2.5
    endloop
  endfacet
  facet normal -0.0783858 0.996923 0
    outer loop
      vertex -59.5 97 2.5
      vertex -59.0307 97.0369 0.7
      vertex -59.5 97 0.7
    endloop
  endfacet
  facet normal 0.649478 0.76038 -0
    outer loop
      vertex -61.2634 97.573 0.7
      vertex -61.6213 97.8787 2.5
      vertex -61.2634 97.573 2.5
    endloop
  endfacet
  facet normal 0.649478 0.76038 0
    outer loop
      vertex -61.6213 97.8787 2.5
      vertex -61.2634 97.573 0.7
      vertex -61.6213 97.8787 0.7
    endloop
  endfacet
  facet normal -0.852714 0.522378 0
    outer loop
      vertex -57.0729 98.2366 0.7
      vertex -56.827 98.638 2.5
      vertex -56.827 98.638 0.7
    endloop
  endfacet
  facet normal -0.852714 0.522378 0
    outer loop
      vertex -56.827 98.638 2.5
      vertex -57.0729 98.2366 0.7
      vertex -57.0729 98.2366 2.5
    endloop
  endfacet
  facet normal -0.852482 -0.522756 0
    outer loop
      vertex -56.827 101.362 0.7
      vertex -57.0729 101.763 2.5
      vertex -57.0729 101.763 0.7
    endloop
  endfacet
  facet normal -0.852482 -0.522756 0
    outer loop
      vertex -57.0729 101.763 2.5
      vertex -56.827 101.362 0.7
      vertex -56.827 101.362 2.5
    endloop
  endfacet
  facet normal -0.760365 -0.649496 0
    outer loop
      vertex -57.0729 101.763 0.7
      vertex -57.3787 102.121 2.5
      vertex -57.3787 102.121 0.7
    endloop
  endfacet
  facet normal -0.760365 -0.649496 0
    outer loop
      vertex -57.3787 102.121 2.5
      vertex -57.0729 101.763 0.7
      vertex -57.0729 101.763 2.5
    endloop
  endfacet
  facet normal 0.760365 -0.649496 0
    outer loop
      vertex -61.9271 101.763 2.5
      vertex -61.6213 102.121 0.7
      vertex -61.6213 102.121 2.5
    endloop
  endfacet
  facet normal 0.760365 -0.649496 0
    outer loop
      vertex -61.6213 102.121 0.7
      vertex -61.9271 101.763 2.5
      vertex -61.9271 101.763 0.7
    endloop
  endfacet
  facet normal -0.0785969 -0.996906 0
    outer loop
      vertex -59.5 103 0.7
      vertex -59.0307 102.963 2.5
      vertex -59.5 103 2.5
    endloop
  endfacet
  facet normal -0.0785969 -0.996906 -0
    outer loop
      vertex -59.0307 102.963 2.5
      vertex -59.5 103 0.7
      vertex -59.0307 102.963 0.7
    endloop
  endfacet
  facet normal -0.382427 -0.923986 0
    outer loop
      vertex -58.5729 102.853 0.7
      vertex -58.138 102.673 2.5
      vertex -58.5729 102.853 2.5
    endloop
  endfacet
  facet normal -0.382427 -0.923986 -0
    outer loop
      vertex -58.138 102.673 2.5
      vertex -58.5729 102.853 0.7
      vertex -58.138 102.673 0.7
    endloop
  endfacet
  facet normal -0.522532 -0.85262 0
    outer loop
      vertex -58.138 102.673 0.7
      vertex -57.7366 102.427 2.5
      vertex -58.138 102.673 2.5
    endloop
  endfacet
  facet normal -0.522532 -0.85262 -0
    outer loop
      vertex -57.7366 102.427 2.5
      vertex -58.138 102.673 0.7
      vertex -57.7366 102.427 0.7
    endloop
  endfacet
  facet normal -0.233429 0.972374 0
    outer loop
      vertex -58.5729 97.1468 0.7
      vertex -59.0307 97.0369 2.5
      vertex -58.5729 97.1468 2.5
    endloop
  endfacet
  facet normal -0.233429 0.972374 0
    outer loop
      vertex -59.0307 97.0369 2.5
      vertex -58.5729 97.1468 0.7
      vertex -59.0307 97.0369 0.7
    endloop
  endfacet
  facet normal -0.996923 0.0783858 0
    outer loop
      vertex -56.5369 99.5307 0.7
      vertex -56.5 100 2.5
      vertex -56.5 100 0.7
    endloop
  endfacet
  facet normal -0.996923 0.0783858 0
    outer loop
      vertex -56.5 100 2.5
      vertex -56.5369 99.5307 0.7
      vertex -56.5369 99.5307 2.5
    endloop
  endfacet
  facet normal -0.760275 0.649601 0
    outer loop
      vertex -57.3787 97.8787 0.7
      vertex -57.0729 98.2366 2.5
      vertex -57.0729 98.2366 0.7
    endloop
  endfacet
  facet normal -0.760275 0.649601 0
    outer loop
      vertex -57.0729 98.2366 2.5
      vertex -57.3787 97.8787 0.7
      vertex -57.3787 97.8787 2.5
    endloop
  endfacet
  facet normal 0.85291 0.522058 0
    outer loop
      vertex -61.9271 98.2366 2.5
      vertex -62 98.3557 0.7
      vertex -62 98.3557 2.5
    endloop
  endfacet
  facet normal 0.85291 0.522058 0
    outer loop
      vertex -62 98.3557 0.7
      vertex -61.9271 98.2366 2.5
      vertex -61.9271 98.2366 0.7
    endloop
  endfacet
  facet normal 0.0783858 0.996923 -0
    outer loop
      vertex -59.5 97 0.7
      vertex -59.9693 97.0369 2.5
      vertex -59.5 97 2.5
    endloop
  endfacet
  facet normal 0.0783858 0.996923 0
    outer loop
      vertex -59.9693 97.0369 2.5
      vertex -59.5 97 0.7
      vertex -59.9693 97.0369 0.7
    endloop
  endfacet
  facet normal -0.23363 -0.972326 0
    outer loop
      vertex -59.0307 102.963 0.7
      vertex -58.5729 102.853 2.5
      vertex -59.0307 102.963 2.5
    endloop
  endfacet
  facet normal -0.23363 -0.972326 -0
    outer loop
      vertex -58.5729 102.853 2.5
      vertex -59.0307 102.963 0.7
      vertex -58.5729 102.853 0.7
    endloop
  endfacet
  facet normal 0.522532 0.85262 -0
    outer loop
      vertex -60.862 97.327 0.7
      vertex -61.2634 97.573 2.5
      vertex -60.862 97.327 2.5
    endloop
  endfacet
  facet normal 0.522532 0.85262 0
    outer loop
      vertex -61.2634 97.573 2.5
      vertex -60.862 97.327 0.7
      vertex -61.2634 97.573 0.7
    endloop
  endfacet
  facet normal 0.38279 0.923836 -0
    outer loop
      vertex -60.4271 97.1468 0.7
      vertex -60.862 97.327 2.5
      vertex -60.4271 97.1468 2.5
    endloop
  endfacet
  facet normal 0.38279 0.923836 0
    outer loop
      vertex -60.862 97.327 2.5
      vertex -60.4271 97.1468 0.7
      vertex -60.862 97.327 0.7
    endloop
  endfacet
  facet normal 0.852715 -0.522377 0
    outer loop
      vertex -62 101.644 2.5
      vertex -61.9271 101.763 0.7
      vertex -61.9271 101.763 2.5
    endloop
  endfacet
  facet normal 0.852715 -0.522377 0
    outer loop
      vertex -61.9271 101.763 0.7
      vertex -62 101.644 2.5
      vertex -62 101.644 0.7
    endloop
  endfacet
  facet normal -0.649478 0.76038 0
    outer loop
      vertex -57.3787 97.8787 0.7
      vertex -57.7366 97.573 2.5
      vertex -57.3787 97.8787 2.5
    endloop
  endfacet
  facet normal -0.649478 0.76038 0
    outer loop
      vertex -57.7366 97.573 2.5
      vertex -57.3787 97.8787 0.7
      vertex -57.7366 97.573 0.7
    endloop
  endfacet
endsolid OpenSCAD_Model
