solid OpenSCAD_Model
  facet normal 1 -0 0
    outer loop
      vertex -2.5 -8.6 39.2
      vertex -2.5 -6.4 3
      vertex -2.5 -6.4 39.2
    endloop
  endfacet
  facet normal 1 0 0
    outer loop
      vertex -2.5 -6.4 3
      vertex -2.5 -8.6 39.2
      vertex -2.5 -8.6 3
    endloop
  endfacet
  facet normal 0 0 1
    outer loop
      vertex -2.5 8.6 39.2
      vertex -16.1 6.4 39.2
      vertex -2.5 6.4 39.2
    endloop
  endfacet
  facet normal 0 0 1
    outer loop
      vertex -16.1 6.4 39.2
      vertex -20.1 8.6 39.2
      vertex -16.1 -6.4 39.2
    endloop
  endfacet
  facet normal -0 0 1
    outer loop
      vertex -20.1 8.6 39.2
      vertex -16.1 6.4 39.2
      vertex -2.5 8.6 39.2
    endloop
  endfacet
  facet normal -0 0 1
    outer loop
      vertex -16.1 -6.4 39.2
      vertex -2.5 -8.6 39.2
      vertex -2.5 -6.4 39.2
    endloop
  endfacet
  facet normal 0 0 1
    outer loop
      vertex -16.1 -6.4 39.2
      vertex -20.1 -8.6 39.2
      vertex -2.5 -8.6 39.2
    endloop
  endfacet
  facet normal 0 0 1
    outer loop
      vertex -20.1 -8.6 39.2
      vertex -16.1 -6.4 39.2
      vertex -20.1 8.6 39.2
    endloop
  endfacet
  facet normal 0 0 -1
    outer loop
      vertex -20.1 -8.6 2.9
      vertex -7.77817 -7.77817 2.9
      vertex -6.81594 -8.6 2.9
    endloop
  endfacet
  facet normal 0 0 -1
    outer loop
      vertex -20.1 -8.6 2.9
      vertex -8.89919 -6.46564 2.9
      vertex -7.77817 -7.77817 2.9
    endloop
  endfacet
  facet normal 0 0 -1
    outer loop
      vertex -20.1 -8.6 2.9
      vertex -8.93941 -6.4 2.9
      vertex -8.89919 -6.46564 2.9
    endloop
  endfacet
  facet normal -0 0 -1
    outer loop
      vertex -8.93941 -6.4 2.9
      vertex -20.1 -8.6 2.9
      vertex -20.1 -6.4 2.9
    endloop
  endfacet
  facet normal -1 0 0
    outer loop
      vertex -20.1 6.4 9.4
      vertex -20.1 8.6 18
      vertex -20.1 8.6 2.9
    endloop
  endfacet
  facet normal -1 0 0
    outer loop
      vertex -20.1 6.4 9.4
      vertex -20.1 8.6 2.9
      vertex -20.1 6.4 3
    endloop
  endfacet
  facet normal -1 0 0
    outer loop
      vertex -20.1 6.4 3
      vertex -20.1 8.6 2.9
      vertex -20.1 6.4 2.9
    endloop
  endfacet
  facet normal -1 0 0
    outer loop
      vertex -20.1 6.4 32.8
      vertex -20.1 8.6 22
      vertex -20.1 7.2 22
    endloop
  endfacet
  facet normal -1 -0 0
    outer loop
      vertex -20.1 8.6 18
      vertex -20.1 6.4 9.4
      vertex -20.1 7.2 18
    endloop
  endfacet
  facet normal -1 -0 0
    outer loop
      vertex -20.1 7.2 18
      vertex -20.1 6.4 9.4
      vertex -20.1 7.2 22
    endloop
  endfacet
  facet normal -1 0 0
    outer loop
      vertex -20.1 6.4 32.8
      vertex -20.1 7.2 22
      vertex -20.1 6.4 9.4
    endloop
  endfacet
  facet normal -1 0 0
    outer loop
      vertex -20.1 8.6 22
      vertex -20.1 6.4 32.8
      vertex -20.1 8.6 39.2
    endloop
  endfacet
  facet normal -1 0 0
    outer loop
      vertex -20.1 0.839535 35.133
      vertex -20.1 6.4 32.8
      vertex -20.1 0.849999 35
    endloop
  endfacet
  facet normal -1 0 0
    outer loop
      vertex -20.1 0.808397 35.2627
      vertex -20.1 6.4 32.8
      vertex -20.1 0.839535 35.133
    endloop
  endfacet
  facet normal -1 0 0
    outer loop
      vertex -20.1 6.4 32.8
      vertex -20.1 0.808397 35.2627
      vertex -20.1 8.6 39.2
    endloop
  endfacet
  facet normal -1 0 0
    outer loop
      vertex -20.1 0.757355 35.3859
      vertex -20.1 8.6 39.2
      vertex -20.1 0.808397 35.2627
    endloop
  endfacet
  facet normal -1 0 0
    outer loop
      vertex -20.1 0.687664 35.4996
      vertex -20.1 8.6 39.2
      vertex -20.1 0.757355 35.3859
    endloop
  endfacet
  facet normal -1 0 0
    outer loop
      vertex -20.1 0.60104 35.601
      vertex -20.1 8.6 39.2
      vertex -20.1 0.687664 35.4996
    endloop
  endfacet
  facet normal -1 0 0
    outer loop
      vertex -20.1 0.499617 35.6877
      vertex -20.1 8.6 39.2
      vertex -20.1 0.60104 35.601
    endloop
  endfacet
  facet normal -1 0 0
    outer loop
      vertex -20.1 0.385892 35.7574
      vertex -20.1 8.6 39.2
      vertex -20.1 0.499617 35.6877
    endloop
  endfacet
  facet normal -1 0 0
    outer loop
      vertex -20.1 0.262664 35.8084
      vertex -20.1 8.6 39.2
      vertex -20.1 0.385892 35.7574
    endloop
  endfacet
  facet normal -1 0 0
    outer loop
      vertex -20.1 0.132969 35.8395
      vertex -20.1 8.6 39.2
      vertex -20.1 0.262664 35.8084
    endloop
  endfacet
  facet normal -1 0 0
    outer loop
      vertex -20.1 0 35.85
      vertex -20.1 8.6 39.2
      vertex -20.1 0.132969 35.8395
    endloop
  endfacet
  facet normal -1 0 0
    outer loop
      vertex -20.1 -8.6 39.2
      vertex -20.1 0 35.85
      vertex -20.1 -0.132969 35.8395
    endloop
  endfacet
  facet normal -1 0 0
    outer loop
      vertex -20.1 -8.6 39.2
      vertex -20.1 -0.132969 35.8395
      vertex -20.1 -0.262664 35.8084
    endloop
  endfacet
  facet normal -1 0 0
    outer loop
      vertex -20.1 -6.4 32.8
      vertex -20.1 -0.839535 35.133
      vertex -20.1 -0.849999 35
    endloop
  endfacet
  facet normal -1 0 0
    outer loop
      vertex -20.1 -6.4 32.8
      vertex -20.1 -0.808397 35.2627
      vertex -20.1 -0.839535 35.133
    endloop
  endfacet
  facet normal -1 0 0
    outer loop
      vertex -20.1 -8.6 39.2
      vertex -20.1 -0.808397 35.2627
      vertex -20.1 -6.4 32.8
    endloop
  endfacet
  facet normal -1 0 0
    outer loop
      vertex -20.1 -0.808397 35.2627
      vertex -20.1 -8.6 39.2
      vertex -20.1 -0.757355 35.3859
    endloop
  endfacet
  facet normal -1 0 0
    outer loop
      vertex -20.1 -0.757355 35.3859
      vertex -20.1 -8.6 39.2
      vertex -20.1 -0.687664 35.4996
    endloop
  endfacet
  facet normal -1 0 0
    outer loop
      vertex -20.1 -0.687664 35.4996
      vertex -20.1 -8.6 39.2
      vertex -20.1 -0.60104 35.601
    endloop
  endfacet
  facet normal -1 0 0
    outer loop
      vertex -20.1 -0.60104 35.601
      vertex -20.1 -8.6 39.2
      vertex -20.1 -0.499617 35.6877
    endloop
  endfacet
  facet normal -1 0 0
    outer loop
      vertex -20.1 0 35.85
      vertex -20.1 -8.6 39.2
      vertex -20.1 8.6 39.2
    endloop
  endfacet
  facet normal -1 0 0
    outer loop
      vertex -20.1 -0.385892 35.7574
      vertex -20.1 -8.6 39.2
      vertex -20.1 -0.262664 35.8084
    endloop
  endfacet
  facet normal -1 0 0
    outer loop
      vertex -20.1 -0.499617 35.6877
      vertex -20.1 -8.6 39.2
      vertex -20.1 -0.385892 35.7574
    endloop
  endfacet
  facet normal -1 0 0
    outer loop
      vertex -20.1 -8.6 39.2
      vertex -20.1 -6.4 32.8
      vertex -20.1 -8.6 2.9
    endloop
  endfacet
  facet normal -1 0 0
    outer loop
      vertex -20.1 -8.6 2.9
      vertex -20.1 -6.4 3
      vertex -20.1 -6.4 2.9
    endloop
  endfacet
  facet normal -1 -0 0
    outer loop
      vertex -20.1 -6.4 3
      vertex -20.1 -8.6 2.9
      vertex -20.1 -6.4 9.4
    endloop
  endfacet
  facet normal -1 -0 0
    outer loop
      vertex -20.1 -6.4 9.4
      vertex -20.1 -8.6 2.9
      vertex -20.1 -6.4 32.8
    endloop
  endfacet
  facet normal -1 0 0
    outer loop
      vertex -20.1 6.4 32.8
      vertex -20.1 0.839535 34.867
      vertex -20.1 0.849999 35
    endloop
  endfacet
  facet normal -1 0 0
    outer loop
      vertex -20.1 6.4 32.8
      vertex -20.1 0.808397 34.7373
      vertex -20.1 0.839535 34.867
    endloop
  endfacet
  facet normal -1 0 0
    outer loop
      vertex -20.1 6.4 32.8
      vertex -20.1 0.757355 34.6141
      vertex -20.1 0.808397 34.7373
    endloop
  endfacet
  facet normal -1 0 0
    outer loop
      vertex -20.1 6.4 32.8
      vertex -20.1 0.687664 34.5004
      vertex -20.1 0.757355 34.6141
    endloop
  endfacet
  facet normal -1 0 0
    outer loop
      vertex -20.1 6.4 32.8
      vertex -20.1 0.60104 34.399
      vertex -20.1 0.687664 34.5004
    endloop
  endfacet
  facet normal -1 0 0
    outer loop
      vertex -20.1 6.4 32.8
      vertex -20.1 0.499617 34.3123
      vertex -20.1 0.60104 34.399
    endloop
  endfacet
  facet normal -1 0 0
    outer loop
      vertex -20.1 6.4 32.8
      vertex -20.1 0.385892 34.2426
      vertex -20.1 0.499617 34.3123
    endloop
  endfacet
  facet normal -1 0 0
    outer loop
      vertex -20.1 6.4 32.8
      vertex -20.1 0.262664 34.1916
      vertex -20.1 0.385892 34.2426
    endloop
  endfacet
  facet normal -1 0 0
    outer loop
      vertex -20.1 6.4 32.8
      vertex -20.1 0.132969 34.1605
      vertex -20.1 0.262664 34.1916
    endloop
  endfacet
  facet normal -1 0 0
    outer loop
      vertex -20.1 6.4 32.8
      vertex -20.1 0 34.15
      vertex -20.1 0.132969 34.1605
    endloop
  endfacet
  facet normal -1 0 0
    outer loop
      vertex -20.1 -6.4 32.8
      vertex -20.1 0 34.15
      vertex -20.1 6.4 32.8
    endloop
  endfacet
  facet normal -1 -0 0
    outer loop
      vertex -20.1 -0.839535 34.867
      vertex -20.1 -6.4 32.8
      vertex -20.1 -0.849999 35
    endloop
  endfacet
  facet normal -1 -0 0
    outer loop
      vertex -20.1 -0.808397 34.7373
      vertex -20.1 -6.4 32.8
      vertex -20.1 -0.839535 34.867
    endloop
  endfacet
  facet normal -1 -0 0
    outer loop
      vertex -20.1 -0.757355 34.6141
      vertex -20.1 -6.4 32.8
      vertex -20.1 -0.808397 34.7373
    endloop
  endfacet
  facet normal -1 -0 0
    outer loop
      vertex -20.1 -0.687664 34.5004
      vertex -20.1 -6.4 32.8
      vertex -20.1 -0.757355 34.6141
    endloop
  endfacet
  facet normal -1 -0 0
    outer loop
      vertex -20.1 -0.60104 34.399
      vertex -20.1 -6.4 32.8
      vertex -20.1 -0.687664 34.5004
    endloop
  endfacet
  facet normal -1 -0 0
    outer loop
      vertex -20.1 -0.499617 34.3123
      vertex -20.1 -6.4 32.8
      vertex -20.1 -0.60104 34.399
    endloop
  endfacet
  facet normal -1 -0 0
    outer loop
      vertex -20.1 -0.385892 34.2426
      vertex -20.1 -6.4 32.8
      vertex -20.1 -0.499617 34.3123
    endloop
  endfacet
  facet normal -1 -0 0
    outer loop
      vertex -20.1 -0.262664 34.1916
      vertex -20.1 -6.4 32.8
      vertex -20.1 -0.385892 34.2426
    endloop
  endfacet
  facet normal -1 -0 0
    outer loop
      vertex -20.1 -0.132969 34.1605
      vertex -20.1 -6.4 32.8
      vertex -20.1 -0.262664 34.1916
    endloop
  endfacet
  facet normal -1 -0 0
    outer loop
      vertex -20.1 0 34.15
      vertex -20.1 -6.4 32.8
      vertex -20.1 -0.132969 34.1605
    endloop
  endfacet
  facet normal -1 0 0
    outer loop
      vertex -20.1 0.839535 7.06703
      vertex -20.1 6.4 9.4
      vertex -20.1 6.4 3
    endloop
  endfacet
  facet normal -1 0 0
    outer loop
      vertex -20.1 6.4 9.4
      vertex -20.1 0.839535 7.06703
      vertex -20.1 0.849999 7.2
    endloop
  endfacet
  facet normal -1 0 0
    outer loop
      vertex -20.1 6.4 3
      vertex -20.1 0.808397 6.93734
      vertex -20.1 0.839535 7.06703
    endloop
  endfacet
  facet normal -1 0 0
    outer loop
      vertex -20.1 6.4 3
      vertex -20.1 0.757355 6.81411
      vertex -20.1 0.808397 6.93734
    endloop
  endfacet
  facet normal -1 0 0
    outer loop
      vertex -20.1 6.4 3
      vertex -20.1 0.687664 6.70038
      vertex -20.1 0.757355 6.81411
    endloop
  endfacet
  facet normal -1 0 0
    outer loop
      vertex -20.1 6.4 3
      vertex -20.1 0.60104 6.59896
      vertex -20.1 0.687664 6.70038
    endloop
  endfacet
  facet normal -1 0 0
    outer loop
      vertex -20.1 6.4 3
      vertex -20.1 0.499617 6.51233
      vertex -20.1 0.60104 6.59896
    endloop
  endfacet
  facet normal -1 0 0
    outer loop
      vertex -20.1 6.4 3
      vertex -20.1 0.385892 6.44264
      vertex -20.1 0.499617 6.51233
    endloop
  endfacet
  facet normal -1 0 0
    outer loop
      vertex -20.1 6.4 3
      vertex -20.1 0.262664 6.3916
      vertex -20.1 0.385892 6.44264
    endloop
  endfacet
  facet normal -1 0 0
    outer loop
      vertex -20.1 6.4 3
      vertex -20.1 0.132969 6.36046
      vertex -20.1 0.262664 6.3916
    endloop
  endfacet
  facet normal -1 0 0
    outer loop
      vertex -20.1 6.4 3
      vertex -20.1 0 6.35
      vertex -20.1 0.132969 6.36046
    endloop
  endfacet
  facet normal -1 0 0
    outer loop
      vertex -20.1 -6.4 3
      vertex -20.1 0 6.35
      vertex -20.1 6.4 3
    endloop
  endfacet
  facet normal -1 -0 0
    outer loop
      vertex -20.1 0 6.35
      vertex -20.1 -6.4 3
      vertex -20.1 -0.132969 6.36046
    endloop
  endfacet
  facet normal -1 -0 0
    outer loop
      vertex -20.1 -0.132969 6.36046
      vertex -20.1 -6.4 3
      vertex -20.1 -0.262664 6.3916
    endloop
  endfacet
  facet normal -1 0 0
    outer loop
      vertex -20.1 -6.4 9.4
      vertex -20.1 -0.839535 7.06703
      vertex -20.1 -6.4 3
    endloop
  endfacet
  facet normal -1 -0 0
    outer loop
      vertex -20.1 -0.808397 6.93734
      vertex -20.1 -6.4 3
      vertex -20.1 -0.839535 7.06703
    endloop
  endfacet
  facet normal -1 -0 0
    outer loop
      vertex -20.1 -0.757355 6.81411
      vertex -20.1 -6.4 3
      vertex -20.1 -0.808397 6.93734
    endloop
  endfacet
  facet normal -1 -0 0
    outer loop
      vertex -20.1 -0.687664 6.70038
      vertex -20.1 -6.4 3
      vertex -20.1 -0.757355 6.81411
    endloop
  endfacet
  facet normal -1 -0 0
    outer loop
      vertex -20.1 -0.60104 6.59896
      vertex -20.1 -6.4 3
      vertex -20.1 -0.687664 6.70038
    endloop
  endfacet
  facet normal -1 -0 0
    outer loop
      vertex -20.1 -0.499617 6.51233
      vertex -20.1 -6.4 3
      vertex -20.1 -0.60104 6.59896
    endloop
  endfacet
  facet normal -1 -0 0
    outer loop
      vertex -20.1 -0.385892 6.44264
      vertex -20.1 -6.4 3
      vertex -20.1 -0.499617 6.51233
    endloop
  endfacet
  facet normal -1 -0 0
    outer loop
      vertex -20.1 -0.262664 6.3916
      vertex -20.1 -6.4 3
      vertex -20.1 -0.385892 6.44264
    endloop
  endfacet
  facet normal -1 0 0
    outer loop
      vertex -20.1 0.839535 7.33297
      vertex -20.1 6.4 9.4
      vertex -20.1 0.849999 7.2
    endloop
  endfacet
  facet normal -1 0 0
    outer loop
      vertex -20.1 0.808397 7.46266
      vertex -20.1 6.4 9.4
      vertex -20.1 0.839535 7.33297
    endloop
  endfacet
  facet normal -1 0 0
    outer loop
      vertex -20.1 0.757355 7.58589
      vertex -20.1 6.4 9.4
      vertex -20.1 0.808397 7.46266
    endloop
  endfacet
  facet normal -1 0 0
    outer loop
      vertex -20.1 0.687664 7.69962
      vertex -20.1 6.4 9.4
      vertex -20.1 0.757355 7.58589
    endloop
  endfacet
  facet normal -1 0 0
    outer loop
      vertex -20.1 0.60104 7.80104
      vertex -20.1 6.4 9.4
      vertex -20.1 0.687664 7.69962
    endloop
  endfacet
  facet normal -1 0 0
    outer loop
      vertex -20.1 0.499617 7.88766
      vertex -20.1 6.4 9.4
      vertex -20.1 0.60104 7.80104
    endloop
  endfacet
  facet normal -1 0 0
    outer loop
      vertex -20.1 0.385892 7.95736
      vertex -20.1 6.4 9.4
      vertex -20.1 0.499617 7.88766
    endloop
  endfacet
  facet normal -1 0 0
    outer loop
      vertex -20.1 0.262664 8.0084
      vertex -20.1 6.4 9.4
      vertex -20.1 0.385892 7.95736
    endloop
  endfacet
  facet normal -1 0 0
    outer loop
      vertex -20.1 0.132969 8.03953
      vertex -20.1 6.4 9.4
      vertex -20.1 0.262664 8.0084
    endloop
  endfacet
  facet normal -1 0 0
    outer loop
      vertex -20.1 0 8.05
      vertex -20.1 6.4 9.4
      vertex -20.1 0.132969 8.03953
    endloop
  endfacet
  facet normal -1 0 0
    outer loop
      vertex -20.1 -6.4 9.4
      vertex -20.1 0 8.05
      vertex -20.1 -0.132969 8.03953
    endloop
  endfacet
  facet normal -1 0 0
    outer loop
      vertex -20.1 -0.839535 7.06703
      vertex -20.1 -6.4 9.4
      vertex -20.1 -0.849999 7.2
    endloop
  endfacet
  facet normal -1 0 0
    outer loop
      vertex -20.1 -0.849999 7.2
      vertex -20.1 -6.4 9.4
      vertex -20.1 -0.839535 7.33297
    endloop
  endfacet
  facet normal -1 0 0
    outer loop
      vertex -20.1 -0.839535 7.33297
      vertex -20.1 -6.4 9.4
      vertex -20.1 -0.808397 7.46266
    endloop
  endfacet
  facet normal -1 0 0
    outer loop
      vertex -20.1 -0.808397 7.46266
      vertex -20.1 -6.4 9.4
      vertex -20.1 -0.757355 7.58589
    endloop
  endfacet
  facet normal -1 0 0
    outer loop
      vertex -20.1 -0.757355 7.58589
      vertex -20.1 -6.4 9.4
      vertex -20.1 -0.687664 7.69962
    endloop
  endfacet
  facet normal -1 0 0
    outer loop
      vertex -20.1 -0.687664 7.69962
      vertex -20.1 -6.4 9.4
      vertex -20.1 -0.60104 7.80104
    endloop
  endfacet
  facet normal -1 0 0
    outer loop
      vertex -20.1 0 8.05
      vertex -20.1 -6.4 9.4
      vertex -20.1 6.4 9.4
    endloop
  endfacet
  facet normal -1 0 0
    outer loop
      vertex -20.1 -0.262664 8.0084
      vertex -20.1 -6.4 9.4
      vertex -20.1 -0.132969 8.03953
    endloop
  endfacet
  facet normal -1 0 0
    outer loop
      vertex -20.1 -0.385892 7.95736
      vertex -20.1 -6.4 9.4
      vertex -20.1 -0.262664 8.0084
    endloop
  endfacet
  facet normal -1 0 0
    outer loop
      vertex -20.1 -0.499617 7.88766
      vertex -20.1 -6.4 9.4
      vertex -20.1 -0.385892 7.95736
    endloop
  endfacet
  facet normal -1 0 0
    outer loop
      vertex -20.1 -0.60104 7.80104
      vertex -20.1 -6.4 9.4
      vertex -20.1 -0.499617 7.88766
    endloop
  endfacet
  facet normal 0 1 0
    outer loop
      vertex -2.5 -6.4 39.2
      vertex -4.2 -6.4 32.8
      vertex -16.1 -6.4 39.2
    endloop
  endfacet
  facet normal 0 1 0
    outer loop
      vertex -2.5 -6.4 39.2
      vertex -4.2 -6.4 9.4
      vertex -4.2 -6.4 32.8
    endloop
  endfacet
  facet normal 0 1 0
    outer loop
      vertex -6.06593 -6.4 4
      vertex -4.2 -6.4 9.4
      vertex -5.24777 -6.4 4
    endloop
  endfacet
  facet normal 0 1 -0
    outer loop
      vertex -2.5 -6.4 3
      vertex -4.2 -6.4 9.4
      vertex -2.5 -6.4 39.2
    endloop
  endfacet
  facet normal 0 1 0
    outer loop
      vertex -2.5 -6.4 3
      vertex -5.24777 -6.4 4
      vertex -4.2 -6.4 9.4
    endloop
  endfacet
  facet normal 0 1 0
    outer loop
      vertex -5.24777 -6.4 4
      vertex -2.5 -6.4 3
      vertex -5.24777 -6.4 3
    endloop
  endfacet
  facet normal 0 1 0
    outer loop
      vertex -16.1 -6.4 39.2
      vertex -4.2 -6.4 32.8
      vertex -16.1 -6.4 32.8
    endloop
  endfacet
  facet normal 0 1 0
    outer loop
      vertex -8.93941 -6.4 3
      vertex -4.2 -6.4 9.4
      vertex -6.06593 -6.4 4
    endloop
  endfacet
  facet normal 0 1 0
    outer loop
      vertex -8.93941 -6.4 3
      vertex -6.06593 -6.4 4
      vertex -6.06593 -6.4 3
    endloop
  endfacet
  facet normal 0 1 0
    outer loop
      vertex -4.2 -6.4 9.4
      vertex -8.93941 -6.4 3
      vertex -16.1 -6.4 9.4
    endloop
  endfacet
  facet normal 0 1 0
    outer loop
      vertex -8.93941 -6.4 3
      vertex -16.1 -6.4 3
      vertex -16.1 -6.4 9.4
    endloop
  endfacet
  facet normal 0 1 -0
    outer loop
      vertex -8.93941 -6.4 2.9
      vertex -16.1 -6.4 3
      vertex -8.93941 -6.4 3
    endloop
  endfacet
  facet normal 0 1 0
    outer loop
      vertex -20.1 -6.4 2.9
      vertex -16.1 -6.4 3
      vertex -8.93941 -6.4 2.9
    endloop
  endfacet
  facet normal 0 1 0
    outer loop
      vertex -16.1 -6.4 3
      vertex -20.1 -6.4 2.9
      vertex -20.1 -6.4 3
    endloop
  endfacet
  facet normal 0 1 0
    outer loop
      vertex -16.1 -6.4 9.4
      vertex -16.1 -6.4 32.8
      vertex -4.2 -6.4 32.8
    endloop
  endfacet
  facet normal 0 1 0
    outer loop
      vertex -16.1 -6.4 9.4
      vertex -4.2 -6.4 32.8
      vertex -4.2 -6.4 9.4
    endloop
  endfacet
  facet normal 0 1 0
    outer loop
      vertex -16.1 -6.4 32.8
      vertex -16.1 -6.4 9.4
      vertex -20.1 -6.4 32.8
    endloop
  endfacet
  facet normal 0 1 0
    outer loop
      vertex -20.1 -6.4 32.8
      vertex -16.1 -6.4 9.4
      vertex -20.1 -6.4 9.4
    endloop
  endfacet
  facet normal 0 -1 0
    outer loop
      vertex -20.1 -8.6 39.2
      vertex -6.81594 -8.6 3
      vertex -2.5 -8.6 39.2
    endloop
  endfacet
  facet normal 0 -1 0
    outer loop
      vertex -20.1 -8.6 2.9
      vertex -6.81594 -8.6 3
      vertex -20.1 -8.6 39.2
    endloop
  endfacet
  facet normal 0 -1 -0
    outer loop
      vertex -6.81594 -8.6 3
      vertex -20.1 -8.6 2.9
      vertex -6.81594 -8.6 2.9
    endloop
  endfacet
  facet normal 0 -1 -0
    outer loop
      vertex -2.5 -8.6 39.2
      vertex -6.81594 -8.6 3
      vertex -2.5 -8.6 3
    endloop
  endfacet
  facet normal 1 -0 0
    outer loop
      vertex -2.5 6.4 39.2
      vertex -2.5 8.6 3
      vertex -2.5 8.6 39.2
    endloop
  endfacet
  facet normal 1 0 0
    outer loop
      vertex -2.5 8.6 3
      vertex -2.5 6.4 39.2
      vertex -2.5 6.4 3
    endloop
  endfacet
  facet normal 0 0 -1
    outer loop
      vertex -20.1 8.6 2.9
      vertex -8.93941 6.4 2.9
      vertex -20.1 6.4 2.9
    endloop
  endfacet
  facet normal 0 0 -1
    outer loop
      vertex -8.93941 6.4 2.9
      vertex -20.1 8.6 2.9
      vertex -8.89919 6.46564 2.9
    endloop
  endfacet
  facet normal 0 0 -1
    outer loop
      vertex -8.89919 6.46564 2.9
      vertex -20.1 8.6 2.9
      vertex -7.77817 7.77817 2.9
    endloop
  endfacet
  facet normal 0 0 -1
    outer loop
      vertex -7.77817 7.77817 2.9
      vertex -20.1 8.6 2.9
      vertex -6.81594 8.6 2.9
    endloop
  endfacet
  facet normal 0 1 0
    outer loop
      vertex -2.5 8.6 39.2
      vertex -16.1 8.6 22
      vertex -20.1 8.6 39.2
    endloop
  endfacet
  facet normal 0 1 -0
    outer loop
      vertex -2.5 8.6 3
      vertex -16.1 8.6 22
      vertex -2.5 8.6 39.2
    endloop
  endfacet
  facet normal 0 1 0
    outer loop
      vertex -16.1 8.6 22
      vertex -2.5 8.6 3
      vertex -16.1 8.6 18
    endloop
  endfacet
  facet normal 0 1 -0
    outer loop
      vertex -6.81594 8.6 3
      vertex -16.1 8.6 18
      vertex -2.5 8.6 3
    endloop
  endfacet
  facet normal 0 1 0
    outer loop
      vertex -20.1 8.6 2.9
      vertex -16.1 8.6 18
      vertex -6.81594 8.6 3
    endloop
  endfacet
  facet normal 0 1 0
    outer loop
      vertex -20.1 8.6 2.9
      vertex -6.81594 8.6 3
      vertex -6.81594 8.6 2.9
    endloop
  endfacet
  facet normal 0 1 0
    outer loop
      vertex -16.1 8.6 18
      vertex -20.1 8.6 2.9
      vertex -20.1 8.6 18
    endloop
  endfacet
  facet normal 0 1 0
    outer loop
      vertex -20.1 8.6 39.2
      vertex -16.1 8.6 22
      vertex -20.1 8.6 22
    endloop
  endfacet
  facet normal 0 -1 0
    outer loop
      vertex -8.93941 6.4 3
      vertex -4.2 6.4 9.4
      vertex -16.1 6.4 9.4
    endloop
  endfacet
  facet normal 0 -1 0
    outer loop
      vertex -8.93941 6.4 3
      vertex -16.1 6.4 9.4
      vertex -16.1 6.4 3
    endloop
  endfacet
  facet normal 0 -1 0
    outer loop
      vertex -4.2 6.4 9.4
      vertex -8.93941 6.4 3
      vertex -6.06593 6.4 4
    endloop
  endfacet
  facet normal 0 -1 -0
    outer loop
      vertex -6.06593 6.4 4
      vertex -8.93941 6.4 3
      vertex -6.06593 6.4 3
    endloop
  endfacet
  facet normal 0 -1 0
    outer loop
      vertex -4.2 6.4 32.8
      vertex -16.1 6.4 39.2
      vertex -16.1 6.4 32.8
    endloop
  endfacet
  facet normal 0 -1 0
    outer loop
      vertex -16.1 6.4 39.2
      vertex -4.2 6.4 32.8
      vertex -2.5 6.4 39.2
    endloop
  endfacet
  facet normal 0 -1 0
    outer loop
      vertex -4.2 6.4 9.4
      vertex -2.5 6.4 39.2
      vertex -4.2 6.4 32.8
    endloop
  endfacet
  facet normal 0 -1 0
    outer loop
      vertex -5.24777 6.4 4
      vertex -4.2 6.4 9.4
      vertex -6.06593 6.4 4
    endloop
  endfacet
  facet normal 0 -1 0
    outer loop
      vertex -2.5 6.4 3
      vertex -5.24777 6.4 4
      vertex -5.24777 6.4 3
    endloop
  endfacet
  facet normal 0 -1 0
    outer loop
      vertex -4.2 6.4 9.4
      vertex -2.5 6.4 3
      vertex -2.5 6.4 39.2
    endloop
  endfacet
  facet normal 0 -1 0
    outer loop
      vertex -5.24777 6.4 4
      vertex -2.5 6.4 3
      vertex -4.2 6.4 9.4
    endloop
  endfacet
  facet normal 0 -1 0
    outer loop
      vertex -20.1 6.4 2.9
      vertex -16.1 6.4 3
      vertex -20.1 6.4 3
    endloop
  endfacet
  facet normal 0 -1 0
    outer loop
      vertex -8.93941 6.4 2.9
      vertex -16.1 6.4 3
      vertex -20.1 6.4 2.9
    endloop
  endfacet
  facet normal 0 -1 0
    outer loop
      vertex -16.1 6.4 3
      vertex -8.93941 6.4 2.9
      vertex -8.93941 6.4 3
    endloop
  endfacet
  facet normal 0 -1 0
    outer loop
      vertex -16.1 6.4 9.4
      vertex -16.1 6.4 32.8
      vertex -20.1 6.4 32.8
    endloop
  endfacet
  facet normal 0 -1 0
    outer loop
      vertex -16.1 6.4 9.4
      vertex -20.1 6.4 32.8
      vertex -20.1 6.4 9.4
    endloop
  endfacet
  facet normal 0 -1 0
    outer loop
      vertex -16.1 6.4 32.8
      vertex -16.1 6.4 9.4
      vertex -4.2 6.4 32.8
    endloop
  endfacet
  facet normal 0 -1 -0
    outer loop
      vertex -4.2 6.4 32.8
      vertex -16.1 6.4 9.4
      vertex -4.2 6.4 9.4
    endloop
  endfacet
  facet normal 0.972363 -0.233472 0
    outer loop
      vertex 10.4616 -3.39919 3
      vertex 10.8646 -1.72078 0
      vertex 10.8646 -1.72078 3
    endloop
  endfacet
  facet normal 0.972363 -0.233472 0
    outer loop
      vertex 10.8646 -1.72078 0
      vertex 10.4616 -3.39919 3
      vertex 10.4616 -3.39919 0
    endloop
  endfacet
  facet normal 0.0784428 -0.996919 0
    outer loop
      vertex 0 -11 0
      vertex 1.72078 -10.8646 3
      vertex 0 -11 3
    endloop
  endfacet
  facet normal 0.0784428 -0.996919 0
    outer loop
      vertex 1.72078 -10.8646 3
      vertex 0 -11 0
      vertex 1.72078 -10.8646 0
    endloop
  endfacet
  facet normal 0.972363 0.233472 0
    outer loop
      vertex 10.8646 1.72078 3
      vertex 10.4616 3.39919 0
      vertex 10.4616 3.39919 3
    endloop
  endfacet
  facet normal 0.972363 0.233472 0
    outer loop
      vertex 10.4616 3.39919 0
      vertex 10.8646 1.72078 3
      vertex 10.8646 1.72078 0
    endloop
  endfacet
  facet normal 0.996919 0.0784428 0
    outer loop
      vertex 11 0 3
      vertex 10.8646 1.72078 0
      vertex 10.8646 1.72078 3
    endloop
  endfacet
  facet normal 0.996919 0.0784428 0
    outer loop
      vertex 10.8646 1.72078 0
      vertex 11 0 3
      vertex 11 0 0
    endloop
  endfacet
  facet normal 0.923883 0.382675 0
    outer loop
      vertex 10.4616 3.39919 3
      vertex 9.80107 4.99389 0
      vertex 9.80107 4.99389 3
    endloop
  endfacet
  facet normal 0.923883 0.382675 0
    outer loop
      vertex 9.80107 4.99389 0
      vertex 10.4616 3.39919 3
      vertex 10.4616 3.39919 0
    endloop
  endfacet
  facet normal 0 0 1
    outer loop
      vertex -6.04275 -4.8995 3
      vertex -10.4616 -3.39919 3
      vertex -6.15647 -4.96919 3
    endloop
  endfacet
  facet normal 0 0 1
    outer loop
      vertex -6.49639 5.78982 3
      vertex -8.93941 6.4 3
      vertex -6.50685 5.65685 3
    endloop
  endfacet
  facet normal 0 0 1
    outer loop
      vertex -6.46525 5.91952 3
      vertex -8.93941 6.4 3
      vertex -6.49639 5.78982 3
    endloop
  endfacet
  facet normal 0 0 1
    outer loop
      vertex -6.41421 6.04275 3
      vertex -8.93941 6.4 3
      vertex -6.46525 5.91952 3
    endloop
  endfacet
  facet normal 0 0 1
    outer loop
      vertex -6.34452 6.15647 3
      vertex -8.93941 6.4 3
      vertex -6.41421 6.04275 3
    endloop
  endfacet
  facet normal 0 0 1
    outer loop
      vertex -6.25789 6.25789 3
      vertex -8.93941 6.4 3
      vertex -6.34452 6.15647 3
    endloop
  endfacet
  facet normal 0 0 1
    outer loop
      vertex -6.15647 6.34452 3
      vertex -8.93941 6.4 3
      vertex -6.25789 6.25789 3
    endloop
  endfacet
  facet normal -0 0 1
    outer loop
      vertex -8.93941 6.4 3
      vertex -6.15647 6.34452 3
      vertex -6.06593 6.4 3
    endloop
  endfacet
  facet normal 0 0 1
    outer loop
      vertex -2.65165 2.65165 3
      vertex -5.15724 4.96919 3
      vertex -3.03381 2.20419 3
    endloop
  endfacet
  facet normal 0 0 1
    outer loop
      vertex -3.75 0 3
      vertex -4.81732 -5.52388 3
      vertex -4.80685 -5.65685 3
    endloop
  endfacet
  facet normal -0 0 1
    outer loop
      vertex -5.27096 4.8995 3
      vertex -3.03381 2.20419 3
      vertex -5.15724 4.96919 3
    endloop
  endfacet
  facet normal 0 0 1
    outer loop
      vertex -3.75 0 3
      vertex -4.84846 -5.39419 3
      vertex -4.81732 -5.52388 3
    endloop
  endfacet
  facet normal -0 0 1
    outer loop
      vertex -5.39419 4.84846 3
      vertex -3.03381 2.20419 3
      vertex -5.27096 4.8995 3
    endloop
  endfacet
  facet normal 0 0 1
    outer loop
      vertex -3.75 0 3
      vertex -4.8995 -5.27096 3
      vertex -4.84846 -5.39419 3
    endloop
  endfacet
  facet normal 0 0 1
    outer loop
      vertex -3.03381 2.20419 3
      vertex -5.39419 4.84846 3
      vertex -3.34127 1.70246 3
    endloop
  endfacet
  facet normal 0 0 1
    outer loop
      vertex -3.75 0 3
      vertex -4.96919 -5.15724 3
      vertex -4.8995 -5.27096 3
    endloop
  endfacet
  facet normal -0 0 1
    outer loop
      vertex -5.52388 4.81732 3
      vertex -3.34127 1.70246 3
      vertex -5.39419 4.84846 3
    endloop
  endfacet
  facet normal 0 0 1
    outer loop
      vertex -3.75 0 3
      vertex -5.05581 -5.05581 3
      vertex -4.96919 -5.15724 3
    endloop
  endfacet
  facet normal -0 0 1
    outer loop
      vertex -5.65685 4.80685 3
      vertex -3.34127 1.70246 3
      vertex -5.52388 4.81732 3
    endloop
  endfacet
  facet normal 0 0 1
    outer loop
      vertex -3.75 0 3
      vertex -5.15724 -4.96919 3
      vertex -5.05581 -5.05581 3
    endloop
  endfacet
  facet normal 0 0 1
    outer loop
      vertex -3.34127 1.70246 3
      vertex -5.65685 4.80685 3
      vertex -3.56646 1.15881 3
    endloop
  endfacet
  facet normal 0 0 1
    outer loop
      vertex -3.75 0 3
      vertex -5.27096 -4.8995 3
      vertex -5.15724 -4.96919 3
    endloop
  endfacet
  facet normal 0 0 1
    outer loop
      vertex -5.78982 4.81732 3
      vertex -3.56646 1.15881 3
      vertex -5.65685 4.80685 3
    endloop
  endfacet
  facet normal 0 0 1
    outer loop
      vertex -3.75 0 3
      vertex -5.39419 -4.84846 3
      vertex -5.27096 -4.8995 3
    endloop
  endfacet
  facet normal 0 0 1
    outer loop
      vertex -5.91952 4.84846 3
      vertex -3.56646 1.15881 3
      vertex -5.78982 4.81732 3
    endloop
  endfacet
  facet normal 0 0 1
    outer loop
      vertex -3.75 0 3
      vertex -5.52388 -4.81732 3
      vertex -5.39419 -4.84846 3
    endloop
  endfacet
  facet normal 0 0 1
    outer loop
      vertex -3.56646 1.15881 3
      vertex -5.91952 4.84846 3
      vertex -3.70383 0.586629 3
    endloop
  endfacet
  facet normal 0 0 1
    outer loop
      vertex -3.75 0 3
      vertex -5.65685 -4.80685 3
      vertex -5.52388 -4.81732 3
    endloop
  endfacet
  facet normal 0 0 1
    outer loop
      vertex -10.8646 1.72078 3
      vertex -6.04275 4.8995 3
      vertex -10.4616 3.39919 3
    endloop
  endfacet
  facet normal 0 0 1
    outer loop
      vertex -3.75 0 3
      vertex -5.78982 -4.81732 3
      vertex -5.65685 -4.80685 3
    endloop
  endfacet
  facet normal 0 0 1
    outer loop
      vertex -6.15647 4.96919 3
      vertex -10.4616 3.39919 3
      vertex -6.04275 4.8995 3
    endloop
  endfacet
  facet normal 0 0 1
    outer loop
      vertex -3.75 0 3
      vertex -5.91952 -4.84846 3
      vertex -5.78982 -4.81732 3
    endloop
  endfacet
  facet normal 0 0 1
    outer loop
      vertex -6.25789 5.05581 3
      vertex -10.4616 3.39919 3
      vertex -6.15647 4.96919 3
    endloop
  endfacet
  facet normal 0 -0 1
    outer loop
      vertex -10.8646 -1.72078 3
      vertex -3.75 0 3
      vertex -11 0 3
    endloop
  endfacet
  facet normal 0 0 1
    outer loop
      vertex -6.04275 4.8995 3
      vertex -10.8646 1.72078 3
      vertex -5.91952 4.84846 3
    endloop
  endfacet
  facet normal 0 0 1
    outer loop
      vertex -3.70383 0.586629 3
      vertex -10.8646 1.72078 3
      vertex -3.75 0 3
    endloop
  endfacet
  facet normal 0 0 1
    outer loop
      vertex -10.4616 3.39919 3
      vertex -6.25789 5.05581 3
      vertex -9.80107 4.99389 3
    endloop
  endfacet
  facet normal 0 0 1
    outer loop
      vertex -5.91952 4.84846 3
      vertex -10.8646 1.72078 3
      vertex -3.70383 0.586629 3
    endloop
  endfacet
  facet normal 0 0 1
    outer loop
      vertex -6.41421 5.27096 3
      vertex -9.80107 4.99389 3
      vertex -6.34452 5.15724 3
    endloop
  endfacet
  facet normal 0 0 1
    outer loop
      vertex -6.34452 5.15724 3
      vertex -9.80107 4.99389 3
      vertex -6.25789 5.05581 3
    endloop
  endfacet
  facet normal 0 0 1
    outer loop
      vertex -6.46525 5.39419 3
      vertex -9.80107 4.99389 3
      vertex -6.41421 5.27096 3
    endloop
  endfacet
  facet normal 0 0 1
    outer loop
      vertex -11 0 3
      vertex -3.75 0 3
      vertex -10.8646 1.72078 3
    endloop
  endfacet
  facet normal 0 0 1
    outer loop
      vertex -9.80107 4.99389 3
      vertex -6.46525 5.39419 3
      vertex -8.93941 6.4 3
    endloop
  endfacet
  facet normal 0 0 1
    outer loop
      vertex -3.75 0 3
      vertex -10.8646 -1.72078 3
      vertex -5.91952 -4.84846 3
    endloop
  endfacet
  facet normal 0 0 1
    outer loop
      vertex -8.93941 6.4 3
      vertex -6.46525 5.39419 3
      vertex -6.49639 5.52388 3
    endloop
  endfacet
  facet normal 0 0 1
    outer loop
      vertex -5.91952 -4.84846 3
      vertex -10.8646 -1.72078 3
      vertex -6.04275 -4.8995 3
    endloop
  endfacet
  facet normal 0 0 1
    outer loop
      vertex -8.93941 6.4 3
      vertex -6.49639 5.52388 3
      vertex -6.50685 5.65685 3
    endloop
  endfacet
  facet normal -0 -0 1
    outer loop
      vertex -10.4616 -3.39919 3
      vertex -6.04275 -4.8995 3
      vertex -10.8646 -1.72078 3
    endloop
  endfacet
  facet normal 0 0 1
    outer loop
      vertex -4.80685 -5.65685 3
      vertex -2.20419 -3.03381 3
      vertex -2.65165 -2.65165 3
    endloop
  endfacet
  facet normal 0 0 1
    outer loop
      vertex -4.80685 -5.65685 3
      vertex -2.65165 -2.65165 3
      vertex -3.03381 -2.20419 3
    endloop
  endfacet
  facet normal 0 0 1
    outer loop
      vertex -4.80685 -5.65685 3
      vertex -3.03381 -2.20419 3
      vertex -3.34127 -1.70246 3
    endloop
  endfacet
  facet normal 0 0 1
    outer loop
      vertex -4.80685 -5.65685 3
      vertex -3.34127 -1.70246 3
      vertex -3.56646 -1.15881 3
    endloop
  endfacet
  facet normal 0 0 1
    outer loop
      vertex -4.80685 -5.65685 3
      vertex -3.56646 -1.15881 3
      vertex -3.70383 -0.586629 3
    endloop
  endfacet
  facet normal -0 0 1
    outer loop
      vertex -5.15724 4.96919 3
      vertex -2.65165 2.65165 3
      vertex -5.05581 5.05581 3
    endloop
  endfacet
  facet normal 0 0 1
    outer loop
      vertex -3.75 0 3
      vertex -4.80685 -5.65685 3
      vertex -3.70383 -0.586629 3
    endloop
  endfacet
  facet normal 0 0 1
    outer loop
      vertex -2.20419 -3.03381 3
      vertex -4.80685 -5.65685 3
      vertex -2.5 -6.4 3
    endloop
  endfacet
  facet normal -0 0 1
    outer loop
      vertex -4.81732 -5.78982 3
      vertex -2.5 -6.4 3
      vertex -4.80685 -5.65685 3
    endloop
  endfacet
  facet normal -0 0 1
    outer loop
      vertex -4.84846 -5.91952 3
      vertex -2.5 -6.4 3
      vertex -4.81732 -5.78982 3
    endloop
  endfacet
  facet normal -0 0 1
    outer loop
      vertex -4.8995 -6.04275 3
      vertex -2.5 -6.4 3
      vertex -4.84846 -5.91952 3
    endloop
  endfacet
  facet normal -0 0 1
    outer loop
      vertex -4.96919 -6.15647 3
      vertex -2.5 -6.4 3
      vertex -4.8995 -6.04275 3
    endloop
  endfacet
  facet normal -0 0 1
    outer loop
      vertex -5.05581 -6.25789 3
      vertex -2.5 -6.4 3
      vertex -4.96919 -6.15647 3
    endloop
  endfacet
  facet normal -0 0 1
    outer loop
      vertex -5.15724 -6.34452 3
      vertex -2.5 -6.4 3
      vertex -5.05581 -6.25789 3
    endloop
  endfacet
  facet normal 0 0 1
    outer loop
      vertex -2.5 -6.4 3
      vertex -5.15724 -6.34452 3
      vertex -5.24777 -6.4 3
    endloop
  endfacet
  facet normal -0 0 1
    outer loop
      vertex 6.25789 5.05581 3
      vertex 9.80107 4.99389 3
      vertex 6.34452 5.15724 3
    endloop
  endfacet
  facet normal 0 0 1
    outer loop
      vertex 11 0 3
      vertex 6.49639 -5.52388 3
      vertex 6.50685 -5.65685 3
    endloop
  endfacet
  facet normal 0 0 1
    outer loop
      vertex 9.80107 4.99389 3
      vertex 6.25789 5.05581 3
      vertex 10.4616 3.39919 3
    endloop
  endfacet
  facet normal 0 0 1
    outer loop
      vertex 11 0 3
      vertex 6.46525 -5.39419 3
      vertex 6.49639 -5.52388 3
    endloop
  endfacet
  facet normal -0 0 1
    outer loop
      vertex 6.15647 4.96919 3
      vertex 10.4616 3.39919 3
      vertex 6.25789 5.05581 3
    endloop
  endfacet
  facet normal 0 0 1
    outer loop
      vertex 11 0 3
      vertex 6.41421 -5.27096 3
      vertex 6.46525 -5.39419 3
    endloop
  endfacet
  facet normal -0 0 1
    outer loop
      vertex 6.04275 4.8995 3
      vertex 10.4616 3.39919 3
      vertex 6.15647 4.96919 3
    endloop
  endfacet
  facet normal 0 0 1
    outer loop
      vertex 11 0 3
      vertex 6.34452 -5.15724 3
      vertex 6.41421 -5.27096 3
    endloop
  endfacet
  facet normal 0 0 1
    outer loop
      vertex 10.4616 3.39919 3
      vertex 6.04275 4.8995 3
      vertex 10.8646 1.72078 3
    endloop
  endfacet
  facet normal 0 0 1
    outer loop
      vertex 11 0 3
      vertex 6.25789 -5.05581 3
      vertex 6.34452 -5.15724 3
    endloop
  endfacet
  facet normal -0 0 1
    outer loop
      vertex 5.91952 4.84846 3
      vertex 10.8646 1.72078 3
      vertex 6.04275 4.8995 3
    endloop
  endfacet
  facet normal 0 0 1
    outer loop
      vertex 11 0 3
      vertex 6.15647 -4.96919 3
      vertex 6.25789 -5.05581 3
    endloop
  endfacet
  facet normal 0 0 1
    outer loop
      vertex 10.8646 1.72078 3
      vertex 3.70383 0.586629 3
      vertex 11 0 3
    endloop
  endfacet
  facet normal 0 0 1
    outer loop
      vertex 3.70383 -0.586629 3
      vertex 11 0 3
      vertex 3.75 0 3
    endloop
  endfacet
  facet normal 0 0 1
    outer loop
      vertex 10.8646 1.72078 3
      vertex 5.91952 4.84846 3
      vertex 3.70383 0.586629 3
    endloop
  endfacet
  facet normal 0 0 1
    outer loop
      vertex 11 0 3
      vertex 6.04275 -4.8995 3
      vertex 6.15647 -4.96919 3
    endloop
  endfacet
  facet normal 0 0 1
    outer loop
      vertex 3.56646 1.15881 3
      vertex 5.91952 4.84846 3
      vertex 5.78982 4.81732 3
    endloop
  endfacet
  facet normal 0 0 1
    outer loop
      vertex 11 0 3
      vertex 3.70383 -0.586629 3
      vertex 6.04275 -4.8995 3
    endloop
  endfacet
  facet normal 0 0 1
    outer loop
      vertex 3.56646 1.15881 3
      vertex 5.78982 4.81732 3
      vertex 5.65685 4.80685 3
    endloop
  endfacet
  facet normal 0 0 1
    outer loop
      vertex 6.04275 -4.8995 3
      vertex 3.70383 -0.586629 3
      vertex 5.91952 -4.84846 3
    endloop
  endfacet
  facet normal 0 0 1
    outer loop
      vertex 3.34127 1.70246 3
      vertex 5.65685 4.80685 3
      vertex 5.52388 4.81732 3
    endloop
  endfacet
  facet normal -0 0 1
    outer loop
      vertex 3.56646 -1.15881 3
      vertex 5.91952 -4.84846 3
      vertex 3.70383 -0.586629 3
    endloop
  endfacet
  facet normal 0 0 1
    outer loop
      vertex 3.34127 1.70246 3
      vertex 5.52388 4.81732 3
      vertex 5.39419 4.84846 3
    endloop
  endfacet
  facet normal 0 0 1
    outer loop
      vertex 5.91952 -4.84846 3
      vertex 3.56646 -1.15881 3
      vertex 5.78982 -4.81732 3
    endloop
  endfacet
  facet normal 0 0 1
    outer loop
      vertex 3.03381 2.20419 3
      vertex 5.39419 4.84846 3
      vertex 5.27096 4.8995 3
    endloop
  endfacet
  facet normal 0 0 1
    outer loop
      vertex 5.78982 -4.81732 3
      vertex 3.56646 -1.15881 3
      vertex 5.65685 -4.80685 3
    endloop
  endfacet
  facet normal 0 0 1
    outer loop
      vertex 3.03381 2.20419 3
      vertex 5.27096 4.8995 3
      vertex 5.15724 4.96919 3
    endloop
  endfacet
  facet normal -0 0 1
    outer loop
      vertex 3.34127 -1.70246 3
      vertex 5.65685 -4.80685 3
      vertex 3.56646 -1.15881 3
    endloop
  endfacet
  facet normal 0 0 1
    outer loop
      vertex 2.65165 2.65165 3
      vertex 5.15724 4.96919 3
      vertex 5.05581 5.05581 3
    endloop
  endfacet
  facet normal 0 0 1
    outer loop
      vertex 5.65685 -4.80685 3
      vertex 3.34127 -1.70246 3
      vertex 5.52388 -4.81732 3
    endloop
  endfacet
  facet normal 0 0 1
    outer loop
      vertex 2.65165 2.65165 3
      vertex 5.05581 5.05581 3
      vertex 4.96919 5.15724 3
    endloop
  endfacet
  facet normal 0 0 1
    outer loop
      vertex 5.52388 -4.81732 3
      vertex 3.34127 -1.70246 3
      vertex 5.39419 -4.84846 3
    endloop
  endfacet
  facet normal 0 0 1
    outer loop
      vertex 2.20419 3.03381 3
      vertex 4.96919 5.15724 3
      vertex 4.8995 5.27096 3
    endloop
  endfacet
  facet normal -0 0 1
    outer loop
      vertex 3.03381 -2.20419 3
      vertex 5.39419 -4.84846 3
      vertex 3.34127 -1.70246 3
    endloop
  endfacet
  facet normal 0 0 1
    outer loop
      vertex 2.20419 3.03381 3
      vertex 4.8995 5.27096 3
      vertex 4.84846 5.39419 3
    endloop
  endfacet
  facet normal 0 0 1
    outer loop
      vertex 5.39419 -4.84846 3
      vertex 3.03381 -2.20419 3
      vertex 5.27096 -4.8995 3
    endloop
  endfacet
  facet normal 0 0 1
    outer loop
      vertex 1.70246 3.34127 3
      vertex 4.84846 5.39419 3
      vertex 4.81732 5.52388 3
    endloop
  endfacet
  facet normal 0 0 1
    outer loop
      vertex 5.27096 -4.8995 3
      vertex 3.03381 -2.20419 3
      vertex 5.15724 -4.96919 3
    endloop
  endfacet
  facet normal 0 0 1
    outer loop
      vertex 1.70246 3.34127 3
      vertex 4.81732 5.52388 3
      vertex 4.80685 5.65685 3
    endloop
  endfacet
  facet normal -0 0 1
    outer loop
      vertex 2.65165 -2.65165 3
      vertex 5.15724 -4.96919 3
      vertex 3.03381 -2.20419 3
    endloop
  endfacet
  facet normal -0 0 1
    outer loop
      vertex 6.41421 5.27096 3
      vertex 9.80107 4.99389 3
      vertex 6.46525 5.39419 3
    endloop
  endfacet
  facet normal 0 0 1
    outer loop
      vertex 8.89919 6.46564 3
      vertex 6.46525 5.39419 3
      vertex 9.80107 4.99389 3
    endloop
  endfacet
  facet normal -0 0 1
    outer loop
      vertex 6.34452 5.15724 3
      vertex 9.80107 4.99389 3
      vertex 6.41421 5.27096 3
    endloop
  endfacet
  facet normal 0 0 1
    outer loop
      vertex 6.46525 5.39419 3
      vertex 8.89919 6.46564 3
      vertex 6.49639 5.52388 3
    endloop
  endfacet
  facet normal 0 0 1
    outer loop
      vertex 11 0 3
      vertex 6.50685 -5.65685 3
      vertex 10.8646 -1.72078 3
    endloop
  endfacet
  facet normal 0 0 1
    outer loop
      vertex 6.49639 5.52388 3
      vertex 8.89919 6.46564 3
      vertex 6.50685 5.65685 3
    endloop
  endfacet
  facet normal 0 0 1
    outer loop
      vertex 10.8646 -1.72078 3
      vertex 6.50685 -5.65685 3
      vertex 10.4616 -3.39919 3
    endloop
  endfacet
  facet normal 0 0 1
    outer loop
      vertex 6.41421 6.04275 3
      vertex 8.89919 6.46564 3
      vertex 7.77817 7.77817 3
    endloop
  endfacet
  facet normal 0 0 1
    outer loop
      vertex 10.4616 -3.39919 3
      vertex 6.50685 -5.65685 3
      vertex 9.80107 -4.99389 3
    endloop
  endfacet
  facet normal 0 0 1
    outer loop
      vertex 9.80107 -4.99389 3
      vertex 6.50685 -5.65685 3
      vertex 8.89919 -6.46564 3
    endloop
  endfacet
  facet normal 0 0 1
    outer loop
      vertex 8.89919 6.46564 3
      vertex 6.49639 5.78982 3
      vertex 6.50685 5.65685 3
    endloop
  endfacet
  facet normal 0 0 1
    outer loop
      vertex 6.04275 6.41421 3
      vertex 7.77817 7.77817 3
      vertex 6.46564 8.89919 3
    endloop
  endfacet
  facet normal 0 0 1
    outer loop
      vertex 8.89919 6.46564 3
      vertex 6.46525 5.91952 3
      vertex 6.49639 5.78982 3
    endloop
  endfacet
  facet normal 0 0 1
    outer loop
      vertex 8.89919 6.46564 3
      vertex 6.41421 6.04275 3
      vertex 6.46525 5.91952 3
    endloop
  endfacet
  facet normal 0 0 1
    outer loop
      vertex 7.77817 7.77817 3
      vertex 6.34452 6.15647 3
      vertex 6.41421 6.04275 3
    endloop
  endfacet
  facet normal 0 0 1
    outer loop
      vertex 7.77817 7.77817 3
      vertex 6.25789 6.25789 3
      vertex 6.34452 6.15647 3
    endloop
  endfacet
  facet normal 0 0 1
    outer loop
      vertex 7.77817 7.77817 3
      vertex 6.15647 6.34452 3
      vertex 6.25789 6.25789 3
    endloop
  endfacet
  facet normal 0 0 1
    outer loop
      vertex 7.77817 7.77817 3
      vertex 6.04275 6.41421 3
      vertex 6.15647 6.34452 3
    endloop
  endfacet
  facet normal 0 0 1
    outer loop
      vertex 6.46564 8.89919 3
      vertex 5.91952 6.46525 3
      vertex 6.04275 6.41421 3
    endloop
  endfacet
  facet normal 0 0 1
    outer loop
      vertex 6.46564 8.89919 3
      vertex 5.78982 6.49639 3
      vertex 5.91952 6.46525 3
    endloop
  endfacet
  facet normal 0 0 1
    outer loop
      vertex 6.46564 8.89919 3
      vertex 5.65685 6.50685 3
      vertex 5.78982 6.49639 3
    endloop
  endfacet
  facet normal 0 0 1
    outer loop
      vertex 6.46564 8.89919 3
      vertex 5.52388 6.49639 3
      vertex 5.65685 6.50685 3
    endloop
  endfacet
  facet normal 0 0 1
    outer loop
      vertex 6.46564 8.89919 3
      vertex 5.39419 6.46525 3
      vertex 5.52388 6.49639 3
    endloop
  endfacet
  facet normal 0 0 1
    outer loop
      vertex 4.99389 9.80107 3
      vertex 5.39419 6.46525 3
      vertex 6.46564 8.89919 3
    endloop
  endfacet
  facet normal 0 0 1
    outer loop
      vertex 5.39419 6.46525 3
      vertex 4.99389 9.80107 3
      vertex 5.27096 6.41421 3
    endloop
  endfacet
  facet normal 0 0 1
    outer loop
      vertex 5.27096 6.41421 3
      vertex 4.99389 9.80107 3
      vertex 5.15724 6.34452 3
    endloop
  endfacet
  facet normal 0 0 1
    outer loop
      vertex 5.15724 6.34452 3
      vertex 4.99389 9.80107 3
      vertex 5.05581 6.25789 3
    endloop
  endfacet
  facet normal 0 0 1
    outer loop
      vertex 3.39919 10.4616 3
      vertex 5.05581 6.25789 3
      vertex 4.99389 9.80107 3
    endloop
  endfacet
  facet normal 0 0 1
    outer loop
      vertex 5.05581 6.25789 3
      vertex 3.39919 10.4616 3
      vertex 4.96919 6.15647 3
    endloop
  endfacet
  facet normal 0 0 1
    outer loop
      vertex 4.96919 6.15647 3
      vertex 3.39919 10.4616 3
      vertex 4.8995 6.04275 3
    endloop
  endfacet
  facet normal 0 0 1
    outer loop
      vertex 1.72078 10.8646 3
      vertex 4.8995 6.04275 3
      vertex 3.39919 10.4616 3
    endloop
  endfacet
  facet normal 0 0 1
    outer loop
      vertex 4.8995 6.04275 3
      vertex 1.72078 10.8646 3
      vertex 4.84846 5.91952 3
    endloop
  endfacet
  facet normal 0 0 1
    outer loop
      vertex 5.15724 -4.96919 3
      vertex 2.65165 -2.65165 3
      vertex 5.05581 -5.05581 3
    endloop
  endfacet
  facet normal 0 0 1
    outer loop
      vertex 0.586629 3.70383 3
      vertex 4.84846 5.91952 3
      vertex 1.72078 10.8646 3
    endloop
  endfacet
  facet normal 0 0 1
    outer loop
      vertex 11 0 3
      vertex 3.70383 0.586629 3
      vertex 3.75 0 3
    endloop
  endfacet
  facet normal 0 0 1
    outer loop
      vertex 5.91952 4.84846 3
      vertex 3.56646 1.15881 3
      vertex 3.70383 0.586629 3
    endloop
  endfacet
  facet normal 0 -0 1
    outer loop
      vertex 1.15881 3.56646 3
      vertex 4.84846 5.91952 3
      vertex 0.586629 3.70383 3
    endloop
  endfacet
  facet normal 0 0 1
    outer loop
      vertex 5.65685 4.80685 3
      vertex 3.34127 1.70246 3
      vertex 3.56646 1.15881 3
    endloop
  endfacet
  facet normal 0 0 1
    outer loop
      vertex 5.39419 4.84846 3
      vertex 3.03381 2.20419 3
      vertex 3.34127 1.70246 3
    endloop
  endfacet
  facet normal 0 0 1
    outer loop
      vertex 5.15724 4.96919 3
      vertex 2.65165 2.65165 3
      vertex 3.03381 2.20419 3
    endloop
  endfacet
  facet normal 0 0 1
    outer loop
      vertex 4.96919 5.15724 3
      vertex 2.20419 3.03381 3
      vertex 2.65165 2.65165 3
    endloop
  endfacet
  facet normal 0 0 1
    outer loop
      vertex 4.84846 5.91952 3
      vertex 1.15881 3.56646 3
      vertex 4.81732 5.78982 3
    endloop
  endfacet
  facet normal 0 0 1
    outer loop
      vertex 4.84846 5.39419 3
      vertex 1.70246 3.34127 3
      vertex 2.20419 3.03381 3
    endloop
  endfacet
  facet normal 0 0 1
    outer loop
      vertex 4.80685 5.65685 3
      vertex 1.15881 3.56646 3
      vertex 1.70246 3.34127 3
    endloop
  endfacet
  facet normal 0 0 1
    outer loop
      vertex 4.81732 5.78982 3
      vertex 1.15881 3.56646 3
      vertex 4.80685 5.65685 3
    endloop
  endfacet
  facet normal 0 0 1
    outer loop
      vertex -2.5 8.6 3
      vertex 1.72078 10.8646 3
      vertex 0 11 3
    endloop
  endfacet
  facet normal 0 0 1
    outer loop
      vertex 1.72078 10.8646 3
      vertex -2.5 6.4 3
      vertex 0.586629 3.70383 3
    endloop
  endfacet
  facet normal 0 0 1
    outer loop
      vertex 0.586629 3.70383 3
      vertex -2.5 6.4 3
      vertex 0 3.75 3
    endloop
  endfacet
  facet normal 0 0 1
    outer loop
      vertex 0 3.75 3
      vertex -2.5 6.4 3
      vertex -0.586629 3.70383 3
    endloop
  endfacet
  facet normal 0 0 1
    outer loop
      vertex -0.586629 3.70383 3
      vertex -2.5 6.4 3
      vertex -1.15881 3.56646 3
    endloop
  endfacet
  facet normal 0 0 1
    outer loop
      vertex -2.5 8.6 3
      vertex 0 11 3
      vertex -1.72078 10.8646 3
    endloop
  endfacet
  facet normal 0 0 1
    outer loop
      vertex -1.15881 3.56646 3
      vertex -2.5 6.4 3
      vertex -1.70246 3.34127 3
    endloop
  endfacet
  facet normal 0 0 1
    outer loop
      vertex 1.72078 10.8646 3
      vertex -2.5 8.6 3
      vertex -2.5 6.4 3
    endloop
  endfacet
  facet normal -0 0 1
    outer loop
      vertex -3.39919 10.4616 3
      vertex -2.5 8.6 3
      vertex -1.72078 10.8646 3
    endloop
  endfacet
  facet normal -0 0 1
    outer loop
      vertex -4.99389 9.80107 3
      vertex -2.5 8.6 3
      vertex -3.39919 10.4616 3
    endloop
  endfacet
  facet normal -0 0 1
    outer loop
      vertex -6.46564 8.89919 3
      vertex -2.5 8.6 3
      vertex -4.99389 9.80107 3
    endloop
  endfacet
  facet normal 0 0 1
    outer loop
      vertex -2.5 8.6 3
      vertex -6.46564 8.89919 3
      vertex -6.81594 8.6 3
    endloop
  endfacet
  facet normal -0 0 1
    outer loop
      vertex 6.49639 -5.78982 3
      vertex 8.89919 -6.46564 3
      vertex 6.50685 -5.65685 3
    endloop
  endfacet
  facet normal -0 0 1
    outer loop
      vertex 6.46525 -5.91952 3
      vertex 8.89919 -6.46564 3
      vertex 6.49639 -5.78982 3
    endloop
  endfacet
  facet normal -0 0 1
    outer loop
      vertex 6.41421 -6.04275 3
      vertex 8.89919 -6.46564 3
      vertex 6.46525 -5.91952 3
    endloop
  endfacet
  facet normal 0 0 1
    outer loop
      vertex 8.89919 -6.46564 3
      vertex 6.41421 -6.04275 3
      vertex 7.77817 -7.77817 3
    endloop
  endfacet
  facet normal -0 0 1
    outer loop
      vertex 6.34452 -6.15647 3
      vertex 7.77817 -7.77817 3
      vertex 6.41421 -6.04275 3
    endloop
  endfacet
  facet normal -0 0 1
    outer loop
      vertex 6.25789 -6.25789 3
      vertex 7.77817 -7.77817 3
      vertex 6.34452 -6.15647 3
    endloop
  endfacet
  facet normal -0 0 1
    outer loop
      vertex 6.15647 -6.34452 3
      vertex 7.77817 -7.77817 3
      vertex 6.25789 -6.25789 3
    endloop
  endfacet
  facet normal -0 0 1
    outer loop
      vertex 6.04275 -6.41421 3
      vertex 7.77817 -7.77817 3
      vertex 6.15647 -6.34452 3
    endloop
  endfacet
  facet normal 0 0 1
    outer loop
      vertex 7.77817 -7.77817 3
      vertex 6.04275 -6.41421 3
      vertex 6.46564 -8.89919 3
    endloop
  endfacet
  facet normal -0 0 1
    outer loop
      vertex 5.91952 -6.46525 3
      vertex 6.46564 -8.89919 3
      vertex 6.04275 -6.41421 3
    endloop
  endfacet
  facet normal -0 0 1
    outer loop
      vertex 5.78982 -6.49639 3
      vertex 6.46564 -8.89919 3
      vertex 5.91952 -6.46525 3
    endloop
  endfacet
  facet normal -0 0 1
    outer loop
      vertex 5.65685 -6.50685 3
      vertex 6.46564 -8.89919 3
      vertex 5.78982 -6.49639 3
    endloop
  endfacet
  facet normal 0 0 1
    outer loop
      vertex 5.52388 -6.49639 3
      vertex 6.46564 -8.89919 3
      vertex 5.65685 -6.50685 3
    endloop
  endfacet
  facet normal 0 0 1
    outer loop
      vertex 5.39419 -6.46525 3
      vertex 6.46564 -8.89919 3
      vertex 5.52388 -6.49639 3
    endloop
  endfacet
  facet normal 0 0 1
    outer loop
      vertex 4.99389 -9.80107 3
      vertex 5.39419 -6.46525 3
      vertex 5.27096 -6.41421 3
    endloop
  endfacet
  facet normal 0 0 1
    outer loop
      vertex 4.99389 -9.80107 3
      vertex 5.27096 -6.41421 3
      vertex 5.15724 -6.34452 3
    endloop
  endfacet
  facet normal 0 0 1
    outer loop
      vertex 4.99389 -9.80107 3
      vertex 5.15724 -6.34452 3
      vertex 5.05581 -6.25789 3
    endloop
  endfacet
  facet normal 0 0 1
    outer loop
      vertex 5.39419 -6.46525 3
      vertex 4.99389 -9.80107 3
      vertex 6.46564 -8.89919 3
    endloop
  endfacet
  facet normal 0 0 1
    outer loop
      vertex 3.39919 -10.4616 3
      vertex 5.05581 -6.25789 3
      vertex 4.96919 -6.15647 3
    endloop
  endfacet
  facet normal 0 0 1
    outer loop
      vertex 3.39919 -10.4616 3
      vertex 4.96919 -6.15647 3
      vertex 4.8995 -6.04275 3
    endloop
  endfacet
  facet normal 0 0 1
    outer loop
      vertex 1.72078 -10.8646 3
      vertex 4.8995 -6.04275 3
      vertex 4.84846 -5.91952 3
    endloop
  endfacet
  facet normal 0 0 1
    outer loop
      vertex 1.15881 -3.56646 3
      vertex 4.84846 -5.91952 3
      vertex 4.81732 -5.78982 3
    endloop
  endfacet
  facet normal 0 0 1
    outer loop
      vertex 1.15881 -3.56646 3
      vertex 4.81732 -5.78982 3
      vertex 4.80685 -5.65685 3
    endloop
  endfacet
  facet normal 0 0 1
    outer loop
      vertex 5.05581 -5.05581 3
      vertex 2.65165 -2.65165 3
      vertex 4.96919 -5.15724 3
    endloop
  endfacet
  facet normal -0 0 1
    outer loop
      vertex 2.20419 -3.03381 3
      vertex 4.96919 -5.15724 3
      vertex 2.65165 -2.65165 3
    endloop
  endfacet
  facet normal 0 0 1
    outer loop
      vertex 4.96919 -5.15724 3
      vertex 2.20419 -3.03381 3
      vertex 4.8995 -5.27096 3
    endloop
  endfacet
  facet normal 0 0 1
    outer loop
      vertex 4.8995 -5.27096 3
      vertex 2.20419 -3.03381 3
      vertex 4.84846 -5.39419 3
    endloop
  endfacet
  facet normal -0 0 1
    outer loop
      vertex 1.70246 -3.34127 3
      vertex 4.84846 -5.39419 3
      vertex 2.20419 -3.03381 3
    endloop
  endfacet
  facet normal 0 0 1
    outer loop
      vertex 4.84846 -5.39419 3
      vertex 1.70246 -3.34127 3
      vertex 4.81732 -5.52388 3
    endloop
  endfacet
  facet normal 0 0 1
    outer loop
      vertex 4.81732 -5.52388 3
      vertex 1.70246 -3.34127 3
      vertex 4.80685 -5.65685 3
    endloop
  endfacet
  facet normal -0 0 1
    outer loop
      vertex 1.15881 -3.56646 3
      vertex 4.80685 -5.65685 3
      vertex 1.70246 -3.34127 3
    endloop
  endfacet
  facet normal 0 0 1
    outer loop
      vertex 5.05581 -6.25789 3
      vertex 3.39919 -10.4616 3
      vertex 4.99389 -9.80107 3
    endloop
  endfacet
  facet normal 0 0 1
    outer loop
      vertex 4.84846 -5.91952 3
      vertex 1.15881 -3.56646 3
      vertex 0.586629 -3.70383 3
    endloop
  endfacet
  facet normal 0 0 1
    outer loop
      vertex 4.8995 -6.04275 3
      vertex 1.72078 -10.8646 3
      vertex 3.39919 -10.4616 3
    endloop
  endfacet
  facet normal 0 0 1
    outer loop
      vertex 4.84846 -5.91952 3
      vertex 0.586629 -3.70383 3
      vertex 1.72078 -10.8646 3
    endloop
  endfacet
  facet normal 0 0 1
    outer loop
      vertex -2.5 -6.4 3
      vertex 0.586629 -3.70383 3
      vertex 0 -3.75 3
    endloop
  endfacet
  facet normal 0 0 1
    outer loop
      vertex 0.586629 -3.70383 3
      vertex -2.5 -6.4 3
      vertex 1.72078 -10.8646 3
    endloop
  endfacet
  facet normal 0 0 1
    outer loop
      vertex -2.5 -6.4 3
      vertex 0 -3.75 3
      vertex -0.586629 -3.70383 3
    endloop
  endfacet
  facet normal 0 0 1
    outer loop
      vertex -2.5 -6.4 3
      vertex -0.586629 -3.70383 3
      vertex -1.15881 -3.56646 3
    endloop
  endfacet
  facet normal 0 0 1
    outer loop
      vertex -2.5 -6.4 3
      vertex -1.15881 -3.56646 3
      vertex -1.70246 -3.34127 3
    endloop
  endfacet
  facet normal -0 0 1
    outer loop
      vertex -2.5 -8.6 3
      vertex 1.72078 -10.8646 3
      vertex -2.5 -6.4 3
    endloop
  endfacet
  facet normal 0 0 1
    outer loop
      vertex -2.5 -6.4 3
      vertex -1.70246 -3.34127 3
      vertex -2.20419 -3.03381 3
    endloop
  endfacet
  facet normal 0 0 1
    outer loop
      vertex 1.72078 -10.8646 3
      vertex -2.5 -8.6 3
      vertex 0 -11 3
    endloop
  endfacet
  facet normal 0 0 1
    outer loop
      vertex 0 -11 3
      vertex -2.5 -8.6 3
      vertex -1.72078 -10.8646 3
    endloop
  endfacet
  facet normal 0 0 1
    outer loop
      vertex -2.5 -8.6 3
      vertex -3.39919 -10.4616 3
      vertex -1.72078 -10.8646 3
    endloop
  endfacet
  facet normal 0 0 1
    outer loop
      vertex -2.5 -8.6 3
      vertex -4.99389 -9.80107 3
      vertex -3.39919 -10.4616 3
    endloop
  endfacet
  facet normal 0 0 1
    outer loop
      vertex -2.5 -8.6 3
      vertex -6.46564 -8.89919 3
      vertex -4.99389 -9.80107 3
    endloop
  endfacet
  facet normal 0 -0 1
    outer loop
      vertex -6.46564 -8.89919 3
      vertex -2.5 -8.6 3
      vertex -6.81594 -8.6 3
    endloop
  endfacet
  facet normal 0 0 1
    outer loop
      vertex -1.70246 3.34127 3
      vertex -2.5 6.4 3
      vertex -2.20419 3.03381 3
    endloop
  endfacet
  facet normal 0 0 1
    outer loop
      vertex -4.81732 5.52388 3
      vertex -2.5 6.4 3
      vertex -4.80685 5.65685 3
    endloop
  endfacet
  facet normal 0 0 1
    outer loop
      vertex -4.84846 5.39419 3
      vertex -2.5 6.4 3
      vertex -4.81732 5.52388 3
    endloop
  endfacet
  facet normal 0 0 1
    outer loop
      vertex -2.5 6.4 3
      vertex -4.84846 5.39419 3
      vertex -2.20419 3.03381 3
    endloop
  endfacet
  facet normal -0 0 1
    outer loop
      vertex -4.8995 5.27096 3
      vertex -2.20419 3.03381 3
      vertex -4.84846 5.39419 3
    endloop
  endfacet
  facet normal -0 0 1
    outer loop
      vertex -4.96919 5.15724 3
      vertex -2.20419 3.03381 3
      vertex -4.8995 5.27096 3
    endloop
  endfacet
  facet normal -0 0 1
    outer loop
      vertex -5.05581 5.05581 3
      vertex -2.65165 2.65165 3
      vertex -4.96919 5.15724 3
    endloop
  endfacet
  facet normal 0 0 1
    outer loop
      vertex -2.20419 3.03381 3
      vertex -4.96919 5.15724 3
      vertex -2.65165 2.65165 3
    endloop
  endfacet
  facet normal 0 0 1
    outer loop
      vertex -2.5 6.4 3
      vertex -4.81732 5.78982 3
      vertex -4.80685 5.65685 3
    endloop
  endfacet
  facet normal 0 0 1
    outer loop
      vertex -2.5 6.4 3
      vertex -4.84846 5.91952 3
      vertex -4.81732 5.78982 3
    endloop
  endfacet
  facet normal 0 0 1
    outer loop
      vertex -2.5 6.4 3
      vertex -4.8995 6.04275 3
      vertex -4.84846 5.91952 3
    endloop
  endfacet
  facet normal 0 0 1
    outer loop
      vertex -2.5 6.4 3
      vertex -4.96919 6.15647 3
      vertex -4.8995 6.04275 3
    endloop
  endfacet
  facet normal 0 0 1
    outer loop
      vertex -2.5 6.4 3
      vertex -5.05581 6.25789 3
      vertex -4.96919 6.15647 3
    endloop
  endfacet
  facet normal 0 0 1
    outer loop
      vertex -2.5 6.4 3
      vertex -5.15724 6.34452 3
      vertex -5.05581 6.25789 3
    endloop
  endfacet
  facet normal 0 -0 1
    outer loop
      vertex -5.15724 6.34452 3
      vertex -2.5 6.4 3
      vertex -5.24777 6.4 3
    endloop
  endfacet
  facet normal 0 0 1
    outer loop
      vertex -6.15647 -4.96919 3
      vertex -10.4616 -3.39919 3
      vertex -6.25789 -5.05581 3
    endloop
  endfacet
  facet normal 0 0 1
    outer loop
      vertex -6.15647 -6.34452 3
      vertex -8.93941 -6.4 3
      vertex -6.06593 -6.4 3
    endloop
  endfacet
  facet normal 0 0 1
    outer loop
      vertex -6.25789 -6.25789 3
      vertex -8.93941 -6.4 3
      vertex -6.15647 -6.34452 3
    endloop
  endfacet
  facet normal 0 0 1
    outer loop
      vertex -6.34452 -6.15647 3
      vertex -8.93941 -6.4 3
      vertex -6.25789 -6.25789 3
    endloop
  endfacet
  facet normal 0 0 1
    outer loop
      vertex -6.41421 -6.04275 3
      vertex -8.93941 -6.4 3
      vertex -6.34452 -6.15647 3
    endloop
  endfacet
  facet normal 0 0 1
    outer loop
      vertex -6.46525 -5.91952 3
      vertex -8.93941 -6.4 3
      vertex -6.41421 -6.04275 3
    endloop
  endfacet
  facet normal 0 0 1
    outer loop
      vertex -6.49639 -5.78982 3
      vertex -8.93941 -6.4 3
      vertex -6.46525 -5.91952 3
    endloop
  endfacet
  facet normal -0 -0 1
    outer loop
      vertex -9.80107 -4.99389 3
      vertex -6.25789 -5.05581 3
      vertex -10.4616 -3.39919 3
    endloop
  endfacet
  facet normal 0 0 1
    outer loop
      vertex -6.25789 -5.05581 3
      vertex -9.80107 -4.99389 3
      vertex -6.34452 -5.15724 3
    endloop
  endfacet
  facet normal 0 0 1
    outer loop
      vertex -6.50685 -5.65685 3
      vertex -8.93941 -6.4 3
      vertex -6.49639 -5.78982 3
    endloop
  endfacet
  facet normal 0 0 1
    outer loop
      vertex -6.34452 -5.15724 3
      vertex -9.80107 -4.99389 3
      vertex -6.41421 -5.27096 3
    endloop
  endfacet
  facet normal 0 0 1
    outer loop
      vertex -6.49639 -5.52388 3
      vertex -8.93941 -6.4 3
      vertex -6.50685 -5.65685 3
    endloop
  endfacet
  facet normal 0 0 1
    outer loop
      vertex -6.41421 -5.27096 3
      vertex -9.80107 -4.99389 3
      vertex -6.46525 -5.39419 3
    endloop
  endfacet
  facet normal 0 0 1
    outer loop
      vertex -6.46525 -5.39419 3
      vertex -8.93941 -6.4 3
      vertex -6.49639 -5.52388 3
    endloop
  endfacet
  facet normal 0 -0 1
    outer loop
      vertex -8.93941 -6.4 3
      vertex -6.46525 -5.39419 3
      vertex -9.80107 -4.99389 3
    endloop
  endfacet
  facet normal -0.760402 0.649453 0
    outer loop
      vertex -8.89919 6.46564 0
      vertex -7.77817 7.77817 2.9
      vertex -7.77817 7.77817 0
    endloop
  endfacet
  facet normal -0.760402 0.649453 0
    outer loop
      vertex -7.77817 7.77817 2.9
      vertex -8.89919 6.46564 0
      vertex -8.89919 6.46564 2.9
    endloop
  endfacet
  facet normal -0.972363 -0.233472 0
    outer loop
      vertex -10.4616 -3.39919 0
      vertex -10.8646 -1.72078 3
      vertex -10.8646 -1.72078 0
    endloop
  endfacet
  facet normal -0.972363 -0.233472 0
    outer loop
      vertex -10.8646 -1.72078 3
      vertex -10.4616 -3.39919 0
      vertex -10.4616 -3.39919 3
    endloop
  endfacet
  facet normal 0.852643 -0.522495 0
    outer loop
      vertex 8.89919 -6.46564 3
      vertex 9.80107 -4.99389 0
      vertex 9.80107 -4.99389 3
    endloop
  endfacet
  facet normal 0.852643 -0.522495 0
    outer loop
      vertex 9.80107 -4.99389 0
      vertex 8.89919 -6.46564 3
      vertex 8.89919 -6.46564 0
    endloop
  endfacet
  facet normal -0.382675 0.923883 0
    outer loop
      vertex -3.39919 10.4616 0
      vertex -4.99389 9.80107 3
      vertex -3.39919 10.4616 3
    endloop
  endfacet
  facet normal -0.382675 0.923883 0
    outer loop
      vertex -4.99389 9.80107 3
      vertex -3.39919 10.4616 0
      vertex -4.99389 9.80107 0
    endloop
  endfacet
  facet normal 0.760402 -0.649453 0
    outer loop
      vertex 7.77817 -7.77817 3
      vertex 8.89919 -6.46564 0
      vertex 8.89919 -6.46564 3
    endloop
  endfacet
  facet normal 0.760402 -0.649453 0
    outer loop
      vertex 8.89919 -6.46564 0
      vertex 7.77817 -7.77817 3
      vertex 7.77817 -7.77817 0
    endloop
  endfacet
  facet normal 0.923883 -0.382675 0
    outer loop
      vertex 9.80107 -4.99389 3
      vertex 10.4616 -3.39919 0
      vertex 10.4616 -3.39919 3
    endloop
  endfacet
  facet normal 0.923883 -0.382675 0
    outer loop
      vertex 10.4616 -3.39919 0
      vertex 9.80107 -4.99389 3
      vertex 9.80107 -4.99389 0
    endloop
  endfacet
  facet normal -0.972363 0.233472 0
    outer loop
      vertex -10.8646 1.72078 0
      vertex -10.4616 3.39919 3
      vertex -10.4616 3.39919 0
    endloop
  endfacet
  facet normal -0.972363 0.233472 0
    outer loop
      vertex -10.4616 3.39919 3
      vertex -10.8646 1.72078 0
      vertex -10.8646 1.72078 3
    endloop
  endfacet
  facet normal -0.996919 0.0784428 0
    outer loop
      vertex -11 0 0
      vertex -10.8646 1.72078 3
      vertex -10.8646 1.72078 0
    endloop
  endfacet
  facet normal -0.996919 0.0784428 0
    outer loop
      vertex -10.8646 1.72078 3
      vertex -11 0 0
      vertex -11 0 3
    endloop
  endfacet
  facet normal -0.996919 -0.0784428 0
    outer loop
      vertex -10.8646 -1.72078 0
      vertex -11 0 3
      vertex -11 0 0
    endloop
  endfacet
  facet normal -0.996919 -0.0784428 0
    outer loop
      vertex -11 0 3
      vertex -10.8646 -1.72078 0
      vertex -10.8646 -1.72078 3
    endloop
  endfacet
  facet normal 0.233472 -0.972363 0
    outer loop
      vertex 1.72078 -10.8646 0
      vertex 3.39919 -10.4616 3
      vertex 1.72078 -10.8646 3
    endloop
  endfacet
  facet normal 0.233472 -0.972363 0
    outer loop
      vertex 3.39919 -10.4616 3
      vertex 1.72078 -10.8646 0
      vertex 3.39919 -10.4616 0
    endloop
  endfacet
  facet normal -0.852665 0.522458 0
    outer loop
      vertex -8.89919 6.46564 0
      vertex -8.93941 6.4 2.9
      vertex -8.89919 6.46564 2.9
    endloop
  endfacet
  facet normal -0.852643 0.522495 1.12236e-06
    outer loop
      vertex -9.80107 4.99389 0
      vertex -8.93941 6.4 2.9
      vertex -8.89919 6.46564 0
    endloop
  endfacet
  facet normal -0.852642 0.522496 0
    outer loop
      vertex -9.80107 4.99389 3
      vertex -8.93941 6.4 2.9
      vertex -9.80107 4.99389 0
    endloop
  endfacet
  facet normal -0.852642 0.522496 0
    outer loop
      vertex -8.93941 6.4 2.9
      vertex -9.80107 4.99389 3
      vertex -8.93941 6.4 3
    endloop
  endfacet
  facet normal -0.522495 -0.852643 0
    outer loop
      vertex -6.46564 -8.89919 0
      vertex -4.99389 -9.80107 3
      vertex -6.46564 -8.89919 3
    endloop
  endfacet
  facet normal -0.522495 -0.852643 -0
    outer loop
      vertex -4.99389 -9.80107 3
      vertex -6.46564 -8.89919 0
      vertex -4.99389 -9.80107 0
    endloop
  endfacet
  facet normal -0.0784428 -0.996919 0
    outer loop
      vertex -1.72078 -10.8646 0
      vertex 0 -11 3
      vertex -1.72078 -10.8646 3
    endloop
  endfacet
  facet normal -0.0784428 -0.996919 -0
    outer loop
      vertex 0 -11 3
      vertex -1.72078 -10.8646 0
      vertex 0 -11 0
    endloop
  endfacet
  facet normal -0.852642 -0.522496 0
    outer loop
      vertex -9.80107 -4.99389 0
      vertex -8.93941 -6.4 2.9
      vertex -9.80107 -4.99389 3
    endloop
  endfacet
  facet normal -0.852643 -0.522495 1.12236e-06
    outer loop
      vertex -8.89919 -6.46564 0
      vertex -8.93941 -6.4 2.9
      vertex -9.80107 -4.99389 0
    endloop
  endfacet
  facet normal -0.852665 -0.522458 0
    outer loop
      vertex -8.93941 -6.4 2.9
      vertex -8.89919 -6.46564 0
      vertex -8.89919 -6.46564 2.9
    endloop
  endfacet
  facet normal -0.852642 -0.522496 0
    outer loop
      vertex -9.80107 -4.99389 3
      vertex -8.93941 -6.4 2.9
      vertex -8.93941 -6.4 3
    endloop
  endfacet
  facet normal 0.852643 0.522495 0
    outer loop
      vertex 9.80107 4.99389 3
      vertex 8.89919 6.46564 0
      vertex 8.89919 6.46564 3
    endloop
  endfacet
  facet normal 0.852643 0.522495 0
    outer loop
      vertex 8.89919 6.46564 0
      vertex 9.80107 4.99389 3
      vertex 9.80107 4.99389 0
    endloop
  endfacet
  facet normal 0.382675 0.923883 -0
    outer loop
      vertex 4.99389 9.80107 0
      vertex 3.39919 10.4616 3
      vertex 4.99389 9.80107 3
    endloop
  endfacet
  facet normal 0.382675 0.923883 0
    outer loop
      vertex 3.39919 10.4616 3
      vertex 4.99389 9.80107 0
      vertex 3.39919 10.4616 0
    endloop
  endfacet
  facet normal 0.760402 0.649453 0
    outer loop
      vertex 8.89919 6.46564 3
      vertex 7.77817 7.77817 0
      vertex 7.77817 7.77817 3
    endloop
  endfacet
  facet normal 0.760402 0.649453 0
    outer loop
      vertex 7.77817 7.77817 0
      vertex 8.89919 6.46564 3
      vertex 8.89919 6.46564 0
    endloop
  endfacet
  facet normal -0.522495 0.852643 0
    outer loop
      vertex -4.99389 9.80107 0
      vertex -6.46564 8.89919 3
      vertex -4.99389 9.80107 3
    endloop
  endfacet
  facet normal -0.522495 0.852643 0
    outer loop
      vertex -6.46564 8.89919 3
      vertex -4.99389 9.80107 0
      vertex -6.46564 8.89919 0
    endloop
  endfacet
  facet normal 0.0784428 0.996919 -0
    outer loop
      vertex 1.72078 10.8646 0
      vertex 0 11 3
      vertex 1.72078 10.8646 3
    endloop
  endfacet
  facet normal 0.0784428 0.996919 0
    outer loop
      vertex 0 11 3
      vertex 1.72078 10.8646 0
      vertex 0 11 0
    endloop
  endfacet
  facet normal 0.996919 -0.0784428 0
    outer loop
      vertex 10.8646 -1.72078 3
      vertex 11 0 0
      vertex 11 0 3
    endloop
  endfacet
  facet normal 0.996919 -0.0784428 0
    outer loop
      vertex 11 0 0
      vertex 10.8646 -1.72078 3
      vertex 10.8646 -1.72078 0
    endloop
  endfacet
  facet normal -0.233472 0.972363 0
    outer loop
      vertex -1.72078 10.8646 0
      vertex -3.39919 10.4616 3
      vertex -1.72078 10.8646 3
    endloop
  endfacet
  facet normal -0.233472 0.972363 0
    outer loop
      vertex -3.39919 10.4616 3
      vertex -1.72078 10.8646 0
      vertex -3.39919 10.4616 0
    endloop
  endfacet
  facet normal -0.649455 0.7604 0
    outer loop
      vertex -6.46564 8.89919 3
      vertex -6.81594 8.6 2.9
      vertex -6.81594 8.6 3
    endloop
  endfacet
  facet normal -0.649455 0.7604 0
    outer loop
      vertex -6.46564 8.89919 0
      vertex -6.81594 8.6 2.9
      vertex -6.46564 8.89919 3
    endloop
  endfacet
  facet normal -0.649453 0.760402 5.08362e-07
    outer loop
      vertex -7.77817 7.77817 0
      vertex -6.81594 8.6 2.9
      vertex -6.46564 8.89919 0
    endloop
  endfacet
  facet normal -0.649452 0.760403 0
    outer loop
      vertex -6.81594 8.6 2.9
      vertex -7.77817 7.77817 0
      vertex -7.77817 7.77817 2.9
    endloop
  endfacet
  facet normal -0.0784428 0.996919 0
    outer loop
      vertex 0 11 0
      vertex -1.72078 10.8646 3
      vertex 0 11 3
    endloop
  endfacet
  facet normal -0.0784428 0.996919 0
    outer loop
      vertex -1.72078 10.8646 3
      vertex 0 11 0
      vertex -1.72078 10.8646 0
    endloop
  endfacet
  facet normal -0.923883 -0.382675 0
    outer loop
      vertex -9.80107 -4.99389 0
      vertex -10.4616 -3.39919 3
      vertex -10.4616 -3.39919 0
    endloop
  endfacet
  facet normal -0.923883 -0.382675 0
    outer loop
      vertex -10.4616 -3.39919 3
      vertex -9.80107 -4.99389 0
      vertex -9.80107 -4.99389 3
    endloop
  endfacet
  facet normal -0.649452 -0.760403 -0
    outer loop
      vertex -7.77817 -7.77817 2.9
      vertex -7.77817 -7.77817 0
      vertex -6.81594 -8.6 2.9
    endloop
  endfacet
  facet normal -0.649455 -0.7604 0
    outer loop
      vertex -6.81594 -8.6 2.9
      vertex -6.46564 -8.89919 3
      vertex -6.81594 -8.6 3
    endloop
  endfacet
  facet normal -0.649453 -0.760402 5.08362e-07
    outer loop
      vertex -6.46564 -8.89919 0
      vertex -6.81594 -8.6 2.9
      vertex -7.77817 -7.77817 0
    endloop
  endfacet
  facet normal -0.649455 -0.7604 0
    outer loop
      vertex -6.81594 -8.6 2.9
      vertex -6.46564 -8.89919 0
      vertex -6.46564 -8.89919 3
    endloop
  endfacet
  facet normal -0.382675 -0.923883 0
    outer loop
      vertex -4.99389 -9.80107 0
      vertex -3.39919 -10.4616 3
      vertex -4.99389 -9.80107 3
    endloop
  endfacet
  facet normal -0.382675 -0.923883 -0
    outer loop
      vertex -3.39919 -10.4616 3
      vertex -4.99389 -9.80107 0
      vertex -3.39919 -10.4616 0
    endloop
  endfacet
  facet normal 0.382675 -0.923883 0
    outer loop
      vertex 3.39919 -10.4616 0
      vertex 4.99389 -9.80107 3
      vertex 3.39919 -10.4616 3
    endloop
  endfacet
  facet normal 0.382675 -0.923883 0
    outer loop
      vertex 4.99389 -9.80107 3
      vertex 3.39919 -10.4616 0
      vertex 4.99389 -9.80107 0
    endloop
  endfacet
  facet normal 0.233472 0.972363 -0
    outer loop
      vertex 3.39919 10.4616 0
      vertex 1.72078 10.8646 3
      vertex 3.39919 10.4616 3
    endloop
  endfacet
  facet normal 0.233472 0.972363 0
    outer loop
      vertex 1.72078 10.8646 3
      vertex 3.39919 10.4616 0
      vertex 1.72078 10.8646 0
    endloop
  endfacet
  facet normal 0.522495 0.852643 -0
    outer loop
      vertex 6.46564 8.89919 0
      vertex 4.99389 9.80107 3
      vertex 6.46564 8.89919 3
    endloop
  endfacet
  facet normal 0.522495 0.852643 0
    outer loop
      vertex 4.99389 9.80107 3
      vertex 6.46564 8.89919 0
      vertex 4.99389 9.80107 0
    endloop
  endfacet
  facet normal -0.923883 0.382675 0
    outer loop
      vertex -10.4616 3.39919 0
      vertex -9.80107 4.99389 3
      vertex -9.80107 4.99389 0
    endloop
  endfacet
  facet normal -0.923883 0.382675 0
    outer loop
      vertex -9.80107 4.99389 3
      vertex -10.4616 3.39919 0
      vertex -10.4616 3.39919 3
    endloop
  endfacet
  facet normal 0.649453 0.760402 -0
    outer loop
      vertex 7.77817 7.77817 0
      vertex 6.46564 8.89919 3
      vertex 7.77817 7.77817 3
    endloop
  endfacet
  facet normal 0.649453 0.760402 0
    outer loop
      vertex 6.46564 8.89919 3
      vertex 7.77817 7.77817 0
      vertex 6.46564 8.89919 0
    endloop
  endfacet
  facet normal -0 0 -1
    outer loop
      vertex -2.65165 -2.65165 0
      vertex -5.15724 -4.96919 0
      vertex -3.03381 -2.20419 0
    endloop
  endfacet
  facet normal 0 0 -1
    outer loop
      vertex -3.75 0 0
      vertex -4.81732 5.52388 0
      vertex -4.80685 5.65685 0
    endloop
  endfacet
  facet normal 0 0 -1
    outer loop
      vertex -5.27096 -4.8995 0
      vertex -3.03381 -2.20419 0
      vertex -5.15724 -4.96919 0
    endloop
  endfacet
  facet normal 0 0 -1
    outer loop
      vertex -3.75 0 0
      vertex -4.84846 5.39419 0
      vertex -4.81732 5.52388 0
    endloop
  endfacet
  facet normal 0 0 -1
    outer loop
      vertex -5.39419 -4.84846 0
      vertex -3.03381 -2.20419 0
      vertex -5.27096 -4.8995 0
    endloop
  endfacet
  facet normal 0 0 -1
    outer loop
      vertex -3.75 0 0
      vertex -4.8995 5.27096 0
      vertex -4.84846 5.39419 0
    endloop
  endfacet
  facet normal -0 0 -1
    outer loop
      vertex -3.03381 -2.20419 0
      vertex -5.39419 -4.84846 0
      vertex -3.34127 -1.70246 0
    endloop
  endfacet
  facet normal 0 0 -1
    outer loop
      vertex -3.75 0 0
      vertex -4.96919 5.15724 0
      vertex -4.8995 5.27096 0
    endloop
  endfacet
  facet normal 0 0 -1
    outer loop
      vertex -5.52388 -4.81732 0
      vertex -3.34127 -1.70246 0
      vertex -5.39419 -4.84846 0
    endloop
  endfacet
  facet normal 0 0 -1
    outer loop
      vertex -3.75 0 0
      vertex -5.05581 5.05581 0
      vertex -4.96919 5.15724 0
    endloop
  endfacet
  facet normal 0 0 -1
    outer loop
      vertex -5.65685 -4.80685 0
      vertex -3.34127 -1.70246 0
      vertex -5.52388 -4.81732 0
    endloop
  endfacet
  facet normal 0 0 -1
    outer loop
      vertex -3.75 0 0
      vertex -5.15724 4.96919 0
      vertex -5.05581 5.05581 0
    endloop
  endfacet
  facet normal -0 0 -1
    outer loop
      vertex -3.34127 -1.70246 0
      vertex -5.65685 -4.80685 0
      vertex -3.56646 -1.15881 0
    endloop
  endfacet
  facet normal 0 0 -1
    outer loop
      vertex -3.75 0 0
      vertex -5.27096 4.8995 0
      vertex -5.15724 4.96919 0
    endloop
  endfacet
  facet normal 0 0 -1
    outer loop
      vertex -5.78982 -4.81732 0
      vertex -3.56646 -1.15881 0
      vertex -5.65685 -4.80685 0
    endloop
  endfacet
  facet normal 0 0 -1
    outer loop
      vertex -3.75 0 0
      vertex -5.39419 4.84846 0
      vertex -5.27096 4.8995 0
    endloop
  endfacet
  facet normal 0 0 -1
    outer loop
      vertex -5.91952 -4.84846 0
      vertex -3.56646 -1.15881 0
      vertex -5.78982 -4.81732 0
    endloop
  endfacet
  facet normal 0 0 -1
    outer loop
      vertex -3.75 0 0
      vertex -5.52388 4.81732 0
      vertex -5.39419 4.84846 0
    endloop
  endfacet
  facet normal -0 0 -1
    outer loop
      vertex -3.56646 -1.15881 0
      vertex -5.91952 -4.84846 0
      vertex -3.70383 -0.586629 0
    endloop
  endfacet
  facet normal 0 0 -1
    outer loop
      vertex -3.75 0 0
      vertex -5.65685 4.80685 0
      vertex -5.52388 4.81732 0
    endloop
  endfacet
  facet normal 0 0 -1
    outer loop
      vertex -10.8646 -1.72078 0
      vertex -3.70383 -0.586629 0
      vertex -5.91952 -4.84846 0
    endloop
  endfacet
  facet normal 0 0 -1
    outer loop
      vertex -3.75 0 0
      vertex -5.78982 4.81732 0
      vertex -5.65685 4.80685 0
    endloop
  endfacet
  facet normal -0 0 -1
    outer loop
      vertex -3.70383 -0.586629 0
      vertex -10.8646 -1.72078 0
      vertex -3.75 0 0
    endloop
  endfacet
  facet normal 0 -0 -1
    outer loop
      vertex -10.8646 1.72078 0
      vertex -3.75 0 0
      vertex -11 0 0
    endloop
  endfacet
  facet normal 0 0 -1
    outer loop
      vertex -10.8646 -1.72078 0
      vertex -5.91952 -4.84846 0
      vertex -6.04275 -4.8995 0
    endloop
  endfacet
  facet normal 0 -0 -1
    outer loop
      vertex -5.91952 4.84846 0
      vertex -3.75 0 0
      vertex -10.8646 1.72078 0
    endloop
  endfacet
  facet normal 0 0 -1
    outer loop
      vertex -10.4616 -3.39919 0
      vertex -6.04275 -4.8995 0
      vertex -6.15647 -4.96919 0
    endloop
  endfacet
  facet normal 0 0 -1
    outer loop
      vertex -3.75 0 0
      vertex -5.91952 4.84846 0
      vertex -5.78982 4.81732 0
    endloop
  endfacet
  facet normal 0 0 -1
    outer loop
      vertex -10.4616 -3.39919 0
      vertex -6.15647 -4.96919 0
      vertex -6.25789 -5.05581 0
    endloop
  endfacet
  facet normal -0 0 -1
    outer loop
      vertex -5.91952 4.84846 0
      vertex -10.8646 1.72078 0
      vertex -6.04275 4.8995 0
    endloop
  endfacet
  facet normal 0 0 -1
    outer loop
      vertex -9.80107 -4.99389 0
      vertex -6.25789 -5.05581 0
      vertex -6.34452 -5.15724 0
    endloop
  endfacet
  facet normal 0 -0 -1
    outer loop
      vertex -10.4616 3.39919 0
      vertex -6.04275 4.8995 0
      vertex -10.8646 1.72078 0
    endloop
  endfacet
  facet normal 0 0 -1
    outer loop
      vertex -9.80107 -4.99389 0
      vertex -6.34452 -5.15724 0
      vertex -6.41421 -5.27096 0
    endloop
  endfacet
  facet normal -0 0 -1
    outer loop
      vertex -6.04275 4.8995 0
      vertex -10.4616 3.39919 0
      vertex -6.15647 4.96919 0
    endloop
  endfacet
  facet normal 0 0 -1
    outer loop
      vertex -9.80107 -4.99389 0
      vertex -6.41421 -5.27096 0
      vertex -6.46525 -5.39419 0
    endloop
  endfacet
  facet normal -0 0 -1
    outer loop
      vertex -6.15647 4.96919 0
      vertex -10.4616 3.39919 0
      vertex -6.25789 5.05581 0
    endloop
  endfacet
  facet normal 0 0 -1
    outer loop
      vertex -8.89919 -6.46564 0
      vertex -6.46525 -5.39419 0
      vertex -6.49639 -5.52388 0
    endloop
  endfacet
  facet normal 0 -0 -1
    outer loop
      vertex -9.80107 4.99389 0
      vertex -6.25789 5.05581 0
      vertex -10.4616 3.39919 0
    endloop
  endfacet
  facet normal 0 0 -1
    outer loop
      vertex -8.89919 -6.46564 0
      vertex -6.49639 -5.52388 0
      vertex -6.50685 -5.65685 0
    endloop
  endfacet
  facet normal -0 0 -1
    outer loop
      vertex -6.25789 5.05581 0
      vertex -9.80107 4.99389 0
      vertex -6.34452 5.15724 0
    endloop
  endfacet
  facet normal 0 0 -1
    outer loop
      vertex 6.25789 -5.05581 0
      vertex 9.80107 -4.99389 0
      vertex 6.34452 -5.15724 0
    endloop
  endfacet
  facet normal 0 0 -1
    outer loop
      vertex 11 0 0
      vertex 6.49639 5.52388 0
      vertex 6.50685 5.65685 0
    endloop
  endfacet
  facet normal -0 0 -1
    outer loop
      vertex 9.80107 -4.99389 0
      vertex 6.25789 -5.05581 0
      vertex 10.4616 -3.39919 0
    endloop
  endfacet
  facet normal 0 0 -1
    outer loop
      vertex 11 0 0
      vertex 6.46525 5.39419 0
      vertex 6.49639 5.52388 0
    endloop
  endfacet
  facet normal 0 0 -1
    outer loop
      vertex 6.15647 -4.96919 0
      vertex 10.4616 -3.39919 0
      vertex 6.25789 -5.05581 0
    endloop
  endfacet
  facet normal 0 0 -1
    outer loop
      vertex 11 0 0
      vertex 6.41421 5.27096 0
      vertex 6.46525 5.39419 0
    endloop
  endfacet
  facet normal 0 0 -1
    outer loop
      vertex 6.04275 -4.8995 0
      vertex 10.4616 -3.39919 0
      vertex 6.15647 -4.96919 0
    endloop
  endfacet
  facet normal 0 0 -1
    outer loop
      vertex 11 0 0
      vertex 6.34452 5.15724 0
      vertex 6.41421 5.27096 0
    endloop
  endfacet
  facet normal -0 0 -1
    outer loop
      vertex 10.4616 -3.39919 0
      vertex 6.04275 -4.8995 0
      vertex 10.8646 -1.72078 0
    endloop
  endfacet
  facet normal 0 0 -1
    outer loop
      vertex 11 0 0
      vertex 6.25789 5.05581 0
      vertex 6.34452 5.15724 0
    endloop
  endfacet
  facet normal 0 0 -1
    outer loop
      vertex 5.91952 -4.84846 0
      vertex 10.8646 -1.72078 0
      vertex 6.04275 -4.8995 0
    endloop
  endfacet
  facet normal 0 0 -1
    outer loop
      vertex 11 0 0
      vertex 6.15647 4.96919 0
      vertex 6.25789 5.05581 0
    endloop
  endfacet
  facet normal 0 0 -1
    outer loop
      vertex 10.8646 -1.72078 0
      vertex 3.70383 -0.586629 0
      vertex 11 0 0
    endloop
  endfacet
  facet normal 0 0 -1
    outer loop
      vertex 3.70383 0.586629 0
      vertex 11 0 0
      vertex 3.75 0 0
    endloop
  endfacet
  facet normal -0 0 -1
    outer loop
      vertex 10.8646 -1.72078 0
      vertex 5.91952 -4.84846 0
      vertex 3.70383 -0.586629 0
    endloop
  endfacet
  facet normal 0 0 -1
    outer loop
      vertex 11 0 0
      vertex 6.04275 4.8995 0
      vertex 6.15647 4.96919 0
    endloop
  endfacet
  facet normal 0 0 -1
    outer loop
      vertex 3.56646 -1.15881 0
      vertex 5.91952 -4.84846 0
      vertex 5.78982 -4.81732 0
    endloop
  endfacet
  facet normal 0 0 -1
    outer loop
      vertex 11 0 0
      vertex 3.70383 0.586629 0
      vertex 6.04275 4.8995 0
    endloop
  endfacet
  facet normal 0 0 -1
    outer loop
      vertex 3.56646 -1.15881 0
      vertex 5.78982 -4.81732 0
      vertex 5.65685 -4.80685 0
    endloop
  endfacet
  facet normal 0 0 -1
    outer loop
      vertex 6.04275 4.8995 0
      vertex 3.70383 0.586629 0
      vertex 5.91952 4.84846 0
    endloop
  endfacet
  facet normal 0 0 -1
    outer loop
      vertex 3.34127 -1.70246 0
      vertex 5.65685 -4.80685 0
      vertex 5.52388 -4.81732 0
    endloop
  endfacet
  facet normal 0 0 -1
    outer loop
      vertex 3.56646 1.15881 0
      vertex 5.91952 4.84846 0
      vertex 3.70383 0.586629 0
    endloop
  endfacet
  facet normal 0 0 -1
    outer loop
      vertex 3.34127 -1.70246 0
      vertex 5.52388 -4.81732 0
      vertex 5.39419 -4.84846 0
    endloop
  endfacet
  facet normal 0 0 -1
    outer loop
      vertex 5.91952 4.84846 0
      vertex 3.56646 1.15881 0
      vertex 5.78982 4.81732 0
    endloop
  endfacet
  facet normal 0 0 -1
    outer loop
      vertex 3.03381 -2.20419 0
      vertex 5.39419 -4.84846 0
      vertex 5.27096 -4.8995 0
    endloop
  endfacet
  facet normal 0 0 -1
    outer loop
      vertex 5.78982 4.81732 0
      vertex 3.56646 1.15881 0
      vertex 5.65685 4.80685 0
    endloop
  endfacet
  facet normal 0 0 -1
    outer loop
      vertex 3.03381 -2.20419 0
      vertex 5.27096 -4.8995 0
      vertex 5.15724 -4.96919 0
    endloop
  endfacet
  facet normal 0 0 -1
    outer loop
      vertex 3.34127 1.70246 0
      vertex 5.65685 4.80685 0
      vertex 3.56646 1.15881 0
    endloop
  endfacet
  facet normal 0 0 -1
    outer loop
      vertex 2.65165 -2.65165 0
      vertex 5.15724 -4.96919 0
      vertex 5.05581 -5.05581 0
    endloop
  endfacet
  facet normal -0 0 -1
    outer loop
      vertex 5.65685 4.80685 0
      vertex 3.34127 1.70246 0
      vertex 5.52388 4.81732 0
    endloop
  endfacet
  facet normal 0 0 -1
    outer loop
      vertex 2.65165 -2.65165 0
      vertex 5.05581 -5.05581 0
      vertex 4.96919 -5.15724 0
    endloop
  endfacet
  facet normal -0 0 -1
    outer loop
      vertex 5.52388 4.81732 0
      vertex 3.34127 1.70246 0
      vertex 5.39419 4.84846 0
    endloop
  endfacet
  facet normal 0 0 -1
    outer loop
      vertex 2.20419 -3.03381 0
      vertex 4.96919 -5.15724 0
      vertex 4.8995 -5.27096 0
    endloop
  endfacet
  facet normal 0 0 -1
    outer loop
      vertex 3.03381 2.20419 0
      vertex 5.39419 4.84846 0
      vertex 3.34127 1.70246 0
    endloop
  endfacet
  facet normal 0 0 -1
    outer loop
      vertex 2.20419 -3.03381 0
      vertex 4.8995 -5.27096 0
      vertex 4.84846 -5.39419 0
    endloop
  endfacet
  facet normal -0 0 -1
    outer loop
      vertex 5.39419 4.84846 0
      vertex 3.03381 2.20419 0
      vertex 5.27096 4.8995 0
    endloop
  endfacet
  facet normal 0 0 -1
    outer loop
      vertex 1.70246 -3.34127 0
      vertex 4.84846 -5.39419 0
      vertex 4.81732 -5.52388 0
    endloop
  endfacet
  facet normal -0 0 -1
    outer loop
      vertex 5.27096 4.8995 0
      vertex 3.03381 2.20419 0
      vertex 5.15724 4.96919 0
    endloop
  endfacet
  facet normal 0 0 -1
    outer loop
      vertex 1.70246 -3.34127 0
      vertex 4.81732 -5.52388 0
      vertex 4.80685 -5.65685 0
    endloop
  endfacet
  facet normal 0 0 -1
    outer loop
      vertex 2.65165 2.65165 0
      vertex 5.15724 4.96919 0
      vertex 3.03381 2.20419 0
    endloop
  endfacet
  facet normal 0 0 -1
    outer loop
      vertex 6.41421 -5.27096 0
      vertex 9.80107 -4.99389 0
      vertex 6.46525 -5.39419 0
    endloop
  endfacet
  facet normal 0 0 -1
    outer loop
      vertex 8.89919 -6.46564 0
      vertex 6.46525 -5.39419 0
      vertex 9.80107 -4.99389 0
    endloop
  endfacet
  facet normal 0 0 -1
    outer loop
      vertex 6.34452 -5.15724 0
      vertex 9.80107 -4.99389 0
      vertex 6.41421 -5.27096 0
    endloop
  endfacet
  facet normal 0 0 -1
    outer loop
      vertex 6.46525 -5.39419 0
      vertex 8.89919 -6.46564 0
      vertex 6.49639 -5.52388 0
    endloop
  endfacet
  facet normal 0 0 -1
    outer loop
      vertex 11 0 0
      vertex 6.50685 5.65685 0
      vertex 10.8646 1.72078 0
    endloop
  endfacet
  facet normal 0 0 -1
    outer loop
      vertex 6.49639 -5.52388 0
      vertex 8.89919 -6.46564 0
      vertex 6.50685 -5.65685 0
    endloop
  endfacet
  facet normal 0 0 -1
    outer loop
      vertex 10.8646 1.72078 0
      vertex 6.50685 5.65685 0
      vertex 10.4616 3.39919 0
    endloop
  endfacet
  facet normal 0 0 -1
    outer loop
      vertex 6.41421 -6.04275 0
      vertex 8.89919 -6.46564 0
      vertex 7.77817 -7.77817 0
    endloop
  endfacet
  facet normal 0 0 -1
    outer loop
      vertex 10.4616 3.39919 0
      vertex 6.50685 5.65685 0
      vertex 9.80107 4.99389 0
    endloop
  endfacet
  facet normal 0 0 -1
    outer loop
      vertex 9.80107 4.99389 0
      vertex 6.50685 5.65685 0
      vertex 8.89919 6.46564 0
    endloop
  endfacet
  facet normal 0 0 -1
    outer loop
      vertex 8.89919 -6.46564 0
      vertex 6.49639 -5.78982 0
      vertex 6.50685 -5.65685 0
    endloop
  endfacet
  facet normal 0 0 -1
    outer loop
      vertex 6.04275 -6.41421 0
      vertex 7.77817 -7.77817 0
      vertex 6.46564 -8.89919 0
    endloop
  endfacet
  facet normal 0 0 -1
    outer loop
      vertex 8.89919 -6.46564 0
      vertex 6.46525 -5.91952 0
      vertex 6.49639 -5.78982 0
    endloop
  endfacet
  facet normal 0 0 -1
    outer loop
      vertex 8.89919 -6.46564 0
      vertex 6.41421 -6.04275 0
      vertex 6.46525 -5.91952 0
    endloop
  endfacet
  facet normal 0 0 -1
    outer loop
      vertex 7.77817 -7.77817 0
      vertex 6.34452 -6.15647 0
      vertex 6.41421 -6.04275 0
    endloop
  endfacet
  facet normal 0 0 -1
    outer loop
      vertex 7.77817 -7.77817 0
      vertex 6.25789 -6.25789 0
      vertex 6.34452 -6.15647 0
    endloop
  endfacet
  facet normal 0 0 -1
    outer loop
      vertex 7.77817 -7.77817 0
      vertex 6.15647 -6.34452 0
      vertex 6.25789 -6.25789 0
    endloop
  endfacet
  facet normal 0 0 -1
    outer loop
      vertex 7.77817 -7.77817 0
      vertex 6.04275 -6.41421 0
      vertex 6.15647 -6.34452 0
    endloop
  endfacet
  facet normal 0 0 -1
    outer loop
      vertex 6.46564 -8.89919 0
      vertex 5.91952 -6.46525 0
      vertex 6.04275 -6.41421 0
    endloop
  endfacet
  facet normal 0 0 -1
    outer loop
      vertex 6.46564 -8.89919 0
      vertex 5.78982 -6.49639 0
      vertex 5.91952 -6.46525 0
    endloop
  endfacet
  facet normal 0 0 -1
    outer loop
      vertex 6.46564 -8.89919 0
      vertex 5.65685 -6.50685 0
      vertex 5.78982 -6.49639 0
    endloop
  endfacet
  facet normal 0 0 -1
    outer loop
      vertex 6.46564 -8.89919 0
      vertex 5.52388 -6.49639 0
      vertex 5.65685 -6.50685 0
    endloop
  endfacet
  facet normal 0 0 -1
    outer loop
      vertex 6.46564 -8.89919 0
      vertex 5.39419 -6.46525 0
      vertex 5.52388 -6.49639 0
    endloop
  endfacet
  facet normal 0 0 -1
    outer loop
      vertex 4.99389 -9.80107 0
      vertex 5.39419 -6.46525 0
      vertex 6.46564 -8.89919 0
    endloop
  endfacet
  facet normal -0 0 -1
    outer loop
      vertex 5.39419 -6.46525 0
      vertex 4.99389 -9.80107 0
      vertex 5.27096 -6.41421 0
    endloop
  endfacet
  facet normal -0 0 -1
    outer loop
      vertex 5.27096 -6.41421 0
      vertex 4.99389 -9.80107 0
      vertex 5.15724 -6.34452 0
    endloop
  endfacet
  facet normal -0 0 -1
    outer loop
      vertex 5.15724 -6.34452 0
      vertex 4.99389 -9.80107 0
      vertex 5.05581 -6.25789 0
    endloop
  endfacet
  facet normal 0 0 -1
    outer loop
      vertex 3.39919 -10.4616 0
      vertex 5.05581 -6.25789 0
      vertex 4.99389 -9.80107 0
    endloop
  endfacet
  facet normal -0 0 -1
    outer loop
      vertex 5.05581 -6.25789 0
      vertex 3.39919 -10.4616 0
      vertex 4.96919 -6.15647 0
    endloop
  endfacet
  facet normal -0 0 -1
    outer loop
      vertex 4.96919 -6.15647 0
      vertex 3.39919 -10.4616 0
      vertex 4.8995 -6.04275 0
    endloop
  endfacet
  facet normal 0 0 -1
    outer loop
      vertex 1.72078 -10.8646 0
      vertex 4.8995 -6.04275 0
      vertex 3.39919 -10.4616 0
    endloop
  endfacet
  facet normal -0 0 -1
    outer loop
      vertex 4.8995 -6.04275 0
      vertex 1.72078 -10.8646 0
      vertex 4.84846 -5.91952 0
    endloop
  endfacet
  facet normal -0 0 -1
    outer loop
      vertex 5.15724 4.96919 0
      vertex 2.65165 2.65165 0
      vertex 5.05581 5.05581 0
    endloop
  endfacet
  facet normal 0 0 -1
    outer loop
      vertex 0.586629 -3.70383 0
      vertex 4.84846 -5.91952 0
      vertex 1.72078 -10.8646 0
    endloop
  endfacet
  facet normal -0 0 -1
    outer loop
      vertex 11 0 0
      vertex 3.70383 -0.586629 0
      vertex 3.75 0 0
    endloop
  endfacet
  facet normal 0 0 -1
    outer loop
      vertex 5.91952 -4.84846 0
      vertex 3.56646 -1.15881 0
      vertex 3.70383 -0.586629 0
    endloop
  endfacet
  facet normal 0 -0 -1
    outer loop
      vertex 1.15881 -3.56646 0
      vertex 4.84846 -5.91952 0
      vertex 0.586629 -3.70383 0
    endloop
  endfacet
  facet normal 0 0 -1
    outer loop
      vertex 5.65685 -4.80685 0
      vertex 3.34127 -1.70246 0
      vertex 3.56646 -1.15881 0
    endloop
  endfacet
  facet normal 0 0 -1
    outer loop
      vertex 5.39419 -4.84846 0
      vertex 3.03381 -2.20419 0
      vertex 3.34127 -1.70246 0
    endloop
  endfacet
  facet normal 0 0 -1
    outer loop
      vertex 5.15724 -4.96919 0
      vertex 2.65165 -2.65165 0
      vertex 3.03381 -2.20419 0
    endloop
  endfacet
  facet normal 0 0 -1
    outer loop
      vertex 4.96919 -5.15724 0
      vertex 2.20419 -3.03381 0
      vertex 2.65165 -2.65165 0
    endloop
  endfacet
  facet normal 0 0 -1
    outer loop
      vertex 4.84846 -5.91952 0
      vertex 1.15881 -3.56646 0
      vertex 4.81732 -5.78982 0
    endloop
  endfacet
  facet normal 0 0 -1
    outer loop
      vertex 4.84846 -5.39419 0
      vertex 1.70246 -3.34127 0
      vertex 2.20419 -3.03381 0
    endloop
  endfacet
  facet normal 0 0 -1
    outer loop
      vertex 4.80685 -5.65685 0
      vertex 1.15881 -3.56646 0
      vertex 1.70246 -3.34127 0
    endloop
  endfacet
  facet normal 0 0 -1
    outer loop
      vertex 4.81732 -5.78982 0
      vertex 1.15881 -3.56646 0
      vertex 4.80685 -5.65685 0
    endloop
  endfacet
  facet normal 0 0 -1
    outer loop
      vertex 0 -11 0
      vertex 0.586629 -3.70383 0
      vertex 1.72078 -10.8646 0
    endloop
  endfacet
  facet normal 0 0 -1
    outer loop
      vertex 0 -11 0
      vertex 0 -3.75 0
      vertex 0.586629 -3.70383 0
    endloop
  endfacet
  facet normal 0 0 -1
    outer loop
      vertex 0 -11 0
      vertex -0.586629 -3.70383 0
      vertex 0 -3.75 0
    endloop
  endfacet
  facet normal 0 0 -1
    outer loop
      vertex -1.72078 -10.8646 0
      vertex -0.586629 -3.70383 0
      vertex 0 -11 0
    endloop
  endfacet
  facet normal 0 0 -1
    outer loop
      vertex -4.84846 -5.91952 0
      vertex -0.586629 -3.70383 0
      vertex -1.72078 -10.8646 0
    endloop
  endfacet
  facet normal -0 0 -1
    outer loop
      vertex -0.586629 -3.70383 0
      vertex -4.84846 -5.91952 0
      vertex -1.15881 -3.56646 0
    endloop
  endfacet
  facet normal 0 -0 -1
    outer loop
      vertex -4.81732 -5.78982 0
      vertex -1.15881 -3.56646 0
      vertex -4.84846 -5.91952 0
    endloop
  endfacet
  facet normal 0 -0 -1
    outer loop
      vertex -4.80685 -5.65685 0
      vertex -1.15881 -3.56646 0
      vertex -4.81732 -5.78982 0
    endloop
  endfacet
  facet normal 0 0 -1
    outer loop
      vertex -4.81732 -5.52388 0
      vertex -1.70246 -3.34127 0
      vertex -4.80685 -5.65685 0
    endloop
  endfacet
  facet normal -0 0 -1
    outer loop
      vertex -1.70246 -3.34127 0
      vertex -4.84846 -5.39419 0
      vertex -2.20419 -3.03381 0
    endloop
  endfacet
  facet normal 0 0 -1
    outer loop
      vertex -4.8995 -6.04275 0
      vertex -1.72078 -10.8646 0
      vertex -3.39919 -10.4616 0
    endloop
  endfacet
  facet normal 0 0 -1
    outer loop
      vertex -4.8995 -5.27096 0
      vertex -2.20419 -3.03381 0
      vertex -4.84846 -5.39419 0
    endloop
  endfacet
  facet normal 0 0 -1
    outer loop
      vertex -4.96919 -5.15724 0
      vertex -2.20419 -3.03381 0
      vertex -4.8995 -5.27096 0
    endloop
  endfacet
  facet normal -0 0 -1
    outer loop
      vertex -2.20419 -3.03381 0
      vertex -4.96919 -5.15724 0
      vertex -2.65165 -2.65165 0
    endloop
  endfacet
  facet normal 0 0 -1
    outer loop
      vertex -5.05581 -5.05581 0
      vertex -2.65165 -2.65165 0
      vertex -4.96919 -5.15724 0
    endloop
  endfacet
  facet normal 0 0 -1
    outer loop
      vertex -4.84846 -5.39419 0
      vertex -1.70246 -3.34127 0
      vertex -4.81732 -5.52388 0
    endloop
  endfacet
  facet normal -0 0 -1
    outer loop
      vertex -1.15881 -3.56646 0
      vertex -4.80685 -5.65685 0
      vertex -1.70246 -3.34127 0
    endloop
  endfacet
  facet normal 0 0 -1
    outer loop
      vertex -1.72078 -10.8646 0
      vertex -4.8995 -6.04275 0
      vertex -4.84846 -5.91952 0
    endloop
  endfacet
  facet normal 0 0 -1
    outer loop
      vertex -3.39919 -10.4616 0
      vertex -4.96919 -6.15647 0
      vertex -4.8995 -6.04275 0
    endloop
  endfacet
  facet normal 0 0 -1
    outer loop
      vertex -5.05581 -6.25789 0
      vertex -3.39919 -10.4616 0
      vertex -4.99389 -9.80107 0
    endloop
  endfacet
  facet normal 0 0 -1
    outer loop
      vertex -3.39919 -10.4616 0
      vertex -5.05581 -6.25789 0
      vertex -4.96919 -6.15647 0
    endloop
  endfacet
  facet normal 0 0 -1
    outer loop
      vertex -4.99389 -9.80107 0
      vertex -5.15724 -6.34452 0
      vertex -5.05581 -6.25789 0
    endloop
  endfacet
  facet normal 0 0 -1
    outer loop
      vertex -4.99389 -9.80107 0
      vertex -5.27096 -6.41421 0
      vertex -5.15724 -6.34452 0
    endloop
  endfacet
  facet normal 0 0 -1
    outer loop
      vertex -4.99389 -9.80107 0
      vertex -5.39419 -6.46525 0
      vertex -5.27096 -6.41421 0
    endloop
  endfacet
  facet normal 0 0 -1
    outer loop
      vertex -6.46564 -8.89919 0
      vertex -5.39419 -6.46525 0
      vertex -4.99389 -9.80107 0
    endloop
  endfacet
  facet normal 0 0 -1
    outer loop
      vertex -5.39419 -6.46525 0
      vertex -6.46564 -8.89919 0
      vertex -5.52388 -6.49639 0
    endloop
  endfacet
  facet normal 0 0 -1
    outer loop
      vertex -5.52388 -6.49639 0
      vertex -6.46564 -8.89919 0
      vertex -5.65685 -6.50685 0
    endloop
  endfacet
  facet normal -0 0 -1
    outer loop
      vertex -5.65685 -6.50685 0
      vertex -6.46564 -8.89919 0
      vertex -5.78982 -6.49639 0
    endloop
  endfacet
  facet normal -0 0 -1
    outer loop
      vertex -5.78982 -6.49639 0
      vertex -6.46564 -8.89919 0
      vertex -5.91952 -6.46525 0
    endloop
  endfacet
  facet normal -0 0 -1
    outer loop
      vertex -5.91952 -6.46525 0
      vertex -6.46564 -8.89919 0
      vertex -6.04275 -6.41421 0
    endloop
  endfacet
  facet normal 0 0 -1
    outer loop
      vertex -7.77817 -7.77817 0
      vertex -6.04275 -6.41421 0
      vertex -6.46564 -8.89919 0
    endloop
  endfacet
  facet normal -0 0 -1
    outer loop
      vertex -6.04275 -6.41421 0
      vertex -7.77817 -7.77817 0
      vertex -6.15647 -6.34452 0
    endloop
  endfacet
  facet normal -0 0 -1
    outer loop
      vertex -6.15647 -6.34452 0
      vertex -7.77817 -7.77817 0
      vertex -6.25789 -6.25789 0
    endloop
  endfacet
  facet normal -0 0 -1
    outer loop
      vertex -6.25789 -6.25789 0
      vertex -7.77817 -7.77817 0
      vertex -6.34452 -6.15647 0
    endloop
  endfacet
  facet normal -0 0 -1
    outer loop
      vertex -6.34452 -6.15647 0
      vertex -7.77817 -7.77817 0
      vertex -6.41421 -6.04275 0
    endloop
  endfacet
  facet normal 0 0 -1
    outer loop
      vertex -8.89919 -6.46564 0
      vertex -6.41421 -6.04275 0
      vertex -7.77817 -7.77817 0
    endloop
  endfacet
  facet normal -0 0 -1
    outer loop
      vertex -6.41421 -6.04275 0
      vertex -8.89919 -6.46564 0
      vertex -6.46525 -5.91952 0
    endloop
  endfacet
  facet normal -0 0 -1
    outer loop
      vertex -6.49639 -5.78982 0
      vertex -8.89919 -6.46564 0
      vertex -6.50685 -5.65685 0
    endloop
  endfacet
  facet normal -0 0 -1
    outer loop
      vertex -6.46525 -5.91952 0
      vertex -8.89919 -6.46564 0
      vertex -6.49639 -5.78982 0
    endloop
  endfacet
  facet normal 0 0 -1
    outer loop
      vertex 6.49639 5.78982 0
      vertex 8.89919 6.46564 0
      vertex 6.50685 5.65685 0
    endloop
  endfacet
  facet normal 0 0 -1
    outer loop
      vertex 6.46525 5.91952 0
      vertex 8.89919 6.46564 0
      vertex 6.49639 5.78982 0
    endloop
  endfacet
  facet normal 0 0 -1
    outer loop
      vertex 6.41421 6.04275 0
      vertex 8.89919 6.46564 0
      vertex 6.46525 5.91952 0
    endloop
  endfacet
  facet normal -0 0 -1
    outer loop
      vertex 8.89919 6.46564 0
      vertex 6.41421 6.04275 0
      vertex 7.77817 7.77817 0
    endloop
  endfacet
  facet normal 0 0 -1
    outer loop
      vertex 6.34452 6.15647 0
      vertex 7.77817 7.77817 0
      vertex 6.41421 6.04275 0
    endloop
  endfacet
  facet normal 0 0 -1
    outer loop
      vertex 6.25789 6.25789 0
      vertex 7.77817 7.77817 0
      vertex 6.34452 6.15647 0
    endloop
  endfacet
  facet normal 0 0 -1
    outer loop
      vertex 6.15647 6.34452 0
      vertex 7.77817 7.77817 0
      vertex 6.25789 6.25789 0
    endloop
  endfacet
  facet normal 0 0 -1
    outer loop
      vertex 6.04275 6.41421 0
      vertex 7.77817 7.77817 0
      vertex 6.15647 6.34452 0
    endloop
  endfacet
  facet normal -0 0 -1
    outer loop
      vertex 7.77817 7.77817 0
      vertex 6.04275 6.41421 0
      vertex 6.46564 8.89919 0
    endloop
  endfacet
  facet normal 0 0 -1
    outer loop
      vertex 5.91952 6.46525 0
      vertex 6.46564 8.89919 0
      vertex 6.04275 6.41421 0
    endloop
  endfacet
  facet normal 0 0 -1
    outer loop
      vertex 5.78982 6.49639 0
      vertex 6.46564 8.89919 0
      vertex 5.91952 6.46525 0
    endloop
  endfacet
  facet normal 0 0 -1
    outer loop
      vertex 5.65685 6.50685 0
      vertex 6.46564 8.89919 0
      vertex 5.78982 6.49639 0
    endloop
  endfacet
  facet normal 0 0 -1
    outer loop
      vertex 5.52388 6.49639 0
      vertex 6.46564 8.89919 0
      vertex 5.65685 6.50685 0
    endloop
  endfacet
  facet normal 0 0 -1
    outer loop
      vertex 5.39419 6.46525 0
      vertex 6.46564 8.89919 0
      vertex 5.52388 6.49639 0
    endloop
  endfacet
  facet normal 0 0 -1
    outer loop
      vertex 4.99389 9.80107 0
      vertex 5.39419 6.46525 0
      vertex 5.27096 6.41421 0
    endloop
  endfacet
  facet normal 0 0 -1
    outer loop
      vertex 4.99389 9.80107 0
      vertex 5.27096 6.41421 0
      vertex 5.15724 6.34452 0
    endloop
  endfacet
  facet normal 0 0 -1
    outer loop
      vertex 4.99389 9.80107 0
      vertex 5.15724 6.34452 0
      vertex 5.05581 6.25789 0
    endloop
  endfacet
  facet normal 0 0 -1
    outer loop
      vertex 5.39419 6.46525 0
      vertex 4.99389 9.80107 0
      vertex 6.46564 8.89919 0
    endloop
  endfacet
  facet normal 0 0 -1
    outer loop
      vertex 3.39919 10.4616 0
      vertex 5.05581 6.25789 0
      vertex 4.96919 6.15647 0
    endloop
  endfacet
  facet normal 0 0 -1
    outer loop
      vertex 3.39919 10.4616 0
      vertex 4.96919 6.15647 0
      vertex 4.8995 6.04275 0
    endloop
  endfacet
  facet normal 0 0 -1
    outer loop
      vertex 1.72078 10.8646 0
      vertex 4.8995 6.04275 0
      vertex 4.84846 5.91952 0
    endloop
  endfacet
  facet normal 0 0 -1
    outer loop
      vertex 1.15881 3.56646 0
      vertex 4.84846 5.91952 0
      vertex 4.81732 5.78982 0
    endloop
  endfacet
  facet normal 0 0 -1
    outer loop
      vertex 1.15881 3.56646 0
      vertex 4.81732 5.78982 0
      vertex 4.80685 5.65685 0
    endloop
  endfacet
  facet normal -0 0 -1
    outer loop
      vertex 5.05581 5.05581 0
      vertex 2.65165 2.65165 0
      vertex 4.96919 5.15724 0
    endloop
  endfacet
  facet normal 0 0 -1
    outer loop
      vertex 2.20419 3.03381 0
      vertex 4.96919 5.15724 0
      vertex 2.65165 2.65165 0
    endloop
  endfacet
  facet normal -0 0 -1
    outer loop
      vertex 4.96919 5.15724 0
      vertex 2.20419 3.03381 0
      vertex 4.8995 5.27096 0
    endloop
  endfacet
  facet normal -0 0 -1
    outer loop
      vertex 4.8995 5.27096 0
      vertex 2.20419 3.03381 0
      vertex 4.84846 5.39419 0
    endloop
  endfacet
  facet normal 0 0 -1
    outer loop
      vertex 1.70246 3.34127 0
      vertex 4.84846 5.39419 0
      vertex 2.20419 3.03381 0
    endloop
  endfacet
  facet normal -0 0 -1
    outer loop
      vertex 4.84846 5.39419 0
      vertex 1.70246 3.34127 0
      vertex 4.81732 5.52388 0
    endloop
  endfacet
  facet normal -0 0 -1
    outer loop
      vertex 4.81732 5.52388 0
      vertex 1.70246 3.34127 0
      vertex 4.80685 5.65685 0
    endloop
  endfacet
  facet normal 0 0 -1
    outer loop
      vertex 1.15881 3.56646 0
      vertex 4.80685 5.65685 0
      vertex 1.70246 3.34127 0
    endloop
  endfacet
  facet normal 0 0 -1
    outer loop
      vertex 5.05581 6.25789 0
      vertex 3.39919 10.4616 0
      vertex 4.99389 9.80107 0
    endloop
  endfacet
  facet normal 0 0 -1
    outer loop
      vertex 4.84846 5.91952 0
      vertex 1.15881 3.56646 0
      vertex 0.586629 3.70383 0
    endloop
  endfacet
  facet normal 0 0 -1
    outer loop
      vertex 4.8995 6.04275 0
      vertex 1.72078 10.8646 0
      vertex 3.39919 10.4616 0
    endloop
  endfacet
  facet normal -0 0 -1
    outer loop
      vertex 4.84846 5.91952 0
      vertex 0.586629 3.70383 0
      vertex 1.72078 10.8646 0
    endloop
  endfacet
  facet normal 0 0 -1
    outer loop
      vertex 0 3.75 0
      vertex 1.72078 10.8646 0
      vertex 0.586629 3.70383 0
    endloop
  endfacet
  facet normal 0 0 -1
    outer loop
      vertex 0 3.75 0
      vertex 0 11 0
      vertex 1.72078 10.8646 0
    endloop
  endfacet
  facet normal 0 0 -1
    outer loop
      vertex -0.586629 3.70383 0
      vertex 0 11 0
      vertex 0 3.75 0
    endloop
  endfacet
  facet normal 0 0 -1
    outer loop
      vertex -4.84846 5.91952 0
      vertex -0.586629 3.70383 0
      vertex -1.15881 3.56646 0
    endloop
  endfacet
  facet normal 0 0 -1
    outer loop
      vertex -4.80685 5.65685 0
      vertex -1.15881 3.56646 0
      vertex -1.70246 3.34127 0
    endloop
  endfacet
  facet normal 0 0 -1
    outer loop
      vertex -0.586629 3.70383 0
      vertex -1.72078 10.8646 0
      vertex 0 11 0
    endloop
  endfacet
  facet normal 0 0 -1
    outer loop
      vertex -4.80685 5.65685 0
      vertex -1.70246 3.34127 0
      vertex -2.20419 3.03381 0
    endloop
  endfacet
  facet normal 0 0 -1
    outer loop
      vertex -4.80685 5.65685 0
      vertex -2.20419 3.03381 0
      vertex -2.65165 2.65165 0
    endloop
  endfacet
  facet normal 0 0 -1
    outer loop
      vertex -4.80685 5.65685 0
      vertex -2.65165 2.65165 0
      vertex -3.03381 2.20419 0
    endloop
  endfacet
  facet normal 0 0 -1
    outer loop
      vertex -4.80685 5.65685 0
      vertex -3.03381 2.20419 0
      vertex -3.34127 1.70246 0
    endloop
  endfacet
  facet normal 0 0 -1
    outer loop
      vertex -1.15881 3.56646 0
      vertex -4.80685 5.65685 0
      vertex -4.81732 5.78982 0
    endloop
  endfacet
  facet normal 0 0 -1
    outer loop
      vertex -4.80685 5.65685 0
      vertex -3.34127 1.70246 0
      vertex -3.56646 1.15881 0
    endloop
  endfacet
  facet normal 0 0 -1
    outer loop
      vertex -4.80685 5.65685 0
      vertex -3.56646 1.15881 0
      vertex -3.70383 0.586629 0
    endloop
  endfacet
  facet normal 0 0 -1
    outer loop
      vertex -4.80685 5.65685 0
      vertex -3.70383 0.586629 0
      vertex -3.75 0 0
    endloop
  endfacet
  facet normal 0 0 -1
    outer loop
      vertex -5.15724 -4.96919 0
      vertex -2.65165 -2.65165 0
      vertex -5.05581 -5.05581 0
    endloop
  endfacet
  facet normal 0 0 -1
    outer loop
      vertex -1.15881 3.56646 0
      vertex -4.81732 5.78982 0
      vertex -4.84846 5.91952 0
    endloop
  endfacet
  facet normal 0 0 -1
    outer loop
      vertex -0.586629 3.70383 0
      vertex -4.84846 5.91952 0
      vertex -1.72078 10.8646 0
    endloop
  endfacet
  facet normal 0 0 -1
    outer loop
      vertex -4.8995 6.04275 0
      vertex -1.72078 10.8646 0
      vertex -4.84846 5.91952 0
    endloop
  endfacet
  facet normal 0 0 -1
    outer loop
      vertex -1.72078 10.8646 0
      vertex -4.8995 6.04275 0
      vertex -3.39919 10.4616 0
    endloop
  endfacet
  facet normal 0 0 -1
    outer loop
      vertex -4.96919 6.15647 0
      vertex -3.39919 10.4616 0
      vertex -4.8995 6.04275 0
    endloop
  endfacet
  facet normal 0 0 -1
    outer loop
      vertex -5.05581 6.25789 0
      vertex -3.39919 10.4616 0
      vertex -4.96919 6.15647 0
    endloop
  endfacet
  facet normal 0 0 -1
    outer loop
      vertex -3.39919 10.4616 0
      vertex -5.05581 6.25789 0
      vertex -4.99389 9.80107 0
    endloop
  endfacet
  facet normal 0 0 -1
    outer loop
      vertex -5.15724 6.34452 0
      vertex -4.99389 9.80107 0
      vertex -5.05581 6.25789 0
    endloop
  endfacet
  facet normal 0 0 -1
    outer loop
      vertex -5.27096 6.41421 0
      vertex -4.99389 9.80107 0
      vertex -5.15724 6.34452 0
    endloop
  endfacet
  facet normal 0 0 -1
    outer loop
      vertex -5.39419 6.46525 0
      vertex -4.99389 9.80107 0
      vertex -5.27096 6.41421 0
    endloop
  endfacet
  facet normal 0 0 -1
    outer loop
      vertex -6.46564 8.89919 0
      vertex -5.39419 6.46525 0
      vertex -5.52388 6.49639 0
    endloop
  endfacet
  facet normal 0 0 -1
    outer loop
      vertex -6.46564 8.89919 0
      vertex -5.52388 6.49639 0
      vertex -5.65685 6.50685 0
    endloop
  endfacet
  facet normal 0 0 -1
    outer loop
      vertex -6.46564 8.89919 0
      vertex -5.65685 6.50685 0
      vertex -5.78982 6.49639 0
    endloop
  endfacet
  facet normal 0 0 -1
    outer loop
      vertex -6.46564 8.89919 0
      vertex -5.78982 6.49639 0
      vertex -5.91952 6.46525 0
    endloop
  endfacet
  facet normal 0 0 -1
    outer loop
      vertex -6.46564 8.89919 0
      vertex -5.91952 6.46525 0
      vertex -6.04275 6.41421 0
    endloop
  endfacet
  facet normal 0 0 -1
    outer loop
      vertex -7.77817 7.77817 0
      vertex -6.04275 6.41421 0
      vertex -6.15647 6.34452 0
    endloop
  endfacet
  facet normal 0 0 -1
    outer loop
      vertex -7.77817 7.77817 0
      vertex -6.15647 6.34452 0
      vertex -6.25789 6.25789 0
    endloop
  endfacet
  facet normal 0 0 -1
    outer loop
      vertex -7.77817 7.77817 0
      vertex -6.25789 6.25789 0
      vertex -6.34452 6.15647 0
    endloop
  endfacet
  facet normal 0 0 -1
    outer loop
      vertex -7.77817 7.77817 0
      vertex -6.34452 6.15647 0
      vertex -6.41421 6.04275 0
    endloop
  endfacet
  facet normal 0 0 -1
    outer loop
      vertex -8.89919 6.46564 0
      vertex -6.41421 6.04275 0
      vertex -6.46525 5.91952 0
    endloop
  endfacet
  facet normal 0 0 -1
    outer loop
      vertex -5.39419 6.46525 0
      vertex -6.46564 8.89919 0
      vertex -4.99389 9.80107 0
    endloop
  endfacet
  facet normal 0 0 -1
    outer loop
      vertex -8.89919 6.46564 0
      vertex -6.46525 5.91952 0
      vertex -6.49639 5.78982 0
    endloop
  endfacet
  facet normal 0 0 -1
    outer loop
      vertex -8.89919 6.46564 0
      vertex -6.49639 5.78982 0
      vertex -6.50685 5.65685 0
    endloop
  endfacet
  facet normal -0 0 -1
    outer loop
      vertex -6.46525 -5.39419 0
      vertex -8.89919 -6.46564 0
      vertex -9.80107 -4.99389 0
    endloop
  endfacet
  facet normal 0 0 -1
    outer loop
      vertex -6.04275 6.41421 0
      vertex -7.77817 7.77817 0
      vertex -6.46564 8.89919 0
    endloop
  endfacet
  facet normal 0 0 -1
    outer loop
      vertex -6.25789 -5.05581 0
      vertex -9.80107 -4.99389 0
      vertex -10.4616 -3.39919 0
    endloop
  endfacet
  facet normal 0 0 -1
    outer loop
      vertex -6.41421 6.04275 0
      vertex -8.89919 6.46564 0
      vertex -7.77817 7.77817 0
    endloop
  endfacet
  facet normal 0 0 -1
    outer loop
      vertex -6.04275 -4.8995 0
      vertex -10.4616 -3.39919 0
      vertex -10.8646 -1.72078 0
    endloop
  endfacet
  facet normal 0 0 -1
    outer loop
      vertex -6.49639 5.52388 0
      vertex -8.89919 6.46564 0
      vertex -6.50685 5.65685 0
    endloop
  endfacet
  facet normal -0 0 -1
    outer loop
      vertex -3.75 0 0
      vertex -10.8646 -1.72078 0
      vertex -11 0 0
    endloop
  endfacet
  facet normal 0 0 -1
    outer loop
      vertex -6.46525 5.39419 0
      vertex -8.89919 6.46564 0
      vertex -6.49639 5.52388 0
    endloop
  endfacet
  facet normal -0 0 -1
    outer loop
      vertex -6.34452 5.15724 0
      vertex -9.80107 4.99389 0
      vertex -6.41421 5.27096 0
    endloop
  endfacet
  facet normal 0 -0 -1
    outer loop
      vertex -8.89919 6.46564 0
      vertex -6.46525 5.39419 0
      vertex -9.80107 4.99389 0
    endloop
  endfacet
  facet normal -0 0 -1
    outer loop
      vertex -6.41421 5.27096 0
      vertex -9.80107 4.99389 0
      vertex -6.46525 5.39419 0
    endloop
  endfacet
  facet normal -0.760402 -0.649453 0
    outer loop
      vertex -7.77817 -7.77817 0
      vertex -8.89919 -6.46564 2.9
      vertex -8.89919 -6.46564 0
    endloop
  endfacet
  facet normal -0.760402 -0.649453 0
    outer loop
      vertex -8.89919 -6.46564 2.9
      vertex -7.77817 -7.77817 0
      vertex -7.77817 -7.77817 2.9
    endloop
  endfacet
  facet normal -0.233472 -0.972363 0
    outer loop
      vertex -3.39919 -10.4616 0
      vertex -1.72078 -10.8646 3
      vertex -3.39919 -10.4616 3
    endloop
  endfacet
  facet normal -0.233472 -0.972363 -0
    outer loop
      vertex -1.72078 -10.8646 3
      vertex -3.39919 -10.4616 0
      vertex -1.72078 -10.8646 0
    endloop
  endfacet
  facet normal 0.649453 -0.760402 0
    outer loop
      vertex 6.46564 -8.89919 0
      vertex 7.77817 -7.77817 3
      vertex 6.46564 -8.89919 3
    endloop
  endfacet
  facet normal 0.649453 -0.760402 0
    outer loop
      vertex 7.77817 -7.77817 3
      vertex 6.46564 -8.89919 0
      vertex 7.77817 -7.77817 0
    endloop
  endfacet
  facet normal 0.522495 -0.852643 0
    outer loop
      vertex 4.99389 -9.80107 0
      vertex 6.46564 -8.89919 3
      vertex 4.99389 -9.80107 3
    endloop
  endfacet
  facet normal 0.522495 -0.852643 0
    outer loop
      vertex 6.46564 -8.89919 3
      vertex 4.99389 -9.80107 0
      vertex 6.46564 -8.89919 0
    endloop
  endfacet
  facet normal 1 -0 0
    outer loop
      vertex -16.1 8.6 22
      vertex -16.1 11.2 18
      vertex -16.1 11.2 22
    endloop
  endfacet
  facet normal 1 0 0
    outer loop
      vertex -16.1 11.2 18
      vertex -16.1 8.6 22
      vertex -16.1 8.6 18
    endloop
  endfacet
  facet normal 1 -0 0
    outer loop
      vertex -16.1 0.839535 35.133
      vertex -16.1 6.4 32.8
      vertex -16.1 6.4 39.2
    endloop
  endfacet
  facet normal 1 0 0
    outer loop
      vertex -16.1 6.4 32.8
      vertex -16.1 0.839535 35.133
      vertex -16.1 0.849999 35
    endloop
  endfacet
  facet normal 1 0 0
    outer loop
      vertex -16.1 6.4 39.2
      vertex -16.1 0.808397 35.2627
      vertex -16.1 0.839535 35.133
    endloop
  endfacet
  facet normal 1 0 0
    outer loop
      vertex -16.1 6.4 39.2
      vertex -16.1 0.757355 35.3859
      vertex -16.1 0.808397 35.2627
    endloop
  endfacet
  facet normal 1 0 0
    outer loop
      vertex -16.1 6.4 39.2
      vertex -16.1 0.687664 35.4996
      vertex -16.1 0.757355 35.3859
    endloop
  endfacet
  facet normal 1 0 0
    outer loop
      vertex -16.1 6.4 39.2
      vertex -16.1 0.60104 35.601
      vertex -16.1 0.687664 35.4996
    endloop
  endfacet
  facet normal 1 0 0
    outer loop
      vertex -16.1 6.4 39.2
      vertex -16.1 0.499617 35.6877
      vertex -16.1 0.60104 35.601
    endloop
  endfacet
  facet normal 1 0 0
    outer loop
      vertex -16.1 6.4 39.2
      vertex -16.1 0.385892 35.7574
      vertex -16.1 0.499617 35.6877
    endloop
  endfacet
  facet normal 1 0 0
    outer loop
      vertex -16.1 6.4 39.2
      vertex -16.1 0.262664 35.8084
      vertex -16.1 0.385892 35.7574
    endloop
  endfacet
  facet normal 1 0 0
    outer loop
      vertex -16.1 6.4 39.2
      vertex -16.1 0.132969 35.8395
      vertex -16.1 0.262664 35.8084
    endloop
  endfacet
  facet normal 1 0 0
    outer loop
      vertex -16.1 6.4 39.2
      vertex -16.1 0 35.85
      vertex -16.1 0.132969 35.8395
    endloop
  endfacet
  facet normal 1 -0 0
    outer loop
      vertex -16.1 -6.4 39.2
      vertex -16.1 0 35.85
      vertex -16.1 6.4 39.2
    endloop
  endfacet
  facet normal 1 0 0
    outer loop
      vertex -16.1 0 35.85
      vertex -16.1 -6.4 39.2
      vertex -16.1 -0.132969 35.8395
    endloop
  endfacet
  facet normal 1 0 0
    outer loop
      vertex -16.1 -0.132969 35.8395
      vertex -16.1 -6.4 39.2
      vertex -16.1 -0.262664 35.8084
    endloop
  endfacet
  facet normal 1 0 0
    outer loop
      vertex -16.1 -6.4 32.8
      vertex -16.1 -0.839535 35.133
      vertex -16.1 -6.4 39.2
    endloop
  endfacet
  facet normal 1 0 0
    outer loop
      vertex -16.1 -0.808397 35.2627
      vertex -16.1 -6.4 39.2
      vertex -16.1 -0.839535 35.133
    endloop
  endfacet
  facet normal 1 0 0
    outer loop
      vertex -16.1 -0.757355 35.3859
      vertex -16.1 -6.4 39.2
      vertex -16.1 -0.808397 35.2627
    endloop
  endfacet
  facet normal 1 0 0
    outer loop
      vertex -16.1 -0.687664 35.4996
      vertex -16.1 -6.4 39.2
      vertex -16.1 -0.757355 35.3859
    endloop
  endfacet
  facet normal 1 0 0
    outer loop
      vertex -16.1 -0.60104 35.601
      vertex -16.1 -6.4 39.2
      vertex -16.1 -0.687664 35.4996
    endloop
  endfacet
  facet normal 1 0 0
    outer loop
      vertex -16.1 -0.499617 35.6877
      vertex -16.1 -6.4 39.2
      vertex -16.1 -0.60104 35.601
    endloop
  endfacet
  facet normal 1 0 0
    outer loop
      vertex -16.1 -0.385892 35.7574
      vertex -16.1 -6.4 39.2
      vertex -16.1 -0.499617 35.6877
    endloop
  endfacet
  facet normal 1 0 0
    outer loop
      vertex -16.1 -0.262664 35.8084
      vertex -16.1 -6.4 39.2
      vertex -16.1 -0.385892 35.7574
    endloop
  endfacet
  facet normal 1 -0 0
    outer loop
      vertex -16.1 0.839535 34.867
      vertex -16.1 6.4 32.8
      vertex -16.1 0.849999 35
    endloop
  endfacet
  facet normal 1 -0 0
    outer loop
      vertex -16.1 0.808397 34.7373
      vertex -16.1 6.4 32.8
      vertex -16.1 0.839535 34.867
    endloop
  endfacet
  facet normal 1 -0 0
    outer loop
      vertex -16.1 0.757355 34.6141
      vertex -16.1 6.4 32.8
      vertex -16.1 0.808397 34.7373
    endloop
  endfacet
  facet normal 1 -0 0
    outer loop
      vertex -16.1 0.687664 34.5004
      vertex -16.1 6.4 32.8
      vertex -16.1 0.757355 34.6141
    endloop
  endfacet
  facet normal 1 -0 0
    outer loop
      vertex -16.1 0.60104 34.399
      vertex -16.1 6.4 32.8
      vertex -16.1 0.687664 34.5004
    endloop
  endfacet
  facet normal 1 -0 0
    outer loop
      vertex -16.1 0.499617 34.3123
      vertex -16.1 6.4 32.8
      vertex -16.1 0.60104 34.399
    endloop
  endfacet
  facet normal 1 -0 0
    outer loop
      vertex -16.1 0.385892 34.2426
      vertex -16.1 6.4 32.8
      vertex -16.1 0.499617 34.3123
    endloop
  endfacet
  facet normal 1 -0 0
    outer loop
      vertex -16.1 0.262664 34.1916
      vertex -16.1 6.4 32.8
      vertex -16.1 0.385892 34.2426
    endloop
  endfacet
  facet normal 1 -0 0
    outer loop
      vertex -16.1 0.132969 34.1605
      vertex -16.1 6.4 32.8
      vertex -16.1 0.262664 34.1916
    endloop
  endfacet
  facet normal 1 -0 0
    outer loop
      vertex -16.1 0 34.15
      vertex -16.1 6.4 32.8
      vertex -16.1 0.132969 34.1605
    endloop
  endfacet
  facet normal 1 0 0
    outer loop
      vertex -16.1 -6.4 32.8
      vertex -16.1 0 34.15
      vertex -16.1 -0.132969 34.1605
    endloop
  endfacet
  facet normal 1 0 0
    outer loop
      vertex -16.1 -0.839535 35.133
      vertex -16.1 -6.4 32.8
      vertex -16.1 -0.849999 35
    endloop
  endfacet
  facet normal 1 0 0
    outer loop
      vertex -16.1 -0.849999 35
      vertex -16.1 -6.4 32.8
      vertex -16.1 -0.839535 34.867
    endloop
  endfacet
  facet normal 1 0 0
    outer loop
      vertex -16.1 -0.839535 34.867
      vertex -16.1 -6.4 32.8
      vertex -16.1 -0.808397 34.7373
    endloop
  endfacet
  facet normal 1 0 0
    outer loop
      vertex -16.1 -0.808397 34.7373
      vertex -16.1 -6.4 32.8
      vertex -16.1 -0.757355 34.6141
    endloop
  endfacet
  facet normal 1 0 0
    outer loop
      vertex -16.1 -0.757355 34.6141
      vertex -16.1 -6.4 32.8
      vertex -16.1 -0.687664 34.5004
    endloop
  endfacet
  facet normal 1 0 0
    outer loop
      vertex -16.1 -0.687664 34.5004
      vertex -16.1 -6.4 32.8
      vertex -16.1 -0.60104 34.399
    endloop
  endfacet
  facet normal 1 0 0
    outer loop
      vertex -16.1 0 34.15
      vertex -16.1 -6.4 32.8
      vertex -16.1 6.4 32.8
    endloop
  endfacet
  facet normal 1 0 0
    outer loop
      vertex -16.1 -0.262664 34.1916
      vertex -16.1 -6.4 32.8
      vertex -16.1 -0.132969 34.1605
    endloop
  endfacet
  facet normal 1 0 0
    outer loop
      vertex -16.1 -0.385892 34.2426
      vertex -16.1 -6.4 32.8
      vertex -16.1 -0.262664 34.1916
    endloop
  endfacet
  facet normal 1 0 0
    outer loop
      vertex -16.1 -0.499617 34.3123
      vertex -16.1 -6.4 32.8
      vertex -16.1 -0.385892 34.2426
    endloop
  endfacet
  facet normal 1 0 0
    outer loop
      vertex -16.1 -0.60104 34.399
      vertex -16.1 -6.4 32.8
      vertex -16.1 -0.499617 34.3123
    endloop
  endfacet
  facet normal 1 0 0
    outer loop
      vertex -16.1 0.839535 7.06703
      vertex -16.1 6.4 9.4
      vertex -16.1 0.849999 7.2
    endloop
  endfacet
  facet normal 1 0 0
    outer loop
      vertex -16.1 6.4 9.4
      vertex -16.1 0.839535 7.33297
      vertex -16.1 0.849999 7.2
    endloop
  endfacet
  facet normal 1 0 0
    outer loop
      vertex -16.1 6.4 9.4
      vertex -16.1 0.808397 7.46266
      vertex -16.1 0.839535 7.33297
    endloop
  endfacet
  facet normal 1 0 0
    outer loop
      vertex -16.1 6.4 9.4
      vertex -16.1 0.757355 7.58589
      vertex -16.1 0.808397 7.46266
    endloop
  endfacet
  facet normal 1 0 0
    outer loop
      vertex -16.1 6.4 9.4
      vertex -16.1 0.687664 7.69962
      vertex -16.1 0.757355 7.58589
    endloop
  endfacet
  facet normal 1 0 0
    outer loop
      vertex -16.1 6.4 9.4
      vertex -16.1 0.60104 7.80104
      vertex -16.1 0.687664 7.69962
    endloop
  endfacet
  facet normal 1 0 0
    outer loop
      vertex -16.1 6.4 9.4
      vertex -16.1 0.499617 7.88766
      vertex -16.1 0.60104 7.80104
    endloop
  endfacet
  facet normal 1 0 0
    outer loop
      vertex -16.1 6.4 9.4
      vertex -16.1 0.385892 7.95736
      vertex -16.1 0.499617 7.88766
    endloop
  endfacet
  facet normal 1 0 0
    outer loop
      vertex -16.1 6.4 9.4
      vertex -16.1 0.262664 8.0084
      vertex -16.1 0.385892 7.95736
    endloop
  endfacet
  facet normal 1 0 0
    outer loop
      vertex -16.1 6.4 9.4
      vertex -16.1 0.132969 8.03953
      vertex -16.1 0.262664 8.0084
    endloop
  endfacet
  facet normal 1 0 0
    outer loop
      vertex -16.1 6.4 9.4
      vertex -16.1 0 8.05
      vertex -16.1 0.132969 8.03953
    endloop
  endfacet
  facet normal 1 -0 0
    outer loop
      vertex -16.1 -6.4 9.4
      vertex -16.1 0 8.05
      vertex -16.1 6.4 9.4
    endloop
  endfacet
  facet normal 1 0 0
    outer loop
      vertex -16.1 -0.839535 7.33297
      vertex -16.1 -6.4 9.4
      vertex -16.1 -0.849999 7.2
    endloop
  endfacet
  facet normal 1 0 0
    outer loop
      vertex -16.1 -0.808397 7.46266
      vertex -16.1 -6.4 9.4
      vertex -16.1 -0.839535 7.33297
    endloop
  endfacet
  facet normal 1 0 0
    outer loop
      vertex -16.1 -0.757355 7.58589
      vertex -16.1 -6.4 9.4
      vertex -16.1 -0.808397 7.46266
    endloop
  endfacet
  facet normal 1 0 0
    outer loop
      vertex -16.1 -0.687664 7.69962
      vertex -16.1 -6.4 9.4
      vertex -16.1 -0.757355 7.58589
    endloop
  endfacet
  facet normal 1 0 0
    outer loop
      vertex -16.1 -0.60104 7.80104
      vertex -16.1 -6.4 9.4
      vertex -16.1 -0.687664 7.69962
    endloop
  endfacet
  facet normal 1 0 0
    outer loop
      vertex -16.1 -0.499617 7.88766
      vertex -16.1 -6.4 9.4
      vertex -16.1 -0.60104 7.80104
    endloop
  endfacet
  facet normal 1 0 0
    outer loop
      vertex -16.1 -0.385892 7.95736
      vertex -16.1 -6.4 9.4
      vertex -16.1 -0.499617 7.88766
    endloop
  endfacet
  facet normal 1 0 0
    outer loop
      vertex -16.1 -0.262664 8.0084
      vertex -16.1 -6.4 9.4
      vertex -16.1 -0.385892 7.95736
    endloop
  endfacet
  facet normal 1 0 0
    outer loop
      vertex -16.1 -0.132969 8.03953
      vertex -16.1 -6.4 9.4
      vertex -16.1 -0.262664 8.0084
    endloop
  endfacet
  facet normal 1 0 0
    outer loop
      vertex -16.1 0 8.05
      vertex -16.1 -6.4 9.4
      vertex -16.1 -0.132969 8.03953
    endloop
  endfacet
  facet normal 1 0 0
    outer loop
      vertex -16.1 6.4 9.4
      vertex -16.1 0.839535 7.06703
      vertex -16.1 6.4 3
    endloop
  endfacet
  facet normal 1 -0 0
    outer loop
      vertex -16.1 0.808397 6.93734
      vertex -16.1 6.4 3
      vertex -16.1 0.839535 7.06703
    endloop
  endfacet
  facet normal 1 -0 0
    outer loop
      vertex -16.1 0.757355 6.81411
      vertex -16.1 6.4 3
      vertex -16.1 0.808397 6.93734
    endloop
  endfacet
  facet normal 1 -0 0
    outer loop
      vertex -16.1 0.687664 6.70038
      vertex -16.1 6.4 3
      vertex -16.1 0.757355 6.81411
    endloop
  endfacet
  facet normal 1 -0 0
    outer loop
      vertex -16.1 0.60104 6.59896
      vertex -16.1 6.4 3
      vertex -16.1 0.687664 6.70038
    endloop
  endfacet
  facet normal 1 -0 0
    outer loop
      vertex -16.1 0.499617 6.51233
      vertex -16.1 6.4 3
      vertex -16.1 0.60104 6.59896
    endloop
  endfacet
  facet normal 1 -0 0
    outer loop
      vertex -16.1 0.385892 6.44264
      vertex -16.1 6.4 3
      vertex -16.1 0.499617 6.51233
    endloop
  endfacet
  facet normal 1 -0 0
    outer loop
      vertex -16.1 0.262664 6.3916
      vertex -16.1 6.4 3
      vertex -16.1 0.385892 6.44264
    endloop
  endfacet
  facet normal 1 -0 0
    outer loop
      vertex -16.1 0.132969 6.36046
      vertex -16.1 6.4 3
      vertex -16.1 0.262664 6.3916
    endloop
  endfacet
  facet normal 1 -0 0
    outer loop
      vertex -16.1 0 6.35
      vertex -16.1 6.4 3
      vertex -16.1 0.132969 6.36046
    endloop
  endfacet
  facet normal 1 0 0
    outer loop
      vertex -16.1 -6.4 3
      vertex -16.1 0 6.35
      vertex -16.1 -0.132969 6.36046
    endloop
  endfacet
  facet normal 1 0 0
    outer loop
      vertex -16.1 -6.4 3
      vertex -16.1 -0.132969 6.36046
      vertex -16.1 -0.262664 6.3916
    endloop
  endfacet
  facet normal 1 0 0
    outer loop
      vertex -16.1 -6.4 3
      vertex -16.1 -0.262664 6.3916
      vertex -16.1 -0.385892 6.44264
    endloop
  endfacet
  facet normal 1 0 0
    outer loop
      vertex -16.1 -6.4 9.4
      vertex -16.1 -0.839535 7.06703
      vertex -16.1 -0.849999 7.2
    endloop
  endfacet
  facet normal 1 0 0
    outer loop
      vertex -16.1 -6.4 3
      vertex -16.1 -0.839535 7.06703
      vertex -16.1 -6.4 9.4
    endloop
  endfacet
  facet normal 1 0 0
    outer loop
      vertex -16.1 -0.839535 7.06703
      vertex -16.1 -6.4 3
      vertex -16.1 -0.808397 6.93734
    endloop
  endfacet
  facet normal 1 0 0
    outer loop
      vertex -16.1 -0.808397 6.93734
      vertex -16.1 -6.4 3
      vertex -16.1 -0.757355 6.81411
    endloop
  endfacet
  facet normal 1 0 0
    outer loop
      vertex -16.1 -0.757355 6.81411
      vertex -16.1 -6.4 3
      vertex -16.1 -0.687664 6.70038
    endloop
  endfacet
  facet normal 1 0 0
    outer loop
      vertex -16.1 -0.687664 6.70038
      vertex -16.1 -6.4 3
      vertex -16.1 -0.60104 6.59896
    endloop
  endfacet
  facet normal 1 0 0
    outer loop
      vertex -16.1 -0.60104 6.59896
      vertex -16.1 -6.4 3
      vertex -16.1 -0.499617 6.51233
    endloop
  endfacet
  facet normal 1 0 0
    outer loop
      vertex -16.1 -0.499617 6.51233
      vertex -16.1 -6.4 3
      vertex -16.1 -0.385892 6.44264
    endloop
  endfacet
  facet normal 1 0 0
    outer loop
      vertex -16.1 0 6.35
      vertex -16.1 -6.4 3
      vertex -16.1 6.4 3
    endloop
  endfacet
  facet normal 0 0 -1
    outer loop
      vertex -20.1 -6.4 3
      vertex -16.1 6.4 3
      vertex -16.1 -6.4 3
    endloop
  endfacet
  facet normal -0 0 -1
    outer loop
      vertex -16.1 6.4 3
      vertex -20.1 -6.4 3
      vertex -20.1 6.4 3
    endloop
  endfacet
  facet normal 0 0 1
    outer loop
      vertex -16.1 11.2 22
      vertex -20.1 8.6 22
      vertex -16.1 8.6 22
    endloop
  endfacet
  facet normal -0 0 1
    outer loop
      vertex -52.8 11.2 22
      vertex -20.1 8.6 22
      vertex -16.1 11.2 22
    endloop
  endfacet
  facet normal 0 0 1
    outer loop
      vertex -52.8 7.2 22
      vertex -20.1 8.6 22
      vertex -52.8 11.2 22
    endloop
  endfacet
  facet normal 0 0 1
    outer loop
      vertex -20.1 8.6 22
      vertex -52.8 7.2 22
      vertex -20.1 7.2 22
    endloop
  endfacet
  facet normal 0 0 -1
    outer loop
      vertex -52.8 -12.7 18
      vertex -57.2 -12.7 18
      vertex -52.8 7.2 18
    endloop
  endfacet
  facet normal 0 0 -1
    outer loop
      vertex -20.1 7.2 18
      vertex -52.8 7.2 18
      vertex -20.1 8.6 18
    endloop
  endfacet
  facet normal 0 0 -1
    outer loop
      vertex -20.1 8.6 18
      vertex -16.1 11.2 18
      vertex -16.1 8.6 18
    endloop
  endfacet
  facet normal 0 0 -1
    outer loop
      vertex -57.2 11.2 18
      vertex -20.1 8.6 18
      vertex -52.8 7.2 18
    endloop
  endfacet
  facet normal 0 0 -1
    outer loop
      vertex -20.1 8.6 18
      vertex -57.2 11.2 18
      vertex -16.1 11.2 18
    endloop
  endfacet
  facet normal 0 0 -1
    outer loop
      vertex -57.2 11.2 18
      vertex -52.8 7.2 18
      vertex -57.2 -12.7 18
    endloop
  endfacet
  facet normal -1 0 0
    outer loop
      vertex -57.2 11.2 18
      vertex -57.2 -7.15 24
      vertex -57.2 11.2 28.2
    endloop
  endfacet
  facet normal -1 0 0
    outer loop
      vertex -57.2 11.2 18
      vertex -57.2 -7.16046 23.867
      vertex -57.2 -7.15 24
    endloop
  endfacet
  facet normal -1 0 0
    outer loop
      vertex -57.2 11.2 18
      vertex -57.2 -7.1916 23.7373
      vertex -57.2 -7.16046 23.867
    endloop
  endfacet
  facet normal -1 0 0
    outer loop
      vertex -57.2 11.2 18
      vertex -57.2 -7.24264 23.6141
      vertex -57.2 -7.1916 23.7373
    endloop
  endfacet
  facet normal -1 0 0
    outer loop
      vertex -57.2 11.2 18
      vertex -57.2 -7.31234 23.5004
      vertex -57.2 -7.24264 23.6141
    endloop
  endfacet
  facet normal -1 0 0
    outer loop
      vertex -57.2 11.2 18
      vertex -57.2 -7.39896 23.399
      vertex -57.2 -7.31234 23.5004
    endloop
  endfacet
  facet normal -1 0 0
    outer loop
      vertex -57.2 11.2 18
      vertex -57.2 -7.50038 23.3123
      vertex -57.2 -7.39896 23.399
    endloop
  endfacet
  facet normal -1 0 0
    outer loop
      vertex -57.2 11.2 18
      vertex -57.2 -7.61411 23.2426
      vertex -57.2 -7.50038 23.3123
    endloop
  endfacet
  facet normal -1 0 0
    outer loop
      vertex -57.2 -12.7 18
      vertex -57.2 -7.61411 23.2426
      vertex -57.2 11.2 18
    endloop
  endfacet
  facet normal -1 0 0
    outer loop
      vertex -57.2 -7.61411 23.2426
      vertex -57.2 -12.7 18
      vertex -57.2 -7.73734 23.1916
    endloop
  endfacet
  facet normal -1 0 0
    outer loop
      vertex -57.2 -7.73734 23.1916
      vertex -57.2 -12.7 18
      vertex -57.2 -7.86703 23.1605
    endloop
  endfacet
  facet normal -1 0 0
    outer loop
      vertex -57.2 -7.86703 23.1605
      vertex -57.2 -12.7 18
      vertex -57.2 -8 23.15
    endloop
  endfacet
  facet normal -1 -0 0
    outer loop
      vertex -57.2 -8 23.15
      vertex -57.2 -12.7 18
      vertex -57.2 -8.13297 23.1605
    endloop
  endfacet
  facet normal -1 0 0
    outer loop
      vertex -57.2 -12.7 28.2
      vertex -57.2 -8.83953 23.867
      vertex -57.2 -12.7 18
    endloop
  endfacet
  facet normal -1 -0 0
    outer loop
      vertex -57.2 -8.8084 23.7373
      vertex -57.2 -12.7 18
      vertex -57.2 -8.83953 23.867
    endloop
  endfacet
  facet normal -1 -0 0
    outer loop
      vertex -57.2 -8.75735 23.6141
      vertex -57.2 -12.7 18
      vertex -57.2 -8.8084 23.7373
    endloop
  endfacet
  facet normal -1 -0 0
    outer loop
      vertex -57.2 -8.68766 23.5004
      vertex -57.2 -12.7 18
      vertex -57.2 -8.75735 23.6141
    endloop
  endfacet
  facet normal -1 -0 0
    outer loop
      vertex -57.2 -8.60104 23.399
      vertex -57.2 -12.7 18
      vertex -57.2 -8.68766 23.5004
    endloop
  endfacet
  facet normal -1 -0 0
    outer loop
      vertex -57.2 -8.49962 23.3123
      vertex -57.2 -12.7 18
      vertex -57.2 -8.60104 23.399
    endloop
  endfacet
  facet normal -1 -0 0
    outer loop
      vertex -57.2 -8.38589 23.2426
      vertex -57.2 -12.7 18
      vertex -57.2 -8.49962 23.3123
    endloop
  endfacet
  facet normal -1 -0 0
    outer loop
      vertex -57.2 -8.26266 23.1916
      vertex -57.2 -12.7 18
      vertex -57.2 -8.38589 23.2426
    endloop
  endfacet
  facet normal -1 -0 0
    outer loop
      vertex -57.2 -8.13297 23.1605
      vertex -57.2 -12.7 18
      vertex -57.2 -8.26266 23.1916
    endloop
  endfacet
  facet normal -1 0 0
    outer loop
      vertex -57.2 -7.16046 24.133
      vertex -57.2 11.2 28.2
      vertex -57.2 -7.15 24
    endloop
  endfacet
  facet normal -1 0 0
    outer loop
      vertex -57.2 -7.1916 24.2627
      vertex -57.2 11.2 28.2
      vertex -57.2 -7.16046 24.133
    endloop
  endfacet
  facet normal -1 0 0
    outer loop
      vertex -57.2 -7.24264 24.3859
      vertex -57.2 11.2 28.2
      vertex -57.2 -7.1916 24.2627
    endloop
  endfacet
  facet normal -1 0 0
    outer loop
      vertex -57.2 -7.31234 24.4996
      vertex -57.2 11.2 28.2
      vertex -57.2 -7.24264 24.3859
    endloop
  endfacet
  facet normal -1 0 0
    outer loop
      vertex -57.2 -7.39896 24.601
      vertex -57.2 11.2 28.2
      vertex -57.2 -7.31234 24.4996
    endloop
  endfacet
  facet normal -1 0 0
    outer loop
      vertex -57.2 -7.50038 24.6877
      vertex -57.2 11.2 28.2
      vertex -57.2 -7.39896 24.601
    endloop
  endfacet
  facet normal -1 0 0
    outer loop
      vertex -57.2 -7.61411 24.7574
      vertex -57.2 11.2 28.2
      vertex -57.2 -7.50038 24.6877
    endloop
  endfacet
  facet normal -1 0 0
    outer loop
      vertex -57.2 -12.7 28.2
      vertex -57.2 -7.61411 24.7574
      vertex -57.2 -7.73734 24.8084
    endloop
  endfacet
  facet normal -1 0 0
    outer loop
      vertex -57.2 -12.7 28.2
      vertex -57.2 -7.73734 24.8084
      vertex -57.2 -7.86703 24.8395
    endloop
  endfacet
  facet normal -1 0 0
    outer loop
      vertex -57.2 -12.7 28.2
      vertex -57.2 -7.86703 24.8395
      vertex -57.2 -8 24.85
    endloop
  endfacet
  facet normal -1 0 0
    outer loop
      vertex -57.2 -12.7 28.2
      vertex -57.2 -8 24.85
      vertex -57.2 -8.13297 24.8395
    endloop
  endfacet
  facet normal -1 0 0
    outer loop
      vertex -57.2 -8.83953 23.867
      vertex -57.2 -12.7 28.2
      vertex -57.2 -8.85 24
    endloop
  endfacet
  facet normal -1 0 0
    outer loop
      vertex -57.2 -8.85 24
      vertex -57.2 -12.7 28.2
      vertex -57.2 -8.83953 24.133
    endloop
  endfacet
  facet normal -1 0 0
    outer loop
      vertex -57.2 -8.83953 24.133
      vertex -57.2 -12.7 28.2
      vertex -57.2 -8.8084 24.2627
    endloop
  endfacet
  facet normal -1 0 0
    outer loop
      vertex -57.2 -8.8084 24.2627
      vertex -57.2 -12.7 28.2
      vertex -57.2 -8.75735 24.3859
    endloop
  endfacet
  facet normal -1 0 0
    outer loop
      vertex -57.2 -7.61411 24.7574
      vertex -57.2 -12.7 28.2
      vertex -57.2 11.2 28.2
    endloop
  endfacet
  facet normal -1 0 0
    outer loop
      vertex -57.2 -8.26266 24.8084
      vertex -57.2 -12.7 28.2
      vertex -57.2 -8.13297 24.8395
    endloop
  endfacet
  facet normal -1 0 0
    outer loop
      vertex -57.2 -8.38589 24.7574
      vertex -57.2 -12.7 28.2
      vertex -57.2 -8.26266 24.8084
    endloop
  endfacet
  facet normal -1 0 0
    outer loop
      vertex -57.2 -8.49962 24.6877
      vertex -57.2 -12.7 28.2
      vertex -57.2 -8.38589 24.7574
    endloop
  endfacet
  facet normal -1 0 0
    outer loop
      vertex -57.2 -8.60104 24.601
      vertex -57.2 -12.7 28.2
      vertex -57.2 -8.49962 24.6877
    endloop
  endfacet
  facet normal -1 0 0
    outer loop
      vertex -57.2 -8.68766 24.4996
      vertex -57.2 -12.7 28.2
      vertex -57.2 -8.60104 24.601
    endloop
  endfacet
  facet normal -1 0 0
    outer loop
      vertex -57.2 -8.75735 24.3859
      vertex -57.2 -12.7 28.2
      vertex -57.2 -8.68766 24.4996
    endloop
  endfacet
  facet normal 0 1 0
    outer loop
      vertex -16.1 11.2 22
      vertex -16.1 11.2 18
      vertex -52.8 11.2 22
    endloop
  endfacet
  facet normal 0 1 -0
    outer loop
      vertex -52.8 11.2 22
      vertex -57.2 11.2 28.2
      vertex -52.8 11.2 28.2
    endloop
  endfacet
  facet normal 0 1 0
    outer loop
      vertex -52.8 11.2 22
      vertex -57.2 11.2 18
      vertex -57.2 11.2 28.2
    endloop
  endfacet
  facet normal 0 1 0
    outer loop
      vertex -57.2 11.2 18
      vertex -52.8 11.2 22
      vertex -16.1 11.2 18
    endloop
  endfacet
  facet normal 0 -1 0
    outer loop
      vertex -52.8 7.2 18
      vertex -20.1 7.2 22
      vertex -52.8 7.2 22
    endloop
  endfacet
  facet normal 0 -1 -0
    outer loop
      vertex -20.1 7.2 22
      vertex -52.8 7.2 18
      vertex -20.1 7.2 18
    endloop
  endfacet
  facet normal 1 0 0
    outer loop
      vertex -52.8 11.2 28.2
      vertex -52.8 7.2 22
      vertex -52.8 11.2 22
    endloop
  endfacet
  facet normal 1 -0 0
    outer loop
      vertex -52.8 -7.16046 23.867
      vertex -52.8 7.2 22
      vertex -52.8 -7.15 24
    endloop
  endfacet
  facet normal 1 -0 0
    outer loop
      vertex -52.8 -7.31234 24.4996
      vertex -52.8 7.2 22
      vertex -52.8 11.2 28.2
    endloop
  endfacet
  facet normal 1 0 0
    outer loop
      vertex -52.8 7.2 22
      vertex -52.8 -7.16046 24.133
      vertex -52.8 -7.15 24
    endloop
  endfacet
  facet normal 1 0 0
    outer loop
      vertex -52.8 7.2 22
      vertex -52.8 -7.1916 24.2627
      vertex -52.8 -7.16046 24.133
    endloop
  endfacet
  facet normal 1 0 0
    outer loop
      vertex -52.8 7.2 22
      vertex -52.8 -7.24264 24.3859
      vertex -52.8 -7.1916 24.2627
    endloop
  endfacet
  facet normal 1 0 0
    outer loop
      vertex -52.8 7.2 22
      vertex -52.8 -7.31234 24.4996
      vertex -52.8 -7.24264 24.3859
    endloop
  endfacet
  facet normal 1 0 0
    outer loop
      vertex -52.8 11.2 28.2
      vertex -52.8 -7.39896 24.601
      vertex -52.8 -7.31234 24.4996
    endloop
  endfacet
  facet normal 1 0 0
    outer loop
      vertex -52.8 11.2 28.2
      vertex -52.8 -7.50038 24.6877
      vertex -52.8 -7.39896 24.601
    endloop
  endfacet
  facet normal 1 0 0
    outer loop
      vertex -52.8 11.2 28.2
      vertex -52.8 -7.61411 24.7574
      vertex -52.8 -7.50038 24.6877
    endloop
  endfacet
  facet normal 1 -0 0
    outer loop
      vertex -52.8 -12.7 28.2
      vertex -52.8 -7.61411 24.7574
      vertex -52.8 11.2 28.2
    endloop
  endfacet
  facet normal 1 0 0
    outer loop
      vertex -52.8 -7.61411 24.7574
      vertex -52.8 -12.7 28.2
      vertex -52.8 -7.73734 24.8084
    endloop
  endfacet
  facet normal 1 0 0
    outer loop
      vertex -52.8 -7.73734 24.8084
      vertex -52.8 -12.7 28.2
      vertex -52.8 -7.86703 24.8395
    endloop
  endfacet
  facet normal 1 0 0
    outer loop
      vertex -52.8 -7.86703 24.8395
      vertex -52.8 -12.7 28.2
      vertex -52.8 -8 24.85
    endloop
  endfacet
  facet normal 1 0 0
    outer loop
      vertex -52.8 -8.83953 24.133
      vertex -52.8 -12.7 28.2
      vertex -52.8 -8.85 24
    endloop
  endfacet
  facet normal 1 0 0
    outer loop
      vertex -52.8 -8.8084 24.2627
      vertex -52.8 -12.7 28.2
      vertex -52.8 -8.83953 24.133
    endloop
  endfacet
  facet normal 1 0 0
    outer loop
      vertex -52.8 -8.75735 24.3859
      vertex -52.8 -12.7 28.2
      vertex -52.8 -8.8084 24.2627
    endloop
  endfacet
  facet normal 1 0 0
    outer loop
      vertex -52.8 -8.68766 24.4996
      vertex -52.8 -12.7 28.2
      vertex -52.8 -8.75735 24.3859
    endloop
  endfacet
  facet normal 1 0 0
    outer loop
      vertex -52.8 -8.60104 24.601
      vertex -52.8 -12.7 28.2
      vertex -52.8 -8.68766 24.4996
    endloop
  endfacet
  facet normal 1 0 0
    outer loop
      vertex -52.8 -8.49962 24.6877
      vertex -52.8 -12.7 28.2
      vertex -52.8 -8.60104 24.601
    endloop
  endfacet
  facet normal 1 0 0
    outer loop
      vertex -52.8 -8.38589 24.7574
      vertex -52.8 -12.7 28.2
      vertex -52.8 -8.49962 24.6877
    endloop
  endfacet
  facet normal 1 0 0
    outer loop
      vertex -52.8 -8.26266 24.8084
      vertex -52.8 -12.7 28.2
      vertex -52.8 -8.38589 24.7574
    endloop
  endfacet
  facet normal 1 0 0
    outer loop
      vertex -52.8 -8.13297 24.8395
      vertex -52.8 -12.7 28.2
      vertex -52.8 -8.26266 24.8084
    endloop
  endfacet
  facet normal 1 0 0
    outer loop
      vertex -52.8 -8 24.85
      vertex -52.8 -12.7 28.2
      vertex -52.8 -8.13297 24.8395
    endloop
  endfacet
  facet normal 1 -0 0
    outer loop
      vertex -52.8 -7.1916 23.7373
      vertex -52.8 7.2 22
      vertex -52.8 -7.16046 23.867
    endloop
  endfacet
  facet normal 1 -0 0
    outer loop
      vertex -52.8 -7.24264 23.6141
      vertex -52.8 7.2 22
      vertex -52.8 -7.1916 23.7373
    endloop
  endfacet
  facet normal 1 0 0
    outer loop
      vertex -52.8 7.2 22
      vertex -52.8 -7.24264 23.6141
      vertex -52.8 7.2 18
    endloop
  endfacet
  facet normal 1 -0 0
    outer loop
      vertex -52.8 -7.31234 23.5004
      vertex -52.8 7.2 18
      vertex -52.8 -7.24264 23.6141
    endloop
  endfacet
  facet normal 1 -0 0
    outer loop
      vertex -52.8 -7.39896 23.399
      vertex -52.8 7.2 18
      vertex -52.8 -7.31234 23.5004
    endloop
  endfacet
  facet normal 1 -0 0
    outer loop
      vertex -52.8 -7.50038 23.3123
      vertex -52.8 7.2 18
      vertex -52.8 -7.39896 23.399
    endloop
  endfacet
  facet normal 1 -0 0
    outer loop
      vertex -52.8 -7.61411 23.2426
      vertex -52.8 7.2 18
      vertex -52.8 -7.50038 23.3123
    endloop
  endfacet
  facet normal 1 0 0
    outer loop
      vertex -52.8 -12.7 18
      vertex -52.8 -7.61411 23.2426
      vertex -52.8 -7.73734 23.1916
    endloop
  endfacet
  facet normal 1 0 0
    outer loop
      vertex -52.8 -12.7 18
      vertex -52.8 -7.73734 23.1916
      vertex -52.8 -7.86703 23.1605
    endloop
  endfacet
  facet normal 1 0 0
    outer loop
      vertex -52.8 -12.7 18
      vertex -52.8 -7.86703 23.1605
      vertex -52.8 -8 23.15
    endloop
  endfacet
  facet normal 1 0 0
    outer loop
      vertex -52.8 -12.7 18
      vertex -52.8 -8 23.15
      vertex -52.8 -8.13297 23.1605
    endloop
  endfacet
  facet normal 1 0 0
    outer loop
      vertex -52.8 -12.7 18
      vertex -52.8 -8.13297 23.1605
      vertex -52.8 -8.26266 23.1916
    endloop
  endfacet
  facet normal 1 0 0
    outer loop
      vertex -52.8 -12.7 28.2
      vertex -52.8 -8.83953 23.867
      vertex -52.8 -8.85 24
    endloop
  endfacet
  facet normal 1 0 0
    outer loop
      vertex -52.8 -12.7 18
      vertex -52.8 -8.83953 23.867
      vertex -52.8 -12.7 28.2
    endloop
  endfacet
  facet normal 1 0 0
    outer loop
      vertex -52.8 -8.83953 23.867
      vertex -52.8 -12.7 18
      vertex -52.8 -8.8084 23.7373
    endloop
  endfacet
  facet normal 1 0 0
    outer loop
      vertex -52.8 -8.8084 23.7373
      vertex -52.8 -12.7 18
      vertex -52.8 -8.75735 23.6141
    endloop
  endfacet
  facet normal 1 0 0
    outer loop
      vertex -52.8 -7.61411 23.2426
      vertex -52.8 -12.7 18
      vertex -52.8 7.2 18
    endloop
  endfacet
  facet normal 1 0 0
    outer loop
      vertex -52.8 -8.38589 23.2426
      vertex -52.8 -12.7 18
      vertex -52.8 -8.26266 23.1916
    endloop
  endfacet
  facet normal 1 0 0
    outer loop
      vertex -52.8 -8.49962 23.3123
      vertex -52.8 -12.7 18
      vertex -52.8 -8.38589 23.2426
    endloop
  endfacet
  facet normal 1 0 0
    outer loop
      vertex -52.8 -8.60104 23.399
      vertex -52.8 -12.7 18
      vertex -52.8 -8.49962 23.3123
    endloop
  endfacet
  facet normal 1 0 0
    outer loop
      vertex -52.8 -8.68766 23.5004
      vertex -52.8 -12.7 18
      vertex -52.8 -8.60104 23.399
    endloop
  endfacet
  facet normal 1 0 0
    outer loop
      vertex -52.8 -8.75735 23.6141
      vertex -52.8 -12.7 18
      vertex -52.8 -8.68766 23.5004
    endloop
  endfacet
  facet normal -0 0 1
    outer loop
      vertex -57.2 11.2 28.2
      vertex -52.8 -12.7 28.2
      vertex -52.8 11.2 28.2
    endloop
  endfacet
  facet normal 0 0 1
    outer loop
      vertex -52.8 -12.7 28.2
      vertex -57.2 11.2 28.2
      vertex -57.2 -12.7 28.2
    endloop
  endfacet
  facet normal 0 -1 0
    outer loop
      vertex -57.2 -12.7 18
      vertex -52.8 -12.7 28.2
      vertex -57.2 -12.7 28.2
    endloop
  endfacet
  facet normal 0 -1 -0
    outer loop
      vertex -52.8 -12.7 28.2
      vertex -57.2 -12.7 18
      vertex -52.8 -12.7 18
    endloop
  endfacet
  facet normal -0.233458 0.972367 0
    outer loop
      vertex 5.91952 4.84846 0
      vertex 5.78982 4.81732 3
      vertex 5.91952 4.84846 3
    endloop
  endfacet
  facet normal -0.233458 0.972367 0
    outer loop
      vertex 5.78982 4.81732 3
      vertex 5.91952 4.84846 0
      vertex 5.78982 4.81732 0
    endloop
  endfacet
  facet normal -0.972367 -0.233458 0
    outer loop
      vertex 6.49639 5.78982 0
      vertex 6.46525 5.91952 3
      vertex 6.46525 5.91952 0
    endloop
  endfacet
  facet normal -0.972367 -0.233458 0
    outer loop
      vertex 6.46525 5.91952 3
      vertex 6.49639 5.78982 0
      vertex 6.49639 5.78982 3
    endloop
  endfacet
  facet normal -0.99692 -0.0784221 0
    outer loop
      vertex 6.50685 5.65685 0
      vertex 6.49639 5.78982 3
      vertex 6.49639 5.78982 0
    endloop
  endfacet
  facet normal -0.99692 -0.0784221 0
    outer loop
      vertex 6.49639 5.78982 3
      vertex 6.50685 5.65685 0
      vertex 6.50685 5.65685 3
    endloop
  endfacet
  facet normal -0.0784221 -0.99692 0
    outer loop
      vertex 5.65685 6.50685 0
      vertex 5.78982 6.49639 3
      vertex 5.65685 6.50685 3
    endloop
  endfacet
  facet normal -0.0784221 -0.99692 -0
    outer loop
      vertex 5.78982 6.49639 3
      vertex 5.65685 6.50685 0
      vertex 5.78982 6.49639 0
    endloop
  endfacet
  facet normal 0.649451 -0.760404 0
    outer loop
      vertex 5.05581 6.25789 0
      vertex 5.15724 6.34452 3
      vertex 5.05581 6.25789 3
    endloop
  endfacet
  facet normal 0.649451 -0.760404 0
    outer loop
      vertex 5.15724 6.34452 3
      vertex 5.05581 6.25789 0
      vertex 5.15724 6.34452 0
    endloop
  endfacet
  facet normal 0.233475 -0.972363 0
    outer loop
      vertex 5.39419 6.46525 0
      vertex 5.52388 6.49639 3
      vertex 5.39419 6.46525 3
    endloop
  endfacet
  facet normal 0.233475 -0.972363 0
    outer loop
      vertex 5.52388 6.49639 3
      vertex 5.39419 6.46525 0
      vertex 5.52388 6.49639 0
    endloop
  endfacet
  facet normal 0.972367 -0.233458 0
    outer loop
      vertex 4.81732 5.78982 3
      vertex 4.84846 5.91952 0
      vertex 4.84846 5.91952 3
    endloop
  endfacet
  facet normal 0.972367 -0.233458 0
    outer loop
      vertex 4.84846 5.91952 0
      vertex 4.81732 5.78982 3
      vertex 4.81732 5.78982 0
    endloop
  endfacet
  facet normal 0.522511 0.852633 -0
    outer loop
      vertex 5.27096 4.8995 0
      vertex 5.15724 4.96919 3
      vertex 5.27096 4.8995 3
    endloop
  endfacet
  facet normal 0.522511 0.852633 0
    outer loop
      vertex 5.15724 4.96919 3
      vertex 5.27096 4.8995 0
      vertex 5.15724 4.96919 0
    endloop
  endfacet
  facet normal -0.760404 0.649451 0
    outer loop
      vertex 6.25789 5.05581 0
      vertex 6.34452 5.15724 3
      vertex 6.34452 5.15724 0
    endloop
  endfacet
  facet normal -0.760404 0.649451 0
    outer loop
      vertex 6.34452 5.15724 3
      vertex 6.25789 5.05581 0
      vertex 6.25789 5.05581 3
    endloop
  endfacet
  facet normal 0.760409 -0.649444 0
    outer loop
      vertex 4.96919 6.15647 3
      vertex 5.05581 6.25789 0
      vertex 5.05581 6.25789 3
    endloop
  endfacet
  facet normal 0.760409 -0.649444 0
    outer loop
      vertex 5.05581 6.25789 0
      vertex 4.96919 6.15647 3
      vertex 4.96919 6.15647 0
    endloop
  endfacet
  facet normal -0.382661 0.923889 0
    outer loop
      vertex 6.04275 4.8995 0
      vertex 5.91952 4.84846 3
      vertex 6.04275 4.8995 3
    endloop
  endfacet
  facet normal -0.382661 0.923889 0
    outer loop
      vertex 5.91952 4.84846 3
      vertex 6.04275 4.8995 0
      vertex 5.91952 4.84846 0
    endloop
  endfacet
  facet normal 0.522511 -0.852633 0
    outer loop
      vertex 5.15724 6.34452 0
      vertex 5.27096 6.41421 3
      vertex 5.15724 6.34452 3
    endloop
  endfacet
  facet normal 0.522511 -0.852633 0
    outer loop
      vertex 5.27096 6.41421 3
      vertex 5.15724 6.34452 0
      vertex 5.27096 6.41421 0
    endloop
  endfacet
  facet normal 0.996914 -0.0784966 0
    outer loop
      vertex 4.80685 5.65685 3
      vertex 4.81732 5.78982 0
      vertex 4.81732 5.78982 3
    endloop
  endfacet
  facet normal 0.996914 -0.0784966 0
    outer loop
      vertex 4.81732 5.78982 0
      vertex 4.80685 5.65685 3
      vertex 4.80685 5.65685 0
    endloop
  endfacet
  facet normal -0.649444 0.760409 0
    outer loop
      vertex 6.25789 5.05581 0
      vertex 6.15647 4.96919 3
      vertex 6.25789 5.05581 3
    endloop
  endfacet
  facet normal -0.649444 0.760409 0
    outer loop
      vertex 6.15647 4.96919 3
      vertex 6.25789 5.05581 0
      vertex 6.15647 4.96919 0
    endloop
  endfacet
  facet normal -0.522511 -0.852633 0
    outer loop
      vertex 6.04275 6.41421 0
      vertex 6.15647 6.34452 3
      vertex 6.04275 6.41421 3
    endloop
  endfacet
  facet normal -0.522511 -0.852633 -0
    outer loop
      vertex 6.15647 6.34452 3
      vertex 6.04275 6.41421 0
      vertex 6.15647 6.34452 0
    endloop
  endfacet
  facet normal -0.852633 -0.522511 0
    outer loop
      vertex 6.41421 6.04275 0
      vertex 6.34452 6.15647 3
      vertex 6.34452 6.15647 0
    endloop
  endfacet
  facet normal -0.852633 -0.522511 0
    outer loop
      vertex 6.34452 6.15647 3
      vertex 6.41421 6.04275 0
      vertex 6.41421 6.04275 3
    endloop
  endfacet
  facet normal 0.996914 0.0784966 0
    outer loop
      vertex 4.81732 5.52388 3
      vertex 4.80685 5.65685 0
      vertex 4.80685 5.65685 3
    endloop
  endfacet
  facet normal 0.996914 0.0784966 0
    outer loop
      vertex 4.80685 5.65685 0
      vertex 4.81732 5.52388 3
      vertex 4.81732 5.52388 0
    endloop
  endfacet
  facet normal 0.923889 0.382661 0
    outer loop
      vertex 4.8995 5.27096 3
      vertex 4.84846 5.39419 0
      vertex 4.84846 5.39419 3
    endloop
  endfacet
  facet normal 0.923889 0.382661 0
    outer loop
      vertex 4.84846 5.39419 0
      vertex 4.8995 5.27096 3
      vertex 4.8995 5.27096 0
    endloop
  endfacet
  facet normal -0.852633 0.522511 0
    outer loop
      vertex 6.34452 5.15724 0
      vertex 6.41421 5.27096 3
      vertex 6.41421 5.27096 0
    endloop
  endfacet
  facet normal -0.852633 0.522511 0
    outer loop
      vertex 6.41421 5.27096 3
      vertex 6.34452 5.15724 0
      vertex 6.34452 5.15724 3
    endloop
  endfacet
  facet normal -0.0784966 0.996914 0
    outer loop
      vertex 5.78982 4.81732 0
      vertex 5.65685 4.80685 3
      vertex 5.78982 4.81732 3
    endloop
  endfacet
  facet normal -0.0784966 0.996914 0
    outer loop
      vertex 5.65685 4.80685 3
      vertex 5.78982 4.81732 0
      vertex 5.65685 4.80685 0
    endloop
  endfacet
  facet normal -0.382661 -0.923889 0
    outer loop
      vertex 5.91952 6.46525 0
      vertex 6.04275 6.41421 3
      vertex 5.91952 6.46525 3
    endloop
  endfacet
  facet normal -0.382661 -0.923889 -0
    outer loop
      vertex 6.04275 6.41421 3
      vertex 5.91952 6.46525 0
      vertex 6.04275 6.41421 0
    endloop
  endfacet
  facet normal 0.972363 0.233475 0
    outer loop
      vertex 4.84846 5.39419 3
      vertex 4.81732 5.52388 0
      vertex 4.81732 5.52388 3
    endloop
  endfacet
  facet normal 0.972363 0.233475 0
    outer loop
      vertex 4.81732 5.52388 0
      vertex 4.84846 5.39419 3
      vertex 4.84846 5.39419 0
    endloop
  endfacet
  facet normal -0.972363 0.233475 0
    outer loop
      vertex 6.46525 5.39419 0
      vertex 6.49639 5.52388 3
      vertex 6.49639 5.52388 0
    endloop
  endfacet
  facet normal -0.972363 0.233475 0
    outer loop
      vertex 6.49639 5.52388 3
      vertex 6.46525 5.39419 0
      vertex 6.46525 5.39419 3
    endloop
  endfacet
  facet normal 0.649407 0.760441 -0
    outer loop
      vertex 5.15724 4.96919 0
      vertex 5.05581 5.05581 3
      vertex 5.15724 4.96919 3
    endloop
  endfacet
  facet normal 0.649407 0.760441 0
    outer loop
      vertex 5.05581 5.05581 3
      vertex 5.15724 4.96919 0
      vertex 5.05581 5.05581 0
    endloop
  endfacet
  facet normal -0.233458 -0.972367 0
    outer loop
      vertex 5.78982 6.49639 0
      vertex 5.91952 6.46525 3
      vertex 5.78982 6.49639 3
    endloop
  endfacet
  facet normal -0.233458 -0.972367 -0
    outer loop
      vertex 5.91952 6.46525 3
      vertex 5.78982 6.49639 0
      vertex 5.91952 6.46525 0
    endloop
  endfacet
  facet normal -0.649488 -0.760372 0
    outer loop
      vertex 6.15647 6.34452 0
      vertex 6.25789 6.25789 3
      vertex 6.15647 6.34452 3
    endloop
  endfacet
  facet normal -0.649488 -0.760372 -0
    outer loop
      vertex 6.25789 6.25789 3
      vertex 6.15647 6.34452 0
      vertex 6.25789 6.25789 0
    endloop
  endfacet
  facet normal 0.760441 0.649407 0
    outer loop
      vertex 5.05581 5.05581 3
      vertex 4.96919 5.15724 0
      vertex 4.96919 5.15724 3
    endloop
  endfacet
  facet normal 0.760441 0.649407 0
    outer loop
      vertex 4.96919 5.15724 0
      vertex 5.05581 5.05581 3
      vertex 5.05581 5.05581 0
    endloop
  endfacet
  facet normal -0.760372 -0.649488 0
    outer loop
      vertex 6.34452 6.15647 0
      vertex 6.25789 6.25789 3
      vertex 6.25789 6.25789 0
    endloop
  endfacet
  facet normal -0.760372 -0.649488 0
    outer loop
      vertex 6.25789 6.25789 3
      vertex 6.34452 6.15647 0
      vertex 6.34452 6.15647 3
    endloop
  endfacet
  facet normal -0.99692 0.0784221 0
    outer loop
      vertex 6.49639 5.52388 0
      vertex 6.50685 5.65685 3
      vertex 6.50685 5.65685 0
    endloop
  endfacet
  facet normal -0.99692 0.0784221 0
    outer loop
      vertex 6.50685 5.65685 3
      vertex 6.49639 5.52388 0
      vertex 6.49639 5.52388 3
    endloop
  endfacet
  facet normal -0.923889 -0.382661 0
    outer loop
      vertex 6.46525 5.91952 0
      vertex 6.41421 6.04275 3
      vertex 6.41421 6.04275 0
    endloop
  endfacet
  facet normal -0.923889 -0.382661 0
    outer loop
      vertex 6.41421 6.04275 3
      vertex 6.46525 5.91952 0
      vertex 6.46525 5.91952 3
    endloop
  endfacet
  facet normal -0.923889 0.382661 0
    outer loop
      vertex 6.41421 5.27096 0
      vertex 6.46525 5.39419 3
      vertex 6.46525 5.39419 0
    endloop
  endfacet
  facet normal -0.923889 0.382661 0
    outer loop
      vertex 6.46525 5.39419 3
      vertex 6.41421 5.27096 0
      vertex 6.41421 5.27096 3
    endloop
  endfacet
  facet normal 0.0784966 0.996914 -0
    outer loop
      vertex 5.65685 4.80685 0
      vertex 5.52388 4.81732 3
      vertex 5.65685 4.80685 3
    endloop
  endfacet
  facet normal 0.0784966 0.996914 0
    outer loop
      vertex 5.52388 4.81732 3
      vertex 5.65685 4.80685 0
      vertex 5.52388 4.81732 0
    endloop
  endfacet
  facet normal -0.522511 0.852633 0
    outer loop
      vertex 6.15647 4.96919 0
      vertex 6.04275 4.8995 3
      vertex 6.15647 4.96919 3
    endloop
  endfacet
  facet normal -0.522511 0.852633 0
    outer loop
      vertex 6.04275 4.8995 3
      vertex 6.15647 4.96919 0
      vertex 6.04275 4.8995 0
    endloop
  endfacet
  facet normal 0.382661 0.923889 -0
    outer loop
      vertex 5.39419 4.84846 0
      vertex 5.27096 4.8995 3
      vertex 5.39419 4.84846 3
    endloop
  endfacet
  facet normal 0.382661 0.923889 0
    outer loop
      vertex 5.27096 4.8995 3
      vertex 5.39419 4.84846 0
      vertex 5.27096 4.8995 0
    endloop
  endfacet
  facet normal 0.923889 -0.382661 0
    outer loop
      vertex 4.84846 5.91952 3
      vertex 4.8995 6.04275 0
      vertex 4.8995 6.04275 3
    endloop
  endfacet
  facet normal 0.923889 -0.382661 0
    outer loop
      vertex 4.8995 6.04275 0
      vertex 4.84846 5.91952 3
      vertex 4.84846 5.91952 0
    endloop
  endfacet
  facet normal 0.0784221 -0.99692 0
    outer loop
      vertex 5.52388 6.49639 0
      vertex 5.65685 6.50685 3
      vertex 5.52388 6.49639 3
    endloop
  endfacet
  facet normal 0.0784221 -0.99692 0
    outer loop
      vertex 5.65685 6.50685 3
      vertex 5.52388 6.49639 0
      vertex 5.65685 6.50685 0
    endloop
  endfacet
  facet normal 0.233475 0.972363 -0
    outer loop
      vertex 5.52388 4.81732 0
      vertex 5.39419 4.84846 3
      vertex 5.52388 4.81732 3
    endloop
  endfacet
  facet normal 0.233475 0.972363 0
    outer loop
      vertex 5.39419 4.84846 3
      vertex 5.52388 4.81732 0
      vertex 5.39419 4.84846 0
    endloop
  endfacet
  facet normal 0.382661 -0.923889 0
    outer loop
      vertex 5.27096 6.41421 0
      vertex 5.39419 6.46525 3
      vertex 5.27096 6.41421 3
    endloop
  endfacet
  facet normal 0.382661 -0.923889 0
    outer loop
      vertex 5.39419 6.46525 3
      vertex 5.27096 6.41421 0
      vertex 5.39419 6.46525 0
    endloop
  endfacet
  facet normal 0.852633 0.522511 0
    outer loop
      vertex 4.96919 5.15724 3
      vertex 4.8995 5.27096 0
      vertex 4.8995 5.27096 3
    endloop
  endfacet
  facet normal 0.852633 0.522511 0
    outer loop
      vertex 4.8995 5.27096 0
      vertex 4.96919 5.15724 3
      vertex 4.96919 5.15724 0
    endloop
  endfacet
  facet normal 0.852633 -0.522511 0
    outer loop
      vertex 4.8995 6.04275 3
      vertex 4.96919 6.15647 0
      vertex 4.96919 6.15647 3
    endloop
  endfacet
  facet normal 0.852633 -0.522511 0
    outer loop
      vertex 4.96919 6.15647 0
      vertex 4.8995 6.04275 3
      vertex 4.8995 6.04275 0
    endloop
  endfacet
  facet normal -0.972367 -0.233458 0
    outer loop
      vertex -4.81732 5.78982 0
      vertex -4.84846 5.91952 3
      vertex -4.84846 5.91952 0
    endloop
  endfacet
  facet normal -0.972367 -0.233458 0
    outer loop
      vertex -4.84846 5.91952 3
      vertex -4.81732 5.78982 0
      vertex -4.81732 5.78982 3
    endloop
  endfacet
  facet normal -0.996914 -0.0784966 0
    outer loop
      vertex -4.80685 5.65685 0
      vertex -4.81732 5.78982 3
      vertex -4.81732 5.78982 0
    endloop
  endfacet
  facet normal -0.996914 -0.0784966 0
    outer loop
      vertex -4.81732 5.78982 3
      vertex -4.80685 5.65685 0
      vertex -4.80685 5.65685 3
    endloop
  endfacet
  facet normal -0.923889 -0.382661 0
    outer loop
      vertex -4.84846 5.91952 0
      vertex -4.8995 6.04275 3
      vertex -4.8995 6.04275 0
    endloop
  endfacet
  facet normal -0.923889 -0.382661 0
    outer loop
      vertex -4.8995 6.04275 3
      vertex -4.84846 5.91952 0
      vertex -4.84846 5.91952 3
    endloop
  endfacet
  facet normal -0.923889 0.382661 0
    outer loop
      vertex -4.8995 5.27096 0
      vertex -4.84846 5.39419 3
      vertex -4.84846 5.39419 0
    endloop
  endfacet
  facet normal -0.923889 0.382661 0
    outer loop
      vertex -4.84846 5.39419 3
      vertex -4.8995 5.27096 0
      vertex -4.8995 5.27096 3
    endloop
  endfacet
  facet normal 0.233458 0.972367 -0
    outer loop
      vertex -5.78982 4.81732 0
      vertex -5.91952 4.84846 3
      vertex -5.78982 4.81732 3
    endloop
  endfacet
  facet normal 0.233458 0.972367 0
    outer loop
      vertex -5.91952 4.84846 3
      vertex -5.78982 4.81732 0
      vertex -5.91952 4.84846 0
    endloop
  endfacet
  facet normal -0.972363 0.233475 0
    outer loop
      vertex -4.84846 5.39419 0
      vertex -4.81732 5.52388 3
      vertex -4.81732 5.52388 0
    endloop
  endfacet
  facet normal -0.972363 0.233475 0
    outer loop
      vertex -4.81732 5.52388 3
      vertex -4.84846 5.39419 0
      vertex -4.84846 5.39419 3
    endloop
  endfacet
  facet normal -0.522511 0.852633 0
    outer loop
      vertex -5.15724 4.96919 0
      vertex -5.27096 4.8995 3
      vertex -5.15724 4.96919 3
    endloop
  endfacet
  facet normal -0.522511 0.852633 0
    outer loop
      vertex -5.27096 4.8995 3
      vertex -5.15724 4.96919 0
      vertex -5.27096 4.8995 0
    endloop
  endfacet
  facet normal -0.233475 -0.972363 0
    outer loop
      vertex -5.52388 6.49639 0
      vertex -5.39419 6.46525 4
      vertex -5.52388 6.49639 4
    endloop
  endfacet
  facet normal -0.233475 -0.972363 -0
    outer loop
      vertex -5.39419 6.46525 4
      vertex -5.52388 6.49639 0
      vertex -5.39419 6.46525 0
    endloop
  endfacet
  facet normal -0.996914 0.0784966 0
    outer loop
      vertex -4.81732 5.52388 0
      vertex -4.80685 5.65685 3
      vertex -4.80685 5.65685 0
    endloop
  endfacet
  facet normal -0.996914 0.0784966 0
    outer loop
      vertex -4.80685 5.65685 3
      vertex -4.81732 5.52388 0
      vertex -4.81732 5.52388 3
    endloop
  endfacet
  facet normal 0.852633 -0.522511 0
    outer loop
      vertex -6.41421 6.04275 3
      vertex -6.34452 6.15647 0
      vertex -6.34452 6.15647 3
    endloop
  endfacet
  facet normal 0.852633 -0.522511 0
    outer loop
      vertex -6.34452 6.15647 0
      vertex -6.41421 6.04275 3
      vertex -6.41421 6.04275 0
    endloop
  endfacet
  facet normal -0.649407 0.760441 0
    outer loop
      vertex -5.05581 5.05581 0
      vertex -5.15724 4.96919 3
      vertex -5.05581 5.05581 3
    endloop
  endfacet
  facet normal -0.649407 0.760441 0
    outer loop
      vertex -5.15724 4.96919 3
      vertex -5.05581 5.05581 0
      vertex -5.15724 4.96919 0
    endloop
  endfacet
  facet normal -0.382661 -0.923889 0
    outer loop
      vertex -5.39419 6.46525 0
      vertex -5.27096 6.41421 4
      vertex -5.39419 6.46525 4
    endloop
  endfacet
  facet normal -0.382661 -0.923889 -0
    outer loop
      vertex -5.27096 6.41421 4
      vertex -5.39419 6.46525 0
      vertex -5.27096 6.41421 0
    endloop
  endfacet
  facet normal -0.852633 -0.522511 0
    outer loop
      vertex -4.8995 6.04275 0
      vertex -4.96919 6.15647 3
      vertex -4.96919 6.15647 0
    endloop
  endfacet
  facet normal -0.852633 -0.522511 0
    outer loop
      vertex -4.96919 6.15647 3
      vertex -4.8995 6.04275 0
      vertex -4.8995 6.04275 3
    endloop
  endfacet
  facet normal -0.760441 0.649407 0
    outer loop
      vertex -5.05581 5.05581 0
      vertex -4.96919 5.15724 3
      vertex -4.96919 5.15724 0
    endloop
  endfacet
  facet normal -0.760441 0.649407 0
    outer loop
      vertex -4.96919 5.15724 3
      vertex -5.05581 5.05581 0
      vertex -5.05581 5.05581 3
    endloop
  endfacet
  facet normal 0.923889 -0.382661 0
    outer loop
      vertex -6.46525 5.91952 3
      vertex -6.41421 6.04275 0
      vertex -6.41421 6.04275 3
    endloop
  endfacet
  facet normal 0.923889 -0.382661 0
    outer loop
      vertex -6.41421 6.04275 0
      vertex -6.46525 5.91952 3
      vertex -6.46525 5.91952 0
    endloop
  endfacet
  facet normal -0.233475 0.972363 0
    outer loop
      vertex -5.39419 4.84846 0
      vertex -5.52388 4.81732 3
      vertex -5.39419 4.84846 3
    endloop
  endfacet
  facet normal -0.233475 0.972363 0
    outer loop
      vertex -5.52388 4.81732 3
      vertex -5.39419 4.84846 0
      vertex -5.52388 4.81732 0
    endloop
  endfacet
  facet normal 0.649488 -0.760372 0
    outer loop
      vertex -6.25789 6.25789 0
      vertex -6.15647 6.34452 3
      vertex -6.25789 6.25789 3
    endloop
  endfacet
  facet normal 0.649488 -0.760372 0
    outer loop
      vertex -6.15647 6.34452 3
      vertex -6.25789 6.25789 0
      vertex -6.15647 6.34452 0
    endloop
  endfacet
  facet normal 0.522478 -0.852653 0
    outer loop
      vertex -6.15647 6.34452 3
      vertex -6.15647 6.34452 0
      vertex -6.06593 6.4 3
    endloop
  endfacet
  facet normal 0.52264 -0.852554 0
    outer loop
      vertex -6.06593 6.4 3
      vertex -6.04275 6.41421 4
      vertex -6.06593 6.4 4
    endloop
  endfacet
  facet normal 0.52264 -0.852554 0
    outer loop
      vertex -6.06593 6.4 3
      vertex -6.04275 6.41421 0
      vertex -6.04275 6.41421 4
    endloop
  endfacet
  facet normal 0.522511 -0.852633 -1.36707e-06
    outer loop
      vertex -6.04275 6.41421 0
      vertex -6.06593 6.4 3
      vertex -6.15647 6.34452 0
    endloop
  endfacet
  facet normal -0.382661 0.923889 0
    outer loop
      vertex -5.27096 4.8995 0
      vertex -5.39419 4.84846 3
      vertex -5.27096 4.8995 3
    endloop
  endfacet
  facet normal -0.382661 0.923889 0
    outer loop
      vertex -5.39419 4.84846 3
      vertex -5.27096 4.8995 0
      vertex -5.39419 4.84846 0
    endloop
  endfacet
  facet normal -0.649451 -0.760404 0
    outer loop
      vertex -5.15724 6.34452 0
      vertex -5.05581 6.25789 3
      vertex -5.15724 6.34452 3
    endloop
  endfacet
  facet normal -0.649451 -0.760404 -0
    outer loop
      vertex -5.05581 6.25789 3
      vertex -5.15724 6.34452 0
      vertex -5.05581 6.25789 0
    endloop
  endfacet
  facet normal 0.972367 -0.233458 0
    outer loop
      vertex -6.49639 5.78982 3
      vertex -6.46525 5.91952 0
      vertex -6.46525 5.91952 3
    endloop
  endfacet
  facet normal 0.972367 -0.233458 0
    outer loop
      vertex -6.46525 5.91952 0
      vertex -6.49639 5.78982 3
      vertex -6.49639 5.78982 0
    endloop
  endfacet
  facet normal -0.0784221 -0.99692 0
    outer loop
      vertex -5.65685 6.50685 0
      vertex -5.52388 6.49639 4
      vertex -5.65685 6.50685 4
    endloop
  endfacet
  facet normal -0.0784221 -0.99692 -0
    outer loop
      vertex -5.52388 6.49639 4
      vertex -5.65685 6.50685 0
      vertex -5.52388 6.49639 0
    endloop
  endfacet
  facet normal 0.760372 -0.649488 0
    outer loop
      vertex -6.34452 6.15647 3
      vertex -6.25789 6.25789 0
      vertex -6.25789 6.25789 3
    endloop
  endfacet
  facet normal 0.760372 -0.649488 0
    outer loop
      vertex -6.25789 6.25789 0
      vertex -6.34452 6.15647 3
      vertex -6.34452 6.15647 0
    endloop
  endfacet
  facet normal 0.522511 0.852633 -0
    outer loop
      vertex -6.04275 4.8995 0
      vertex -6.15647 4.96919 3
      vertex -6.04275 4.8995 3
    endloop
  endfacet
  facet normal 0.522511 0.852633 0
    outer loop
      vertex -6.15647 4.96919 3
      vertex -6.04275 4.8995 0
      vertex -6.15647 4.96919 0
    endloop
  endfacet
  facet normal 0.649444 0.760409 -0
    outer loop
      vertex -6.15647 4.96919 0
      vertex -6.25789 5.05581 3
      vertex -6.15647 4.96919 3
    endloop
  endfacet
  facet normal 0.649444 0.760409 0
    outer loop
      vertex -6.25789 5.05581 3
      vertex -6.15647 4.96919 0
      vertex -6.25789 5.05581 0
    endloop
  endfacet
  facet normal -0.522476 -0.852654 0
    outer loop
      vertex -5.27096 6.41421 4
      vertex -5.24777 6.4 3
      vertex -5.24777 6.4 4
    endloop
  endfacet
  facet normal -0.522476 -0.852654 0
    outer loop
      vertex -5.27096 6.41421 0
      vertex -5.24777 6.4 3
      vertex -5.27096 6.41421 4
    endloop
  endfacet
  facet normal -0.52252 -0.852627 4.70595e-07
    outer loop
      vertex -5.27096 6.41421 0
      vertex -5.15724 6.34452 3
      vertex -5.24777 6.4 3
    endloop
  endfacet
  facet normal -0.522511 -0.852633 -0
    outer loop
      vertex -5.15724 6.34452 3
      vertex -5.27096 6.41421 0
      vertex -5.15724 6.34452 0
    endloop
  endfacet
  facet normal 0.99692 -0.0784221 0
    outer loop
      vertex -6.50685 5.65685 3
      vertex -6.49639 5.78982 0
      vertex -6.49639 5.78982 3
    endloop
  endfacet
  facet normal 0.99692 -0.0784221 0
    outer loop
      vertex -6.49639 5.78982 0
      vertex -6.50685 5.65685 3
      vertex -6.50685 5.65685 0
    endloop
  endfacet
  facet normal 0.233458 -0.972367 0
    outer loop
      vertex -5.91952 6.46525 0
      vertex -5.78982 6.49639 4
      vertex -5.91952 6.46525 4
    endloop
  endfacet
  facet normal 0.233458 -0.972367 0
    outer loop
      vertex -5.78982 6.49639 4
      vertex -5.91952 6.46525 0
      vertex -5.78982 6.49639 0
    endloop
  endfacet
  facet normal 0.0784221 -0.99692 0
    outer loop
      vertex -5.78982 6.49639 0
      vertex -5.65685 6.50685 4
      vertex -5.78982 6.49639 4
    endloop
  endfacet
  facet normal 0.0784221 -0.99692 0
    outer loop
      vertex -5.65685 6.50685 4
      vertex -5.78982 6.49639 0
      vertex -5.65685 6.50685 0
    endloop
  endfacet
  facet normal -0.852633 0.522511 0
    outer loop
      vertex -4.96919 5.15724 0
      vertex -4.8995 5.27096 3
      vertex -4.8995 5.27096 0
    endloop
  endfacet
  facet normal -0.852633 0.522511 0
    outer loop
      vertex -4.8995 5.27096 3
      vertex -4.96919 5.15724 0
      vertex -4.96919 5.15724 3
    endloop
  endfacet
  facet normal -0.760409 -0.649444 0
    outer loop
      vertex -4.96919 6.15647 0
      vertex -5.05581 6.25789 3
      vertex -5.05581 6.25789 0
    endloop
  endfacet
  facet normal -0.760409 -0.649444 0
    outer loop
      vertex -5.05581 6.25789 3
      vertex -4.96919 6.15647 0
      vertex -4.96919 6.15647 3
    endloop
  endfacet
  facet normal 0.382661 0.923889 -0
    outer loop
      vertex -5.91952 4.84846 0
      vertex -6.04275 4.8995 3
      vertex -5.91952 4.84846 3
    endloop
  endfacet
  facet normal 0.382661 0.923889 0
    outer loop
      vertex -6.04275 4.8995 3
      vertex -5.91952 4.84846 0
      vertex -6.04275 4.8995 0
    endloop
  endfacet
  facet normal 0.972363 0.233475 0
    outer loop
      vertex -6.46525 5.39419 3
      vertex -6.49639 5.52388 0
      vertex -6.49639 5.52388 3
    endloop
  endfacet
  facet normal 0.972363 0.233475 0
    outer loop
      vertex -6.49639 5.52388 0
      vertex -6.46525 5.39419 3
      vertex -6.46525 5.39419 0
    endloop
  endfacet
  facet normal 0.852633 0.522511 0
    outer loop
      vertex -6.34452 5.15724 3
      vertex -6.41421 5.27096 0
      vertex -6.41421 5.27096 3
    endloop
  endfacet
  facet normal 0.852633 0.522511 0
    outer loop
      vertex -6.41421 5.27096 0
      vertex -6.34452 5.15724 3
      vertex -6.34452 5.15724 0
    endloop
  endfacet
  facet normal 0.382661 -0.923889 0
    outer loop
      vertex -6.04275 6.41421 0
      vertex -5.91952 6.46525 4
      vertex -6.04275 6.41421 4
    endloop
  endfacet
  facet normal 0.382661 -0.923889 0
    outer loop
      vertex -5.91952 6.46525 4
      vertex -6.04275 6.41421 0
      vertex -5.91952 6.46525 0
    endloop
  endfacet
  facet normal 0.760404 0.649451 0
    outer loop
      vertex -6.25789 5.05581 3
      vertex -6.34452 5.15724 0
      vertex -6.34452 5.15724 3
    endloop
  endfacet
  facet normal 0.760404 0.649451 0
    outer loop
      vertex -6.34452 5.15724 0
      vertex -6.25789 5.05581 3
      vertex -6.25789 5.05581 0
    endloop
  endfacet
  facet normal 0.99692 0.0784221 0
    outer loop
      vertex -6.49639 5.52388 3
      vertex -6.50685 5.65685 0
      vertex -6.50685 5.65685 3
    endloop
  endfacet
  facet normal 0.99692 0.0784221 0
    outer loop
      vertex -6.50685 5.65685 0
      vertex -6.49639 5.52388 3
      vertex -6.49639 5.52388 0
    endloop
  endfacet
  facet normal 0.0784966 0.996914 -0
    outer loop
      vertex -5.65685 4.80685 0
      vertex -5.78982 4.81732 3
      vertex -5.65685 4.80685 3
    endloop
  endfacet
  facet normal 0.0784966 0.996914 0
    outer loop
      vertex -5.78982 4.81732 3
      vertex -5.65685 4.80685 0
      vertex -5.78982 4.81732 0
    endloop
  endfacet
  facet normal -0.0784966 0.996914 0
    outer loop
      vertex -5.52388 4.81732 0
      vertex -5.65685 4.80685 3
      vertex -5.52388 4.81732 3
    endloop
  endfacet
  facet normal -0.0784966 0.996914 0
    outer loop
      vertex -5.65685 4.80685 3
      vertex -5.52388 4.81732 0
      vertex -5.65685 4.80685 0
    endloop
  endfacet
  facet normal 0 0 -1
    outer loop
      vertex -5.24777 6.4 4
      vertex -5.39419 6.46525 4
      vertex -5.27096 6.41421 4
    endloop
  endfacet
  facet normal 0 0 -1
    outer loop
      vertex -5.24777 6.4 4
      vertex -5.52388 6.49639 4
      vertex -5.39419 6.46525 4
    endloop
  endfacet
  facet normal 0 0 -1
    outer loop
      vertex -5.24777 6.4 4
      vertex -5.65685 6.50685 4
      vertex -5.52388 6.49639 4
    endloop
  endfacet
  facet normal 0 0 -1
    outer loop
      vertex -5.24777 6.4 4
      vertex -5.78982 6.49639 4
      vertex -5.65685 6.50685 4
    endloop
  endfacet
  facet normal 0 0 -1
    outer loop
      vertex -5.24777 6.4 4
      vertex -5.91952 6.46525 4
      vertex -5.78982 6.49639 4
    endloop
  endfacet
  facet normal 0 0 -1
    outer loop
      vertex -6.06593 6.4 4
      vertex -5.91952 6.46525 4
      vertex -5.24777 6.4 4
    endloop
  endfacet
  facet normal 0 0 -1
    outer loop
      vertex -5.91952 6.46525 4
      vertex -6.06593 6.4 4
      vertex -6.04275 6.41421 4
    endloop
  endfacet
  facet normal 0.923889 0.382661 0
    outer loop
      vertex -6.41421 5.27096 3
      vertex -6.46525 5.39419 0
      vertex -6.46525 5.39419 3
    endloop
  endfacet
  facet normal 0.923889 0.382661 0
    outer loop
      vertex -6.46525 5.39419 0
      vertex -6.41421 5.27096 3
      vertex -6.41421 5.27096 0
    endloop
  endfacet
  facet normal -0.0784221 0.99692 0
    outer loop
      vertex -5.52388 -6.49639 0
      vertex -5.65685 -6.50685 4
      vertex -5.52388 -6.49639 4
    endloop
  endfacet
  facet normal -0.0784221 0.99692 0
    outer loop
      vertex -5.65685 -6.50685 4
      vertex -5.52388 -6.49639 0
      vertex -5.65685 -6.50685 0
    endloop
  endfacet
  facet normal -0.972363 -0.233475 0
    outer loop
      vertex -4.81732 -5.52388 0
      vertex -4.84846 -5.39419 3
      vertex -4.84846 -5.39419 0
    endloop
  endfacet
  facet normal -0.972363 -0.233475 0
    outer loop
      vertex -4.84846 -5.39419 3
      vertex -4.81732 -5.52388 0
      vertex -4.81732 -5.52388 3
    endloop
  endfacet
  facet normal -0.996914 -0.0784966 0
    outer loop
      vertex -4.80685 -5.65685 0
      vertex -4.81732 -5.52388 3
      vertex -4.81732 -5.52388 0
    endloop
  endfacet
  facet normal -0.996914 -0.0784966 0
    outer loop
      vertex -4.81732 -5.52388 3
      vertex -4.80685 -5.65685 0
      vertex -4.80685 -5.65685 3
    endloop
  endfacet
  facet normal -0.923889 -0.382661 0
    outer loop
      vertex -4.84846 -5.39419 0
      vertex -4.8995 -5.27096 3
      vertex -4.8995 -5.27096 0
    endloop
  endfacet
  facet normal -0.923889 -0.382661 0
    outer loop
      vertex -4.8995 -5.27096 3
      vertex -4.84846 -5.39419 0
      vertex -4.84846 -5.39419 3
    endloop
  endfacet
  facet normal 0.99692 -0.0784221 0
    outer loop
      vertex -6.50685 -5.65685 3
      vertex -6.49639 -5.52388 0
      vertex -6.49639 -5.52388 3
    endloop
  endfacet
  facet normal 0.99692 -0.0784221 0
    outer loop
      vertex -6.49639 -5.52388 0
      vertex -6.50685 -5.65685 3
      vertex -6.50685 -5.65685 0
    endloop
  endfacet
  facet normal -0.649407 -0.760441 0
    outer loop
      vertex -5.15724 -4.96919 0
      vertex -5.05581 -5.05581 3
      vertex -5.15724 -4.96919 3
    endloop
  endfacet
  facet normal -0.649407 -0.760441 -0
    outer loop
      vertex -5.05581 -5.05581 3
      vertex -5.15724 -4.96919 0
      vertex -5.05581 -5.05581 0
    endloop
  endfacet
  facet normal -0.923889 0.382661 0
    outer loop
      vertex -4.8995 -6.04275 0
      vertex -4.84846 -5.91952 3
      vertex -4.84846 -5.91952 0
    endloop
  endfacet
  facet normal -0.923889 0.382661 0
    outer loop
      vertex -4.84846 -5.91952 3
      vertex -4.8995 -6.04275 0
      vertex -4.8995 -6.04275 3
    endloop
  endfacet
  facet normal -0.760409 0.649444 0
    outer loop
      vertex -5.05581 -6.25789 0
      vertex -4.96919 -6.15647 3
      vertex -4.96919 -6.15647 0
    endloop
  endfacet
  facet normal -0.760409 0.649444 0
    outer loop
      vertex -4.96919 -6.15647 3
      vertex -5.05581 -6.25789 0
      vertex -5.05581 -6.25789 3
    endloop
  endfacet
  facet normal -0.233475 -0.972363 0
    outer loop
      vertex -5.52388 -4.81732 0
      vertex -5.39419 -4.84846 3
      vertex -5.52388 -4.81732 3
    endloop
  endfacet
  facet normal -0.233475 -0.972363 -0
    outer loop
      vertex -5.39419 -4.84846 3
      vertex -5.52388 -4.81732 0
      vertex -5.39419 -4.84846 0
    endloop
  endfacet
  facet normal -0.382661 0.923889 0
    outer loop
      vertex -5.27096 -6.41421 0
      vertex -5.39419 -6.46525 4
      vertex -5.27096 -6.41421 4
    endloop
  endfacet
  facet normal -0.382661 0.923889 0
    outer loop
      vertex -5.39419 -6.46525 4
      vertex -5.27096 -6.41421 0
      vertex -5.39419 -6.46525 0
    endloop
  endfacet
  facet normal 0.972367 0.233458 0
    outer loop
      vertex -6.46525 -5.91952 3
      vertex -6.49639 -5.78982 0
      vertex -6.49639 -5.78982 3
    endloop
  endfacet
  facet normal 0.972367 0.233458 0
    outer loop
      vertex -6.49639 -5.78982 0
      vertex -6.46525 -5.91952 3
      vertex -6.46525 -5.91952 0
    endloop
  endfacet
  facet normal 0.923889 -0.382661 0
    outer loop
      vertex -6.46525 -5.39419 3
      vertex -6.41421 -5.27096 0
      vertex -6.41421 -5.27096 3
    endloop
  endfacet
  facet normal 0.923889 -0.382661 0
    outer loop
      vertex -6.41421 -5.27096 0
      vertex -6.46525 -5.39419 3
      vertex -6.46525 -5.39419 0
    endloop
  endfacet
  facet normal -0.233475 0.972363 0
    outer loop
      vertex -5.39419 -6.46525 0
      vertex -5.52388 -6.49639 4
      vertex -5.39419 -6.46525 4
    endloop
  endfacet
  facet normal -0.233475 0.972363 0
    outer loop
      vertex -5.52388 -6.49639 4
      vertex -5.39419 -6.46525 0
      vertex -5.52388 -6.49639 0
    endloop
  endfacet
  facet normal 0.52264 0.852554 0
    outer loop
      vertex -6.04275 -6.41421 4
      vertex -6.06593 -6.4 3
      vertex -6.06593 -6.4 4
    endloop
  endfacet
  facet normal 0.52264 0.852554 -0
    outer loop
      vertex -6.04275 -6.41421 0
      vertex -6.06593 -6.4 3
      vertex -6.04275 -6.41421 4
    endloop
  endfacet
  facet normal 0.522478 0.852653 -1.71711e-06
    outer loop
      vertex -6.04275 -6.41421 0
      vertex -6.15647 -6.34452 3
      vertex -6.06593 -6.4 3
    endloop
  endfacet
  facet normal 0.522511 0.852633 0
    outer loop
      vertex -6.15647 -6.34452 3
      vertex -6.04275 -6.41421 0
      vertex -6.15647 -6.34452 0
    endloop
  endfacet
  facet normal -0.382661 -0.923889 0
    outer loop
      vertex -5.39419 -4.84846 0
      vertex -5.27096 -4.8995 3
      vertex -5.39419 -4.84846 3
    endloop
  endfacet
  facet normal -0.382661 -0.923889 -0
    outer loop
      vertex -5.27096 -4.8995 3
      vertex -5.39419 -4.84846 0
      vertex -5.27096 -4.8995 0
    endloop
  endfacet
  facet normal 0.382661 -0.923889 0
    outer loop
      vertex -6.04275 -4.8995 0
      vertex -5.91952 -4.84846 3
      vertex -6.04275 -4.8995 3
    endloop
  endfacet
  facet normal 0.382661 -0.923889 0
    outer loop
      vertex -5.91952 -4.84846 3
      vertex -6.04275 -4.8995 0
      vertex -5.91952 -4.84846 0
    endloop
  endfacet
  facet normal 0.760404 -0.649451 0
    outer loop
      vertex -6.34452 -5.15724 3
      vertex -6.25789 -5.05581 0
      vertex -6.25789 -5.05581 3
    endloop
  endfacet
  facet normal 0.760404 -0.649451 0
    outer loop
      vertex -6.25789 -5.05581 0
      vertex -6.34452 -5.15724 3
      vertex -6.34452 -5.15724 0
    endloop
  endfacet
  facet normal -0.649451 0.760404 0
    outer loop
      vertex -5.05581 -6.25789 0
      vertex -5.15724 -6.34452 3
      vertex -5.05581 -6.25789 3
    endloop
  endfacet
  facet normal -0.649451 0.760404 0
    outer loop
      vertex -5.15724 -6.34452 3
      vertex -5.05581 -6.25789 0
      vertex -5.15724 -6.34452 0
    endloop
  endfacet
  facet normal -0.852633 0.522511 0
    outer loop
      vertex -4.96919 -6.15647 0
      vertex -4.8995 -6.04275 3
      vertex -4.8995 -6.04275 0
    endloop
  endfacet
  facet normal -0.852633 0.522511 0
    outer loop
      vertex -4.8995 -6.04275 3
      vertex -4.96919 -6.15647 0
      vertex -4.96919 -6.15647 3
    endloop
  endfacet
  facet normal -0.0784966 -0.996914 0
    outer loop
      vertex -5.65685 -4.80685 0
      vertex -5.52388 -4.81732 3
      vertex -5.65685 -4.80685 3
    endloop
  endfacet
  facet normal -0.0784966 -0.996914 -0
    outer loop
      vertex -5.52388 -4.81732 3
      vertex -5.65685 -4.80685 0
      vertex -5.52388 -4.81732 0
    endloop
  endfacet
  facet normal 0.649488 0.760372 -0
    outer loop
      vertex -6.15647 -6.34452 0
      vertex -6.25789 -6.25789 3
      vertex -6.15647 -6.34452 3
    endloop
  endfacet
  facet normal 0.649488 0.760372 0
    outer loop
      vertex -6.25789 -6.25789 3
      vertex -6.15647 -6.34452 0
      vertex -6.25789 -6.25789 0
    endloop
  endfacet
  facet normal 0.852633 -0.522511 0
    outer loop
      vertex -6.41421 -5.27096 3
      vertex -6.34452 -5.15724 0
      vertex -6.34452 -5.15724 3
    endloop
  endfacet
  facet normal 0.852633 -0.522511 0
    outer loop
      vertex -6.34452 -5.15724 0
      vertex -6.41421 -5.27096 3
      vertex -6.41421 -5.27096 0
    endloop
  endfacet
  facet normal -0.972367 0.233458 0
    outer loop
      vertex -4.84846 -5.91952 0
      vertex -4.81732 -5.78982 3
      vertex -4.81732 -5.78982 0
    endloop
  endfacet
  facet normal -0.972367 0.233458 0
    outer loop
      vertex -4.81732 -5.78982 3
      vertex -4.84846 -5.91952 0
      vertex -4.84846 -5.91952 3
    endloop
  endfacet
  facet normal -0.996914 0.0784966 0
    outer loop
      vertex -4.81732 -5.78982 0
      vertex -4.80685 -5.65685 3
      vertex -4.80685 -5.65685 0
    endloop
  endfacet
  facet normal -0.996914 0.0784966 0
    outer loop
      vertex -4.80685 -5.65685 3
      vertex -4.81732 -5.78982 0
      vertex -4.81732 -5.78982 3
    endloop
  endfacet
  facet normal 0.522511 -0.852633 0
    outer loop
      vertex -6.15647 -4.96919 0
      vertex -6.04275 -4.8995 3
      vertex -6.15647 -4.96919 3
    endloop
  endfacet
  facet normal 0.522511 -0.852633 0
    outer loop
      vertex -6.04275 -4.8995 3
      vertex -6.15647 -4.96919 0
      vertex -6.04275 -4.8995 0
    endloop
  endfacet
  facet normal -0.522511 -0.852633 0
    outer loop
      vertex -5.27096 -4.8995 0
      vertex -5.15724 -4.96919 3
      vertex -5.27096 -4.8995 3
    endloop
  endfacet
  facet normal -0.522511 -0.852633 -0
    outer loop
      vertex -5.15724 -4.96919 3
      vertex -5.27096 -4.8995 0
      vertex -5.15724 -4.96919 0
    endloop
  endfacet
  facet normal 0.852633 0.522511 0
    outer loop
      vertex -6.34452 -6.15647 3
      vertex -6.41421 -6.04275 0
      vertex -6.41421 -6.04275 3
    endloop
  endfacet
  facet normal 0.852633 0.522511 0
    outer loop
      vertex -6.41421 -6.04275 0
      vertex -6.34452 -6.15647 3
      vertex -6.34452 -6.15647 0
    endloop
  endfacet
  facet normal -0.52252 0.852627 0
    outer loop
      vertex -5.15724 -6.34452 3
      vertex -5.15724 -6.34452 0
      vertex -5.24777 -6.4 3
    endloop
  endfacet
  facet normal -0.522476 0.852654 0
    outer loop
      vertex -5.24777 -6.4 3
      vertex -5.27096 -6.41421 4
      vertex -5.24777 -6.4 4
    endloop
  endfacet
  facet normal -0.522476 0.852654 0
    outer loop
      vertex -5.24777 -6.4 3
      vertex -5.27096 -6.41421 0
      vertex -5.27096 -6.41421 4
    endloop
  endfacet
  facet normal -0.522511 0.852633 3.74632e-07
    outer loop
      vertex -5.27096 -6.41421 0
      vertex -5.24777 -6.4 3
      vertex -5.15724 -6.34452 0
    endloop
  endfacet
  facet normal 0.233458 -0.972367 0
    outer loop
      vertex -5.91952 -4.84846 0
      vertex -5.78982 -4.81732 3
      vertex -5.91952 -4.84846 3
    endloop
  endfacet
  facet normal 0.233458 -0.972367 0
    outer loop
      vertex -5.78982 -4.81732 3
      vertex -5.91952 -4.84846 0
      vertex -5.78982 -4.81732 0
    endloop
  endfacet
  facet normal -0.760441 -0.649407 0
    outer loop
      vertex -4.96919 -5.15724 0
      vertex -5.05581 -5.05581 3
      vertex -5.05581 -5.05581 0
    endloop
  endfacet
  facet normal -0.760441 -0.649407 0
    outer loop
      vertex -5.05581 -5.05581 3
      vertex -4.96919 -5.15724 0
      vertex -4.96919 -5.15724 3
    endloop
  endfacet
  facet normal 0.233458 0.972367 -0
    outer loop
      vertex -5.78982 -6.49639 0
      vertex -5.91952 -6.46525 4
      vertex -5.78982 -6.49639 4
    endloop
  endfacet
  facet normal 0.233458 0.972367 0
    outer loop
      vertex -5.91952 -6.46525 4
      vertex -5.78982 -6.49639 0
      vertex -5.91952 -6.46525 0
    endloop
  endfacet
  facet normal -0.852633 -0.522511 0
    outer loop
      vertex -4.8995 -5.27096 0
      vertex -4.96919 -5.15724 3
      vertex -4.96919 -5.15724 0
    endloop
  endfacet
  facet normal -0.852633 -0.522511 0
    outer loop
      vertex -4.96919 -5.15724 3
      vertex -4.8995 -5.27096 0
      vertex -4.8995 -5.27096 3
    endloop
  endfacet
  facet normal 0.760372 0.649488 0
    outer loop
      vertex -6.25789 -6.25789 3
      vertex -6.34452 -6.15647 0
      vertex -6.34452 -6.15647 3
    endloop
  endfacet
  facet normal 0.760372 0.649488 0
    outer loop
      vertex -6.34452 -6.15647 0
      vertex -6.25789 -6.25789 3
      vertex -6.25789 -6.25789 0
    endloop
  endfacet
  facet normal 0.99692 0.0784221 0
    outer loop
      vertex -6.49639 -5.78982 3
      vertex -6.50685 -5.65685 0
      vertex -6.50685 -5.65685 3
    endloop
  endfacet
  facet normal 0.99692 0.0784221 0
    outer loop
      vertex -6.50685 -5.65685 0
      vertex -6.49639 -5.78982 3
      vertex -6.49639 -5.78982 0
    endloop
  endfacet
  facet normal 0.972363 -0.233475 0
    outer loop
      vertex -6.49639 -5.52388 3
      vertex -6.46525 -5.39419 0
      vertex -6.46525 -5.39419 3
    endloop
  endfacet
  facet normal 0.972363 -0.233475 0
    outer loop
      vertex -6.46525 -5.39419 0
      vertex -6.49639 -5.52388 3
      vertex -6.49639 -5.52388 0
    endloop
  endfacet
  facet normal 0.0784966 -0.996914 0
    outer loop
      vertex -5.78982 -4.81732 0
      vertex -5.65685 -4.80685 3
      vertex -5.78982 -4.81732 3
    endloop
  endfacet
  facet normal 0.0784966 -0.996914 0
    outer loop
      vertex -5.65685 -4.80685 3
      vertex -5.78982 -4.81732 0
      vertex -5.65685 -4.80685 0
    endloop
  endfacet
  facet normal 0.382661 0.923889 -0
    outer loop
      vertex -5.91952 -6.46525 0
      vertex -6.04275 -6.41421 4
      vertex -5.91952 -6.46525 4
    endloop
  endfacet
  facet normal 0.382661 0.923889 0
    outer loop
      vertex -6.04275 -6.41421 4
      vertex -5.91952 -6.46525 0
      vertex -6.04275 -6.41421 0
    endloop
  endfacet
  facet normal 0.923889 0.382661 0
    outer loop
      vertex -6.41421 -6.04275 3
      vertex -6.46525 -5.91952 0
      vertex -6.46525 -5.91952 3
    endloop
  endfacet
  facet normal 0.923889 0.382661 0
    outer loop
      vertex -6.46525 -5.91952 0
      vertex -6.41421 -6.04275 3
      vertex -6.41421 -6.04275 0
    endloop
  endfacet
  facet normal 0.0784221 0.99692 -0
    outer loop
      vertex -5.65685 -6.50685 0
      vertex -5.78982 -6.49639 4
      vertex -5.65685 -6.50685 4
    endloop
  endfacet
  facet normal 0.0784221 0.99692 0
    outer loop
      vertex -5.78982 -6.49639 4
      vertex -5.65685 -6.50685 0
      vertex -5.78982 -6.49639 0
    endloop
  endfacet
  facet normal 0.649444 -0.760409 0
    outer loop
      vertex -6.25789 -5.05581 0
      vertex -6.15647 -4.96919 3
      vertex -6.25789 -5.05581 3
    endloop
  endfacet
  facet normal 0.649444 -0.760409 0
    outer loop
      vertex -6.15647 -4.96919 3
      vertex -6.25789 -5.05581 0
      vertex -6.15647 -4.96919 0
    endloop
  endfacet
  facet normal 0 0 -1
    outer loop
      vertex -5.39419 -6.46525 4
      vertex -5.24777 -6.4 4
      vertex -5.27096 -6.41421 4
    endloop
  endfacet
  facet normal 0 0 -1
    outer loop
      vertex -5.52388 -6.49639 4
      vertex -5.24777 -6.4 4
      vertex -5.39419 -6.46525 4
    endloop
  endfacet
  facet normal 0 0 -1
    outer loop
      vertex -5.65685 -6.50685 4
      vertex -5.24777 -6.4 4
      vertex -5.52388 -6.49639 4
    endloop
  endfacet
  facet normal 0 0 -1
    outer loop
      vertex -5.78982 -6.49639 4
      vertex -5.24777 -6.4 4
      vertex -5.65685 -6.50685 4
    endloop
  endfacet
  facet normal 0 0 -1
    outer loop
      vertex -5.91952 -6.46525 4
      vertex -5.24777 -6.4 4
      vertex -5.78982 -6.49639 4
    endloop
  endfacet
  facet normal 0 0 -1
    outer loop
      vertex -6.06593 -6.4 4
      vertex -5.91952 -6.46525 4
      vertex -6.04275 -6.41421 4
    endloop
  endfacet
  facet normal 0 0 -1
    outer loop
      vertex -5.91952 -6.46525 4
      vertex -6.06593 -6.4 4
      vertex -5.24777 -6.4 4
    endloop
  endfacet
  facet normal -0.972363 -0.233475 0
    outer loop
      vertex 6.49639 -5.52388 0
      vertex 6.46525 -5.39419 3
      vertex 6.46525 -5.39419 0
    endloop
  endfacet
  facet normal -0.972363 -0.233475 0
    outer loop
      vertex 6.46525 -5.39419 3
      vertex 6.49639 -5.52388 0
      vertex 6.49639 -5.52388 3
    endloop
  endfacet
  facet normal -0.99692 -0.0784221 0
    outer loop
      vertex 6.50685 -5.65685 0
      vertex 6.49639 -5.52388 3
      vertex 6.49639 -5.52388 0
    endloop
  endfacet
  facet normal -0.99692 -0.0784221 0
    outer loop
      vertex 6.49639 -5.52388 3
      vertex 6.50685 -5.65685 0
      vertex 6.50685 -5.65685 3
    endloop
  endfacet
  facet normal 0.0784221 0.99692 -0
    outer loop
      vertex 5.65685 -6.50685 0
      vertex 5.52388 -6.49639 3
      vertex 5.65685 -6.50685 3
    endloop
  endfacet
  facet normal 0.0784221 0.99692 0
    outer loop
      vertex 5.52388 -6.49639 3
      vertex 5.65685 -6.50685 0
      vertex 5.52388 -6.49639 0
    endloop
  endfacet
  facet normal 0.233475 -0.972363 0
    outer loop
      vertex 5.39419 -4.84846 0
      vertex 5.52388 -4.81732 3
      vertex 5.39419 -4.84846 3
    endloop
  endfacet
  facet normal 0.233475 -0.972363 0
    outer loop
      vertex 5.52388 -4.81732 3
      vertex 5.39419 -4.84846 0
      vertex 5.52388 -4.81732 0
    endloop
  endfacet
  facet normal 0.649451 0.760404 -0
    outer loop
      vertex 5.15724 -6.34452 0
      vertex 5.05581 -6.25789 3
      vertex 5.15724 -6.34452 3
    endloop
  endfacet
  facet normal 0.649451 0.760404 0
    outer loop
      vertex 5.05581 -6.25789 3
      vertex 5.15724 -6.34452 0
      vertex 5.05581 -6.25789 0
    endloop
  endfacet
  facet normal 0.852633 0.522511 0
    outer loop
      vertex 4.96919 -6.15647 3
      vertex 4.8995 -6.04275 0
      vertex 4.8995 -6.04275 3
    endloop
  endfacet
  facet normal 0.852633 0.522511 0
    outer loop
      vertex 4.8995 -6.04275 0
      vertex 4.96919 -6.15647 3
      vertex 4.96919 -6.15647 0
    endloop
  endfacet
  facet normal -0.923889 0.382661 0
    outer loop
      vertex 6.41421 -6.04275 0
      vertex 6.46525 -5.91952 3
      vertex 6.46525 -5.91952 0
    endloop
  endfacet
  facet normal -0.923889 0.382661 0
    outer loop
      vertex 6.46525 -5.91952 3
      vertex 6.41421 -6.04275 0
      vertex 6.41421 -6.04275 3
    endloop
  endfacet
  facet normal -0.522511 0.852633 0
    outer loop
      vertex 6.15647 -6.34452 0
      vertex 6.04275 -6.41421 3
      vertex 6.15647 -6.34452 3
    endloop
  endfacet
  facet normal -0.522511 0.852633 0
    outer loop
      vertex 6.04275 -6.41421 3
      vertex 6.15647 -6.34452 0
      vertex 6.04275 -6.41421 0
    endloop
  endfacet
  facet normal -0.852633 0.522511 0
    outer loop
      vertex 6.34452 -6.15647 0
      vertex 6.41421 -6.04275 3
      vertex 6.41421 -6.04275 0
    endloop
  endfacet
  facet normal -0.852633 0.522511 0
    outer loop
      vertex 6.41421 -6.04275 3
      vertex 6.34452 -6.15647 0
      vertex 6.34452 -6.15647 3
    endloop
  endfacet
  facet normal -0.382661 0.923889 0
    outer loop
      vertex 6.04275 -6.41421 0
      vertex 5.91952 -6.46525 3
      vertex 6.04275 -6.41421 3
    endloop
  endfacet
  facet normal -0.382661 0.923889 0
    outer loop
      vertex 5.91952 -6.46525 3
      vertex 6.04275 -6.41421 0
      vertex 5.91952 -6.46525 0
    endloop
  endfacet
  facet normal -0.522511 -0.852633 0
    outer loop
      vertex 6.04275 -4.8995 0
      vertex 6.15647 -4.96919 3
      vertex 6.04275 -4.8995 3
    endloop
  endfacet
  facet normal -0.522511 -0.852633 -0
    outer loop
      vertex 6.15647 -4.96919 3
      vertex 6.04275 -4.8995 0
      vertex 6.15647 -4.96919 0
    endloop
  endfacet
  facet normal -0.382661 -0.923889 0
    outer loop
      vertex 5.91952 -4.84846 0
      vertex 6.04275 -4.8995 3
      vertex 5.91952 -4.84846 3
    endloop
  endfacet
  facet normal -0.382661 -0.923889 -0
    outer loop
      vertex 6.04275 -4.8995 3
      vertex 5.91952 -4.84846 0
      vertex 6.04275 -4.8995 0
    endloop
  endfacet
  facet normal -0.972367 0.233458 0
    outer loop
      vertex 6.46525 -5.91952 0
      vertex 6.49639 -5.78982 3
      vertex 6.49639 -5.78982 0
    endloop
  endfacet
  facet normal -0.972367 0.233458 0
    outer loop
      vertex 6.49639 -5.78982 3
      vertex 6.46525 -5.91952 0
      vertex 6.46525 -5.91952 3
    endloop
  endfacet
  facet normal 0.923889 0.382661 0
    outer loop
      vertex 4.8995 -6.04275 3
      vertex 4.84846 -5.91952 0
      vertex 4.84846 -5.91952 3
    endloop
  endfacet
  facet normal 0.923889 0.382661 0
    outer loop
      vertex 4.84846 -5.91952 0
      vertex 4.8995 -6.04275 3
      vertex 4.8995 -6.04275 0
    endloop
  endfacet
  facet normal 0.649407 -0.760441 0
    outer loop
      vertex 5.05581 -5.05581 0
      vertex 5.15724 -4.96919 3
      vertex 5.05581 -5.05581 3
    endloop
  endfacet
  facet normal 0.649407 -0.760441 0
    outer loop
      vertex 5.15724 -4.96919 3
      vertex 5.05581 -5.05581 0
      vertex 5.15724 -4.96919 0
    endloop
  endfacet
  facet normal -0.0784221 0.99692 0
    outer loop
      vertex 5.78982 -6.49639 0
      vertex 5.65685 -6.50685 3
      vertex 5.78982 -6.49639 3
    endloop
  endfacet
  facet normal -0.0784221 0.99692 0
    outer loop
      vertex 5.65685 -6.50685 3
      vertex 5.78982 -6.49639 0
      vertex 5.65685 -6.50685 0
    endloop
  endfacet
  facet normal -0.233458 0.972367 0
    outer loop
      vertex 5.91952 -6.46525 0
      vertex 5.78982 -6.49639 3
      vertex 5.91952 -6.46525 3
    endloop
  endfacet
  facet normal -0.233458 0.972367 0
    outer loop
      vertex 5.78982 -6.49639 3
      vertex 5.91952 -6.46525 0
      vertex 5.78982 -6.49639 0
    endloop
  endfacet
  facet normal -0.760404 -0.649451 0
    outer loop
      vertex 6.34452 -5.15724 0
      vertex 6.25789 -5.05581 3
      vertex 6.25789 -5.05581 0
    endloop
  endfacet
  facet normal -0.760404 -0.649451 0
    outer loop
      vertex 6.25789 -5.05581 3
      vertex 6.34452 -5.15724 0
      vertex 6.34452 -5.15724 3
    endloop
  endfacet
  facet normal 0.382661 -0.923889 0
    outer loop
      vertex 5.27096 -4.8995 0
      vertex 5.39419 -4.84846 3
      vertex 5.27096 -4.8995 3
    endloop
  endfacet
  facet normal 0.382661 -0.923889 0
    outer loop
      vertex 5.39419 -4.84846 3
      vertex 5.27096 -4.8995 0
      vertex 5.39419 -4.84846 0
    endloop
  endfacet
  facet normal -0.923889 -0.382661 0
    outer loop
      vertex 6.46525 -5.39419 0
      vertex 6.41421 -5.27096 3
      vertex 6.41421 -5.27096 0
    endloop
  endfacet
  facet normal -0.923889 -0.382661 0
    outer loop
      vertex 6.41421 -5.27096 3
      vertex 6.46525 -5.39419 0
      vertex 6.46525 -5.39419 3
    endloop
  endfacet
  facet normal 0.996914 -0.0784966 0
    outer loop
      vertex 4.80685 -5.65685 3
      vertex 4.81732 -5.52388 0
      vertex 4.81732 -5.52388 3
    endloop
  endfacet
  facet normal 0.996914 -0.0784966 0
    outer loop
      vertex 4.81732 -5.52388 0
      vertex 4.80685 -5.65685 3
      vertex 4.80685 -5.65685 0
    endloop
  endfacet
  facet normal 0.996914 0.0784966 0
    outer loop
      vertex 4.81732 -5.78982 3
      vertex 4.80685 -5.65685 0
      vertex 4.80685 -5.65685 3
    endloop
  endfacet
  facet normal 0.996914 0.0784966 0
    outer loop
      vertex 4.80685 -5.65685 0
      vertex 4.81732 -5.78982 3
      vertex 4.81732 -5.78982 0
    endloop
  endfacet
  facet normal 0.923889 -0.382661 0
    outer loop
      vertex 4.84846 -5.39419 3
      vertex 4.8995 -5.27096 0
      vertex 4.8995 -5.27096 3
    endloop
  endfacet
  facet normal 0.923889 -0.382661 0
    outer loop
      vertex 4.8995 -5.27096 0
      vertex 4.84846 -5.39419 3
      vertex 4.84846 -5.39419 0
    endloop
  endfacet
  facet normal -0.99692 0.0784221 0
    outer loop
      vertex 6.49639 -5.78982 0
      vertex 6.50685 -5.65685 3
      vertex 6.50685 -5.65685 0
    endloop
  endfacet
  facet normal -0.99692 0.0784221 0
    outer loop
      vertex 6.50685 -5.65685 3
      vertex 6.49639 -5.78982 0
      vertex 6.49639 -5.78982 3
    endloop
  endfacet
  facet normal -0.760372 0.649488 0
    outer loop
      vertex 6.25789 -6.25789 0
      vertex 6.34452 -6.15647 3
      vertex 6.34452 -6.15647 0
    endloop
  endfacet
  facet normal -0.760372 0.649488 0
    outer loop
      vertex 6.34452 -6.15647 3
      vertex 6.25789 -6.25789 0
      vertex 6.25789 -6.25789 3
    endloop
  endfacet
  facet normal -0.649444 -0.760409 0
    outer loop
      vertex 6.15647 -4.96919 0
      vertex 6.25789 -5.05581 3
      vertex 6.15647 -4.96919 3
    endloop
  endfacet
  facet normal -0.649444 -0.760409 -0
    outer loop
      vertex 6.25789 -5.05581 3
      vertex 6.15647 -4.96919 0
      vertex 6.25789 -5.05581 0
    endloop
  endfacet
  facet normal -0.649488 0.760372 0
    outer loop
      vertex 6.25789 -6.25789 0
      vertex 6.15647 -6.34452 3
      vertex 6.25789 -6.25789 3
    endloop
  endfacet
  facet normal -0.649488 0.760372 0
    outer loop
      vertex 6.15647 -6.34452 3
      vertex 6.25789 -6.25789 0
      vertex 6.15647 -6.34452 0
    endloop
  endfacet
  facet normal 0.972367 0.233458 0
    outer loop
      vertex 4.84846 -5.91952 3
      vertex 4.81732 -5.78982 0
      vertex 4.81732 -5.78982 3
    endloop
  endfacet
  facet normal 0.972367 0.233458 0
    outer loop
      vertex 4.81732 -5.78982 0
      vertex 4.84846 -5.91952 3
      vertex 4.84846 -5.91952 0
    endloop
  endfacet
  facet normal 0.760441 -0.649407 0
    outer loop
      vertex 4.96919 -5.15724 3
      vertex 5.05581 -5.05581 0
      vertex 5.05581 -5.05581 3
    endloop
  endfacet
  facet normal 0.760441 -0.649407 0
    outer loop
      vertex 5.05581 -5.05581 0
      vertex 4.96919 -5.15724 3
      vertex 4.96919 -5.15724 0
    endloop
  endfacet
  facet normal -0.0784966 -0.996914 0
    outer loop
      vertex 5.65685 -4.80685 0
      vertex 5.78982 -4.81732 3
      vertex 5.65685 -4.80685 3
    endloop
  endfacet
  facet normal -0.0784966 -0.996914 -0
    outer loop
      vertex 5.78982 -4.81732 3
      vertex 5.65685 -4.80685 0
      vertex 5.78982 -4.81732 0
    endloop
  endfacet
  facet normal -0.852633 -0.522511 0
    outer loop
      vertex 6.41421 -5.27096 0
      vertex 6.34452 -5.15724 3
      vertex 6.34452 -5.15724 0
    endloop
  endfacet
  facet normal -0.852633 -0.522511 0
    outer loop
      vertex 6.34452 -5.15724 3
      vertex 6.41421 -5.27096 0
      vertex 6.41421 -5.27096 3
    endloop
  endfacet
  facet normal 0.972363 -0.233475 0
    outer loop
      vertex 4.81732 -5.52388 3
      vertex 4.84846 -5.39419 0
      vertex 4.84846 -5.39419 3
    endloop
  endfacet
  facet normal 0.972363 -0.233475 0
    outer loop
      vertex 4.84846 -5.39419 0
      vertex 4.81732 -5.52388 3
      vertex 4.81732 -5.52388 0
    endloop
  endfacet
  facet normal -0.233458 -0.972367 0
    outer loop
      vertex 5.78982 -4.81732 0
      vertex 5.91952 -4.84846 3
      vertex 5.78982 -4.81732 3
    endloop
  endfacet
  facet normal -0.233458 -0.972367 -0
    outer loop
      vertex 5.91952 -4.84846 3
      vertex 5.78982 -4.81732 0
      vertex 5.91952 -4.84846 0
    endloop
  endfacet
  facet normal 0.233475 0.972363 -0
    outer loop
      vertex 5.52388 -6.49639 0
      vertex 5.39419 -6.46525 3
      vertex 5.52388 -6.49639 3
    endloop
  endfacet
  facet normal 0.233475 0.972363 0
    outer loop
      vertex 5.39419 -6.46525 3
      vertex 5.52388 -6.49639 0
      vertex 5.39419 -6.46525 0
    endloop
  endfacet
  facet normal 0.522511 0.852633 -0
    outer loop
      vertex 5.27096 -6.41421 0
      vertex 5.15724 -6.34452 3
      vertex 5.27096 -6.41421 3
    endloop
  endfacet
  facet normal 0.522511 0.852633 0
    outer loop
      vertex 5.15724 -6.34452 3
      vertex 5.27096 -6.41421 0
      vertex 5.15724 -6.34452 0
    endloop
  endfacet
  facet normal 0.760409 0.649444 0
    outer loop
      vertex 5.05581 -6.25789 3
      vertex 4.96919 -6.15647 0
      vertex 4.96919 -6.15647 3
    endloop
  endfacet
  facet normal 0.760409 0.649444 0
    outer loop
      vertex 4.96919 -6.15647 0
      vertex 5.05581 -6.25789 3
      vertex 5.05581 -6.25789 0
    endloop
  endfacet
  facet normal 0.382661 0.923889 -0
    outer loop
      vertex 5.39419 -6.46525 0
      vertex 5.27096 -6.41421 3
      vertex 5.39419 -6.46525 3
    endloop
  endfacet
  facet normal 0.382661 0.923889 0
    outer loop
      vertex 5.27096 -6.41421 3
      vertex 5.39419 -6.46525 0
      vertex 5.27096 -6.41421 0
    endloop
  endfacet
  facet normal 0.0784966 -0.996914 0
    outer loop
      vertex 5.52388 -4.81732 0
      vertex 5.65685 -4.80685 3
      vertex 5.52388 -4.81732 3
    endloop
  endfacet
  facet normal 0.0784966 -0.996914 0
    outer loop
      vertex 5.65685 -4.80685 3
      vertex 5.52388 -4.81732 0
      vertex 5.65685 -4.80685 0
    endloop
  endfacet
  facet normal 0.522511 -0.852633 0
    outer loop
      vertex 5.15724 -4.96919 0
      vertex 5.27096 -4.8995 3
      vertex 5.15724 -4.96919 3
    endloop
  endfacet
  facet normal 0.522511 -0.852633 0
    outer loop
      vertex 5.27096 -4.8995 3
      vertex 5.15724 -4.96919 0
      vertex 5.27096 -4.8995 0
    endloop
  endfacet
  facet normal 0.852633 -0.522511 0
    outer loop
      vertex 4.8995 -5.27096 3
      vertex 4.96919 -5.15724 0
      vertex 4.96919 -5.15724 3
    endloop
  endfacet
  facet normal 0.852633 -0.522511 0
    outer loop
      vertex 4.96919 -5.15724 0
      vertex 4.8995 -5.27096 3
      vertex 4.8995 -5.27096 0
    endloop
  endfacet
  facet normal 0 -0.972366 -0.233461
    outer loop
      vertex -20.1 0.839535 7.33297
      vertex -16.1 0.808397 7.46266
      vertex -20.1 0.808397 7.46266
    endloop
  endfacet
  facet normal 0 -0.972366 -0.233461
    outer loop
      vertex -16.1 0.808397 7.46266
      vertex -20.1 0.839535 7.33297
      vertex -16.1 0.839535 7.33297
    endloop
  endfacet
  facet normal 0 -0.382666 0.923887
    outer loop
      vertex -20.1 0.385892 6.44264
      vertex -16.1 0.262664 6.3916
      vertex -16.1 0.385892 6.44264
    endloop
  endfacet
  facet normal 0 -0.382666 0.923887
    outer loop
      vertex -16.1 0.262664 6.3916
      vertex -20.1 0.385892 6.44264
      vertex -20.1 0.262664 6.3916
    endloop
  endfacet
  facet normal 0 -0.0784972 -0.996914
    outer loop
      vertex -20.1 0 8.05
      vertex -16.1 0.132969 8.03953
      vertex -16.1 0 8.05
    endloop
  endfacet
  facet normal -0 -0.0784972 -0.996914
    outer loop
      vertex -16.1 0.132969 8.03953
      vertex -20.1 0 8.05
      vertex -20.1 0.132969 8.03953
    endloop
  endfacet
  facet normal 0 0.85265 -0.522483
    outer loop
      vertex -16.1 -0.757355 7.58589
      vertex -20.1 -0.687664 7.69962
      vertex -16.1 -0.687664 7.69962
    endloop
  endfacet
  facet normal 0 0.85265 -0.522483
    outer loop
      vertex -20.1 -0.687664 7.69962
      vertex -16.1 -0.757355 7.58589
      vertex -20.1 -0.757355 7.58589
    endloop
  endfacet
  facet normal 0 -0.972366 0.233461
    outer loop
      vertex -20.1 0.808397 6.93734
      vertex -16.1 0.839535 7.06703
      vertex -20.1 0.839535 7.06703
    endloop
  endfacet
  facet normal 0 -0.972366 0.233461
    outer loop
      vertex -16.1 0.839535 7.06703
      vertex -20.1 0.808397 6.93734
      vertex -16.1 0.808397 6.93734
    endloop
  endfacet
  facet normal -0 0.0784227 0.99692
    outer loop
      vertex -20.1 0 6.35
      vertex -16.1 -0.132969 6.36046
      vertex -16.1 0 6.35
    endloop
  endfacet
  facet normal 0 0.0784227 0.99692
    outer loop
      vertex -16.1 -0.132969 6.36046
      vertex -20.1 0 6.35
      vertex -20.1 -0.132969 6.36046
    endloop
  endfacet
  facet normal 0 -0.0784227 0.99692
    outer loop
      vertex -20.1 0.132969 6.36046
      vertex -16.1 0 6.35
      vertex -16.1 0.132969 6.36046
    endloop
  endfacet
  facet normal 0 -0.0784227 0.99692
    outer loop
      vertex -16.1 0 6.35
      vertex -20.1 0.132969 6.36046
      vertex -20.1 0 6.35
    endloop
  endfacet
  facet normal 0 -0.522494 0.852643
    outer loop
      vertex -20.1 0.499617 6.51233
      vertex -16.1 0.385892 6.44264
      vertex -16.1 0.499617 6.51233
    endloop
  endfacet
  facet normal 0 -0.522494 0.852643
    outer loop
      vertex -16.1 0.385892 6.44264
      vertex -20.1 0.499617 6.51233
      vertex -20.1 0.385892 6.44264
    endloop
  endfacet
  facet normal 0 -0.760394 -0.649462
    outer loop
      vertex -20.1 0.687664 7.69962
      vertex -16.1 0.60104 7.80104
      vertex -20.1 0.60104 7.80104
    endloop
  endfacet
  facet normal 0 -0.760394 -0.649462
    outer loop
      vertex -16.1 0.60104 7.80104
      vertex -20.1 0.687664 7.69962
      vertex -16.1 0.687664 7.69962
    endloop
  endfacet
  facet normal 0 -0.649477 0.760382
    outer loop
      vertex -20.1 0.60104 6.59896
      vertex -16.1 0.499617 6.51233
      vertex -16.1 0.60104 6.59896
    endloop
  endfacet
  facet normal 0 -0.649477 0.760382
    outer loop
      vertex -16.1 0.499617 6.51233
      vertex -20.1 0.60104 6.59896
      vertex -20.1 0.499617 6.51233
    endloop
  endfacet
  facet normal -0 0.522494 0.852643
    outer loop
      vertex -20.1 -0.385892 6.44264
      vertex -16.1 -0.499617 6.51233
      vertex -16.1 -0.385892 6.44264
    endloop
  endfacet
  facet normal 0 0.522494 0.852643
    outer loop
      vertex -16.1 -0.499617 6.51233
      vertex -20.1 -0.385892 6.44264
      vertex -20.1 -0.499617 6.51233
    endloop
  endfacet
  facet normal 0 0.972366 0.233461
    outer loop
      vertex -16.1 -0.808397 6.93734
      vertex -20.1 -0.839535 7.06703
      vertex -16.1 -0.839535 7.06703
    endloop
  endfacet
  facet normal 0 0.972366 0.233461
    outer loop
      vertex -20.1 -0.839535 7.06703
      vertex -16.1 -0.808397 6.93734
      vertex -20.1 -0.808397 6.93734
    endloop
  endfacet
  facet normal 0 -0.923884 -0.382674
    outer loop
      vertex -20.1 0.808397 7.46266
      vertex -16.1 0.757355 7.58589
      vertex -20.1 0.757355 7.58589
    endloop
  endfacet
  facet normal 0 -0.923884 -0.382674
    outer loop
      vertex -16.1 0.757355 7.58589
      vertex -20.1 0.808397 7.46266
      vertex -16.1 0.808397 7.46266
    endloop
  endfacet
  facet normal 0 -0.233467 0.972365
    outer loop
      vertex -20.1 0.262664 6.3916
      vertex -16.1 0.132969 6.36046
      vertex -16.1 0.262664 6.3916
    endloop
  endfacet
  facet normal 0 -0.233467 0.972365
    outer loop
      vertex -16.1 0.132969 6.36046
      vertex -20.1 0.262664 6.3916
      vertex -20.1 0.132969 6.36046
    endloop
  endfacet
  facet normal -0 0.233467 0.972365
    outer loop
      vertex -20.1 -0.132969 6.36046
      vertex -16.1 -0.262664 6.3916
      vertex -16.1 -0.132969 6.36046
    endloop
  endfacet
  facet normal 0 0.233467 0.972365
    outer loop
      vertex -16.1 -0.262664 6.3916
      vertex -20.1 -0.132969 6.36046
      vertex -20.1 -0.262664 6.3916
    endloop
  endfacet
  facet normal 0 -0.996918 -0.0784519
    outer loop
      vertex -20.1 0.849999 7.2
      vertex -16.1 0.839535 7.33297
      vertex -20.1 0.839535 7.33297
    endloop
  endfacet
  facet normal 0 -0.996918 -0.0784519
    outer loop
      vertex -16.1 0.839535 7.33297
      vertex -20.1 0.849999 7.2
      vertex -16.1 0.849999 7.2
    endloop
  endfacet
  facet normal 0 0.923884 0.382674
    outer loop
      vertex -16.1 -0.757355 6.81411
      vertex -20.1 -0.808397 6.93734
      vertex -16.1 -0.808397 6.93734
    endloop
  endfacet
  facet normal 0 0.923884 0.382674
    outer loop
      vertex -20.1 -0.808397 6.93734
      vertex -16.1 -0.757355 6.81411
      vertex -20.1 -0.757355 6.81411
    endloop
  endfacet
  facet normal 0 0.85265 0.522483
    outer loop
      vertex -16.1 -0.687664 6.70038
      vertex -20.1 -0.757355 6.81411
      vertex -16.1 -0.757355 6.81411
    endloop
  endfacet
  facet normal 0 0.85265 0.522483
    outer loop
      vertex -20.1 -0.757355 6.81411
      vertex -16.1 -0.687664 6.70038
      vertex -20.1 -0.687664 6.70038
    endloop
  endfacet
  facet normal 0 -0.85265 -0.522483
    outer loop
      vertex -20.1 0.757355 7.58589
      vertex -16.1 0.687664 7.69962
      vertex -20.1 0.687664 7.69962
    endloop
  endfacet
  facet normal 0 -0.85265 -0.522483
    outer loop
      vertex -16.1 0.687664 7.69962
      vertex -20.1 0.757355 7.58589
      vertex -16.1 0.757355 7.58589
    endloop
  endfacet
  facet normal 0 0.760394 -0.649462
    outer loop
      vertex -16.1 -0.687664 7.69962
      vertex -20.1 -0.60104 7.80104
      vertex -16.1 -0.60104 7.80104
    endloop
  endfacet
  facet normal 0 0.760394 -0.649462
    outer loop
      vertex -20.1 -0.60104 7.80104
      vertex -16.1 -0.687664 7.69962
      vertex -20.1 -0.687664 7.69962
    endloop
  endfacet
  facet normal -0 0.649477 0.760382
    outer loop
      vertex -20.1 -0.499617 6.51233
      vertex -16.1 -0.60104 6.59896
      vertex -16.1 -0.499617 6.51233
    endloop
  endfacet
  facet normal 0 0.649477 0.760382
    outer loop
      vertex -16.1 -0.60104 6.59896
      vertex -20.1 -0.499617 6.51233
      vertex -20.1 -0.60104 6.59896
    endloop
  endfacet
  facet normal 0 0.233396 -0.972382
    outer loop
      vertex -20.1 -0.262664 8.0084
      vertex -16.1 -0.132969 8.03953
      vertex -16.1 -0.262664 8.0084
    endloop
  endfacet
  facet normal 0 0.233396 -0.972382
    outer loop
      vertex -16.1 -0.132969 8.03953
      vertex -20.1 -0.262664 8.0084
      vertex -20.1 -0.132969 8.03953
    endloop
  endfacet
  facet normal 0 -0.85265 0.522483
    outer loop
      vertex -20.1 0.687664 6.70038
      vertex -16.1 0.757355 6.81411
      vertex -20.1 0.757355 6.81411
    endloop
  endfacet
  facet normal 0 -0.85265 0.522483
    outer loop
      vertex -16.1 0.757355 6.81411
      vertex -20.1 0.687664 6.70038
      vertex -16.1 0.687664 6.70038
    endloop
  endfacet
  facet normal -0 0.382666 0.923887
    outer loop
      vertex -20.1 -0.262664 6.3916
      vertex -16.1 -0.385892 6.44264
      vertex -16.1 -0.262664 6.3916
    endloop
  endfacet
  facet normal 0 0.382666 0.923887
    outer loop
      vertex -16.1 -0.385892 6.44264
      vertex -20.1 -0.262664 6.3916
      vertex -20.1 -0.385892 6.44264
    endloop
  endfacet
  facet normal 0 -0.649433 -0.760419
    outer loop
      vertex -20.1 0.499617 7.88766
      vertex -16.1 0.60104 7.80104
      vertex -16.1 0.499617 7.88766
    endloop
  endfacet
  facet normal -0 -0.649433 -0.760419
    outer loop
      vertex -16.1 0.60104 7.80104
      vertex -20.1 0.499617 7.88766
      vertex -20.1 0.60104 7.80104
    endloop
  endfacet
  facet normal 0 0.996918 0.0784519
    outer loop
      vertex -16.1 -0.839535 7.06703
      vertex -20.1 -0.849999 7.2
      vertex -16.1 -0.849999 7.2
    endloop
  endfacet
  facet normal 0 0.996918 0.0784519
    outer loop
      vertex -20.1 -0.849999 7.2
      vertex -16.1 -0.839535 7.06703
      vertex -20.1 -0.839535 7.06703
    endloop
  endfacet
  facet normal 0 0.649433 -0.760419
    outer loop
      vertex -20.1 -0.60104 7.80104
      vertex -16.1 -0.499617 7.88766
      vertex -16.1 -0.60104 7.80104
    endloop
  endfacet
  facet normal 0 0.649433 -0.760419
    outer loop
      vertex -16.1 -0.499617 7.88766
      vertex -20.1 -0.60104 7.80104
      vertex -20.1 -0.499617 7.88766
    endloop
  endfacet
  facet normal 0 0.996918 -0.0784519
    outer loop
      vertex -16.1 -0.849999 7.2
      vertex -20.1 -0.839535 7.33297
      vertex -16.1 -0.839535 7.33297
    endloop
  endfacet
  facet normal 0 0.996918 -0.0784519
    outer loop
      vertex -20.1 -0.839535 7.33297
      vertex -16.1 -0.849999 7.2
      vertex -20.1 -0.849999 7.2
    endloop
  endfacet
  facet normal 0 -0.760394 0.649462
    outer loop
      vertex -20.1 0.60104 6.59896
      vertex -16.1 0.687664 6.70038
      vertex -20.1 0.687664 6.70038
    endloop
  endfacet
  facet normal 0 -0.760394 0.649462
    outer loop
      vertex -16.1 0.687664 6.70038
      vertex -20.1 0.60104 6.59896
      vertex -16.1 0.60104 6.59896
    endloop
  endfacet
  facet normal 0 -0.923884 0.382674
    outer loop
      vertex -20.1 0.757355 6.81411
      vertex -16.1 0.808397 6.93734
      vertex -20.1 0.808397 6.93734
    endloop
  endfacet
  facet normal 0 -0.923884 0.382674
    outer loop
      vertex -16.1 0.808397 6.93734
      vertex -20.1 0.757355 6.81411
      vertex -16.1 0.757355 6.81411
    endloop
  endfacet
  facet normal 0 0.522549 -0.852609
    outer loop
      vertex -20.1 -0.499617 7.88766
      vertex -16.1 -0.385892 7.95736
      vertex -16.1 -0.499617 7.88766
    endloop
  endfacet
  facet normal 0 0.522549 -0.852609
    outer loop
      vertex -16.1 -0.385892 7.95736
      vertex -20.1 -0.499617 7.88766
      vertex -20.1 -0.385892 7.95736
    endloop
  endfacet
  facet normal 0 0.760394 0.649462
    outer loop
      vertex -16.1 -0.60104 6.59896
      vertex -20.1 -0.687664 6.70038
      vertex -16.1 -0.687664 6.70038
    endloop
  endfacet
  facet normal 0 0.760394 0.649462
    outer loop
      vertex -20.1 -0.687664 6.70038
      vertex -16.1 -0.60104 6.59896
      vertex -20.1 -0.60104 6.59896
    endloop
  endfacet
  facet normal 0 -0.996918 0.0784519
    outer loop
      vertex -20.1 0.839535 7.06703
      vertex -16.1 0.849999 7.2
      vertex -20.1 0.849999 7.2
    endloop
  endfacet
  facet normal 0 -0.996918 0.0784519
    outer loop
      vertex -16.1 0.849999 7.2
      vertex -20.1 0.839535 7.06703
      vertex -16.1 0.839535 7.06703
    endloop
  endfacet
  facet normal 0 -0.522549 -0.852609
    outer loop
      vertex -20.1 0.385892 7.95736
      vertex -16.1 0.499617 7.88766
      vertex -16.1 0.385892 7.95736
    endloop
  endfacet
  facet normal -0 -0.522549 -0.852609
    outer loop
      vertex -16.1 0.499617 7.88766
      vertex -20.1 0.385892 7.95736
      vertex -20.1 0.499617 7.88766
    endloop
  endfacet
  facet normal 0 0.923884 -0.382674
    outer loop
      vertex -16.1 -0.808397 7.46266
      vertex -20.1 -0.757355 7.58589
      vertex -16.1 -0.757355 7.58589
    endloop
  endfacet
  facet normal 0 0.923884 -0.382674
    outer loop
      vertex -20.1 -0.757355 7.58589
      vertex -16.1 -0.808397 7.46266
      vertex -20.1 -0.808397 7.46266
    endloop
  endfacet
  facet normal 0 0.972366 -0.233461
    outer loop
      vertex -16.1 -0.839535 7.33297
      vertex -20.1 -0.808397 7.46266
      vertex -16.1 -0.808397 7.46266
    endloop
  endfacet
  facet normal 0 0.972366 -0.233461
    outer loop
      vertex -20.1 -0.808397 7.46266
      vertex -16.1 -0.839535 7.33297
      vertex -20.1 -0.839535 7.33297
    endloop
  endfacet
  facet normal 0 -0.233396 -0.972382
    outer loop
      vertex -20.1 0.132969 8.03953
      vertex -16.1 0.262664 8.0084
      vertex -16.1 0.132969 8.03953
    endloop
  endfacet
  facet normal -0 -0.233396 -0.972382
    outer loop
      vertex -16.1 0.262664 8.0084
      vertex -20.1 0.132969 8.03953
      vertex -20.1 0.262664 8.0084
    endloop
  endfacet
  facet normal 0 0.382666 -0.923887
    outer loop
      vertex -20.1 -0.385892 7.95736
      vertex -16.1 -0.262664 8.0084
      vertex -16.1 -0.385892 7.95736
    endloop
  endfacet
  facet normal 0 0.382666 -0.923887
    outer loop
      vertex -16.1 -0.262664 8.0084
      vertex -20.1 -0.385892 7.95736
      vertex -20.1 -0.262664 8.0084
    endloop
  endfacet
  facet normal 0 0.0784972 -0.996914
    outer loop
      vertex -20.1 -0.132969 8.03953
      vertex -16.1 0 8.05
      vertex -16.1 -0.132969 8.03953
    endloop
  endfacet
  facet normal 0 0.0784972 -0.996914
    outer loop
      vertex -16.1 0 8.05
      vertex -20.1 -0.132969 8.03953
      vertex -20.1 0 8.05
    endloop
  endfacet
  facet normal 0 -0.382666 -0.923887
    outer loop
      vertex -20.1 0.262664 8.0084
      vertex -16.1 0.385892 7.95736
      vertex -16.1 0.262664 8.0084
    endloop
  endfacet
  facet normal -0 -0.382666 -0.923887
    outer loop
      vertex -16.1 0.385892 7.95736
      vertex -20.1 0.262664 8.0084
      vertex -20.1 0.385892 7.95736
    endloop
  endfacet
  facet normal 0 -0.97237 -0.233444
    outer loop
      vertex -20.1 0.839535 35.133
      vertex -16.1 0.808397 35.2627
      vertex -20.1 0.808397 35.2627
    endloop
  endfacet
  facet normal 0 -0.97237 -0.233444
    outer loop
      vertex -16.1 0.808397 35.2627
      vertex -20.1 0.839535 35.133
      vertex -16.1 0.839535 35.133
    endloop
  endfacet
  facet normal 0 -0.38241 0.923993
    outer loop
      vertex -20.1 0.385892 34.2426
      vertex -16.1 0.262664 34.1916
      vertex -16.1 0.385892 34.2426
    endloop
  endfacet
  facet normal 0 -0.38241 0.923993
    outer loop
      vertex -16.1 0.262664 34.1916
      vertex -20.1 0.385892 34.2426
      vertex -20.1 0.262664 34.1916
    endloop
  endfacet
  facet normal 0 -0.97237 0.233444
    outer loop
      vertex -20.1 0.808397 34.7373
      vertex -16.1 0.839535 34.867
      vertex -20.1 0.839535 34.867
    endloop
  endfacet
  facet normal 0 -0.97237 0.233444
    outer loop
      vertex -16.1 0.839535 34.867
      vertex -20.1 0.808397 34.7373
      vertex -16.1 0.808397 34.7373
    endloop
  endfacet
  facet normal -0 0.0787207 0.996897
    outer loop
      vertex -20.1 0 34.15
      vertex -16.1 -0.132969 34.1605
      vertex -16.1 0 34.15
    endloop
  endfacet
  facet normal 0 0.0787207 0.996897
    outer loop
      vertex -16.1 -0.132969 34.1605
      vertex -20.1 0 34.15
      vertex -20.1 -0.132969 34.1605
    endloop
  endfacet
  facet normal 0 -0.0787207 0.996897
    outer loop
      vertex -20.1 0.132969 34.1605
      vertex -16.1 0 34.15
      vertex -16.1 0.132969 34.1605
    endloop
  endfacet
  facet normal 0 -0.0787207 0.996897
    outer loop
      vertex -16.1 0 34.15
      vertex -20.1 0.132969 34.1605
      vertex -20.1 0 34.15
    endloop
  endfacet
  facet normal 0 0.852588 -0.522583
    outer loop
      vertex -16.1 -0.757355 35.3859
      vertex -20.1 -0.687664 35.4996
      vertex -16.1 -0.687664 35.4996
    endloop
  endfacet
  facet normal 0 0.852588 -0.522583
    outer loop
      vertex -20.1 -0.687664 35.4996
      vertex -16.1 -0.757355 35.3859
      vertex -20.1 -0.757355 35.3859
    endloop
  endfacet
  facet normal 0 -0.522549 0.852609
    outer loop
      vertex -20.1 0.499617 34.3123
      vertex -16.1 0.385892 34.2426
      vertex -16.1 0.499617 34.3123
    endloop
  endfacet
  facet normal 0 -0.522549 0.852609
    outer loop
      vertex -16.1 0.385892 34.2426
      vertex -20.1 0.499617 34.3123
      vertex -20.1 0.385892 34.2426
    endloop
  endfacet
  facet normal 0 0.64978 -0.760122
    outer loop
      vertex -20.1 -0.60104 35.601
      vertex -16.1 -0.499617 35.6877
      vertex -16.1 -0.60104 35.601
    endloop
  endfacet
  facet normal 0 0.64978 -0.760122
    outer loop
      vertex -16.1 -0.499617 35.6877
      vertex -20.1 -0.60104 35.601
      vertex -20.1 -0.499617 35.6877
    endloop
  endfacet
  facet normal 0 -0.0787207 -0.996897
    outer loop
      vertex -20.1 0 35.85
      vertex -16.1 0.132969 35.8395
      vertex -16.1 0 35.85
    endloop
  endfacet
  facet normal -0 -0.0787207 -0.996897
    outer loop
      vertex -16.1 0.132969 35.8395
      vertex -20.1 0 35.85
      vertex -20.1 0.132969 35.8395
    endloop
  endfacet
  facet normal 0 0.97237 0.233444
    outer loop
      vertex -16.1 -0.808397 34.7373
      vertex -20.1 -0.839535 34.867
      vertex -16.1 -0.839535 34.867
    endloop
  endfacet
  facet normal 0 0.97237 0.233444
    outer loop
      vertex -20.1 -0.839535 34.867
      vertex -16.1 -0.808397 34.7373
      vertex -20.1 -0.808397 34.7373
    endloop
  endfacet
  facet normal 0 -0.522549 -0.852609
    outer loop
      vertex -20.1 0.385892 35.7574
      vertex -16.1 0.499617 35.6877
      vertex -16.1 0.385892 35.7574
    endloop
  endfacet
  facet normal -0 -0.522549 -0.852609
    outer loop
      vertex -16.1 0.499617 35.6877
      vertex -20.1 0.385892 35.7574
      vertex -20.1 0.499617 35.6877
    endloop
  endfacet
  facet normal 0 -0.64978 -0.760122
    outer loop
      vertex -20.1 0.499617 35.6877
      vertex -16.1 0.60104 35.601
      vertex -16.1 0.499617 35.6877
    endloop
  endfacet
  facet normal -0 -0.64978 -0.760122
    outer loop
      vertex -16.1 0.60104 35.601
      vertex -20.1 0.499617 35.6877
      vertex -20.1 0.60104 35.601
    endloop
  endfacet
  facet normal 0 0.923851 -0.382753
    outer loop
      vertex -16.1 -0.808397 35.2627
      vertex -20.1 -0.757355 35.3859
      vertex -16.1 -0.757355 35.3859
    endloop
  endfacet
  facet normal 0 0.923851 -0.382753
    outer loop
      vertex -20.1 -0.757355 35.3859
      vertex -16.1 -0.808397 35.2627
      vertex -20.1 -0.808397 35.2627
    endloop
  endfacet
  facet normal 0 -0.996919 0.0784343
    outer loop
      vertex -20.1 0.839535 34.867
      vertex -16.1 0.849999 35
      vertex -20.1 0.849999 35
    endloop
  endfacet
  facet normal 0 -0.996919 0.0784343
    outer loop
      vertex -16.1 0.849999 35
      vertex -20.1 0.839535 34.867
      vertex -16.1 0.839535 34.867
    endloop
  endfacet
  facet normal 0 0.233183 -0.972433
    outer loop
      vertex -20.1 -0.262664 35.8084
      vertex -16.1 -0.132969 35.8395
      vertex -16.1 -0.262664 35.8084
    endloop
  endfacet
  facet normal 0 0.233183 -0.972433
    outer loop
      vertex -16.1 -0.132969 35.8395
      vertex -20.1 -0.262664 35.8084
      vertex -20.1 -0.132969 35.8395
    endloop
  endfacet
  facet normal 0 -0.233183 0.972433
    outer loop
      vertex -20.1 0.262664 34.1916
      vertex -16.1 0.132969 34.1605
      vertex -16.1 0.262664 34.1916
    endloop
  endfacet
  facet normal 0 -0.233183 0.972433
    outer loop
      vertex -16.1 0.132969 34.1605
      vertex -20.1 0.262664 34.1916
      vertex -20.1 0.132969 34.1605
    endloop
  endfacet
  facet normal -0 0.233183 0.972433
    outer loop
      vertex -20.1 -0.132969 34.1605
      vertex -16.1 -0.262664 34.1916
      vertex -16.1 -0.132969 34.1605
    endloop
  endfacet
  facet normal 0 0.233183 0.972433
    outer loop
      vertex -16.1 -0.262664 34.1916
      vertex -20.1 -0.132969 34.1605
      vertex -20.1 -0.262664 34.1916
    endloop
  endfacet
  facet normal 0 -0.852588 -0.522583
    outer loop
      vertex -20.1 0.757355 35.3859
      vertex -16.1 0.687664 35.4996
      vertex -20.1 0.687664 35.4996
    endloop
  endfacet
  facet normal 0 -0.852588 -0.522583
    outer loop
      vertex -16.1 0.687664 35.4996
      vertex -20.1 0.757355 35.3859
      vertex -16.1 0.757355 35.3859
    endloop
  endfacet
  facet normal -0 0.522549 0.852609
    outer loop
      vertex -20.1 -0.385892 34.2426
      vertex -16.1 -0.499617 34.3123
      vertex -16.1 -0.385892 34.2426
    endloop
  endfacet
  facet normal 0 0.522549 0.852609
    outer loop
      vertex -16.1 -0.499617 34.3123
      vertex -20.1 -0.385892 34.2426
      vertex -20.1 -0.499617 34.3123
    endloop
  endfacet
  facet normal 0 -0.996919 -0.0784343
    outer loop
      vertex -20.1 0.849999 35
      vertex -16.1 0.839535 35.133
      vertex -20.1 0.839535 35.133
    endloop
  endfacet
  facet normal 0 -0.996919 -0.0784343
    outer loop
      vertex -16.1 0.839535 35.133
      vertex -20.1 0.849999 35
      vertex -16.1 0.849999 35
    endloop
  endfacet
  facet normal 0 -0.923851 -0.382753
    outer loop
      vertex -20.1 0.808397 35.2627
      vertex -16.1 0.757355 35.3859
      vertex -20.1 0.757355 35.3859
    endloop
  endfacet
  facet normal 0 -0.923851 -0.382753
    outer loop
      vertex -16.1 0.757355 35.3859
      vertex -20.1 0.808397 35.2627
      vertex -16.1 0.808397 35.2627
    endloop
  endfacet
  facet normal -0 0.38241 0.923993
    outer loop
      vertex -20.1 -0.262664 34.1916
      vertex -16.1 -0.385892 34.2426
      vertex -16.1 -0.262664 34.1916
    endloop
  endfacet
  facet normal 0 0.38241 0.923993
    outer loop
      vertex -16.1 -0.385892 34.2426
      vertex -20.1 -0.262664 34.1916
      vertex -20.1 -0.385892 34.2426
    endloop
  endfacet
  facet normal 0 0.97237 -0.233444
    outer loop
      vertex -16.1 -0.839535 35.133
      vertex -20.1 -0.808397 35.2627
      vertex -16.1 -0.808397 35.2627
    endloop
  endfacet
  facet normal 0 0.97237 -0.233444
    outer loop
      vertex -20.1 -0.808397 35.2627
      vertex -16.1 -0.839535 35.133
      vertex -20.1 -0.839535 35.133
    endloop
  endfacet
  facet normal 0 -0.923851 0.382753
    outer loop
      vertex -20.1 0.757355 34.6141
      vertex -16.1 0.808397 34.7373
      vertex -20.1 0.808397 34.7373
    endloop
  endfacet
  facet normal 0 -0.923851 0.382753
    outer loop
      vertex -16.1 0.808397 34.7373
      vertex -20.1 0.757355 34.6141
      vertex -16.1 0.757355 34.6141
    endloop
  endfacet
  facet normal 0 -0.852588 0.522583
    outer loop
      vertex -20.1 0.687664 34.5004
      vertex -16.1 0.757355 34.6141
      vertex -20.1 0.757355 34.6141
    endloop
  endfacet
  facet normal 0 -0.852588 0.522583
    outer loop
      vertex -16.1 0.757355 34.6141
      vertex -20.1 0.687664 34.5004
      vertex -16.1 0.687664 34.5004
    endloop
  endfacet
  facet normal 0 0.38241 -0.923993
    outer loop
      vertex -20.1 -0.385892 35.7574
      vertex -16.1 -0.262664 35.8084
      vertex -16.1 -0.385892 35.7574
    endloop
  endfacet
  facet normal 0 0.38241 -0.923993
    outer loop
      vertex -16.1 -0.262664 35.8084
      vertex -20.1 -0.385892 35.7574
      vertex -20.1 -0.262664 35.8084
    endloop
  endfacet
  facet normal 0 0.996919 0.0784343
    outer loop
      vertex -16.1 -0.839535 34.867
      vertex -20.1 -0.849999 35
      vertex -16.1 -0.849999 35
    endloop
  endfacet
  facet normal 0 0.996919 0.0784343
    outer loop
      vertex -20.1 -0.849999 35
      vertex -16.1 -0.839535 34.867
      vertex -20.1 -0.839535 34.867
    endloop
  endfacet
  facet normal 0 -0.233183 -0.972433
    outer loop
      vertex -20.1 0.132969 35.8395
      vertex -16.1 0.262664 35.8084
      vertex -16.1 0.132969 35.8395
    endloop
  endfacet
  facet normal -0 -0.233183 -0.972433
    outer loop
      vertex -16.1 0.262664 35.8084
      vertex -20.1 0.132969 35.8395
      vertex -20.1 0.262664 35.8084
    endloop
  endfacet
  facet normal 0 0.996919 -0.0784343
    outer loop
      vertex -16.1 -0.849999 35
      vertex -20.1 -0.839535 35.133
      vertex -16.1 -0.839535 35.133
    endloop
  endfacet
  facet normal 0 0.996919 -0.0784343
    outer loop
      vertex -20.1 -0.839535 35.133
      vertex -16.1 -0.849999 35
      vertex -20.1 -0.849999 35
    endloop
  endfacet
  facet normal 0 0.760331 -0.649536
    outer loop
      vertex -16.1 -0.687664 35.4996
      vertex -20.1 -0.60104 35.601
      vertex -16.1 -0.60104 35.601
    endloop
  endfacet
  facet normal 0 0.760331 -0.649536
    outer loop
      vertex -20.1 -0.60104 35.601
      vertex -16.1 -0.687664 35.4996
      vertex -20.1 -0.687664 35.4996
    endloop
  endfacet
  facet normal 0 0.522549 -0.852609
    outer loop
      vertex -20.1 -0.499617 35.6877
      vertex -16.1 -0.385892 35.7574
      vertex -16.1 -0.499617 35.6877
    endloop
  endfacet
  facet normal 0 0.522549 -0.852609
    outer loop
      vertex -16.1 -0.385892 35.7574
      vertex -20.1 -0.499617 35.6877
      vertex -20.1 -0.385892 35.7574
    endloop
  endfacet
  facet normal 0 0.923851 0.382753
    outer loop
      vertex -16.1 -0.757355 34.6141
      vertex -20.1 -0.808397 34.7373
      vertex -16.1 -0.808397 34.7373
    endloop
  endfacet
  facet normal 0 0.923851 0.382753
    outer loop
      vertex -20.1 -0.808397 34.7373
      vertex -16.1 -0.757355 34.6141
      vertex -20.1 -0.757355 34.6141
    endloop
  endfacet
  facet normal 0 -0.38241 -0.923993
    outer loop
      vertex -20.1 0.262664 35.8084
      vertex -16.1 0.385892 35.7574
      vertex -16.1 0.262664 35.8084
    endloop
  endfacet
  facet normal -0 -0.38241 -0.923993
    outer loop
      vertex -16.1 0.385892 35.7574
      vertex -20.1 0.262664 35.8084
      vertex -20.1 0.385892 35.7574
    endloop
  endfacet
  facet normal 0 -0.760331 -0.649536
    outer loop
      vertex -20.1 0.687664 35.4996
      vertex -16.1 0.60104 35.601
      vertex -20.1 0.60104 35.601
    endloop
  endfacet
  facet normal 0 -0.760331 -0.649536
    outer loop
      vertex -16.1 0.60104 35.601
      vertex -20.1 0.687664 35.4996
      vertex -16.1 0.687664 35.4996
    endloop
  endfacet
  facet normal 0 0.852588 0.522583
    outer loop
      vertex -16.1 -0.687664 34.5004
      vertex -20.1 -0.757355 34.6141
      vertex -16.1 -0.757355 34.6141
    endloop
  endfacet
  facet normal 0 0.852588 0.522583
    outer loop
      vertex -20.1 -0.757355 34.6141
      vertex -16.1 -0.687664 34.5004
      vertex -20.1 -0.687664 34.5004
    endloop
  endfacet
  facet normal 0 -0.64978 0.760122
    outer loop
      vertex -20.1 0.60104 34.399
      vertex -16.1 0.499617 34.3123
      vertex -16.1 0.60104 34.399
    endloop
  endfacet
  facet normal 0 -0.64978 0.760122
    outer loop
      vertex -16.1 0.499617 34.3123
      vertex -20.1 0.60104 34.399
      vertex -20.1 0.499617 34.3123
    endloop
  endfacet
  facet normal 0 -0.760331 0.649536
    outer loop
      vertex -20.1 0.60104 34.399
      vertex -16.1 0.687664 34.5004
      vertex -20.1 0.687664 34.5004
    endloop
  endfacet
  facet normal 0 -0.760331 0.649536
    outer loop
      vertex -16.1 0.687664 34.5004
      vertex -20.1 0.60104 34.399
      vertex -16.1 0.60104 34.399
    endloop
  endfacet
  facet normal 0 0.0787207 -0.996897
    outer loop
      vertex -20.1 -0.132969 35.8395
      vertex -16.1 0 35.85
      vertex -16.1 -0.132969 35.8395
    endloop
  endfacet
  facet normal 0 0.0787207 -0.996897
    outer loop
      vertex -16.1 0 35.85
      vertex -20.1 -0.132969 35.8395
      vertex -20.1 0 35.85
    endloop
  endfacet
  facet normal 0 0.760331 0.649536
    outer loop
      vertex -16.1 -0.60104 34.399
      vertex -20.1 -0.687664 34.5004
      vertex -16.1 -0.687664 34.5004
    endloop
  endfacet
  facet normal 0 0.760331 0.649536
    outer loop
      vertex -20.1 -0.687664 34.5004
      vertex -16.1 -0.60104 34.399
      vertex -20.1 -0.60104 34.399
    endloop
  endfacet
  facet normal -0 0.64978 0.760122
    outer loop
      vertex -20.1 -0.499617 34.3123
      vertex -16.1 -0.60104 34.399
      vertex -16.1 -0.499617 34.3123
    endloop
  endfacet
  facet normal 0 0.64978 0.760122
    outer loop
      vertex -16.1 -0.60104 34.399
      vertex -20.1 -0.499617 34.3123
      vertex -20.1 -0.60104 34.399
    endloop
  endfacet
  facet normal 0.972369 0.233448 0
    outer loop
      vertex -3.56646 -1.15881 3
      vertex -3.70383 -0.586629 0
      vertex -3.70383 -0.586629 3
    endloop
  endfacet
  facet normal 0.972369 0.233448 0
    outer loop
      vertex -3.70383 -0.586629 0
      vertex -3.56646 -1.15881 3
      vertex -3.56646 -1.15881 0
    endloop
  endfacet
  facet normal -0.972369 -0.233448 0
    outer loop
      vertex 3.70383 0.586629 0
      vertex 3.56646 1.15881 3
      vertex 3.56646 1.15881 0
    endloop
  endfacet
  facet normal -0.972369 -0.233448 0
    outer loop
      vertex 3.56646 1.15881 3
      vertex 3.70383 0.586629 0
      vertex 3.70383 0.586629 3
    endloop
  endfacet
  facet normal -0.996917 -0.0784613 0
    outer loop
      vertex 3.75 0 0
      vertex 3.70383 0.586629 3
      vertex 3.70383 0.586629 0
    endloop
  endfacet
  facet normal -0.996917 -0.0784613 0
    outer loop
      vertex 3.70383 0.586629 3
      vertex 3.75 0 0
      vertex 3.75 0 3
    endloop
  endfacet
  facet normal -0.923878 -0.382687 0
    outer loop
      vertex 3.56646 1.15881 0
      vertex 3.34127 1.70246 3
      vertex 3.34127 1.70246 0
    endloop
  endfacet
  facet normal -0.923878 -0.382687 0
    outer loop
      vertex 3.34127 1.70246 3
      vertex 3.56646 1.15881 0
      vertex 3.56646 1.15881 3
    endloop
  endfacet
  facet normal -0.382687 0.923878 0
    outer loop
      vertex 1.70246 -3.34127 0
      vertex 1.15881 -3.56646 3
      vertex 1.70246 -3.34127 3
    endloop
  endfacet
  facet normal -0.382687 0.923878 0
    outer loop
      vertex 1.15881 -3.56646 3
      vertex 1.70246 -3.34127 0
      vertex 1.15881 -3.56646 0
    endloop
  endfacet
  facet normal -0.852641 0.522498 0
    outer loop
      vertex 3.03381 -2.20419 0
      vertex 3.34127 -1.70246 3
      vertex 3.34127 -1.70246 0
    endloop
  endfacet
  facet normal -0.852641 0.522498 0
    outer loop
      vertex 3.34127 -1.70246 3
      vertex 3.03381 -2.20419 0
      vertex 3.03381 -2.20419 3
    endloop
  endfacet
  facet normal 0.649441 -0.760412 0
    outer loop
      vertex -2.65165 2.65165 0
      vertex -2.20419 3.03381 3
      vertex -2.65165 2.65165 3
    endloop
  endfacet
  facet normal 0.649441 -0.760412 0
    outer loop
      vertex -2.20419 3.03381 3
      vertex -2.65165 2.65165 0
      vertex -2.20419 3.03381 0
    endloop
  endfacet
  facet normal 0.382687 -0.923878 0
    outer loop
      vertex -1.70246 3.34127 0
      vertex -1.15881 3.56646 3
      vertex -1.70246 3.34127 3
    endloop
  endfacet
  facet normal 0.382687 -0.923878 0
    outer loop
      vertex -1.15881 3.56646 3
      vertex -1.70246 3.34127 0
      vertex -1.15881 3.56646 0
    endloop
  endfacet
  facet normal -0.760412 0.649441 0
    outer loop
      vertex 2.65165 -2.65165 0
      vertex 3.03381 -2.20419 3
      vertex 3.03381 -2.20419 0
    endloop
  endfacet
  facet normal -0.760412 0.649441 0
    outer loop
      vertex 3.03381 -2.20419 3
      vertex 2.65165 -2.65165 0
      vertex 2.65165 -2.65165 3
    endloop
  endfacet
  facet normal -0.996917 0.0784613 0
    outer loop
      vertex 3.70383 -0.586629 0
      vertex 3.75 0 3
      vertex 3.75 0 0
    endloop
  endfacet
  facet normal -0.996917 0.0784613 0
    outer loop
      vertex 3.75 0 3
      vertex 3.70383 -0.586629 0
      vertex 3.70383 -0.586629 3
    endloop
  endfacet
  facet normal -0.923878 0.382687 0
    outer loop
      vertex 3.34127 -1.70246 0
      vertex 3.56646 -1.15881 3
      vertex 3.56646 -1.15881 0
    endloop
  endfacet
  facet normal -0.923878 0.382687 0
    outer loop
      vertex 3.56646 -1.15881 3
      vertex 3.34127 -1.70246 0
      vertex 3.34127 -1.70246 3
    endloop
  endfacet
  facet normal 0.923878 0.382687 0
    outer loop
      vertex -3.34127 -1.70246 3
      vertex -3.56646 -1.15881 0
      vertex -3.56646 -1.15881 3
    endloop
  endfacet
  facet normal 0.923878 0.382687 0
    outer loop
      vertex -3.56646 -1.15881 0
      vertex -3.34127 -1.70246 3
      vertex -3.34127 -1.70246 0
    endloop
  endfacet
  facet normal 0.996917 -0.0784613 0
    outer loop
      vertex -3.75 0 3
      vertex -3.70383 0.586629 0
      vertex -3.70383 0.586629 3
    endloop
  endfacet
  facet normal 0.996917 -0.0784613 0
    outer loop
      vertex -3.70383 0.586629 0
      vertex -3.75 0 3
      vertex -3.75 0 0
    endloop
  endfacet
  facet normal 0.972369 -0.233448 0
    outer loop
      vertex -3.70383 0.586629 3
      vertex -3.56646 1.15881 0
      vertex -3.56646 1.15881 3
    endloop
  endfacet
  facet normal 0.972369 -0.233448 0
    outer loop
      vertex -3.56646 1.15881 0
      vertex -3.70383 0.586629 3
      vertex -3.70383 0.586629 0
    endloop
  endfacet
  facet normal -0.233448 -0.972369 0
    outer loop
      vertex 0.586629 3.70383 0
      vertex 1.15881 3.56646 3
      vertex 0.586629 3.70383 3
    endloop
  endfacet
  facet normal -0.233448 -0.972369 -0
    outer loop
      vertex 1.15881 3.56646 3
      vertex 0.586629 3.70383 0
      vertex 1.15881 3.56646 0
    endloop
  endfacet
  facet normal 0.0784613 -0.996917 0
    outer loop
      vertex -0.586629 3.70383 0
      vertex 0 3.75 3
      vertex -0.586629 3.70383 3
    endloop
  endfacet
  facet normal 0.0784613 -0.996917 0
    outer loop
      vertex 0 3.75 3
      vertex -0.586629 3.70383 0
      vertex 0 3.75 0
    endloop
  endfacet
  facet normal 0.760412 0.649441 0
    outer loop
      vertex -2.65165 -2.65165 3
      vertex -3.03381 -2.20419 0
      vertex -3.03381 -2.20419 3
    endloop
  endfacet
  facet normal 0.760412 0.649441 0
    outer loop
      vertex -3.03381 -2.20419 0
      vertex -2.65165 -2.65165 3
      vertex -2.65165 -2.65165 0
    endloop
  endfacet
  facet normal 0.233448 0.972369 -0
    outer loop
      vertex -0.586629 -3.70383 0
      vertex -1.15881 -3.56646 3
      vertex -0.586629 -3.70383 3
    endloop
  endfacet
  facet normal 0.233448 0.972369 0
    outer loop
      vertex -1.15881 -3.56646 3
      vertex -0.586629 -3.70383 0
      vertex -1.15881 -3.56646 0
    endloop
  endfacet
  facet normal 0.649441 0.760412 -0
    outer loop
      vertex -2.20419 -3.03381 0
      vertex -2.65165 -2.65165 3
      vertex -2.20419 -3.03381 3
    endloop
  endfacet
  facet normal 0.649441 0.760412 0
    outer loop
      vertex -2.65165 -2.65165 3
      vertex -2.20419 -3.03381 0
      vertex -2.65165 -2.65165 0
    endloop
  endfacet
  facet normal -0.852641 -0.522498 0
    outer loop
      vertex 3.34127 1.70246 0
      vertex 3.03381 2.20419 3
      vertex 3.03381 2.20419 0
    endloop
  endfacet
  facet normal -0.852641 -0.522498 0
    outer loop
      vertex 3.03381 2.20419 3
      vertex 3.34127 1.70246 0
      vertex 3.34127 1.70246 3
    endloop
  endfacet
  facet normal 0.923878 -0.382687 0
    outer loop
      vertex -3.56646 1.15881 3
      vertex -3.34127 1.70246 0
      vertex -3.34127 1.70246 3
    endloop
  endfacet
  facet normal 0.923878 -0.382687 0
    outer loop
      vertex -3.34127 1.70246 0
      vertex -3.56646 1.15881 3
      vertex -3.56646 1.15881 0
    endloop
  endfacet
  facet normal 0.522498 -0.852641 0
    outer loop
      vertex -2.20419 3.03381 0
      vertex -1.70246 3.34127 3
      vertex -2.20419 3.03381 3
    endloop
  endfacet
  facet normal 0.522498 -0.852641 0
    outer loop
      vertex -1.70246 3.34127 3
      vertex -2.20419 3.03381 0
      vertex -1.70246 3.34127 0
    endloop
  endfacet
  facet normal 0.0784613 0.996917 -0
    outer loop
      vertex 0 -3.75 0
      vertex -0.586629 -3.70383 3
      vertex 0 -3.75 3
    endloop
  endfacet
  facet normal 0.0784613 0.996917 0
    outer loop
      vertex -0.586629 -3.70383 3
      vertex 0 -3.75 0
      vertex -0.586629 -3.70383 0
    endloop
  endfacet
  facet normal -0.522498 -0.852641 0
    outer loop
      vertex 1.70246 3.34127 0
      vertex 2.20419 3.03381 3
      vertex 1.70246 3.34127 3
    endloop
  endfacet
  facet normal -0.522498 -0.852641 -0
    outer loop
      vertex 2.20419 3.03381 3
      vertex 1.70246 3.34127 0
      vertex 2.20419 3.03381 0
    endloop
  endfacet
  facet normal -0.522498 0.852641 0
    outer loop
      vertex 2.20419 -3.03381 0
      vertex 1.70246 -3.34127 3
      vertex 2.20419 -3.03381 3
    endloop
  endfacet
  facet normal -0.522498 0.852641 0
    outer loop
      vertex 1.70246 -3.34127 3
      vertex 2.20419 -3.03381 0
      vertex 1.70246 -3.34127 0
    endloop
  endfacet
  facet normal 0.760412 -0.649441 0
    outer loop
      vertex -3.03381 2.20419 3
      vertex -2.65165 2.65165 0
      vertex -2.65165 2.65165 3
    endloop
  endfacet
  facet normal 0.760412 -0.649441 0
    outer loop
      vertex -2.65165 2.65165 0
      vertex -3.03381 2.20419 3
      vertex -3.03381 2.20419 0
    endloop
  endfacet
  facet normal 0.233448 -0.972369 0
    outer loop
      vertex -1.15881 3.56646 0
      vertex -0.586629 3.70383 3
      vertex -1.15881 3.56646 3
    endloop
  endfacet
  facet normal 0.233448 -0.972369 0
    outer loop
      vertex -0.586629 3.70383 3
      vertex -1.15881 3.56646 0
      vertex -0.586629 3.70383 0
    endloop
  endfacet
  facet normal 0.522498 0.852641 -0
    outer loop
      vertex -1.70246 -3.34127 0
      vertex -2.20419 -3.03381 3
      vertex -1.70246 -3.34127 3
    endloop
  endfacet
  facet normal 0.522498 0.852641 0
    outer loop
      vertex -2.20419 -3.03381 3
      vertex -1.70246 -3.34127 0
      vertex -2.20419 -3.03381 0
    endloop
  endfacet
  facet normal -0.760412 -0.649441 0
    outer loop
      vertex 3.03381 2.20419 0
      vertex 2.65165 2.65165 3
      vertex 2.65165 2.65165 0
    endloop
  endfacet
  facet normal -0.760412 -0.649441 0
    outer loop
      vertex 2.65165 2.65165 3
      vertex 3.03381 2.20419 0
      vertex 3.03381 2.20419 3
    endloop
  endfacet
  facet normal -0.649441 -0.760412 0
    outer loop
      vertex 2.20419 3.03381 0
      vertex 2.65165 2.65165 3
      vertex 2.20419 3.03381 3
    endloop
  endfacet
  facet normal -0.649441 -0.760412 -0
    outer loop
      vertex 2.65165 2.65165 3
      vertex 2.20419 3.03381 0
      vertex 2.65165 2.65165 0
    endloop
  endfacet
  facet normal -0.0784613 0.996917 0
    outer loop
      vertex 0.586629 -3.70383 0
      vertex 0 -3.75 3
      vertex 0.586629 -3.70383 3
    endloop
  endfacet
  facet normal -0.0784613 0.996917 0
    outer loop
      vertex 0 -3.75 3
      vertex 0.586629 -3.70383 0
      vertex 0 -3.75 0
    endloop
  endfacet
  facet normal 0.382687 0.923878 -0
    outer loop
      vertex -1.15881 -3.56646 0
      vertex -1.70246 -3.34127 3
      vertex -1.15881 -3.56646 3
    endloop
  endfacet
  facet normal 0.382687 0.923878 0
    outer loop
      vertex -1.70246 -3.34127 3
      vertex -1.15881 -3.56646 0
      vertex -1.70246 -3.34127 0
    endloop
  endfacet
  facet normal 0.852641 0.522498 0
    outer loop
      vertex -3.03381 -2.20419 3
      vertex -3.34127 -1.70246 0
      vertex -3.34127 -1.70246 3
    endloop
  endfacet
  facet normal 0.852641 0.522498 0
    outer loop
      vertex -3.34127 -1.70246 0
      vertex -3.03381 -2.20419 3
      vertex -3.03381 -2.20419 0
    endloop
  endfacet
  facet normal -0.233448 0.972369 0
    outer loop
      vertex 1.15881 -3.56646 0
      vertex 0.586629 -3.70383 3
      vertex 1.15881 -3.56646 3
    endloop
  endfacet
  facet normal -0.233448 0.972369 0
    outer loop
      vertex 0.586629 -3.70383 3
      vertex 1.15881 -3.56646 0
      vertex 0.586629 -3.70383 0
    endloop
  endfacet
  facet normal -0.649441 0.760412 0
    outer loop
      vertex 2.65165 -2.65165 0
      vertex 2.20419 -3.03381 3
      vertex 2.65165 -2.65165 3
    endloop
  endfacet
  facet normal -0.649441 0.760412 0
    outer loop
      vertex 2.20419 -3.03381 3
      vertex 2.65165 -2.65165 0
      vertex 2.20419 -3.03381 0
    endloop
  endfacet
  facet normal 0.996917 0.0784613 0
    outer loop
      vertex -3.70383 -0.586629 3
      vertex -3.75 0 0
      vertex -3.75 0 3
    endloop
  endfacet
  facet normal 0.996917 0.0784613 0
    outer loop
      vertex -3.75 0 0
      vertex -3.70383 -0.586629 3
      vertex -3.70383 -0.586629 0
    endloop
  endfacet
  facet normal -0.972369 0.233448 0
    outer loop
      vertex 3.56646 -1.15881 0
      vertex 3.70383 -0.586629 3
      vertex 3.70383 -0.586629 0
    endloop
  endfacet
  facet normal -0.972369 0.233448 0
    outer loop
      vertex 3.70383 -0.586629 3
      vertex 3.56646 -1.15881 0
      vertex 3.56646 -1.15881 3
    endloop
  endfacet
  facet normal -0.382687 -0.923878 0
    outer loop
      vertex 1.15881 3.56646 0
      vertex 1.70246 3.34127 3
      vertex 1.15881 3.56646 3
    endloop
  endfacet
  facet normal -0.382687 -0.923878 -0
    outer loop
      vertex 1.70246 3.34127 3
      vertex 1.15881 3.56646 0
      vertex 1.70246 3.34127 0
    endloop
  endfacet
  facet normal -0.0784613 -0.996917 0
    outer loop
      vertex 0 3.75 0
      vertex 0.586629 3.70383 3
      vertex 0 3.75 3
    endloop
  endfacet
  facet normal -0.0784613 -0.996917 -0
    outer loop
      vertex 0.586629 3.70383 3
      vertex 0 3.75 0
      vertex 0.586629 3.70383 0
    endloop
  endfacet
  facet normal 0.852641 -0.522498 0
    outer loop
      vertex -3.34127 1.70246 3
      vertex -3.03381 2.20419 0
      vertex -3.03381 2.20419 3
    endloop
  endfacet
  facet normal 0.852641 -0.522498 0
    outer loop
      vertex -3.03381 2.20419 0
      vertex -3.34127 1.70246 3
      vertex -3.34127 1.70246 0
    endloop
  endfacet
  facet normal 0 0 -1
    outer loop
      vertex -20.1 -6.4 32.8
      vertex -16.1 6.4 32.8
      vertex -16.1 -6.4 32.8
    endloop
  endfacet
  facet normal -0 0 -1
    outer loop
      vertex -16.1 6.4 32.8
      vertex -20.1 -6.4 32.8
      vertex -20.1 6.4 32.8
    endloop
  endfacet
  facet normal -0 0 1
    outer loop
      vertex -20.1 6.4 9.4
      vertex -16.1 -6.4 9.4
      vertex -16.1 6.4 9.4
    endloop
  endfacet
  facet normal 0 0 1
    outer loop
      vertex -16.1 -6.4 9.4
      vertex -20.1 6.4 9.4
      vertex -20.1 -6.4 9.4
    endloop
  endfacet
  facet normal 0 -0.522532 -0.85262
    outer loop
      vertex -57.2 -7.61411 24.7574
      vertex -52.8 -7.50038 24.6877
      vertex -52.8 -7.61411 24.7574
    endloop
  endfacet
  facet normal -0 -0.522532 -0.85262
    outer loop
      vertex -52.8 -7.50038 24.6877
      vertex -57.2 -7.61411 24.7574
      vertex -57.2 -7.50038 24.6877
    endloop
  endfacet
  facet normal 0 -0.972367 -0.233458
    outer loop
      vertex -57.2 -7.16046 24.133
      vertex -52.8 -7.1916 24.2627
      vertex -57.2 -7.1916 24.2627
    endloop
  endfacet
  facet normal 0 -0.972367 -0.233458
    outer loop
      vertex -52.8 -7.1916 24.2627
      vertex -57.2 -7.16046 24.133
      vertex -52.8 -7.16046 24.133
    endloop
  endfacet
  facet normal 0 -0.972367 0.233458
    outer loop
      vertex -57.2 -7.1916 23.7373
      vertex -52.8 -7.16046 23.867
      vertex -57.2 -7.16046 23.867
    endloop
  endfacet
  facet normal 0 -0.972367 0.233458
    outer loop
      vertex -52.8 -7.16046 23.867
      vertex -57.2 -7.1916 23.7373
      vertex -52.8 -7.1916 23.7373
    endloop
  endfacet
  facet normal 0 -0.649791 -0.760113
    outer loop
      vertex -57.2 -7.50038 24.6877
      vertex -52.8 -7.39896 24.601
      vertex -52.8 -7.50038 24.6877
    endloop
  endfacet
  facet normal -0 -0.649791 -0.760113
    outer loop
      vertex -52.8 -7.39896 24.601
      vertex -57.2 -7.50038 24.6877
      vertex -57.2 -7.39896 24.601
    endloop
  endfacet
  facet normal 0 -0.923856 0.38274
    outer loop
      vertex -57.2 -7.24264 23.6141
      vertex -52.8 -7.1916 23.7373
      vertex -57.2 -7.1916 23.7373
    endloop
  endfacet
  facet normal 0 -0.923856 0.38274
    outer loop
      vertex -52.8 -7.1916 23.7373
      vertex -57.2 -7.24264 23.6141
      vertex -52.8 -7.24264 23.6141
    endloop
  endfacet
  facet normal 0 -0.0787201 -0.996897
    outer loop
      vertex -57.2 -8 24.85
      vertex -52.8 -7.86703 24.8395
      vertex -52.8 -8 24.85
    endloop
  endfacet
  facet normal -0 -0.0787201 -0.996897
    outer loop
      vertex -52.8 -7.86703 24.8395
      vertex -57.2 -8 24.85
      vertex -57.2 -7.86703 24.8395
    endloop
  endfacet
  facet normal 0 -0.382405 -0.923995
    outer loop
      vertex -57.2 -7.73734 24.8084
      vertex -52.8 -7.61411 24.7574
      vertex -52.8 -7.73734 24.8084
    endloop
  endfacet
  facet normal -0 -0.382405 -0.923995
    outer loop
      vertex -52.8 -7.61411 24.7574
      vertex -57.2 -7.73734 24.8084
      vertex -57.2 -7.61411 24.7574
    endloop
  endfacet
  facet normal 0 0.760346 -0.649518
    outer loop
      vertex -52.8 -8.68766 24.4996
      vertex -57.2 -8.60104 24.601
      vertex -52.8 -8.60104 24.601
    endloop
  endfacet
  facet normal 0 0.760346 -0.649518
    outer loop
      vertex -57.2 -8.60104 24.601
      vertex -52.8 -8.68766 24.4996
      vertex -57.2 -8.68766 24.4996
    endloop
  endfacet
  facet normal 0 0.923829 -0.382804
    outer loop
      vertex -52.8 -8.8084 24.2627
      vertex -57.2 -8.75735 24.3859
      vertex -52.8 -8.75735 24.3859
    endloop
  endfacet
  facet normal 0 0.923829 -0.382804
    outer loop
      vertex -57.2 -8.75735 24.3859
      vertex -52.8 -8.8084 24.2627
      vertex -57.2 -8.8084 24.2627
    endloop
  endfacet
  facet normal 0 -0.852558 -0.522632
    outer loop
      vertex -57.2 -7.24264 24.3859
      vertex -52.8 -7.31234 24.4996
      vertex -57.2 -7.31234 24.4996
    endloop
  endfacet
  facet normal 0 -0.852558 -0.522632
    outer loop
      vertex -52.8 -7.31234 24.4996
      vertex -57.2 -7.24264 24.3859
      vertex -52.8 -7.24264 24.3859
    endloop
  endfacet
  facet normal 0 0.852592 -0.522578
    outer loop
      vertex -52.8 -8.75735 24.3859
      vertex -57.2 -8.68766 24.4996
      vertex -52.8 -8.68766 24.4996
    endloop
  endfacet
  facet normal 0 0.852592 -0.522578
    outer loop
      vertex -57.2 -8.68766 24.4996
      vertex -52.8 -8.75735 24.3859
      vertex -57.2 -8.75735 24.3859
    endloop
  endfacet
  facet normal 0 0.972384 -0.233387
    outer loop
      vertex -52.8 -8.83953 24.133
      vertex -57.2 -8.8084 24.2627
      vertex -52.8 -8.8084 24.2627
    endloop
  endfacet
  facet normal 0 0.972384 -0.233387
    outer loop
      vertex -57.2 -8.8084 24.2627
      vertex -52.8 -8.83953 24.133
      vertex -57.2 -8.83953 24.133
    endloop
  endfacet
  facet normal 0 -0.852558 0.522632
    outer loop
      vertex -57.2 -7.31234 23.5004
      vertex -52.8 -7.24264 23.6141
      vertex -57.2 -7.24264 23.6141
    endloop
  endfacet
  facet normal 0 -0.852558 0.522632
    outer loop
      vertex -52.8 -7.24264 23.6141
      vertex -57.2 -7.31234 23.5004
      vertex -52.8 -7.31234 23.5004
    endloop
  endfacet
  facet normal 0 -0.233191 -0.972431
    outer loop
      vertex -57.2 -7.86703 24.8395
      vertex -52.8 -7.73734 24.8084
      vertex -52.8 -7.86703 24.8395
    endloop
  endfacet
  facet normal -0 -0.233191 -0.972431
    outer loop
      vertex -52.8 -7.73734 24.8084
      vertex -57.2 -7.86703 24.8395
      vertex -57.2 -7.73734 24.8084
    endloop
  endfacet
  facet normal 0 0.233191 -0.972431
    outer loop
      vertex -57.2 -8.26266 24.8084
      vertex -52.8 -8.13297 24.8395
      vertex -52.8 -8.26266 24.8084
    endloop
  endfacet
  facet normal 0 0.233191 -0.972431
    outer loop
      vertex -52.8 -8.13297 24.8395
      vertex -57.2 -8.26266 24.8084
      vertex -57.2 -8.13297 24.8395
    endloop
  endfacet
  facet normal 0 -0.996922 -0.0784045
    outer loop
      vertex -57.2 -7.15 24
      vertex -52.8 -7.16046 24.133
      vertex -57.2 -7.16046 24.133
    endloop
  endfacet
  facet normal 0 -0.996922 -0.0784045
    outer loop
      vertex -52.8 -7.16046 24.133
      vertex -57.2 -7.15 24
      vertex -52.8 -7.15 24
    endloop
  endfacet
  facet normal 0 0.923829 0.382804
    outer loop
      vertex -52.8 -8.75735 23.6141
      vertex -57.2 -8.8084 23.7373
      vertex -52.8 -8.8084 23.7373
    endloop
  endfacet
  facet normal 0 0.923829 0.382804
    outer loop
      vertex -57.2 -8.8084 23.7373
      vertex -52.8 -8.75735 23.6141
      vertex -57.2 -8.75735 23.6141
    endloop
  endfacet
  facet normal 0 -0.996922 0.0784045
    outer loop
      vertex -57.2 -7.16046 23.867
      vertex -52.8 -7.15 24
      vertex -57.2 -7.15 24
    endloop
  endfacet
  facet normal 0 -0.996922 0.0784045
    outer loop
      vertex -52.8 -7.15 24
      vertex -57.2 -7.16046 23.867
      vertex -52.8 -7.16046 23.867
    endloop
  endfacet
  facet normal -0 0.382405 0.923995
    outer loop
      vertex -57.2 -8.26266 23.1916
      vertex -52.8 -8.38589 23.2426
      vertex -52.8 -8.26266 23.1916
    endloop
  endfacet
  facet normal 0 0.382405 0.923995
    outer loop
      vertex -52.8 -8.38589 23.2426
      vertex -57.2 -8.26266 23.1916
      vertex -57.2 -8.38589 23.2426
    endloop
  endfacet
  facet normal -0 0.649791 0.760113
    outer loop
      vertex -57.2 -8.49962 23.3123
      vertex -52.8 -8.60104 23.399
      vertex -52.8 -8.49962 23.3123
    endloop
  endfacet
  facet normal 0 0.649791 0.760113
    outer loop
      vertex -52.8 -8.60104 23.399
      vertex -57.2 -8.49962 23.3123
      vertex -57.2 -8.60104 23.399
    endloop
  endfacet
  facet normal 0 -0.649791 0.760113
    outer loop
      vertex -57.2 -7.39896 23.399
      vertex -52.8 -7.50038 23.3123
      vertex -52.8 -7.39896 23.399
    endloop
  endfacet
  facet normal 0 -0.649791 0.760113
    outer loop
      vertex -52.8 -7.50038 23.3123
      vertex -57.2 -7.39896 23.399
      vertex -57.2 -7.50038 23.3123
    endloop
  endfacet
  facet normal 0 0.0787201 -0.996897
    outer loop
      vertex -57.2 -8.13297 24.8395
      vertex -52.8 -8 24.85
      vertex -52.8 -8.13297 24.8395
    endloop
  endfacet
  facet normal 0 0.0787201 -0.996897
    outer loop
      vertex -52.8 -8 24.85
      vertex -57.2 -8.13297 24.8395
      vertex -57.2 -8 24.85
    endloop
  endfacet
  facet normal 0 0.382405 -0.923995
    outer loop
      vertex -57.2 -8.38589 24.7574
      vertex -52.8 -8.26266 24.8084
      vertex -52.8 -8.38589 24.7574
    endloop
  endfacet
  facet normal 0 0.382405 -0.923995
    outer loop
      vertex -52.8 -8.26266 24.8084
      vertex -57.2 -8.38589 24.7574
      vertex -57.2 -8.26266 24.8084
    endloop
  endfacet
  facet normal 0 0.852592 0.522578
    outer loop
      vertex -52.8 -8.68766 23.5004
      vertex -57.2 -8.75735 23.6141
      vertex -52.8 -8.75735 23.6141
    endloop
  endfacet
  facet normal 0 0.852592 0.522578
    outer loop
      vertex -57.2 -8.75735 23.6141
      vertex -52.8 -8.68766 23.5004
      vertex -57.2 -8.68766 23.5004
    endloop
  endfacet
  facet normal -0 0.0787201 0.996897
    outer loop
      vertex -57.2 -8 23.15
      vertex -52.8 -8.13297 23.1605
      vertex -52.8 -8 23.15
    endloop
  endfacet
  facet normal 0 0.0787201 0.996897
    outer loop
      vertex -52.8 -8.13297 23.1605
      vertex -57.2 -8 23.15
      vertex -57.2 -8.13297 23.1605
    endloop
  endfacet
  facet normal 0 0.996916 -0.078479
    outer loop
      vertex -52.8 -8.85 24
      vertex -57.2 -8.83953 24.133
      vertex -52.8 -8.83953 24.133
    endloop
  endfacet
  facet normal 0 0.996916 -0.078479
    outer loop
      vertex -57.2 -8.83953 24.133
      vertex -52.8 -8.85 24
      vertex -57.2 -8.85 24
    endloop
  endfacet
  facet normal 0 0.760346 0.649518
    outer loop
      vertex -52.8 -8.60104 23.399
      vertex -57.2 -8.68766 23.5004
      vertex -52.8 -8.68766 23.5004
    endloop
  endfacet
  facet normal 0 0.760346 0.649518
    outer loop
      vertex -57.2 -8.68766 23.5004
      vertex -52.8 -8.60104 23.399
      vertex -57.2 -8.60104 23.399
    endloop
  endfacet
  facet normal 0 -0.923856 -0.38274
    outer loop
      vertex -57.2 -7.1916 24.2627
      vertex -52.8 -7.24264 24.3859
      vertex -57.2 -7.24264 24.3859
    endloop
  endfacet
  facet normal 0 -0.923856 -0.38274
    outer loop
      vertex -52.8 -7.24264 24.3859
      vertex -57.2 -7.1916 24.2627
      vertex -52.8 -7.1916 24.2627
    endloop
  endfacet
  facet normal 0 -0.382405 0.923995
    outer loop
      vertex -57.2 -7.61411 23.2426
      vertex -52.8 -7.73734 23.1916
      vertex -52.8 -7.61411 23.2426
    endloop
  endfacet
  facet normal 0 -0.382405 0.923995
    outer loop
      vertex -52.8 -7.73734 23.1916
      vertex -57.2 -7.61411 23.2426
      vertex -57.2 -7.73734 23.1916
    endloop
  endfacet
  facet normal 0 0.522532 -0.85262
    outer loop
      vertex -57.2 -8.49962 24.6877
      vertex -52.8 -8.38589 24.7574
      vertex -52.8 -8.49962 24.6877
    endloop
  endfacet
  facet normal 0 0.522532 -0.85262
    outer loop
      vertex -52.8 -8.38589 24.7574
      vertex -57.2 -8.49962 24.6877
      vertex -57.2 -8.38589 24.7574
    endloop
  endfacet
  facet normal 0 0.649791 -0.760113
    outer loop
      vertex -57.2 -8.60104 24.601
      vertex -52.8 -8.49962 24.6877
      vertex -52.8 -8.60104 24.601
    endloop
  endfacet
  facet normal 0 0.649791 -0.760113
    outer loop
      vertex -52.8 -8.49962 24.6877
      vertex -57.2 -8.60104 24.601
      vertex -57.2 -8.49962 24.6877
    endloop
  endfacet
  facet normal -0 0.233191 0.972431
    outer loop
      vertex -57.2 -8.13297 23.1605
      vertex -52.8 -8.26266 23.1916
      vertex -52.8 -8.13297 23.1605
    endloop
  endfacet
  facet normal 0 0.233191 0.972431
    outer loop
      vertex -52.8 -8.26266 23.1916
      vertex -57.2 -8.13297 23.1605
      vertex -57.2 -8.26266 23.1916
    endloop
  endfacet
  facet normal 0 -0.233191 0.972431
    outer loop
      vertex -57.2 -7.73734 23.1916
      vertex -52.8 -7.86703 23.1605
      vertex -52.8 -7.73734 23.1916
    endloop
  endfacet
  facet normal 0 -0.233191 0.972431
    outer loop
      vertex -52.8 -7.86703 23.1605
      vertex -57.2 -7.73734 23.1916
      vertex -57.2 -7.86703 23.1605
    endloop
  endfacet
  facet normal 0 -0.760346 0.649518
    outer loop
      vertex -57.2 -7.39896 23.399
      vertex -52.8 -7.31234 23.5004
      vertex -57.2 -7.31234 23.5004
    endloop
  endfacet
  facet normal 0 -0.760346 0.649518
    outer loop
      vertex -52.8 -7.31234 23.5004
      vertex -57.2 -7.39896 23.399
      vertex -52.8 -7.39896 23.399
    endloop
  endfacet
  facet normal 0 0.972384 0.233387
    outer loop
      vertex -52.8 -8.8084 23.7373
      vertex -57.2 -8.83953 23.867
      vertex -52.8 -8.83953 23.867
    endloop
  endfacet
  facet normal 0 0.972384 0.233387
    outer loop
      vertex -57.2 -8.83953 23.867
      vertex -52.8 -8.8084 23.7373
      vertex -57.2 -8.8084 23.7373
    endloop
  endfacet
  facet normal 0 0.996916 0.078479
    outer loop
      vertex -52.8 -8.83953 23.867
      vertex -57.2 -8.85 24
      vertex -52.8 -8.85 24
    endloop
  endfacet
  facet normal 0 0.996916 0.078479
    outer loop
      vertex -57.2 -8.85 24
      vertex -52.8 -8.83953 23.867
      vertex -57.2 -8.83953 23.867
    endloop
  endfacet
  facet normal 0 -0.760346 -0.649518
    outer loop
      vertex -57.2 -7.31234 24.4996
      vertex -52.8 -7.39896 24.601
      vertex -57.2 -7.39896 24.601
    endloop
  endfacet
  facet normal 0 -0.760346 -0.649518
    outer loop
      vertex -52.8 -7.39896 24.601
      vertex -57.2 -7.31234 24.4996
      vertex -52.8 -7.31234 24.4996
    endloop
  endfacet
  facet normal 0 -0.522532 0.85262
    outer loop
      vertex -57.2 -7.50038 23.3123
      vertex -52.8 -7.61411 23.2426
      vertex -52.8 -7.50038 23.3123
    endloop
  endfacet
  facet normal 0 -0.522532 0.85262
    outer loop
      vertex -52.8 -7.61411 23.2426
      vertex -57.2 -7.50038 23.3123
      vertex -57.2 -7.61411 23.2426
    endloop
  endfacet
  facet normal 0 -0.0787201 0.996897
    outer loop
      vertex -57.2 -7.86703 23.1605
      vertex -52.8 -8 23.15
      vertex -52.8 -7.86703 23.1605
    endloop
  endfacet
  facet normal 0 -0.0787201 0.996897
    outer loop
      vertex -52.8 -8 23.15
      vertex -57.2 -7.86703 23.1605
      vertex -57.2 -8 23.15
    endloop
  endfacet
  facet normal -0 0.522532 0.85262
    outer loop
      vertex -57.2 -8.38589 23.2426
      vertex -52.8 -8.49962 23.3123
      vertex -52.8 -8.38589 23.2426
    endloop
  endfacet
  facet normal 0 0.522532 0.85262
    outer loop
      vertex -52.8 -8.49962 23.3123
      vertex -57.2 -8.38589 23.2426
      vertex -57.2 -8.49962 23.3123
    endloop
  endfacet
endsolid OpenSCAD_Model
