solid OpenSCAD_Model
  facet normal -0.382736 -0.923858 0
    outer loop
      vertex -21.6884 -6.28201 0
      vertex -21.3985 -6.40211 15
      vertex -21.6884 -6.28201 15
    endloop
  endfacet
  facet normal -0.382736 -0.923858 -0
    outer loop
      vertex -21.3985 -6.40211 15
      vertex -21.6884 -6.28201 0
      vertex -21.3985 -6.40211 0
    endloop
  endfacet
  facet normal -0.233409 -0.972379 0
    outer loop
      vertex -21.3985 -6.40211 0
      vertex -21.0933 -6.47537 15
      vertex -21.3985 -6.40211 15
    endloop
  endfacet
  facet normal -0.233409 -0.972379 -0
    outer loop
      vertex -21.0933 -6.47537 15
      vertex -21.3985 -6.40211 0
      vertex -21.0933 -6.47537 0
    endloop
  endfacet
  facet normal 0.522458 -0.852665 0
    outer loop
      vertex -7.69203 -6.28201 0
      vertex -7.6 -6.22562 15
      vertex -7.69203 -6.28201 15
    endloop
  endfacet
  facet normal 0.522458 -0.852665 0
    outer loop
      vertex -7.6 -6.22562 15
      vertex -7.69203 -6.28201 0
      vertex -7.6 -6.22562 0
    endloop
  endfacet
  facet normal -0.382736 0.923858 0
    outer loop
      vertex -21.3985 6.40211 0
      vertex -21.6884 6.28201 15
      vertex -21.3985 6.40211 15
    endloop
  endfacet
  facet normal -0.382736 0.923858 0
    outer loop
      vertex -21.6884 6.28201 15
      vertex -21.3985 6.40211 0
      vertex -21.6884 6.28201 0
    endloop
  endfacet
  facet normal 0.382691 -0.923876 0
    outer loop
      vertex -7.98197 -6.40211 0
      vertex -7.69203 -6.28201 15
      vertex -7.98197 -6.40211 15
    endloop
  endfacet
  facet normal 0.382691 -0.923876 0
    outer loop
      vertex -7.69203 -6.28201 15
      vertex -7.98197 -6.40211 0
      vertex -7.69203 -6.28201 0
    endloop
  endfacet
  facet normal -0.0784725 -0.996916 0
    outer loop
      vertex -21.0933 -6.47537 0
      vertex -20.7804 -6.5 15
      vertex -21.0933 -6.47537 15
    endloop
  endfacet
  facet normal -0.0784725 -0.996916 -0
    outer loop
      vertex -20.7804 -6.5 15
      vertex -21.0933 -6.47537 0
      vertex -20.7804 -6.5 0
    endloop
  endfacet
  facet normal -0.85262 0.522532 0
    outer loop
      vertex -22.5625 5.40797 0
      vertex -22.3985 5.67557 4.5
      vertex -22.3985 5.67557 0
    endloop
  endfacet
  facet normal -0.85262 0.522532 0
    outer loop
      vertex -22.3985 5.67557 4.5
      vertex -22.5625 5.40797 0
      vertex -22.5625 5.40797 4.5
    endloop
  endfacet
  facet normal -0.85262 0.522532 0
    outer loop
      vertex -22.5625 5.40797 10.5
      vertex -22.3985 5.67557 15
      vertex -22.3985 5.67557 10.5
    endloop
  endfacet
  facet normal -0.85262 0.522532 0
    outer loop
      vertex -22.3985 5.67557 15
      vertex -22.5625 5.40797 10.5
      vertex -22.5625 5.40797 15
    endloop
  endfacet
  facet normal 0 -1 0
    outer loop
      vertex -20.7804 -6.5 0
      vertex -8.6 -6.5 15
      vertex -20.7804 -6.5 15
    endloop
  endfacet
  facet normal 0 -1 -0
    outer loop
      vertex -8.6 -6.5 15
      vertex -20.7804 -6.5 0
      vertex -8.6 -6.5 0
    endloop
  endfacet
  facet normal 0.233438 -0.972372 0
    outer loop
      vertex -8.28713 -6.47537 0
      vertex -7.98197 -6.40211 15
      vertex -8.28713 -6.47537 15
    endloop
  endfacet
  facet normal 0.233438 -0.972372 0
    outer loop
      vertex -7.98197 -6.40211 15
      vertex -8.28713 -6.47537 0
      vertex -7.98197 -6.40211 0
    endloop
  endfacet
  facet normal 0.07848 -0.996916 0
    outer loop
      vertex -8.6 -6.5 0
      vertex -8.28713 -6.47537 15
      vertex -8.6 -6.5 15
    endloop
  endfacet
  facet normal 0.07848 -0.996916 0
    outer loop
      vertex -8.28713 -6.47537 15
      vertex -8.6 -6.5 0
      vertex -8.28713 -6.47537 0
    endloop
  endfacet
  facet normal 0.522458 0.852665 -0
    outer loop
      vertex -7.6 6.22562 0
      vertex -7.69203 6.28201 15
      vertex -7.6 6.22562 15
    endloop
  endfacet
  facet normal 0.522458 0.852665 0
    outer loop
      vertex -7.69203 6.28201 15
      vertex -7.6 6.22562 0
      vertex -7.69203 6.28201 0
    endloop
  endfacet
  facet normal -0.923876 -0.382691 0
    outer loop
      vertex -22.5625 -5.40797 0
      vertex -22.6826 -5.11803 4.5
      vertex -22.6826 -5.11803 0
    endloop
  endfacet
  facet normal -0.923876 -0.382691 0
    outer loop
      vertex -22.6826 -5.11803 4.5
      vertex -22.5625 -5.40797 0
      vertex -22.5625 -5.40797 4.5
    endloop
  endfacet
  facet normal -0.923876 -0.382691 0
    outer loop
      vertex -22.5625 -5.40797 10.5
      vertex -22.6826 -5.11803 15
      vertex -22.6826 -5.11803 10.5
    endloop
  endfacet
  facet normal -0.923876 -0.382691 0
    outer loop
      vertex -22.6826 -5.11803 15
      vertex -22.5625 -5.40797 10.5
      vertex -22.5625 -5.40797 15
    endloop
  endfacet
  facet normal -1 0 0
    outer loop
      vertex -22.7804 -4.5 10.5
      vertex -22.7804 4.5 15
      vertex -22.7804 4.5 10.5
    endloop
  endfacet
  facet normal -1 -0 0
    outer loop
      vertex -22.7804 4.5 15
      vertex -22.7804 -4.5 10.5
      vertex -22.7804 -4.5 15
    endloop
  endfacet
  facet normal -1 0 0
    outer loop
      vertex -22.7804 -4.5 0
      vertex -22.7804 4.5 4.5
      vertex -22.7804 4.5 0
    endloop
  endfacet
  facet normal -1 -0 0
    outer loop
      vertex -22.7804 4.5 4.5
      vertex -22.7804 -4.5 0
      vertex -22.7804 -4.5 4.5
    endloop
  endfacet
  facet normal -0.972415 -0.233257 0
    outer loop
      vertex -22.6826 -5.11803 0
      vertex -22.7558 -4.81287 4.5
      vertex -22.7558 -4.81287 0
    endloop
  endfacet
  facet normal -0.972415 -0.233257 0
    outer loop
      vertex -22.7558 -4.81287 4.5
      vertex -22.6826 -5.11803 0
      vertex -22.6826 -5.11803 4.5
    endloop
  endfacet
  facet normal -0.972415 -0.233257 0
    outer loop
      vertex -22.6826 -5.11803 10.5
      vertex -22.7558 -4.81287 15
      vertex -22.7558 -4.81287 10.5
    endloop
  endfacet
  facet normal -0.972415 -0.233257 0
    outer loop
      vertex -22.7558 -4.81287 15
      vertex -22.6826 -5.11803 10.5
      vertex -22.6826 -5.11803 15
    endloop
  endfacet
  facet normal -0.996923 0.078385 0
    outer loop
      vertex -22.7804 4.5 10.5
      vertex -22.7558 4.81287 15
      vertex -22.7558 4.81287 10.5
    endloop
  endfacet
  facet normal -0.996923 0.078385 0
    outer loop
      vertex -22.7558 4.81287 15
      vertex -22.7804 4.5 10.5
      vertex -22.7804 4.5 15
    endloop
  endfacet
  facet normal -0.996923 0.078385 0
    outer loop
      vertex -22.7804 4.5 0
      vertex -22.7558 4.81287 4.5
      vertex -22.7558 4.81287 0
    endloop
  endfacet
  facet normal -0.996923 0.078385 0
    outer loop
      vertex -22.7558 4.81287 4.5
      vertex -22.7804 4.5 0
      vertex -22.7804 4.5 4.5
    endloop
  endfacet
  facet normal -0.522652 -0.852546 -0
    outer loop
      vertex -21.956 -6.11803 4.5
      vertex -21.956 -6.11803 0
      vertex -21.7805 -6.22562 4.5
    endloop
  endfacet
  facet normal -0.522652 -0.852546 0
    outer loop
      vertex -21.7805 -6.22562 10.5
      vertex -21.956 -6.11803 15
      vertex -21.956 -6.11803 10.5
    endloop
  endfacet
  facet normal -0.522486 -0.852648 8.91733e-06
    outer loop
      vertex -21.956 -6.11803 15
      vertex -21.7805 -6.22562 10.5
      vertex -21.6884 -6.28201 15
    endloop
  endfacet
  facet normal -0.522169 -0.852842 0
    outer loop
      vertex -21.7805 -6.22562 4.5
      vertex -21.6884 -6.28201 15
      vertex -21.7805 -6.22562 10.5
    endloop
  endfacet
  facet normal -0.522169 -0.852842 0
    outer loop
      vertex -21.7805 -6.22562 4.5
      vertex -21.6884 -6.28201 0
      vertex -21.6884 -6.28201 15
    endloop
  endfacet
  facet normal -0.522486 -0.852648 -8.91733e-06
    outer loop
      vertex -21.6884 -6.28201 0
      vertex -21.7805 -6.22562 4.5
      vertex -21.956 -6.11803 0
    endloop
  endfacet
  facet normal 0 1 -0
    outer loop
      vertex -8.6 6.5 0
      vertex -20.7804 6.5 15
      vertex -8.6 6.5 15
    endloop
  endfacet
  facet normal 0 1 0
    outer loop
      vertex -20.7804 6.5 15
      vertex -8.6 6.5 0
      vertex -20.7804 6.5 0
    endloop
  endfacet
  facet normal -0.972415 0.233257 0
    outer loop
      vertex -22.7558 4.81287 10.5
      vertex -22.6826 5.11803 15
      vertex -22.6826 5.11803 10.5
    endloop
  endfacet
  facet normal -0.972415 0.233257 0
    outer loop
      vertex -22.6826 5.11803 15
      vertex -22.7558 4.81287 10.5
      vertex -22.7558 4.81287 15
    endloop
  endfacet
  facet normal -0.972415 0.233257 0
    outer loop
      vertex -22.7558 4.81287 0
      vertex -22.6826 5.11803 4.5
      vertex -22.6826 5.11803 0
    endloop
  endfacet
  facet normal -0.972415 0.233257 0
    outer loop
      vertex -22.6826 5.11803 4.5
      vertex -22.7558 4.81287 0
      vertex -22.7558 4.81287 4.5
    endloop
  endfacet
  facet normal 0.382691 0.923876 -0
    outer loop
      vertex -7.69203 6.28201 0
      vertex -7.98197 6.40211 15
      vertex -7.69203 6.28201 15
    endloop
  endfacet
  facet normal 0.382691 0.923876 0
    outer loop
      vertex -7.98197 6.40211 15
      vertex -7.69203 6.28201 0
      vertex -7.98197 6.40211 0
    endloop
  endfacet
  facet normal 0.07848 0.996916 -0
    outer loop
      vertex -8.28713 6.47537 0
      vertex -8.6 6.5 15
      vertex -8.28713 6.47537 15
    endloop
  endfacet
  facet normal 0.07848 0.996916 0
    outer loop
      vertex -8.6 6.5 15
      vertex -8.28713 6.47537 0
      vertex -8.6 6.5 0
    endloop
  endfacet
  facet normal -0.0784725 0.996916 0
    outer loop
      vertex -20.7804 6.5 0
      vertex -21.0933 6.47537 15
      vertex -20.7804 6.5 15
    endloop
  endfacet
  facet normal -0.0784725 0.996916 0
    outer loop
      vertex -21.0933 6.47537 15
      vertex -20.7804 6.5 0
      vertex -21.0933 6.47537 0
    endloop
  endfacet
  facet normal 0.233438 0.972372 -0
    outer loop
      vertex -7.98197 6.40211 0
      vertex -8.28713 6.47537 15
      vertex -7.98197 6.40211 15
    endloop
  endfacet
  facet normal 0.233438 0.972372 0
    outer loop
      vertex -8.28713 6.47537 15
      vertex -7.98197 6.40211 0
      vertex -8.28713 6.47537 0
    endloop
  endfacet
  facet normal -0.996923 -0.078385 0
    outer loop
      vertex -22.7558 -4.81287 0
      vertex -22.7804 -4.5 4.5
      vertex -22.7804 -4.5 0
    endloop
  endfacet
  facet normal -0.996923 -0.078385 0
    outer loop
      vertex -22.7804 -4.5 4.5
      vertex -22.7558 -4.81287 0
      vertex -22.7558 -4.81287 4.5
    endloop
  endfacet
  facet normal -0.996923 -0.078385 0
    outer loop
      vertex -22.7558 -4.81287 10.5
      vertex -22.7804 -4.5 15
      vertex -22.7804 -4.5 10.5
    endloop
  endfacet
  facet normal -0.996923 -0.078385 0
    outer loop
      vertex -22.7804 -4.5 15
      vertex -22.7558 -4.81287 10.5
      vertex -22.7558 -4.81287 15
    endloop
  endfacet
  facet normal -0.233409 0.972379 0
    outer loop
      vertex -21.0933 6.47537 0
      vertex -21.3985 6.40211 15
      vertex -21.0933 6.47537 15
    endloop
  endfacet
  facet normal -0.233409 0.972379 0
    outer loop
      vertex -21.3985 6.40211 15
      vertex -21.0933 6.47537 0
      vertex -21.3985 6.40211 0
    endloop
  endfacet
  facet normal -0.522486 0.852648 8.91733e-06
    outer loop
      vertex -21.6884 6.28201 15
      vertex -21.7805 6.22562 10.5
      vertex -21.956 6.11803 15
    endloop
  endfacet
  facet normal -0.522169 0.852842 0
    outer loop
      vertex -21.6884 6.28201 15
      vertex -21.7805 6.22562 4.5
      vertex -21.7805 6.22562 10.5
    endloop
  endfacet
  facet normal -0.522169 0.852842 0
    outer loop
      vertex -21.6884 6.28201 0
      vertex -21.7805 6.22562 4.5
      vertex -21.6884 6.28201 15
    endloop
  endfacet
  facet normal -0.522486 0.852648 -8.91733e-06
    outer loop
      vertex -21.956 6.11803 0
      vertex -21.7805 6.22562 4.5
      vertex -21.6884 6.28201 0
    endloop
  endfacet
  facet normal -0.522652 0.852546 0
    outer loop
      vertex -21.7805 6.22562 4.5
      vertex -21.956 6.11803 0
      vertex -21.956 6.11803 4.5
    endloop
  endfacet
  facet normal -0.522652 0.852546 0
    outer loop
      vertex -21.956 6.11803 15
      vertex -21.7805 6.22562 10.5
      vertex -21.956 6.11803 10.5
    endloop
  endfacet
  facet normal -0.649339 0.760499 0
    outer loop
      vertex -21.956 6.11803 10.5
      vertex -22.1947 5.91422 15
      vertex -21.956 6.11803 15
    endloop
  endfacet
  facet normal -0.649339 0.760499 0
    outer loop
      vertex -22.1947 5.91422 15
      vertex -21.956 6.11803 10.5
      vertex -22.1947 5.91422 10.5
    endloop
  endfacet
  facet normal -0.649339 0.760499 0
    outer loop
      vertex -21.956 6.11803 0
      vertex -22.1947 5.91422 4.5
      vertex -21.956 6.11803 4.5
    endloop
  endfacet
  facet normal -0.649339 0.760499 0
    outer loop
      vertex -22.1947 5.91422 4.5
      vertex -21.956 6.11803 0
      vertex -22.1947 5.91422 0
    endloop
  endfacet
  facet normal -0.923876 0.382691 0
    outer loop
      vertex -22.6826 5.11803 10.5
      vertex -22.5625 5.40797 15
      vertex -22.5625 5.40797 10.5
    endloop
  endfacet
  facet normal -0.923876 0.382691 0
    outer loop
      vertex -22.5625 5.40797 15
      vertex -22.6826 5.11803 10.5
      vertex -22.6826 5.11803 15
    endloop
  endfacet
  facet normal -0.923876 0.382691 0
    outer loop
      vertex -22.6826 5.11803 0
      vertex -22.5625 5.40797 4.5
      vertex -22.5625 5.40797 0
    endloop
  endfacet
  facet normal -0.923876 0.382691 0
    outer loop
      vertex -22.5625 5.40797 4.5
      vertex -22.6826 5.11803 0
      vertex -22.6826 5.11803 4.5
    endloop
  endfacet
  facet normal -0.649339 -0.760499 0
    outer loop
      vertex -22.1947 -5.91422 10.5
      vertex -21.956 -6.11803 15
      vertex -22.1947 -5.91422 15
    endloop
  endfacet
  facet normal -0.649339 -0.760499 -0
    outer loop
      vertex -21.956 -6.11803 15
      vertex -22.1947 -5.91422 10.5
      vertex -21.956 -6.11803 10.5
    endloop
  endfacet
  facet normal -0.649339 -0.760499 0
    outer loop
      vertex -22.1947 -5.91422 0
      vertex -21.956 -6.11803 4.5
      vertex -22.1947 -5.91422 4.5
    endloop
  endfacet
  facet normal -0.649339 -0.760499 -0
    outer loop
      vertex -21.956 -6.11803 4.5
      vertex -22.1947 -5.91422 0
      vertex -21.956 -6.11803 0
    endloop
  endfacet
  facet normal -0.760447 -0.649399 0
    outer loop
      vertex -22.1947 -5.91422 10.5
      vertex -22.3985 -5.67557 15
      vertex -22.3985 -5.67557 10.5
    endloop
  endfacet
  facet normal -0.760447 -0.649399 0
    outer loop
      vertex -22.3985 -5.67557 15
      vertex -22.1947 -5.91422 10.5
      vertex -22.1947 -5.91422 15
    endloop
  endfacet
  facet normal -0.760447 -0.649399 0
    outer loop
      vertex -22.1947 -5.91422 0
      vertex -22.3985 -5.67557 4.5
      vertex -22.3985 -5.67557 0
    endloop
  endfacet
  facet normal -0.760447 -0.649399 0
    outer loop
      vertex -22.3985 -5.67557 4.5
      vertex -22.1947 -5.91422 0
      vertex -22.1947 -5.91422 4.5
    endloop
  endfacet
  facet normal 0 0 -1
    outer loop
      vertex -7.6 6.22562 0
      vertex -7.98197 6.40211 0
      vertex -7.69203 6.28201 0
    endloop
  endfacet
  facet normal 0 0 -1
    outer loop
      vertex -15 2.2 0
      vertex -7.6 6.22562 0
      vertex -2.40613 3.12355 0
    endloop
  endfacet
  facet normal 0 -0 -1
    outer loop
      vertex -8.6 6.5 0
      vertex -7.6 6.22562 0
      vertex -15 2.2 0
    endloop
  endfacet
  facet normal 0 0 -1
    outer loop
      vertex -7.6 6.22562 0
      vertex -8.6 6.5 0
      vertex -7.98197 6.40211 0
    endloop
  endfacet
  facet normal 0 0 -1
    outer loop
      vertex -7.98197 6.40211 0
      vertex -8.6 6.5 0
      vertex -8.28713 6.47537 0
    endloop
  endfacet
  facet normal 0 0 -1
    outer loop
      vertex -20.7804 6.5 0
      vertex -15 2.2 0
      vertex -15.3442 2.17291 0
    endloop
  endfacet
  facet normal 0 0 -1
    outer loop
      vertex -20.7804 6.5 0
      vertex -15.3442 2.17291 0
      vertex -15.6798 2.09232 0
    endloop
  endfacet
  facet normal 0 0 -1
    outer loop
      vertex -20.7804 6.5 0
      vertex -15.6798 2.09232 0
      vertex -15.9988 1.96021 0
    endloop
  endfacet
  facet normal 0 0 -1
    outer loop
      vertex -20.7804 6.5 0
      vertex -15.9988 1.96021 0
      vertex -16.2931 1.77984 0
    endloop
  endfacet
  facet normal -0 0 -1
    outer loop
      vertex -17.1729 -0.344155 0
      vertex -22.7804 -4.5 0
      vertex -17.2 0 0
    endloop
  endfacet
  facet normal 0 0 -1
    outer loop
      vertex -22.7804 4.5 0
      vertex -17.2 0 0
      vertex -22.7804 -4.5 0
    endloop
  endfacet
  facet normal 0 0 -1
    outer loop
      vertex -17.2 0 0
      vertex -22.7804 4.5 0
      vertex -17.1729 0.344155 0
    endloop
  endfacet
  facet normal 0 0 -1
    outer loop
      vertex -15 2.2 0
      vertex -20.7804 6.5 0
      vertex -8.6 6.5 0
    endloop
  endfacet
  facet normal 0 0 -1
    outer loop
      vertex -16.5556 1.55563 0
      vertex -20.7804 6.5 0
      vertex -16.2931 1.77984 0
    endloop
  endfacet
  facet normal 0 0 -1
    outer loop
      vertex -16.7798 1.29313 0
      vertex -20.7804 6.5 0
      vertex -16.5556 1.55563 0
    endloop
  endfacet
  facet normal 0 0 -1
    outer loop
      vertex -22.7804 4.5 0
      vertex -16.7798 1.29313 0
      vertex -16.9602 0.998778 0
    endloop
  endfacet
  facet normal 0 0 -1
    outer loop
      vertex -17.1729 0.344155 0
      vertex -22.7804 4.5 0
      vertex -17.0923 0.679837 0
    endloop
  endfacet
  facet normal 0 0 -1
    outer loop
      vertex -22.7804 -4.5 0
      vertex -20.7804 -6.5 0
      vertex -21.0933 -6.47537 0
    endloop
  endfacet
  facet normal 0 0 -1
    outer loop
      vertex -17.0923 0.679837 0
      vertex -22.7804 4.5 0
      vertex -16.9602 0.998778 0
    endloop
  endfacet
  facet normal 0 0 -1
    outer loop
      vertex -22.7804 -4.5 0
      vertex -21.0933 -6.47537 0
      vertex -21.3985 -6.40211 0
    endloop
  endfacet
  facet normal 0 0 -1
    outer loop
      vertex -16.7798 1.29313 0
      vertex -22.7804 4.5 0
      vertex -20.7804 6.5 0
    endloop
  endfacet
  facet normal 0 0 -1
    outer loop
      vertex -22.7804 -4.5 0
      vertex -21.3985 -6.40211 0
      vertex -21.6884 -6.28201 0
    endloop
  endfacet
  facet normal 0 0 -1
    outer loop
      vertex -20.7804 6.5 0
      vertex -22.7804 4.5 0
      vertex -21.0933 6.47537 0
    endloop
  endfacet
  facet normal 0 0 -1
    outer loop
      vertex -22.7804 -4.5 0
      vertex -21.6884 -6.28201 0
      vertex -21.956 -6.11803 0
    endloop
  endfacet
  facet normal 0 0 -1
    outer loop
      vertex -21.0933 6.47537 0
      vertex -22.7804 4.5 0
      vertex -21.3985 6.40211 0
    endloop
  endfacet
  facet normal 0 0 -1
    outer loop
      vertex -22.7804 -4.5 0
      vertex -21.956 -6.11803 0
      vertex -22.1947 -5.91422 0
    endloop
  endfacet
  facet normal 0 0 -1
    outer loop
      vertex -21.3985 6.40211 0
      vertex -22.7804 4.5 0
      vertex -21.6884 6.28201 0
    endloop
  endfacet
  facet normal 0 0 -1
    outer loop
      vertex -22.7804 -4.5 0
      vertex -22.1947 -5.91422 0
      vertex -22.3985 -5.67557 0
    endloop
  endfacet
  facet normal 0 0 -1
    outer loop
      vertex -21.6884 6.28201 0
      vertex -22.7804 4.5 0
      vertex -21.956 6.11803 0
    endloop
  endfacet
  facet normal 0 0 -1
    outer loop
      vertex -22.7804 -4.5 0
      vertex -22.3985 -5.67557 0
      vertex -22.5625 -5.40797 0
    endloop
  endfacet
  facet normal 0 0 -1
    outer loop
      vertex -21.956 6.11803 0
      vertex -22.7804 4.5 0
      vertex -22.1947 5.91422 0
    endloop
  endfacet
  facet normal 0 0 -1
    outer loop
      vertex -22.7804 -4.5 0
      vertex -22.5625 -5.40797 0
      vertex -22.6826 -5.11803 0
    endloop
  endfacet
  facet normal 0 0 -1
    outer loop
      vertex -22.1947 5.91422 0
      vertex -22.7804 4.5 0
      vertex -22.3985 5.67557 0
    endloop
  endfacet
  facet normal 0 0 -1
    outer loop
      vertex -22.7804 -4.5 0
      vertex -22.6826 -5.11803 0
      vertex -22.7558 -4.81287 0
    endloop
  endfacet
  facet normal 0 0 -1
    outer loop
      vertex -22.3985 5.67557 0
      vertex -22.7804 4.5 0
      vertex -22.5625 5.40797 0
    endloop
  endfacet
  facet normal 0 0 -1
    outer loop
      vertex -22.5625 5.40797 0
      vertex -22.7804 4.5 0
      vertex -22.6826 5.11803 0
    endloop
  endfacet
  facet normal 0 0 -1
    outer loop
      vertex -22.6826 5.11803 0
      vertex -22.7804 4.5 0
      vertex -22.7558 4.81287 0
    endloop
  endfacet
  facet normal 0 0 -1
    outer loop
      vertex 3.95 0 0
      vertex 6.5 0 0
      vertex 6.41997 -1.01682 0
    endloop
  endfacet
  facet normal 0 0 -1
    outer loop
      vertex 3.90137 -0.617916 0
      vertex 6.41997 -1.01682 0
      vertex 6.18187 -2.00861 0
    endloop
  endfacet
  facet normal 0 0 -1
    outer loop
      vertex 6.5 0 0
      vertex 3.95 0 0
      vertex 6.41997 1.01682 0
    endloop
  endfacet
  facet normal 0 0 -1
    outer loop
      vertex 3.75667 -1.22062 0
      vertex 6.18187 -2.00861 0
      vertex 5.79154 -2.95094 0
    endloop
  endfacet
  facet normal 0 0 -1
    outer loop
      vertex 3.90137 0.617916 0
      vertex 6.41997 1.01682 0
      vertex 3.95 0 0
    endloop
  endfacet
  facet normal 0 0 -1
    outer loop
      vertex 3.51947 -1.79326 0
      vertex 5.79154 -2.95094 0
      vertex 5.25861 -3.8206 0
    endloop
  endfacet
  facet normal -0 0 -1
    outer loop
      vertex 6.41997 1.01682 0
      vertex 3.90137 0.617916 0
      vertex 6.18187 2.00861 0
    endloop
  endfacet
  facet normal 0 0 -1
    outer loop
      vertex 3.19562 -2.32175 0
      vertex 5.25861 -3.8206 0
      vertex 4.59619 -4.59619 0
    endloop
  endfacet
  facet normal 0 0 -1
    outer loop
      vertex 3.75667 1.22062 0
      vertex 6.18187 2.00861 0
      vertex 3.90137 0.617916 0
    endloop
  endfacet
  facet normal -0 0 -1
    outer loop
      vertex 6.18187 2.00861 0
      vertex 3.75667 1.22062 0
      vertex 5.79154 2.95094 0
    endloop
  endfacet
  facet normal 0 0 -1
    outer loop
      vertex 6.41997 -1.01682 0
      vertex 3.90137 -0.617916 0
      vertex 3.95 0 0
    endloop
  endfacet
  facet normal 0 0 -1
    outer loop
      vertex 2.79307 -2.79307 0
      vertex 4.59619 -4.59619 0
      vertex 3.8206 -5.25861 0
    endloop
  endfacet
  facet normal 0 0 -1
    outer loop
      vertex 6.18187 -2.00861 0
      vertex 3.75667 -1.22062 0
      vertex 3.90137 -0.617916 0
    endloop
  endfacet
  facet normal 0 0 -1
    outer loop
      vertex 5.79154 -2.95094 0
      vertex 3.51947 -1.79326 0
      vertex 3.75667 -1.22062 0
    endloop
  endfacet
  facet normal 0 0 -1
    outer loop
      vertex 5.25861 -3.8206 0
      vertex 3.19562 -2.32175 0
      vertex 3.51947 -1.79326 0
    endloop
  endfacet
  facet normal 0 0 -1
    outer loop
      vertex 2.32175 -3.19562 0
      vertex 3.8206 -5.25861 0
      vertex 2.95094 -5.79154 0
    endloop
  endfacet
  facet normal 0 0 -1
    outer loop
      vertex 4.59619 -4.59619 0
      vertex 2.79307 -2.79307 0
      vertex 3.19562 -2.32175 0
    endloop
  endfacet
  facet normal 0 0 -1
    outer loop
      vertex 3.8206 -5.25861 0
      vertex 2.32175 -3.19562 0
      vertex 2.79307 -2.79307 0
    endloop
  endfacet
  facet normal 0 0 -1
    outer loop
      vertex 1.79326 -3.51947 0
      vertex 2.95094 -5.79154 0
      vertex 2.00861 -6.18187 0
    endloop
  endfacet
  facet normal 0 0 -1
    outer loop
      vertex 2.95094 -5.79154 0
      vertex 1.79326 -3.51947 0
      vertex 2.32175 -3.19562 0
    endloop
  endfacet
  facet normal 0 0 -1
    outer loop
      vertex 2.00861 -6.18187 0
      vertex 1.22062 -3.75667 0
      vertex 1.79326 -3.51947 0
    endloop
  endfacet
  facet normal 0 0 -1
    outer loop
      vertex 1.01682 -6.41997 0
      vertex 1.22062 -3.75667 0
      vertex 2.00861 -6.18187 0
    endloop
  endfacet
  facet normal 0 0 -1
    outer loop
      vertex 1.01682 -6.41997 0
      vertex 0.617916 -3.90137 0
      vertex 1.22062 -3.75667 0
    endloop
  endfacet
  facet normal 0 0 -1
    outer loop
      vertex 0 -6.5 0
      vertex 0.617916 -3.90137 0
      vertex 1.01682 -6.41997 0
    endloop
  endfacet
  facet normal 0 0 -1
    outer loop
      vertex 0 -6.5 0
      vertex 0 -3.95 0
      vertex 0.617916 -3.90137 0
    endloop
  endfacet
  facet normal 0 0 -1
    outer loop
      vertex 0 -6.5 0
      vertex -0.617916 -3.90137 0
      vertex 0 -3.95 0
    endloop
  endfacet
  facet normal 0 0 -1
    outer loop
      vertex 0 -6.5 0
      vertex -1.22062 -3.75667 0
      vertex -0.617916 -3.90137 0
    endloop
  endfacet
  facet normal 0 0 -1
    outer loop
      vertex 0 -6.5 0
      vertex -1.79326 -3.51947 0
      vertex -1.22062 -3.75667 0
    endloop
  endfacet
  facet normal 0 0 -1
    outer loop
      vertex -7.6 -6.5 0
      vertex -1.79326 -3.51947 0
      vertex 0 -6.5 0
    endloop
  endfacet
  facet normal -0 0 -1
    outer loop
      vertex -1.79326 -3.51947 0
      vertex -7.6 -6.5 0
      vertex -2.32175 -3.19562 0
    endloop
  endfacet
  facet normal 0 0 -1
    outer loop
      vertex -7.6 -6.22562 0
      vertex -2.32175 -3.19562 0
      vertex -7.6 -6.5 0
    endloop
  endfacet
  facet normal -0 0 -1
    outer loop
      vertex -2.32175 -3.19562 0
      vertex -7.6 -6.22562 0
      vertex -2.40613 -3.12355 0
    endloop
  endfacet
  facet normal 0 0 -1
    outer loop
      vertex -7.98197 -6.40211 0
      vertex -7.6 -6.22562 0
      vertex -7.69203 -6.28201 0
    endloop
  endfacet
  facet normal 0 0 -1
    outer loop
      vertex -8.6 -6.5 0
      vertex -7.6 -6.22562 0
      vertex -7.98197 -6.40211 0
    endloop
  endfacet
  facet normal 0 0 -1
    outer loop
      vertex -8.6 -6.5 0
      vertex -7.98197 -6.40211 0
      vertex -8.28713 -6.47537 0
    endloop
  endfacet
  facet normal -0 0 -1
    outer loop
      vertex -7.6 -6.22562 0
      vertex -8.6 -6.5 0
      vertex -15 -2.2 0
    endloop
  endfacet
  facet normal 0 0 -1
    outer loop
      vertex -7.6 -6.22562 0
      vertex -15 -2.2 0
      vertex -2.40613 -3.12355 0
    endloop
  endfacet
  facet normal 0 0 -1
    outer loop
      vertex -20.7804 -6.5 0
      vertex -15 -2.2 0
      vertex -8.6 -6.5 0
    endloop
  endfacet
  facet normal -0 0 -1
    outer loop
      vertex -15 -2.2 0
      vertex -20.7804 -6.5 0
      vertex -15.3442 -2.17291 0
    endloop
  endfacet
  facet normal -0 0 -1
    outer loop
      vertex -15.3442 -2.17291 0
      vertex -20.7804 -6.5 0
      vertex -15.6798 -2.09232 0
    endloop
  endfacet
  facet normal -0 0 -1
    outer loop
      vertex -15.6798 -2.09232 0
      vertex -20.7804 -6.5 0
      vertex -15.9988 -1.96021 0
    endloop
  endfacet
  facet normal -0 0 -1
    outer loop
      vertex -17.0923 -0.679837 0
      vertex -22.7804 -4.5 0
      vertex -17.1729 -0.344155 0
    endloop
  endfacet
  facet normal -0 0 -1
    outer loop
      vertex -16.9602 -0.998778 0
      vertex -22.7804 -4.5 0
      vertex -17.0923 -0.679837 0
    endloop
  endfacet
  facet normal -0 0 -1
    outer loop
      vertex -16.7798 -1.29313 0
      vertex -22.7804 -4.5 0
      vertex -16.9602 -0.998778 0
    endloop
  endfacet
  facet normal 0 0 -1
    outer loop
      vertex -22.7804 -4.5 0
      vertex -16.7798 -1.29313 0
      vertex -20.7804 -6.5 0
    endloop
  endfacet
  facet normal -0 0 -1
    outer loop
      vertex -16.5556 -1.55563 0
      vertex -20.7804 -6.5 0
      vertex -16.7798 -1.29313 0
    endloop
  endfacet
  facet normal -0 0 -1
    outer loop
      vertex -16.2931 -1.77984 0
      vertex -20.7804 -6.5 0
      vertex -16.5556 -1.55563 0
    endloop
  endfacet
  facet normal -0 0 -1
    outer loop
      vertex -15.9988 -1.96021 0
      vertex -20.7804 -6.5 0
      vertex -16.2931 -1.77984 0
    endloop
  endfacet
  facet normal 0 0 -1
    outer loop
      vertex 3.51947 1.79326 0
      vertex 5.79154 2.95094 0
      vertex 3.75667 1.22062 0
    endloop
  endfacet
  facet normal -0 0 -1
    outer loop
      vertex 5.79154 2.95094 0
      vertex 3.51947 1.79326 0
      vertex 5.25861 3.8206 0
    endloop
  endfacet
  facet normal 0 0 -1
    outer loop
      vertex 3.19562 2.32175 0
      vertex 5.25861 3.8206 0
      vertex 3.51947 1.79326 0
    endloop
  endfacet
  facet normal -0 0 -1
    outer loop
      vertex 5.25861 3.8206 0
      vertex 3.19562 2.32175 0
      vertex 4.59619 4.59619 0
    endloop
  endfacet
  facet normal 0 0 -1
    outer loop
      vertex 2.79307 2.79307 0
      vertex 4.59619 4.59619 0
      vertex 3.19562 2.32175 0
    endloop
  endfacet
  facet normal -0 0 -1
    outer loop
      vertex 4.59619 4.59619 0
      vertex 2.79307 2.79307 0
      vertex 3.8206 5.25861 0
    endloop
  endfacet
  facet normal 0 0 -1
    outer loop
      vertex 2.32175 3.19562 0
      vertex 3.8206 5.25861 0
      vertex 2.79307 2.79307 0
    endloop
  endfacet
  facet normal -0 0 -1
    outer loop
      vertex 3.8206 5.25861 0
      vertex 2.32175 3.19562 0
      vertex 2.95094 5.79154 0
    endloop
  endfacet
  facet normal 0 0 -1
    outer loop
      vertex 1.79326 3.51947 0
      vertex 2.95094 5.79154 0
      vertex 2.32175 3.19562 0
    endloop
  endfacet
  facet normal -0 0 -1
    outer loop
      vertex 2.95094 5.79154 0
      vertex 1.79326 3.51947 0
      vertex 2.00861 6.18187 0
    endloop
  endfacet
  facet normal 0 0 -1
    outer loop
      vertex 1.22062 3.75667 0
      vertex 2.00861 6.18187 0
      vertex 1.79326 3.51947 0
    endloop
  endfacet
  facet normal 0 0 -1
    outer loop
      vertex 1.22062 3.75667 0
      vertex 1.01682 6.41997 0
      vertex 2.00861 6.18187 0
    endloop
  endfacet
  facet normal 0 0 -1
    outer loop
      vertex 0.617916 3.90137 0
      vertex 1.01682 6.41997 0
      vertex 1.22062 3.75667 0
    endloop
  endfacet
  facet normal 0 0 -1
    outer loop
      vertex 0 3.95 0
      vertex 1.01682 6.41997 0
      vertex 0.617916 3.90137 0
    endloop
  endfacet
  facet normal 0 0 -1
    outer loop
      vertex 0 3.95 0
      vertex 0 6.5 0
      vertex 1.01682 6.41997 0
    endloop
  endfacet
  facet normal 0 0 -1
    outer loop
      vertex -0.617916 3.90137 0
      vertex 0 6.5 0
      vertex 0 3.95 0
    endloop
  endfacet
  facet normal 0 0 -1
    outer loop
      vertex -1.22062 3.75667 0
      vertex 0 6.5 0
      vertex -0.617916 3.90137 0
    endloop
  endfacet
  facet normal 0 0 -1
    outer loop
      vertex -1.79326 3.51947 0
      vertex 0 6.5 0
      vertex -1.22062 3.75667 0
    endloop
  endfacet
  facet normal 0 0 -1
    outer loop
      vertex -7.6 6.5 0
      vertex -1.79326 3.51947 0
      vertex -2.32175 3.19562 0
    endloop
  endfacet
  facet normal 0 0 -1
    outer loop
      vertex -7.6 6.22562 0
      vertex -2.32175 3.19562 0
      vertex -2.40613 3.12355 0
    endloop
  endfacet
  facet normal 0 0 -1
    outer loop
      vertex -2.32175 3.19562 0
      vertex -7.6 6.22562 0
      vertex -7.6 6.5 0
    endloop
  endfacet
  facet normal 0 0 -1
    outer loop
      vertex -1.79326 3.51947 0
      vertex -7.6 6.5 0
      vertex 0 6.5 0
    endloop
  endfacet
  facet normal -0.760447 0.649399 0
    outer loop
      vertex -22.3985 5.67557 10.5
      vertex -22.1947 5.91422 15
      vertex -22.1947 5.91422 10.5
    endloop
  endfacet
  facet normal -0.760447 0.649399 0
    outer loop
      vertex -22.1947 5.91422 15
      vertex -22.3985 5.67557 10.5
      vertex -22.3985 5.67557 15
    endloop
  endfacet
  facet normal -0.760447 0.649399 0
    outer loop
      vertex -22.3985 5.67557 0
      vertex -22.1947 5.91422 4.5
      vertex -22.1947 5.91422 0
    endloop
  endfacet
  facet normal -0.760447 0.649399 0
    outer loop
      vertex -22.1947 5.91422 4.5
      vertex -22.3985 5.67557 0
      vertex -22.3985 5.67557 4.5
    endloop
  endfacet
  facet normal -0.85262 -0.522532 0
    outer loop
      vertex -22.3985 -5.67557 0
      vertex -22.5625 -5.40797 4.5
      vertex -22.5625 -5.40797 0
    endloop
  endfacet
  facet normal -0.85262 -0.522532 0
    outer loop
      vertex -22.5625 -5.40797 4.5
      vertex -22.3985 -5.67557 0
      vertex -22.3985 -5.67557 4.5
    endloop
  endfacet
  facet normal -0.85262 -0.522532 0
    outer loop
      vertex -22.3985 -5.67557 10.5
      vertex -22.5625 -5.40797 15
      vertex -22.5625 -5.40797 10.5
    endloop
  endfacet
  facet normal -0.85262 -0.522532 0
    outer loop
      vertex -22.5625 -5.40797 15
      vertex -22.3985 -5.67557 10.5
      vertex -22.3985 -5.67557 15
    endloop
  endfacet
  facet normal 0 0 1
    outer loop
      vertex -7.98197 6.40211 15
      vertex -7.6 6.22562 15
      vertex -7.69203 6.28201 15
    endloop
  endfacet
  facet normal 0 0 1
    outer loop
      vertex -7.6 6.22562 15
      vertex -8.6 6.5 15
      vertex -7.6 -6.22562 15
    endloop
  endfacet
  facet normal 0 0 1
    outer loop
      vertex -7.6 6.22562 15
      vertex -7.98197 6.40211 15
      vertex -8.6 6.5 15
    endloop
  endfacet
  facet normal 0 0 1
    outer loop
      vertex -8.6 -6.5 15
      vertex -7.6 -6.22562 15
      vertex -8.6 6.5 15
    endloop
  endfacet
  facet normal 0 0 1
    outer loop
      vertex -8.6 6.5 15
      vertex -7.98197 6.40211 15
      vertex -8.28713 6.47537 15
    endloop
  endfacet
  facet normal 0 -0 1
    outer loop
      vertex -7.98197 -6.40211 15
      vertex -7.6 -6.22562 15
      vertex -8.6 -6.5 15
    endloop
  endfacet
  facet normal 0 0 1
    outer loop
      vertex -7.6 -6.22562 15
      vertex -7.98197 -6.40211 15
      vertex -7.69203 -6.28201 15
    endloop
  endfacet
  facet normal 0 0 1
    outer loop
      vertex -7.98197 -6.40211 15
      vertex -8.6 -6.5 15
      vertex -8.28713 -6.47537 15
    endloop
  endfacet
  facet normal -0 0 1
    outer loop
      vertex -20.7804 6.5 15
      vertex -8.6 -6.5 15
      vertex -8.6 6.5 15
    endloop
  endfacet
  facet normal 0 0 1
    outer loop
      vertex -20.7804 6.5 15
      vertex -20.7804 -6.5 15
      vertex -8.6 -6.5 15
    endloop
  endfacet
  facet normal 0 0 1
    outer loop
      vertex -22.7804 4.5 15
      vertex -20.7804 6.5 15
      vertex -21.0933 6.47537 15
    endloop
  endfacet
  facet normal 0 0 1
    outer loop
      vertex -20.7804 6.5 15
      vertex -22.7804 4.5 15
      vertex -20.7804 -6.5 15
    endloop
  endfacet
  facet normal 0 0 1
    outer loop
      vertex -22.7804 4.5 15
      vertex -21.0933 6.47537 15
      vertex -21.3985 6.40211 15
    endloop
  endfacet
  facet normal -0 0 1
    outer loop
      vertex -22.7804 -4.5 15
      vertex -20.7804 -6.5 15
      vertex -22.7804 4.5 15
    endloop
  endfacet
  facet normal 0 0 1
    outer loop
      vertex -22.7804 4.5 15
      vertex -21.3985 6.40211 15
      vertex -21.6884 6.28201 15
    endloop
  endfacet
  facet normal 0 0 1
    outer loop
      vertex -20.7804 -6.5 15
      vertex -22.7804 -4.5 15
      vertex -21.0933 -6.47537 15
    endloop
  endfacet
  facet normal 0 0 1
    outer loop
      vertex -22.7804 4.5 15
      vertex -21.6884 6.28201 15
      vertex -21.956 6.11803 15
    endloop
  endfacet
  facet normal 0 0 1
    outer loop
      vertex -21.0933 -6.47537 15
      vertex -22.7804 -4.5 15
      vertex -21.3985 -6.40211 15
    endloop
  endfacet
  facet normal 0 0 1
    outer loop
      vertex -22.7804 4.5 15
      vertex -21.956 6.11803 15
      vertex -22.1947 5.91422 15
    endloop
  endfacet
  facet normal 0 0 1
    outer loop
      vertex -21.3985 -6.40211 15
      vertex -22.7804 -4.5 15
      vertex -21.6884 -6.28201 15
    endloop
  endfacet
  facet normal 0 0 1
    outer loop
      vertex -22.7804 4.5 15
      vertex -22.1947 5.91422 15
      vertex -22.3985 5.67557 15
    endloop
  endfacet
  facet normal 0 0 1
    outer loop
      vertex -21.6884 -6.28201 15
      vertex -22.7804 -4.5 15
      vertex -21.956 -6.11803 15
    endloop
  endfacet
  facet normal 0 0 1
    outer loop
      vertex -22.7804 4.5 15
      vertex -22.3985 5.67557 15
      vertex -22.5625 5.40797 15
    endloop
  endfacet
  facet normal 0 0 1
    outer loop
      vertex -21.956 -6.11803 15
      vertex -22.7804 -4.5 15
      vertex -22.1947 -5.91422 15
    endloop
  endfacet
  facet normal 0 0 1
    outer loop
      vertex -22.7804 4.5 15
      vertex -22.5625 5.40797 15
      vertex -22.6826 5.11803 15
    endloop
  endfacet
  facet normal 0 0 1
    outer loop
      vertex -22.1947 -5.91422 15
      vertex -22.7804 -4.5 15
      vertex -22.3985 -5.67557 15
    endloop
  endfacet
  facet normal 0 0 1
    outer loop
      vertex -22.7804 4.5 15
      vertex -22.6826 5.11803 15
      vertex -22.7558 4.81287 15
    endloop
  endfacet
  facet normal 0 0 1
    outer loop
      vertex -22.3985 -5.67557 15
      vertex -22.7804 -4.5 15
      vertex -22.5625 -5.40797 15
    endloop
  endfacet
  facet normal 0 0 1
    outer loop
      vertex -22.5625 -5.40797 15
      vertex -22.7804 -4.5 15
      vertex -22.6826 -5.11803 15
    endloop
  endfacet
  facet normal 0 0 1
    outer loop
      vertex -22.6826 -5.11803 15
      vertex -22.7804 -4.5 15
      vertex -22.7558 -4.81287 15
    endloop
  endfacet
  facet normal 0 0 1
    outer loop
      vertex 2.25 0 15
      vertex 6.5 0 15
      vertex 6.41997 1.01682 15
    endloop
  endfacet
  facet normal 0 0 1
    outer loop
      vertex 2.2223 0.351977 15
      vertex 6.41997 1.01682 15
      vertex 6.18187 2.00861 15
    endloop
  endfacet
  facet normal 0 0 1
    outer loop
      vertex 6.5 0 15
      vertex 2.25 0 15
      vertex 6.41997 -1.01682 15
    endloop
  endfacet
  facet normal 0 0 1
    outer loop
      vertex 2.13988 0.695288 15
      vertex 6.18187 2.00861 15
      vertex 5.79154 2.95094 15
    endloop
  endfacet
  facet normal -0 0 1
    outer loop
      vertex 2.2223 -0.351977 15
      vertex 6.41997 -1.01682 15
      vertex 2.25 0 15
    endloop
  endfacet
  facet normal 0 0 1
    outer loop
      vertex 2.00476 1.02148 15
      vertex 5.79154 2.95094 15
      vertex 5.25861 3.8206 15
    endloop
  endfacet
  facet normal 0 0 1
    outer loop
      vertex 6.41997 -1.01682 15
      vertex 2.2223 -0.351977 15
      vertex 6.18187 -2.00861 15
    endloop
  endfacet
  facet normal 0 0 1
    outer loop
      vertex 1.82029 1.32252 15
      vertex 5.25861 3.8206 15
      vertex 4.59619 4.59619 15
    endloop
  endfacet
  facet normal -0 0 1
    outer loop
      vertex 2.13988 -0.695288 15
      vertex 6.18187 -2.00861 15
      vertex 2.2223 -0.351977 15
    endloop
  endfacet
  facet normal 0 0 1
    outer loop
      vertex 1.59099 1.59099 15
      vertex 4.59619 4.59619 15
      vertex 3.8206 5.25861 15
    endloop
  endfacet
  facet normal 0 0 1
    outer loop
      vertex 6.18187 -2.00861 15
      vertex 2.13988 -0.695288 15
      vertex 5.79154 -2.95094 15
    endloop
  endfacet
  facet normal 0 0 1
    outer loop
      vertex 1.32252 1.82029 15
      vertex 3.8206 5.25861 15
      vertex 2.95094 5.79154 15
    endloop
  endfacet
  facet normal -0 0 1
    outer loop
      vertex 2.00476 -1.02148 15
      vertex 5.79154 -2.95094 15
      vertex 2.13988 -0.695288 15
    endloop
  endfacet
  facet normal 0 0 1
    outer loop
      vertex 5.79154 -2.95094 15
      vertex 2.00476 -1.02148 15
      vertex 5.25861 -3.8206 15
    endloop
  endfacet
  facet normal 0 0 1
    outer loop
      vertex 6.41997 1.01682 15
      vertex 2.2223 0.351977 15
      vertex 2.25 0 15
    endloop
  endfacet
  facet normal 0 0 1
    outer loop
      vertex 6.18187 2.00861 15
      vertex 2.13988 0.695288 15
      vertex 2.2223 0.351977 15
    endloop
  endfacet
  facet normal 0 0 1
    outer loop
      vertex 1.02148 2.00476 15
      vertex 2.95094 5.79154 15
      vertex 2.00861 6.18187 15
    endloop
  endfacet
  facet normal 0 0 1
    outer loop
      vertex 5.79154 2.95094 15
      vertex 2.00476 1.02148 15
      vertex 2.13988 0.695288 15
    endloop
  endfacet
  facet normal 0 0 1
    outer loop
      vertex 5.25861 3.8206 15
      vertex 1.82029 1.32252 15
      vertex 2.00476 1.02148 15
    endloop
  endfacet
  facet normal 0 0 1
    outer loop
      vertex 4.59619 4.59619 15
      vertex 1.59099 1.59099 15
      vertex 1.82029 1.32252 15
    endloop
  endfacet
  facet normal 0 0 1
    outer loop
      vertex 3.8206 5.25861 15
      vertex 1.32252 1.82029 15
      vertex 1.59099 1.59099 15
    endloop
  endfacet
  facet normal 0 0 1
    outer loop
      vertex 2.95094 5.79154 15
      vertex 1.02148 2.00476 15
      vertex 1.32252 1.82029 15
    endloop
  endfacet
  facet normal 0 0 1
    outer loop
      vertex 0.695288 2.13988 15
      vertex 2.00861 6.18187 15
      vertex 1.01682 6.41997 15
    endloop
  endfacet
  facet normal 0 0 1
    outer loop
      vertex 2.00861 6.18187 15
      vertex 0.695288 2.13988 15
      vertex 1.02148 2.00476 15
    endloop
  endfacet
  facet normal 0 0 1
    outer loop
      vertex 1.01682 6.41997 15
      vertex 0.351977 2.2223 15
      vertex 0.695288 2.13988 15
    endloop
  endfacet
  facet normal 0 0 1
    outer loop
      vertex 0 6.5 15
      vertex 0.351977 2.2223 15
      vertex 1.01682 6.41997 15
    endloop
  endfacet
  facet normal 0 0 1
    outer loop
      vertex 0 6.5 15
      vertex 0 2.25 15
      vertex 0.351977 2.2223 15
    endloop
  endfacet
  facet normal 0 0 1
    outer loop
      vertex 0 6.5 15
      vertex -0.351977 2.2223 15
      vertex 0 2.25 15
    endloop
  endfacet
  facet normal 0 0 1
    outer loop
      vertex 0 6.5 15
      vertex -0.695288 2.13988 15
      vertex -0.351977 2.2223 15
    endloop
  endfacet
  facet normal 0 0 1
    outer loop
      vertex 0 6.5 15
      vertex -1.02148 2.00476 15
      vertex -0.695288 2.13988 15
    endloop
  endfacet
  facet normal 0 0 1
    outer loop
      vertex 0 6.5 15
      vertex -1.32252 1.82029 15
      vertex -1.02148 2.00476 15
    endloop
  endfacet
  facet normal -0 0 1
    outer loop
      vertex -7.6 6.22562 15
      vertex -1.32252 1.82029 15
      vertex 0 6.5 15
    endloop
  endfacet
  facet normal 0 0 1
    outer loop
      vertex -1.32252 1.82029 15
      vertex -7.6 6.22562 15
      vertex -1.59099 1.59099 15
    endloop
  endfacet
  facet normal 0 0 1
    outer loop
      vertex -1.59099 1.59099 15
      vertex -7.6 6.22562 15
      vertex -1.82029 1.32252 15
    endloop
  endfacet
  facet normal 0 0 1
    outer loop
      vertex -1.82029 1.32252 15
      vertex -7.6 6.22562 15
      vertex -2.00476 1.02148 15
    endloop
  endfacet
  facet normal 0 0 1
    outer loop
      vertex -2.13988 0.695288 15
      vertex -7.6 6.22562 15
      vertex -2.2223 0.351977 15
    endloop
  endfacet
  facet normal 0 0 1
    outer loop
      vertex -2.00476 1.02148 15
      vertex -7.6 6.22562 15
      vertex -2.13988 0.695288 15
    endloop
  endfacet
  facet normal 0 0 1
    outer loop
      vertex -7.6 6.22562 15
      vertex 0 6.5 15
      vertex -7.6 6.5 15
    endloop
  endfacet
  facet normal -0 0 1
    outer loop
      vertex 1.82029 -1.32252 15
      vertex 5.25861 -3.8206 15
      vertex 2.00476 -1.02148 15
    endloop
  endfacet
  facet normal 0 0 1
    outer loop
      vertex 5.25861 -3.8206 15
      vertex 1.82029 -1.32252 15
      vertex 4.59619 -4.59619 15
    endloop
  endfacet
  facet normal -0 0 1
    outer loop
      vertex 1.59099 -1.59099 15
      vertex 4.59619 -4.59619 15
      vertex 1.82029 -1.32252 15
    endloop
  endfacet
  facet normal 0 0 1
    outer loop
      vertex 4.59619 -4.59619 15
      vertex 1.59099 -1.59099 15
      vertex 3.8206 -5.25861 15
    endloop
  endfacet
  facet normal -0 0 1
    outer loop
      vertex 1.32252 -1.82029 15
      vertex 3.8206 -5.25861 15
      vertex 1.59099 -1.59099 15
    endloop
  endfacet
  facet normal 0 0 1
    outer loop
      vertex 3.8206 -5.25861 15
      vertex 1.32252 -1.82029 15
      vertex 2.95094 -5.79154 15
    endloop
  endfacet
  facet normal -0 0 1
    outer loop
      vertex 1.02148 -2.00476 15
      vertex 2.95094 -5.79154 15
      vertex 1.32252 -1.82029 15
    endloop
  endfacet
  facet normal 0 0 1
    outer loop
      vertex 2.95094 -5.79154 15
      vertex 1.02148 -2.00476 15
      vertex 2.00861 -6.18187 15
    endloop
  endfacet
  facet normal -0 0 1
    outer loop
      vertex 0.695288 -2.13988 15
      vertex 2.00861 -6.18187 15
      vertex 1.02148 -2.00476 15
    endloop
  endfacet
  facet normal 0 0 1
    outer loop
      vertex 2.00861 -6.18187 15
      vertex 0.695288 -2.13988 15
      vertex 1.01682 -6.41997 15
    endloop
  endfacet
  facet normal -0 0 1
    outer loop
      vertex 0.351977 -2.2223 15
      vertex 1.01682 -6.41997 15
      vertex 0.695288 -2.13988 15
    endloop
  endfacet
  facet normal -0 0 1
    outer loop
      vertex 0 -2.25 15
      vertex 1.01682 -6.41997 15
      vertex 0.351977 -2.2223 15
    endloop
  endfacet
  facet normal 0 0 1
    outer loop
      vertex 0 -2.25 15
      vertex 0 -6.5 15
      vertex 1.01682 -6.41997 15
    endloop
  endfacet
  facet normal 0 0 1
    outer loop
      vertex -0.351977 -2.2223 15
      vertex 0 -6.5 15
      vertex 0 -2.25 15
    endloop
  endfacet
  facet normal 0 0 1
    outer loop
      vertex -0.695288 -2.13988 15
      vertex 0 -6.5 15
      vertex -0.351977 -2.2223 15
    endloop
  endfacet
  facet normal 0 0 1
    outer loop
      vertex -1.02148 -2.00476 15
      vertex 0 -6.5 15
      vertex -0.695288 -2.13988 15
    endloop
  endfacet
  facet normal 0 0 1
    outer loop
      vertex -1.32252 -1.82029 15
      vertex 0 -6.5 15
      vertex -1.02148 -2.00476 15
    endloop
  endfacet
  facet normal 0 0 1
    outer loop
      vertex -7.6 -6.22562 15
      vertex -1.32252 -1.82029 15
      vertex -1.59099 -1.59099 15
    endloop
  endfacet
  facet normal 0 0 1
    outer loop
      vertex -7.6 -6.22562 15
      vertex -1.59099 -1.59099 15
      vertex -1.82029 -1.32252 15
    endloop
  endfacet
  facet normal 0 0 1
    outer loop
      vertex -7.6 -6.22562 15
      vertex -1.82029 -1.32252 15
      vertex -2.00476 -1.02148 15
    endloop
  endfacet
  facet normal 0 0 1
    outer loop
      vertex -7.6 -6.22562 15
      vertex -2.00476 -1.02148 15
      vertex -2.13988 -0.695288 15
    endloop
  endfacet
  facet normal 0 0 1
    outer loop
      vertex -2.2223 0.351977 15
      vertex -7.6 6.22562 15
      vertex -2.25 0 15
    endloop
  endfacet
  facet normal 0 0 1
    outer loop
      vertex -7.6 -6.22562 15
      vertex -2.25 0 15
      vertex -7.6 6.22562 15
    endloop
  endfacet
  facet normal 0 0 1
    outer loop
      vertex -2.25 0 15
      vertex -7.6 -6.22562 15
      vertex -2.2223 -0.351977 15
    endloop
  endfacet
  facet normal 0 0 1
    outer loop
      vertex -2.2223 -0.351977 15
      vertex -7.6 -6.22562 15
      vertex -2.13988 -0.695288 15
    endloop
  endfacet
  facet normal 0 0 1
    outer loop
      vertex -1.32252 -1.82029 15
      vertex -7.6 -6.22562 15
      vertex 0 -6.5 15
    endloop
  endfacet
  facet normal 0 0 1
    outer loop
      vertex 0 -6.5 15
      vertex -7.6 -6.22562 15
      vertex -7.6 -6.5 15
    endloop
  endfacet
  facet normal -0.233452 0.972368 0
    outer loop
      vertex -36.8604 5.43229 4.5
      vertex -37.6996 5.23081 10.5
      vertex -36.8604 5.43229 10.5
    endloop
  endfacet
  facet normal -0.233452 0.972368 0
    outer loop
      vertex -37.6996 5.23081 10.5
      vertex -36.8604 5.43229 4.5
      vertex -37.6996 5.23081 4.5
    endloop
  endfacet
  facet normal 1 -0 0
    outer loop
      vertex -21.7805 -6.5 10.5
      vertex -21.7805 -6.22562 4.5
      vertex -21.7805 -6.22562 10.5
    endloop
  endfacet
  facet normal 1 0 0
    outer loop
      vertex -21.7805 -6.22562 4.5
      vertex -21.7805 -6.5 10.5
      vertex -21.7805 -6.5 4.5
    endloop
  endfacet
  facet normal 1 -0 0
    outer loop
      vertex -21.7805 6.22562 10.5
      vertex -21.7805 6.5 4.5
      vertex -21.7805 6.5 10.5
    endloop
  endfacet
  facet normal 1 0 0
    outer loop
      vertex -21.7805 6.5 4.5
      vertex -21.7805 6.22562 10.5
      vertex -21.7805 6.22562 4.5
    endloop
  endfacet
  facet normal -0.852662 -0.522463 0
    outer loop
      vertex -40.4496 -3.23282 4.5
      vertex -40.9005 -2.49695 10.5
      vertex -40.9005 -2.49695 4.5
    endloop
  endfacet
  facet normal -0.852662 -0.522463 0
    outer loop
      vertex -40.9005 -2.49695 10.5
      vertex -40.4496 -3.23282 4.5
      vertex -40.4496 -3.23282 10.5
    endloop
  endfacet
  facet normal -0.52249 -0.852645 0
    outer loop
      vertex -39.2328 -4.44959 4.5
      vertex -38.4969 -4.90054 10.5
      vertex -39.2328 -4.44959 10.5
    endloop
  endfacet
  facet normal -0.52249 -0.852645 -0
    outer loop
      vertex -38.4969 -4.90054 10.5
      vertex -39.2328 -4.44959 4.5
      vertex -38.4969 -4.90054 4.5
    endloop
  endfacet
  facet normal -0.52249 0.852645 0
    outer loop
      vertex -38.4969 4.90054 4.5
      vertex -39.2328 4.44959 10.5
      vertex -38.4969 4.90054 10.5
    endloop
  endfacet
  facet normal -0.52249 0.852645 0
    outer loop
      vertex -39.2328 4.44959 10.5
      vertex -38.4969 4.90054 4.5
      vertex -39.2328 4.44959 4.5
    endloop
  endfacet
  facet normal -0.649426 0.760425 0
    outer loop
      vertex -39.2328 4.44959 4.5
      vertex -39.8891 3.88909 10.5
      vertex -39.2328 4.44959 10.5
    endloop
  endfacet
  facet normal -0.649426 0.760425 0
    outer loop
      vertex -39.8891 3.88909 10.5
      vertex -39.2328 4.44959 4.5
      vertex -39.8891 3.88909 4.5
    endloop
  endfacet
  facet normal -0.0784534 -0.996918 0
    outer loop
      vertex -36.8604 -5.43229 4.5
      vertex -36 -5.5 10.5
      vertex -36.8604 -5.43229 10.5
    endloop
  endfacet
  facet normal -0.0784534 -0.996918 -0
    outer loop
      vertex -36 -5.5 10.5
      vertex -36.8604 -5.43229 4.5
      vertex -36 -5.5 4.5
    endloop
  endfacet
  facet normal -0.92387 -0.382706 0
    outer loop
      vertex -40.9005 -2.49695 4.5
      vertex -41.2308 -1.69959 10.5
      vertex -41.2308 -1.69959 4.5
    endloop
  endfacet
  facet normal -0.92387 -0.382706 0
    outer loop
      vertex -41.2308 -1.69959 10.5
      vertex -40.9005 -2.49695 4.5
      vertex -40.9005 -2.49695 10.5
    endloop
  endfacet
  facet normal 0 1 -0
    outer loop
      vertex -21.7805 6.5 4.5
      vertex -22.7805 6.5 10.5
      vertex -21.7805 6.5 10.5
    endloop
  endfacet
  facet normal 0 1 0
    outer loop
      vertex -22.7805 6.5 10.5
      vertex -21.7805 6.5 4.5
      vertex -22.7805 6.5 4.5
    endloop
  endfacet
  facet normal -0.233452 -0.972368 0
    outer loop
      vertex -37.6996 -5.23081 4.5
      vertex -36.8604 -5.43229 10.5
      vertex -37.6996 -5.23081 10.5
    endloop
  endfacet
  facet normal -0.233452 -0.972368 -0
    outer loop
      vertex -36.8604 -5.43229 10.5
      vertex -37.6996 -5.23081 4.5
      vertex -36.8604 -5.43229 4.5
    endloop
  endfacet
  facet normal 0 -1 0
    outer loop
      vertex -22.7805 -6.5 4.5
      vertex -21.7805 -6.5 10.5
      vertex -22.7805 -6.5 10.5
    endloop
  endfacet
  facet normal 0 -1 -0
    outer loop
      vertex -21.7805 -6.5 10.5
      vertex -22.7805 -6.5 4.5
      vertex -21.7805 -6.5 4.5
    endloop
  endfacet
  facet normal -0.0784534 0.996918 0
    outer loop
      vertex -36 5.5 4.5
      vertex -36.8604 5.43229 10.5
      vertex -36 5.5 10.5
    endloop
  endfacet
  facet normal -0.0784534 0.996918 0
    outer loop
      vertex -36.8604 5.43229 10.5
      vertex -36 5.5 4.5
      vertex -36.8604 5.43229 4.5
    endloop
  endfacet
  facet normal -0.996919 0.0784429 0
    outer loop
      vertex -41.5 0 4.5
      vertex -41.4323 0.860389 10.5
      vertex -41.4323 0.860389 4.5
    endloop
  endfacet
  facet normal -0.996919 0.0784429 0
    outer loop
      vertex -41.4323 0.860389 10.5
      vertex -41.5 0 4.5
      vertex -41.5 0 10.5
    endloop
  endfacet
  facet normal -0.972363 0.233473 0
    outer loop
      vertex -41.4323 0.860389 4.5
      vertex -41.2308 1.69959 10.5
      vertex -41.2308 1.69959 4.5
    endloop
  endfacet
  facet normal -0.972363 0.233473 0
    outer loop
      vertex -41.2308 1.69959 10.5
      vertex -41.4323 0.860389 4.5
      vertex -41.4323 0.860389 10.5
    endloop
  endfacet
  facet normal -0.92387 0.382706 0
    outer loop
      vertex -41.2308 1.69959 4.5
      vertex -40.9005 2.49695 10.5
      vertex -40.9005 2.49695 4.5
    endloop
  endfacet
  facet normal -0.92387 0.382706 0
    outer loop
      vertex -40.9005 2.49695 10.5
      vertex -41.2308 1.69959 4.5
      vertex -41.2308 1.69959 10.5
    endloop
  endfacet
  facet normal -0.972363 -0.233473 0
    outer loop
      vertex -41.2308 -1.69959 4.5
      vertex -41.4323 -0.860389 10.5
      vertex -41.4323 -0.860389 4.5
    endloop
  endfacet
  facet normal -0.972363 -0.233473 0
    outer loop
      vertex -41.4323 -0.860389 10.5
      vertex -41.2308 -1.69959 4.5
      vertex -41.2308 -1.69959 10.5
    endloop
  endfacet
  facet normal -0.76041 0.649443 0
    outer loop
      vertex -40.4496 3.23282 4.5
      vertex -39.8891 3.88909 10.5
      vertex -39.8891 3.88909 4.5
    endloop
  endfacet
  facet normal -0.76041 0.649443 0
    outer loop
      vertex -39.8891 3.88909 10.5
      vertex -40.4496 3.23282 4.5
      vertex -40.4496 3.23282 10.5
    endloop
  endfacet
  facet normal -0.76041 -0.649443 0
    outer loop
      vertex -39.8891 -3.88909 4.5
      vertex -40.4496 -3.23282 10.5
      vertex -40.4496 -3.23282 4.5
    endloop
  endfacet
  facet normal -0.76041 -0.649443 0
    outer loop
      vertex -40.4496 -3.23282 10.5
      vertex -39.8891 -3.88909 4.5
      vertex -39.8891 -3.88909 10.5
    endloop
  endfacet
  facet normal -0.0754303 0.997151 0
    outer loop
      vertex -22.7805 6.5 4.5
      vertex -36 5.5 10.5
      vertex -22.7805 6.5 10.5
    endloop
  endfacet
  facet normal -0.0754303 0.997151 0
    outer loop
      vertex -36 5.5 10.5
      vertex -22.7805 6.5 4.5
      vertex -36 5.5 4.5
    endloop
  endfacet
  facet normal -0.382701 -0.923872 0
    outer loop
      vertex -38.4969 -4.90054 4.5
      vertex -37.6996 -5.23081 10.5
      vertex -38.4969 -4.90054 10.5
    endloop
  endfacet
  facet normal -0.382701 -0.923872 -0
    outer loop
      vertex -37.6996 -5.23081 10.5
      vertex -38.4969 -4.90054 4.5
      vertex -37.6996 -5.23081 4.5
    endloop
  endfacet
  facet normal -0.852662 0.522463 0
    outer loop
      vertex -40.9005 2.49695 4.5
      vertex -40.4496 3.23282 10.5
      vertex -40.4496 3.23282 4.5
    endloop
  endfacet
  facet normal -0.852662 0.522463 0
    outer loop
      vertex -40.4496 3.23282 10.5
      vertex -40.9005 2.49695 4.5
      vertex -40.9005 2.49695 10.5
    endloop
  endfacet
  facet normal -0.649426 -0.760425 0
    outer loop
      vertex -39.8891 -3.88909 4.5
      vertex -39.2328 -4.44959 10.5
      vertex -39.8891 -3.88909 10.5
    endloop
  endfacet
  facet normal -0.649426 -0.760425 -0
    outer loop
      vertex -39.2328 -4.44959 10.5
      vertex -39.8891 -3.88909 4.5
      vertex -39.2328 -4.44959 4.5
    endloop
  endfacet
  facet normal -0.0754303 -0.997151 0
    outer loop
      vertex -36 -5.5 4.5
      vertex -22.7805 -6.5 10.5
      vertex -36 -5.5 10.5
    endloop
  endfacet
  facet normal -0.0754303 -0.997151 -0
    outer loop
      vertex -22.7805 -6.5 10.5
      vertex -36 -5.5 4.5
      vertex -22.7805 -6.5 4.5
    endloop
  endfacet
  facet normal -0.382701 0.923872 0
    outer loop
      vertex -37.6996 5.23081 4.5
      vertex -38.4969 4.90054 10.5
      vertex -37.6996 5.23081 10.5
    endloop
  endfacet
  facet normal -0.382701 0.923872 0
    outer loop
      vertex -38.4969 4.90054 10.5
      vertex -37.6996 5.23081 4.5
      vertex -38.4969 4.90054 4.5
    endloop
  endfacet
  facet normal 0 0 1
    outer loop
      vertex -21.7805 6.5 10.5
      vertex -21.956 6.11803 10.5
      vertex -21.7805 6.22562 10.5
    endloop
  endfacet
  facet normal -0 0 1
    outer loop
      vertex -22.7805 6.5 10.5
      vertex -21.956 6.11803 10.5
      vertex -21.7805 6.5 10.5
    endloop
  endfacet
  facet normal 0 0 1
    outer loop
      vertex -21.956 6.11803 10.5
      vertex -22.7805 6.5 10.5
      vertex -22.1947 5.91422 10.5
    endloop
  endfacet
  facet normal 0 0 1
    outer loop
      vertex -22.7558 4.81287 10.5
      vertex -36 5.5 10.5
      vertex -22.7804 4.5 10.5
    endloop
  endfacet
  facet normal -0 0 1
    outer loop
      vertex -36 5.5 10.5
      vertex -22.7558 4.81287 10.5
      vertex -22.7805 6.5 10.5
    endloop
  endfacet
  facet normal 0 0 1
    outer loop
      vertex -22.6826 5.11803 10.5
      vertex -22.7805 6.5 10.5
      vertex -22.7558 4.81287 10.5
    endloop
  endfacet
  facet normal 0 0 1
    outer loop
      vertex -22.5625 5.40797 10.5
      vertex -22.7805 6.5 10.5
      vertex -22.6826 5.11803 10.5
    endloop
  endfacet
  facet normal 0 0 1
    outer loop
      vertex -22.3985 5.67557 10.5
      vertex -22.7805 6.5 10.5
      vertex -22.5625 5.40797 10.5
    endloop
  endfacet
  facet normal 0 0 1
    outer loop
      vertex -22.1947 5.91422 10.5
      vertex -22.7805 6.5 10.5
      vertex -22.3985 5.67557 10.5
    endloop
  endfacet
  facet normal 0 0 1
    outer loop
      vertex -21.956 -6.11803 10.5
      vertex -21.7805 -6.5 10.5
      vertex -21.7805 -6.22562 10.5
    endloop
  endfacet
  facet normal 0 0 1
    outer loop
      vertex -22.7805 -6.5 10.5
      vertex -21.956 -6.11803 10.5
      vertex -22.1947 -5.91422 10.5
    endloop
  endfacet
  facet normal 0 0 1
    outer loop
      vertex -22.7805 -6.5 10.5
      vertex -22.1947 -5.91422 10.5
      vertex -22.3985 -5.67557 10.5
    endloop
  endfacet
  facet normal 0 0 1
    outer loop
      vertex -21.956 -6.11803 10.5
      vertex -22.7805 -6.5 10.5
      vertex -21.7805 -6.5 10.5
    endloop
  endfacet
  facet normal 0 0 1
    outer loop
      vertex -22.5625 -5.40797 10.5
      vertex -22.7805 -6.5 10.5
      vertex -22.3985 -5.67557 10.5
    endloop
  endfacet
  facet normal 0 0 1
    outer loop
      vertex -22.6826 -5.11803 10.5
      vertex -22.7805 -6.5 10.5
      vertex -22.5625 -5.40797 10.5
    endloop
  endfacet
  facet normal 0 0 1
    outer loop
      vertex -22.7558 -4.81287 10.5
      vertex -22.7805 -6.5 10.5
      vertex -22.6826 -5.11803 10.5
    endloop
  endfacet
  facet normal 0 0 1
    outer loop
      vertex -36 -5.5 10.5
      vertex -22.7558 -4.81287 10.5
      vertex -22.7804 -4.5 10.5
    endloop
  endfacet
  facet normal 0 -0 1
    outer loop
      vertex -34.85 0 10.5
      vertex -22.7804 4.5 10.5
      vertex -34.8642 0.179899 10.5
    endloop
  endfacet
  facet normal -0 0 1
    outer loop
      vertex -34.8642 -0.179899 10.5
      vertex -22.7804 -4.5 10.5
      vertex -34.85 0 10.5
    endloop
  endfacet
  facet normal 0 0 1
    outer loop
      vertex -22.7804 4.5 10.5
      vertex -34.85 0 10.5
      vertex -22.7804 -4.5 10.5
    endloop
  endfacet
  facet normal 0 0 1
    outer loop
      vertex -22.7804 4.5 10.5
      vertex -34.9063 0.355369 10.5
      vertex -34.8642 0.179899 10.5
    endloop
  endfacet
  facet normal 0 0 1
    outer loop
      vertex -22.7804 4.5 10.5
      vertex -34.9753 0.522089 10.5
      vertex -34.9063 0.355369 10.5
    endloop
  endfacet
  facet normal 0 0 1
    outer loop
      vertex -22.7804 4.5 10.5
      vertex -35.0696 0.675953 10.5
      vertex -34.9753 0.522089 10.5
    endloop
  endfacet
  facet normal 0 0 1
    outer loop
      vertex -22.7804 4.5 10.5
      vertex -36 5.5 10.5
      vertex -35.0696 0.675953 10.5
    endloop
  endfacet
  facet normal 0 0 1
    outer loop
      vertex -35.0696 0.675953 10.5
      vertex -36 5.5 10.5
      vertex -35.1868 0.813172 10.5
    endloop
  endfacet
  facet normal 0 0 1
    outer loop
      vertex -35.1868 0.813172 10.5
      vertex -36 5.5 10.5
      vertex -35.324 0.930369 10.5
    endloop
  endfacet
  facet normal 0 0 1
    outer loop
      vertex -35.324 0.930369 10.5
      vertex -36 5.5 10.5
      vertex -35.4779 1.02466 10.5
    endloop
  endfacet
  facet normal 0 0 1
    outer loop
      vertex -35.4779 1.02466 10.5
      vertex -36 5.5 10.5
      vertex -35.6446 1.09371 10.5
    endloop
  endfacet
  facet normal 0 0 1
    outer loop
      vertex -35.6446 1.09371 10.5
      vertex -36 5.5 10.5
      vertex -35.8201 1.13584 10.5
    endloop
  endfacet
  facet normal 0 0 1
    outer loop
      vertex -36 5.5 10.5
      vertex -36 1.15 10.5
      vertex -35.8201 1.13584 10.5
    endloop
  endfacet
  facet normal 0 0 1
    outer loop
      vertex -36 5.5 10.5
      vertex -36.1799 1.13584 10.5
      vertex -36 1.15 10.5
    endloop
  endfacet
  facet normal -0 0 1
    outer loop
      vertex -36.8604 5.43229 10.5
      vertex -36.1799 1.13584 10.5
      vertex -36 5.5 10.5
    endloop
  endfacet
  facet normal 0 0 1
    outer loop
      vertex -36.1799 1.13584 10.5
      vertex -36.8604 5.43229 10.5
      vertex -36.3554 1.09371 10.5
    endloop
  endfacet
  facet normal -0 0 1
    outer loop
      vertex -37.6996 5.23081 10.5
      vertex -36.3554 1.09371 10.5
      vertex -36.8604 5.43229 10.5
    endloop
  endfacet
  facet normal 0 0 1
    outer loop
      vertex -36.3554 1.09371 10.5
      vertex -37.6996 5.23081 10.5
      vertex -36.5221 1.02466 10.5
    endloop
  endfacet
  facet normal -0 0 1
    outer loop
      vertex -38.4969 4.90054 10.5
      vertex -36.5221 1.02466 10.5
      vertex -37.6996 5.23081 10.5
    endloop
  endfacet
  facet normal 0 0 1
    outer loop
      vertex -36.5221 1.02466 10.5
      vertex -38.4969 4.90054 10.5
      vertex -36.676 0.930369 10.5
    endloop
  endfacet
  facet normal -0 0 1
    outer loop
      vertex -39.2328 4.44959 10.5
      vertex -36.676 0.930369 10.5
      vertex -38.4969 4.90054 10.5
    endloop
  endfacet
  facet normal 0 0 1
    outer loop
      vertex -36.676 0.930369 10.5
      vertex -39.2328 4.44959 10.5
      vertex -36.8132 0.813172 10.5
    endloop
  endfacet
  facet normal -0 0 1
    outer loop
      vertex -39.8891 3.88909 10.5
      vertex -36.8132 0.813172 10.5
      vertex -39.2328 4.44959 10.5
    endloop
  endfacet
  facet normal 0 0 1
    outer loop
      vertex -36.8132 0.813172 10.5
      vertex -39.8891 3.88909 10.5
      vertex -36.9304 0.675953 10.5
    endloop
  endfacet
  facet normal -0 0 1
    outer loop
      vertex -40.4496 3.23282 10.5
      vertex -36.9304 0.675953 10.5
      vertex -39.8891 3.88909 10.5
    endloop
  endfacet
  facet normal -0 0 1
    outer loop
      vertex -34.9063 -0.355369 10.5
      vertex -22.7804 -4.5 10.5
      vertex -34.8642 -0.179899 10.5
    endloop
  endfacet
  facet normal -0 0 1
    outer loop
      vertex -34.9753 -0.522089 10.5
      vertex -22.7804 -4.5 10.5
      vertex -34.9063 -0.355369 10.5
    endloop
  endfacet
  facet normal -0 0 1
    outer loop
      vertex -35.0696 -0.675953 10.5
      vertex -22.7804 -4.5 10.5
      vertex -34.9753 -0.522089 10.5
    endloop
  endfacet
  facet normal 0 0 1
    outer loop
      vertex -36 -5.5 10.5
      vertex -22.7804 -4.5 10.5
      vertex -35.0696 -0.675953 10.5
    endloop
  endfacet
  facet normal 0 0 1
    outer loop
      vertex -36 -5.5 10.5
      vertex -35.0696 -0.675953 10.5
      vertex -35.1868 -0.813172 10.5
    endloop
  endfacet
  facet normal 0 0 1
    outer loop
      vertex -36 -5.5 10.5
      vertex -35.1868 -0.813172 10.5
      vertex -35.324 -0.930369 10.5
    endloop
  endfacet
  facet normal 0 0 1
    outer loop
      vertex -36 -5.5 10.5
      vertex -35.324 -0.930369 10.5
      vertex -35.4779 -1.02466 10.5
    endloop
  endfacet
  facet normal 0 0 1
    outer loop
      vertex -36 -5.5 10.5
      vertex -35.4779 -1.02466 10.5
      vertex -35.6446 -1.09371 10.5
    endloop
  endfacet
  facet normal 0 0 1
    outer loop
      vertex -36 -5.5 10.5
      vertex -35.6446 -1.09371 10.5
      vertex -35.8201 -1.13584 10.5
    endloop
  endfacet
  facet normal 0 0 1
    outer loop
      vertex -36 -5.5 10.5
      vertex -35.8201 -1.13584 10.5
      vertex -36 -1.15 10.5
    endloop
  endfacet
  facet normal 0 0 1
    outer loop
      vertex -22.7558 -4.81287 10.5
      vertex -36 -5.5 10.5
      vertex -22.7805 -6.5 10.5
    endloop
  endfacet
  facet normal 0 0 1
    outer loop
      vertex -36.1799 -1.13584 10.5
      vertex -36 -5.5 10.5
      vertex -36 -1.15 10.5
    endloop
  endfacet
  facet normal 0 0 1
    outer loop
      vertex -36.8604 -5.43229 10.5
      vertex -36.1799 -1.13584 10.5
      vertex -36.3554 -1.09371 10.5
    endloop
  endfacet
  facet normal 0 0 1
    outer loop
      vertex -37.6996 -5.23081 10.5
      vertex -36.3554 -1.09371 10.5
      vertex -36.5221 -1.02466 10.5
    endloop
  endfacet
  facet normal 0 0 1
    outer loop
      vertex -38.4969 -4.90054 10.5
      vertex -36.5221 -1.02466 10.5
      vertex -36.676 -0.930369 10.5
    endloop
  endfacet
  facet normal 0 0 1
    outer loop
      vertex -39.2328 -4.44959 10.5
      vertex -36.676 -0.930369 10.5
      vertex -36.8132 -0.813172 10.5
    endloop
  endfacet
  facet normal 0 0 1
    outer loop
      vertex -36.1799 -1.13584 10.5
      vertex -36.8604 -5.43229 10.5
      vertex -36 -5.5 10.5
    endloop
  endfacet
  facet normal 0 0 1
    outer loop
      vertex -39.8891 -3.88909 10.5
      vertex -36.8132 -0.813172 10.5
      vertex -36.9304 -0.675953 10.5
    endloop
  endfacet
  facet normal 0 0 1
    outer loop
      vertex -40.4496 -3.23282 10.5
      vertex -36.9304 -0.675953 10.5
      vertex -37.0247 -0.522089 10.5
    endloop
  endfacet
  facet normal 0 0 1
    outer loop
      vertex -40.9005 -2.49695 10.5
      vertex -37.0247 -0.522089 10.5
      vertex -37.0937 -0.355369 10.5
    endloop
  endfacet
  facet normal 0 0 1
    outer loop
      vertex -41.2308 -1.69959 10.5
      vertex -37.0937 -0.355369 10.5
      vertex -37.1358 -0.179899 10.5
    endloop
  endfacet
  facet normal 0 0 1
    outer loop
      vertex -41.4323 -0.860389 10.5
      vertex -37.1358 -0.179899 10.5
      vertex -37.15 0 10.5
    endloop
  endfacet
  facet normal 0 0 1
    outer loop
      vertex -36.9304 0.675953 10.5
      vertex -40.4496 3.23282 10.5
      vertex -37.0247 0.522089 10.5
    endloop
  endfacet
  facet normal 0 0 1
    outer loop
      vertex -36.3554 -1.09371 10.5
      vertex -37.6996 -5.23081 10.5
      vertex -36.8604 -5.43229 10.5
    endloop
  endfacet
  facet normal -0 0 1
    outer loop
      vertex -40.9005 2.49695 10.5
      vertex -37.0247 0.522089 10.5
      vertex -40.4496 3.23282 10.5
    endloop
  endfacet
  facet normal 0 0 1
    outer loop
      vertex -36.5221 -1.02466 10.5
      vertex -38.4969 -4.90054 10.5
      vertex -37.6996 -5.23081 10.5
    endloop
  endfacet
  facet normal 0 0 1
    outer loop
      vertex -37.0247 0.522089 10.5
      vertex -40.9005 2.49695 10.5
      vertex -37.0937 0.355369 10.5
    endloop
  endfacet
  facet normal 0 0 1
    outer loop
      vertex -36.676 -0.930369 10.5
      vertex -39.2328 -4.44959 10.5
      vertex -38.4969 -4.90054 10.5
    endloop
  endfacet
  facet normal -0 0 1
    outer loop
      vertex -41.2308 1.69959 10.5
      vertex -37.0937 0.355369 10.5
      vertex -40.9005 2.49695 10.5
    endloop
  endfacet
  facet normal 0 0 1
    outer loop
      vertex -36.8132 -0.813172 10.5
      vertex -39.8891 -3.88909 10.5
      vertex -39.2328 -4.44959 10.5
    endloop
  endfacet
  facet normal 0 0 1
    outer loop
      vertex -37.0937 0.355369 10.5
      vertex -41.2308 1.69959 10.5
      vertex -37.1358 0.179899 10.5
    endloop
  endfacet
  facet normal 0 0 1
    outer loop
      vertex -36.9304 -0.675953 10.5
      vertex -40.4496 -3.23282 10.5
      vertex -39.8891 -3.88909 10.5
    endloop
  endfacet
  facet normal -0 0 1
    outer loop
      vertex -41.4323 0.860389 10.5
      vertex -37.1358 0.179899 10.5
      vertex -41.2308 1.69959 10.5
    endloop
  endfacet
  facet normal 0 0 1
    outer loop
      vertex -37.0247 -0.522089 10.5
      vertex -40.9005 -2.49695 10.5
      vertex -40.4496 -3.23282 10.5
    endloop
  endfacet
  facet normal 0 0 1
    outer loop
      vertex -37.1358 0.179899 10.5
      vertex -41.4323 0.860389 10.5
      vertex -37.15 0 10.5
    endloop
  endfacet
  facet normal 0 0 1
    outer loop
      vertex -37.0937 -0.355369 10.5
      vertex -41.2308 -1.69959 10.5
      vertex -40.9005 -2.49695 10.5
    endloop
  endfacet
  facet normal 0 0 1
    outer loop
      vertex -41.5 0 10.5
      vertex -37.15 0 10.5
      vertex -41.4323 0.860389 10.5
    endloop
  endfacet
  facet normal 0 0 1
    outer loop
      vertex -37.1358 -0.179899 10.5
      vertex -41.4323 -0.860389 10.5
      vertex -41.2308 -1.69959 10.5
    endloop
  endfacet
  facet normal 0 0 1
    outer loop
      vertex -37.15 0 10.5
      vertex -41.5 0 10.5
      vertex -41.4323 -0.860389 10.5
    endloop
  endfacet
  facet normal 0 0 -1
    outer loop
      vertex -21.7805 -6.5 4.5
      vertex -21.956 -6.11803 4.5
      vertex -21.7805 -6.22562 4.5
    endloop
  endfacet
  facet normal 0 0 -1
    outer loop
      vertex -22.7805 -6.5 4.5
      vertex -21.956 -6.11803 4.5
      vertex -21.7805 -6.5 4.5
    endloop
  endfacet
  facet normal -0 0 -1
    outer loop
      vertex -21.956 -6.11803 4.5
      vertex -22.7805 -6.5 4.5
      vertex -22.1947 -5.91422 4.5
    endloop
  endfacet
  facet normal -0 0 -1
    outer loop
      vertex -22.7558 -4.81287 4.5
      vertex -36 -5.5 4.5
      vertex -22.7804 -4.5 4.5
    endloop
  endfacet
  facet normal 0 0 -1
    outer loop
      vertex -36 -5.5 4.5
      vertex -22.7558 -4.81287 4.5
      vertex -22.7805 -6.5 4.5
    endloop
  endfacet
  facet normal -0 0 -1
    outer loop
      vertex -22.6826 -5.11803 4.5
      vertex -22.7805 -6.5 4.5
      vertex -22.7558 -4.81287 4.5
    endloop
  endfacet
  facet normal -0 0 -1
    outer loop
      vertex -22.5625 -5.40797 4.5
      vertex -22.7805 -6.5 4.5
      vertex -22.6826 -5.11803 4.5
    endloop
  endfacet
  facet normal -0 0 -1
    outer loop
      vertex -22.3985 -5.67557 4.5
      vertex -22.7805 -6.5 4.5
      vertex -22.5625 -5.40797 4.5
    endloop
  endfacet
  facet normal -0 0 -1
    outer loop
      vertex -22.1947 -5.91422 4.5
      vertex -22.7805 -6.5 4.5
      vertex -22.3985 -5.67557 4.5
    endloop
  endfacet
  facet normal 0 0 -1
    outer loop
      vertex -21.956 6.11803 4.5
      vertex -21.7805 6.5 4.5
      vertex -21.7805 6.22562 4.5
    endloop
  endfacet
  facet normal 0 0 -1
    outer loop
      vertex -22.7805 6.5 4.5
      vertex -21.956 6.11803 4.5
      vertex -22.1947 5.91422 4.5
    endloop
  endfacet
  facet normal 0 0 -1
    outer loop
      vertex -22.7805 6.5 4.5
      vertex -22.1947 5.91422 4.5
      vertex -22.3985 5.67557 4.5
    endloop
  endfacet
  facet normal 0 0 -1
    outer loop
      vertex -21.956 6.11803 4.5
      vertex -22.7805 6.5 4.5
      vertex -21.7805 6.5 4.5
    endloop
  endfacet
  facet normal 0 0 -1
    outer loop
      vertex -22.5625 5.40797 4.5
      vertex -22.7805 6.5 4.5
      vertex -22.3985 5.67557 4.5
    endloop
  endfacet
  facet normal 0 0 -1
    outer loop
      vertex -22.6826 5.11803 4.5
      vertex -22.7805 6.5 4.5
      vertex -22.5625 5.40797 4.5
    endloop
  endfacet
  facet normal 0 0 -1
    outer loop
      vertex -22.7558 4.81287 4.5
      vertex -22.7805 6.5 4.5
      vertex -22.6826 5.11803 4.5
    endloop
  endfacet
  facet normal 0 0 -1
    outer loop
      vertex -36 5.5 4.5
      vertex -22.7558 4.81287 4.5
      vertex -22.7804 4.5 4.5
    endloop
  endfacet
  facet normal 0 -0 -1
    outer loop
      vertex -34.85 0 4.5
      vertex -22.7804 -4.5 4.5
      vertex -34.8642 -0.179899 4.5
    endloop
  endfacet
  facet normal 0 0 -1
    outer loop
      vertex -34.8642 0.179899 4.5
      vertex -22.7804 4.5 4.5
      vertex -34.85 0 4.5
    endloop
  endfacet
  facet normal 0 0 -1
    outer loop
      vertex -22.7804 -4.5 4.5
      vertex -34.85 0 4.5
      vertex -22.7804 4.5 4.5
    endloop
  endfacet
  facet normal 0 0 -1
    outer loop
      vertex -22.7804 -4.5 4.5
      vertex -34.9063 -0.355369 4.5
      vertex -34.8642 -0.179899 4.5
    endloop
  endfacet
  facet normal 0 0 -1
    outer loop
      vertex -22.7804 -4.5 4.5
      vertex -34.9753 -0.522089 4.5
      vertex -34.9063 -0.355369 4.5
    endloop
  endfacet
  facet normal 0 0 -1
    outer loop
      vertex -22.7804 -4.5 4.5
      vertex -35.0696 -0.675953 4.5
      vertex -34.9753 -0.522089 4.5
    endloop
  endfacet
  facet normal -0 0 -1
    outer loop
      vertex -22.7804 -4.5 4.5
      vertex -36 -5.5 4.5
      vertex -35.0696 -0.675953 4.5
    endloop
  endfacet
  facet normal 0 0 -1
    outer loop
      vertex -35.0696 -0.675953 4.5
      vertex -36 -5.5 4.5
      vertex -35.1868 -0.813172 4.5
    endloop
  endfacet
  facet normal 0 0 -1
    outer loop
      vertex -35.1868 -0.813172 4.5
      vertex -36 -5.5 4.5
      vertex -35.324 -0.930369 4.5
    endloop
  endfacet
  facet normal 0 0 -1
    outer loop
      vertex -35.324 -0.930369 4.5
      vertex -36 -5.5 4.5
      vertex -35.4779 -1.02466 4.5
    endloop
  endfacet
  facet normal 0 0 -1
    outer loop
      vertex -35.4779 -1.02466 4.5
      vertex -36 -5.5 4.5
      vertex -35.6446 -1.09371 4.5
    endloop
  endfacet
  facet normal 0 0 -1
    outer loop
      vertex -35.6446 -1.09371 4.5
      vertex -36 -5.5 4.5
      vertex -35.8201 -1.13584 4.5
    endloop
  endfacet
  facet normal 0 0 -1
    outer loop
      vertex -36 -5.5 4.5
      vertex -36 -1.15 4.5
      vertex -35.8201 -1.13584 4.5
    endloop
  endfacet
  facet normal 0 0 -1
    outer loop
      vertex -36 -5.5 4.5
      vertex -36.1799 -1.13584 4.5
      vertex -36 -1.15 4.5
    endloop
  endfacet
  facet normal 0 0 -1
    outer loop
      vertex -36.8604 -5.43229 4.5
      vertex -36.1799 -1.13584 4.5
      vertex -36 -5.5 4.5
    endloop
  endfacet
  facet normal -0 0 -1
    outer loop
      vertex -36.1799 -1.13584 4.5
      vertex -36.8604 -5.43229 4.5
      vertex -36.3554 -1.09371 4.5
    endloop
  endfacet
  facet normal 0 0 -1
    outer loop
      vertex -37.6996 -5.23081 4.5
      vertex -36.3554 -1.09371 4.5
      vertex -36.8604 -5.43229 4.5
    endloop
  endfacet
  facet normal -0 0 -1
    outer loop
      vertex -36.3554 -1.09371 4.5
      vertex -37.6996 -5.23081 4.5
      vertex -36.5221 -1.02466 4.5
    endloop
  endfacet
  facet normal 0 0 -1
    outer loop
      vertex -38.4969 -4.90054 4.5
      vertex -36.5221 -1.02466 4.5
      vertex -37.6996 -5.23081 4.5
    endloop
  endfacet
  facet normal -0 0 -1
    outer loop
      vertex -36.5221 -1.02466 4.5
      vertex -38.4969 -4.90054 4.5
      vertex -36.676 -0.930369 4.5
    endloop
  endfacet
  facet normal 0 0 -1
    outer loop
      vertex -39.2328 -4.44959 4.5
      vertex -36.676 -0.930369 4.5
      vertex -38.4969 -4.90054 4.5
    endloop
  endfacet
  facet normal -0 0 -1
    outer loop
      vertex -36.676 -0.930369 4.5
      vertex -39.2328 -4.44959 4.5
      vertex -36.8132 -0.813172 4.5
    endloop
  endfacet
  facet normal 0 0 -1
    outer loop
      vertex -39.8891 -3.88909 4.5
      vertex -36.8132 -0.813172 4.5
      vertex -39.2328 -4.44959 4.5
    endloop
  endfacet
  facet normal -0 0 -1
    outer loop
      vertex -36.8132 -0.813172 4.5
      vertex -39.8891 -3.88909 4.5
      vertex -36.9304 -0.675953 4.5
    endloop
  endfacet
  facet normal 0 0 -1
    outer loop
      vertex -40.4496 -3.23282 4.5
      vertex -36.9304 -0.675953 4.5
      vertex -39.8891 -3.88909 4.5
    endloop
  endfacet
  facet normal 0 0 -1
    outer loop
      vertex -34.9063 0.355369 4.5
      vertex -22.7804 4.5 4.5
      vertex -34.8642 0.179899 4.5
    endloop
  endfacet
  facet normal 0 0 -1
    outer loop
      vertex -34.9753 0.522089 4.5
      vertex -22.7804 4.5 4.5
      vertex -34.9063 0.355369 4.5
    endloop
  endfacet
  facet normal 0 0 -1
    outer loop
      vertex -35.0696 0.675953 4.5
      vertex -22.7804 4.5 4.5
      vertex -34.9753 0.522089 4.5
    endloop
  endfacet
  facet normal 0 0 -1
    outer loop
      vertex -36 5.5 4.5
      vertex -22.7804 4.5 4.5
      vertex -35.0696 0.675953 4.5
    endloop
  endfacet
  facet normal 0 0 -1
    outer loop
      vertex -36 5.5 4.5
      vertex -35.0696 0.675953 4.5
      vertex -35.1868 0.813172 4.5
    endloop
  endfacet
  facet normal 0 0 -1
    outer loop
      vertex -36 5.5 4.5
      vertex -35.1868 0.813172 4.5
      vertex -35.324 0.930369 4.5
    endloop
  endfacet
  facet normal 0 0 -1
    outer loop
      vertex -36 5.5 4.5
      vertex -35.324 0.930369 4.5
      vertex -35.4779 1.02466 4.5
    endloop
  endfacet
  facet normal 0 0 -1
    outer loop
      vertex -36 5.5 4.5
      vertex -35.4779 1.02466 4.5
      vertex -35.6446 1.09371 4.5
    endloop
  endfacet
  facet normal 0 0 -1
    outer loop
      vertex -36 5.5 4.5
      vertex -35.6446 1.09371 4.5
      vertex -35.8201 1.13584 4.5
    endloop
  endfacet
  facet normal 0 0 -1
    outer loop
      vertex -36 5.5 4.5
      vertex -35.8201 1.13584 4.5
      vertex -36 1.15 4.5
    endloop
  endfacet
  facet normal 0 0 -1
    outer loop
      vertex -22.7558 4.81287 4.5
      vertex -36 5.5 4.5
      vertex -22.7805 6.5 4.5
    endloop
  endfacet
  facet normal 0 0 -1
    outer loop
      vertex -36.1799 1.13584 4.5
      vertex -36 5.5 4.5
      vertex -36 1.15 4.5
    endloop
  endfacet
  facet normal 0 0 -1
    outer loop
      vertex -36.8604 5.43229 4.5
      vertex -36.1799 1.13584 4.5
      vertex -36.3554 1.09371 4.5
    endloop
  endfacet
  facet normal 0 0 -1
    outer loop
      vertex -37.6996 5.23081 4.5
      vertex -36.3554 1.09371 4.5
      vertex -36.5221 1.02466 4.5
    endloop
  endfacet
  facet normal 0 0 -1
    outer loop
      vertex -38.4969 4.90054 4.5
      vertex -36.5221 1.02466 4.5
      vertex -36.676 0.930369 4.5
    endloop
  endfacet
  facet normal 0 0 -1
    outer loop
      vertex -39.2328 4.44959 4.5
      vertex -36.676 0.930369 4.5
      vertex -36.8132 0.813172 4.5
    endloop
  endfacet
  facet normal 0 0 -1
    outer loop
      vertex -36.1799 1.13584 4.5
      vertex -36.8604 5.43229 4.5
      vertex -36 5.5 4.5
    endloop
  endfacet
  facet normal 0 0 -1
    outer loop
      vertex -39.8891 3.88909 4.5
      vertex -36.8132 0.813172 4.5
      vertex -36.9304 0.675953 4.5
    endloop
  endfacet
  facet normal 0 0 -1
    outer loop
      vertex -40.4496 3.23282 4.5
      vertex -36.9304 0.675953 4.5
      vertex -37.0247 0.522089 4.5
    endloop
  endfacet
  facet normal 0 0 -1
    outer loop
      vertex -40.9005 2.49695 4.5
      vertex -37.0247 0.522089 4.5
      vertex -37.0937 0.355369 4.5
    endloop
  endfacet
  facet normal 0 0 -1
    outer loop
      vertex -41.2308 1.69959 4.5
      vertex -37.0937 0.355369 4.5
      vertex -37.1358 0.179899 4.5
    endloop
  endfacet
  facet normal 0 0 -1
    outer loop
      vertex -41.4323 0.860389 4.5
      vertex -37.1358 0.179899 4.5
      vertex -37.15 0 4.5
    endloop
  endfacet
  facet normal -0 0 -1
    outer loop
      vertex -36.9304 -0.675953 4.5
      vertex -40.4496 -3.23282 4.5
      vertex -37.0247 -0.522089 4.5
    endloop
  endfacet
  facet normal 0 0 -1
    outer loop
      vertex -36.3554 1.09371 4.5
      vertex -37.6996 5.23081 4.5
      vertex -36.8604 5.43229 4.5
    endloop
  endfacet
  facet normal 0 0 -1
    outer loop
      vertex -40.9005 -2.49695 4.5
      vertex -37.0247 -0.522089 4.5
      vertex -40.4496 -3.23282 4.5
    endloop
  endfacet
  facet normal 0 0 -1
    outer loop
      vertex -36.5221 1.02466 4.5
      vertex -38.4969 4.90054 4.5
      vertex -37.6996 5.23081 4.5
    endloop
  endfacet
  facet normal -0 0 -1
    outer loop
      vertex -37.0247 -0.522089 4.5
      vertex -40.9005 -2.49695 4.5
      vertex -37.0937 -0.355369 4.5
    endloop
  endfacet
  facet normal 0 0 -1
    outer loop
      vertex -36.676 0.930369 4.5
      vertex -39.2328 4.44959 4.5
      vertex -38.4969 4.90054 4.5
    endloop
  endfacet
  facet normal 0 0 -1
    outer loop
      vertex -41.2308 -1.69959 4.5
      vertex -37.0937 -0.355369 4.5
      vertex -40.9005 -2.49695 4.5
    endloop
  endfacet
  facet normal 0 0 -1
    outer loop
      vertex -36.8132 0.813172 4.5
      vertex -39.8891 3.88909 4.5
      vertex -39.2328 4.44959 4.5
    endloop
  endfacet
  facet normal -0 0 -1
    outer loop
      vertex -37.0937 -0.355369 4.5
      vertex -41.2308 -1.69959 4.5
      vertex -37.1358 -0.179899 4.5
    endloop
  endfacet
  facet normal 0 0 -1
    outer loop
      vertex -36.9304 0.675953 4.5
      vertex -40.4496 3.23282 4.5
      vertex -39.8891 3.88909 4.5
    endloop
  endfacet
  facet normal 0 0 -1
    outer loop
      vertex -41.4323 -0.860389 4.5
      vertex -37.1358 -0.179899 4.5
      vertex -41.2308 -1.69959 4.5
    endloop
  endfacet
  facet normal 0 0 -1
    outer loop
      vertex -37.0247 0.522089 4.5
      vertex -40.9005 2.49695 4.5
      vertex -40.4496 3.23282 4.5
    endloop
  endfacet
  facet normal -0 0 -1
    outer loop
      vertex -37.1358 -0.179899 4.5
      vertex -41.4323 -0.860389 4.5
      vertex -37.15 0 4.5
    endloop
  endfacet
  facet normal 0 0 -1
    outer loop
      vertex -37.0937 0.355369 4.5
      vertex -41.2308 1.69959 4.5
      vertex -40.9005 2.49695 4.5
    endloop
  endfacet
  facet normal 0 0 -1
    outer loop
      vertex -41.5 0 4.5
      vertex -37.15 0 4.5
      vertex -41.4323 -0.860389 4.5
    endloop
  endfacet
  facet normal 0 0 -1
    outer loop
      vertex -37.1358 0.179899 4.5
      vertex -41.4323 0.860389 4.5
      vertex -41.2308 1.69959 4.5
    endloop
  endfacet
  facet normal 0 0 -1
    outer loop
      vertex -37.15 0 4.5
      vertex -41.5 0 4.5
      vertex -41.4323 0.860389 4.5
    endloop
  endfacet
  facet normal -0.996919 -0.0784429 0
    outer loop
      vertex -41.4323 -0.860389 4.5
      vertex -41.5 0 10.5
      vertex -41.5 0 4.5
    endloop
  endfacet
  facet normal -0.996919 -0.0784429 0
    outer loop
      vertex -41.5 0 10.5
      vertex -41.4323 -0.860389 4.5
      vertex -41.4323 -0.860389 10.5
    endloop
  endfacet
  facet normal 0.233438 -0.972372 0
    outer loop
      vertex 1.01682 -6.41997 0
      vertex 2.00861 -6.18187 15
      vertex 1.01682 -6.41997 15
    endloop
  endfacet
  facet normal 0.233438 -0.972372 0
    outer loop
      vertex 2.00861 -6.18187 15
      vertex 1.01682 -6.41997 0
      vertex 2.00861 -6.18187 0
    endloop
  endfacet
  facet normal 0 1 -0
    outer loop
      vertex 0 6.5 0
      vertex -7.6 6.5 15
      vertex 0 6.5 15
    endloop
  endfacet
  facet normal 0 1 0
    outer loop
      vertex -7.6 6.5 15
      vertex 0 6.5 0
      vertex -7.6 6.5 0
    endloop
  endfacet
  facet normal 0.972372 -0.233438 0
    outer loop
      vertex 6.18187 -2.00861 15
      vertex 6.41997 -1.01682 0
      vertex 6.41997 -1.01682 15
    endloop
  endfacet
  facet normal 0.972372 -0.233438 0
    outer loop
      vertex 6.41997 -1.01682 0
      vertex 6.18187 -2.00861 15
      vertex 6.18187 -2.00861 0
    endloop
  endfacet
  facet normal 0.996917 -0.0784635 0
    outer loop
      vertex 6.41997 -1.01682 15
      vertex 6.5 0 0
      vertex 6.5 0 15
    endloop
  endfacet
  facet normal 0.996917 -0.0784635 0
    outer loop
      vertex 6.5 0 0
      vertex 6.41997 -1.01682 15
      vertex 6.41997 -1.01682 0
    endloop
  endfacet
  facet normal 0.233438 0.972372 -0
    outer loop
      vertex 2.00861 6.18187 0
      vertex 1.01682 6.41997 15
      vertex 2.00861 6.18187 15
    endloop
  endfacet
  facet normal 0.233438 0.972372 0
    outer loop
      vertex 1.01682 6.41997 15
      vertex 2.00861 6.18187 0
      vertex 1.01682 6.41997 0
    endloop
  endfacet
  facet normal 0.64945 0.760404 -0
    outer loop
      vertex 4.59619 4.59619 0
      vertex 3.8206 5.25861 15
      vertex 4.59619 4.59619 15
    endloop
  endfacet
  facet normal 0.64945 0.760404 0
    outer loop
      vertex 3.8206 5.25861 15
      vertex 4.59619 4.59619 0
      vertex 3.8206 5.25861 0
    endloop
  endfacet
  facet normal 0.382687 -0.923878 0
    outer loop
      vertex 2.00861 -6.18187 0
      vertex 2.95094 -5.79154 15
      vertex 2.00861 -6.18187 15
    endloop
  endfacet
  facet normal 0.382687 -0.923878 0
    outer loop
      vertex 2.95094 -5.79154 15
      vertex 2.00861 -6.18187 0
      vertex 2.95094 -5.79154 0
    endloop
  endfacet
  facet normal -1 0 0
    outer loop
      vertex -7.6 6.22562 0
      vertex -7.6 6.5 15
      vertex -7.6 6.5 0
    endloop
  endfacet
  facet normal -1 -0 0
    outer loop
      vertex -7.6 6.5 15
      vertex -7.6 6.22562 0
      vertex -7.6 6.22562 15
    endloop
  endfacet
  facet normal -1 0 0
    outer loop
      vertex -7.6 -6.5 0
      vertex -7.6 -6.22562 15
      vertex -7.6 -6.22562 0
    endloop
  endfacet
  facet normal -1 -0 0
    outer loop
      vertex -7.6 -6.22562 15
      vertex -7.6 -6.5 0
      vertex -7.6 -6.5 15
    endloop
  endfacet
  facet normal 0.382687 0.923878 -0
    outer loop
      vertex 2.95094 5.79154 0
      vertex 2.00861 6.18187 15
      vertex 2.95094 5.79154 15
    endloop
  endfacet
  facet normal 0.382687 0.923878 0
    outer loop
      vertex 2.00861 6.18187 15
      vertex 2.95094 5.79154 0
      vertex 2.00861 6.18187 0
    endloop
  endfacet
  facet normal 0.5225 -0.852639 0
    outer loop
      vertex 2.95094 -5.79154 0
      vertex 3.8206 -5.25861 15
      vertex 2.95094 -5.79154 15
    endloop
  endfacet
  facet normal 0.5225 -0.852639 0
    outer loop
      vertex 3.8206 -5.25861 15
      vertex 2.95094 -5.79154 0
      vertex 3.8206 -5.25861 0
    endloop
  endfacet
  facet normal 0.996917 0.0784635 0
    outer loop
      vertex 6.5 0 15
      vertex 6.41997 1.01682 0
      vertex 6.41997 1.01682 15
    endloop
  endfacet
  facet normal 0.996917 0.0784635 0
    outer loop
      vertex 6.41997 1.01682 0
      vertex 6.5 0 15
      vertex 6.5 0 0
    endloop
  endfacet
  facet normal 0.923878 0.382687 0
    outer loop
      vertex 6.18187 2.00861 15
      vertex 5.79154 2.95094 0
      vertex 5.79154 2.95094 15
    endloop
  endfacet
  facet normal 0.923878 0.382687 0
    outer loop
      vertex 5.79154 2.95094 0
      vertex 6.18187 2.00861 15
      vertex 6.18187 2.00861 0
    endloop
  endfacet
  facet normal 0.760404 0.64945 0
    outer loop
      vertex 5.25861 3.8206 15
      vertex 4.59619 4.59619 0
      vertex 4.59619 4.59619 15
    endloop
  endfacet
  facet normal 0.760404 0.64945 0
    outer loop
      vertex 4.59619 4.59619 0
      vertex 5.25861 3.8206 15
      vertex 5.25861 3.8206 0
    endloop
  endfacet
  facet normal 0 -1 0
    outer loop
      vertex -7.6 -6.5 0
      vertex 0 -6.5 15
      vertex -7.6 -6.5 15
    endloop
  endfacet
  facet normal 0 -1 -0
    outer loop
      vertex 0 -6.5 15
      vertex -7.6 -6.5 0
      vertex 0 -6.5 0
    endloop
  endfacet
  facet normal 0.852639 0.5225 0
    outer loop
      vertex 5.79154 2.95094 15
      vertex 5.25861 3.8206 0
      vertex 5.25861 3.8206 15
    endloop
  endfacet
  facet normal 0.852639 0.5225 0
    outer loop
      vertex 5.25861 3.8206 0
      vertex 5.79154 2.95094 15
      vertex 5.79154 2.95094 0
    endloop
  endfacet
  facet normal 0.5225 0.852639 -0
    outer loop
      vertex 3.8206 5.25861 0
      vertex 2.95094 5.79154 15
      vertex 3.8206 5.25861 15
    endloop
  endfacet
  facet normal 0.5225 0.852639 0
    outer loop
      vertex 2.95094 5.79154 15
      vertex 3.8206 5.25861 0
      vertex 2.95094 5.79154 0
    endloop
  endfacet
  facet normal 0.0784635 0.996917 -0
    outer loop
      vertex 1.01682 6.41997 0
      vertex 0 6.5 15
      vertex 1.01682 6.41997 15
    endloop
  endfacet
  facet normal 0.0784635 0.996917 0
    outer loop
      vertex 0 6.5 15
      vertex 1.01682 6.41997 0
      vertex 0 6.5 0
    endloop
  endfacet
  facet normal 0.972372 0.233438 0
    outer loop
      vertex 6.41997 1.01682 15
      vertex 6.18187 2.00861 0
      vertex 6.18187 2.00861 15
    endloop
  endfacet
  facet normal 0.972372 0.233438 0
    outer loop
      vertex 6.18187 2.00861 0
      vertex 6.41997 1.01682 15
      vertex 6.41997 1.01682 0
    endloop
  endfacet
  facet normal 0.923878 -0.382687 0
    outer loop
      vertex 5.79154 -2.95094 15
      vertex 6.18187 -2.00861 0
      vertex 6.18187 -2.00861 15
    endloop
  endfacet
  facet normal 0.923878 -0.382687 0
    outer loop
      vertex 6.18187 -2.00861 0
      vertex 5.79154 -2.95094 15
      vertex 5.79154 -2.95094 0
    endloop
  endfacet
  facet normal 0.0784635 -0.996917 0
    outer loop
      vertex 0 -6.5 0
      vertex 1.01682 -6.41997 15
      vertex 0 -6.5 15
    endloop
  endfacet
  facet normal 0.0784635 -0.996917 0
    outer loop
      vertex 1.01682 -6.41997 15
      vertex 0 -6.5 0
      vertex 1.01682 -6.41997 0
    endloop
  endfacet
  facet normal 0.64945 -0.760404 0
    outer loop
      vertex 3.8206 -5.25861 0
      vertex 4.59619 -4.59619 15
      vertex 3.8206 -5.25861 15
    endloop
  endfacet
  facet normal 0.64945 -0.760404 0
    outer loop
      vertex 4.59619 -4.59619 15
      vertex 3.8206 -5.25861 0
      vertex 4.59619 -4.59619 0
    endloop
  endfacet
  facet normal 0.760404 -0.64945 0
    outer loop
      vertex 4.59619 -4.59619 15
      vertex 5.25861 -3.8206 0
      vertex 5.25861 -3.8206 15
    endloop
  endfacet
  facet normal 0.760404 -0.64945 0
    outer loop
      vertex 5.25861 -3.8206 0
      vertex 4.59619 -4.59619 15
      vertex 4.59619 -4.59619 0
    endloop
  endfacet
  facet normal 0.852639 -0.5225 0
    outer loop
      vertex 5.25861 -3.8206 15
      vertex 5.79154 -2.95094 0
      vertex 5.79154 -2.95094 15
    endloop
  endfacet
  facet normal 0.852639 -0.5225 0
    outer loop
      vertex 5.79154 -2.95094 0
      vertex 5.25861 -3.8206 15
      vertex 5.25861 -3.8206 0
    endloop
  endfacet
  facet normal 0.972433 -0.233183 0
    outer loop
      vertex -10.8395 0.132969 7.5
      vertex -10.8084 0.262664 2.3
      vertex -10.8084 0.262664 7.5
    endloop
  endfacet
  facet normal 0.972433 -0.233183 0
    outer loop
      vertex -10.8084 0.262664 2.3
      vertex -10.8395 0.132969 7.5
      vertex -10.8395 0.132969 2.3
    endloop
  endfacet
  facet normal 0.996897 -0.0787207 0
    outer loop
      vertex -10.85 0 7.5
      vertex -10.8395 0.132969 2.3
      vertex -10.8395 0.132969 7.5
    endloop
  endfacet
  facet normal 0.996897 -0.0787207 0
    outer loop
      vertex -10.8395 0.132969 2.3
      vertex -10.85 0 7.5
      vertex -10.85 0 2.3
    endloop
  endfacet
  facet normal 0.760122 -0.64978 0
    outer loop
      vertex -10.6877 0.499617 7.5
      vertex -10.601 0.60104 2.3
      vertex -10.601 0.60104 7.5
    endloop
  endfacet
  facet normal 0.760122 -0.64978 0
    outer loop
      vertex -10.601 0.60104 2.3
      vertex -10.6877 0.499617 7.5
      vertex -10.6877 0.499617 2.3
    endloop
  endfacet
  facet normal 0.972433 0.233183 0
    outer loop
      vertex -10.8084 -0.262664 7.5
      vertex -10.8395 -0.132969 2.3
      vertex -10.8395 -0.132969 7.5
    endloop
  endfacet
  facet normal 0.972433 0.233183 0
    outer loop
      vertex -10.8395 -0.132969 2.3
      vertex -10.8084 -0.262664 7.5
      vertex -10.8084 -0.262664 2.3
    endloop
  endfacet
  facet normal 0.923993 0.38241 0
    outer loop
      vertex -10.7574 -0.385892 7.5
      vertex -10.8084 -0.262664 2.3
      vertex -10.8084 -0.262664 7.5
    endloop
  endfacet
  facet normal 0.923993 0.38241 0
    outer loop
      vertex -10.8084 -0.262664 2.3
      vertex -10.7574 -0.385892 7.5
      vertex -10.7574 -0.385892 2.3
    endloop
  endfacet
  facet normal -0.923887 0.382666 0
    outer loop
      vertex -9.24264 -0.385892 2.3
      vertex -9.1916 -0.262664 7.5
      vertex -9.1916 -0.262664 2.3
    endloop
  endfacet
  facet normal -0.923887 0.382666 0
    outer loop
      vertex -9.1916 -0.262664 7.5
      vertex -9.24264 -0.385892 2.3
      vertex -9.24264 -0.385892 7.5
    endloop
  endfacet
  facet normal -0.649462 0.760394 0
    outer loop
      vertex -9.39896 -0.60104 2.3
      vertex -9.50038 -0.687664 7.5
      vertex -9.39896 -0.60104 7.5
    endloop
  endfacet
  facet normal -0.649462 0.760394 0
    outer loop
      vertex -9.50038 -0.687664 7.5
      vertex -9.39896 -0.60104 2.3
      vertex -9.50038 -0.687664 2.3
    endloop
  endfacet
  facet normal 0.760122 0.64978 0
    outer loop
      vertex -10.601 -0.60104 7.5
      vertex -10.6877 -0.499617 2.3
      vertex -10.6877 -0.499617 7.5
    endloop
  endfacet
  facet normal 0.760122 0.64978 0
    outer loop
      vertex -10.6877 -0.499617 2.3
      vertex -10.601 -0.60104 7.5
      vertex -10.601 -0.60104 2.3
    endloop
  endfacet
  facet normal 0.996897 0.0787207 0
    outer loop
      vertex -10.8395 -0.132969 7.5
      vertex -10.85 0 2.3
      vertex -10.85 0 7.5
    endloop
  endfacet
  facet normal 0.996897 0.0787207 0
    outer loop
      vertex -10.85 0 2.3
      vertex -10.8395 -0.132969 7.5
      vertex -10.8395 -0.132969 2.3
    endloop
  endfacet
  facet normal -0.99692 -0.0784227 0
    outer loop
      vertex -9.15 0 2.3
      vertex -9.16046 0.132969 7.5
      vertex -9.16046 0.132969 2.3
    endloop
  endfacet
  facet normal -0.99692 -0.0784227 0
    outer loop
      vertex -9.16046 0.132969 7.5
      vertex -9.15 0 2.3
      vertex -9.15 0 7.5
    endloop
  endfacet
  facet normal 0.382753 0.923851 -0
    outer loop
      vertex -10.2627 -0.808397 2.3
      vertex -10.3859 -0.757355 7.5
      vertex -10.2627 -0.808397 7.5
    endloop
  endfacet
  facet normal 0.382753 0.923851 0
    outer loop
      vertex -10.3859 -0.757355 7.5
      vertex -10.2627 -0.808397 2.3
      vertex -10.3859 -0.757355 2.3
    endloop
  endfacet
  facet normal 0.649536 0.760331 -0
    outer loop
      vertex -10.4996 -0.687664 2.3
      vertex -10.601 -0.60104 7.5
      vertex -10.4996 -0.687664 7.5
    endloop
  endfacet
  facet normal 0.649536 0.760331 0
    outer loop
      vertex -10.601 -0.60104 7.5
      vertex -10.4996 -0.687664 2.3
      vertex -10.601 -0.60104 2.3
    endloop
  endfacet
  facet normal 0.852609 0.522549 0
    outer loop
      vertex -10.6877 -0.499617 7.5
      vertex -10.7574 -0.385892 2.3
      vertex -10.7574 -0.385892 7.5
    endloop
  endfacet
  facet normal 0.852609 0.522549 0
    outer loop
      vertex -10.7574 -0.385892 2.3
      vertex -10.6877 -0.499617 7.5
      vertex -10.6877 -0.499617 2.3
    endloop
  endfacet
  facet normal -0.760419 0.649433 0
    outer loop
      vertex -9.39896 -0.60104 2.3
      vertex -9.31234 -0.499617 7.5
      vertex -9.31234 -0.499617 2.3
    endloop
  endfacet
  facet normal -0.760419 0.649433 0
    outer loop
      vertex -9.31234 -0.499617 7.5
      vertex -9.39896 -0.60104 2.3
      vertex -9.39896 -0.60104 7.5
    endloop
  endfacet
  facet normal 0.649536 -0.760331 0
    outer loop
      vertex -10.601 0.60104 2.3
      vertex -10.4996 0.687664 7.5
      vertex -10.601 0.60104 7.5
    endloop
  endfacet
  facet normal 0.649536 -0.760331 0
    outer loop
      vertex -10.4996 0.687664 7.5
      vertex -10.601 0.60104 2.3
      vertex -10.4996 0.687664 2.3
    endloop
  endfacet
  facet normal -0.522483 0.85265 0
    outer loop
      vertex -9.50038 -0.687664 2.3
      vertex -9.61411 -0.757355 7.5
      vertex -9.50038 -0.687664 7.5
    endloop
  endfacet
  facet normal -0.522483 0.85265 0
    outer loop
      vertex -9.61411 -0.757355 7.5
      vertex -9.50038 -0.687664 2.3
      vertex -9.61411 -0.757355 2.3
    endloop
  endfacet
  facet normal -0.99692 0.0784227 0
    outer loop
      vertex -9.16046 -0.132969 2.3
      vertex -9.15 0 7.5
      vertex -9.15 0 2.3
    endloop
  endfacet
  facet normal -0.99692 0.0784227 0
    outer loop
      vertex -9.15 0 7.5
      vertex -9.16046 -0.132969 2.3
      vertex -9.16046 -0.132969 7.5
    endloop
  endfacet
  facet normal -0.972365 0.233467 0
    outer loop
      vertex -9.1916 -0.262664 2.3
      vertex -9.16046 -0.132969 7.5
      vertex -9.16046 -0.132969 2.3
    endloop
  endfacet
  facet normal -0.972365 0.233467 0
    outer loop
      vertex -9.16046 -0.132969 7.5
      vertex -9.1916 -0.262664 2.3
      vertex -9.1916 -0.262664 7.5
    endloop
  endfacet
  facet normal -0.972365 -0.233467 0
    outer loop
      vertex -9.16046 0.132969 2.3
      vertex -9.1916 0.262664 7.5
      vertex -9.1916 0.262664 2.3
    endloop
  endfacet
  facet normal -0.972365 -0.233467 0
    outer loop
      vertex -9.1916 0.262664 7.5
      vertex -9.16046 0.132969 2.3
      vertex -9.16046 0.132969 7.5
    endloop
  endfacet
  facet normal 0.233444 0.97237 -0
    outer loop
      vertex -10.133 -0.839535 2.3
      vertex -10.2627 -0.808397 7.5
      vertex -10.133 -0.839535 7.5
    endloop
  endfacet
  facet normal 0.233444 0.97237 0
    outer loop
      vertex -10.2627 -0.808397 7.5
      vertex -10.133 -0.839535 2.3
      vertex -10.2627 -0.808397 2.3
    endloop
  endfacet
  facet normal 0.522583 0.852588 -0
    outer loop
      vertex -10.3859 -0.757355 2.3
      vertex -10.4996 -0.687664 7.5
      vertex -10.3859 -0.757355 7.5
    endloop
  endfacet
  facet normal 0.522583 0.852588 0
    outer loop
      vertex -10.4996 -0.687664 7.5
      vertex -10.3859 -0.757355 2.3
      vertex -10.4996 -0.687664 2.3
    endloop
  endfacet
  facet normal 0 0 -1
    outer loop
      vertex -9.16046 -0.132969 7.5
      vertex -9.16046 0.132969 7.5
      vertex -9.15 0 7.5
    endloop
  endfacet
  facet normal 0 0 -1
    outer loop
      vertex -9.1916 -0.262664 7.5
      vertex -9.16046 0.132969 7.5
      vertex -9.16046 -0.132969 7.5
    endloop
  endfacet
  facet normal 0 0 -1
    outer loop
      vertex -9.1916 -0.262664 7.5
      vertex -9.1916 0.262664 7.5
      vertex -9.16046 0.132969 7.5
    endloop
  endfacet
  facet normal 0 0 -1
    outer loop
      vertex -9.24264 -0.385892 7.5
      vertex -9.1916 0.262664 7.5
      vertex -9.1916 -0.262664 7.5
    endloop
  endfacet
  facet normal 0 0 -1
    outer loop
      vertex -9.24264 -0.385892 7.5
      vertex -9.24264 0.385892 7.5
      vertex -9.1916 0.262664 7.5
    endloop
  endfacet
  facet normal 0 0 -1
    outer loop
      vertex -9.31234 -0.499617 7.5
      vertex -9.24264 0.385892 7.5
      vertex -9.24264 -0.385892 7.5
    endloop
  endfacet
  facet normal 0 0 -1
    outer loop
      vertex -9.31234 -0.499617 7.5
      vertex -9.31234 0.499617 7.5
      vertex -9.24264 0.385892 7.5
    endloop
  endfacet
  facet normal 0 0 -1
    outer loop
      vertex -9.39896 -0.60104 7.5
      vertex -9.31234 0.499617 7.5
      vertex -9.31234 -0.499617 7.5
    endloop
  endfacet
  facet normal 0 0 -1
    outer loop
      vertex -9.39896 -0.60104 7.5
      vertex -9.39896 0.60104 7.5
      vertex -9.31234 0.499617 7.5
    endloop
  endfacet
  facet normal 0 0 -1
    outer loop
      vertex -9.50038 -0.687664 7.5
      vertex -9.39896 0.60104 7.5
      vertex -9.39896 -0.60104 7.5
    endloop
  endfacet
  facet normal 0 0 -1
    outer loop
      vertex -9.50038 -0.687664 7.5
      vertex -9.50038 0.687664 7.5
      vertex -9.39896 0.60104 7.5
    endloop
  endfacet
  facet normal 0 0 -1
    outer loop
      vertex -9.61411 -0.757355 7.5
      vertex -9.50038 0.687664 7.5
      vertex -9.50038 -0.687664 7.5
    endloop
  endfacet
  facet normal 0 0 -1
    outer loop
      vertex -9.61411 -0.757355 7.5
      vertex -9.61411 0.757355 7.5
      vertex -9.50038 0.687664 7.5
    endloop
  endfacet
  facet normal 0 0 -1
    outer loop
      vertex -9.73734 -0.808397 7.5
      vertex -9.61411 0.757355 7.5
      vertex -9.61411 -0.757355 7.5
    endloop
  endfacet
  facet normal 0 0 -1
    outer loop
      vertex -9.73734 -0.808397 7.5
      vertex -9.73734 0.808397 7.5
      vertex -9.61411 0.757355 7.5
    endloop
  endfacet
  facet normal 0 0 -1
    outer loop
      vertex -9.86703 -0.839535 7.5
      vertex -9.73734 0.808397 7.5
      vertex -9.73734 -0.808397 7.5
    endloop
  endfacet
  facet normal 0 0 -1
    outer loop
      vertex -9.86703 -0.839535 7.5
      vertex -9.86703 0.839535 7.5
      vertex -9.73734 0.808397 7.5
    endloop
  endfacet
  facet normal 0 0 -1
    outer loop
      vertex -10 -0.849999 7.5
      vertex -9.86703 0.839535 7.5
      vertex -9.86703 -0.839535 7.5
    endloop
  endfacet
  facet normal 0 0 -1
    outer loop
      vertex -10 -0.849999 7.5
      vertex -10 0.849999 7.5
      vertex -9.86703 0.839535 7.5
    endloop
  endfacet
  facet normal 0 0 -1
    outer loop
      vertex -10.133 -0.839535 7.5
      vertex -10 0.849999 7.5
      vertex -10 -0.849999 7.5
    endloop
  endfacet
  facet normal 0 0 -1
    outer loop
      vertex -10.133 -0.839535 7.5
      vertex -10.133 0.839535 7.5
      vertex -10 0.849999 7.5
    endloop
  endfacet
  facet normal 0 0 -1
    outer loop
      vertex -10.2627 -0.808397 7.5
      vertex -10.133 0.839535 7.5
      vertex -10.133 -0.839535 7.5
    endloop
  endfacet
  facet normal 0 0 -1
    outer loop
      vertex -10.2627 -0.808397 7.5
      vertex -10.2627 0.808397 7.5
      vertex -10.133 0.839535 7.5
    endloop
  endfacet
  facet normal 0 0 -1
    outer loop
      vertex -10.3859 -0.757355 7.5
      vertex -10.2627 0.808397 7.5
      vertex -10.2627 -0.808397 7.5
    endloop
  endfacet
  facet normal 0 0 -1
    outer loop
      vertex -10.3859 -0.757355 7.5
      vertex -10.3859 0.757355 7.5
      vertex -10.2627 0.808397 7.5
    endloop
  endfacet
  facet normal 0 0 -1
    outer loop
      vertex -10.4996 -0.687664 7.5
      vertex -10.3859 0.757355 7.5
      vertex -10.3859 -0.757355 7.5
    endloop
  endfacet
  facet normal 0 0 -1
    outer loop
      vertex -10.4996 -0.687664 7.5
      vertex -10.4996 0.687664 7.5
      vertex -10.3859 0.757355 7.5
    endloop
  endfacet
  facet normal 0 0 -1
    outer loop
      vertex -10.601 -0.60104 7.5
      vertex -10.4996 0.687664 7.5
      vertex -10.4996 -0.687664 7.5
    endloop
  endfacet
  facet normal 0 0 -1
    outer loop
      vertex -10.601 -0.60104 7.5
      vertex -10.601 0.60104 7.5
      vertex -10.4996 0.687664 7.5
    endloop
  endfacet
  facet normal 0 0 -1
    outer loop
      vertex -10.6877 -0.499617 7.5
      vertex -10.601 0.60104 7.5
      vertex -10.601 -0.60104 7.5
    endloop
  endfacet
  facet normal 0 0 -1
    outer loop
      vertex -10.6877 -0.499617 7.5
      vertex -10.6877 0.499617 7.5
      vertex -10.601 0.60104 7.5
    endloop
  endfacet
  facet normal 0 0 -1
    outer loop
      vertex -10.7574 -0.385892 7.5
      vertex -10.6877 0.499617 7.5
      vertex -10.6877 -0.499617 7.5
    endloop
  endfacet
  facet normal 0 0 -1
    outer loop
      vertex -10.7574 -0.385892 7.5
      vertex -10.7574 0.385892 7.5
      vertex -10.6877 0.499617 7.5
    endloop
  endfacet
  facet normal 0 0 -1
    outer loop
      vertex -10.8084 -0.262664 7.5
      vertex -10.7574 0.385892 7.5
      vertex -10.7574 -0.385892 7.5
    endloop
  endfacet
  facet normal 0 0 -1
    outer loop
      vertex -10.8084 -0.262664 7.5
      vertex -10.8084 0.262664 7.5
      vertex -10.7574 0.385892 7.5
    endloop
  endfacet
  facet normal 0 0 -1
    outer loop
      vertex -10.8395 -0.132969 7.5
      vertex -10.8084 0.262664 7.5
      vertex -10.8084 -0.262664 7.5
    endloop
  endfacet
  facet normal 0 0 -1
    outer loop
      vertex -10.8395 -0.132969 7.5
      vertex -10.8395 0.132969 7.5
      vertex -10.8084 0.262664 7.5
    endloop
  endfacet
  facet normal 0 -0 -1
    outer loop
      vertex -10.8395 0.132969 7.5
      vertex -10.8395 -0.132969 7.5
      vertex -10.85 0 7.5
    endloop
  endfacet
  facet normal 0.0784343 -0.996919 0
    outer loop
      vertex -10.133 0.839535 2.3
      vertex -10 0.849999 7.5
      vertex -10.133 0.839535 7.5
    endloop
  endfacet
  facet normal 0.0784343 -0.996919 0
    outer loop
      vertex -10 0.849999 7.5
      vertex -10.133 0.839535 2.3
      vertex -10 0.849999 2.3
    endloop
  endfacet
  facet normal 0.382753 -0.923851 0
    outer loop
      vertex -10.3859 0.757355 2.3
      vertex -10.2627 0.808397 7.5
      vertex -10.3859 0.757355 7.5
    endloop
  endfacet
  facet normal 0.382753 -0.923851 0
    outer loop
      vertex -10.2627 0.808397 7.5
      vertex -10.3859 0.757355 2.3
      vertex -10.2627 0.808397 2.3
    endloop
  endfacet
  facet normal -0.852609 0.522549 0
    outer loop
      vertex -9.31234 -0.499617 2.3
      vertex -9.24264 -0.385892 7.5
      vertex -9.24264 -0.385892 2.3
    endloop
  endfacet
  facet normal -0.852609 0.522549 0
    outer loop
      vertex -9.24264 -0.385892 7.5
      vertex -9.31234 -0.499617 2.3
      vertex -9.31234 -0.499617 7.5
    endloop
  endfacet
  facet normal 0.233444 -0.97237 0
    outer loop
      vertex -10.2627 0.808397 2.3
      vertex -10.133 0.839535 7.5
      vertex -10.2627 0.808397 7.5
    endloop
  endfacet
  facet normal 0.233444 -0.97237 0
    outer loop
      vertex -10.133 0.839535 7.5
      vertex -10.2627 0.808397 2.3
      vertex -10.133 0.839535 2.3
    endloop
  endfacet
  facet normal -0.760419 -0.649433 0
    outer loop
      vertex -9.31234 0.499617 2.3
      vertex -9.39896 0.60104 7.5
      vertex -9.39896 0.60104 2.3
    endloop
  endfacet
  facet normal -0.760419 -0.649433 0
    outer loop
      vertex -9.39896 0.60104 7.5
      vertex -9.31234 0.499617 2.3
      vertex -9.31234 0.499617 7.5
    endloop
  endfacet
  facet normal -0.0784519 -0.996918 0
    outer loop
      vertex -10 0.849999 2.3
      vertex -9.86703 0.839535 7.5
      vertex -10 0.849999 7.5
    endloop
  endfacet
  facet normal -0.0784519 -0.996918 -0
    outer loop
      vertex -9.86703 0.839535 7.5
      vertex -10 0.849999 2.3
      vertex -9.86703 0.839535 2.3
    endloop
  endfacet
  facet normal -0.923887 -0.382666 0
    outer loop
      vertex -9.1916 0.262664 2.3
      vertex -9.24264 0.385892 7.5
      vertex -9.24264 0.385892 2.3
    endloop
  endfacet
  facet normal -0.923887 -0.382666 0
    outer loop
      vertex -9.24264 0.385892 7.5
      vertex -9.1916 0.262664 2.3
      vertex -9.1916 0.262664 7.5
    endloop
  endfacet
  facet normal -0.382674 0.923884 0
    outer loop
      vertex -9.61411 -0.757355 2.3
      vertex -9.73734 -0.808397 7.5
      vertex -9.61411 -0.757355 7.5
    endloop
  endfacet
  facet normal -0.382674 0.923884 0
    outer loop
      vertex -9.73734 -0.808397 7.5
      vertex -9.61411 -0.757355 2.3
      vertex -9.73734 -0.808397 2.3
    endloop
  endfacet
  facet normal -0.233461 0.972366 0
    outer loop
      vertex -9.73734 -0.808397 2.3
      vertex -9.86703 -0.839535 7.5
      vertex -9.73734 -0.808397 7.5
    endloop
  endfacet
  facet normal -0.233461 0.972366 0
    outer loop
      vertex -9.86703 -0.839535 7.5
      vertex -9.73734 -0.808397 2.3
      vertex -9.86703 -0.839535 2.3
    endloop
  endfacet
  facet normal -0.0784519 0.996918 0
    outer loop
      vertex -9.86703 -0.839535 2.3
      vertex -10 -0.849999 7.5
      vertex -9.86703 -0.839535 7.5
    endloop
  endfacet
  facet normal -0.0784519 0.996918 0
    outer loop
      vertex -10 -0.849999 7.5
      vertex -9.86703 -0.839535 2.3
      vertex -10 -0.849999 2.3
    endloop
  endfacet
  facet normal -0.852609 -0.522549 0
    outer loop
      vertex -9.24264 0.385892 2.3
      vertex -9.31234 0.499617 7.5
      vertex -9.31234 0.499617 2.3
    endloop
  endfacet
  facet normal -0.852609 -0.522549 0
    outer loop
      vertex -9.31234 0.499617 7.5
      vertex -9.24264 0.385892 2.3
      vertex -9.24264 0.385892 7.5
    endloop
  endfacet
  facet normal 0.852609 -0.522549 0
    outer loop
      vertex -10.7574 0.385892 7.5
      vertex -10.6877 0.499617 2.3
      vertex -10.6877 0.499617 7.5
    endloop
  endfacet
  facet normal 0.852609 -0.522549 0
    outer loop
      vertex -10.6877 0.499617 2.3
      vertex -10.7574 0.385892 7.5
      vertex -10.7574 0.385892 2.3
    endloop
  endfacet
  facet normal -0.522483 -0.85265 0
    outer loop
      vertex -9.61411 0.757355 2.3
      vertex -9.50038 0.687664 7.5
      vertex -9.61411 0.757355 7.5
    endloop
  endfacet
  facet normal -0.522483 -0.85265 -0
    outer loop
      vertex -9.50038 0.687664 7.5
      vertex -9.61411 0.757355 2.3
      vertex -9.50038 0.687664 2.3
    endloop
  endfacet
  facet normal 0.0784343 0.996919 -0
    outer loop
      vertex -10 -0.849999 2.3
      vertex -10.133 -0.839535 7.5
      vertex -10 -0.849999 7.5
    endloop
  endfacet
  facet normal 0.0784343 0.996919 0
    outer loop
      vertex -10.133 -0.839535 7.5
      vertex -10 -0.849999 2.3
      vertex -10.133 -0.839535 2.3
    endloop
  endfacet
  facet normal 0.522583 -0.852588 0
    outer loop
      vertex -10.4996 0.687664 2.3
      vertex -10.3859 0.757355 7.5
      vertex -10.4996 0.687664 7.5
    endloop
  endfacet
  facet normal 0.522583 -0.852588 0
    outer loop
      vertex -10.3859 0.757355 7.5
      vertex -10.4996 0.687664 2.3
      vertex -10.3859 0.757355 2.3
    endloop
  endfacet
  facet normal -0.382674 -0.923884 0
    outer loop
      vertex -9.73734 0.808397 2.3
      vertex -9.61411 0.757355 7.5
      vertex -9.73734 0.808397 7.5
    endloop
  endfacet
  facet normal -0.382674 -0.923884 -0
    outer loop
      vertex -9.61411 0.757355 7.5
      vertex -9.73734 0.808397 2.3
      vertex -9.61411 0.757355 2.3
    endloop
  endfacet
  facet normal -0.233461 -0.972366 0
    outer loop
      vertex -9.86703 0.839535 2.3
      vertex -9.73734 0.808397 7.5
      vertex -9.86703 0.839535 7.5
    endloop
  endfacet
  facet normal -0.233461 -0.972366 -0
    outer loop
      vertex -9.73734 0.808397 7.5
      vertex -9.86703 0.839535 2.3
      vertex -9.73734 0.808397 2.3
    endloop
  endfacet
  facet normal -0.649462 -0.760394 0
    outer loop
      vertex -9.50038 0.687664 2.3
      vertex -9.39896 0.60104 7.5
      vertex -9.50038 0.687664 7.5
    endloop
  endfacet
  facet normal -0.649462 -0.760394 -0
    outer loop
      vertex -9.39896 0.60104 7.5
      vertex -9.50038 0.687664 2.3
      vertex -9.39896 0.60104 2.3
    endloop
  endfacet
  facet normal 0.923993 -0.38241 0
    outer loop
      vertex -10.8084 0.262664 7.5
      vertex -10.7574 0.385892 2.3
      vertex -10.7574 0.385892 7.5
    endloop
  endfacet
  facet normal 0.923993 -0.38241 0
    outer loop
      vertex -10.7574 0.385892 2.3
      vertex -10.8084 0.262664 7.5
      vertex -10.8084 0.262664 2.3
    endloop
  endfacet
  facet normal 0.972433 -0.233183 0
    outer loop
      vertex -13.8395 0.132969 7.5
      vertex -13.8084 0.262664 2.3
      vertex -13.8084 0.262664 7.5
    endloop
  endfacet
  facet normal 0.972433 -0.233183 0
    outer loop
      vertex -13.8084 0.262664 2.3
      vertex -13.8395 0.132969 7.5
      vertex -13.8395 0.132969 2.3
    endloop
  endfacet
  facet normal 0.996897 -0.0787207 0
    outer loop
      vertex -13.85 0 7.5
      vertex -13.8395 0.132969 2.3
      vertex -13.8395 0.132969 7.5
    endloop
  endfacet
  facet normal 0.996897 -0.0787207 0
    outer loop
      vertex -13.8395 0.132969 2.3
      vertex -13.85 0 7.5
      vertex -13.85 0 2.3
    endloop
  endfacet
  facet normal 0.760122 -0.64978 0
    outer loop
      vertex -13.6877 0.499617 7.5
      vertex -13.601 0.60104 2.3
      vertex -13.601 0.60104 7.5
    endloop
  endfacet
  facet normal 0.760122 -0.64978 0
    outer loop
      vertex -13.601 0.60104 2.3
      vertex -13.6877 0.499617 7.5
      vertex -13.6877 0.499617 2.3
    endloop
  endfacet
  facet normal 0.972433 0.233183 0
    outer loop
      vertex -13.8084 -0.262664 7.5
      vertex -13.8395 -0.132969 2.3
      vertex -13.8395 -0.132969 7.5
    endloop
  endfacet
  facet normal 0.972433 0.233183 0
    outer loop
      vertex -13.8395 -0.132969 2.3
      vertex -13.8084 -0.262664 7.5
      vertex -13.8084 -0.262664 2.3
    endloop
  endfacet
  facet normal 0.923993 0.38241 0
    outer loop
      vertex -13.7574 -0.385892 7.5
      vertex -13.8084 -0.262664 2.3
      vertex -13.8084 -0.262664 7.5
    endloop
  endfacet
  facet normal 0.923993 0.38241 0
    outer loop
      vertex -13.8084 -0.262664 2.3
      vertex -13.7574 -0.385892 7.5
      vertex -13.7574 -0.385892 2.3
    endloop
  endfacet
  facet normal -0.923993 0.38241 0
    outer loop
      vertex -12.2426 -0.385892 2.3
      vertex -12.1916 -0.262664 7.5
      vertex -12.1916 -0.262664 2.3
    endloop
  endfacet
  facet normal -0.923993 0.38241 0
    outer loop
      vertex -12.1916 -0.262664 7.5
      vertex -12.2426 -0.385892 2.3
      vertex -12.2426 -0.385892 7.5
    endloop
  endfacet
  facet normal -0.649536 0.760331 0
    outer loop
      vertex -12.399 -0.60104 2.3
      vertex -12.5004 -0.687664 7.5
      vertex -12.399 -0.60104 7.5
    endloop
  endfacet
  facet normal -0.649536 0.760331 0
    outer loop
      vertex -12.5004 -0.687664 7.5
      vertex -12.399 -0.60104 2.3
      vertex -12.5004 -0.687664 2.3
    endloop
  endfacet
  facet normal 0.760122 0.64978 0
    outer loop
      vertex -13.601 -0.60104 7.5
      vertex -13.6877 -0.499617 2.3
      vertex -13.6877 -0.499617 7.5
    endloop
  endfacet
  facet normal 0.760122 0.64978 0
    outer loop
      vertex -13.6877 -0.499617 2.3
      vertex -13.601 -0.60104 7.5
      vertex -13.601 -0.60104 2.3
    endloop
  endfacet
  facet normal 0.996897 0.0787207 0
    outer loop
      vertex -13.8395 -0.132969 7.5
      vertex -13.85 0 2.3
      vertex -13.85 0 7.5
    endloop
  endfacet
  facet normal 0.996897 0.0787207 0
    outer loop
      vertex -13.85 0 2.3
      vertex -13.8395 -0.132969 7.5
      vertex -13.8395 -0.132969 2.3
    endloop
  endfacet
  facet normal -0.996897 -0.0787207 0
    outer loop
      vertex -12.15 0 2.3
      vertex -12.1605 0.132969 7.5
      vertex -12.1605 0.132969 2.3
    endloop
  endfacet
  facet normal -0.996897 -0.0787207 0
    outer loop
      vertex -12.1605 0.132969 7.5
      vertex -12.15 0 2.3
      vertex -12.15 0 7.5
    endloop
  endfacet
  facet normal 0.382753 0.923851 -0
    outer loop
      vertex -13.2627 -0.808397 2.3
      vertex -13.3859 -0.757355 7.5
      vertex -13.2627 -0.808397 7.5
    endloop
  endfacet
  facet normal 0.382753 0.923851 0
    outer loop
      vertex -13.3859 -0.757355 7.5
      vertex -13.2627 -0.808397 2.3
      vertex -13.3859 -0.757355 2.3
    endloop
  endfacet
  facet normal 0.649536 0.760331 -0
    outer loop
      vertex -13.4996 -0.687664 2.3
      vertex -13.601 -0.60104 7.5
      vertex -13.4996 -0.687664 7.5
    endloop
  endfacet
  facet normal 0.649536 0.760331 0
    outer loop
      vertex -13.601 -0.60104 7.5
      vertex -13.4996 -0.687664 2.3
      vertex -13.601 -0.60104 2.3
    endloop
  endfacet
  facet normal 0.852609 0.522549 0
    outer loop
      vertex -13.6877 -0.499617 7.5
      vertex -13.7574 -0.385892 2.3
      vertex -13.7574 -0.385892 7.5
    endloop
  endfacet
  facet normal 0.852609 0.522549 0
    outer loop
      vertex -13.7574 -0.385892 2.3
      vertex -13.6877 -0.499617 7.5
      vertex -13.6877 -0.499617 2.3
    endloop
  endfacet
  facet normal -0.760122 0.64978 0
    outer loop
      vertex -12.399 -0.60104 2.3
      vertex -12.3123 -0.499617 7.5
      vertex -12.3123 -0.499617 2.3
    endloop
  endfacet
  facet normal -0.760122 0.64978 0
    outer loop
      vertex -12.3123 -0.499617 7.5
      vertex -12.399 -0.60104 2.3
      vertex -12.399 -0.60104 7.5
    endloop
  endfacet
  facet normal 0.649536 -0.760331 0
    outer loop
      vertex -13.601 0.60104 2.3
      vertex -13.4996 0.687664 7.5
      vertex -13.601 0.60104 7.5
    endloop
  endfacet
  facet normal 0.649536 -0.760331 0
    outer loop
      vertex -13.4996 0.687664 7.5
      vertex -13.601 0.60104 2.3
      vertex -13.4996 0.687664 2.3
    endloop
  endfacet
  facet normal -0.522583 0.852588 0
    outer loop
      vertex -12.5004 -0.687664 2.3
      vertex -12.6141 -0.757355 7.5
      vertex -12.5004 -0.687664 7.5
    endloop
  endfacet
  facet normal -0.522583 0.852588 0
    outer loop
      vertex -12.6141 -0.757355 7.5
      vertex -12.5004 -0.687664 2.3
      vertex -12.6141 -0.757355 2.3
    endloop
  endfacet
  facet normal -0.996897 0.0787207 0
    outer loop
      vertex -12.1605 -0.132969 2.3
      vertex -12.15 0 7.5
      vertex -12.15 0 2.3
    endloop
  endfacet
  facet normal -0.996897 0.0787207 0
    outer loop
      vertex -12.15 0 7.5
      vertex -12.1605 -0.132969 2.3
      vertex -12.1605 -0.132969 7.5
    endloop
  endfacet
  facet normal -0.972433 0.233183 0
    outer loop
      vertex -12.1916 -0.262664 2.3
      vertex -12.1605 -0.132969 7.5
      vertex -12.1605 -0.132969 2.3
    endloop
  endfacet
  facet normal -0.972433 0.233183 0
    outer loop
      vertex -12.1605 -0.132969 7.5
      vertex -12.1916 -0.262664 2.3
      vertex -12.1916 -0.262664 7.5
    endloop
  endfacet
  facet normal -0.972433 -0.233183 0
    outer loop
      vertex -12.1605 0.132969 2.3
      vertex -12.1916 0.262664 7.5
      vertex -12.1916 0.262664 2.3
    endloop
  endfacet
  facet normal -0.972433 -0.233183 0
    outer loop
      vertex -12.1916 0.262664 7.5
      vertex -12.1605 0.132969 2.3
      vertex -12.1605 0.132969 7.5
    endloop
  endfacet
  facet normal 0.233444 0.97237 -0
    outer loop
      vertex -13.133 -0.839535 2.3
      vertex -13.2627 -0.808397 7.5
      vertex -13.133 -0.839535 7.5
    endloop
  endfacet
  facet normal 0.233444 0.97237 0
    outer loop
      vertex -13.2627 -0.808397 7.5
      vertex -13.133 -0.839535 2.3
      vertex -13.2627 -0.808397 2.3
    endloop
  endfacet
  facet normal 0.522583 0.852588 -0
    outer loop
      vertex -13.3859 -0.757355 2.3
      vertex -13.4996 -0.687664 7.5
      vertex -13.3859 -0.757355 7.5
    endloop
  endfacet
  facet normal 0.522583 0.852588 0
    outer loop
      vertex -13.4996 -0.687664 7.5
      vertex -13.3859 -0.757355 2.3
      vertex -13.4996 -0.687664 2.3
    endloop
  endfacet
  facet normal 0 0 -1
    outer loop
      vertex -12.1605 -0.132969 7.5
      vertex -12.1605 0.132969 7.5
      vertex -12.15 0 7.5
    endloop
  endfacet
  facet normal 0 0 -1
    outer loop
      vertex -12.1916 -0.262664 7.5
      vertex -12.1605 0.132969 7.5
      vertex -12.1605 -0.132969 7.5
    endloop
  endfacet
  facet normal 0 0 -1
    outer loop
      vertex -12.1916 -0.262664 7.5
      vertex -12.1916 0.262664 7.5
      vertex -12.1605 0.132969 7.5
    endloop
  endfacet
  facet normal 0 0 -1
    outer loop
      vertex -12.2426 -0.385892 7.5
      vertex -12.1916 0.262664 7.5
      vertex -12.1916 -0.262664 7.5
    endloop
  endfacet
  facet normal 0 0 -1
    outer loop
      vertex -12.2426 -0.385892 7.5
      vertex -12.2426 0.385892 7.5
      vertex -12.1916 0.262664 7.5
    endloop
  endfacet
  facet normal 0 0 -1
    outer loop
      vertex -12.3123 -0.499617 7.5
      vertex -12.2426 0.385892 7.5
      vertex -12.2426 -0.385892 7.5
    endloop
  endfacet
  facet normal 0 0 -1
    outer loop
      vertex -12.3123 -0.499617 7.5
      vertex -12.3123 0.499617 7.5
      vertex -12.2426 0.385892 7.5
    endloop
  endfacet
  facet normal 0 0 -1
    outer loop
      vertex -12.399 -0.60104 7.5
      vertex -12.3123 0.499617 7.5
      vertex -12.3123 -0.499617 7.5
    endloop
  endfacet
  facet normal 0 0 -1
    outer loop
      vertex -12.399 -0.60104 7.5
      vertex -12.399 0.60104 7.5
      vertex -12.3123 0.499617 7.5
    endloop
  endfacet
  facet normal 0 0 -1
    outer loop
      vertex -12.5004 -0.687664 7.5
      vertex -12.399 0.60104 7.5
      vertex -12.399 -0.60104 7.5
    endloop
  endfacet
  facet normal 0 0 -1
    outer loop
      vertex -12.5004 -0.687664 7.5
      vertex -12.5004 0.687664 7.5
      vertex -12.399 0.60104 7.5
    endloop
  endfacet
  facet normal 0 0 -1
    outer loop
      vertex -12.6141 -0.757355 7.5
      vertex -12.5004 0.687664 7.5
      vertex -12.5004 -0.687664 7.5
    endloop
  endfacet
  facet normal 0 0 -1
    outer loop
      vertex -12.6141 -0.757355 7.5
      vertex -12.6141 0.757355 7.5
      vertex -12.5004 0.687664 7.5
    endloop
  endfacet
  facet normal 0 0 -1
    outer loop
      vertex -12.7373 -0.808397 7.5
      vertex -12.6141 0.757355 7.5
      vertex -12.6141 -0.757355 7.5
    endloop
  endfacet
  facet normal 0 0 -1
    outer loop
      vertex -12.7373 -0.808397 7.5
      vertex -12.7373 0.808397 7.5
      vertex -12.6141 0.757355 7.5
    endloop
  endfacet
  facet normal 0 0 -1
    outer loop
      vertex -12.867 -0.839535 7.5
      vertex -12.7373 0.808397 7.5
      vertex -12.7373 -0.808397 7.5
    endloop
  endfacet
  facet normal 0 0 -1
    outer loop
      vertex -12.867 -0.839535 7.5
      vertex -12.867 0.839535 7.5
      vertex -12.7373 0.808397 7.5
    endloop
  endfacet
  facet normal 0 0 -1
    outer loop
      vertex -13 -0.849999 7.5
      vertex -12.867 0.839535 7.5
      vertex -12.867 -0.839535 7.5
    endloop
  endfacet
  facet normal 0 0 -1
    outer loop
      vertex -13 -0.849999 7.5
      vertex -13 0.849999 7.5
      vertex -12.867 0.839535 7.5
    endloop
  endfacet
  facet normal 0 0 -1
    outer loop
      vertex -13.133 -0.839535 7.5
      vertex -13 0.849999 7.5
      vertex -13 -0.849999 7.5
    endloop
  endfacet
  facet normal 0 0 -1
    outer loop
      vertex -13.133 -0.839535 7.5
      vertex -13.133 0.839535 7.5
      vertex -13 0.849999 7.5
    endloop
  endfacet
  facet normal 0 0 -1
    outer loop
      vertex -13.2627 -0.808397 7.5
      vertex -13.133 0.839535 7.5
      vertex -13.133 -0.839535 7.5
    endloop
  endfacet
  facet normal 0 0 -1
    outer loop
      vertex -13.2627 -0.808397 7.5
      vertex -13.2627 0.808397 7.5
      vertex -13.133 0.839535 7.5
    endloop
  endfacet
  facet normal 0 0 -1
    outer loop
      vertex -13.3859 -0.757355 7.5
      vertex -13.2627 0.808397 7.5
      vertex -13.2627 -0.808397 7.5
    endloop
  endfacet
  facet normal 0 0 -1
    outer loop
      vertex -13.3859 -0.757355 7.5
      vertex -13.3859 0.757355 7.5
      vertex -13.2627 0.808397 7.5
    endloop
  endfacet
  facet normal 0 0 -1
    outer loop
      vertex -13.4996 -0.687664 7.5
      vertex -13.3859 0.757355 7.5
      vertex -13.3859 -0.757355 7.5
    endloop
  endfacet
  facet normal 0 0 -1
    outer loop
      vertex -13.4996 -0.687664 7.5
      vertex -13.4996 0.687664 7.5
      vertex -13.3859 0.757355 7.5
    endloop
  endfacet
  facet normal 0 0 -1
    outer loop
      vertex -13.601 -0.60104 7.5
      vertex -13.4996 0.687664 7.5
      vertex -13.4996 -0.687664 7.5
    endloop
  endfacet
  facet normal 0 0 -1
    outer loop
      vertex -13.601 -0.60104 7.5
      vertex -13.601 0.60104 7.5
      vertex -13.4996 0.687664 7.5
    endloop
  endfacet
  facet normal 0 0 -1
    outer loop
      vertex -13.6877 -0.499617 7.5
      vertex -13.601 0.60104 7.5
      vertex -13.601 -0.60104 7.5
    endloop
  endfacet
  facet normal 0 0 -1
    outer loop
      vertex -13.6877 -0.499617 7.5
      vertex -13.6877 0.499617 7.5
      vertex -13.601 0.60104 7.5
    endloop
  endfacet
  facet normal 0 0 -1
    outer loop
      vertex -13.7574 -0.385892 7.5
      vertex -13.6877 0.499617 7.5
      vertex -13.6877 -0.499617 7.5
    endloop
  endfacet
  facet normal 0 0 -1
    outer loop
      vertex -13.7574 -0.385892 7.5
      vertex -13.7574 0.385892 7.5
      vertex -13.6877 0.499617 7.5
    endloop
  endfacet
  facet normal 0 0 -1
    outer loop
      vertex -13.8084 -0.262664 7.5
      vertex -13.7574 0.385892 7.5
      vertex -13.7574 -0.385892 7.5
    endloop
  endfacet
  facet normal 0 0 -1
    outer loop
      vertex -13.8084 -0.262664 7.5
      vertex -13.8084 0.262664 7.5
      vertex -13.7574 0.385892 7.5
    endloop
  endfacet
  facet normal 0 0 -1
    outer loop
      vertex -13.8395 -0.132969 7.5
      vertex -13.8084 0.262664 7.5
      vertex -13.8084 -0.262664 7.5
    endloop
  endfacet
  facet normal 0 0 -1
    outer loop
      vertex -13.8395 -0.132969 7.5
      vertex -13.8395 0.132969 7.5
      vertex -13.8084 0.262664 7.5
    endloop
  endfacet
  facet normal 0 -0 -1
    outer loop
      vertex -13.8395 0.132969 7.5
      vertex -13.8395 -0.132969 7.5
      vertex -13.85 0 7.5
    endloop
  endfacet
  facet normal 0.0784343 -0.996919 0
    outer loop
      vertex -13.133 0.839535 2.3
      vertex -13 0.849999 7.5
      vertex -13.133 0.839535 7.5
    endloop
  endfacet
  facet normal 0.0784343 -0.996919 0
    outer loop
      vertex -13 0.849999 7.5
      vertex -13.133 0.839535 2.3
      vertex -13 0.849999 2.3
    endloop
  endfacet
  facet normal 0.382753 -0.923851 0
    outer loop
      vertex -13.3859 0.757355 2.3
      vertex -13.2627 0.808397 7.5
      vertex -13.3859 0.757355 7.5
    endloop
  endfacet
  facet normal 0.382753 -0.923851 0
    outer loop
      vertex -13.2627 0.808397 7.5
      vertex -13.3859 0.757355 2.3
      vertex -13.2627 0.808397 2.3
    endloop
  endfacet
  facet normal -0.852609 0.522549 0
    outer loop
      vertex -12.3123 -0.499617 2.3
      vertex -12.2426 -0.385892 7.5
      vertex -12.2426 -0.385892 2.3
    endloop
  endfacet
  facet normal -0.852609 0.522549 0
    outer loop
      vertex -12.2426 -0.385892 7.5
      vertex -12.3123 -0.499617 2.3
      vertex -12.3123 -0.499617 7.5
    endloop
  endfacet
  facet normal 0.233444 -0.97237 0
    outer loop
      vertex -13.2627 0.808397 2.3
      vertex -13.133 0.839535 7.5
      vertex -13.2627 0.808397 7.5
    endloop
  endfacet
  facet normal 0.233444 -0.97237 0
    outer loop
      vertex -13.133 0.839535 7.5
      vertex -13.2627 0.808397 2.3
      vertex -13.133 0.839535 2.3
    endloop
  endfacet
  facet normal -0.760122 -0.64978 0
    outer loop
      vertex -12.3123 0.499617 2.3
      vertex -12.399 0.60104 7.5
      vertex -12.399 0.60104 2.3
    endloop
  endfacet
  facet normal -0.760122 -0.64978 0
    outer loop
      vertex -12.399 0.60104 7.5
      vertex -12.3123 0.499617 2.3
      vertex -12.3123 0.499617 7.5
    endloop
  endfacet
  facet normal -0.0784343 -0.996919 0
    outer loop
      vertex -13 0.849999 2.3
      vertex -12.867 0.839535 7.5
      vertex -13 0.849999 7.5
    endloop
  endfacet
  facet normal -0.0784343 -0.996919 -0
    outer loop
      vertex -12.867 0.839535 7.5
      vertex -13 0.849999 2.3
      vertex -12.867 0.839535 2.3
    endloop
  endfacet
  facet normal -0.923993 -0.38241 0
    outer loop
      vertex -12.1916 0.262664 2.3
      vertex -12.2426 0.385892 7.5
      vertex -12.2426 0.385892 2.3
    endloop
  endfacet
  facet normal -0.923993 -0.38241 0
    outer loop
      vertex -12.2426 0.385892 7.5
      vertex -12.1916 0.262664 2.3
      vertex -12.1916 0.262664 7.5
    endloop
  endfacet
  facet normal -0.382753 0.923851 0
    outer loop
      vertex -12.6141 -0.757355 2.3
      vertex -12.7373 -0.808397 7.5
      vertex -12.6141 -0.757355 7.5
    endloop
  endfacet
  facet normal -0.382753 0.923851 0
    outer loop
      vertex -12.7373 -0.808397 7.5
      vertex -12.6141 -0.757355 2.3
      vertex -12.7373 -0.808397 2.3
    endloop
  endfacet
  facet normal -0.233444 0.97237 0
    outer loop
      vertex -12.7373 -0.808397 2.3
      vertex -12.867 -0.839535 7.5
      vertex -12.7373 -0.808397 7.5
    endloop
  endfacet
  facet normal -0.233444 0.97237 0
    outer loop
      vertex -12.867 -0.839535 7.5
      vertex -12.7373 -0.808397 2.3
      vertex -12.867 -0.839535 2.3
    endloop
  endfacet
  facet normal -0.0784343 0.996919 0
    outer loop
      vertex -12.867 -0.839535 2.3
      vertex -13 -0.849999 7.5
      vertex -12.867 -0.839535 7.5
    endloop
  endfacet
  facet normal -0.0784343 0.996919 0
    outer loop
      vertex -13 -0.849999 7.5
      vertex -12.867 -0.839535 2.3
      vertex -13 -0.849999 2.3
    endloop
  endfacet
  facet normal -0.852609 -0.522549 0
    outer loop
      vertex -12.2426 0.385892 2.3
      vertex -12.3123 0.499617 7.5
      vertex -12.3123 0.499617 2.3
    endloop
  endfacet
  facet normal -0.852609 -0.522549 0
    outer loop
      vertex -12.3123 0.499617 7.5
      vertex -12.2426 0.385892 2.3
      vertex -12.2426 0.385892 7.5
    endloop
  endfacet
  facet normal 0.852609 -0.522549 0
    outer loop
      vertex -13.7574 0.385892 7.5
      vertex -13.6877 0.499617 2.3
      vertex -13.6877 0.499617 7.5
    endloop
  endfacet
  facet normal 0.852609 -0.522549 0
    outer loop
      vertex -13.6877 0.499617 2.3
      vertex -13.7574 0.385892 7.5
      vertex -13.7574 0.385892 2.3
    endloop
  endfacet
  facet normal -0.522583 -0.852588 0
    outer loop
      vertex -12.6141 0.757355 2.3
      vertex -12.5004 0.687664 7.5
      vertex -12.6141 0.757355 7.5
    endloop
  endfacet
  facet normal -0.522583 -0.852588 -0
    outer loop
      vertex -12.5004 0.687664 7.5
      vertex -12.6141 0.757355 2.3
      vertex -12.5004 0.687664 2.3
    endloop
  endfacet
  facet normal 0.0784343 0.996919 -0
    outer loop
      vertex -13 -0.849999 2.3
      vertex -13.133 -0.839535 7.5
      vertex -13 -0.849999 7.5
    endloop
  endfacet
  facet normal 0.0784343 0.996919 0
    outer loop
      vertex -13.133 -0.839535 7.5
      vertex -13 -0.849999 2.3
      vertex -13.133 -0.839535 2.3
    endloop
  endfacet
  facet normal -0.382753 -0.923851 0
    outer loop
      vertex -12.7373 0.808397 2.3
      vertex -12.6141 0.757355 7.5
      vertex -12.7373 0.808397 7.5
    endloop
  endfacet
  facet normal -0.382753 -0.923851 -0
    outer loop
      vertex -12.6141 0.757355 7.5
      vertex -12.7373 0.808397 2.3
      vertex -12.6141 0.757355 2.3
    endloop
  endfacet
  facet normal -0.233444 -0.97237 0
    outer loop
      vertex -12.867 0.839535 2.3
      vertex -12.7373 0.808397 7.5
      vertex -12.867 0.839535 7.5
    endloop
  endfacet
  facet normal -0.233444 -0.97237 -0
    outer loop
      vertex -12.7373 0.808397 7.5
      vertex -12.867 0.839535 2.3
      vertex -12.7373 0.808397 2.3
    endloop
  endfacet
  facet normal 0.522583 -0.852588 0
    outer loop
      vertex -13.4996 0.687664 2.3
      vertex -13.3859 0.757355 7.5
      vertex -13.4996 0.687664 7.5
    endloop
  endfacet
  facet normal 0.522583 -0.852588 0
    outer loop
      vertex -13.3859 0.757355 7.5
      vertex -13.4996 0.687664 2.3
      vertex -13.3859 0.757355 2.3
    endloop
  endfacet
  facet normal -0.649536 -0.760331 0
    outer loop
      vertex -12.5004 0.687664 2.3
      vertex -12.399 0.60104 7.5
      vertex -12.5004 0.687664 7.5
    endloop
  endfacet
  facet normal -0.649536 -0.760331 -0
    outer loop
      vertex -12.399 0.60104 7.5
      vertex -12.5004 0.687664 2.3
      vertex -12.399 0.60104 2.3
    endloop
  endfacet
  facet normal 0.923993 -0.38241 0
    outer loop
      vertex -13.8084 0.262664 7.5
      vertex -13.7574 0.385892 2.3
      vertex -13.7574 0.385892 7.5
    endloop
  endfacet
  facet normal 0.923993 -0.38241 0
    outer loop
      vertex -13.7574 0.385892 2.3
      vertex -13.8084 0.262664 7.5
      vertex -13.8084 0.262664 2.3
    endloop
  endfacet
  facet normal -0.0784574 0.996917 0
    outer loop
      vertex 0.617916 -3.90137 0
      vertex 0 -3.95 2.6
      vertex 0.617916 -3.90137 2.6
    endloop
  endfacet
  facet normal -0.0784574 0.996917 0
    outer loop
      vertex 0 -3.95 2.6
      vertex 0.617916 -3.90137 0
      vertex 0 -3.95 0
    endloop
  endfacet
  facet normal -0.923877 -0.38269 0
    outer loop
      vertex 3.75667 1.22062 0
      vertex 3.51947 1.79326 2.6
      vertex 3.51947 1.79326 0
    endloop
  endfacet
  facet normal -0.923877 -0.38269 0
    outer loop
      vertex 3.51947 1.79326 2.6
      vertex 3.75667 1.22062 0
      vertex 3.75667 1.22062 2.6
    endloop
  endfacet
  facet normal -0.522488 0.852647 0
    outer loop
      vertex 2.32175 -3.19562 0
      vertex 1.79326 -3.51947 2.6
      vertex 2.32175 -3.19562 2.6
    endloop
  endfacet
  facet normal -0.522488 0.852647 0
    outer loop
      vertex 1.79326 -3.51947 2.6
      vertex 2.32175 -3.19562 0
      vertex 1.79326 -3.51947 0
    endloop
  endfacet
  facet normal -0.852647 -0.522488 0
    outer loop
      vertex 3.51947 1.79326 0
      vertex 3.19562 2.32175 2.6
      vertex 3.19562 2.32175 0
    endloop
  endfacet
  facet normal -0.852647 -0.522488 0
    outer loop
      vertex 3.19562 2.32175 2.6
      vertex 3.51947 1.79326 0
      vertex 3.51947 1.79326 2.6
    endloop
  endfacet
  facet normal -0.996917 -0.0784574 0
    outer loop
      vertex 3.95 0 0
      vertex 3.90137 0.617916 2.6
      vertex 3.90137 0.617916 0
    endloop
  endfacet
  facet normal -0.996917 -0.0784574 0
    outer loop
      vertex 3.90137 0.617916 2.6
      vertex 3.95 0 0
      vertex 3.95 0 2.6
    endloop
  endfacet
  facet normal -0.760402 -0.649452 0
    outer loop
      vertex 3.19562 2.32175 0
      vertex 2.79307 2.79307 2.6
      vertex 2.79307 2.79307 0
    endloop
  endfacet
  facet normal -0.760402 -0.649452 0
    outer loop
      vertex 2.79307 2.79307 2.6
      vertex 3.19562 2.32175 0
      vertex 3.19562 2.32175 2.6
    endloop
  endfacet
  facet normal 0.996917 -0.0784574 0
    outer loop
      vertex -3.95 0 2.6
      vertex -3.90137 0.617916 2.3
      vertex -3.90137 0.617916 2.6
    endloop
  endfacet
  facet normal 0.996917 -0.0784574 0
    outer loop
      vertex -3.90137 0.617916 2.3
      vertex -3.95 0 2.6
      vertex -3.95 0 2.3
    endloop
  endfacet
  facet normal -0.233451 0.972369 0
    outer loop
      vertex 1.22062 -3.75667 0
      vertex 0.617916 -3.90137 2.6
      vertex 1.22062 -3.75667 2.6
    endloop
  endfacet
  facet normal -0.233451 0.972369 0
    outer loop
      vertex 0.617916 -3.90137 2.6
      vertex 1.22062 -3.75667 0
      vertex 0.617916 -3.90137 0
    endloop
  endfacet
  facet normal -0.522488 -0.852647 0
    outer loop
      vertex 1.79326 3.51947 0
      vertex 2.32175 3.19562 2.6
      vertex 1.79326 3.51947 2.6
    endloop
  endfacet
  facet normal -0.522488 -0.852647 -0
    outer loop
      vertex 2.32175 3.19562 2.6
      vertex 1.79326 3.51947 0
      vertex 2.32175 3.19562 0
    endloop
  endfacet
  facet normal -0.923877 0.38269 0
    outer loop
      vertex 3.51947 -1.79326 0
      vertex 3.75667 -1.22062 2.6
      vertex 3.75667 -1.22062 0
    endloop
  endfacet
  facet normal -0.923877 0.38269 0
    outer loop
      vertex 3.75667 -1.22062 2.6
      vertex 3.51947 -1.79326 0
      vertex 3.51947 -1.79326 2.6
    endloop
  endfacet
  facet normal 0.522488 -0.852647 0
    outer loop
      vertex -2.32175 3.19562 0
      vertex -1.79326 3.51947 2.6
      vertex -2.32175 3.19562 2.6
    endloop
  endfacet
  facet normal 0.522488 -0.852647 0
    outer loop
      vertex -1.79326 3.51947 2.6
      vertex -2.32175 3.19562 0
      vertex -1.79326 3.51947 0
    endloop
  endfacet
  facet normal 0.760402 -0.649452 0
    outer loop
      vertex -3.19562 2.32175 2.6
      vertex -2.79307 2.79307 2.3
      vertex -2.79307 2.79307 2.6
    endloop
  endfacet
  facet normal 0.760402 -0.649452 0
    outer loop
      vertex -2.79307 2.79307 2.3
      vertex -3.19562 2.32175 2.6
      vertex -3.19562 2.32175 2.3
    endloop
  endfacet
  facet normal 0.996917 0.0784574 0
    outer loop
      vertex -3.90137 -0.617916 2.6
      vertex -3.95 0 2.3
      vertex -3.95 0 2.6
    endloop
  endfacet
  facet normal 0.996917 0.0784574 0
    outer loop
      vertex -3.95 0 2.3
      vertex -3.90137 -0.617916 2.6
      vertex -3.90137 -0.617916 2.3
    endloop
  endfacet
  facet normal -0.760402 0.649452 0
    outer loop
      vertex 2.79307 -2.79307 0
      vertex 3.19562 -2.32175 2.6
      vertex 3.19562 -2.32175 0
    endloop
  endfacet
  facet normal -0.760402 0.649452 0
    outer loop
      vertex 3.19562 -2.32175 2.6
      vertex 2.79307 -2.79307 0
      vertex 2.79307 -2.79307 2.6
    endloop
  endfacet
  facet normal -0.852647 0.522488 0
    outer loop
      vertex 3.19562 -2.32175 0
      vertex 3.51947 -1.79326 2.6
      vertex 3.51947 -1.79326 0
    endloop
  endfacet
  facet normal -0.852647 0.522488 0
    outer loop
      vertex 3.51947 -1.79326 2.6
      vertex 3.19562 -2.32175 0
      vertex 3.19562 -2.32175 2.6
    endloop
  endfacet
  facet normal 0.233451 0.972369 -0
    outer loop
      vertex -0.617916 -3.90137 0
      vertex -1.22062 -3.75667 2.6
      vertex -0.617916 -3.90137 2.6
    endloop
  endfacet
  facet normal 0.233451 0.972369 0
    outer loop
      vertex -1.22062 -3.75667 2.6
      vertex -0.617916 -3.90137 0
      vertex -1.22062 -3.75667 0
    endloop
  endfacet
  facet normal -0.972369 -0.233451 0
    outer loop
      vertex 3.90137 0.617916 0
      vertex 3.75667 1.22062 2.6
      vertex 3.75667 1.22062 0
    endloop
  endfacet
  facet normal -0.972369 -0.233451 0
    outer loop
      vertex 3.75667 1.22062 2.6
      vertex 3.90137 0.617916 0
      vertex 3.90137 0.617916 2.6
    endloop
  endfacet
  facet normal 0 0 -1
    outer loop
      vertex 2.25 0 2.6
      vertex 3.95 0 2.6
      vertex 3.90137 -0.617916 2.6
    endloop
  endfacet
  facet normal 0 0 -1
    outer loop
      vertex 2.2223 -0.351977 2.6
      vertex 3.90137 -0.617916 2.6
      vertex 3.75667 -1.22062 2.6
    endloop
  endfacet
  facet normal 0 0 -1
    outer loop
      vertex 3.95 0 2.6
      vertex 2.25 0 2.6
      vertex 3.90137 0.617916 2.6
    endloop
  endfacet
  facet normal 0 0 -1
    outer loop
      vertex 2.13988 -0.695288 2.6
      vertex 3.75667 -1.22062 2.6
      vertex 3.51947 -1.79326 2.6
    endloop
  endfacet
  facet normal 0 0 -1
    outer loop
      vertex 2.2223 0.351977 2.6
      vertex 3.90137 0.617916 2.6
      vertex 2.25 0 2.6
    endloop
  endfacet
  facet normal 0 0 -1
    outer loop
      vertex 2.00476 -1.02148 2.6
      vertex 3.51947 -1.79326 2.6
      vertex 3.19562 -2.32175 2.6
    endloop
  endfacet
  facet normal -0 0 -1
    outer loop
      vertex 3.90137 0.617916 2.6
      vertex 2.2223 0.351977 2.6
      vertex 3.75667 1.22062 2.6
    endloop
  endfacet
  facet normal 0 0 -1
    outer loop
      vertex 1.82029 -1.32252 2.6
      vertex 3.19562 -2.32175 2.6
      vertex 2.79307 -2.79307 2.6
    endloop
  endfacet
  facet normal 0 0 -1
    outer loop
      vertex 2.13988 0.695288 2.6
      vertex 3.75667 1.22062 2.6
      vertex 2.2223 0.351977 2.6
    endloop
  endfacet
  facet normal 0 0 -1
    outer loop
      vertex 1.59099 -1.59099 2.6
      vertex 2.79307 -2.79307 2.6
      vertex 2.32175 -3.19562 2.6
    endloop
  endfacet
  facet normal -0 0 -1
    outer loop
      vertex 3.75667 1.22062 2.6
      vertex 2.13988 0.695288 2.6
      vertex 3.51947 1.79326 2.6
    endloop
  endfacet
  facet normal 0 0 -1
    outer loop
      vertex 2.00476 1.02148 2.6
      vertex 3.51947 1.79326 2.6
      vertex 2.13988 0.695288 2.6
    endloop
  endfacet
  facet normal 0 0 -1
    outer loop
      vertex 3.90137 -0.617916 2.6
      vertex 2.2223 -0.351977 2.6
      vertex 2.25 0 2.6
    endloop
  endfacet
  facet normal 0 0 -1
    outer loop
      vertex 3.75667 -1.22062 2.6
      vertex 2.13988 -0.695288 2.6
      vertex 2.2223 -0.351977 2.6
    endloop
  endfacet
  facet normal 0 0 -1
    outer loop
      vertex 3.51947 -1.79326 2.6
      vertex 2.00476 -1.02148 2.6
      vertex 2.13988 -0.695288 2.6
    endloop
  endfacet
  facet normal 0 0 -1
    outer loop
      vertex 3.19562 -2.32175 2.6
      vertex 1.82029 -1.32252 2.6
      vertex 2.00476 -1.02148 2.6
    endloop
  endfacet
  facet normal 0 0 -1
    outer loop
      vertex 1.32252 -1.82029 2.6
      vertex 2.32175 -3.19562 2.6
      vertex 1.79326 -3.51947 2.6
    endloop
  endfacet
  facet normal 0 0 -1
    outer loop
      vertex 2.79307 -2.79307 2.6
      vertex 1.59099 -1.59099 2.6
      vertex 1.82029 -1.32252 2.6
    endloop
  endfacet
  facet normal 0 0 -1
    outer loop
      vertex 2.32175 -3.19562 2.6
      vertex 1.32252 -1.82029 2.6
      vertex 1.59099 -1.59099 2.6
    endloop
  endfacet
  facet normal 0 0 -1
    outer loop
      vertex 1.02148 -2.00476 2.6
      vertex 1.79326 -3.51947 2.6
      vertex 1.22062 -3.75667 2.6
    endloop
  endfacet
  facet normal 0 0 -1
    outer loop
      vertex 1.79326 -3.51947 2.6
      vertex 1.02148 -2.00476 2.6
      vertex 1.32252 -1.82029 2.6
    endloop
  endfacet
  facet normal 0 0 -1
    outer loop
      vertex 1.22062 -3.75667 2.6
      vertex 0.695288 -2.13988 2.6
      vertex 1.02148 -2.00476 2.6
    endloop
  endfacet
  facet normal 0 0 -1
    outer loop
      vertex 0.617916 -3.90137 2.6
      vertex 0.695288 -2.13988 2.6
      vertex 1.22062 -3.75667 2.6
    endloop
  endfacet
  facet normal 0 0 -1
    outer loop
      vertex 0.617916 -3.90137 2.6
      vertex 0.351977 -2.2223 2.6
      vertex 0.695288 -2.13988 2.6
    endloop
  endfacet
  facet normal 0 0 -1
    outer loop
      vertex 0 -3.95 2.6
      vertex 0.351977 -2.2223 2.6
      vertex 0.617916 -3.90137 2.6
    endloop
  endfacet
  facet normal 0 0 -1
    outer loop
      vertex 0 -3.95 2.6
      vertex 0 -2.25 2.6
      vertex 0.351977 -2.2223 2.6
    endloop
  endfacet
  facet normal 0 0 -1
    outer loop
      vertex 0 -3.95 2.6
      vertex -0.351977 -2.2223 2.6
      vertex 0 -2.25 2.6
    endloop
  endfacet
  facet normal 0 0 -1
    outer loop
      vertex -0.617916 -3.90137 2.6
      vertex -0.351977 -2.2223 2.6
      vertex 0 -3.95 2.6
    endloop
  endfacet
  facet normal 0 0 -1
    outer loop
      vertex -0.617916 -3.90137 2.6
      vertex -0.695288 -2.13988 2.6
      vertex -0.351977 -2.2223 2.6
    endloop
  endfacet
  facet normal 0 0 -1
    outer loop
      vertex -1.22062 -3.75667 2.6
      vertex -0.695288 -2.13988 2.6
      vertex -0.617916 -3.90137 2.6
    endloop
  endfacet
  facet normal -0 0 -1
    outer loop
      vertex -0.695288 -2.13988 2.6
      vertex -1.22062 -3.75667 2.6
      vertex -1.02148 -2.00476 2.6
    endloop
  endfacet
  facet normal 0 0 -1
    outer loop
      vertex -1.79326 -3.51947 2.6
      vertex -1.02148 -2.00476 2.6
      vertex -1.22062 -3.75667 2.6
    endloop
  endfacet
  facet normal -0 0 -1
    outer loop
      vertex -1.02148 -2.00476 2.6
      vertex -1.79326 -3.51947 2.6
      vertex -1.32252 -1.82029 2.6
    endloop
  endfacet
  facet normal 0 0 -1
    outer loop
      vertex -2.32175 -3.19562 2.6
      vertex -1.32252 -1.82029 2.6
      vertex -1.79326 -3.51947 2.6
    endloop
  endfacet
  facet normal -0 0 -1
    outer loop
      vertex -1.32252 -1.82029 2.6
      vertex -2.32175 -3.19562 2.6
      vertex -1.59099 -1.59099 2.6
    endloop
  endfacet
  facet normal 0 0 -1
    outer loop
      vertex -2.79307 -2.79307 2.6
      vertex -1.59099 -1.59099 2.6
      vertex -2.32175 -3.19562 2.6
    endloop
  endfacet
  facet normal -0 0 -1
    outer loop
      vertex -1.59099 -1.59099 2.6
      vertex -2.79307 -2.79307 2.6
      vertex -1.82029 -1.32252 2.6
    endloop
  endfacet
  facet normal 0 0 -1
    outer loop
      vertex -3.19562 -2.32175 2.6
      vertex -1.82029 -1.32252 2.6
      vertex -2.79307 -2.79307 2.6
    endloop
  endfacet
  facet normal 0 0 -1
    outer loop
      vertex -3.51947 -1.79326 2.6
      vertex -2.00476 -1.02148 2.6
      vertex -3.19562 -2.32175 2.6
    endloop
  endfacet
  facet normal -0 0 -1
    outer loop
      vertex -1.82029 -1.32252 2.6
      vertex -3.19562 -2.32175 2.6
      vertex -2.00476 -1.02148 2.6
    endloop
  endfacet
  facet normal -0 0 -1
    outer loop
      vertex 3.51947 1.79326 2.6
      vertex 2.00476 1.02148 2.6
      vertex 3.19562 2.32175 2.6
    endloop
  endfacet
  facet normal 0 0 -1
    outer loop
      vertex 1.82029 1.32252 2.6
      vertex 3.19562 2.32175 2.6
      vertex 2.00476 1.02148 2.6
    endloop
  endfacet
  facet normal -0 0 -1
    outer loop
      vertex 3.19562 2.32175 2.6
      vertex 1.82029 1.32252 2.6
      vertex 2.79307 2.79307 2.6
    endloop
  endfacet
  facet normal 0 0 -1
    outer loop
      vertex 1.59099 1.59099 2.6
      vertex 2.79307 2.79307 2.6
      vertex 1.82029 1.32252 2.6
    endloop
  endfacet
  facet normal -0 0 -1
    outer loop
      vertex 2.79307 2.79307 2.6
      vertex 1.59099 1.59099 2.6
      vertex 2.32175 3.19562 2.6
    endloop
  endfacet
  facet normal 0 0 -1
    outer loop
      vertex 1.32252 1.82029 2.6
      vertex 2.32175 3.19562 2.6
      vertex 1.59099 1.59099 2.6
    endloop
  endfacet
  facet normal -0 0 -1
    outer loop
      vertex 2.32175 3.19562 2.6
      vertex 1.32252 1.82029 2.6
      vertex 1.79326 3.51947 2.6
    endloop
  endfacet
  facet normal 0 0 -1
    outer loop
      vertex 1.02148 2.00476 2.6
      vertex 1.79326 3.51947 2.6
      vertex 1.32252 1.82029 2.6
    endloop
  endfacet
  facet normal -0 0 -1
    outer loop
      vertex 1.79326 3.51947 2.6
      vertex 1.02148 2.00476 2.6
      vertex 1.22062 3.75667 2.6
    endloop
  endfacet
  facet normal 0 0 -1
    outer loop
      vertex 0.695288 2.13988 2.6
      vertex 1.22062 3.75667 2.6
      vertex 1.02148 2.00476 2.6
    endloop
  endfacet
  facet normal 0 0 -1
    outer loop
      vertex 0.695288 2.13988 2.6
      vertex 0.617916 3.90137 2.6
      vertex 1.22062 3.75667 2.6
    endloop
  endfacet
  facet normal 0 0 -1
    outer loop
      vertex 0.351977 2.2223 2.6
      vertex 0.617916 3.90137 2.6
      vertex 0.695288 2.13988 2.6
    endloop
  endfacet
  facet normal 0 0 -1
    outer loop
      vertex 0 2.25 2.6
      vertex 0.617916 3.90137 2.6
      vertex 0.351977 2.2223 2.6
    endloop
  endfacet
  facet normal 0 0 -1
    outer loop
      vertex 0 2.25 2.6
      vertex 0 3.95 2.6
      vertex 0.617916 3.90137 2.6
    endloop
  endfacet
  facet normal 0 0 -1
    outer loop
      vertex -0.351977 2.2223 2.6
      vertex 0 3.95 2.6
      vertex 0 2.25 2.6
    endloop
  endfacet
  facet normal 0 0 -1
    outer loop
      vertex -0.351977 2.2223 2.6
      vertex -0.617916 3.90137 2.6
      vertex 0 3.95 2.6
    endloop
  endfacet
  facet normal 0 0 -1
    outer loop
      vertex -0.695288 2.13988 2.6
      vertex -0.617916 3.90137 2.6
      vertex -0.351977 2.2223 2.6
    endloop
  endfacet
  facet normal 0 0 -1
    outer loop
      vertex -1.22062 3.75667 2.6
      vertex -0.695288 2.13988 2.6
      vertex -1.02148 2.00476 2.6
    endloop
  endfacet
  facet normal 0 0 -1
    outer loop
      vertex -0.695288 2.13988 2.6
      vertex -1.22062 3.75667 2.6
      vertex -0.617916 3.90137 2.6
    endloop
  endfacet
  facet normal 0 0 -1
    outer loop
      vertex -1.79326 3.51947 2.6
      vertex -1.02148 2.00476 2.6
      vertex -1.32252 1.82029 2.6
    endloop
  endfacet
  facet normal 0 0 -1
    outer loop
      vertex -2.32175 3.19562 2.6
      vertex -1.32252 1.82029 2.6
      vertex -1.59099 1.59099 2.6
    endloop
  endfacet
  facet normal 0 0 -1
    outer loop
      vertex -1.02148 2.00476 2.6
      vertex -1.79326 3.51947 2.6
      vertex -1.22062 3.75667 2.6
    endloop
  endfacet
  facet normal 0 0 -1
    outer loop
      vertex -2.79307 2.79307 2.6
      vertex -1.59099 1.59099 2.6
      vertex -1.82029 1.32252 2.6
    endloop
  endfacet
  facet normal 0 0 -1
    outer loop
      vertex -3.19562 2.32175 2.6
      vertex -1.82029 1.32252 2.6
      vertex -2.00476 1.02148 2.6
    endloop
  endfacet
  facet normal 0 0 -1
    outer loop
      vertex -3.51947 1.79326 2.6
      vertex -2.00476 1.02148 2.6
      vertex -2.13988 0.695288 2.6
    endloop
  endfacet
  facet normal 0 0 -1
    outer loop
      vertex -3.75667 1.22062 2.6
      vertex -2.13988 0.695288 2.6
      vertex -2.2223 0.351977 2.6
    endloop
  endfacet
  facet normal 0 0 -1
    outer loop
      vertex -1.32252 1.82029 2.6
      vertex -2.32175 3.19562 2.6
      vertex -1.79326 3.51947 2.6
    endloop
  endfacet
  facet normal 0 0 -1
    outer loop
      vertex -3.90137 0.617916 2.6
      vertex -2.2223 0.351977 2.6
      vertex -2.25 0 2.6
    endloop
  endfacet
  facet normal -0 0 -1
    outer loop
      vertex -2.00476 -1.02148 2.6
      vertex -3.51947 -1.79326 2.6
      vertex -2.13988 -0.695288 2.6
    endloop
  endfacet
  facet normal 0 0 -1
    outer loop
      vertex -3.75667 -1.22062 2.6
      vertex -2.13988 -0.695288 2.6
      vertex -3.51947 -1.79326 2.6
    endloop
  endfacet
  facet normal 0 0 -1
    outer loop
      vertex -1.59099 1.59099 2.6
      vertex -2.79307 2.79307 2.6
      vertex -2.32175 3.19562 2.6
    endloop
  endfacet
  facet normal -0 0 -1
    outer loop
      vertex -2.13988 -0.695288 2.6
      vertex -3.75667 -1.22062 2.6
      vertex -2.2223 -0.351977 2.6
    endloop
  endfacet
  facet normal 0 0 -1
    outer loop
      vertex -1.82029 1.32252 2.6
      vertex -3.19562 2.32175 2.6
      vertex -2.79307 2.79307 2.6
    endloop
  endfacet
  facet normal 0 0 -1
    outer loop
      vertex -3.90137 -0.617916 2.6
      vertex -2.2223 -0.351977 2.6
      vertex -3.75667 -1.22062 2.6
    endloop
  endfacet
  facet normal 0 0 -1
    outer loop
      vertex -2.00476 1.02148 2.6
      vertex -3.51947 1.79326 2.6
      vertex -3.19562 2.32175 2.6
    endloop
  endfacet
  facet normal -0 0 -1
    outer loop
      vertex -2.2223 -0.351977 2.6
      vertex -3.90137 -0.617916 2.6
      vertex -2.25 0 2.6
    endloop
  endfacet
  facet normal 0 0 -1
    outer loop
      vertex -2.13988 0.695288 2.6
      vertex -3.75667 1.22062 2.6
      vertex -3.51947 1.79326 2.6
    endloop
  endfacet
  facet normal 0 0 -1
    outer loop
      vertex -3.95 0 2.6
      vertex -2.25 0 2.6
      vertex -3.90137 -0.617916 2.6
    endloop
  endfacet
  facet normal 0 0 -1
    outer loop
      vertex -2.2223 0.351977 2.6
      vertex -3.90137 0.617916 2.6
      vertex -3.75667 1.22062 2.6
    endloop
  endfacet
  facet normal 0 0 -1
    outer loop
      vertex -2.25 0 2.6
      vertex -3.95 0 2.6
      vertex -3.90137 0.617916 2.6
    endloop
  endfacet
  facet normal -0.233451 -0.972369 0
    outer loop
      vertex 0.617916 3.90137 0
      vertex 1.22062 3.75667 2.6
      vertex 0.617916 3.90137 2.6
    endloop
  endfacet
  facet normal -0.233451 -0.972369 -0
    outer loop
      vertex 1.22062 3.75667 2.6
      vertex 0.617916 3.90137 0
      vertex 1.22062 3.75667 0
    endloop
  endfacet
  facet normal 0.38269 0.923877 -0
    outer loop
      vertex -1.22062 -3.75667 0
      vertex -1.79326 -3.51947 2.6
      vertex -1.22062 -3.75667 2.6
    endloop
  endfacet
  facet normal 0.38269 0.923877 0
    outer loop
      vertex -1.79326 -3.51947 2.6
      vertex -1.22062 -3.75667 0
      vertex -1.79326 -3.51947 0
    endloop
  endfacet
  facet normal 0.923877 0.38269 0
    outer loop
      vertex -3.51947 -1.79326 2.6
      vertex -3.75667 -1.22062 2.3
      vertex -3.75667 -1.22062 2.6
    endloop
  endfacet
  facet normal 0.923877 0.38269 0
    outer loop
      vertex -3.75667 -1.22062 2.3
      vertex -3.51947 -1.79326 2.6
      vertex -3.51947 -1.79326 2.3
    endloop
  endfacet
  facet normal -0.996917 0.0784574 0
    outer loop
      vertex 3.90137 -0.617916 0
      vertex 3.95 0 2.6
      vertex 3.95 0 0
    endloop
  endfacet
  facet normal -0.996917 0.0784574 0
    outer loop
      vertex 3.95 0 2.6
      vertex 3.90137 -0.617916 0
      vertex 3.90137 -0.617916 2.6
    endloop
  endfacet
  facet normal -0.972369 0.233451 0
    outer loop
      vertex 3.75667 -1.22062 0
      vertex 3.90137 -0.617916 2.6
      vertex 3.90137 -0.617916 0
    endloop
  endfacet
  facet normal -0.972369 0.233451 0
    outer loop
      vertex 3.90137 -0.617916 2.6
      vertex 3.75667 -1.22062 0
      vertex 3.75667 -1.22062 2.6
    endloop
  endfacet
  facet normal 0.64945 -0.760404 0
    outer loop
      vertex -2.40613 3.12355 2.3
      vertex -2.79307 2.79307 2.6
      vertex -2.79307 2.79307 2.3
    endloop
  endfacet
  facet normal 0.649452 -0.760402 4.64321e-06
    outer loop
      vertex -2.79307 2.79307 2.6
      vertex -2.40613 3.12355 2.3
      vertex -2.32175 3.19562 2.6
    endloop
  endfacet
  facet normal 0.649462 -0.760394 0
    outer loop
      vertex -2.32175 3.19562 0
      vertex -2.40613 3.12355 2.3
      vertex -2.40613 3.12355 0
    endloop
  endfacet
  facet normal 0.649462 -0.760394 0
    outer loop
      vertex -2.40613 3.12355 2.3
      vertex -2.32175 3.19562 0
      vertex -2.32175 3.19562 2.6
    endloop
  endfacet
  facet normal 0.38269 -0.923877 0
    outer loop
      vertex -1.79326 3.51947 0
      vertex -1.22062 3.75667 2.6
      vertex -1.79326 3.51947 2.6
    endloop
  endfacet
  facet normal 0.38269 -0.923877 0
    outer loop
      vertex -1.22062 3.75667 2.6
      vertex -1.79326 3.51947 0
      vertex -1.22062 3.75667 0
    endloop
  endfacet
  facet normal -0.649452 -0.760402 0
    outer loop
      vertex 2.32175 3.19562 0
      vertex 2.79307 2.79307 2.6
      vertex 2.32175 3.19562 2.6
    endloop
  endfacet
  facet normal -0.649452 -0.760402 -0
    outer loop
      vertex 2.79307 2.79307 2.6
      vertex 2.32175 3.19562 0
      vertex 2.79307 2.79307 0
    endloop
  endfacet
  facet normal 0.852647 -0.522488 0
    outer loop
      vertex -3.51947 1.79326 2.6
      vertex -3.19562 2.32175 2.3
      vertex -3.19562 2.32175 2.6
    endloop
  endfacet
  facet normal 0.852647 -0.522488 0
    outer loop
      vertex -3.19562 2.32175 2.3
      vertex -3.51947 1.79326 2.6
      vertex -3.51947 1.79326 2.3
    endloop
  endfacet
  facet normal 0.923877 -0.38269 0
    outer loop
      vertex -3.75667 1.22062 2.6
      vertex -3.51947 1.79326 2.3
      vertex -3.51947 1.79326 2.6
    endloop
  endfacet
  facet normal 0.923877 -0.38269 0
    outer loop
      vertex -3.51947 1.79326 2.3
      vertex -3.75667 1.22062 2.6
      vertex -3.75667 1.22062 2.3
    endloop
  endfacet
  facet normal 0.233451 -0.972369 0
    outer loop
      vertex -1.22062 3.75667 0
      vertex -0.617916 3.90137 2.6
      vertex -1.22062 3.75667 2.6
    endloop
  endfacet
  facet normal 0.233451 -0.972369 0
    outer loop
      vertex -0.617916 3.90137 2.6
      vertex -1.22062 3.75667 0
      vertex -0.617916 3.90137 0
    endloop
  endfacet
  facet normal -0.38269 -0.923877 0
    outer loop
      vertex 1.22062 3.75667 0
      vertex 1.79326 3.51947 2.6
      vertex 1.22062 3.75667 2.6
    endloop
  endfacet
  facet normal -0.38269 -0.923877 -0
    outer loop
      vertex 1.79326 3.51947 2.6
      vertex 1.22062 3.75667 0
      vertex 1.79326 3.51947 0
    endloop
  endfacet
  facet normal 0.0784574 -0.996917 0
    outer loop
      vertex -0.617916 3.90137 0
      vertex 0 3.95 2.6
      vertex -0.617916 3.90137 2.6
    endloop
  endfacet
  facet normal 0.0784574 -0.996917 0
    outer loop
      vertex 0 3.95 2.6
      vertex -0.617916 3.90137 0
      vertex 0 3.95 0
    endloop
  endfacet
  facet normal 0.649452 0.760402 4.64321e-06
    outer loop
      vertex -2.32175 -3.19562 2.6
      vertex -2.40613 -3.12355 2.3
      vertex -2.79307 -2.79307 2.6
    endloop
  endfacet
  facet normal 0.649462 0.760394 -0
    outer loop
      vertex -2.32175 -3.19562 0
      vertex -2.40613 -3.12355 2.3
      vertex -2.32175 -3.19562 2.6
    endloop
  endfacet
  facet normal 0.649462 0.760394 0
    outer loop
      vertex -2.40613 -3.12355 2.3
      vertex -2.32175 -3.19562 0
      vertex -2.40613 -3.12355 0
    endloop
  endfacet
  facet normal 0.64945 0.760404 0
    outer loop
      vertex -2.79307 -2.79307 2.6
      vertex -2.40613 -3.12355 2.3
      vertex -2.79307 -2.79307 2.3
    endloop
  endfacet
  facet normal 0.972369 0.233451 0
    outer loop
      vertex -3.75667 -1.22062 2.6
      vertex -3.90137 -0.617916 2.3
      vertex -3.90137 -0.617916 2.6
    endloop
  endfacet
  facet normal 0.972369 0.233451 0
    outer loop
      vertex -3.90137 -0.617916 2.3
      vertex -3.75667 -1.22062 2.6
      vertex -3.75667 -1.22062 2.3
    endloop
  endfacet
  facet normal 0.760402 0.649452 0
    outer loop
      vertex -2.79307 -2.79307 2.6
      vertex -3.19562 -2.32175 2.3
      vertex -3.19562 -2.32175 2.6
    endloop
  endfacet
  facet normal 0.760402 0.649452 0
    outer loop
      vertex -3.19562 -2.32175 2.3
      vertex -2.79307 -2.79307 2.6
      vertex -2.79307 -2.79307 2.3
    endloop
  endfacet
  facet normal -0.649452 0.760402 0
    outer loop
      vertex 2.79307 -2.79307 0
      vertex 2.32175 -3.19562 2.6
      vertex 2.79307 -2.79307 2.6
    endloop
  endfacet
  facet normal -0.649452 0.760402 0
    outer loop
      vertex 2.32175 -3.19562 2.6
      vertex 2.79307 -2.79307 0
      vertex 2.32175 -3.19562 0
    endloop
  endfacet
  facet normal 0.972369 -0.233451 0
    outer loop
      vertex -3.90137 0.617916 2.6
      vertex -3.75667 1.22062 2.3
      vertex -3.75667 1.22062 2.6
    endloop
  endfacet
  facet normal 0.972369 -0.233451 0
    outer loop
      vertex -3.75667 1.22062 2.3
      vertex -3.90137 0.617916 2.6
      vertex -3.90137 0.617916 2.3
    endloop
  endfacet
  facet normal -0.38269 0.923877 0
    outer loop
      vertex 1.79326 -3.51947 0
      vertex 1.22062 -3.75667 2.6
      vertex 1.79326 -3.51947 2.6
    endloop
  endfacet
  facet normal -0.38269 0.923877 0
    outer loop
      vertex 1.22062 -3.75667 2.6
      vertex 1.79326 -3.51947 0
      vertex 1.22062 -3.75667 0
    endloop
  endfacet
  facet normal -0.0784574 -0.996917 0
    outer loop
      vertex 0 3.95 0
      vertex 0.617916 3.90137 2.6
      vertex 0 3.95 2.6
    endloop
  endfacet
  facet normal -0.0784574 -0.996917 -0
    outer loop
      vertex 0.617916 3.90137 2.6
      vertex 0 3.95 0
      vertex 0.617916 3.90137 0
    endloop
  endfacet
  facet normal 0.852647 0.522488 0
    outer loop
      vertex -3.19562 -2.32175 2.6
      vertex -3.51947 -1.79326 2.3
      vertex -3.51947 -1.79326 2.6
    endloop
  endfacet
  facet normal 0.852647 0.522488 0
    outer loop
      vertex -3.51947 -1.79326 2.3
      vertex -3.19562 -2.32175 2.6
      vertex -3.19562 -2.32175 2.3
    endloop
  endfacet
  facet normal 0.0784574 0.996917 -0
    outer loop
      vertex 0 -3.95 0
      vertex -0.617916 -3.90137 2.6
      vertex 0 -3.95 2.6
    endloop
  endfacet
  facet normal 0.0784574 0.996917 0
    outer loop
      vertex -0.617916 -3.90137 2.6
      vertex 0 -3.95 0
      vertex -0.617916 -3.90137 0
    endloop
  endfacet
  facet normal 0.522488 0.852647 -0
    outer loop
      vertex -1.79326 -3.51947 0
      vertex -2.32175 -3.19562 2.6
      vertex -1.79326 -3.51947 2.6
    endloop
  endfacet
  facet normal 0.522488 0.852647 0
    outer loop
      vertex -2.32175 -3.19562 2.6
      vertex -1.79326 -3.51947 0
      vertex -2.32175 -3.19562 0
    endloop
  endfacet
  facet normal 0.649471 0.760386 -0
    outer loop
      vertex -16.2931 -1.77984 0
      vertex -16.5556 -1.55563 2.3
      vertex -16.2931 -1.77984 2.3
    endloop
  endfacet
  facet normal 0.649471 0.760386 0
    outer loop
      vertex -16.5556 -1.55563 2.3
      vertex -16.2931 -1.77984 0
      vertex -16.5556 -1.55563 0
    endloop
  endfacet
  facet normal 0.0784616 -0.996917 0
    outer loop
      vertex -15.3442 2.17291 0
      vertex -15 2.2 2.3
      vertex -15.3442 2.17291 2.3
    endloop
  endfacet
  facet normal 0.0784616 -0.996917 0
    outer loop
      vertex -15 2.2 2.3
      vertex -15.3442 2.17291 0
      vertex -15 2.2 0
    endloop
  endfacet
  facet normal 0.760401 0.649454 0
    outer loop
      vertex -16.5556 -1.55563 2.3
      vertex -16.7798 -1.29313 0
      vertex -16.7798 -1.29313 2.3
    endloop
  endfacet
  facet normal 0.760401 0.649454 0
    outer loop
      vertex -16.7798 -1.29313 0
      vertex -16.5556 -1.55563 2.3
      vertex -16.5556 -1.55563 0
    endloop
  endfacet
  facet normal 0.760401 -0.649454 0
    outer loop
      vertex -16.7798 1.29313 2.3
      vertex -16.5556 1.55563 0
      vertex -16.5556 1.55563 2.3
    endloop
  endfacet
  facet normal 0.760401 -0.649454 0
    outer loop
      vertex -16.5556 1.55563 0
      vertex -16.7798 1.29313 2.3
      vertex -16.7798 1.29313 0
    endloop
  endfacet
  facet normal 0.0784616 0.996917 -0
    outer loop
      vertex -15 -2.2 0
      vertex -15.3442 -2.17291 2.3
      vertex -15 -2.2 2.3
    endloop
  endfacet
  facet normal 0.0784616 0.996917 0
    outer loop
      vertex -15.3442 -2.17291 2.3
      vertex -15 -2.2 0
      vertex -15.3442 -2.17291 0
    endloop
  endfacet
  facet normal 0.233499 -0.972357 0
    outer loop
      vertex -15.6798 2.09232 0
      vertex -15.3442 2.17291 2.3
      vertex -15.6798 2.09232 2.3
    endloop
  endfacet
  facet normal 0.233499 -0.972357 0
    outer loop
      vertex -15.3442 2.17291 2.3
      vertex -15.6798 2.09232 0
      vertex -15.3442 2.17291 0
    endloop
  endfacet
  facet normal 0.972363 -0.233472 0
    outer loop
      vertex -17.1729 0.344155 2.3
      vertex -17.0923 0.679837 0
      vertex -17.0923 0.679837 2.3
    endloop
  endfacet
  facet normal 0.972363 -0.233472 0
    outer loop
      vertex -17.0923 0.679837 0
      vertex -17.1729 0.344155 2.3
      vertex -17.1729 0.344155 0
    endloop
  endfacet
  facet normal 0.923889 -0.382659 0
    outer loop
      vertex -17.0923 0.679837 2.3
      vertex -16.9602 0.998778 0
      vertex -16.9602 0.998778 2.3
    endloop
  endfacet
  facet normal 0.923889 -0.382659 0
    outer loop
      vertex -16.9602 0.998778 0
      vertex -17.0923 0.679837 2.3
      vertex -17.0923 0.679837 0
    endloop
  endfacet
  facet normal 0.0731369 -0.997322 0
    outer loop
      vertex -15 2.2 0
      vertex -2.40613 3.12355 2.3
      vertex -15 2.2 2.3
    endloop
  endfacet
  facet normal 0.0731369 -0.997322 0
    outer loop
      vertex -2.40613 3.12355 2.3
      vertex -15 2.2 0
      vertex -2.40613 3.12355 0
    endloop
  endfacet
  facet normal 0.0731369 0.997322 -0
    outer loop
      vertex -2.40613 -3.12355 0
      vertex -15 -2.2 2.3
      vertex -2.40613 -3.12355 2.3
    endloop
  endfacet
  facet normal 0.0731369 0.997322 0
    outer loop
      vertex -15 -2.2 2.3
      vertex -2.40613 -3.12355 0
      vertex -15 -2.2 0
    endloop
  endfacet
  facet normal 0.852613 -0.522542 0
    outer loop
      vertex -16.9602 0.998778 2.3
      vertex -16.7798 1.29313 0
      vertex -16.7798 1.29313 2.3
    endloop
  endfacet
  facet normal 0.852613 -0.522542 0
    outer loop
      vertex -16.7798 1.29313 0
      vertex -16.9602 0.998778 2.3
      vertex -16.9602 0.998778 0
    endloop
  endfacet
  facet normal 0.996914 -0.0785006 0
    outer loop
      vertex -17.2 0 2.3
      vertex -17.1729 0.344155 0
      vertex -17.1729 0.344155 2.3
    endloop
  endfacet
  facet normal 0.996914 -0.0785006 0
    outer loop
      vertex -17.1729 0.344155 0
      vertex -17.2 0 2.3
      vertex -17.2 0 0
    endloop
  endfacet
  facet normal 0.852613 0.522542 0
    outer loop
      vertex -16.7798 -1.29313 2.3
      vertex -16.9602 -0.998778 0
      vertex -16.9602 -0.998778 2.3
    endloop
  endfacet
  facet normal 0.852613 0.522542 0
    outer loop
      vertex -16.9602 -0.998778 0
      vertex -16.7798 -1.29313 2.3
      vertex -16.7798 -1.29313 0
    endloop
  endfacet
  facet normal 0.522546 0.852611 -0
    outer loop
      vertex -15.9988 -1.96021 0
      vertex -16.2931 -1.77984 2.3
      vertex -15.9988 -1.96021 2.3
    endloop
  endfacet
  facet normal 0.522546 0.852611 0
    outer loop
      vertex -16.2931 -1.77984 2.3
      vertex -15.9988 -1.96021 0
      vertex -16.2931 -1.77984 0
    endloop
  endfacet
  facet normal 0.233499 0.972357 -0
    outer loop
      vertex -15.3442 -2.17291 0
      vertex -15.6798 -2.09232 2.3
      vertex -15.3442 -2.17291 2.3
    endloop
  endfacet
  facet normal 0.233499 0.972357 0
    outer loop
      vertex -15.6798 -2.09232 2.3
      vertex -15.3442 -2.17291 0
      vertex -15.6798 -2.09232 0
    endloop
  endfacet
  facet normal 0.522546 -0.852611 0
    outer loop
      vertex -16.2931 1.77984 0
      vertex -15.9988 1.96021 2.3
      vertex -16.2931 1.77984 2.3
    endloop
  endfacet
  facet normal 0.522546 -0.852611 0
    outer loop
      vertex -15.9988 1.96021 2.3
      vertex -16.2931 1.77984 0
      vertex -15.9988 1.96021 0
    endloop
  endfacet
  facet normal 0.649471 -0.760386 0
    outer loop
      vertex -16.5556 1.55563 0
      vertex -16.2931 1.77984 2.3
      vertex -16.5556 1.55563 2.3
    endloop
  endfacet
  facet normal 0.649471 -0.760386 0
    outer loop
      vertex -16.2931 1.77984 2.3
      vertex -16.5556 1.55563 0
      vertex -16.2931 1.77984 0
    endloop
  endfacet
  facet normal 0 0 -1
    outer loop
      vertex -9.16046 -0.132969 2.3
      vertex -3.95 0 2.3
      vertex -3.90137 -0.617916 2.3
    endloop
  endfacet
  facet normal 0 0 -1
    outer loop
      vertex -9.24264 -0.385892 2.3
      vertex -3.90137 -0.617916 2.3
      vertex -3.75667 -1.22062 2.3
    endloop
  endfacet
  facet normal 0 0 -1
    outer loop
      vertex -9.39896 -0.60104 2.3
      vertex -3.75667 -1.22062 2.3
      vertex -3.51947 -1.79326 2.3
    endloop
  endfacet
  facet normal 0 0 -1
    outer loop
      vertex -9.50038 -0.687664 2.3
      vertex -3.51947 -1.79326 2.3
      vertex -3.19562 -2.32175 2.3
    endloop
  endfacet
  facet normal 0 0 -1
    outer loop
      vertex -9.73734 -0.808397 2.3
      vertex -3.19562 -2.32175 2.3
      vertex -2.79307 -2.79307 2.3
    endloop
  endfacet
  facet normal 0 0 -1
    outer loop
      vertex -9.86703 -0.839535 2.3
      vertex -2.79307 -2.79307 2.3
      vertex -2.40613 -3.12355 2.3
    endloop
  endfacet
  facet normal -0 0 -1
    outer loop
      vertex -3.95 0 2.3
      vertex -9.16046 -0.132969 2.3
      vertex -9.15 0 2.3
    endloop
  endfacet
  facet normal 0 0 -1
    outer loop
      vertex -3.90137 -0.617916 2.3
      vertex -9.1916 -0.262664 2.3
      vertex -9.16046 -0.132969 2.3
    endloop
  endfacet
  facet normal 0 0 -1
    outer loop
      vertex -3.90137 -0.617916 2.3
      vertex -9.24264 -0.385892 2.3
      vertex -9.1916 -0.262664 2.3
    endloop
  endfacet
  facet normal 0 0 -1
    outer loop
      vertex -3.75667 -1.22062 2.3
      vertex -9.31234 -0.499617 2.3
      vertex -9.24264 -0.385892 2.3
    endloop
  endfacet
  facet normal 0 0 -1
    outer loop
      vertex -3.75667 -1.22062 2.3
      vertex -9.39896 -0.60104 2.3
      vertex -9.31234 -0.499617 2.3
    endloop
  endfacet
  facet normal 0 0 -1
    outer loop
      vertex -3.51947 -1.79326 2.3
      vertex -9.50038 -0.687664 2.3
      vertex -9.39896 -0.60104 2.3
    endloop
  endfacet
  facet normal 0 0 -1
    outer loop
      vertex -3.19562 -2.32175 2.3
      vertex -9.61411 -0.757355 2.3
      vertex -9.50038 -0.687664 2.3
    endloop
  endfacet
  facet normal 0 0 -1
    outer loop
      vertex -3.19562 -2.32175 2.3
      vertex -9.73734 -0.808397 2.3
      vertex -9.61411 -0.757355 2.3
    endloop
  endfacet
  facet normal 0 0 -1
    outer loop
      vertex -2.79307 -2.79307 2.3
      vertex -9.86703 -0.839535 2.3
      vertex -9.73734 -0.808397 2.3
    endloop
  endfacet
  facet normal 0 0 -1
    outer loop
      vertex -2.40613 -3.12355 2.3
      vertex -10 -0.849999 2.3
      vertex -9.86703 -0.839535 2.3
    endloop
  endfacet
  facet normal 0 0 -1
    outer loop
      vertex -15 -2.2 2.3
      vertex -10 -0.849999 2.3
      vertex -2.40613 -3.12355 2.3
    endloop
  endfacet
  facet normal -0 0 -1
    outer loop
      vertex -10 -0.849999 2.3
      vertex -15 -2.2 2.3
      vertex -10.133 -0.839535 2.3
    endloop
  endfacet
  facet normal 0 0 -1
    outer loop
      vertex -10.8395 -0.132969 2.3
      vertex -12.15 0 2.3
      vertex -10.85 0 2.3
    endloop
  endfacet
  facet normal 0 0 -1
    outer loop
      vertex -12.1605 -0.132969 2.3
      vertex -10.8395 -0.132969 2.3
      vertex -10.8084 -0.262664 2.3
    endloop
  endfacet
  facet normal 0 0 -1
    outer loop
      vertex -12.1916 -0.262664 2.3
      vertex -10.8084 -0.262664 2.3
      vertex -10.7574 -0.385892 2.3
    endloop
  endfacet
  facet normal 0 0 -1
    outer loop
      vertex -12.2426 -0.385892 2.3
      vertex -10.7574 -0.385892 2.3
      vertex -10.6877 -0.499617 2.3
    endloop
  endfacet
  facet normal 0 0 -1
    outer loop
      vertex -12.3123 -0.499617 2.3
      vertex -10.6877 -0.499617 2.3
      vertex -10.601 -0.60104 2.3
    endloop
  endfacet
  facet normal 0 0 -1
    outer loop
      vertex -12.399 -0.60104 2.3
      vertex -10.601 -0.60104 2.3
      vertex -10.4996 -0.687664 2.3
    endloop
  endfacet
  facet normal 0 0 -1
    outer loop
      vertex -12.5004 -0.687664 2.3
      vertex -10.4996 -0.687664 2.3
      vertex -10.3859 -0.757355 2.3
    endloop
  endfacet
  facet normal 0 0 -1
    outer loop
      vertex -10.8395 -0.132969 2.3
      vertex -12.1605 -0.132969 2.3
      vertex -12.15 0 2.3
    endloop
  endfacet
  facet normal 0 0 -1
    outer loop
      vertex -12.6141 -0.757355 2.3
      vertex -10.3859 -0.757355 2.3
      vertex -10.2627 -0.808397 2.3
    endloop
  endfacet
  facet normal 0 0 -1
    outer loop
      vertex -10.8084 -0.262664 2.3
      vertex -12.1916 -0.262664 2.3
      vertex -12.1605 -0.132969 2.3
    endloop
  endfacet
  facet normal -0 0 -1
    outer loop
      vertex -10.133 -0.839535 2.3
      vertex -15 -2.2 2.3
      vertex -10.2627 -0.808397 2.3
    endloop
  endfacet
  facet normal 0 0 -1
    outer loop
      vertex -10.7574 -0.385892 2.3
      vertex -12.2426 -0.385892 2.3
      vertex -12.1916 -0.262664 2.3
    endloop
  endfacet
  facet normal 0 0 -1
    outer loop
      vertex -10.6877 -0.499617 2.3
      vertex -12.3123 -0.499617 2.3
      vertex -12.2426 -0.385892 2.3
    endloop
  endfacet
  facet normal 0 0 -1
    outer loop
      vertex -10.601 -0.60104 2.3
      vertex -12.399 -0.60104 2.3
      vertex -12.3123 -0.499617 2.3
    endloop
  endfacet
  facet normal 0 0 -1
    outer loop
      vertex -10.4996 -0.687664 2.3
      vertex -12.5004 -0.687664 2.3
      vertex -12.399 -0.60104 2.3
    endloop
  endfacet
  facet normal 0 0 -1
    outer loop
      vertex -10.3859 -0.757355 2.3
      vertex -12.6141 -0.757355 2.3
      vertex -12.5004 -0.687664 2.3
    endloop
  endfacet
  facet normal 0 0 -1
    outer loop
      vertex -10.2627 -0.808397 2.3
      vertex -12.7373 -0.808397 2.3
      vertex -12.6141 -0.757355 2.3
    endloop
  endfacet
  facet normal -0 0 -1
    outer loop
      vertex -10.2627 -0.808397 2.3
      vertex -15 -2.2 2.3
      vertex -12.7373 -0.808397 2.3
    endloop
  endfacet
  facet normal 0 0 -1
    outer loop
      vertex -12.7373 -0.808397 2.3
      vertex -15 -2.2 2.3
      vertex -12.867 -0.839535 2.3
    endloop
  endfacet
  facet normal 0 0 -1
    outer loop
      vertex -12.867 -0.839535 2.3
      vertex -15 -2.2 2.3
      vertex -13 -0.849999 2.3
    endloop
  endfacet
  facet normal 0 0 -1
    outer loop
      vertex -15.6798 -2.09232 2.3
      vertex -13.8084 -0.262664 2.3
      vertex -15.3442 -2.17291 2.3
    endloop
  endfacet
  facet normal 0 0 -1
    outer loop
      vertex -15.3442 -2.17291 2.3
      vertex -13.8084 -0.262664 2.3
      vertex -15 -2.2 2.3
    endloop
  endfacet
  facet normal -0 0 -1
    outer loop
      vertex -13.7574 -0.385892 2.3
      vertex -15 -2.2 2.3
      vertex -13.8084 -0.262664 2.3
    endloop
  endfacet
  facet normal -0 0 -1
    outer loop
      vertex -13.6877 -0.499617 2.3
      vertex -15 -2.2 2.3
      vertex -13.7574 -0.385892 2.3
    endloop
  endfacet
  facet normal -0 0 -1
    outer loop
      vertex -13.601 -0.60104 2.3
      vertex -15 -2.2 2.3
      vertex -13.6877 -0.499617 2.3
    endloop
  endfacet
  facet normal -0 0 -1
    outer loop
      vertex -13.4996 -0.687664 2.3
      vertex -15 -2.2 2.3
      vertex -13.601 -0.60104 2.3
    endloop
  endfacet
  facet normal -0 0 -1
    outer loop
      vertex -13.3859 -0.757355 2.3
      vertex -15 -2.2 2.3
      vertex -13.4996 -0.687664 2.3
    endloop
  endfacet
  facet normal -0 0 -1
    outer loop
      vertex -13.2627 -0.808397 2.3
      vertex -15 -2.2 2.3
      vertex -13.3859 -0.757355 2.3
    endloop
  endfacet
  facet normal -0 0 -1
    outer loop
      vertex -13.133 -0.839535 2.3
      vertex -15 -2.2 2.3
      vertex -13.2627 -0.808397 2.3
    endloop
  endfacet
  facet normal -0 0 -1
    outer loop
      vertex -13 -0.849999 2.3
      vertex -15 -2.2 2.3
      vertex -13.133 -0.839535 2.3
    endloop
  endfacet
  facet normal 0 0 -1
    outer loop
      vertex -9.16046 0.132969 2.3
      vertex -3.95 0 2.3
      vertex -9.15 0 2.3
    endloop
  endfacet
  facet normal 0 0 -1
    outer loop
      vertex -3.95 0 2.3
      vertex -9.16046 0.132969 2.3
      vertex -3.90137 0.617916 2.3
    endloop
  endfacet
  facet normal 0 0 -1
    outer loop
      vertex -9.1916 0.262664 2.3
      vertex -3.90137 0.617916 2.3
      vertex -9.16046 0.132969 2.3
    endloop
  endfacet
  facet normal 0 0 -1
    outer loop
      vertex -9.24264 0.385892 2.3
      vertex -3.90137 0.617916 2.3
      vertex -9.1916 0.262664 2.3
    endloop
  endfacet
  facet normal -0 0 -1
    outer loop
      vertex -3.90137 0.617916 2.3
      vertex -9.24264 0.385892 2.3
      vertex -3.75667 1.22062 2.3
    endloop
  endfacet
  facet normal 0 0 -1
    outer loop
      vertex -9.31234 0.499617 2.3
      vertex -3.75667 1.22062 2.3
      vertex -9.24264 0.385892 2.3
    endloop
  endfacet
  facet normal 0 0 -1
    outer loop
      vertex -9.39896 0.60104 2.3
      vertex -3.75667 1.22062 2.3
      vertex -9.31234 0.499617 2.3
    endloop
  endfacet
  facet normal -0 0 -1
    outer loop
      vertex -3.75667 1.22062 2.3
      vertex -9.39896 0.60104 2.3
      vertex -3.51947 1.79326 2.3
    endloop
  endfacet
  facet normal 0 0 -1
    outer loop
      vertex -9.50038 0.687664 2.3
      vertex -3.51947 1.79326 2.3
      vertex -9.39896 0.60104 2.3
    endloop
  endfacet
  facet normal -0 0 -1
    outer loop
      vertex -3.51947 1.79326 2.3
      vertex -9.50038 0.687664 2.3
      vertex -3.19562 2.32175 2.3
    endloop
  endfacet
  facet normal 0 0 -1
    outer loop
      vertex -9.61411 0.757355 2.3
      vertex -3.19562 2.32175 2.3
      vertex -9.50038 0.687664 2.3
    endloop
  endfacet
  facet normal 0 0 -1
    outer loop
      vertex -9.73734 0.808397 2.3
      vertex -3.19562 2.32175 2.3
      vertex -9.61411 0.757355 2.3
    endloop
  endfacet
  facet normal -0 0 -1
    outer loop
      vertex -3.19562 2.32175 2.3
      vertex -9.73734 0.808397 2.3
      vertex -2.79307 2.79307 2.3
    endloop
  endfacet
  facet normal 0 0 -1
    outer loop
      vertex -9.86703 0.839535 2.3
      vertex -2.79307 2.79307 2.3
      vertex -9.73734 0.808397 2.3
    endloop
  endfacet
  facet normal -0 0 -1
    outer loop
      vertex -2.79307 2.79307 2.3
      vertex -9.86703 0.839535 2.3
      vertex -2.40613 3.12355 2.3
    endloop
  endfacet
  facet normal 0 0 -1
    outer loop
      vertex -10 0.849999 2.3
      vertex -2.40613 3.12355 2.3
      vertex -9.86703 0.839535 2.3
    endloop
  endfacet
  facet normal 0 0 -1
    outer loop
      vertex -15 2.2 2.3
      vertex -10 0.849999 2.3
      vertex -10.133 0.839535 2.3
    endloop
  endfacet
  facet normal 0 0 -1
    outer loop
      vertex -15 2.2 2.3
      vertex -10.133 0.839535 2.3
      vertex -10.2627 0.808397 2.3
    endloop
  endfacet
  facet normal 0 0 -1
    outer loop
      vertex -12.15 0 2.3
      vertex -10.8395 0.132969 2.3
      vertex -10.85 0 2.3
    endloop
  endfacet
  facet normal 0 0 -1
    outer loop
      vertex -12.1605 0.132969 2.3
      vertex -10.8395 0.132969 2.3
      vertex -12.15 0 2.3
    endloop
  endfacet
  facet normal 0 0 -1
    outer loop
      vertex -10.8395 0.132969 2.3
      vertex -12.1605 0.132969 2.3
      vertex -10.8084 0.262664 2.3
    endloop
  endfacet
  facet normal 0 0 -1
    outer loop
      vertex -12.1916 0.262664 2.3
      vertex -10.8084 0.262664 2.3
      vertex -12.1605 0.132969 2.3
    endloop
  endfacet
  facet normal 0 0 -1
    outer loop
      vertex -10.8084 0.262664 2.3
      vertex -12.1916 0.262664 2.3
      vertex -10.7574 0.385892 2.3
    endloop
  endfacet
  facet normal 0 0 -1
    outer loop
      vertex -12.2426 0.385892 2.3
      vertex -10.7574 0.385892 2.3
      vertex -12.1916 0.262664 2.3
    endloop
  endfacet
  facet normal 0 0 -1
    outer loop
      vertex -10.7574 0.385892 2.3
      vertex -12.2426 0.385892 2.3
      vertex -10.6877 0.499617 2.3
    endloop
  endfacet
  facet normal 0 0 -1
    outer loop
      vertex -12.3123 0.499617 2.3
      vertex -10.6877 0.499617 2.3
      vertex -12.2426 0.385892 2.3
    endloop
  endfacet
  facet normal 0 0 -1
    outer loop
      vertex -10.6877 0.499617 2.3
      vertex -12.3123 0.499617 2.3
      vertex -10.601 0.60104 2.3
    endloop
  endfacet
  facet normal 0 0 -1
    outer loop
      vertex -12.399 0.60104 2.3
      vertex -10.601 0.60104 2.3
      vertex -12.3123 0.499617 2.3
    endloop
  endfacet
  facet normal 0 0 -1
    outer loop
      vertex -10.601 0.60104 2.3
      vertex -12.399 0.60104 2.3
      vertex -10.4996 0.687664 2.3
    endloop
  endfacet
  facet normal 0 0 -1
    outer loop
      vertex -12.5004 0.687664 2.3
      vertex -10.4996 0.687664 2.3
      vertex -12.399 0.60104 2.3
    endloop
  endfacet
  facet normal 0 0 -1
    outer loop
      vertex -10.4996 0.687664 2.3
      vertex -12.5004 0.687664 2.3
      vertex -10.3859 0.757355 2.3
    endloop
  endfacet
  facet normal 0 0 -1
    outer loop
      vertex -12.6141 0.757355 2.3
      vertex -10.3859 0.757355 2.3
      vertex -12.5004 0.687664 2.3
    endloop
  endfacet
  facet normal 0 0 -1
    outer loop
      vertex -10.3859 0.757355 2.3
      vertex -12.6141 0.757355 2.3
      vertex -10.2627 0.808397 2.3
    endloop
  endfacet
  facet normal 0 0 -1
    outer loop
      vertex -12.7373 0.808397 2.3
      vertex -10.2627 0.808397 2.3
      vertex -12.6141 0.757355 2.3
    endloop
  endfacet
  facet normal 0 0 -1
    outer loop
      vertex -15 2.2 2.3
      vertex -10.2627 0.808397 2.3
      vertex -12.7373 0.808397 2.3
    endloop
  endfacet
  facet normal 0 0 -1
    outer loop
      vertex -15 2.2 2.3
      vertex -12.7373 0.808397 2.3
      vertex -12.867 0.839535 2.3
    endloop
  endfacet
  facet normal 0 0 -1
    outer loop
      vertex -15 2.2 2.3
      vertex -12.867 0.839535 2.3
      vertex -13 0.849999 2.3
    endloop
  endfacet
  facet normal 0 0 -1
    outer loop
      vertex -15 2.2 2.3
      vertex -13 0.849999 2.3
      vertex -13.133 0.839535 2.3
    endloop
  endfacet
  facet normal 0 0 -1
    outer loop
      vertex -15.9988 -1.96021 2.3
      vertex -13.8084 -0.262664 2.3
      vertex -15.6798 -2.09232 2.3
    endloop
  endfacet
  facet normal -0 0 -1
    outer loop
      vertex -13.8084 -0.262664 2.3
      vertex -15.9988 -1.96021 2.3
      vertex -13.8395 -0.132969 2.3
    endloop
  endfacet
  facet normal 0 0 -1
    outer loop
      vertex -16.2931 -1.77984 2.3
      vertex -13.8395 -0.132969 2.3
      vertex -15.9988 -1.96021 2.3
    endloop
  endfacet
  facet normal 0 0 -1
    outer loop
      vertex -10 0.849999 2.3
      vertex -15 2.2 2.3
      vertex -2.40613 3.12355 2.3
    endloop
  endfacet
  facet normal 0 0 -1
    outer loop
      vertex -13.2627 0.808397 2.3
      vertex -15 2.2 2.3
      vertex -13.133 0.839535 2.3
    endloop
  endfacet
  facet normal 0 0 -1
    outer loop
      vertex -13.3859 0.757355 2.3
      vertex -15 2.2 2.3
      vertex -13.2627 0.808397 2.3
    endloop
  endfacet
  facet normal 0 0 -1
    outer loop
      vertex -13.4996 0.687664 2.3
      vertex -15 2.2 2.3
      vertex -13.3859 0.757355 2.3
    endloop
  endfacet
  facet normal 0 0 -1
    outer loop
      vertex -13.601 0.60104 2.3
      vertex -15 2.2 2.3
      vertex -13.4996 0.687664 2.3
    endloop
  endfacet
  facet normal 0 0 -1
    outer loop
      vertex -13.6877 0.499617 2.3
      vertex -15 2.2 2.3
      vertex -13.601 0.60104 2.3
    endloop
  endfacet
  facet normal 0 0 -1
    outer loop
      vertex -13.7574 0.385892 2.3
      vertex -15 2.2 2.3
      vertex -13.6877 0.499617 2.3
    endloop
  endfacet
  facet normal 0 0 -1
    outer loop
      vertex -16.5556 -1.55563 2.3
      vertex -13.8395 -0.132969 2.3
      vertex -16.2931 -1.77984 2.3
    endloop
  endfacet
  facet normal 0 0 -1
    outer loop
      vertex -16.7798 -1.29313 2.3
      vertex -13.8395 -0.132969 2.3
      vertex -16.5556 -1.55563 2.3
    endloop
  endfacet
  facet normal 0 0 -1
    outer loop
      vertex -13.8084 0.262664 2.3
      vertex -15 2.2 2.3
      vertex -13.7574 0.385892 2.3
    endloop
  endfacet
  facet normal 0 0 -1
    outer loop
      vertex -16.9602 -0.998778 2.3
      vertex -13.8395 -0.132969 2.3
      vertex -16.7798 -1.29313 2.3
    endloop
  endfacet
  facet normal 0 -0 -1
    outer loop
      vertex -15 2.2 2.3
      vertex -13.8084 0.262664 2.3
      vertex -15.3442 2.17291 2.3
    endloop
  endfacet
  facet normal -0 0 -1
    outer loop
      vertex -13.8395 -0.132969 2.3
      vertex -16.9602 -0.998778 2.3
      vertex -13.85 0 2.3
    endloop
  endfacet
  facet normal 0 -0 -1
    outer loop
      vertex -15.3442 2.17291 2.3
      vertex -13.8084 0.262664 2.3
      vertex -15.6798 2.09232 2.3
    endloop
  endfacet
  facet normal 0 0 -1
    outer loop
      vertex -17.0923 -0.679837 2.3
      vertex -13.85 0 2.3
      vertex -16.9602 -0.998778 2.3
    endloop
  endfacet
  facet normal 0 -0 -1
    outer loop
      vertex -15.6798 2.09232 2.3
      vertex -13.8084 0.262664 2.3
      vertex -15.9988 1.96021 2.3
    endloop
  endfacet
  facet normal 0 0 -1
    outer loop
      vertex -17.1729 -0.344155 2.3
      vertex -13.85 0 2.3
      vertex -17.0923 -0.679837 2.3
    endloop
  endfacet
  facet normal 0 -0 -1
    outer loop
      vertex -15.9988 1.96021 2.3
      vertex -13.8084 0.262664 2.3
      vertex -16.2931 1.77984 2.3
    endloop
  endfacet
  facet normal 0 0 -1
    outer loop
      vertex -17.2 0 2.3
      vertex -13.85 0 2.3
      vertex -17.1729 -0.344155 2.3
    endloop
  endfacet
  facet normal 0 0 -1
    outer loop
      vertex -13.8395 0.132969 2.3
      vertex -16.2931 1.77984 2.3
      vertex -13.8084 0.262664 2.3
    endloop
  endfacet
  facet normal 0 -0 -1
    outer loop
      vertex -17.1729 0.344155 2.3
      vertex -13.85 0 2.3
      vertex -17.2 0 2.3
    endloop
  endfacet
  facet normal 0 -0 -1
    outer loop
      vertex -16.2931 1.77984 2.3
      vertex -13.8395 0.132969 2.3
      vertex -16.5556 1.55563 2.3
    endloop
  endfacet
  facet normal 0 -0 -1
    outer loop
      vertex -17.0923 0.679837 2.3
      vertex -13.85 0 2.3
      vertex -17.1729 0.344155 2.3
    endloop
  endfacet
  facet normal 0 -0 -1
    outer loop
      vertex -16.5556 1.55563 2.3
      vertex -13.8395 0.132969 2.3
      vertex -16.7798 1.29313 2.3
    endloop
  endfacet
  facet normal 0 0 -1
    outer loop
      vertex -13.85 0 2.3
      vertex -17.0923 0.679837 2.3
      vertex -13.8395 0.132969 2.3
    endloop
  endfacet
  facet normal 0 -0 -1
    outer loop
      vertex -16.7798 1.29313 2.3
      vertex -13.8395 0.132969 2.3
      vertex -16.9602 0.998778 2.3
    endloop
  endfacet
  facet normal 0 -0 -1
    outer loop
      vertex -16.9602 0.998778 2.3
      vertex -13.8395 0.132969 2.3
      vertex -17.0923 0.679837 2.3
    endloop
  endfacet
  facet normal 0.382624 0.923904 -0
    outer loop
      vertex -15.6798 -2.09232 0
      vertex -15.9988 -1.96021 2.3
      vertex -15.6798 -2.09232 2.3
    endloop
  endfacet
  facet normal 0.382624 0.923904 0
    outer loop
      vertex -15.9988 -1.96021 2.3
      vertex -15.6798 -2.09232 0
      vertex -15.9988 -1.96021 0
    endloop
  endfacet
  facet normal 0.923889 0.382659 0
    outer loop
      vertex -16.9602 -0.998778 2.3
      vertex -17.0923 -0.679837 0
      vertex -17.0923 -0.679837 2.3
    endloop
  endfacet
  facet normal 0.923889 0.382659 0
    outer loop
      vertex -17.0923 -0.679837 0
      vertex -16.9602 -0.998778 2.3
      vertex -16.9602 -0.998778 0
    endloop
  endfacet
  facet normal 0.996914 0.0785006 0
    outer loop
      vertex -17.1729 -0.344155 2.3
      vertex -17.2 0 0
      vertex -17.2 0 2.3
    endloop
  endfacet
  facet normal 0.996914 0.0785006 0
    outer loop
      vertex -17.2 0 0
      vertex -17.1729 -0.344155 2.3
      vertex -17.1729 -0.344155 0
    endloop
  endfacet
  facet normal 0.382624 -0.923904 0
    outer loop
      vertex -15.9988 1.96021 0
      vertex -15.6798 2.09232 2.3
      vertex -15.9988 1.96021 2.3
    endloop
  endfacet
  facet normal 0.382624 -0.923904 0
    outer loop
      vertex -15.6798 2.09232 2.3
      vertex -15.9988 1.96021 0
      vertex -15.6798 2.09232 0
    endloop
  endfacet
  facet normal 0.972363 0.233472 0
    outer loop
      vertex -17.0923 -0.679837 2.3
      vertex -17.1729 -0.344155 0
      vertex -17.1729 -0.344155 2.3
    endloop
  endfacet
  facet normal 0.972363 0.233472 0
    outer loop
      vertex -17.1729 -0.344155 0
      vertex -17.0923 -0.679837 2.3
      vertex -17.0923 -0.679837 0
    endloop
  endfacet
  facet normal 0.972371 -0.233441 0
    outer loop
      vertex -2.2223 0.351977 15
      vertex -2.13988 0.695288 2.6
      vertex -2.13988 0.695288 15
    endloop
  endfacet
  facet normal 0.972371 -0.233441 0
    outer loop
      vertex -2.13988 0.695288 2.6
      vertex -2.2223 0.351977 15
      vertex -2.2223 0.351977 2.6
    endloop
  endfacet
  facet normal 0.996918 -0.0784557 0
    outer loop
      vertex -2.25 0 15
      vertex -2.2223 0.351977 2.6
      vertex -2.2223 0.351977 15
    endloop
  endfacet
  facet normal 0.996918 -0.0784557 0
    outer loop
      vertex -2.2223 0.351977 2.6
      vertex -2.25 0 15
      vertex -2.25 0 2.6
    endloop
  endfacet
  facet normal -0.85265 0.522483 0
    outer loop
      vertex 1.82029 -1.32252 2.6
      vertex 2.00476 -1.02148 15
      vertex 2.00476 -1.02148 2.6
    endloop
  endfacet
  facet normal -0.85265 0.522483 0
    outer loop
      vertex 2.00476 -1.02148 15
      vertex 1.82029 -1.32252 2.6
      vertex 1.82029 -1.32252 15
    endloop
  endfacet
  facet normal 0.996918 0.0784557 0
    outer loop
      vertex -2.2223 -0.351977 15
      vertex -2.25 0 2.6
      vertex -2.25 0 15
    endloop
  endfacet
  facet normal 0.996918 0.0784557 0
    outer loop
      vertex -2.25 0 2.6
      vertex -2.2223 -0.351977 15
      vertex -2.2223 -0.351977 2.6
    endloop
  endfacet
  facet normal 0.85265 0.522483 0
    outer loop
      vertex -1.82029 -1.32252 15
      vertex -2.00476 -1.02148 2.6
      vertex -2.00476 -1.02148 15
    endloop
  endfacet
  facet normal 0.85265 0.522483 0
    outer loop
      vertex -2.00476 -1.02148 2.6
      vertex -1.82029 -1.32252 15
      vertex -1.82029 -1.32252 2.6
    endloop
  endfacet
  facet normal -0.0784557 -0.996918 0
    outer loop
      vertex 0 2.25 2.6
      vertex 0.351977 2.2223 15
      vertex 0 2.25 15
    endloop
  endfacet
  facet normal -0.0784557 -0.996918 -0
    outer loop
      vertex 0.351977 2.2223 15
      vertex 0 2.25 2.6
      vertex 0.351977 2.2223 2.6
    endloop
  endfacet
  facet normal -0.923873 0.3827 0
    outer loop
      vertex 2.00476 -1.02148 2.6
      vertex 2.13988 -0.695288 15
      vertex 2.13988 -0.695288 2.6
    endloop
  endfacet
  facet normal -0.923873 0.3827 0
    outer loop
      vertex 2.13988 -0.695288 15
      vertex 2.00476 -1.02148 2.6
      vertex 2.00476 -1.02148 15
    endloop
  endfacet
  facet normal -0.760399 -0.649456 0
    outer loop
      vertex 1.82029 1.32252 2.6
      vertex 1.59099 1.59099 15
      vertex 1.59099 1.59099 2.6
    endloop
  endfacet
  facet normal -0.760399 -0.649456 0
    outer loop
      vertex 1.59099 1.59099 15
      vertex 1.82029 1.32252 2.6
      vertex 1.82029 1.32252 15
    endloop
  endfacet
  facet normal -0.522483 0.85265 0
    outer loop
      vertex 1.32252 -1.82029 2.6
      vertex 1.02148 -2.00476 15
      vertex 1.32252 -1.82029 15
    endloop
  endfacet
  facet normal -0.522483 0.85265 0
    outer loop
      vertex 1.02148 -2.00476 15
      vertex 1.32252 -1.82029 2.6
      vertex 1.02148 -2.00476 2.6
    endloop
  endfacet
  facet normal 0.3827 -0.923873 0
    outer loop
      vertex -1.02148 2.00476 2.6
      vertex -0.695288 2.13988 15
      vertex -1.02148 2.00476 15
    endloop
  endfacet
  facet normal 0.3827 -0.923873 0
    outer loop
      vertex -0.695288 2.13988 15
      vertex -1.02148 2.00476 2.6
      vertex -0.695288 2.13988 2.6
    endloop
  endfacet
  facet normal 0.0784557 0.996918 -0
    outer loop
      vertex 0 -2.25 2.6
      vertex -0.351977 -2.2223 15
      vertex 0 -2.25 15
    endloop
  endfacet
  facet normal 0.0784557 0.996918 0
    outer loop
      vertex -0.351977 -2.2223 15
      vertex 0 -2.25 2.6
      vertex -0.351977 -2.2223 2.6
    endloop
  endfacet
  facet normal -0.996918 -0.0784557 0
    outer loop
      vertex 2.25 0 2.6
      vertex 2.2223 0.351977 15
      vertex 2.2223 0.351977 2.6
    endloop
  endfacet
  facet normal -0.996918 -0.0784557 0
    outer loop
      vertex 2.2223 0.351977 15
      vertex 2.25 0 2.6
      vertex 2.25 0 15
    endloop
  endfacet
  facet normal 0.85265 -0.522483 0
    outer loop
      vertex -2.00476 1.02148 15
      vertex -1.82029 1.32252 2.6
      vertex -1.82029 1.32252 15
    endloop
  endfacet
  facet normal 0.85265 -0.522483 0
    outer loop
      vertex -1.82029 1.32252 2.6
      vertex -2.00476 1.02148 15
      vertex -2.00476 1.02148 2.6
    endloop
  endfacet
  facet normal -0.3827 0.923873 0
    outer loop
      vertex 1.02148 -2.00476 2.6
      vertex 0.695288 -2.13988 15
      vertex 1.02148 -2.00476 15
    endloop
  endfacet
  facet normal -0.3827 0.923873 0
    outer loop
      vertex 0.695288 -2.13988 15
      vertex 1.02148 -2.00476 2.6
      vertex 0.695288 -2.13988 2.6
    endloop
  endfacet
  facet normal 0.760399 -0.649456 0
    outer loop
      vertex -1.82029 1.32252 15
      vertex -1.59099 1.59099 2.6
      vertex -1.59099 1.59099 15
    endloop
  endfacet
  facet normal 0.760399 -0.649456 0
    outer loop
      vertex -1.59099 1.59099 2.6
      vertex -1.82029 1.32252 15
      vertex -1.82029 1.32252 2.6
    endloop
  endfacet
  facet normal 0.233441 0.972371 -0
    outer loop
      vertex -0.351977 -2.2223 2.6
      vertex -0.695288 -2.13988 15
      vertex -0.351977 -2.2223 15
    endloop
  endfacet
  facet normal 0.233441 0.972371 0
    outer loop
      vertex -0.695288 -2.13988 15
      vertex -0.351977 -2.2223 2.6
      vertex -0.695288 -2.13988 2.6
    endloop
  endfacet
  facet normal 0.522483 0.85265 -0
    outer loop
      vertex -1.02148 -2.00476 2.6
      vertex -1.32252 -1.82029 15
      vertex -1.02148 -2.00476 15
    endloop
  endfacet
  facet normal 0.522483 0.85265 0
    outer loop
      vertex -1.32252 -1.82029 15
      vertex -1.02148 -2.00476 2.6
      vertex -1.32252 -1.82029 2.6
    endloop
  endfacet
  facet normal -0.649456 0.760399 0
    outer loop
      vertex 1.59099 -1.59099 2.6
      vertex 1.32252 -1.82029 15
      vertex 1.59099 -1.59099 15
    endloop
  endfacet
  facet normal -0.649456 0.760399 0
    outer loop
      vertex 1.32252 -1.82029 15
      vertex 1.59099 -1.59099 2.6
      vertex 1.32252 -1.82029 2.6
    endloop
  endfacet
  facet normal -0.996918 0.0784557 0
    outer loop
      vertex 2.2223 -0.351977 2.6
      vertex 2.25 0 15
      vertex 2.25 0 2.6
    endloop
  endfacet
  facet normal -0.996918 0.0784557 0
    outer loop
      vertex 2.25 0 15
      vertex 2.2223 -0.351977 2.6
      vertex 2.2223 -0.351977 15
    endloop
  endfacet
  facet normal -0.972371 0.233441 0
    outer loop
      vertex 2.13988 -0.695288 2.6
      vertex 2.2223 -0.351977 15
      vertex 2.2223 -0.351977 2.6
    endloop
  endfacet
  facet normal -0.972371 0.233441 0
    outer loop
      vertex 2.2223 -0.351977 15
      vertex 2.13988 -0.695288 2.6
      vertex 2.13988 -0.695288 15
    endloop
  endfacet
  facet normal -0.0784557 0.996918 0
    outer loop
      vertex 0.351977 -2.2223 2.6
      vertex 0 -2.25 15
      vertex 0.351977 -2.2223 15
    endloop
  endfacet
  facet normal -0.0784557 0.996918 0
    outer loop
      vertex 0 -2.25 15
      vertex 0.351977 -2.2223 2.6
      vertex 0 -2.25 2.6
    endloop
  endfacet
  facet normal 0.760399 0.649456 0
    outer loop
      vertex -1.59099 -1.59099 15
      vertex -1.82029 -1.32252 2.6
      vertex -1.82029 -1.32252 15
    endloop
  endfacet
  facet normal 0.760399 0.649456 0
    outer loop
      vertex -1.82029 -1.32252 2.6
      vertex -1.59099 -1.59099 15
      vertex -1.59099 -1.59099 2.6
    endloop
  endfacet
  facet normal 0.0784557 -0.996918 0
    outer loop
      vertex -0.351977 2.2223 2.6
      vertex 0 2.25 15
      vertex -0.351977 2.2223 15
    endloop
  endfacet
  facet normal 0.0784557 -0.996918 0
    outer loop
      vertex 0 2.25 15
      vertex -0.351977 2.2223 2.6
      vertex 0 2.25 2.6
    endloop
  endfacet
  facet normal 0.923873 0.3827 0
    outer loop
      vertex -2.00476 -1.02148 15
      vertex -2.13988 -0.695288 2.6
      vertex -2.13988 -0.695288 15
    endloop
  endfacet
  facet normal 0.923873 0.3827 0
    outer loop
      vertex -2.13988 -0.695288 2.6
      vertex -2.00476 -1.02148 15
      vertex -2.00476 -1.02148 2.6
    endloop
  endfacet
  facet normal 0.522483 -0.85265 0
    outer loop
      vertex -1.32252 1.82029 2.6
      vertex -1.02148 2.00476 15
      vertex -1.32252 1.82029 15
    endloop
  endfacet
  facet normal 0.522483 -0.85265 0
    outer loop
      vertex -1.02148 2.00476 15
      vertex -1.32252 1.82029 2.6
      vertex -1.02148 2.00476 2.6
    endloop
  endfacet
  facet normal 0.233441 -0.972371 0
    outer loop
      vertex -0.695288 2.13988 2.6
      vertex -0.351977 2.2223 15
      vertex -0.695288 2.13988 15
    endloop
  endfacet
  facet normal 0.233441 -0.972371 0
    outer loop
      vertex -0.351977 2.2223 15
      vertex -0.695288 2.13988 2.6
      vertex -0.351977 2.2223 2.6
    endloop
  endfacet
  facet normal -0.760399 0.649456 0
    outer loop
      vertex 1.59099 -1.59099 2.6
      vertex 1.82029 -1.32252 15
      vertex 1.82029 -1.32252 2.6
    endloop
  endfacet
  facet normal -0.760399 0.649456 0
    outer loop
      vertex 1.82029 -1.32252 15
      vertex 1.59099 -1.59099 2.6
      vertex 1.59099 -1.59099 15
    endloop
  endfacet
  facet normal 0.972371 0.233441 0
    outer loop
      vertex -2.13988 -0.695288 15
      vertex -2.2223 -0.351977 2.6
      vertex -2.2223 -0.351977 15
    endloop
  endfacet
  facet normal 0.972371 0.233441 0
    outer loop
      vertex -2.2223 -0.351977 2.6
      vertex -2.13988 -0.695288 15
      vertex -2.13988 -0.695288 2.6
    endloop
  endfacet
  facet normal 0.649456 -0.760399 0
    outer loop
      vertex -1.59099 1.59099 2.6
      vertex -1.32252 1.82029 15
      vertex -1.59099 1.59099 15
    endloop
  endfacet
  facet normal 0.649456 -0.760399 0
    outer loop
      vertex -1.32252 1.82029 15
      vertex -1.59099 1.59099 2.6
      vertex -1.32252 1.82029 2.6
    endloop
  endfacet
  facet normal -0.233441 0.972371 0
    outer loop
      vertex 0.695288 -2.13988 2.6
      vertex 0.351977 -2.2223 15
      vertex 0.695288 -2.13988 15
    endloop
  endfacet
  facet normal -0.233441 0.972371 0
    outer loop
      vertex 0.351977 -2.2223 15
      vertex 0.695288 -2.13988 2.6
      vertex 0.351977 -2.2223 2.6
    endloop
  endfacet
  facet normal 0.3827 0.923873 -0
    outer loop
      vertex -0.695288 -2.13988 2.6
      vertex -1.02148 -2.00476 15
      vertex -0.695288 -2.13988 15
    endloop
  endfacet
  facet normal 0.3827 0.923873 0
    outer loop
      vertex -1.02148 -2.00476 15
      vertex -0.695288 -2.13988 2.6
      vertex -1.02148 -2.00476 2.6
    endloop
  endfacet
  facet normal -0.972371 -0.233441 0
    outer loop
      vertex 2.2223 0.351977 2.6
      vertex 2.13988 0.695288 15
      vertex 2.13988 0.695288 2.6
    endloop
  endfacet
  facet normal -0.972371 -0.233441 0
    outer loop
      vertex 2.13988 0.695288 15
      vertex 2.2223 0.351977 2.6
      vertex 2.2223 0.351977 15
    endloop
  endfacet
  facet normal 0.649456 0.760399 -0
    outer loop
      vertex -1.32252 -1.82029 2.6
      vertex -1.59099 -1.59099 15
      vertex -1.32252 -1.82029 15
    endloop
  endfacet
  facet normal 0.649456 0.760399 0
    outer loop
      vertex -1.59099 -1.59099 15
      vertex -1.32252 -1.82029 2.6
      vertex -1.59099 -1.59099 2.6
    endloop
  endfacet
  facet normal -0.923873 -0.3827 0
    outer loop
      vertex 2.13988 0.695288 2.6
      vertex 2.00476 1.02148 15
      vertex 2.00476 1.02148 2.6
    endloop
  endfacet
  facet normal -0.923873 -0.3827 0
    outer loop
      vertex 2.00476 1.02148 15
      vertex 2.13988 0.695288 2.6
      vertex 2.13988 0.695288 15
    endloop
  endfacet
  facet normal -0.85265 -0.522483 0
    outer loop
      vertex 2.00476 1.02148 2.6
      vertex 1.82029 1.32252 15
      vertex 1.82029 1.32252 2.6
    endloop
  endfacet
  facet normal -0.85265 -0.522483 0
    outer loop
      vertex 1.82029 1.32252 15
      vertex 2.00476 1.02148 2.6
      vertex 2.00476 1.02148 15
    endloop
  endfacet
  facet normal -0.522483 -0.85265 0
    outer loop
      vertex 1.02148 2.00476 2.6
      vertex 1.32252 1.82029 15
      vertex 1.02148 2.00476 15
    endloop
  endfacet
  facet normal -0.522483 -0.85265 -0
    outer loop
      vertex 1.32252 1.82029 15
      vertex 1.02148 2.00476 2.6
      vertex 1.32252 1.82029 2.6
    endloop
  endfacet
  facet normal -0.649456 -0.760399 0
    outer loop
      vertex 1.32252 1.82029 2.6
      vertex 1.59099 1.59099 15
      vertex 1.32252 1.82029 15
    endloop
  endfacet
  facet normal -0.649456 -0.760399 -0
    outer loop
      vertex 1.59099 1.59099 15
      vertex 1.32252 1.82029 2.6
      vertex 1.59099 1.59099 2.6
    endloop
  endfacet
  facet normal -0.233441 -0.972371 0
    outer loop
      vertex 0.351977 2.2223 2.6
      vertex 0.695288 2.13988 15
      vertex 0.351977 2.2223 15
    endloop
  endfacet
  facet normal -0.233441 -0.972371 -0
    outer loop
      vertex 0.695288 2.13988 15
      vertex 0.351977 2.2223 2.6
      vertex 0.695288 2.13988 2.6
    endloop
  endfacet
  facet normal -0.3827 -0.923873 0
    outer loop
      vertex 0.695288 2.13988 2.6
      vertex 1.02148 2.00476 15
      vertex 0.695288 2.13988 15
    endloop
  endfacet
  facet normal -0.3827 -0.923873 -0
    outer loop
      vertex 1.02148 2.00476 15
      vertex 0.695288 2.13988 2.6
      vertex 1.02148 2.00476 2.6
    endloop
  endfacet
  facet normal 0.923873 -0.3827 0
    outer loop
      vertex -2.13988 0.695288 15
      vertex -2.00476 1.02148 2.6
      vertex -2.00476 1.02148 15
    endloop
  endfacet
  facet normal 0.923873 -0.3827 0
    outer loop
      vertex -2.00476 1.02148 2.6
      vertex -2.13988 0.695288 15
      vertex -2.13988 0.695288 2.6
    endloop
  endfacet
  facet normal 0.972403 -0.233306 0
    outer loop
      vertex -37.1358 0.179899 10.5
      vertex -37.0937 0.355369 4.5
      vertex -37.0937 0.355369 10.5
    endloop
  endfacet
  facet normal 0.972403 -0.233306 0
    outer loop
      vertex -37.0937 0.355369 4.5
      vertex -37.1358 0.179899 10.5
      vertex -37.1358 0.179899 4.5
    endloop
  endfacet
  facet normal 0.996899 -0.0786884 0
    outer loop
      vertex -37.15 0 10.5
      vertex -37.1358 0.179899 4.5
      vertex -37.1358 0.179899 10.5
    endloop
  endfacet
  facet normal 0.996899 -0.0786884 0
    outer loop
      vertex -37.1358 0.179899 4.5
      vertex -37.15 0 10.5
      vertex -37.15 0 4.5
    endloop
  endfacet
  facet normal 0.233425 0.972375 -0
    outer loop
      vertex -36.1799 -1.13584 4.5
      vertex -36.3554 -1.09371 10.5
      vertex -36.1799 -1.13584 10.5
    endloop
  endfacet
  facet normal 0.233425 0.972375 0
    outer loop
      vertex -36.3554 -1.09371 10.5
      vertex -36.1799 -1.13584 4.5
      vertex -36.3554 -1.09371 4.5
    endloop
  endfacet
  facet normal 0.972403 0.233306 0
    outer loop
      vertex -37.0937 -0.355369 10.5
      vertex -37.1358 -0.179899 4.5
      vertex -37.1358 -0.179899 10.5
    endloop
  endfacet
  facet normal 0.972403 0.233306 0
    outer loop
      vertex -37.1358 -0.179899 4.5
      vertex -37.0937 -0.355369 10.5
      vertex -37.0937 -0.355369 4.5
    endloop
  endfacet
  facet normal -0.85261 0.522547 0
    outer loop
      vertex -35.0696 -0.675953 4.5
      vertex -34.9753 -0.522089 10.5
      vertex -34.9753 -0.522089 4.5
    endloop
  endfacet
  facet normal -0.85261 0.522547 0
    outer loop
      vertex -34.9753 -0.522089 10.5
      vertex -35.0696 -0.675953 4.5
      vertex -35.0696 -0.675953 10.5
    endloop
  endfacet
  facet normal 0.85261 -0.522547 0
    outer loop
      vertex -37.0247 0.522089 10.5
      vertex -36.9304 0.675953 4.5
      vertex -36.9304 0.675953 10.5
    endloop
  endfacet
  facet normal 0.85261 -0.522547 0
    outer loop
      vertex -36.9304 0.675953 4.5
      vertex -37.0247 0.522089 10.5
      vertex -37.0247 0.522089 4.5
    endloop
  endfacet
  facet normal -0.760395 0.649461 0
    outer loop
      vertex -35.1868 -0.813172 4.5
      vertex -35.0696 -0.675953 10.5
      vertex -35.0696 -0.675953 4.5
    endloop
  endfacet
  facet normal -0.760395 0.649461 0
    outer loop
      vertex -35.0696 -0.675953 10.5
      vertex -35.1868 -0.813172 4.5
      vertex -35.1868 -0.813172 10.5
    endloop
  endfacet
  facet normal -0.996899 0.0786884 0
    outer loop
      vertex -34.8642 -0.179899 4.5
      vertex -34.85 0 10.5
      vertex -34.85 0 4.5
    endloop
  endfacet
  facet normal -0.996899 0.0786884 0
    outer loop
      vertex -34.85 0 10.5
      vertex -34.8642 -0.179899 4.5
      vertex -34.8642 -0.179899 10.5
    endloop
  endfacet
  facet normal 0.996899 0.0786884 0
    outer loop
      vertex -37.1358 -0.179899 10.5
      vertex -37.15 0 4.5
      vertex -37.15 0 10.5
    endloop
  endfacet
  facet normal 0.996899 0.0786884 0
    outer loop
      vertex -37.15 0 4.5
      vertex -37.1358 -0.179899 10.5
      vertex -37.1358 -0.179899 4.5
    endloop
  endfacet
  facet normal 0.522422 0.852687 -0
    outer loop
      vertex -36.5221 -1.02466 4.5
      vertex -36.676 -0.930369 10.5
      vertex -36.5221 -1.02466 10.5
    endloop
  endfacet
  facet normal 0.522422 0.852687 0
    outer loop
      vertex -36.676 -0.930369 10.5
      vertex -36.5221 -1.02466 4.5
      vertex -36.676 -0.930369 4.5
    endloop
  endfacet
  facet normal 0.85261 0.522547 0
    outer loop
      vertex -36.9304 -0.675953 10.5
      vertex -37.0247 -0.522089 4.5
      vertex -37.0247 -0.522089 10.5
    endloop
  endfacet
  facet normal 0.85261 0.522547 0
    outer loop
      vertex -37.0247 -0.522089 4.5
      vertex -36.9304 -0.675953 10.5
      vertex -36.9304 -0.675953 4.5
    endloop
  endfacet
  facet normal 0.233425 -0.972375 0
    outer loop
      vertex -36.3554 1.09371 4.5
      vertex -36.1799 1.13584 10.5
      vertex -36.3554 1.09371 10.5
    endloop
  endfacet
  facet normal 0.233425 -0.972375 0
    outer loop
      vertex -36.1799 1.13584 10.5
      vertex -36.3554 1.09371 4.5
      vertex -36.1799 1.13584 4.5
    endloop
  endfacet
  facet normal -0.996899 -0.0786884 0
    outer loop
      vertex -34.85 0 4.5
      vertex -34.8642 0.179899 10.5
      vertex -34.8642 0.179899 4.5
    endloop
  endfacet
  facet normal -0.996899 -0.0786884 0
    outer loop
      vertex -34.8642 0.179899 10.5
      vertex -34.85 0 4.5
      vertex -34.85 0 10.5
    endloop
  endfacet
  facet normal -0.0784677 -0.996917 0
    outer loop
      vertex -36 1.15 4.5
      vertex -35.8201 1.13584 10.5
      vertex -36 1.15 10.5
    endloop
  endfacet
  facet normal -0.0784677 -0.996917 -0
    outer loop
      vertex -35.8201 1.13584 10.5
      vertex -36 1.15 4.5
      vertex -35.8201 1.13584 4.5
    endloop
  endfacet
  facet normal -0.233425 0.972375 0
    outer loop
      vertex -35.6446 -1.09371 4.5
      vertex -35.8201 -1.13584 10.5
      vertex -35.6446 -1.09371 10.5
    endloop
  endfacet
  facet normal -0.233425 0.972375 0
    outer loop
      vertex -35.8201 -1.13584 10.5
      vertex -35.6446 -1.09371 4.5
      vertex -35.8201 -1.13584 4.5
    endloop
  endfacet
  facet normal 0.382686 0.923878 -0
    outer loop
      vertex -36.3554 -1.09371 4.5
      vertex -36.5221 -1.02466 10.5
      vertex -36.3554 -1.09371 10.5
    endloop
  endfacet
  facet normal 0.382686 0.923878 0
    outer loop
      vertex -36.5221 -1.02466 10.5
      vertex -36.3554 -1.09371 4.5
      vertex -36.5221 -1.02466 4.5
    endloop
  endfacet
  facet normal 0.649503 0.760359 -0
    outer loop
      vertex -36.676 -0.930369 4.5
      vertex -36.8132 -0.813172 10.5
      vertex -36.676 -0.930369 10.5
    endloop
  endfacet
  facet normal 0.649503 0.760359 0
    outer loop
      vertex -36.8132 -0.813172 10.5
      vertex -36.676 -0.930369 4.5
      vertex -36.8132 -0.813172 4.5
    endloop
  endfacet
  facet normal -0.923993 0.382411 0
    outer loop
      vertex -34.9753 -0.522089 4.5
      vertex -34.9063 -0.355369 10.5
      vertex -34.9063 -0.355369 4.5
    endloop
  endfacet
  facet normal -0.923993 0.382411 0
    outer loop
      vertex -34.9063 -0.355369 10.5
      vertex -34.9753 -0.522089 4.5
      vertex -34.9753 -0.522089 10.5
    endloop
  endfacet
  facet normal -0.649503 0.760359 0
    outer loop
      vertex -35.1868 -0.813172 4.5
      vertex -35.324 -0.930369 10.5
      vertex -35.1868 -0.813172 10.5
    endloop
  endfacet
  facet normal -0.649503 0.760359 0
    outer loop
      vertex -35.324 -0.930369 10.5
      vertex -35.1868 -0.813172 4.5
      vertex -35.324 -0.930369 4.5
    endloop
  endfacet
  facet normal 0.0784677 -0.996917 0
    outer loop
      vertex -36.1799 1.13584 4.5
      vertex -36 1.15 10.5
      vertex -36.1799 1.13584 10.5
    endloop
  endfacet
  facet normal 0.0784677 -0.996917 0
    outer loop
      vertex -36 1.15 10.5
      vertex -36.1799 1.13584 4.5
      vertex -36 1.15 4.5
    endloop
  endfacet
  facet normal 0.522422 -0.852687 0
    outer loop
      vertex -36.676 0.930369 4.5
      vertex -36.5221 1.02466 10.5
      vertex -36.676 0.930369 10.5
    endloop
  endfacet
  facet normal 0.522422 -0.852687 0
    outer loop
      vertex -36.5221 1.02466 10.5
      vertex -36.676 0.930369 4.5
      vertex -36.5221 1.02466 4.5
    endloop
  endfacet
  facet normal -0.382686 0.923878 0
    outer loop
      vertex -35.4779 -1.02466 4.5
      vertex -35.6446 -1.09371 10.5
      vertex -35.4779 -1.02466 10.5
    endloop
  endfacet
  facet normal -0.382686 0.923878 0
    outer loop
      vertex -35.6446 -1.09371 10.5
      vertex -35.4779 -1.02466 4.5
      vertex -35.6446 -1.09371 4.5
    endloop
  endfacet
  facet normal -0.923993 -0.382411 0
    outer loop
      vertex -34.9063 0.355369 4.5
      vertex -34.9753 0.522089 10.5
      vertex -34.9753 0.522089 4.5
    endloop
  endfacet
  facet normal -0.923993 -0.382411 0
    outer loop
      vertex -34.9753 0.522089 10.5
      vertex -34.9063 0.355369 4.5
      vertex -34.9063 0.355369 10.5
    endloop
  endfacet
  facet normal -0.972403 0.233306 0
    outer loop
      vertex -34.9063 -0.355369 4.5
      vertex -34.8642 -0.179899 10.5
      vertex -34.8642 -0.179899 4.5
    endloop
  endfacet
  facet normal -0.972403 0.233306 0
    outer loop
      vertex -34.8642 -0.179899 10.5
      vertex -34.9063 -0.355369 4.5
      vertex -34.9063 -0.355369 10.5
    endloop
  endfacet
  facet normal -0.522422 0.852687 0
    outer loop
      vertex -35.324 -0.930369 4.5
      vertex -35.4779 -1.02466 10.5
      vertex -35.324 -0.930369 10.5
    endloop
  endfacet
  facet normal -0.522422 0.852687 0
    outer loop
      vertex -35.4779 -1.02466 10.5
      vertex -35.324 -0.930369 4.5
      vertex -35.4779 -1.02466 4.5
    endloop
  endfacet
  facet normal -0.972403 -0.233306 0
    outer loop
      vertex -34.8642 0.179899 4.5
      vertex -34.9063 0.355369 10.5
      vertex -34.9063 0.355369 4.5
    endloop
  endfacet
  facet normal -0.972403 -0.233306 0
    outer loop
      vertex -34.9063 0.355369 10.5
      vertex -34.8642 0.179899 4.5
      vertex -34.8642 0.179899 10.5
    endloop
  endfacet
  facet normal 0.760395 0.649461 0
    outer loop
      vertex -36.8132 -0.813172 10.5
      vertex -36.9304 -0.675953 4.5
      vertex -36.9304 -0.675953 10.5
    endloop
  endfacet
  facet normal 0.760395 0.649461 0
    outer loop
      vertex -36.9304 -0.675953 4.5
      vertex -36.8132 -0.813172 10.5
      vertex -36.8132 -0.813172 4.5
    endloop
  endfacet
  facet normal 0.649503 -0.760359 0
    outer loop
      vertex -36.8132 0.813172 4.5
      vertex -36.676 0.930369 10.5
      vertex -36.8132 0.813172 10.5
    endloop
  endfacet
  facet normal 0.649503 -0.760359 0
    outer loop
      vertex -36.676 0.930369 10.5
      vertex -36.8132 0.813172 4.5
      vertex -36.676 0.930369 4.5
    endloop
  endfacet
  facet normal 0.923993 0.382411 0
    outer loop
      vertex -37.0247 -0.522089 10.5
      vertex -37.0937 -0.355369 4.5
      vertex -37.0937 -0.355369 10.5
    endloop
  endfacet
  facet normal 0.923993 0.382411 0
    outer loop
      vertex -37.0937 -0.355369 4.5
      vertex -37.0247 -0.522089 10.5
      vertex -37.0247 -0.522089 4.5
    endloop
  endfacet
  facet normal 0.760395 -0.649461 0
    outer loop
      vertex -36.9304 0.675953 10.5
      vertex -36.8132 0.813172 4.5
      vertex -36.8132 0.813172 10.5
    endloop
  endfacet
  facet normal 0.760395 -0.649461 0
    outer loop
      vertex -36.8132 0.813172 4.5
      vertex -36.9304 0.675953 10.5
      vertex -36.9304 0.675953 4.5
    endloop
  endfacet
  facet normal -0.760395 -0.649461 0
    outer loop
      vertex -35.0696 0.675953 4.5
      vertex -35.1868 0.813172 10.5
      vertex -35.1868 0.813172 4.5
    endloop
  endfacet
  facet normal -0.760395 -0.649461 0
    outer loop
      vertex -35.1868 0.813172 10.5
      vertex -35.0696 0.675953 4.5
      vertex -35.0696 0.675953 10.5
    endloop
  endfacet
  facet normal -0.85261 -0.522547 0
    outer loop
      vertex -34.9753 0.522089 4.5
      vertex -35.0696 0.675953 10.5
      vertex -35.0696 0.675953 4.5
    endloop
  endfacet
  facet normal -0.85261 -0.522547 0
    outer loop
      vertex -35.0696 0.675953 10.5
      vertex -34.9753 0.522089 4.5
      vertex -34.9753 0.522089 10.5
    endloop
  endfacet
  facet normal -0.649503 -0.760359 0
    outer loop
      vertex -35.324 0.930369 4.5
      vertex -35.1868 0.813172 10.5
      vertex -35.324 0.930369 10.5
    endloop
  endfacet
  facet normal -0.649503 -0.760359 -0
    outer loop
      vertex -35.1868 0.813172 10.5
      vertex -35.324 0.930369 4.5
      vertex -35.1868 0.813172 4.5
    endloop
  endfacet
  facet normal -0.0784677 0.996917 0
    outer loop
      vertex -35.8201 -1.13584 4.5
      vertex -36 -1.15 10.5
      vertex -35.8201 -1.13584 10.5
    endloop
  endfacet
  facet normal -0.0784677 0.996917 0
    outer loop
      vertex -36 -1.15 10.5
      vertex -35.8201 -1.13584 4.5
      vertex -36 -1.15 4.5
    endloop
  endfacet
  facet normal 0.0784677 0.996917 -0
    outer loop
      vertex -36 -1.15 4.5
      vertex -36.1799 -1.13584 10.5
      vertex -36 -1.15 10.5
    endloop
  endfacet
  facet normal 0.0784677 0.996917 0
    outer loop
      vertex -36.1799 -1.13584 10.5
      vertex -36 -1.15 4.5
      vertex -36.1799 -1.13584 4.5
    endloop
  endfacet
  facet normal -0.522422 -0.852687 0
    outer loop
      vertex -35.4779 1.02466 4.5
      vertex -35.324 0.930369 10.5
      vertex -35.4779 1.02466 10.5
    endloop
  endfacet
  facet normal -0.522422 -0.852687 -0
    outer loop
      vertex -35.324 0.930369 10.5
      vertex -35.4779 1.02466 4.5
      vertex -35.324 0.930369 4.5
    endloop
  endfacet
  facet normal 0.382686 -0.923878 0
    outer loop
      vertex -36.5221 1.02466 4.5
      vertex -36.3554 1.09371 10.5
      vertex -36.5221 1.02466 10.5
    endloop
  endfacet
  facet normal 0.382686 -0.923878 0
    outer loop
      vertex -36.3554 1.09371 10.5
      vertex -36.5221 1.02466 4.5
      vertex -36.3554 1.09371 4.5
    endloop
  endfacet
  facet normal -0.233425 -0.972375 0
    outer loop
      vertex -35.8201 1.13584 4.5
      vertex -35.6446 1.09371 10.5
      vertex -35.8201 1.13584 10.5
    endloop
  endfacet
  facet normal -0.233425 -0.972375 -0
    outer loop
      vertex -35.6446 1.09371 10.5
      vertex -35.8201 1.13584 4.5
      vertex -35.6446 1.09371 4.5
    endloop
  endfacet
  facet normal -0.382686 -0.923878 0
    outer loop
      vertex -35.6446 1.09371 4.5
      vertex -35.4779 1.02466 10.5
      vertex -35.6446 1.09371 10.5
    endloop
  endfacet
  facet normal -0.382686 -0.923878 -0
    outer loop
      vertex -35.4779 1.02466 10.5
      vertex -35.6446 1.09371 4.5
      vertex -35.4779 1.02466 4.5
    endloop
  endfacet
  facet normal 0.923993 -0.382411 0
    outer loop
      vertex -37.0937 0.355369 10.5
      vertex -37.0247 0.522089 4.5
      vertex -37.0247 0.522089 10.5
    endloop
  endfacet
  facet normal 0.923993 -0.382411 0
    outer loop
      vertex -37.0247 0.522089 4.5
      vertex -37.0937 0.355369 10.5
      vertex -37.0937 0.355369 4.5
    endloop
  endfacet
endsolid OpenSCAD_Model
