solid OpenSCAD_Model
  facet normal -1 0 0
    outer loop
      vertex 21.35 -4 -19
      vertex 21.35 -7 -19
      vertex 21.35 -4 -8.98
    endloop
  endfacet
  facet normal -1 0 0
    outer loop
      vertex 21.35 -4 -8.98
      vertex 21.35 -7 -3
      vertex 21.35 1.98 -3
    endloop
  endfacet
  facet normal -1 0 0
    outer loop
      vertex 21.35 -7 -3
      vertex 21.35 -4 -8.98
      vertex 21.35 -7 -19
    endloop
  endfacet
  facet normal 0 0.707107 -0.707107
    outer loop
      vertex 23.35 -4 -8.98
      vertex 21.35 1.98 -3
      vertex 23.35 1.98 -3
    endloop
  endfacet
  facet normal 0 0.707107 -0.707107
    outer loop
      vertex 21.35 1.98 -3
      vertex 23.35 -4 -8.98
      vertex 21.35 -4 -8.98
    endloop
  endfacet
  facet normal 1 0 0
    outer loop
      vertex 23.35 -4 -8.98
      vertex 23.35 1.98 -3
      vertex 23.35 -4 -3
    endloop
  endfacet
  facet normal -1 0 0
    outer loop
      vertex 55.85 -4 -8.98
      vertex 55.85 -4 -3
      vertex 55.85 1.98 -3
    endloop
  endfacet
  facet normal 0 0.707107 -0.707107
    outer loop
      vertex 57.85 -4 -8.98
      vertex 55.85 1.98 -3
      vertex 57.85 1.98 -3
    endloop
  endfacet
  facet normal 0 0.707107 -0.707107
    outer loop
      vertex 55.85 1.98 -3
      vertex 57.85 -4 -8.98
      vertex 55.85 -4 -8.98
    endloop
  endfacet
  facet normal 1 0 0
    outer loop
      vertex 57.85 7 0
      vertex 57.85 1.98 -3
      vertex 57.85 7 -3
    endloop
  endfacet
  facet normal 1 -0 0
    outer loop
      vertex 57.85 -7 0
      vertex 57.85 1.98 -3
      vertex 57.85 7 0
    endloop
  endfacet
  facet normal 1 0 0
    outer loop
      vertex 57.85 -7 -3
      vertex 57.85 1.98 -3
      vertex 57.85 -7 0
    endloop
  endfacet
  facet normal 1 0 0
    outer loop
      vertex 57.85 1.98 -3
      vertex 57.85 -7 -3
      vertex 57.85 -4 -8.98
    endloop
  endfacet
  facet normal 1 0 0
    outer loop
      vertex 57.85 -7 -19
      vertex 57.85 -4 -8.98
      vertex 57.85 -7 -3
    endloop
  endfacet
  facet normal 1 0 0
    outer loop
      vertex 57.85 -4 -8.98
      vertex 57.85 -7 -19
      vertex 57.85 -4 -19
    endloop
  endfacet
  facet normal 0.0517887 0.998658 -0
    outer loop
      vertex 57.85 7 -3
      vertex 0 10 0
      vertex 57.85 7 0
    endloop
  endfacet
  facet normal 0.0517887 0.998658 0
    outer loop
      vertex 0 10 0
      vertex 57.85 7 -3
      vertex 0 10 -3
    endloop
  endfacet
  facet normal 0.0517887 -0.998658 0
    outer loop
      vertex 0 -10 -3
      vertex 57.85 -7 0
      vertex 0 -10 0
    endloop
  endfacet
  facet normal 0.0517887 -0.998658 0
    outer loop
      vertex 57.85 -7 0
      vertex 0 -10 -3
      vertex 57.85 -7 -3
    endloop
  endfacet
  facet normal -0.659341 -0.751844 0
    outer loop
      vertex -7.07107 -7.07107 -3
      vertex -6.08761 -7.93353 0
      vertex -7.07107 -7.07107 0
    endloop
  endfacet
  facet normal -0.659341 -0.751844 -0
    outer loop
      vertex -6.08761 -7.93353 0
      vertex -7.07107 -7.07107 -3
      vertex -6.08761 -7.93353 -3
    endloop
  endfacet
  facet normal -0.0654022 -0.997859 0
    outer loop
      vertex -1.30526 -9.91445 -3
      vertex 0 -10 0
      vertex -1.30526 -9.91445 0
    endloop
  endfacet
  facet normal -0.0654022 -0.997859 -0
    outer loop
      vertex 0 -10 0
      vertex -1.30526 -9.91445 -3
      vertex 0 -10 -3
    endloop
  endfacet
  facet normal -0.997859 0.0654022 0
    outer loop
      vertex -10 0 -3
      vertex -9.91445 1.30526 0
      vertex -9.91445 1.30526 -3
    endloop
  endfacet
  facet normal -0.997859 0.0654022 0
    outer loop
      vertex -9.91445 1.30526 0
      vertex -10 0 -3
      vertex -10 0 0
    endloop
  endfacet
  facet normal -0.946931 -0.321438 0
    outer loop
      vertex -9.2388 -3.82683 -3
      vertex -9.65926 -2.58819 0
      vertex -9.65926 -2.58819 -3
    endloop
  endfacet
  facet normal -0.946931 -0.321438 0
    outer loop
      vertex -9.65926 -2.58819 0
      vertex -9.2388 -3.82683 -3
      vertex -9.2388 -3.82683 0
    endloop
  endfacet
  facet normal -0.19509 -0.980785 0
    outer loop
      vertex -2.58819 -9.65926 -3
      vertex -1.30526 -9.91445 0
      vertex -2.58819 -9.65926 0
    endloop
  endfacet
  facet normal -0.19509 -0.980785 -0
    outer loop
      vertex -1.30526 -9.91445 0
      vertex -2.58819 -9.65926 -3
      vertex -1.30526 -9.91445 -3
    endloop
  endfacet
  facet normal -0.831469 -0.555571 0
    outer loop
      vertex -7.93353 -6.08761 -3
      vertex -8.66025 -5 0
      vertex -8.66025 -5 -3
    endloop
  endfacet
  facet normal -0.831469 -0.555571 0
    outer loop
      vertex -8.66025 -5 0
      vertex -7.93353 -6.08761 -3
      vertex -7.93353 -6.08761 0
    endloop
  endfacet
  facet normal -0.555571 0.831469 0
    outer loop
      vertex -5 8.66025 -3
      vertex -6.08761 7.93353 0
      vertex -5 8.66025 0
    endloop
  endfacet
  facet normal -0.555571 0.831469 0
    outer loop
      vertex -6.08761 7.93353 0
      vertex -5 8.66025 -3
      vertex -6.08761 7.93353 -3
    endloop
  endfacet
  facet normal -0.442293 0.896871 0
    outer loop
      vertex -3.82683 9.2388 -3
      vertex -5 8.66025 0
      vertex -3.82683 9.2388 0
    endloop
  endfacet
  facet normal -0.442293 0.896871 0
    outer loop
      vertex -5 8.66025 0
      vertex -3.82683 9.2388 -3
      vertex -5 8.66025 -3
    endloop
  endfacet
  facet normal -0.659341 0.751844 0
    outer loop
      vertex -6.08761 7.93353 -3
      vertex -7.07107 7.07107 0
      vertex -6.08761 7.93353 0
    endloop
  endfacet
  facet normal -0.659341 0.751844 0
    outer loop
      vertex -7.07107 7.07107 0
      vertex -6.08761 7.93353 -3
      vertex -7.07107 7.07107 -3
    endloop
  endfacet
  facet normal -0.442293 -0.896871 0
    outer loop
      vertex -5 -8.66025 -3
      vertex -3.82683 -9.2388 0
      vertex -5 -8.66025 0
    endloop
  endfacet
  facet normal -0.442293 -0.896871 -0
    outer loop
      vertex -3.82683 -9.2388 0
      vertex -5 -8.66025 -3
      vertex -3.82683 -9.2388 -3
    endloop
  endfacet
  facet normal -0.751844 -0.659341 0
    outer loop
      vertex -7.07107 -7.07107 -3
      vertex -7.93353 -6.08761 0
      vertex -7.93353 -6.08761 -3
    endloop
  endfacet
  facet normal -0.751844 -0.659341 0
    outer loop
      vertex -7.93353 -6.08761 0
      vertex -7.07107 -7.07107 -3
      vertex -7.07107 -7.07107 0
    endloop
  endfacet
  facet normal -0.321438 -0.946931 0
    outer loop
      vertex -3.82683 -9.2388 -3
      vertex -2.58819 -9.65926 0
      vertex -3.82683 -9.2388 0
    endloop
  endfacet
  facet normal -0.321438 -0.946931 -0
    outer loop
      vertex -2.58819 -9.65926 0
      vertex -3.82683 -9.2388 -3
      vertex -2.58819 -9.65926 -3
    endloop
  endfacet
  facet normal -0.980785 0.19509 0
    outer loop
      vertex -9.91445 1.30526 -3
      vertex -9.65926 2.58819 0
      vertex -9.65926 2.58819 -3
    endloop
  endfacet
  facet normal -0.980785 0.19509 0
    outer loop
      vertex -9.65926 2.58819 0
      vertex -9.91445 1.30526 -3
      vertex -9.91445 1.30526 0
    endloop
  endfacet
  facet normal -0.946931 0.321438 0
    outer loop
      vertex -9.65926 2.58819 -3
      vertex -9.2388 3.82683 0
      vertex -9.2388 3.82683 -3
    endloop
  endfacet
  facet normal -0.946931 0.321438 0
    outer loop
      vertex -9.2388 3.82683 0
      vertex -9.65926 2.58819 -3
      vertex -9.65926 2.58819 0
    endloop
  endfacet
  facet normal 0 0 -1
    outer loop
      vertex 15.2391 -0.306147 -3
      vertex 21.35 1.98 -3
      vertex 21.35 -7 -3
    endloop
  endfacet
  facet normal 0 0 -1
    outer loop
      vertex 21.35 1.98 -3
      vertex 15.2932 -0.104421 -3
      vertex 15.3 0 -3
    endloop
  endfacet
  facet normal 0 0 -1
    outer loop
      vertex 21.35 1.98 -3
      vertex 15.2727 -0.207055 -3
      vertex 15.2932 -0.104421 -3
    endloop
  endfacet
  facet normal 0 0 -1
    outer loop
      vertex 21.35 1.98 -3
      vertex 15.2391 -0.306147 -3
      vertex 15.2727 -0.207055 -3
    endloop
  endfacet
  facet normal 0 0 -1
    outer loop
      vertex 21.35 -7 -3
      vertex 15.1928 -0.4 -3
      vertex 15.2391 -0.306147 -3
    endloop
  endfacet
  facet normal 0 0 -1
    outer loop
      vertex 21.35 -7 -3
      vertex 15.1347 -0.487009 -3
      vertex 15.1928 -0.4 -3
    endloop
  endfacet
  facet normal 0 0 -1
    outer loop
      vertex 21.35 -7 -3
      vertex 15.0657 -0.565685 -3
      vertex 15.1347 -0.487009 -3
    endloop
  endfacet
  facet normal 0 0 -1
    outer loop
      vertex 21.35 -7 -3
      vertex 14.987 -0.634683 -3
      vertex 15.0657 -0.565685 -3
    endloop
  endfacet
  facet normal 0 0 -1
    outer loop
      vertex 21.35 -7 -3
      vertex 14.9 -0.69282 -3
      vertex 14.987 -0.634683 -3
    endloop
  endfacet
  facet normal 0 0 -1
    outer loop
      vertex 21.35 -7 -3
      vertex 14.8061 -0.739103 -3
      vertex 14.9 -0.69282 -3
    endloop
  endfacet
  facet normal 0 0 -1
    outer loop
      vertex 21.35 -7 -3
      vertex 14.7071 -0.77274 -3
      vertex 14.8061 -0.739103 -3
    endloop
  endfacet
  facet normal 0 0 -1
    outer loop
      vertex 21.35 -7 -3
      vertex 14.6044 -0.793156 -3
      vertex 14.7071 -0.77274 -3
    endloop
  endfacet
  facet normal 0 0 -1
    outer loop
      vertex 21.35 -7 -3
      vertex 14.5 -0.799999 -3
      vertex 14.6044 -0.793156 -3
    endloop
  endfacet
  facet normal 0 0 -1
    outer loop
      vertex 21.35 -7 -3
      vertex 14.3956 -0.793156 -3
      vertex 14.5 -0.799999 -3
    endloop
  endfacet
  facet normal 0 0 -1
    outer loop
      vertex 21.35 -7 -3
      vertex 14.2929 -0.77274 -3
      vertex 14.3956 -0.793156 -3
    endloop
  endfacet
  facet normal 0 0 -1
    outer loop
      vertex 10.7071 -0.77274 -3
      vertex 14.2929 -0.77274 -3
      vertex 21.35 -7 -3
    endloop
  endfacet
  facet normal 0 0 -1
    outer loop
      vertex 14.2929 -0.77274 -3
      vertex 10.7071 -0.77274 -3
      vertex 14.1939 -0.739103 -3
    endloop
  endfacet
  facet normal 0 -0 -1
    outer loop
      vertex 10.8061 -0.739103 -3
      vertex 14.1939 -0.739103 -3
      vertex 10.7071 -0.77274 -3
    endloop
  endfacet
  facet normal 0 0 -1
    outer loop
      vertex 13.7068 -0.104421 -3
      vertex 11.3 0 -3
      vertex 13.7 0 -3
    endloop
  endfacet
  facet normal 0 0 -1
    outer loop
      vertex 11.2932 -0.104421 -3
      vertex 13.7068 -0.104421 -3
      vertex 13.7273 -0.207055 -3
    endloop
  endfacet
  facet normal 0 0 -1
    outer loop
      vertex 11.2727 -0.207055 -3
      vertex 13.7273 -0.207055 -3
      vertex 13.7609 -0.306147 -3
    endloop
  endfacet
  facet normal 0 0 -1
    outer loop
      vertex 11.2391 -0.306147 -3
      vertex 13.7609 -0.306147 -3
      vertex 13.8072 -0.4 -3
    endloop
  endfacet
  facet normal 0 0 -1
    outer loop
      vertex 11.1928 -0.4 -3
      vertex 13.8072 -0.4 -3
      vertex 13.8653 -0.487009 -3
    endloop
  endfacet
  facet normal 0 0 -1
    outer loop
      vertex 11.1347 -0.487009 -3
      vertex 13.8653 -0.487009 -3
      vertex 13.9343 -0.565685 -3
    endloop
  endfacet
  facet normal 0 0 -1
    outer loop
      vertex 11.0657 -0.565685 -3
      vertex 13.9343 -0.565685 -3
      vertex 14.013 -0.634683 -3
    endloop
  endfacet
  facet normal 0 0 -1
    outer loop
      vertex 14.1939 -0.739103 -3
      vertex 10.8061 -0.739103 -3
      vertex 14.1 -0.69282 -3
    endloop
  endfacet
  facet normal 0 0 -1
    outer loop
      vertex 13.7068 -0.104421 -3
      vertex 11.2932 -0.104421 -3
      vertex 11.3 0 -3
    endloop
  endfacet
  facet normal 0 0 -1
    outer loop
      vertex 13.7273 -0.207055 -3
      vertex 11.2727 -0.207055 -3
      vertex 11.2932 -0.104421 -3
    endloop
  endfacet
  facet normal 0 0 -1
    outer loop
      vertex 13.7609 -0.306147 -3
      vertex 11.2391 -0.306147 -3
      vertex 11.2727 -0.207055 -3
    endloop
  endfacet
  facet normal 0 0 -1
    outer loop
      vertex 13.8072 -0.4 -3
      vertex 11.1928 -0.4 -3
      vertex 11.2391 -0.306147 -3
    endloop
  endfacet
  facet normal 0 0 -1
    outer loop
      vertex 13.8653 -0.487009 -3
      vertex 11.1347 -0.487009 -3
      vertex 11.1928 -0.4 -3
    endloop
  endfacet
  facet normal 0 0 -1
    outer loop
      vertex 13.9343 -0.565685 -3
      vertex 11.0657 -0.565685 -3
      vertex 11.1347 -0.487009 -3
    endloop
  endfacet
  facet normal 0 0 -1
    outer loop
      vertex 14.013 -0.634683 -3
      vertex 10.987 -0.634683 -3
      vertex 11.0657 -0.565685 -3
    endloop
  endfacet
  facet normal -0 0 -1
    outer loop
      vertex 14.013 -0.634683 -3
      vertex 10.9 -0.69282 -3
      vertex 10.987 -0.634683 -3
    endloop
  endfacet
  facet normal 0 0 -1
    outer loop
      vertex 14.1 -0.69282 -3
      vertex 10.9 -0.69282 -3
      vertex 14.013 -0.634683 -3
    endloop
  endfacet
  facet normal 0 -0 -1
    outer loop
      vertex 10.9 -0.69282 -3
      vertex 14.1 -0.69282 -3
      vertex 10.8061 -0.739103 -3
    endloop
  endfacet
  facet normal 0 0 -1
    outer loop
      vertex 21.35 -7 -3
      vertex 10.6044 -0.793156 -3
      vertex 10.7071 -0.77274 -3
    endloop
  endfacet
  facet normal 0 0 -1
    outer loop
      vertex 21.35 -7 -3
      vertex 10.5 -0.799999 -3
      vertex 10.6044 -0.793156 -3
    endloop
  endfacet
  facet normal 0 0 -1
    outer loop
      vertex 0 -10 -3
      vertex 10.5 -0.799999 -3
      vertex 21.35 -7 -3
    endloop
  endfacet
  facet normal -0 0 -1
    outer loop
      vertex 10.5 -0.799999 -3
      vertex 0 -10 -3
      vertex 10.3956 -0.793156 -3
    endloop
  endfacet
  facet normal -0 0 -1
    outer loop
      vertex 10.3956 -0.793156 -3
      vertex 0 -10 -3
      vertex 10.2929 -0.77274 -3
    endloop
  endfacet
  facet normal -0 0 -1
    outer loop
      vertex 10.2929 -0.77274 -3
      vertex 0 -10 -3
      vertex 10.1939 -0.739103 -3
    endloop
  endfacet
  facet normal 0 0 -1
    outer loop
      vertex 9.70684 -0.104421 -3
      vertex 2.75 0 -3
      vertex 9.7 0 -3
    endloop
  endfacet
  facet normal 0 0 -1
    outer loop
      vertex 2.72647 -0.358947 -3
      vertex 9.70684 -0.104421 -3
      vertex 9.72726 -0.207055 -3
    endloop
  endfacet
  facet normal 0 0 -1
    outer loop
      vertex 2.6563 -0.711752 -3
      vertex 9.72726 -0.207055 -3
      vertex 9.7609 -0.306147 -3
    endloop
  endfacet
  facet normal 0 0 -1
    outer loop
      vertex 2.6563 -0.711752 -3
      vertex 9.7609 -0.306147 -3
      vertex 9.80718 -0.4 -3
    endloop
  endfacet
  facet normal 0 0 -1
    outer loop
      vertex 2.54067 -1.05238 -3
      vertex 9.80718 -0.4 -3
      vertex 9.86532 -0.487009 -3
    endloop
  endfacet
  facet normal 0 0 -1
    outer loop
      vertex 2.38157 -1.375 -3
      vertex 9.86532 -0.487009 -3
      vertex 9.93431 -0.565685 -3
    endloop
  endfacet
  facet normal 0 0 -1
    outer loop
      vertex 2.18172 -1.67409 -3
      vertex 9.93431 -0.565685 -3
      vertex 10.013 -0.634683 -3
    endloop
  endfacet
  facet normal 0 0 -1
    outer loop
      vertex 2.18172 -1.67409 -3
      vertex 10.013 -0.634683 -3
      vertex 10.1 -0.69282 -3
    endloop
  endfacet
  facet normal 0 -0 -1
    outer loop
      vertex 1.94454 -1.94454 -3
      vertex 10.1939 -0.739103 -3
      vertex 0 -10 -3
    endloop
  endfacet
  facet normal -0 0 -1
    outer loop
      vertex 9.70684 -0.104421 -3
      vertex 2.72647 -0.358947 -3
      vertex 2.75 0 -3
    endloop
  endfacet
  facet normal 0 0 -1
    outer loop
      vertex 9.72726 -0.207055 -3
      vertex 2.6563 -0.711752 -3
      vertex 2.72647 -0.358947 -3
    endloop
  endfacet
  facet normal 0 0 -1
    outer loop
      vertex 9.80718 -0.4 -3
      vertex 2.54067 -1.05238 -3
      vertex 2.6563 -0.711752 -3
    endloop
  endfacet
  facet normal 0 0 -1
    outer loop
      vertex 9.86532 -0.487009 -3
      vertex 2.38157 -1.375 -3
      vertex 2.54067 -1.05238 -3
    endloop
  endfacet
  facet normal 0 0 -1
    outer loop
      vertex 9.93431 -0.565685 -3
      vertex 2.18172 -1.67409 -3
      vertex 2.38157 -1.375 -3
    endloop
  endfacet
  facet normal -0 0 -1
    outer loop
      vertex 10.1939 -0.739103 -3
      vertex 1.94454 -1.94454 -3
      vertex 10.1 -0.69282 -3
    endloop
  endfacet
  facet normal 0 0 -1
    outer loop
      vertex 10.1 -0.69282 -3
      vertex 1.94454 -1.94454 -3
      vertex 2.18172 -1.67409 -3
    endloop
  endfacet
  facet normal 0 0 -1
    outer loop
      vertex 1.94454 -1.94454 -3
      vertex 0 -10 -3
      vertex 1.67409 -2.18172 -3
    endloop
  endfacet
  facet normal 0 0 -1
    outer loop
      vertex 1.67409 -2.18172 -3
      vertex 0 -10 -3
      vertex 1.375 -2.38157 -3
    endloop
  endfacet
  facet normal 0 0 -1
    outer loop
      vertex 1.375 -2.38157 -3
      vertex 0 -10 -3
      vertex 1.05238 -2.54067 -3
    endloop
  endfacet
  facet normal 0 0 -1
    outer loop
      vertex 1.05238 -2.54067 -3
      vertex 0 -10 -3
      vertex 0.711752 -2.6563 -3
    endloop
  endfacet
  facet normal 0 0 -1
    outer loop
      vertex 0 -10 -3
      vertex 21.35 -7 -3
      vertex 57.85 -7 -3
    endloop
  endfacet
  facet normal 0 0 -1
    outer loop
      vertex 0.711752 -2.6563 -3
      vertex 0 -10 -3
      vertex 0.358947 -2.72647 -3
    endloop
  endfacet
  facet normal 0 0 -1
    outer loop
      vertex 0 -10 -3
      vertex 0 -2.75 -3
      vertex 0.358947 -2.72647 -3
    endloop
  endfacet
  facet normal 0 0 -1
    outer loop
      vertex 0 -10 -3
      vertex -0.358947 -2.72647 -3
      vertex 0 -2.75 -3
    endloop
  endfacet
  facet normal 0 0 -1
    outer loop
      vertex -1.30526 -9.91445 -3
      vertex -0.358947 -2.72647 -3
      vertex 0 -10 -3
    endloop
  endfacet
  facet normal -0 0 -1
    outer loop
      vertex -0.358947 -2.72647 -3
      vertex -1.30526 -9.91445 -3
      vertex -0.711752 -2.6563 -3
    endloop
  endfacet
  facet normal 0 0 -1
    outer loop
      vertex -2.58819 -9.65926 -3
      vertex -0.711752 -2.6563 -3
      vertex -1.30526 -9.91445 -3
    endloop
  endfacet
  facet normal -0 0 -1
    outer loop
      vertex -0.711752 -2.6563 -3
      vertex -2.58819 -9.65926 -3
      vertex -1.05238 -2.54067 -3
    endloop
  endfacet
  facet normal 0 0 -1
    outer loop
      vertex -3.82683 -9.2388 -3
      vertex -1.05238 -2.54067 -3
      vertex -2.58819 -9.65926 -3
    endloop
  endfacet
  facet normal -0 0 -1
    outer loop
      vertex -1.05238 -2.54067 -3
      vertex -3.82683 -9.2388 -3
      vertex -1.375 -2.38157 -3
    endloop
  endfacet
  facet normal 0 0 -1
    outer loop
      vertex -5 -8.66025 -3
      vertex -1.375 -2.38157 -3
      vertex -3.82683 -9.2388 -3
    endloop
  endfacet
  facet normal -0 0 -1
    outer loop
      vertex -1.375 -2.38157 -3
      vertex -5 -8.66025 -3
      vertex -1.67409 -2.18172 -3
    endloop
  endfacet
  facet normal 0 0 -1
    outer loop
      vertex -6.08761 -7.93353 -3
      vertex -1.67409 -2.18172 -3
      vertex -5 -8.66025 -3
    endloop
  endfacet
  facet normal -0 0 -1
    outer loop
      vertex -1.67409 -2.18172 -3
      vertex -6.08761 -7.93353 -3
      vertex -1.94454 -1.94454 -3
    endloop
  endfacet
  facet normal 0 0 -1
    outer loop
      vertex -7.07107 -7.07107 -3
      vertex -1.94454 -1.94454 -3
      vertex -6.08761 -7.93353 -3
    endloop
  endfacet
  facet normal -0 0 -1
    outer loop
      vertex -1.94454 -1.94454 -3
      vertex -7.07107 -7.07107 -3
      vertex -2.18172 -1.67409 -3
    endloop
  endfacet
  facet normal 0 0 -1
    outer loop
      vertex -7.93353 -6.08761 -3
      vertex -2.18172 -1.67409 -3
      vertex -7.07107 -7.07107 -3
    endloop
  endfacet
  facet normal -0 0 -1
    outer loop
      vertex -2.18172 -1.67409 -3
      vertex -7.93353 -6.08761 -3
      vertex -2.38157 -1.375 -3
    endloop
  endfacet
  facet normal 0 0 -1
    outer loop
      vertex 55.85 -4 -3
      vertex 23.35 -4 -3
      vertex 55.85 1.98 -3
    endloop
  endfacet
  facet normal 0 0 -1
    outer loop
      vertex 55.85 1.98 -3
      vertex 57.85 7 -3
      vertex 57.85 1.98 -3
    endloop
  endfacet
  facet normal 0 0 -1
    outer loop
      vertex 23.35 1.98 -3
      vertex 55.85 1.98 -3
      vertex 23.35 -4 -3
    endloop
  endfacet
  facet normal 0 0 -1
    outer loop
      vertex 55.85 1.98 -3
      vertex 23.35 1.98 -3
      vertex 57.85 7 -3
    endloop
  endfacet
  facet normal 0 0 -1
    outer loop
      vertex 0 10 -3
      vertex 23.35 1.98 -3
      vertex 21.35 1.98 -3
    endloop
  endfacet
  facet normal 0 0 -1
    outer loop
      vertex 15.2932 0.104421 -3
      vertex 21.35 1.98 -3
      vertex 15.3 0 -3
    endloop
  endfacet
  facet normal 0 0 -1
    outer loop
      vertex 15.2727 0.207055 -3
      vertex 21.35 1.98 -3
      vertex 15.2932 0.104421 -3
    endloop
  endfacet
  facet normal 0 0 -1
    outer loop
      vertex 15.2391 0.306147 -3
      vertex 21.35 1.98 -3
      vertex 15.2727 0.207055 -3
    endloop
  endfacet
  facet normal 0 0 -1
    outer loop
      vertex 15.1928 0.4 -3
      vertex 21.35 1.98 -3
      vertex 15.2391 0.306147 -3
    endloop
  endfacet
  facet normal 0 0 -1
    outer loop
      vertex 15.1347 0.487009 -3
      vertex 21.35 1.98 -3
      vertex 15.1928 0.4 -3
    endloop
  endfacet
  facet normal 0 0 -1
    outer loop
      vertex 15.0657 0.565685 -3
      vertex 21.35 1.98 -3
      vertex 15.1347 0.487009 -3
    endloop
  endfacet
  facet normal 0 0 -1
    outer loop
      vertex 14.987 0.634683 -3
      vertex 21.35 1.98 -3
      vertex 15.0657 0.565685 -3
    endloop
  endfacet
  facet normal 0 0 -1
    outer loop
      vertex 14.9 0.69282 -3
      vertex 21.35 1.98 -3
      vertex 14.987 0.634683 -3
    endloop
  endfacet
  facet normal 0 0 -1
    outer loop
      vertex 14.8061 0.739103 -3
      vertex 21.35 1.98 -3
      vertex 14.9 0.69282 -3
    endloop
  endfacet
  facet normal 0 0 -1
    outer loop
      vertex 14.7071 0.77274 -3
      vertex 21.35 1.98 -3
      vertex 14.8061 0.739103 -3
    endloop
  endfacet
  facet normal 0 0 -1
    outer loop
      vertex 14.6044 0.793156 -3
      vertex 21.35 1.98 -3
      vertex 14.7071 0.77274 -3
    endloop
  endfacet
  facet normal 0 0 -1
    outer loop
      vertex 14.5 0.799999 -3
      vertex 21.35 1.98 -3
      vertex 14.6044 0.793156 -3
    endloop
  endfacet
  facet normal 0 0 -1
    outer loop
      vertex 0 10 -3
      vertex 14.5 0.799999 -3
      vertex 14.3956 0.793156 -3
    endloop
  endfacet
  facet normal 0 0 -1
    outer loop
      vertex 11.3 0 -3
      vertex 13.7068 0.104421 -3
      vertex 13.7 0 -3
    endloop
  endfacet
  facet normal 0 0 -1
    outer loop
      vertex 11.2932 0.104421 -3
      vertex 13.7068 0.104421 -3
      vertex 11.3 0 -3
    endloop
  endfacet
  facet normal 0 0 -1
    outer loop
      vertex 13.7068 0.104421 -3
      vertex 11.2932 0.104421 -3
      vertex 13.7273 0.207055 -3
    endloop
  endfacet
  facet normal 0 0 -1
    outer loop
      vertex 11.2727 0.207055 -3
      vertex 13.7273 0.207055 -3
      vertex 11.2932 0.104421 -3
    endloop
  endfacet
  facet normal 0 0 -1
    outer loop
      vertex 13.7273 0.207055 -3
      vertex 11.2727 0.207055 -3
      vertex 13.7609 0.306147 -3
    endloop
  endfacet
  facet normal 0 0 -1
    outer loop
      vertex 11.2391 0.306147 -3
      vertex 13.7609 0.306147 -3
      vertex 11.2727 0.207055 -3
    endloop
  endfacet
  facet normal 0 0 -1
    outer loop
      vertex 13.7609 0.306147 -3
      vertex 11.2391 0.306147 -3
      vertex 13.8072 0.4 -3
    endloop
  endfacet
  facet normal 0 0 -1
    outer loop
      vertex 11.1928 0.4 -3
      vertex 13.8072 0.4 -3
      vertex 11.2391 0.306147 -3
    endloop
  endfacet
  facet normal 0 0 -1
    outer loop
      vertex 13.8072 0.4 -3
      vertex 11.1928 0.4 -3
      vertex 13.8653 0.487009 -3
    endloop
  endfacet
  facet normal 0 0 -1
    outer loop
      vertex 11.1347 0.487009 -3
      vertex 13.8653 0.487009 -3
      vertex 11.1928 0.4 -3
    endloop
  endfacet
  facet normal 0 0 -1
    outer loop
      vertex 13.8653 0.487009 -3
      vertex 11.1347 0.487009 -3
      vertex 13.9343 0.565685 -3
    endloop
  endfacet
  facet normal 0 0 -1
    outer loop
      vertex 11.0657 0.565685 -3
      vertex 13.9343 0.565685 -3
      vertex 11.1347 0.487009 -3
    endloop
  endfacet
  facet normal 0 0 -1
    outer loop
      vertex 13.9343 0.565685 -3
      vertex 11.0657 0.565685 -3
      vertex 14.013 0.634683 -3
    endloop
  endfacet
  facet normal 0 0 -1
    outer loop
      vertex 10.987 0.634683 -3
      vertex 14.013 0.634683 -3
      vertex 11.0657 0.565685 -3
    endloop
  endfacet
  facet normal 0 0 -1
    outer loop
      vertex 14.013 0.634683 -3
      vertex 10.987 0.634683 -3
      vertex 14.1 0.69282 -3
    endloop
  endfacet
  facet normal 0 0 -1
    outer loop
      vertex 10.9 0.69282 -3
      vertex 14.1 0.69282 -3
      vertex 10.987 0.634683 -3
    endloop
  endfacet
  facet normal 0 0 -1
    outer loop
      vertex 14.1 0.69282 -3
      vertex 10.9 0.69282 -3
      vertex 14.1939 0.739103 -3
    endloop
  endfacet
  facet normal 0 0 -1
    outer loop
      vertex 10.8061 0.739103 -3
      vertex 14.1939 0.739103 -3
      vertex 10.9 0.69282 -3
    endloop
  endfacet
  facet normal 0 0 -1
    outer loop
      vertex 14.1939 0.739103 -3
      vertex 10.8061 0.739103 -3
      vertex 14.2929 0.77274 -3
    endloop
  endfacet
  facet normal 0 0 -1
    outer loop
      vertex 10.7071 0.77274 -3
      vertex 14.2929 0.77274 -3
      vertex 10.8061 0.739103 -3
    endloop
  endfacet
  facet normal 0 0 -1
    outer loop
      vertex 14.2929 0.77274 -3
      vertex 10.7071 0.77274 -3
      vertex 14.3956 0.793156 -3
    endloop
  endfacet
  facet normal 0 0 -1
    outer loop
      vertex 10.6044 0.793156 -3
      vertex 14.3956 0.793156 -3
      vertex 10.7071 0.77274 -3
    endloop
  endfacet
  facet normal 0 0 -1
    outer loop
      vertex 14.5 0.799999 -3
      vertex 0 10 -3
      vertex 21.35 1.98 -3
    endloop
  endfacet
  facet normal 0 0 -1
    outer loop
      vertex 14.3956 0.793156 -3
      vertex 10.6044 0.793156 -3
      vertex 0 10 -3
    endloop
  endfacet
  facet normal 0 0 -1
    outer loop
      vertex 0 10 -3
      vertex 10.6044 0.793156 -3
      vertex 10.5 0.799999 -3
    endloop
  endfacet
  facet normal 0 0 -1
    outer loop
      vertex 0 10 -3
      vertex 10.5 0.799999 -3
      vertex 10.3956 0.793156 -3
    endloop
  endfacet
  facet normal 0 0 -1
    outer loop
      vertex 2.75 0 -3
      vertex 9.70684 0.104421 -3
      vertex 9.7 0 -3
    endloop
  endfacet
  facet normal 0 0 -1
    outer loop
      vertex 2.72647 0.358947 -3
      vertex 9.70684 0.104421 -3
      vertex 2.75 0 -3
    endloop
  endfacet
  facet normal 0 0 -1
    outer loop
      vertex 9.70684 0.104421 -3
      vertex 2.72647 0.358947 -3
      vertex 9.72726 0.207055 -3
    endloop
  endfacet
  facet normal 0 0 -1
    outer loop
      vertex 2.6563 0.711752 -3
      vertex 9.72726 0.207055 -3
      vertex 2.72647 0.358947 -3
    endloop
  endfacet
  facet normal 0 0 -1
    outer loop
      vertex 9.72726 0.207055 -3
      vertex 2.6563 0.711752 -3
      vertex 9.7609 0.306147 -3
    endloop
  endfacet
  facet normal 0 0 -1
    outer loop
      vertex 9.7609 0.306147 -3
      vertex 2.6563 0.711752 -3
      vertex 9.80718 0.4 -3
    endloop
  endfacet
  facet normal 0 0 -1
    outer loop
      vertex 2.54067 1.05238 -3
      vertex 9.80718 0.4 -3
      vertex 2.6563 0.711752 -3
    endloop
  endfacet
  facet normal 0 0 -1
    outer loop
      vertex 9.80718 0.4 -3
      vertex 2.54067 1.05238 -3
      vertex 9.86532 0.487009 -3
    endloop
  endfacet
  facet normal 0 0 -1
    outer loop
      vertex 2.38157 1.375 -3
      vertex 9.86532 0.487009 -3
      vertex 2.54067 1.05238 -3
    endloop
  endfacet
  facet normal 0 0 -1
    outer loop
      vertex 9.86532 0.487009 -3
      vertex 2.38157 1.375 -3
      vertex 9.93431 0.565685 -3
    endloop
  endfacet
  facet normal 0 0 -1
    outer loop
      vertex 2.18172 1.67409 -3
      vertex 9.93431 0.565685 -3
      vertex 2.38157 1.375 -3
    endloop
  endfacet
  facet normal 0 0 -1
    outer loop
      vertex 9.93431 0.565685 -3
      vertex 2.18172 1.67409 -3
      vertex 10.013 0.634683 -3
    endloop
  endfacet
  facet normal 0 0 -1
    outer loop
      vertex 10.013 0.634683 -3
      vertex 2.18172 1.67409 -3
      vertex 10.1 0.69282 -3
    endloop
  endfacet
  facet normal 0 0 -1
    outer loop
      vertex 1.94454 1.94454 -3
      vertex 10.1 0.69282 -3
      vertex 2.18172 1.67409 -3
    endloop
  endfacet
  facet normal 0 0 -1
    outer loop
      vertex 10.1 0.69282 -3
      vertex 1.94454 1.94454 -3
      vertex 10.1939 0.739103 -3
    endloop
  endfacet
  facet normal 0 0 -1
    outer loop
      vertex 0 10 -3
      vertex 10.1939 0.739103 -3
      vertex 1.94454 1.94454 -3
    endloop
  endfacet
  facet normal 0 0 -1
    outer loop
      vertex 10.1939 0.739103 -3
      vertex 0 10 -3
      vertex 10.2929 0.77274 -3
    endloop
  endfacet
  facet normal 0 0 -1
    outer loop
      vertex 10.2929 0.77274 -3
      vertex 0 10 -3
      vertex 10.3956 0.793156 -3
    endloop
  endfacet
  facet normal 0 0 -1
    outer loop
      vertex 0 10 -3
      vertex 1.94454 1.94454 -3
      vertex 1.67409 2.18172 -3
    endloop
  endfacet
  facet normal 0 0 -1
    outer loop
      vertex 0 10 -3
      vertex 1.67409 2.18172 -3
      vertex 1.375 2.38157 -3
    endloop
  endfacet
  facet normal 0 0 -1
    outer loop
      vertex 0 10 -3
      vertex 1.375 2.38157 -3
      vertex 1.05238 2.54067 -3
    endloop
  endfacet
  facet normal 0 0 -1
    outer loop
      vertex 0 10 -3
      vertex 1.05238 2.54067 -3
      vertex 0.711752 2.6563 -3
    endloop
  endfacet
  facet normal 0 0 -1
    outer loop
      vertex 0 10 -3
      vertex 0.711752 2.6563 -3
      vertex 0.358947 2.72647 -3
    endloop
  endfacet
  facet normal 0 0 -1
    outer loop
      vertex 0 10 -3
      vertex 0.358947 2.72647 -3
      vertex 0 2.75 -3
    endloop
  endfacet
  facet normal 0 0 -1
    outer loop
      vertex 23.35 1.98 -3
      vertex 0 10 -3
      vertex 57.85 7 -3
    endloop
  endfacet
  facet normal 0 0 -1
    outer loop
      vertex -0.358947 2.72647 -3
      vertex 0 10 -3
      vertex 0 2.75 -3
    endloop
  endfacet
  facet normal 0 0 -1
    outer loop
      vertex -1.30526 9.91445 -3
      vertex -0.358947 2.72647 -3
      vertex -0.711752 2.6563 -3
    endloop
  endfacet
  facet normal 0 0 -1
    outer loop
      vertex -2.58819 9.65926 -3
      vertex -0.711752 2.6563 -3
      vertex -1.05238 2.54067 -3
    endloop
  endfacet
  facet normal 0 0 -1
    outer loop
      vertex -0.358947 2.72647 -3
      vertex -1.30526 9.91445 -3
      vertex 0 10 -3
    endloop
  endfacet
  facet normal 0 0 -1
    outer loop
      vertex -3.82683 9.2388 -3
      vertex -1.05238 2.54067 -3
      vertex -1.375 2.38157 -3
    endloop
  endfacet
  facet normal 0 0 -1
    outer loop
      vertex -5 8.66025 -3
      vertex -1.375 2.38157 -3
      vertex -1.67409 2.18172 -3
    endloop
  endfacet
  facet normal 0 0 -1
    outer loop
      vertex -6.08761 7.93353 -3
      vertex -1.67409 2.18172 -3
      vertex -1.94454 1.94454 -3
    endloop
  endfacet
  facet normal 0 0 -1
    outer loop
      vertex -7.07107 7.07107 -3
      vertex -1.94454 1.94454 -3
      vertex -2.18172 1.67409 -3
    endloop
  endfacet
  facet normal 0 0 -1
    outer loop
      vertex -7.93353 6.08761 -3
      vertex -2.18172 1.67409 -3
      vertex -2.38157 1.375 -3
    endloop
  endfacet
  facet normal 0 0 -1
    outer loop
      vertex -8.66025 5 -3
      vertex -2.38157 1.375 -3
      vertex -2.54067 1.05238 -3
    endloop
  endfacet
  facet normal 0 0 -1
    outer loop
      vertex -0.711752 2.6563 -3
      vertex -2.58819 9.65926 -3
      vertex -1.30526 9.91445 -3
    endloop
  endfacet
  facet normal 0 0 -1
    outer loop
      vertex -9.2388 3.82683 -3
      vertex -2.54067 1.05238 -3
      vertex -2.6563 0.711752 -3
    endloop
  endfacet
  facet normal 0 0 -1
    outer loop
      vertex -9.65926 2.58819 -3
      vertex -2.6563 0.711752 -3
      vertex -2.72647 0.358947 -3
    endloop
  endfacet
  facet normal 0 0 -1
    outer loop
      vertex -9.91445 1.30526 -3
      vertex -2.72647 0.358947 -3
      vertex -2.75 0 -3
    endloop
  endfacet
  facet normal 0 0 -1
    outer loop
      vertex -8.66025 -5 -3
      vertex -2.38157 -1.375 -3
      vertex -7.93353 -6.08761 -3
    endloop
  endfacet
  facet normal 0 0 -1
    outer loop
      vertex -1.05238 2.54067 -3
      vertex -3.82683 9.2388 -3
      vertex -2.58819 9.65926 -3
    endloop
  endfacet
  facet normal -0 0 -1
    outer loop
      vertex -2.38157 -1.375 -3
      vertex -8.66025 -5 -3
      vertex -2.54067 -1.05238 -3
    endloop
  endfacet
  facet normal 0 0 -1
    outer loop
      vertex -1.375 2.38157 -3
      vertex -5 8.66025 -3
      vertex -3.82683 9.2388 -3
    endloop
  endfacet
  facet normal 0 0 -1
    outer loop
      vertex -9.2388 -3.82683 -3
      vertex -2.54067 -1.05238 -3
      vertex -8.66025 -5 -3
    endloop
  endfacet
  facet normal 0 0 -1
    outer loop
      vertex -1.67409 2.18172 -3
      vertex -6.08761 7.93353 -3
      vertex -5 8.66025 -3
    endloop
  endfacet
  facet normal -0 0 -1
    outer loop
      vertex -2.54067 -1.05238 -3
      vertex -9.2388 -3.82683 -3
      vertex -2.6563 -0.711752 -3
    endloop
  endfacet
  facet normal 0 0 -1
    outer loop
      vertex -1.94454 1.94454 -3
      vertex -7.07107 7.07107 -3
      vertex -6.08761 7.93353 -3
    endloop
  endfacet
  facet normal 0 0 -1
    outer loop
      vertex -9.65926 -2.58819 -3
      vertex -2.6563 -0.711752 -3
      vertex -9.2388 -3.82683 -3
    endloop
  endfacet
  facet normal 0 0 -1
    outer loop
      vertex -2.18172 1.67409 -3
      vertex -7.93353 6.08761 -3
      vertex -7.07107 7.07107 -3
    endloop
  endfacet
  facet normal -0 0 -1
    outer loop
      vertex -2.6563 -0.711752 -3
      vertex -9.65926 -2.58819 -3
      vertex -2.72647 -0.358947 -3
    endloop
  endfacet
  facet normal 0 0 -1
    outer loop
      vertex -2.38157 1.375 -3
      vertex -8.66025 5 -3
      vertex -7.93353 6.08761 -3
    endloop
  endfacet
  facet normal 0 0 -1
    outer loop
      vertex -9.91445 -1.30526 -3
      vertex -2.72647 -0.358947 -3
      vertex -9.65926 -2.58819 -3
    endloop
  endfacet
  facet normal 0 0 -1
    outer loop
      vertex -2.54067 1.05238 -3
      vertex -9.2388 3.82683 -3
      vertex -8.66025 5 -3
    endloop
  endfacet
  facet normal -0 0 -1
    outer loop
      vertex -2.72647 -0.358947 -3
      vertex -9.91445 -1.30526 -3
      vertex -2.75 0 -3
    endloop
  endfacet
  facet normal 0 0 -1
    outer loop
      vertex -2.6563 0.711752 -3
      vertex -9.65926 2.58819 -3
      vertex -9.2388 3.82683 -3
    endloop
  endfacet
  facet normal 0 0 -1
    outer loop
      vertex -10 0 -3
      vertex -2.75 0 -3
      vertex -9.91445 -1.30526 -3
    endloop
  endfacet
  facet normal 0 0 -1
    outer loop
      vertex -2.72647 0.358947 -3
      vertex -9.91445 1.30526 -3
      vertex -9.65926 2.58819 -3
    endloop
  endfacet
  facet normal 0 0 -1
    outer loop
      vertex -2.75 0 -3
      vertex -10 0 -3
      vertex -9.91445 1.30526 -3
    endloop
  endfacet
  facet normal -0.896871 -0.442293 0
    outer loop
      vertex -8.66025 -5 -3
      vertex -9.2388 -3.82683 0
      vertex -9.2388 -3.82683 -3
    endloop
  endfacet
  facet normal -0.896871 -0.442293 0
    outer loop
      vertex -9.2388 -3.82683 0
      vertex -8.66025 -5 -3
      vertex -8.66025 -5 0
    endloop
  endfacet
  facet normal -0.321438 0.946931 0
    outer loop
      vertex -2.58819 9.65926 -3
      vertex -3.82683 9.2388 0
      vertex -2.58819 9.65926 0
    endloop
  endfacet
  facet normal -0.321438 0.946931 0
    outer loop
      vertex -3.82683 9.2388 0
      vertex -2.58819 9.65926 -3
      vertex -3.82683 9.2388 -3
    endloop
  endfacet
  facet normal -0.19509 0.980785 0
    outer loop
      vertex -1.30526 9.91445 -3
      vertex -2.58819 9.65926 0
      vertex -1.30526 9.91445 0
    endloop
  endfacet
  facet normal -0.19509 0.980785 0
    outer loop
      vertex -2.58819 9.65926 0
      vertex -1.30526 9.91445 -3
      vertex -2.58819 9.65926 -3
    endloop
  endfacet
  facet normal -0.896871 0.442293 0
    outer loop
      vertex -9.2388 3.82683 -3
      vertex -8.66025 5 0
      vertex -8.66025 5 -3
    endloop
  endfacet
  facet normal -0.896871 0.442293 0
    outer loop
      vertex -8.66025 5 0
      vertex -9.2388 3.82683 -3
      vertex -9.2388 3.82683 0
    endloop
  endfacet
  facet normal -0.997859 -0.0654022 0
    outer loop
      vertex -9.91445 -1.30526 -3
      vertex -10 0 0
      vertex -10 0 -3
    endloop
  endfacet
  facet normal -0.997859 -0.0654022 0
    outer loop
      vertex -10 0 0
      vertex -9.91445 -1.30526 -3
      vertex -9.91445 -1.30526 0
    endloop
  endfacet
  facet normal 0 0 1
    outer loop
      vertex 57.85 7 0
      vertex 18.7 0 0
      vertex 57.85 -7 0
    endloop
  endfacet
  facet normal 0 0 1
    outer loop
      vertex 57.85 7 0
      vertex 18.6803 0.30021 0
      vertex 18.7 0 0
    endloop
  endfacet
  facet normal 0 0 1
    outer loop
      vertex 57.85 7 0
      vertex 18.6216 0.595284 0
      vertex 18.6803 0.30021 0
    endloop
  endfacet
  facet normal 0 0 1
    outer loop
      vertex 57.85 7 0
      vertex 18.5249 0.880172 0
      vertex 18.6216 0.595284 0
    endloop
  endfacet
  facet normal 0 0 1
    outer loop
      vertex 57.85 7 0
      vertex 18.3919 1.15 0
      vertex 18.5249 0.880172 0
    endloop
  endfacet
  facet normal 0 0 1
    outer loop
      vertex 57.85 7 0
      vertex 18.2247 1.40015 0
      vertex 18.3919 1.15 0
    endloop
  endfacet
  facet normal 0 0 1
    outer loop
      vertex 57.85 7 0
      vertex 18.0263 1.62634 0
      vertex 18.2247 1.40015 0
    endloop
  endfacet
  facet normal 0 0 1
    outer loop
      vertex 57.85 7 0
      vertex 17.8002 1.82471 0
      vertex 18.0263 1.62634 0
    endloop
  endfacet
  facet normal 0 0 1
    outer loop
      vertex 57.85 7 0
      vertex 17.55 1.99186 0
      vertex 17.8002 1.82471 0
    endloop
  endfacet
  facet normal 0 0 1
    outer loop
      vertex 57.85 7 0
      vertex 17.2802 2.12492 0
      vertex 17.55 1.99186 0
    endloop
  endfacet
  facet normal 0 0 1
    outer loop
      vertex 57.85 7 0
      vertex 16.9953 2.22163 0
      vertex 17.2802 2.12492 0
    endloop
  endfacet
  facet normal 0 0 1
    outer loop
      vertex 0 10 0
      vertex 16.9953 2.22163 0
      vertex 57.85 7 0
    endloop
  endfacet
  facet normal 0 0 1
    outer loop
      vertex 16.9953 2.22163 0
      vertex 0 10 0
      vertex 16.7002 2.28032 0
    endloop
  endfacet
  facet normal 0 0 1
    outer loop
      vertex 16.7002 2.28032 0
      vertex 0 10 0
      vertex 0.522104 3.96578 0
    endloop
  endfacet
  facet normal 0 0 1
    outer loop
      vertex 0 10 0
      vertex 0 4 0
      vertex 0.522104 3.96578 0
    endloop
  endfacet
  facet normal 0 0 1
    outer loop
      vertex 0 10 0
      vertex -0.522104 3.96578 0
      vertex 0 4 0
    endloop
  endfacet
  facet normal -0 0 1
    outer loop
      vertex -1.30526 9.91445 0
      vertex -0.522104 3.96578 0
      vertex 0 10 0
    endloop
  endfacet
  facet normal 0 0 1
    outer loop
      vertex -0.522104 3.96578 0
      vertex -1.30526 9.91445 0
      vertex -1.03528 3.8637 0
    endloop
  endfacet
  facet normal -0 0 1
    outer loop
      vertex -2.58819 9.65926 0
      vertex -1.03528 3.8637 0
      vertex -1.30526 9.91445 0
    endloop
  endfacet
  facet normal 0 0 1
    outer loop
      vertex -1.03528 3.8637 0
      vertex -2.58819 9.65926 0
      vertex -1.53073 3.69552 0
    endloop
  endfacet
  facet normal -0 0 1
    outer loop
      vertex -3.82683 9.2388 0
      vertex -1.53073 3.69552 0
      vertex -2.58819 9.65926 0
    endloop
  endfacet
  facet normal 0 0 1
    outer loop
      vertex -1.53073 3.69552 0
      vertex -3.82683 9.2388 0
      vertex -2 3.4641 0
    endloop
  endfacet
  facet normal -0 0 1
    outer loop
      vertex -5 8.66025 0
      vertex -2 3.4641 0
      vertex -3.82683 9.2388 0
    endloop
  endfacet
  facet normal 0 0 1
    outer loop
      vertex -2 3.4641 0
      vertex -5 8.66025 0
      vertex -2.43505 3.17341 0
    endloop
  endfacet
  facet normal -0 0 1
    outer loop
      vertex -6.08761 7.93353 0
      vertex -2.43505 3.17341 0
      vertex -5 8.66025 0
    endloop
  endfacet
  facet normal 0 0 1
    outer loop
      vertex -2.43505 3.17341 0
      vertex -6.08761 7.93353 0
      vertex -2.82843 2.82843 0
    endloop
  endfacet
  facet normal -0 0 1
    outer loop
      vertex -7.07107 7.07107 0
      vertex -2.82843 2.82843 0
      vertex -6.08761 7.93353 0
    endloop
  endfacet
  facet normal 0 0 1
    outer loop
      vertex -2.82843 2.82843 0
      vertex -7.07107 7.07107 0
      vertex -3.17341 2.43505 0
    endloop
  endfacet
  facet normal -0 0 1
    outer loop
      vertex -7.93353 6.08761 0
      vertex -3.17341 2.43505 0
      vertex -7.07107 7.07107 0
    endloop
  endfacet
  facet normal 0 0 1
    outer loop
      vertex -3.17341 2.43505 0
      vertex -7.93353 6.08761 0
      vertex -3.4641 2 0
    endloop
  endfacet
  facet normal -0 0 1
    outer loop
      vertex -8.66025 5 0
      vertex -3.4641 2 0
      vertex -7.93353 6.08761 0
    endloop
  endfacet
  facet normal -0 0 1
    outer loop
      vertex 18.6803 -0.30021 0
      vertex 57.85 -7 0
      vertex 18.7 0 0
    endloop
  endfacet
  facet normal -0 0 1
    outer loop
      vertex 18.6216 -0.595284 0
      vertex 57.85 -7 0
      vertex 18.6803 -0.30021 0
    endloop
  endfacet
  facet normal -0 0 1
    outer loop
      vertex 18.5249 -0.880172 0
      vertex 57.85 -7 0
      vertex 18.6216 -0.595284 0
    endloop
  endfacet
  facet normal -0 0 1
    outer loop
      vertex 18.3919 -1.15 0
      vertex 57.85 -7 0
      vertex 18.5249 -0.880172 0
    endloop
  endfacet
  facet normal -0 0 1
    outer loop
      vertex 18.2247 -1.40015 0
      vertex 57.85 -7 0
      vertex 18.3919 -1.15 0
    endloop
  endfacet
  facet normal -0 0 1
    outer loop
      vertex 18.0263 -1.62634 0
      vertex 57.85 -7 0
      vertex 18.2247 -1.40015 0
    endloop
  endfacet
  facet normal -0 0 1
    outer loop
      vertex 17.8002 -1.82471 0
      vertex 57.85 -7 0
      vertex 18.0263 -1.62634 0
    endloop
  endfacet
  facet normal -0 0 1
    outer loop
      vertex 17.55 -1.99186 0
      vertex 57.85 -7 0
      vertex 17.8002 -1.82471 0
    endloop
  endfacet
  facet normal -0 0 1
    outer loop
      vertex 17.2802 -2.12492 0
      vertex 57.85 -7 0
      vertex 17.55 -1.99186 0
    endloop
  endfacet
  facet normal -0 0 1
    outer loop
      vertex 16.9953 -2.22163 0
      vertex 57.85 -7 0
      vertex 17.2802 -2.12492 0
    endloop
  endfacet
  facet normal 0 0 1
    outer loop
      vertex 0 -10 0
      vertex 16.9953 -2.22163 0
      vertex 16.7002 -2.28032 0
    endloop
  endfacet
  facet normal 0 0 1
    outer loop
      vertex 0 -10 0
      vertex 16.7002 -2.28032 0
      vertex 0.522104 -3.96578 0
    endloop
  endfacet
  facet normal 0 0 1
    outer loop
      vertex 0 -10 0
      vertex 0.522104 -3.96578 0
      vertex 0 -4 0
    endloop
  endfacet
  facet normal 0 0 1
    outer loop
      vertex 16.9953 -2.22163 0
      vertex 0 -10 0
      vertex 57.85 -7 0
    endloop
  endfacet
  facet normal 0 0 1
    outer loop
      vertex -0.522104 -3.96578 0
      vertex 0 -10 0
      vertex 0 -4 0
    endloop
  endfacet
  facet normal 0 0 1
    outer loop
      vertex -1.30526 -9.91445 0
      vertex -0.522104 -3.96578 0
      vertex -1.03528 -3.8637 0
    endloop
  endfacet
  facet normal 0 0 1
    outer loop
      vertex -0.522104 -3.96578 0
      vertex -1.30526 -9.91445 0
      vertex 0 -10 0
    endloop
  endfacet
  facet normal 0 0 1
    outer loop
      vertex -2.58819 -9.65926 0
      vertex -1.03528 -3.8637 0
      vertex -1.53073 -3.69552 0
    endloop
  endfacet
  facet normal 0 0 1
    outer loop
      vertex -3.82683 -9.2388 0
      vertex -1.53073 -3.69552 0
      vertex -2 -3.4641 0
    endloop
  endfacet
  facet normal 0 0 1
    outer loop
      vertex -5 -8.66025 0
      vertex -2 -3.4641 0
      vertex -2.43505 -3.17341 0
    endloop
  endfacet
  facet normal 0 0 1
    outer loop
      vertex -1.03528 -3.8637 0
      vertex -2.58819 -9.65926 0
      vertex -1.30526 -9.91445 0
    endloop
  endfacet
  facet normal 0 0 1
    outer loop
      vertex -6.08761 -7.93353 0
      vertex -2.43505 -3.17341 0
      vertex -2.82843 -2.82843 0
    endloop
  endfacet
  facet normal 0 0 1
    outer loop
      vertex -7.07107 -7.07107 0
      vertex -2.82843 -2.82843 0
      vertex -3.17341 -2.43505 0
    endloop
  endfacet
  facet normal 0 0 1
    outer loop
      vertex -7.93353 -6.08761 0
      vertex -3.17341 -2.43505 0
      vertex -3.4641 -2 0
    endloop
  endfacet
  facet normal 0 0 1
    outer loop
      vertex -8.66025 -5 0
      vertex -3.4641 -2 0
      vertex -3.69552 -1.53073 0
    endloop
  endfacet
  facet normal 0 0 1
    outer loop
      vertex -1.53073 -3.69552 0
      vertex -3.82683 -9.2388 0
      vertex -2.58819 -9.65926 0
    endloop
  endfacet
  facet normal 0 0 1
    outer loop
      vertex -9.2388 -3.82683 0
      vertex -3.69552 -1.53073 0
      vertex -3.8637 -1.03528 0
    endloop
  endfacet
  facet normal 0 0 1
    outer loop
      vertex -9.65926 -2.58819 0
      vertex -3.8637 -1.03528 0
      vertex -3.96578 -0.522104 0
    endloop
  endfacet
  facet normal 0 0 1
    outer loop
      vertex -9.91445 -1.30526 0
      vertex -3.96578 -0.522104 0
      vertex -4 0 0
    endloop
  endfacet
  facet normal 0 0 1
    outer loop
      vertex -3.4641 2 0
      vertex -8.66025 5 0
      vertex -3.69552 1.53073 0
    endloop
  endfacet
  facet normal 0 0 1
    outer loop
      vertex -2 -3.4641 0
      vertex -5 -8.66025 0
      vertex -3.82683 -9.2388 0
    endloop
  endfacet
  facet normal -0 0 1
    outer loop
      vertex -9.2388 3.82683 0
      vertex -3.69552 1.53073 0
      vertex -8.66025 5 0
    endloop
  endfacet
  facet normal 0 0 1
    outer loop
      vertex -2.43505 -3.17341 0
      vertex -6.08761 -7.93353 0
      vertex -5 -8.66025 0
    endloop
  endfacet
  facet normal 0 0 1
    outer loop
      vertex -3.69552 1.53073 0
      vertex -9.2388 3.82683 0
      vertex -3.8637 1.03528 0
    endloop
  endfacet
  facet normal 0 0 1
    outer loop
      vertex -2.82843 -2.82843 0
      vertex -7.07107 -7.07107 0
      vertex -6.08761 -7.93353 0
    endloop
  endfacet
  facet normal -0 0 1
    outer loop
      vertex -9.65926 2.58819 0
      vertex -3.8637 1.03528 0
      vertex -9.2388 3.82683 0
    endloop
  endfacet
  facet normal 0 0 1
    outer loop
      vertex -3.17341 -2.43505 0
      vertex -7.93353 -6.08761 0
      vertex -7.07107 -7.07107 0
    endloop
  endfacet
  facet normal 0 0 1
    outer loop
      vertex -3.8637 1.03528 0
      vertex -9.65926 2.58819 0
      vertex -3.96578 0.522104 0
    endloop
  endfacet
  facet normal 0 0 1
    outer loop
      vertex -3.4641 -2 0
      vertex -8.66025 -5 0
      vertex -7.93353 -6.08761 0
    endloop
  endfacet
  facet normal -0 0 1
    outer loop
      vertex -9.91445 1.30526 0
      vertex -3.96578 0.522104 0
      vertex -9.65926 2.58819 0
    endloop
  endfacet
  facet normal 0 0 1
    outer loop
      vertex -3.69552 -1.53073 0
      vertex -9.2388 -3.82683 0
      vertex -8.66025 -5 0
    endloop
  endfacet
  facet normal 0 0 1
    outer loop
      vertex -3.96578 0.522104 0
      vertex -9.91445 1.30526 0
      vertex -4 0 0
    endloop
  endfacet
  facet normal 0 0 1
    outer loop
      vertex -3.8637 -1.03528 0
      vertex -9.65926 -2.58819 0
      vertex -9.2388 -3.82683 0
    endloop
  endfacet
  facet normal 0 0 1
    outer loop
      vertex -10 0 0
      vertex -4 0 0
      vertex -9.91445 1.30526 0
    endloop
  endfacet
  facet normal 0 0 1
    outer loop
      vertex -3.96578 -0.522104 0
      vertex -9.91445 -1.30526 0
      vertex -9.65926 -2.58819 0
    endloop
  endfacet
  facet normal 0 0 1
    outer loop
      vertex -4 0 0
      vertex -10 0 0
      vertex -9.91445 -1.30526 0
    endloop
  endfacet
  facet normal -0.0654022 0.997859 0
    outer loop
      vertex 0 10 -3
      vertex -1.30526 9.91445 0
      vertex 0 10 0
    endloop
  endfacet
  facet normal -0.0654022 0.997859 0
    outer loop
      vertex -1.30526 9.91445 0
      vertex 0 10 -3
      vertex -1.30526 9.91445 -3
    endloop
  endfacet
  facet normal -0.980785 -0.19509 0
    outer loop
      vertex -9.65926 -2.58819 -3
      vertex -9.91445 -1.30526 0
      vertex -9.91445 -1.30526 -3
    endloop
  endfacet
  facet normal -0.980785 -0.19509 0
    outer loop
      vertex -9.91445 -1.30526 0
      vertex -9.65926 -2.58819 -3
      vertex -9.65926 -2.58819 0
    endloop
  endfacet
  facet normal -0.555571 -0.831469 0
    outer loop
      vertex -6.08761 -7.93353 -3
      vertex -5 -8.66025 0
      vertex -6.08761 -7.93353 0
    endloop
  endfacet
  facet normal -0.555571 -0.831469 -0
    outer loop
      vertex -5 -8.66025 0
      vertex -6.08761 -7.93353 -3
      vertex -5 -8.66025 -3
    endloop
  endfacet
  facet normal -0.751844 0.659341 0
    outer loop
      vertex -7.93353 6.08761 -3
      vertex -7.07107 7.07107 0
      vertex -7.07107 7.07107 -3
    endloop
  endfacet
  facet normal -0.751844 0.659341 0
    outer loop
      vertex -7.07107 7.07107 0
      vertex -7.93353 6.08761 -3
      vertex -7.93353 6.08761 0
    endloop
  endfacet
  facet normal -0.831469 0.555571 0
    outer loop
      vertex -8.66025 5 -3
      vertex -7.93353 6.08761 0
      vertex -7.93353 6.08761 -3
    endloop
  endfacet
  facet normal -0.831469 0.555571 0
    outer loop
      vertex -7.93353 6.08761 0
      vertex -8.66025 5 -3
      vertex -8.66025 5 0
    endloop
  endfacet
  facet normal 0 0 -1
    outer loop
      vertex 21.35 -7 -19
      vertex 57.85 -4 -19
      vertex 57.85 -7 -19
    endloop
  endfacet
  facet normal -0 0 -1
    outer loop
      vertex 57.85 -4 -19
      vertex 21.35 -7 -19
      vertex 21.35 -4 -19
    endloop
  endfacet
  facet normal 0 -1 0
    outer loop
      vertex 51.4 -7 -3.4
      vertex 53.4956 -7 -8.90684
      vertex 53.6 -7 -8.9
    endloop
  endfacet
  facet normal 0 -1 0
    outer loop
      vertex 51.4 -7 -3.4
      vertex 53.3929 -7 -8.92726
      vertex 53.4956 -7 -8.90684
    endloop
  endfacet
  facet normal 0 -1 0
    outer loop
      vertex 51.4 -7 -3.4
      vertex 53.2939 -7 -8.9609
      vertex 53.3929 -7 -8.92726
    endloop
  endfacet
  facet normal 0 -1 0
    outer loop
      vertex 51.4 -7 -3.4
      vertex 53.2 -7 -9.00718
      vertex 53.2939 -7 -8.9609
    endloop
  endfacet
  facet normal 0 -1 0
    outer loop
      vertex 51.4 -7 -3.4
      vertex 53.113 -7 -9.06532
      vertex 53.2 -7 -9.00718
    endloop
  endfacet
  facet normal 0 -1 0
    outer loop
      vertex 51.4 -7 -3.4
      vertex 53.0343 -7 -9.13431
      vertex 53.113 -7 -9.06532
    endloop
  endfacet
  facet normal 0 -1 0
    outer loop
      vertex 51.4 -7 -3.4
      vertex 52.9653 -7 -9.21299
      vertex 53.0343 -7 -9.13431
    endloop
  endfacet
  facet normal 0 -1 0
    outer loop
      vertex 51.4 -7 -3.4
      vertex 52.9072 -7 -9.3
      vertex 52.9653 -7 -9.21299
    endloop
  endfacet
  facet normal 0 -1 0
    outer loop
      vertex 51.4 -7 -3.4
      vertex 52.8609 -7 -9.39385
      vertex 52.9072 -7 -9.3
    endloop
  endfacet
  facet normal 0 -1 0
    outer loop
      vertex 51.4 -7 -3.4
      vertex 52.8273 -7 -9.49294
      vertex 52.8609 -7 -9.39385
    endloop
  endfacet
  facet normal 0 -1 0
    outer loop
      vertex 51.4 -7 -3.4
      vertex 52.8068 -7 -9.59558
      vertex 52.8273 -7 -9.49294
    endloop
  endfacet
  facet normal 0 -1 0
    outer loop
      vertex 51.4 -7 -3.4
      vertex 52.8 -7 -9.7
      vertex 52.8068 -7 -9.59558
    endloop
  endfacet
  facet normal 0 -1 0
    outer loop
      vertex 51.4 -7 -16
      vertex 52.8 -7 -9.7
      vertex 51.4 -7 -3.4
    endloop
  endfacet
  facet normal 0 -1 -0
    outer loop
      vertex 52.8 -7 -9.7
      vertex 51.4 -7 -16
      vertex 52.8068 -7 -9.80442
    endloop
  endfacet
  facet normal 0 -1 -0
    outer loop
      vertex 53.4956 -7 -10.4932
      vertex 51.4 -7 -16
      vertex 53.6 -7 -10.5
    endloop
  endfacet
  facet normal 0 -1 -0
    outer loop
      vertex 53.3929 -7 -10.4727
      vertex 51.4 -7 -16
      vertex 53.4956 -7 -10.4932
    endloop
  endfacet
  facet normal 0 -1 -0
    outer loop
      vertex 53.2939 -7 -10.4391
      vertex 51.4 -7 -16
      vertex 53.3929 -7 -10.4727
    endloop
  endfacet
  facet normal 0 -1 -0
    outer loop
      vertex 53.2 -7 -10.3928
      vertex 51.4 -7 -16
      vertex 53.2939 -7 -10.4391
    endloop
  endfacet
  facet normal 0 -1 -0
    outer loop
      vertex 53.113 -7 -10.3347
      vertex 51.4 -7 -16
      vertex 53.2 -7 -10.3928
    endloop
  endfacet
  facet normal 0 -1 -0
    outer loop
      vertex 53.0343 -7 -10.2657
      vertex 51.4 -7 -16
      vertex 53.113 -7 -10.3347
    endloop
  endfacet
  facet normal 0 -1 -0
    outer loop
      vertex 52.9653 -7 -10.187
      vertex 51.4 -7 -16
      vertex 53.0343 -7 -10.2657
    endloop
  endfacet
  facet normal 0 -1 -0
    outer loop
      vertex 52.9072 -7 -10.1
      vertex 51.4 -7 -16
      vertex 52.9653 -7 -10.187
    endloop
  endfacet
  facet normal 0 -1 -0
    outer loop
      vertex 52.8609 -7 -10.0061
      vertex 51.4 -7 -16
      vertex 52.9072 -7 -10.1
    endloop
  endfacet
  facet normal 0 -1 -0
    outer loop
      vertex 52.8273 -7 -9.90705
      vertex 51.4 -7 -16
      vertex 52.8609 -7 -10.0061
    endloop
  endfacet
  facet normal 0 -1 -0
    outer loop
      vertex 52.8068 -7 -9.80442
      vertex 51.4 -7 -16
      vertex 52.8273 -7 -9.90705
    endloop
  endfacet
  facet normal 0 -1 0
    outer loop
      vertex 21.35 -7 -3
      vertex 28.2 -7 -3.4
      vertex 57.85 -7 -3
    endloop
  endfacet
  facet normal 0 -1 0
    outer loop
      vertex 25.4956 -7 -8.90684
      vertex 28.2 -7 -3.4
      vertex 21.35 -7 -3
    endloop
  endfacet
  facet normal 0 -1 0
    outer loop
      vertex 28.2 -7 -3.4
      vertex 25.4956 -7 -8.90684
      vertex 25.6 -7 -8.9
    endloop
  endfacet
  facet normal 0 -1 0
    outer loop
      vertex 21.35 -7 -3
      vertex 25.3929 -7 -8.92726
      vertex 25.4956 -7 -8.90684
    endloop
  endfacet
  facet normal 0 -1 0
    outer loop
      vertex 21.35 -7 -3
      vertex 25.2939 -7 -8.9609
      vertex 25.3929 -7 -8.92726
    endloop
  endfacet
  facet normal 0 -1 0
    outer loop
      vertex 21.35 -7 -3
      vertex 25.2 -7 -9.00718
      vertex 25.2939 -7 -8.9609
    endloop
  endfacet
  facet normal 0 -1 0
    outer loop
      vertex 21.35 -7 -3
      vertex 25.113 -7 -9.06532
      vertex 25.2 -7 -9.00718
    endloop
  endfacet
  facet normal 0 -1 0
    outer loop
      vertex 21.35 -7 -3
      vertex 25.0343 -7 -9.13431
      vertex 25.113 -7 -9.06532
    endloop
  endfacet
  facet normal 0 -1 0
    outer loop
      vertex 21.35 -7 -3
      vertex 24.9653 -7 -9.21299
      vertex 25.0343 -7 -9.13431
    endloop
  endfacet
  facet normal 0 -1 0
    outer loop
      vertex 21.35 -7 -3
      vertex 24.9072 -7 -9.3
      vertex 24.9653 -7 -9.21299
    endloop
  endfacet
  facet normal 0 -1 0
    outer loop
      vertex 21.35 -7 -3
      vertex 24.8609 -7 -9.39385
      vertex 24.9072 -7 -9.3
    endloop
  endfacet
  facet normal 0 -1 0
    outer loop
      vertex 21.35 -7 -3
      vertex 24.8273 -7 -9.49294
      vertex 24.8609 -7 -9.39385
    endloop
  endfacet
  facet normal 0 -1 0
    outer loop
      vertex 21.35 -7 -3
      vertex 24.8068 -7 -9.59558
      vertex 24.8273 -7 -9.49294
    endloop
  endfacet
  facet normal 0 -1 0
    outer loop
      vertex 21.35 -7 -3
      vertex 24.8 -7 -9.7
      vertex 24.8068 -7 -9.59558
    endloop
  endfacet
  facet normal 0 -1 0
    outer loop
      vertex 21.35 -7 -3
      vertex 24.8068 -7 -9.80442
      vertex 24.8 -7 -9.7
    endloop
  endfacet
  facet normal 0 -1 0
    outer loop
      vertex 21.35 -7 -19
      vertex 24.8068 -7 -9.80442
      vertex 21.35 -7 -3
    endloop
  endfacet
  facet normal 0 -1 -0
    outer loop
      vertex 24.8068 -7 -9.80442
      vertex 21.35 -7 -19
      vertex 24.8273 -7 -9.90705
    endloop
  endfacet
  facet normal 0 -1 -0
    outer loop
      vertex 24.8273 -7 -9.90705
      vertex 21.35 -7 -19
      vertex 24.8609 -7 -10.0061
    endloop
  endfacet
  facet normal 0 -1 0
    outer loop
      vertex 25.4956 -7 -10.4932
      vertex 28.2 -7 -16
      vertex 25.6 -7 -10.5
    endloop
  endfacet
  facet normal 0 -1 0
    outer loop
      vertex 25.3929 -7 -10.4727
      vertex 28.2 -7 -16
      vertex 25.4956 -7 -10.4932
    endloop
  endfacet
  facet normal 0 -1 0
    outer loop
      vertex 25.2939 -7 -10.4391
      vertex 28.2 -7 -16
      vertex 25.3929 -7 -10.4727
    endloop
  endfacet
  facet normal 0 -1 0
    outer loop
      vertex 21.35 -7 -19
      vertex 25.2939 -7 -10.4391
      vertex 25.2 -7 -10.3928
    endloop
  endfacet
  facet normal 0 -1 0
    outer loop
      vertex 21.35 -7 -19
      vertex 25.2 -7 -10.3928
      vertex 25.113 -7 -10.3347
    endloop
  endfacet
  facet normal 0 -1 0
    outer loop
      vertex 21.35 -7 -19
      vertex 25.113 -7 -10.3347
      vertex 25.0343 -7 -10.2657
    endloop
  endfacet
  facet normal 0 -1 0
    outer loop
      vertex 21.35 -7 -19
      vertex 25.0343 -7 -10.2657
      vertex 24.9653 -7 -10.187
    endloop
  endfacet
  facet normal 0 -1 0
    outer loop
      vertex 21.35 -7 -19
      vertex 24.9653 -7 -10.187
      vertex 24.9072 -7 -10.1
    endloop
  endfacet
  facet normal 0 -1 0
    outer loop
      vertex 57.85 -7 -19
      vertex 28.2 -7 -16
      vertex 21.35 -7 -19
    endloop
  endfacet
  facet normal 0 -1 -0
    outer loop
      vertex 25.2939 -7 -10.4391
      vertex 21.35 -7 -19
      vertex 28.2 -7 -16
    endloop
  endfacet
  facet normal 0 -1 -0
    outer loop
      vertex 24.8609 -7 -10.0061
      vertex 21.35 -7 -19
      vertex 24.9072 -7 -10.1
    endloop
  endfacet
  facet normal 0 -1 0
    outer loop
      vertex 51.4 -7 -3.4
      vertex 57.85 -7 -3
      vertex 28.2 -7 -3.4
    endloop
  endfacet
  facet normal 0 -1 0
    outer loop
      vertex 53.7044 -7 -8.90684
      vertex 51.4 -7 -3.4
      vertex 53.6 -7 -8.9
    endloop
  endfacet
  facet normal 0 -1 0
    outer loop
      vertex 53.8071 -7 -8.92726
      vertex 51.4 -7 -3.4
      vertex 53.7044 -7 -8.90684
    endloop
  endfacet
  facet normal 0 -1 0
    outer loop
      vertex 51.4 -7 -3.4
      vertex 53.8071 -7 -8.92726
      vertex 57.85 -7 -3
    endloop
  endfacet
  facet normal 0 -1 0
    outer loop
      vertex 53.9061 -7 -8.9609
      vertex 57.85 -7 -3
      vertex 53.8071 -7 -8.92726
    endloop
  endfacet
  facet normal 0 -1 0
    outer loop
      vertex 54 -7 -9.00718
      vertex 57.85 -7 -3
      vertex 53.9061 -7 -8.9609
    endloop
  endfacet
  facet normal 0 -1 0
    outer loop
      vertex 54.087 -7 -9.06532
      vertex 57.85 -7 -3
      vertex 54 -7 -9.00718
    endloop
  endfacet
  facet normal 0 -1 0
    outer loop
      vertex 54.1657 -7 -9.13431
      vertex 57.85 -7 -3
      vertex 54.087 -7 -9.06532
    endloop
  endfacet
  facet normal 0 -1 0
    outer loop
      vertex 54.2347 -7 -9.21299
      vertex 57.85 -7 -3
      vertex 54.1657 -7 -9.13431
    endloop
  endfacet
  facet normal 0 -1 0
    outer loop
      vertex 54.2928 -7 -9.3
      vertex 57.85 -7 -3
      vertex 54.2347 -7 -9.21299
    endloop
  endfacet
  facet normal 0 -1 0
    outer loop
      vertex 54.3391 -7 -9.39385
      vertex 57.85 -7 -3
      vertex 54.2928 -7 -9.3
    endloop
  endfacet
  facet normal 0 -1 0
    outer loop
      vertex 54.3727 -7 -9.49294
      vertex 57.85 -7 -3
      vertex 54.3391 -7 -9.39385
    endloop
  endfacet
  facet normal 0 -1 0
    outer loop
      vertex 54.3932 -7 -9.59558
      vertex 57.85 -7 -3
      vertex 54.3727 -7 -9.49294
    endloop
  endfacet
  facet normal 0 -1 0
    outer loop
      vertex 54.4 -7 -9.7
      vertex 57.85 -7 -3
      vertex 54.3932 -7 -9.59558
    endloop
  endfacet
  facet normal 0 -1 0
    outer loop
      vertex 54.3932 -7 -9.80442
      vertex 57.85 -7 -3
      vertex 54.4 -7 -9.7
    endloop
  endfacet
  facet normal 0 -1 0
    outer loop
      vertex 57.85 -7 -19
      vertex 54.3932 -7 -9.80442
      vertex 54.3727 -7 -9.90705
    endloop
  endfacet
  facet normal 0 -1 0
    outer loop
      vertex 57.85 -7 -19
      vertex 54.3727 -7 -9.90705
      vertex 54.3391 -7 -10.0061
    endloop
  endfacet
  facet normal 0 -1 0
    outer loop
      vertex 57.85 -7 -19
      vertex 54.3391 -7 -10.0061
      vertex 54.2928 -7 -10.1
    endloop
  endfacet
  facet normal 0 -1 0
    outer loop
      vertex 51.4 -7 -16
      vertex 53.7044 -7 -10.4932
      vertex 53.6 -7 -10.5
    endloop
  endfacet
  facet normal 0 -1 0
    outer loop
      vertex 51.4 -7 -16
      vertex 53.8071 -7 -10.4727
      vertex 53.7044 -7 -10.4932
    endloop
  endfacet
  facet normal 0 -1 0
    outer loop
      vertex 51.4 -7 -16
      vertex 53.9061 -7 -10.4391
      vertex 53.8071 -7 -10.4727
    endloop
  endfacet
  facet normal 0 -1 0
    outer loop
      vertex 57.85 -7 -19
      vertex 53.9061 -7 -10.4391
      vertex 51.4 -7 -16
    endloop
  endfacet
  facet normal 0 -1 0
    outer loop
      vertex 53.9061 -7 -10.4391
      vertex 57.85 -7 -19
      vertex 54 -7 -10.3928
    endloop
  endfacet
  facet normal 0 -1 0
    outer loop
      vertex 54 -7 -10.3928
      vertex 57.85 -7 -19
      vertex 54.087 -7 -10.3347
    endloop
  endfacet
  facet normal 0 -1 0
    outer loop
      vertex 54.087 -7 -10.3347
      vertex 57.85 -7 -19
      vertex 54.1657 -7 -10.2657
    endloop
  endfacet
  facet normal 0 -1 0
    outer loop
      vertex 54.1657 -7 -10.2657
      vertex 57.85 -7 -19
      vertex 54.2347 -7 -10.187
    endloop
  endfacet
  facet normal 0 -1 0
    outer loop
      vertex 54.2347 -7 -10.187
      vertex 57.85 -7 -19
      vertex 54.2928 -7 -10.1
    endloop
  endfacet
  facet normal 0 -1 0
    outer loop
      vertex 54.3932 -7 -9.80442
      vertex 57.85 -7 -19
      vertex 57.85 -7 -3
    endloop
  endfacet
  facet normal 0 -1 0
    outer loop
      vertex 28.2 -7 -16
      vertex 57.85 -7 -19
      vertex 51.4 -7 -16
    endloop
  endfacet
  facet normal 0 -1 0
    outer loop
      vertex 25.7044 -7 -8.90684
      vertex 28.2 -7 -3.4
      vertex 25.6 -7 -8.9
    endloop
  endfacet
  facet normal 0 -1 0
    outer loop
      vertex 25.8071 -7 -8.92726
      vertex 28.2 -7 -3.4
      vertex 25.7044 -7 -8.90684
    endloop
  endfacet
  facet normal 0 -1 0
    outer loop
      vertex 25.9061 -7 -8.9609
      vertex 28.2 -7 -3.4
      vertex 25.8071 -7 -8.92726
    endloop
  endfacet
  facet normal 0 -1 0
    outer loop
      vertex 26 -7 -9.00718
      vertex 28.2 -7 -3.4
      vertex 25.9061 -7 -8.9609
    endloop
  endfacet
  facet normal 0 -1 0
    outer loop
      vertex 26.087 -7 -9.06532
      vertex 28.2 -7 -3.4
      vertex 26 -7 -9.00718
    endloop
  endfacet
  facet normal 0 -1 0
    outer loop
      vertex 26.1657 -7 -9.13431
      vertex 28.2 -7 -3.4
      vertex 26.087 -7 -9.06532
    endloop
  endfacet
  facet normal 0 -1 0
    outer loop
      vertex 26.2347 -7 -9.21299
      vertex 28.2 -7 -3.4
      vertex 26.1657 -7 -9.13431
    endloop
  endfacet
  facet normal 0 -1 0
    outer loop
      vertex 26.2928 -7 -9.3
      vertex 28.2 -7 -3.4
      vertex 26.2347 -7 -9.21299
    endloop
  endfacet
  facet normal 0 -1 0
    outer loop
      vertex 26.3391 -7 -9.39385
      vertex 28.2 -7 -3.4
      vertex 26.2928 -7 -9.3
    endloop
  endfacet
  facet normal 0 -1 0
    outer loop
      vertex 26.3727 -7 -9.49294
      vertex 28.2 -7 -3.4
      vertex 26.3391 -7 -9.39385
    endloop
  endfacet
  facet normal 0 -1 0
    outer loop
      vertex 26.3932 -7 -9.59558
      vertex 28.2 -7 -3.4
      vertex 26.3727 -7 -9.49294
    endloop
  endfacet
  facet normal 0 -1 0
    outer loop
      vertex 26.4 -7 -9.7
      vertex 28.2 -7 -3.4
      vertex 26.3932 -7 -9.59558
    endloop
  endfacet
  facet normal 0 -1 0
    outer loop
      vertex 28.2 -7 -16
      vertex 26.4 -7 -9.7
      vertex 26.3932 -7 -9.80442
    endloop
  endfacet
  facet normal 0 -1 0
    outer loop
      vertex 28.2 -7 -16
      vertex 26.3932 -7 -9.80442
      vertex 26.3727 -7 -9.90705
    endloop
  endfacet
  facet normal 0 -1 0
    outer loop
      vertex 26.4 -7 -9.7
      vertex 28.2 -7 -16
      vertex 28.2 -7 -3.4
    endloop
  endfacet
  facet normal 0 -1 0
    outer loop
      vertex 26.3391 -7 -10.0061
      vertex 28.2 -7 -16
      vertex 26.3727 -7 -9.90705
    endloop
  endfacet
  facet normal 0 -1 0
    outer loop
      vertex 26.2928 -7 -10.1
      vertex 28.2 -7 -16
      vertex 26.3391 -7 -10.0061
    endloop
  endfacet
  facet normal 0 -1 0
    outer loop
      vertex 26.2347 -7 -10.187
      vertex 28.2 -7 -16
      vertex 26.2928 -7 -10.1
    endloop
  endfacet
  facet normal 0 -1 0
    outer loop
      vertex 26.1657 -7 -10.2657
      vertex 28.2 -7 -16
      vertex 26.2347 -7 -10.187
    endloop
  endfacet
  facet normal 0 -1 0
    outer loop
      vertex 26.087 -7 -10.3347
      vertex 28.2 -7 -16
      vertex 26.1657 -7 -10.2657
    endloop
  endfacet
  facet normal 0 -1 0
    outer loop
      vertex 26 -7 -10.3928
      vertex 28.2 -7 -16
      vertex 26.087 -7 -10.3347
    endloop
  endfacet
  facet normal 0 -1 0
    outer loop
      vertex 25.9061 -7 -10.4391
      vertex 28.2 -7 -16
      vertex 26 -7 -10.3928
    endloop
  endfacet
  facet normal 0 -1 0
    outer loop
      vertex 25.8071 -7 -10.4727
      vertex 28.2 -7 -16
      vertex 25.9061 -7 -10.4391
    endloop
  endfacet
  facet normal 0 -1 0
    outer loop
      vertex 25.7044 -7 -10.4932
      vertex 28.2 -7 -16
      vertex 25.8071 -7 -10.4727
    endloop
  endfacet
  facet normal 0 -1 0
    outer loop
      vertex 28.2 -7 -16
      vertex 25.7044 -7 -10.4932
      vertex 25.6 -7 -10.5
    endloop
  endfacet
  facet normal 0 1 0
    outer loop
      vertex 54.2347 -4 -10.187
      vertex 55.85 -4 -8.98
      vertex 57.85 -4 -8.98
    endloop
  endfacet
  facet normal 0 1 0
    outer loop
      vertex 55.85 -4 -8.98
      vertex 54.087 -4 -9.06532
      vertex 54 -4 -9.00718
    endloop
  endfacet
  facet normal 0 1 0
    outer loop
      vertex 55.85 -4 -8.98
      vertex 54.1657 -4 -9.13431
      vertex 54.087 -4 -9.06532
    endloop
  endfacet
  facet normal 0 1 0
    outer loop
      vertex 55.85 -4 -8.98
      vertex 54.2347 -4 -9.21299
      vertex 54.1657 -4 -9.13431
    endloop
  endfacet
  facet normal 0 1 0
    outer loop
      vertex 55.85 -4 -8.98
      vertex 54.2928 -4 -9.3
      vertex 54.2347 -4 -9.21299
    endloop
  endfacet
  facet normal 0 1 0
    outer loop
      vertex 55.85 -4 -8.98
      vertex 54.3391 -4 -9.39385
      vertex 54.2928 -4 -9.3
    endloop
  endfacet
  facet normal 0 1 0
    outer loop
      vertex 55.85 -4 -8.98
      vertex 54.3727 -4 -9.49294
      vertex 54.3391 -4 -9.39385
    endloop
  endfacet
  facet normal 0 1 0
    outer loop
      vertex 55.85 -4 -8.98
      vertex 54.3932 -4 -9.59558
      vertex 54.3727 -4 -9.49294
    endloop
  endfacet
  facet normal 0 1 0
    outer loop
      vertex 55.85 -4 -8.98
      vertex 54.4 -4 -9.7
      vertex 54.3932 -4 -9.59558
    endloop
  endfacet
  facet normal 0 1 0
    outer loop
      vertex 55.85 -4 -8.98
      vertex 54.3932 -4 -9.80442
      vertex 54.4 -4 -9.7
    endloop
  endfacet
  facet normal 0 1 0
    outer loop
      vertex 55.85 -4 -8.98
      vertex 54.3727 -4 -9.90705
      vertex 54.3932 -4 -9.80442
    endloop
  endfacet
  facet normal 0 1 0
    outer loop
      vertex 55.85 -4 -8.98
      vertex 54.3391 -4 -10.0061
      vertex 54.3727 -4 -9.90705
    endloop
  endfacet
  facet normal 0 1 0
    outer loop
      vertex 55.85 -4 -8.98
      vertex 54.2928 -4 -10.1
      vertex 54.3391 -4 -10.0061
    endloop
  endfacet
  facet normal 0 1 0
    outer loop
      vertex 55.85 -4 -8.98
      vertex 54.2347 -4 -10.187
      vertex 54.2928 -4 -10.1
    endloop
  endfacet
  facet normal 0 1 0
    outer loop
      vertex 57.85 -4 -8.98
      vertex 54.1657 -4 -10.2657
      vertex 54.2347 -4 -10.187
    endloop
  endfacet
  facet normal 0 1 -0
    outer loop
      vertex 57.85 -4 -19
      vertex 54.1657 -4 -10.2657
      vertex 57.85 -4 -8.98
    endloop
  endfacet
  facet normal 0 1 0
    outer loop
      vertex 54.1657 -4 -10.2657
      vertex 57.85 -4 -19
      vertex 54.087 -4 -10.3347
    endloop
  endfacet
  facet normal 0 1 0
    outer loop
      vertex 54.087 -4 -10.3347
      vertex 57.85 -4 -19
      vertex 54 -4 -10.3928
    endloop
  endfacet
  facet normal 0 1 0
    outer loop
      vertex 53.7044 -4 -10.4932
      vertex 51.4 -4 -16
      vertex 53.6 -4 -10.5
    endloop
  endfacet
  facet normal 0 1 0
    outer loop
      vertex 53.8071 -4 -10.4727
      vertex 51.4 -4 -16
      vertex 53.7044 -4 -10.4932
    endloop
  endfacet
  facet normal 0 1 0
    outer loop
      vertex 53.9061 -4 -10.4391
      vertex 51.4 -4 -16
      vertex 53.8071 -4 -10.4727
    endloop
  endfacet
  facet normal 0 1 0
    outer loop
      vertex 54 -4 -10.3928
      vertex 57.85 -4 -19
      vertex 53.9061 -4 -10.4391
    endloop
  endfacet
  facet normal 0 1 0
    outer loop
      vertex 51.4 -4 -16
      vertex 57.85 -4 -19
      vertex 28.2 -4 -16
    endloop
  endfacet
  facet normal 0 1 0
    outer loop
      vertex 53.9061 -4 -10.4391
      vertex 57.85 -4 -19
      vertex 51.4 -4 -16
    endloop
  endfacet
  facet normal 0 1 0
    outer loop
      vertex 28.2 -4 -3.4
      vertex 25.7044 -4 -8.90684
      vertex 25.6 -4 -8.9
    endloop
  endfacet
  facet normal 0 1 0
    outer loop
      vertex 28.2 -4 -3.4
      vertex 25.8071 -4 -8.92726
      vertex 25.7044 -4 -8.90684
    endloop
  endfacet
  facet normal 0 1 0
    outer loop
      vertex 28.2 -4 -3.4
      vertex 25.9061 -4 -8.9609
      vertex 25.8071 -4 -8.92726
    endloop
  endfacet
  facet normal 0 1 0
    outer loop
      vertex 28.2 -4 -3.4
      vertex 26 -4 -9.00718
      vertex 25.9061 -4 -8.9609
    endloop
  endfacet
  facet normal 0 1 0
    outer loop
      vertex 28.2 -4 -3.4
      vertex 26.087 -4 -9.06532
      vertex 26 -4 -9.00718
    endloop
  endfacet
  facet normal 0 1 0
    outer loop
      vertex 28.2 -4 -3.4
      vertex 26.1657 -4 -9.13431
      vertex 26.087 -4 -9.06532
    endloop
  endfacet
  facet normal 0 1 0
    outer loop
      vertex 28.2 -4 -3.4
      vertex 26.2347 -4 -9.21299
      vertex 26.1657 -4 -9.13431
    endloop
  endfacet
  facet normal 0 1 0
    outer loop
      vertex 28.2 -4 -3.4
      vertex 26.2928 -4 -9.3
      vertex 26.2347 -4 -9.21299
    endloop
  endfacet
  facet normal 0 1 0
    outer loop
      vertex 28.2 -4 -3.4
      vertex 26.3391 -4 -9.39385
      vertex 26.2928 -4 -9.3
    endloop
  endfacet
  facet normal 0 1 0
    outer loop
      vertex 28.2 -4 -3.4
      vertex 26.3727 -4 -9.49294
      vertex 26.3391 -4 -9.39385
    endloop
  endfacet
  facet normal 0 1 0
    outer loop
      vertex 28.2 -4 -3.4
      vertex 26.3932 -4 -9.59558
      vertex 26.3727 -4 -9.49294
    endloop
  endfacet
  facet normal 0 1 0
    outer loop
      vertex 28.2 -4 -3.4
      vertex 26.4 -4 -9.7
      vertex 26.3932 -4 -9.59558
    endloop
  endfacet
  facet normal 0 1 -0
    outer loop
      vertex 28.2 -4 -16
      vertex 26.4 -4 -9.7
      vertex 28.2 -4 -3.4
    endloop
  endfacet
  facet normal 0 1 0
    outer loop
      vertex 26.4 -4 -9.7
      vertex 28.2 -4 -16
      vertex 26.3932 -4 -9.80442
    endloop
  endfacet
  facet normal 0 1 0
    outer loop
      vertex 25.7044 -4 -10.4932
      vertex 28.2 -4 -16
      vertex 25.6 -4 -10.5
    endloop
  endfacet
  facet normal 0 1 0
    outer loop
      vertex 25.8071 -4 -10.4727
      vertex 28.2 -4 -16
      vertex 25.7044 -4 -10.4932
    endloop
  endfacet
  facet normal 0 1 0
    outer loop
      vertex 25.9061 -4 -10.4391
      vertex 28.2 -4 -16
      vertex 25.8071 -4 -10.4727
    endloop
  endfacet
  facet normal 0 1 0
    outer loop
      vertex 26 -4 -10.3928
      vertex 28.2 -4 -16
      vertex 25.9061 -4 -10.4391
    endloop
  endfacet
  facet normal 0 1 0
    outer loop
      vertex 26.087 -4 -10.3347
      vertex 28.2 -4 -16
      vertex 26 -4 -10.3928
    endloop
  endfacet
  facet normal 0 1 0
    outer loop
      vertex 26.1657 -4 -10.2657
      vertex 28.2 -4 -16
      vertex 26.087 -4 -10.3347
    endloop
  endfacet
  facet normal 0 1 0
    outer loop
      vertex 26.2347 -4 -10.187
      vertex 28.2 -4 -16
      vertex 26.1657 -4 -10.2657
    endloop
  endfacet
  facet normal 0 1 0
    outer loop
      vertex 26.2928 -4 -10.1
      vertex 28.2 -4 -16
      vertex 26.2347 -4 -10.187
    endloop
  endfacet
  facet normal 0 1 0
    outer loop
      vertex 26.3391 -4 -10.0061
      vertex 28.2 -4 -16
      vertex 26.2928 -4 -10.1
    endloop
  endfacet
  facet normal 0 1 0
    outer loop
      vertex 26.3727 -4 -9.90705
      vertex 28.2 -4 -16
      vertex 26.3391 -4 -10.0061
    endloop
  endfacet
  facet normal 0 1 0
    outer loop
      vertex 26.3932 -4 -9.80442
      vertex 28.2 -4 -16
      vertex 26.3727 -4 -9.90705
    endloop
  endfacet
  facet normal 0 1 0
    outer loop
      vertex 55.85 -4 -3
      vertex 51.4 -4 -3.4
      vertex 23.35 -4 -3
    endloop
  endfacet
  facet normal 0 1 0
    outer loop
      vertex 55.85 -4 -3
      vertex 53.6 -4 -8.9
      vertex 51.4 -4 -3.4
    endloop
  endfacet
  facet normal 0 1 0
    outer loop
      vertex 55.85 -4 -3
      vertex 53.7044 -4 -8.90684
      vertex 53.6 -4 -8.9
    endloop
  endfacet
  facet normal 0 1 0
    outer loop
      vertex 55.85 -4 -3
      vertex 53.8071 -4 -8.92726
      vertex 53.7044 -4 -8.90684
    endloop
  endfacet
  facet normal 0 1 0
    outer loop
      vertex 55.85 -4 -3
      vertex 53.9061 -4 -8.9609
      vertex 53.8071 -4 -8.92726
    endloop
  endfacet
  facet normal 0 1 -0
    outer loop
      vertex 55.85 -4 -8.98
      vertex 53.9061 -4 -8.9609
      vertex 55.85 -4 -3
    endloop
  endfacet
  facet normal 0 1 0
    outer loop
      vertex 53.9061 -4 -8.9609
      vertex 55.85 -4 -8.98
      vertex 54 -4 -9.00718
    endloop
  endfacet
  facet normal 0 1 -0
    outer loop
      vertex 28.2 -4 -3.4
      vertex 23.35 -4 -3
      vertex 51.4 -4 -3.4
    endloop
  endfacet
  facet normal 0 1 -0
    outer loop
      vertex 25.6 -4 -8.9
      vertex 23.35 -4 -3
      vertex 28.2 -4 -3.4
    endloop
  endfacet
  facet normal 0 1 -0
    outer loop
      vertex 25.4956 -4 -8.90684
      vertex 23.35 -4 -3
      vertex 25.6 -4 -8.9
    endloop
  endfacet
  facet normal 0 1 -0
    outer loop
      vertex 25.3929 -4 -8.92726
      vertex 23.35 -4 -3
      vertex 25.4956 -4 -8.90684
    endloop
  endfacet
  facet normal 0 1 -0
    outer loop
      vertex 25.2939 -4 -8.9609
      vertex 23.35 -4 -3
      vertex 25.3929 -4 -8.92726
    endloop
  endfacet
  facet normal 0 1 0
    outer loop
      vertex 25.2939 -4 -8.9609
      vertex 23.35 -4 -8.98
      vertex 23.35 -4 -3
    endloop
  endfacet
  facet normal 0 1 -0
    outer loop
      vertex 25.2 -4 -9.00718
      vertex 23.35 -4 -8.98
      vertex 25.2939 -4 -8.9609
    endloop
  endfacet
  facet normal 0 1 -0
    outer loop
      vertex 25.113 -4 -9.06532
      vertex 23.35 -4 -8.98
      vertex 25.2 -4 -9.00718
    endloop
  endfacet
  facet normal 0 1 -0
    outer loop
      vertex 25.0343 -4 -9.13431
      vertex 23.35 -4 -8.98
      vertex 25.113 -4 -9.06532
    endloop
  endfacet
  facet normal 0 1 -0
    outer loop
      vertex 24.9653 -4 -9.21299
      vertex 23.35 -4 -8.98
      vertex 25.0343 -4 -9.13431
    endloop
  endfacet
  facet normal 0 1 -0
    outer loop
      vertex 24.9072 -4 -9.3
      vertex 23.35 -4 -8.98
      vertex 24.9653 -4 -9.21299
    endloop
  endfacet
  facet normal 0 1 -0
    outer loop
      vertex 24.8609 -4 -9.39385
      vertex 23.35 -4 -8.98
      vertex 24.9072 -4 -9.3
    endloop
  endfacet
  facet normal 0 1 -0
    outer loop
      vertex 24.8273 -4 -9.49294
      vertex 23.35 -4 -8.98
      vertex 24.8609 -4 -9.39385
    endloop
  endfacet
  facet normal 0 1 -0
    outer loop
      vertex 24.8068 -4 -9.59558
      vertex 23.35 -4 -8.98
      vertex 24.8273 -4 -9.49294
    endloop
  endfacet
  facet normal 0 1 -0
    outer loop
      vertex 24.8 -4 -9.7
      vertex 23.35 -4 -8.98
      vertex 24.8068 -4 -9.59558
    endloop
  endfacet
  facet normal 0 1 0
    outer loop
      vertex 24.8068 -4 -9.80442
      vertex 23.35 -4 -8.98
      vertex 24.8 -4 -9.7
    endloop
  endfacet
  facet normal 0 1 0
    outer loop
      vertex 24.8273 -4 -9.90705
      vertex 23.35 -4 -8.98
      vertex 24.8068 -4 -9.80442
    endloop
  endfacet
  facet normal 0 1 0
    outer loop
      vertex 24.8609 -4 -10.0061
      vertex 23.35 -4 -8.98
      vertex 24.8273 -4 -9.90705
    endloop
  endfacet
  facet normal 0 1 0
    outer loop
      vertex 24.9072 -4 -10.1
      vertex 23.35 -4 -8.98
      vertex 24.8609 -4 -10.0061
    endloop
  endfacet
  facet normal 0 1 0
    outer loop
      vertex 24.9653 -4 -10.187
      vertex 23.35 -4 -8.98
      vertex 24.9072 -4 -10.1
    endloop
  endfacet
  facet normal 0 1 0
    outer loop
      vertex 23.35 -4 -8.98
      vertex 24.9653 -4 -10.187
      vertex 21.35 -4 -8.98
    endloop
  endfacet
  facet normal 0 1 0
    outer loop
      vertex 25.0343 -4 -10.2657
      vertex 21.35 -4 -8.98
      vertex 24.9653 -4 -10.187
    endloop
  endfacet
  facet normal 0 1 0
    outer loop
      vertex 21.35 -4 -19
      vertex 25.0343 -4 -10.2657
      vertex 25.113 -4 -10.3347
    endloop
  endfacet
  facet normal 0 1 0
    outer loop
      vertex 21.35 -4 -19
      vertex 25.113 -4 -10.3347
      vertex 25.2 -4 -10.3928
    endloop
  endfacet
  facet normal 0 1 0
    outer loop
      vertex 21.35 -4 -19
      vertex 25.2 -4 -10.3928
      vertex 25.2939 -4 -10.4391
    endloop
  endfacet
  facet normal 0 1 0
    outer loop
      vertex 28.2 -4 -16
      vertex 25.4956 -4 -10.4932
      vertex 25.6 -4 -10.5
    endloop
  endfacet
  facet normal 0 1 0
    outer loop
      vertex 28.2 -4 -16
      vertex 25.3929 -4 -10.4727
      vertex 25.4956 -4 -10.4932
    endloop
  endfacet
  facet normal 0 1 0
    outer loop
      vertex 28.2 -4 -16
      vertex 25.2939 -4 -10.4391
      vertex 25.3929 -4 -10.4727
    endloop
  endfacet
  facet normal 0 1 0
    outer loop
      vertex 21.35 -4 -19
      vertex 25.2939 -4 -10.4391
      vertex 28.2 -4 -16
    endloop
  endfacet
  facet normal 0 1 0
    outer loop
      vertex 25.0343 -4 -10.2657
      vertex 21.35 -4 -19
      vertex 21.35 -4 -8.98
    endloop
  endfacet
  facet normal 0 1 0
    outer loop
      vertex 21.35 -4 -19
      vertex 28.2 -4 -16
      vertex 57.85 -4 -19
    endloop
  endfacet
  facet normal 0 1 -0
    outer loop
      vertex 53.4956 -4 -8.90684
      vertex 51.4 -4 -3.4
      vertex 53.6 -4 -8.9
    endloop
  endfacet
  facet normal 0 1 -0
    outer loop
      vertex 53.3929 -4 -8.92726
      vertex 51.4 -4 -3.4
      vertex 53.4956 -4 -8.90684
    endloop
  endfacet
  facet normal 0 1 -0
    outer loop
      vertex 53.2939 -4 -8.9609
      vertex 51.4 -4 -3.4
      vertex 53.3929 -4 -8.92726
    endloop
  endfacet
  facet normal 0 1 -0
    outer loop
      vertex 53.2 -4 -9.00718
      vertex 51.4 -4 -3.4
      vertex 53.2939 -4 -8.9609
    endloop
  endfacet
  facet normal 0 1 -0
    outer loop
      vertex 53.113 -4 -9.06532
      vertex 51.4 -4 -3.4
      vertex 53.2 -4 -9.00718
    endloop
  endfacet
  facet normal 0 1 -0
    outer loop
      vertex 53.0343 -4 -9.13431
      vertex 51.4 -4 -3.4
      vertex 53.113 -4 -9.06532
    endloop
  endfacet
  facet normal 0 1 -0
    outer loop
      vertex 52.9653 -4 -9.21299
      vertex 51.4 -4 -3.4
      vertex 53.0343 -4 -9.13431
    endloop
  endfacet
  facet normal 0 1 -0
    outer loop
      vertex 52.9072 -4 -9.3
      vertex 51.4 -4 -3.4
      vertex 52.9653 -4 -9.21299
    endloop
  endfacet
  facet normal 0 1 -0
    outer loop
      vertex 52.8609 -4 -9.39385
      vertex 51.4 -4 -3.4
      vertex 52.9072 -4 -9.3
    endloop
  endfacet
  facet normal 0 1 -0
    outer loop
      vertex 52.8273 -4 -9.49294
      vertex 51.4 -4 -3.4
      vertex 52.8609 -4 -9.39385
    endloop
  endfacet
  facet normal 0 1 -0
    outer loop
      vertex 52.8068 -4 -9.59558
      vertex 51.4 -4 -3.4
      vertex 52.8273 -4 -9.49294
    endloop
  endfacet
  facet normal 0 1 -0
    outer loop
      vertex 52.8 -4 -9.7
      vertex 51.4 -4 -3.4
      vertex 52.8068 -4 -9.59558
    endloop
  endfacet
  facet normal 0 1 0
    outer loop
      vertex 51.4 -4 -16
      vertex 52.8 -4 -9.7
      vertex 52.8068 -4 -9.80442
    endloop
  endfacet
  facet normal 0 1 0
    outer loop
      vertex 51.4 -4 -16
      vertex 52.8068 -4 -9.80442
      vertex 52.8273 -4 -9.90705
    endloop
  endfacet
  facet normal 0 1 0
    outer loop
      vertex 52.8 -4 -9.7
      vertex 51.4 -4 -16
      vertex 51.4 -4 -3.4
    endloop
  endfacet
  facet normal 0 1 0
    outer loop
      vertex 52.8609 -4 -10.0061
      vertex 51.4 -4 -16
      vertex 52.8273 -4 -9.90705
    endloop
  endfacet
  facet normal 0 1 0
    outer loop
      vertex 52.9072 -4 -10.1
      vertex 51.4 -4 -16
      vertex 52.8609 -4 -10.0061
    endloop
  endfacet
  facet normal 0 1 0
    outer loop
      vertex 52.9653 -4 -10.187
      vertex 51.4 -4 -16
      vertex 52.9072 -4 -10.1
    endloop
  endfacet
  facet normal 0 1 0
    outer loop
      vertex 53.0343 -4 -10.2657
      vertex 51.4 -4 -16
      vertex 52.9653 -4 -10.187
    endloop
  endfacet
  facet normal 0 1 0
    outer loop
      vertex 53.113 -4 -10.3347
      vertex 51.4 -4 -16
      vertex 53.0343 -4 -10.2657
    endloop
  endfacet
  facet normal 0 1 0
    outer loop
      vertex 53.2 -4 -10.3928
      vertex 51.4 -4 -16
      vertex 53.113 -4 -10.3347
    endloop
  endfacet
  facet normal 0 1 0
    outer loop
      vertex 53.2939 -4 -10.4391
      vertex 51.4 -4 -16
      vertex 53.2 -4 -10.3928
    endloop
  endfacet
  facet normal 0 1 0
    outer loop
      vertex 53.3929 -4 -10.4727
      vertex 51.4 -4 -16
      vertex 53.2939 -4 -10.4391
    endloop
  endfacet
  facet normal 0 1 0
    outer loop
      vertex 53.4956 -4 -10.4932
      vertex 51.4 -4 -16
      vertex 53.3929 -4 -10.4727
    endloop
  endfacet
  facet normal 0 1 0
    outer loop
      vertex 51.4 -4 -16
      vertex 53.4956 -4 -10.4932
      vertex 53.6 -4 -10.5
    endloop
  endfacet
  facet normal -0.194977 0.980808 0
    outer loop
      vertex 10.7071 -0.77274 -3
      vertex 10.6044 -0.793156 -1.6
      vertex 10.7071 -0.77274 -1.6
    endloop
  endfacet
  facet normal -0.194977 0.980808 0
    outer loop
      vertex 10.6044 -0.793156 -1.6
      vertex 10.7071 -0.77274 -3
      vertex 10.6044 -0.793156 -3
    endloop
  endfacet
  facet normal -0.98063 0.19587 0
    outer loop
      vertex 11.2727 -0.207055 -3
      vertex 11.2932 -0.104421 -1.6
      vertex 11.2932 -0.104421 -3
    endloop
  endfacet
  facet normal -0.98063 0.19587 0
    outer loop
      vertex 11.2932 -0.104421 -1.6
      vertex 11.2727 -0.207055 -3
      vertex 11.2727 -0.207055 -1.6
    endloop
  endfacet
  facet normal -0.997886 0.0649834 0
    outer loop
      vertex 11.2932 -0.104421 -3
      vertex 11.3 0 -1.6
      vertex 11.3 0 -3
    endloop
  endfacet
  facet normal -0.997886 0.0649834 0
    outer loop
      vertex 11.3 0 -1.6
      vertex 11.2932 -0.104421 -3
      vertex 11.2932 -0.104421 -1.6
    endloop
  endfacet
  facet normal -0.947038 0.321121 0
    outer loop
      vertex 11.2391 -0.306147 -3
      vertex 11.2727 -0.207055 -1.6
      vertex 11.2727 -0.207055 -3
    endloop
  endfacet
  facet normal -0.947038 0.321121 0
    outer loop
      vertex 11.2727 -0.207055 -1.6
      vertex 11.2391 -0.306147 -3
      vertex 11.2391 -0.306147 -1.6
    endloop
  endfacet
  facet normal -0.831635 0.555322 0
    outer loop
      vertex 11.1347 -0.487009 -3
      vertex 11.1928 -0.4 -1.6
      vertex 11.1928 -0.4 -3
    endloop
  endfacet
  facet normal -0.831635 0.555322 0
    outer loop
      vertex 11.1928 -0.4 -1.6
      vertex 11.1347 -0.487009 -3
      vertex 11.1347 -0.487009 -1.6
    endloop
  endfacet
  facet normal -0.321706 0.94684 0
    outer loop
      vertex 10.8061 -0.739103 -3
      vertex 10.7071 -0.77274 -1.6
      vertex 10.8061 -0.739103 -1.6
    endloop
  endfacet
  facet normal -0.321706 0.94684 0
    outer loop
      vertex 10.7071 -0.77274 -1.6
      vertex 10.8061 -0.739103 -3
      vertex 10.7071 -0.77274 -3
    endloop
  endfacet
  facet normal -0.997886 -0.0649834 0
    outer loop
      vertex 11.3 0 -3
      vertex 11.2932 0.104421 -1.6
      vertex 11.2932 0.104421 -3
    endloop
  endfacet
  facet normal -0.997886 -0.0649834 0
    outer loop
      vertex 11.2932 0.104421 -1.6
      vertex 11.3 0 -3
      vertex 11.3 0 -1.6
    endloop
  endfacet
  facet normal 0.555606 -0.831446 0
    outer loop
      vertex 10.013 0.634683 -3
      vertex 10.1 0.69282 -1.6
      vertex 10.013 0.634683 -1.6
    endloop
  endfacet
  facet normal 0.555606 -0.831446 0
    outer loop
      vertex 10.1 0.69282 -1.6
      vertex 10.013 0.634683 -3
      vertex 10.1 0.69282 -3
    endloop
  endfacet
  facet normal 0.321706 -0.94684 0
    outer loop
      vertex 10.1939 0.739103 -3
      vertex 10.2929 0.77274 -1.6
      vertex 10.1939 0.739103 -1.6
    endloop
  endfacet
  facet normal 0.321706 -0.94684 0
    outer loop
      vertex 10.2929 0.77274 -1.6
      vertex 10.1939 0.739103 -3
      vertex 10.2929 0.77274 -3
    endloop
  endfacet
  facet normal -0.896809 0.442418 0
    outer loop
      vertex 11.1928 -0.4 -3
      vertex 11.2391 -0.306147 -1.6
      vertex 11.2391 -0.306147 -3
    endloop
  endfacet
  facet normal -0.896809 0.442418 0
    outer loop
      vertex 11.2391 -0.306147 -1.6
      vertex 11.1928 -0.4 -3
      vertex 11.1928 -0.4 -1.6
    endloop
  endfacet
  facet normal 0.321706 0.94684 -0
    outer loop
      vertex 10.2929 -0.77274 -3
      vertex 10.1939 -0.739103 -1.6
      vertex 10.2929 -0.77274 -1.6
    endloop
  endfacet
  facet normal 0.321706 0.94684 0
    outer loop
      vertex 10.1939 -0.739103 -1.6
      vertex 10.2929 -0.77274 -3
      vertex 10.1939 -0.739103 -3
    endloop
  endfacet
  facet normal -0.751826 0.659362 0
    outer loop
      vertex 11.0657 -0.565685 -3
      vertex 11.1347 -0.487009 -1.6
      vertex 11.1347 -0.487009 -3
    endloop
  endfacet
  facet normal -0.751826 0.659362 0
    outer loop
      vertex 11.1347 -0.487009 -1.6
      vertex 11.0657 -0.565685 -3
      vertex 11.0657 -0.565685 -1.6
    endloop
  endfacet
  facet normal -0.947038 -0.321121 0
    outer loop
      vertex 11.2727 0.207055 -3
      vertex 11.2391 0.306147 -1.6
      vertex 11.2391 0.306147 -3
    endloop
  endfacet
  facet normal -0.947038 -0.321121 0
    outer loop
      vertex 11.2391 0.306147 -1.6
      vertex 11.2727 0.207055 -3
      vertex 11.2727 0.207055 -1.6
    endloop
  endfacet
  facet normal 0.751873 -0.659308 0
    outer loop
      vertex 9.86532 0.487009 -1.6
      vertex 9.93431 0.565685 -3
      vertex 9.93431 0.565685 -1.6
    endloop
  endfacet
  facet normal 0.751873 -0.659308 0
    outer loop
      vertex 9.93431 0.565685 -3
      vertex 9.86532 0.487009 -1.6
      vertex 9.86532 0.487009 -3
    endloop
  endfacet
  facet normal -0.98063 -0.19587 0
    outer loop
      vertex 11.2932 0.104421 -3
      vertex 11.2727 0.207055 -1.6
      vertex 11.2727 0.207055 -3
    endloop
  endfacet
  facet normal -0.98063 -0.19587 0
    outer loop
      vertex 11.2727 0.207055 -1.6
      vertex 11.2932 0.104421 -3
      vertex 11.2932 0.104421 -1.6
    endloop
  endfacet
  facet normal 0.659285 0.751893 -0
    outer loop
      vertex 10.013 -0.634683 -3
      vertex 9.93431 -0.565685 -1.6
      vertex 10.013 -0.634683 -1.6
    endloop
  endfacet
  facet normal 0.659285 0.751893 0
    outer loop
      vertex 9.93431 -0.565685 -1.6
      vertex 10.013 -0.634683 -3
      vertex 9.93431 -0.565685 -3
    endloop
  endfacet
  facet normal 0.946922 -0.321463 0
    outer loop
      vertex 9.72726 0.207055 -1.6
      vertex 9.7609 0.306147 -3
      vertex 9.7609 0.306147 -1.6
    endloop
  endfacet
  facet normal 0.946922 -0.321463 0
    outer loop
      vertex 9.7609 0.306147 -3
      vertex 9.72726 0.207055 -1.6
      vertex 9.72726 0.207055 -3
    endloop
  endfacet
  facet normal -0.831635 -0.555322 0
    outer loop
      vertex 11.1928 0.4 -3
      vertex 11.1347 0.487009 -1.6
      vertex 11.1347 0.487009 -3
    endloop
  endfacet
  facet normal -0.831635 -0.555322 0
    outer loop
      vertex 11.1347 0.487009 -1.6
      vertex 11.1928 0.4 -3
      vertex 11.1928 0.4 -1.6
    endloop
  endfacet
  facet normal -0.442109 0.896961 0
    outer loop
      vertex 10.9 -0.69282 -3
      vertex 10.8061 -0.739103 -1.6
      vertex 10.9 -0.69282 -1.6
    endloop
  endfacet
  facet normal -0.442109 0.896961 0
    outer loop
      vertex 10.8061 -0.739103 -1.6
      vertex 10.9 -0.69282 -3
      vertex 10.8061 -0.739103 -3
    endloop
  endfacet
  facet normal 0.442109 0.896961 -0
    outer loop
      vertex 10.1939 -0.739103 -3
      vertex 10.1 -0.69282 -1.6
      vertex 10.1939 -0.739103 -1.6
    endloop
  endfacet
  facet normal 0.442109 0.896961 0
    outer loop
      vertex 10.1 -0.69282 -1.6
      vertex 10.1939 -0.739103 -3
      vertex 10.1 -0.69282 -3
    endloop
  endfacet
  facet normal -0.442109 -0.896961 0
    outer loop
      vertex 10.8061 0.739103 -3
      vertex 10.9 0.69282 -1.6
      vertex 10.8061 0.739103 -1.6
    endloop
  endfacet
  facet normal -0.442109 -0.896961 -0
    outer loop
      vertex 10.9 0.69282 -1.6
      vertex 10.8061 0.739103 -3
      vertex 10.9 0.69282 -3
    endloop
  endfacet
  facet normal -0.321706 -0.94684 0
    outer loop
      vertex 10.7071 0.77274 -3
      vertex 10.8061 0.739103 -1.6
      vertex 10.7071 0.77274 -1.6
    endloop
  endfacet
  facet normal -0.321706 -0.94684 -0
    outer loop
      vertex 10.8061 0.739103 -1.6
      vertex 10.7071 0.77274 -3
      vertex 10.8061 0.739103 -3
    endloop
  endfacet
  facet normal 0.980776 -0.195135 0
    outer loop
      vertex 9.70684 0.104421 -1.6
      vertex 9.72726 0.207055 -3
      vertex 9.72726 0.207055 -1.6
    endloop
  endfacet
  facet normal 0.980776 -0.195135 0
    outer loop
      vertex 9.72726 0.207055 -3
      vertex 9.70684 0.104421 -1.6
      vertex 9.70684 0.104421 -3
    endloop
  endfacet
  facet normal 0.555606 0.831446 -0
    outer loop
      vertex 10.1 -0.69282 -3
      vertex 10.013 -0.634683 -1.6
      vertex 10.1 -0.69282 -1.6
    endloop
  endfacet
  facet normal 0.555606 0.831446 0
    outer loop
      vertex 10.013 -0.634683 -1.6
      vertex 10.1 -0.69282 -3
      vertex 10.013 -0.634683 -3
    endloop
  endfacet
  facet normal -0.555606 -0.831446 0
    outer loop
      vertex 10.9 0.69282 -3
      vertex 10.987 0.634683 -1.6
      vertex 10.9 0.69282 -1.6
    endloop
  endfacet
  facet normal -0.555606 -0.831446 -0
    outer loop
      vertex 10.987 0.634683 -1.6
      vertex 10.9 0.69282 -3
      vertex 10.987 0.634683 -3
    endloop
  endfacet
  facet normal -0.194977 -0.980808 0
    outer loop
      vertex 10.6044 0.793156 -3
      vertex 10.7071 0.77274 -1.6
      vertex 10.6044 0.793156 -1.6
    endloop
  endfacet
  facet normal -0.194977 -0.980808 -0
    outer loop
      vertex 10.7071 0.77274 -1.6
      vertex 10.6044 0.793156 -3
      vertex 10.7071 0.77274 -3
    endloop
  endfacet
  facet normal -0.659238 0.751935 0
    outer loop
      vertex 11.0657 -0.565685 -3
      vertex 10.987 -0.634683 -1.6
      vertex 11.0657 -0.565685 -1.6
    endloop
  endfacet
  facet normal -0.659238 0.751935 0
    outer loop
      vertex 10.987 -0.634683 -1.6
      vertex 11.0657 -0.565685 -3
      vertex 10.987 -0.634683 -3
    endloop
  endfacet
  facet normal 0.946922 0.321463 0
    outer loop
      vertex 9.7609 -0.306147 -1.6
      vertex 9.72726 -0.207055 -3
      vertex 9.72726 -0.207055 -1.6
    endloop
  endfacet
  facet normal 0.946922 0.321463 0
    outer loop
      vertex 9.72726 -0.207055 -3
      vertex 9.7609 -0.306147 -1.6
      vertex 9.7609 -0.306147 -3
    endloop
  endfacet
  facet normal -0.0654056 -0.997859 0
    outer loop
      vertex 10.5 0.799999 -3
      vertex 10.6044 0.793156 -1.6
      vertex 10.5 0.799999 -1.6
    endloop
  endfacet
  facet normal -0.0654056 -0.997859 -0
    outer loop
      vertex 10.6044 0.793156 -1.6
      vertex 10.5 0.799999 -3
      vertex 10.6044 0.793156 -3
    endloop
  endfacet
  facet normal 0.194977 0.980808 -0
    outer loop
      vertex 10.3956 -0.793156 -3
      vertex 10.2929 -0.77274 -1.6
      vertex 10.3956 -0.793156 -1.6
    endloop
  endfacet
  facet normal 0.194977 0.980808 0
    outer loop
      vertex 10.2929 -0.77274 -1.6
      vertex 10.3956 -0.793156 -3
      vertex 10.2929 -0.77274 -3
    endloop
  endfacet
  facet normal 0.659285 -0.751893 0
    outer loop
      vertex 9.93431 0.565685 -3
      vertex 10.013 0.634683 -1.6
      vertex 9.93431 0.565685 -1.6
    endloop
  endfacet
  facet normal 0.659285 -0.751893 0
    outer loop
      vertex 10.013 0.634683 -1.6
      vertex 9.93431 0.565685 -3
      vertex 10.013 0.634683 -3
    endloop
  endfacet
  facet normal 0.896885 0.442264 0
    outer loop
      vertex 9.80718 -0.4 -1.6
      vertex 9.7609 -0.306147 -3
      vertex 9.7609 -0.306147 -1.6
    endloop
  endfacet
  facet normal 0.896885 0.442264 0
    outer loop
      vertex 9.7609 -0.306147 -3
      vertex 9.80718 -0.4 -1.6
      vertex 9.80718 -0.4 -3
    endloop
  endfacet
  facet normal -0.896809 -0.442418 0
    outer loop
      vertex 11.2391 0.306147 -3
      vertex 11.1928 0.4 -1.6
      vertex 11.1928 0.4 -3
    endloop
  endfacet
  facet normal -0.896809 -0.442418 0
    outer loop
      vertex 11.1928 0.4 -1.6
      vertex 11.2391 0.306147 -3
      vertex 11.2391 0.306147 -1.6
    endloop
  endfacet
  facet normal -0.751826 -0.659362 0
    outer loop
      vertex 11.1347 0.487009 -3
      vertex 11.0657 0.565685 -1.6
      vertex 11.0657 0.565685 -3
    endloop
  endfacet
  facet normal -0.751826 -0.659362 0
    outer loop
      vertex 11.0657 0.565685 -1.6
      vertex 11.1347 0.487009 -3
      vertex 11.1347 0.487009 -1.6
    endloop
  endfacet
  facet normal 0.0654056 -0.997859 0
    outer loop
      vertex 10.3956 0.793156 -3
      vertex 10.5 0.799999 -1.6
      vertex 10.3956 0.793156 -1.6
    endloop
  endfacet
  facet normal 0.0654056 -0.997859 0
    outer loop
      vertex 10.5 0.799999 -1.6
      vertex 10.3956 0.793156 -3
      vertex 10.5 0.799999 -3
    endloop
  endfacet
  facet normal -0.0654056 0.997859 0
    outer loop
      vertex 10.6044 -0.793156 -3
      vertex 10.5 -0.799999 -1.6
      vertex 10.6044 -0.793156 -1.6
    endloop
  endfacet
  facet normal -0.0654056 0.997859 0
    outer loop
      vertex 10.5 -0.799999 -1.6
      vertex 10.6044 -0.793156 -3
      vertex 10.5 -0.799999 -3
    endloop
  endfacet
  facet normal -0.555606 0.831446 0
    outer loop
      vertex 10.987 -0.634683 -3
      vertex 10.9 -0.69282 -1.6
      vertex 10.987 -0.634683 -1.6
    endloop
  endfacet
  facet normal -0.555606 0.831446 0
    outer loop
      vertex 10.9 -0.69282 -1.6
      vertex 10.987 -0.634683 -3
      vertex 10.9 -0.69282 -3
    endloop
  endfacet
  facet normal 0.997861 -0.065364 0
    outer loop
      vertex 9.7 0 -1.6
      vertex 9.70684 0.104421 -3
      vertex 9.70684 0.104421 -1.6
    endloop
  endfacet
  facet normal 0.997861 -0.065364 0
    outer loop
      vertex 9.70684 0.104421 -3
      vertex 9.7 0 -1.6
      vertex 9.7 0 -3
    endloop
  endfacet
  facet normal 0.751873 0.659308 0
    outer loop
      vertex 9.93431 -0.565685 -1.6
      vertex 9.86532 -0.487009 -3
      vertex 9.86532 -0.487009 -1.6
    endloop
  endfacet
  facet normal 0.751873 0.659308 0
    outer loop
      vertex 9.86532 -0.487009 -3
      vertex 9.93431 -0.565685 -1.6
      vertex 9.93431 -0.565685 -3
    endloop
  endfacet
  facet normal 0.0654056 0.997859 -0
    outer loop
      vertex 10.5 -0.799999 -3
      vertex 10.3956 -0.793156 -1.6
      vertex 10.5 -0.799999 -1.6
    endloop
  endfacet
  facet normal 0.0654056 0.997859 0
    outer loop
      vertex 10.3956 -0.793156 -1.6
      vertex 10.5 -0.799999 -3
      vertex 10.3956 -0.793156 -3
    endloop
  endfacet
  facet normal 0.194977 -0.980808 0
    outer loop
      vertex 10.2929 0.77274 -3
      vertex 10.3956 0.793156 -1.6
      vertex 10.2929 0.77274 -1.6
    endloop
  endfacet
  facet normal 0.194977 -0.980808 0
    outer loop
      vertex 10.3956 0.793156 -1.6
      vertex 10.2929 0.77274 -3
      vertex 10.3956 0.793156 -3
    endloop
  endfacet
  facet normal 0.980776 0.195135 0
    outer loop
      vertex 9.72726 -0.207055 -1.6
      vertex 9.70684 -0.104421 -3
      vertex 9.70684 -0.104421 -1.6
    endloop
  endfacet
  facet normal 0.980776 0.195135 0
    outer loop
      vertex 9.70684 -0.104421 -3
      vertex 9.72726 -0.207055 -1.6
      vertex 9.72726 -0.207055 -3
    endloop
  endfacet
  facet normal 0.997861 0.065364 0
    outer loop
      vertex 9.70684 -0.104421 -1.6
      vertex 9.7 0 -3
      vertex 9.7 0 -1.6
    endloop
  endfacet
  facet normal 0.997861 0.065364 0
    outer loop
      vertex 9.7 0 -3
      vertex 9.70684 -0.104421 -1.6
      vertex 9.70684 -0.104421 -3
    endloop
  endfacet
  facet normal 0.442109 -0.896961 0
    outer loop
      vertex 10.1 0.69282 -3
      vertex 10.1939 0.739103 -1.6
      vertex 10.1 0.69282 -1.6
    endloop
  endfacet
  facet normal 0.442109 -0.896961 0
    outer loop
      vertex 10.1939 0.739103 -1.6
      vertex 10.1 0.69282 -3
      vertex 10.1939 0.739103 -3
    endloop
  endfacet
  facet normal -0.659238 -0.751935 0
    outer loop
      vertex 10.987 0.634683 -3
      vertex 11.0657 0.565685 -1.6
      vertex 10.987 0.634683 -1.6
    endloop
  endfacet
  facet normal -0.659238 -0.751935 -0
    outer loop
      vertex 11.0657 0.565685 -1.6
      vertex 10.987 0.634683 -3
      vertex 11.0657 0.565685 -3
    endloop
  endfacet
  facet normal 0.831459 0.555586 0
    outer loop
      vertex 9.86532 -0.487009 -1.6
      vertex 9.80718 -0.4 -3
      vertex 9.80718 -0.4 -1.6
    endloop
  endfacet
  facet normal 0.831459 0.555586 0
    outer loop
      vertex 9.80718 -0.4 -3
      vertex 9.86532 -0.487009 -1.6
      vertex 9.86532 -0.487009 -3
    endloop
  endfacet
  facet normal 0.831459 -0.555586 0
    outer loop
      vertex 9.80718 0.4 -1.6
      vertex 9.86532 0.487009 -3
      vertex 9.86532 0.487009 -1.6
    endloop
  endfacet
  facet normal 0.831459 -0.555586 0
    outer loop
      vertex 9.86532 0.487009 -3
      vertex 9.80718 0.4 -1.6
      vertex 9.80718 0.4 -3
    endloop
  endfacet
  facet normal 0.896885 -0.442264 0
    outer loop
      vertex 9.7609 0.306147 -1.6
      vertex 9.80718 0.4 -3
      vertex 9.80718 0.4 -1.6
    endloop
  endfacet
  facet normal 0.896885 -0.442264 0
    outer loop
      vertex 9.80718 0.4 -3
      vertex 9.7609 0.306147 -1.6
      vertex 9.7609 0.306147 -3
    endloop
  endfacet
  facet normal -0.194977 0.980808 0
    outer loop
      vertex 14.7071 -0.77274 -3
      vertex 14.6044 -0.793156 -1.6
      vertex 14.7071 -0.77274 -1.6
    endloop
  endfacet
  facet normal -0.194977 0.980808 0
    outer loop
      vertex 14.6044 -0.793156 -1.6
      vertex 14.7071 -0.77274 -3
      vertex 14.6044 -0.793156 -3
    endloop
  endfacet
  facet normal -0.98063 0.19587 0
    outer loop
      vertex 15.2727 -0.207055 -3
      vertex 15.2932 -0.104421 -1.6
      vertex 15.2932 -0.104421 -3
    endloop
  endfacet
  facet normal -0.98063 0.19587 0
    outer loop
      vertex 15.2932 -0.104421 -1.6
      vertex 15.2727 -0.207055 -3
      vertex 15.2727 -0.207055 -1.6
    endloop
  endfacet
  facet normal -0.997886 0.0649834 0
    outer loop
      vertex 15.2932 -0.104421 -3
      vertex 15.3 0 -1.6
      vertex 15.3 0 -3
    endloop
  endfacet
  facet normal -0.997886 0.0649834 0
    outer loop
      vertex 15.3 0 -1.6
      vertex 15.2932 -0.104421 -3
      vertex 15.2932 -0.104421 -1.6
    endloop
  endfacet
  facet normal -0.947038 0.321121 0
    outer loop
      vertex 15.2391 -0.306147 -3
      vertex 15.2727 -0.207055 -1.6
      vertex 15.2727 -0.207055 -3
    endloop
  endfacet
  facet normal -0.947038 0.321121 0
    outer loop
      vertex 15.2727 -0.207055 -1.6
      vertex 15.2391 -0.306147 -3
      vertex 15.2391 -0.306147 -1.6
    endloop
  endfacet
  facet normal -0.831635 0.555322 0
    outer loop
      vertex 15.1347 -0.487009 -3
      vertex 15.1928 -0.4 -1.6
      vertex 15.1928 -0.4 -3
    endloop
  endfacet
  facet normal -0.831635 0.555322 0
    outer loop
      vertex 15.1928 -0.4 -1.6
      vertex 15.1347 -0.487009 -3
      vertex 15.1347 -0.487009 -1.6
    endloop
  endfacet
  facet normal -0.321706 0.94684 0
    outer loop
      vertex 14.8061 -0.739103 -3
      vertex 14.7071 -0.77274 -1.6
      vertex 14.8061 -0.739103 -1.6
    endloop
  endfacet
  facet normal -0.321706 0.94684 0
    outer loop
      vertex 14.7071 -0.77274 -1.6
      vertex 14.8061 -0.739103 -3
      vertex 14.7071 -0.77274 -3
    endloop
  endfacet
  facet normal -0.997886 -0.0649834 0
    outer loop
      vertex 15.3 0 -3
      vertex 15.2932 0.104421 -1.6
      vertex 15.2932 0.104421 -3
    endloop
  endfacet
  facet normal -0.997886 -0.0649834 0
    outer loop
      vertex 15.2932 0.104421 -1.6
      vertex 15.3 0 -3
      vertex 15.3 0 -1.6
    endloop
  endfacet
  facet normal 0.555606 -0.831446 0
    outer loop
      vertex 14.013 0.634683 -3
      vertex 14.1 0.69282 -1.6
      vertex 14.013 0.634683 -1.6
    endloop
  endfacet
  facet normal 0.555606 -0.831446 0
    outer loop
      vertex 14.1 0.69282 -1.6
      vertex 14.013 0.634683 -3
      vertex 14.1 0.69282 -3
    endloop
  endfacet
  facet normal 0.321706 -0.94684 0
    outer loop
      vertex 14.1939 0.739103 -3
      vertex 14.2929 0.77274 -1.6
      vertex 14.1939 0.739103 -1.6
    endloop
  endfacet
  facet normal 0.321706 -0.94684 0
    outer loop
      vertex 14.2929 0.77274 -1.6
      vertex 14.1939 0.739103 -3
      vertex 14.2929 0.77274 -3
    endloop
  endfacet
  facet normal -0.896809 0.442418 0
    outer loop
      vertex 15.1928 -0.4 -3
      vertex 15.2391 -0.306147 -1.6
      vertex 15.2391 -0.306147 -3
    endloop
  endfacet
  facet normal -0.896809 0.442418 0
    outer loop
      vertex 15.2391 -0.306147 -1.6
      vertex 15.1928 -0.4 -3
      vertex 15.1928 -0.4 -1.6
    endloop
  endfacet
  facet normal 0.321706 0.94684 -0
    outer loop
      vertex 14.2929 -0.77274 -3
      vertex 14.1939 -0.739103 -1.6
      vertex 14.2929 -0.77274 -1.6
    endloop
  endfacet
  facet normal 0.321706 0.94684 0
    outer loop
      vertex 14.1939 -0.739103 -1.6
      vertex 14.2929 -0.77274 -3
      vertex 14.1939 -0.739103 -3
    endloop
  endfacet
  facet normal -0.751826 0.659362 0
    outer loop
      vertex 15.0657 -0.565685 -3
      vertex 15.1347 -0.487009 -1.6
      vertex 15.1347 -0.487009 -3
    endloop
  endfacet
  facet normal -0.751826 0.659362 0
    outer loop
      vertex 15.1347 -0.487009 -1.6
      vertex 15.0657 -0.565685 -3
      vertex 15.0657 -0.565685 -1.6
    endloop
  endfacet
  facet normal -0.947038 -0.321121 0
    outer loop
      vertex 15.2727 0.207055 -3
      vertex 15.2391 0.306147 -1.6
      vertex 15.2391 0.306147 -3
    endloop
  endfacet
  facet normal -0.947038 -0.321121 0
    outer loop
      vertex 15.2391 0.306147 -1.6
      vertex 15.2727 0.207055 -3
      vertex 15.2727 0.207055 -1.6
    endloop
  endfacet
  facet normal 0.751826 -0.659362 0
    outer loop
      vertex 13.8653 0.487009 -1.6
      vertex 13.9343 0.565685 -3
      vertex 13.9343 0.565685 -1.6
    endloop
  endfacet
  facet normal 0.751826 -0.659362 0
    outer loop
      vertex 13.9343 0.565685 -3
      vertex 13.8653 0.487009 -1.6
      vertex 13.8653 0.487009 -3
    endloop
  endfacet
  facet normal -0.98063 -0.19587 0
    outer loop
      vertex 15.2932 0.104421 -3
      vertex 15.2727 0.207055 -1.6
      vertex 15.2727 0.207055 -3
    endloop
  endfacet
  facet normal -0.98063 -0.19587 0
    outer loop
      vertex 15.2727 0.207055 -1.6
      vertex 15.2932 0.104421 -3
      vertex 15.2932 0.104421 -1.6
    endloop
  endfacet
  facet normal 0.659238 0.751935 -0
    outer loop
      vertex 14.013 -0.634683 -3
      vertex 13.9343 -0.565685 -1.6
      vertex 14.013 -0.634683 -1.6
    endloop
  endfacet
  facet normal 0.659238 0.751935 0
    outer loop
      vertex 13.9343 -0.565685 -1.6
      vertex 14.013 -0.634683 -3
      vertex 13.9343 -0.565685 -3
    endloop
  endfacet
  facet normal 0.947038 -0.321121 0
    outer loop
      vertex 13.7273 0.207055 -1.6
      vertex 13.7609 0.306147 -3
      vertex 13.7609 0.306147 -1.6
    endloop
  endfacet
  facet normal 0.947038 -0.321121 0
    outer loop
      vertex 13.7609 0.306147 -3
      vertex 13.7273 0.207055 -1.6
      vertex 13.7273 0.207055 -3
    endloop
  endfacet
  facet normal -0.831635 -0.555322 0
    outer loop
      vertex 15.1928 0.4 -3
      vertex 15.1347 0.487009 -1.6
      vertex 15.1347 0.487009 -3
    endloop
  endfacet
  facet normal -0.831635 -0.555322 0
    outer loop
      vertex 15.1347 0.487009 -1.6
      vertex 15.1928 0.4 -3
      vertex 15.1928 0.4 -1.6
    endloop
  endfacet
  facet normal -0.442109 0.896961 0
    outer loop
      vertex 14.9 -0.69282 -3
      vertex 14.8061 -0.739103 -1.6
      vertex 14.9 -0.69282 -1.6
    endloop
  endfacet
  facet normal -0.442109 0.896961 0
    outer loop
      vertex 14.8061 -0.739103 -1.6
      vertex 14.9 -0.69282 -3
      vertex 14.8061 -0.739103 -3
    endloop
  endfacet
  facet normal 0.442109 0.896961 -0
    outer loop
      vertex 14.1939 -0.739103 -3
      vertex 14.1 -0.69282 -1.6
      vertex 14.1939 -0.739103 -1.6
    endloop
  endfacet
  facet normal 0.442109 0.896961 0
    outer loop
      vertex 14.1 -0.69282 -1.6
      vertex 14.1939 -0.739103 -3
      vertex 14.1 -0.69282 -3
    endloop
  endfacet
  facet normal -0.442109 -0.896961 0
    outer loop
      vertex 14.8061 0.739103 -3
      vertex 14.9 0.69282 -1.6
      vertex 14.8061 0.739103 -1.6
    endloop
  endfacet
  facet normal -0.442109 -0.896961 -0
    outer loop
      vertex 14.9 0.69282 -1.6
      vertex 14.8061 0.739103 -3
      vertex 14.9 0.69282 -3
    endloop
  endfacet
  facet normal -0.321706 -0.94684 0
    outer loop
      vertex 14.7071 0.77274 -3
      vertex 14.8061 0.739103 -1.6
      vertex 14.7071 0.77274 -1.6
    endloop
  endfacet
  facet normal -0.321706 -0.94684 -0
    outer loop
      vertex 14.8061 0.739103 -1.6
      vertex 14.7071 0.77274 -3
      vertex 14.8061 0.739103 -3
    endloop
  endfacet
  facet normal 0.98063 -0.19587 0
    outer loop
      vertex 13.7068 0.104421 -1.6
      vertex 13.7273 0.207055 -3
      vertex 13.7273 0.207055 -1.6
    endloop
  endfacet
  facet normal 0.98063 -0.19587 0
    outer loop
      vertex 13.7273 0.207055 -3
      vertex 13.7068 0.104421 -1.6
      vertex 13.7068 0.104421 -3
    endloop
  endfacet
  facet normal 0.555606 0.831446 -0
    outer loop
      vertex 14.1 -0.69282 -3
      vertex 14.013 -0.634683 -1.6
      vertex 14.1 -0.69282 -1.6
    endloop
  endfacet
  facet normal 0.555606 0.831446 0
    outer loop
      vertex 14.013 -0.634683 -1.6
      vertex 14.1 -0.69282 -3
      vertex 14.013 -0.634683 -3
    endloop
  endfacet
  facet normal -0.555606 -0.831446 0
    outer loop
      vertex 14.9 0.69282 -3
      vertex 14.987 0.634683 -1.6
      vertex 14.9 0.69282 -1.6
    endloop
  endfacet
  facet normal -0.555606 -0.831446 -0
    outer loop
      vertex 14.987 0.634683 -1.6
      vertex 14.9 0.69282 -3
      vertex 14.987 0.634683 -3
    endloop
  endfacet
  facet normal -0.194977 -0.980808 0
    outer loop
      vertex 14.6044 0.793156 -3
      vertex 14.7071 0.77274 -1.6
      vertex 14.6044 0.793156 -1.6
    endloop
  endfacet
  facet normal -0.194977 -0.980808 -0
    outer loop
      vertex 14.7071 0.77274 -1.6
      vertex 14.6044 0.793156 -3
      vertex 14.7071 0.77274 -3
    endloop
  endfacet
  facet normal -0.659238 0.751935 0
    outer loop
      vertex 15.0657 -0.565685 -3
      vertex 14.987 -0.634683 -1.6
      vertex 15.0657 -0.565685 -1.6
    endloop
  endfacet
  facet normal -0.659238 0.751935 0
    outer loop
      vertex 14.987 -0.634683 -1.6
      vertex 15.0657 -0.565685 -3
      vertex 14.987 -0.634683 -3
    endloop
  endfacet
  facet normal 0.947038 0.321121 0
    outer loop
      vertex 13.7609 -0.306147 -1.6
      vertex 13.7273 -0.207055 -3
      vertex 13.7273 -0.207055 -1.6
    endloop
  endfacet
  facet normal 0.947038 0.321121 0
    outer loop
      vertex 13.7273 -0.207055 -3
      vertex 13.7609 -0.306147 -1.6
      vertex 13.7609 -0.306147 -3
    endloop
  endfacet
  facet normal -0.0654056 -0.997859 0
    outer loop
      vertex 14.5 0.799999 -3
      vertex 14.6044 0.793156 -1.6
      vertex 14.5 0.799999 -1.6
    endloop
  endfacet
  facet normal -0.0654056 -0.997859 -0
    outer loop
      vertex 14.6044 0.793156 -1.6
      vertex 14.5 0.799999 -3
      vertex 14.6044 0.793156 -3
    endloop
  endfacet
  facet normal 0.194977 0.980808 -0
    outer loop
      vertex 14.3956 -0.793156 -3
      vertex 14.2929 -0.77274 -1.6
      vertex 14.3956 -0.793156 -1.6
    endloop
  endfacet
  facet normal 0.194977 0.980808 0
    outer loop
      vertex 14.2929 -0.77274 -1.6
      vertex 14.3956 -0.793156 -3
      vertex 14.2929 -0.77274 -3
    endloop
  endfacet
  facet normal 0.659238 -0.751935 0
    outer loop
      vertex 13.9343 0.565685 -3
      vertex 14.013 0.634683 -1.6
      vertex 13.9343 0.565685 -1.6
    endloop
  endfacet
  facet normal 0.659238 -0.751935 0
    outer loop
      vertex 14.013 0.634683 -1.6
      vertex 13.9343 0.565685 -3
      vertex 14.013 0.634683 -3
    endloop
  endfacet
  facet normal -0.659238 -0.751935 0
    outer loop
      vertex 14.987 0.634683 -3
      vertex 15.0657 0.565685 -1.6
      vertex 14.987 0.634683 -1.6
    endloop
  endfacet
  facet normal -0.659238 -0.751935 -0
    outer loop
      vertex 15.0657 0.565685 -1.6
      vertex 14.987 0.634683 -3
      vertex 15.0657 0.565685 -3
    endloop
  endfacet
  facet normal 0.896809 0.442418 0
    outer loop
      vertex 13.8072 -0.4 -1.6
      vertex 13.7609 -0.306147 -3
      vertex 13.7609 -0.306147 -1.6
    endloop
  endfacet
  facet normal 0.896809 0.442418 0
    outer loop
      vertex 13.7609 -0.306147 -3
      vertex 13.8072 -0.4 -1.6
      vertex 13.8072 -0.4 -3
    endloop
  endfacet
  facet normal -0.896809 -0.442418 0
    outer loop
      vertex 15.2391 0.306147 -3
      vertex 15.1928 0.4 -1.6
      vertex 15.1928 0.4 -3
    endloop
  endfacet
  facet normal -0.896809 -0.442418 0
    outer loop
      vertex 15.1928 0.4 -1.6
      vertex 15.2391 0.306147 -3
      vertex 15.2391 0.306147 -1.6
    endloop
  endfacet
  facet normal -0.751826 -0.659362 0
    outer loop
      vertex 15.1347 0.487009 -3
      vertex 15.0657 0.565685 -1.6
      vertex 15.0657 0.565685 -3
    endloop
  endfacet
  facet normal -0.751826 -0.659362 0
    outer loop
      vertex 15.0657 0.565685 -1.6
      vertex 15.1347 0.487009 -3
      vertex 15.1347 0.487009 -1.6
    endloop
  endfacet
  facet normal 0.0654056 -0.997859 0
    outer loop
      vertex 14.3956 0.793156 -3
      vertex 14.5 0.799999 -1.6
      vertex 14.3956 0.793156 -1.6
    endloop
  endfacet
  facet normal 0.0654056 -0.997859 0
    outer loop
      vertex 14.5 0.799999 -1.6
      vertex 14.3956 0.793156 -3
      vertex 14.5 0.799999 -3
    endloop
  endfacet
  facet normal -0.0654056 0.997859 0
    outer loop
      vertex 14.6044 -0.793156 -3
      vertex 14.5 -0.799999 -1.6
      vertex 14.6044 -0.793156 -1.6
    endloop
  endfacet
  facet normal -0.0654056 0.997859 0
    outer loop
      vertex 14.5 -0.799999 -1.6
      vertex 14.6044 -0.793156 -3
      vertex 14.5 -0.799999 -3
    endloop
  endfacet
  facet normal -0.555606 0.831446 0
    outer loop
      vertex 14.987 -0.634683 -3
      vertex 14.9 -0.69282 -1.6
      vertex 14.987 -0.634683 -1.6
    endloop
  endfacet
  facet normal -0.555606 0.831446 0
    outer loop
      vertex 14.9 -0.69282 -1.6
      vertex 14.987 -0.634683 -3
      vertex 14.9 -0.69282 -3
    endloop
  endfacet
  facet normal 0.997886 -0.0649834 0
    outer loop
      vertex 13.7 0 -1.6
      vertex 13.7068 0.104421 -3
      vertex 13.7068 0.104421 -1.6
    endloop
  endfacet
  facet normal 0.997886 -0.0649834 0
    outer loop
      vertex 13.7068 0.104421 -3
      vertex 13.7 0 -1.6
      vertex 13.7 0 -3
    endloop
  endfacet
  facet normal 0.751826 0.659362 0
    outer loop
      vertex 13.9343 -0.565685 -1.6
      vertex 13.8653 -0.487009 -3
      vertex 13.8653 -0.487009 -1.6
    endloop
  endfacet
  facet normal 0.751826 0.659362 0
    outer loop
      vertex 13.8653 -0.487009 -3
      vertex 13.9343 -0.565685 -1.6
      vertex 13.9343 -0.565685 -3
    endloop
  endfacet
  facet normal 0.0654056 0.997859 -0
    outer loop
      vertex 14.5 -0.799999 -3
      vertex 14.3956 -0.793156 -1.6
      vertex 14.5 -0.799999 -1.6
    endloop
  endfacet
  facet normal 0.0654056 0.997859 0
    outer loop
      vertex 14.3956 -0.793156 -1.6
      vertex 14.5 -0.799999 -3
      vertex 14.3956 -0.793156 -3
    endloop
  endfacet
  facet normal 0.194977 -0.980808 0
    outer loop
      vertex 14.2929 0.77274 -3
      vertex 14.3956 0.793156 -1.6
      vertex 14.2929 0.77274 -1.6
    endloop
  endfacet
  facet normal 0.194977 -0.980808 0
    outer loop
      vertex 14.3956 0.793156 -1.6
      vertex 14.2929 0.77274 -3
      vertex 14.3956 0.793156 -3
    endloop
  endfacet
  facet normal 0.98063 0.19587 0
    outer loop
      vertex 13.7273 -0.207055 -1.6
      vertex 13.7068 -0.104421 -3
      vertex 13.7068 -0.104421 -1.6
    endloop
  endfacet
  facet normal 0.98063 0.19587 0
    outer loop
      vertex 13.7068 -0.104421 -3
      vertex 13.7273 -0.207055 -1.6
      vertex 13.7273 -0.207055 -3
    endloop
  endfacet
  facet normal 0.997886 0.0649834 0
    outer loop
      vertex 13.7068 -0.104421 -1.6
      vertex 13.7 0 -3
      vertex 13.7 0 -1.6
    endloop
  endfacet
  facet normal 0.997886 0.0649834 0
    outer loop
      vertex 13.7 0 -3
      vertex 13.7068 -0.104421 -1.6
      vertex 13.7068 -0.104421 -3
    endloop
  endfacet
  facet normal 0.442109 -0.896961 0
    outer loop
      vertex 14.1 0.69282 -3
      vertex 14.1939 0.739103 -1.6
      vertex 14.1 0.69282 -1.6
    endloop
  endfacet
  facet normal 0.442109 -0.896961 0
    outer loop
      vertex 14.1939 0.739103 -1.6
      vertex 14.1 0.69282 -3
      vertex 14.1939 0.739103 -3
    endloop
  endfacet
  facet normal 0.831635 0.555322 0
    outer loop
      vertex 13.8653 -0.487009 -1.6
      vertex 13.8072 -0.4 -3
      vertex 13.8072 -0.4 -1.6
    endloop
  endfacet
  facet normal 0.831635 0.555322 0
    outer loop
      vertex 13.8072 -0.4 -3
      vertex 13.8653 -0.487009 -1.6
      vertex 13.8653 -0.487009 -3
    endloop
  endfacet
  facet normal 0.831635 -0.555322 0
    outer loop
      vertex 13.8072 0.4 -1.6
      vertex 13.8653 0.487009 -3
      vertex 13.8653 0.487009 -1.6
    endloop
  endfacet
  facet normal 0.831635 -0.555322 0
    outer loop
      vertex 13.8653 0.487009 -3
      vertex 13.8072 0.4 -1.6
      vertex 13.8072 0.4 -3
    endloop
  endfacet
  facet normal 0.896809 -0.442418 0
    outer loop
      vertex 13.7609 0.306147 -1.6
      vertex 13.8072 0.4 -3
      vertex 13.8072 0.4 -1.6
    endloop
  endfacet
  facet normal 0.896809 -0.442418 0
    outer loop
      vertex 13.8072 0.4 -3
      vertex 13.7609 0.306147 -1.6
      vertex 13.7609 0.306147 -3
    endloop
  endfacet
  facet normal 0.997859 0.0654022 0
    outer loop
      vertex -3.96578 -0.522104 0
      vertex -4 0 -1.6
      vertex -4 0 0
    endloop
  endfacet
  facet normal 0.997859 0.0654022 0
    outer loop
      vertex -4 0 -1.6
      vertex -3.96578 -0.522104 0
      vertex -3.96578 -0.522104 -1.6
    endloop
  endfacet
  facet normal -0.659507 -0.751699 0
    outer loop
      vertex 17.8002 1.82471 -1.6
      vertex 18.0263 1.62634 0
      vertex 17.8002 1.82471 0
    endloop
  endfacet
  facet normal -0.659507 -0.751699 -0
    outer loop
      vertex 18.0263 1.62634 0
      vertex 17.8002 1.82471 -1.6
      vertex 18.0263 1.62634 -1.6
    endloop
  endfacet
  facet normal 0.442291 -0.896871 0
    outer loop
      vertex -2 3.4641 -1.6
      vertex -1.53073 3.69552 0
      vertex -2 3.4641 0
    endloop
  endfacet
  facet normal 0.442291 -0.896871 0
    outer loop
      vertex -1.53073 3.69552 0
      vertex -2 3.4641 -1.6
      vertex -1.53073 3.69552 -1.6
    endloop
  endfacet
  facet normal -0.946937 -0.32142 0
    outer loop
      vertex 18.6216 0.595284 -1.6
      vertex 18.5249 0.880172 0
      vertex 18.5249 0.880172 -1.6
    endloop
  endfacet
  facet normal -0.946937 -0.32142 0
    outer loop
      vertex 18.5249 0.880172 0
      vertex 18.6216 0.595284 -1.6
      vertex 18.6216 0.595284 0
    endloop
  endfacet
  facet normal -0.896958 0.442116 0
    outer loop
      vertex 18.3919 -1.15 -1.6
      vertex 18.5249 -0.880172 0
      vertex 18.5249 -0.880172 -1.6
    endloop
  endfacet
  facet normal -0.896958 0.442116 0
    outer loop
      vertex 18.5249 -0.880172 0
      vertex 18.3919 -1.15 -1.6
      vertex 18.3919 -1.15 0
    endloop
  endfacet
  facet normal -0.831385 -0.555697 0
    outer loop
      vertex 18.3919 1.15 -1.6
      vertex 18.2247 1.40015 0
      vertex 18.2247 1.40015 -1.6
    endloop
  endfacet
  facet normal -0.831385 -0.555697 0
    outer loop
      vertex 18.2247 1.40015 0
      vertex 18.3919 1.15 -1.6
      vertex 18.3919 1.15 0
    endloop
  endfacet
  facet normal -0.442314 -0.89686 0
    outer loop
      vertex 17.2802 2.12492 -1.6
      vertex 17.55 1.99186 0
      vertex 17.2802 2.12492 0
    endloop
  endfacet
  facet normal -0.442314 -0.89686 -0
    outer loop
      vertex 17.55 1.99186 0
      vertex 17.2802 2.12492 -1.6
      vertex 17.55 1.99186 -1.6
    endloop
  endfacet
  facet normal -0.997854 0.0654799 0
    outer loop
      vertex 18.6803 -0.30021 -1.6
      vertex 18.7 0 0
      vertex 18.7 0 -1.6
    endloop
  endfacet
  facet normal -0.997854 0.0654799 0
    outer loop
      vertex 18.7 0 0
      vertex 18.6803 -0.30021 -1.6
      vertex 18.6803 -0.30021 0
    endloop
  endfacet
  facet normal 0.831471 0.555569 0
    outer loop
      vertex -3.17341 -2.43505 0
      vertex -3.4641 -2 -1.6
      vertex -3.4641 -2 0
    endloop
  endfacet
  facet normal 0.831471 0.555569 0
    outer loop
      vertex -3.4641 -2 -1.6
      vertex -3.17341 -2.43505 0
      vertex -3.17341 -2.43505 -1.6
    endloop
  endfacet
  facet normal -0.0654022 -0.997859 0
    outer loop
      vertex 0 4 -1.6
      vertex 0.522104 3.96578 0
      vertex 0 4 0
    endloop
  endfacet
  facet normal -0.0654022 -0.997859 -0
    outer loop
      vertex 0.522104 3.96578 0
      vertex 0 4 -1.6
      vertex 0.522104 3.96578 -1.6
    endloop
  endfacet
  facet normal -0.751779 0.659415 0
    outer loop
      vertex 18.0263 -1.62634 -1.6
      vertex 18.2247 -1.40015 0
      vertex 18.2247 -1.40015 -1.6
    endloop
  endfacet
  facet normal -0.751779 0.659415 0
    outer loop
      vertex 18.2247 -1.40015 0
      vertex 18.0263 -1.62634 -1.6
      vertex 18.0263 -1.62634 0
    endloop
  endfacet
  facet normal 0.321435 0.946932 -0
    outer loop
      vertex -1.03528 -3.8637 -1.6
      vertex -1.53073 -3.69552 0
      vertex -1.03528 -3.8637 0
    endloop
  endfacet
  facet normal 0.321435 0.946932 0
    outer loop
      vertex -1.53073 -3.69552 0
      vertex -1.03528 -3.8637 -1.6
      vertex -1.53073 -3.69552 -1.6
    endloop
  endfacet
  facet normal 0.896871 -0.442291 0
    outer loop
      vertex -3.69552 1.53073 0
      vertex -3.4641 2 -1.6
      vertex -3.4641 2 0
    endloop
  endfacet
  facet normal 0.896871 -0.442291 0
    outer loop
      vertex -3.4641 2 -1.6
      vertex -3.69552 1.53073 0
      vertex -3.69552 1.53073 -1.6
    endloop
  endfacet
  facet normal 0.751845 0.65934 0
    outer loop
      vertex -2.82843 -2.82843 0
      vertex -3.17341 -2.43505 -1.6
      vertex -3.17341 -2.43505 0
    endloop
  endfacet
  facet normal 0.751845 0.65934 0
    outer loop
      vertex -3.17341 -2.43505 -1.6
      vertex -2.82843 -2.82843 0
      vertex -2.82843 -2.82843 -1.6
    endloop
  endfacet
  facet normal 0.65934 0.751845 -0
    outer loop
      vertex -2.43505 -3.17341 -1.6
      vertex -2.82843 -2.82843 0
      vertex -2.43505 -3.17341 0
    endloop
  endfacet
  facet normal 0.65934 0.751845 0
    outer loop
      vertex -2.82843 -2.82843 0
      vertex -2.43505 -3.17341 -1.6
      vertex -2.82843 -2.82843 -1.6
    endloop
  endfacet
  facet normal 0.0654022 0.997859 -0
    outer loop
      vertex 0 -4 -1.6
      vertex -0.522104 -3.96578 0
      vertex 0 -4 0
    endloop
  endfacet
  facet normal 0.0654022 0.997859 0
    outer loop
      vertex -0.522104 -3.96578 0
      vertex 0 -4 -1.6
      vertex -0.522104 -3.96578 -1.6
    endloop
  endfacet
  facet normal -0.980781 0.19511 0
    outer loop
      vertex 18.6216 -0.595284 -1.6
      vertex 18.6803 -0.30021 0
      vertex 18.6803 -0.30021 -1.6
    endloop
  endfacet
  facet normal -0.980781 0.19511 0
    outer loop
      vertex 18.6803 -0.30021 0
      vertex 18.6216 -0.595284 -1.6
      vertex 18.6216 -0.595284 0
    endloop
  endfacet
  facet normal -0.195061 0.980791 0
    outer loop
      vertex 16.9953 -2.22163 -1.6
      vertex 16.7002 -2.28032 0
      vertex 16.9953 -2.22163 0
    endloop
  endfacet
  facet normal -0.195061 0.980791 0
    outer loop
      vertex 16.7002 -2.28032 0
      vertex 16.9953 -2.22163 -1.6
      vertex 16.7002 -2.28032 -1.6
    endloop
  endfacet
  facet normal -0.195061 -0.980791 0
    outer loop
      vertex 16.7002 2.28032 -1.6
      vertex 16.9953 2.22163 0
      vertex 16.7002 2.28032 0
    endloop
  endfacet
  facet normal -0.195061 -0.980791 -0
    outer loop
      vertex 16.9953 2.22163 0
      vertex 16.7002 2.28032 -1.6
      vertex 16.9953 2.22163 -1.6
    endloop
  endfacet
  facet normal 0.65934 -0.751845 0
    outer loop
      vertex -2.82843 2.82843 -1.6
      vertex -2.43505 3.17341 0
      vertex -2.82843 2.82843 0
    endloop
  endfacet
  facet normal 0.65934 -0.751845 0
    outer loop
      vertex -2.43505 3.17341 0
      vertex -2.82843 2.82843 -1.6
      vertex -2.43505 3.17341 -1.6
    endloop
  endfacet
  facet normal 0.997859 -0.0654022 0
    outer loop
      vertex -4 0 0
      vertex -3.96578 0.522104 -1.6
      vertex -3.96578 0.522104 0
    endloop
  endfacet
  facet normal 0.997859 -0.0654022 0
    outer loop
      vertex -3.96578 0.522104 -1.6
      vertex -4 0 0
      vertex -4 0 -1.6
    endloop
  endfacet
  facet normal 0.831471 -0.555569 0
    outer loop
      vertex -3.4641 2 0
      vertex -3.17341 2.43505 -1.6
      vertex -3.17341 2.43505 0
    endloop
  endfacet
  facet normal 0.831471 -0.555569 0
    outer loop
      vertex -3.17341 2.43505 -1.6
      vertex -3.4641 2 0
      vertex -3.4641 2 -1.6
    endloop
  endfacet
  facet normal -0.321438 -0.946931 0
    outer loop
      vertex 16.9953 2.22163 -1.6
      vertex 17.2802 2.12492 0
      vertex 16.9953 2.22163 0
    endloop
  endfacet
  facet normal -0.321438 -0.946931 -0
    outer loop
      vertex 17.2802 2.12492 0
      vertex 16.9953 2.22163 -1.6
      vertex 17.2802 2.12492 -1.6
    endloop
  endfacet
  facet normal 0.896871 0.442291 0
    outer loop
      vertex -3.4641 -2 0
      vertex -3.69552 -1.53073 -1.6
      vertex -3.69552 -1.53073 0
    endloop
  endfacet
  facet normal 0.896871 0.442291 0
    outer loop
      vertex -3.69552 -1.53073 -1.6
      vertex -3.4641 -2 0
      vertex -3.4641 -2 -1.6
    endloop
  endfacet
  facet normal -0.896958 -0.442116 0
    outer loop
      vertex 18.5249 0.880172 -1.6
      vertex 18.3919 1.15 0
      vertex 18.3919 1.15 -1.6
    endloop
  endfacet
  facet normal -0.896958 -0.442116 0
    outer loop
      vertex 18.3919 1.15 0
      vertex 18.5249 0.880172 -1.6
      vertex 18.5249 0.880172 0
    endloop
  endfacet
  facet normal -0.980781 -0.19511 0
    outer loop
      vertex 18.6803 0.30021 -1.6
      vertex 18.6216 0.595284 0
      vertex 18.6216 0.595284 -1.6
    endloop
  endfacet
  facet normal -0.980781 -0.19511 0
    outer loop
      vertex 18.6216 0.595284 0
      vertex 18.6803 0.30021 -1.6
      vertex 18.6803 0.30021 0
    endloop
  endfacet
  facet normal -0.946937 0.32142 0
    outer loop
      vertex 18.5249 -0.880172 -1.6
      vertex 18.6216 -0.595284 0
      vertex 18.6216 -0.595284 -1.6
    endloop
  endfacet
  facet normal -0.946937 0.32142 0
    outer loop
      vertex 18.6216 -0.595284 0
      vertex 18.5249 -0.880172 -1.6
      vertex 18.5249 -0.880172 0
    endloop
  endfacet
  facet normal 0.555569 0.831471 -0
    outer loop
      vertex -2 -3.4641 -1.6
      vertex -2.43505 -3.17341 0
      vertex -2 -3.4641 0
    endloop
  endfacet
  facet normal 0.555569 0.831471 0
    outer loop
      vertex -2.43505 -3.17341 0
      vertex -2 -3.4641 -1.6
      vertex -2.43505 -3.17341 -1.6
    endloop
  endfacet
  facet normal 0.442291 0.896871 -0
    outer loop
      vertex -1.53073 -3.69552 -1.6
      vertex -2 -3.4641 0
      vertex -1.53073 -3.69552 0
    endloop
  endfacet
  facet normal 0.442291 0.896871 0
    outer loop
      vertex -2 -3.4641 0
      vertex -1.53073 -3.69552 -1.6
      vertex -2 -3.4641 -1.6
    endloop
  endfacet
  facet normal -0.103621 0.994617 0
    outer loop
      vertex 16.7002 -2.28032 -1.6
      vertex 0.522104 -3.96578 0
      vertex 16.7002 -2.28032 0
    endloop
  endfacet
  facet normal -0.103621 0.994617 0
    outer loop
      vertex 0.522104 -3.96578 0
      vertex 16.7002 -2.28032 -1.6
      vertex 0.522104 -3.96578 -1.6
    endloop
  endfacet
  facet normal -0.751779 -0.659415 0
    outer loop
      vertex 18.2247 1.40015 -1.6
      vertex 18.0263 1.62634 0
      vertex 18.0263 1.62634 -1.6
    endloop
  endfacet
  facet normal -0.751779 -0.659415 0
    outer loop
      vertex 18.0263 1.62634 0
      vertex 18.2247 1.40015 -1.6
      vertex 18.2247 1.40015 0
    endloop
  endfacet
  facet normal 0.555569 -0.831471 0
    outer loop
      vertex -2.43505 3.17341 -1.6
      vertex -2 3.4641 0
      vertex -2.43505 3.17341 0
    endloop
  endfacet
  facet normal 0.555569 -0.831471 0
    outer loop
      vertex -2 3.4641 0
      vertex -2.43505 3.17341 -1.6
      vertex -2 3.4641 -1.6
    endloop
  endfacet
  facet normal 0.751845 -0.65934 0
    outer loop
      vertex -3.17341 2.43505 0
      vertex -2.82843 2.82843 -1.6
      vertex -2.82843 2.82843 0
    endloop
  endfacet
  facet normal 0.751845 -0.65934 0
    outer loop
      vertex -2.82843 2.82843 -1.6
      vertex -3.17341 2.43505 0
      vertex -3.17341 2.43505 -1.6
    endloop
  endfacet
  facet normal -0.555505 -0.831513 0
    outer loop
      vertex 17.55 1.99186 -1.6
      vertex 17.8002 1.82471 0
      vertex 17.55 1.99186 0
    endloop
  endfacet
  facet normal -0.555505 -0.831513 -0
    outer loop
      vertex 17.8002 1.82471 0
      vertex 17.55 1.99186 -1.6
      vertex 17.8002 1.82471 -1.6
    endloop
  endfacet
  facet normal -0.555505 0.831513 0
    outer loop
      vertex 17.8002 -1.82471 -1.6
      vertex 17.55 -1.99186 0
      vertex 17.8002 -1.82471 0
    endloop
  endfacet
  facet normal -0.555505 0.831513 0
    outer loop
      vertex 17.55 -1.99186 0
      vertex 17.8002 -1.82471 -1.6
      vertex 17.55 -1.99186 -1.6
    endloop
  endfacet
  facet normal 0.946932 0.321435 0
    outer loop
      vertex -3.69552 -1.53073 0
      vertex -3.8637 -1.03528 -1.6
      vertex -3.8637 -1.03528 0
    endloop
  endfacet
  facet normal 0.946932 0.321435 0
    outer loop
      vertex -3.8637 -1.03528 -1.6
      vertex -3.69552 -1.53073 0
      vertex -3.69552 -1.53073 -1.6
    endloop
  endfacet
  facet normal 0.980784 0.195096 0
    outer loop
      vertex -3.8637 -1.03528 0
      vertex -3.96578 -0.522104 -1.6
      vertex -3.96578 -0.522104 0
    endloop
  endfacet
  facet normal 0.980784 0.195096 0
    outer loop
      vertex -3.96578 -0.522104 -1.6
      vertex -3.8637 -1.03528 0
      vertex -3.8637 -1.03528 -1.6
    endloop
  endfacet
  facet normal -0.442314 0.89686 0
    outer loop
      vertex 17.55 -1.99186 -1.6
      vertex 17.2802 -2.12492 0
      vertex 17.55 -1.99186 0
    endloop
  endfacet
  facet normal -0.442314 0.89686 0
    outer loop
      vertex 17.2802 -2.12492 0
      vertex 17.55 -1.99186 -1.6
      vertex 17.2802 -2.12492 -1.6
    endloop
  endfacet
  facet normal 0.321435 -0.946932 0
    outer loop
      vertex -1.53073 3.69552 -1.6
      vertex -1.03528 3.8637 0
      vertex -1.53073 3.69552 0
    endloop
  endfacet
  facet normal 0.321435 -0.946932 0
    outer loop
      vertex -1.03528 3.8637 0
      vertex -1.53073 3.69552 -1.6
      vertex -1.03528 3.8637 -1.6
    endloop
  endfacet
  facet normal -0.0654022 0.997859 0
    outer loop
      vertex 0.522104 -3.96578 -1.6
      vertex 0 -4 0
      vertex 0.522104 -3.96578 0
    endloop
  endfacet
  facet normal -0.0654022 0.997859 0
    outer loop
      vertex 0 -4 0
      vertex 0.522104 -3.96578 -1.6
      vertex 0 -4 -1.6
    endloop
  endfacet
  facet normal 0.0654022 -0.997859 0
    outer loop
      vertex -0.522104 3.96578 -1.6
      vertex 0 4 0
      vertex -0.522104 3.96578 0
    endloop
  endfacet
  facet normal 0.0654022 -0.997859 0
    outer loop
      vertex 0 4 0
      vertex -0.522104 3.96578 -1.6
      vertex 0 4 -1.6
    endloop
  endfacet
  facet normal -0.831385 0.555697 0
    outer loop
      vertex 18.2247 -1.40015 -1.6
      vertex 18.3919 -1.15 0
      vertex 18.3919 -1.15 -1.6
    endloop
  endfacet
  facet normal -0.831385 0.555697 0
    outer loop
      vertex 18.3919 -1.15 0
      vertex 18.2247 -1.40015 -1.6
      vertex 18.2247 -1.40015 0
    endloop
  endfacet
  facet normal -0.103621 -0.994617 0
    outer loop
      vertex 0.522104 3.96578 -1.6
      vertex 16.7002 2.28032 0
      vertex 0.522104 3.96578 0
    endloop
  endfacet
  facet normal -0.103621 -0.994617 -0
    outer loop
      vertex 16.7002 2.28032 0
      vertex 0.522104 3.96578 -1.6
      vertex 16.7002 2.28032 -1.6
    endloop
  endfacet
  facet normal -0.659507 0.751699 0
    outer loop
      vertex 18.0263 -1.62634 -1.6
      vertex 17.8002 -1.82471 0
      vertex 18.0263 -1.62634 0
    endloop
  endfacet
  facet normal -0.659507 0.751699 0
    outer loop
      vertex 17.8002 -1.82471 0
      vertex 18.0263 -1.62634 -1.6
      vertex 17.8002 -1.82471 -1.6
    endloop
  endfacet
  facet normal 0.980784 -0.195096 0
    outer loop
      vertex -3.96578 0.522104 0
      vertex -3.8637 1.03528 -1.6
      vertex -3.8637 1.03528 0
    endloop
  endfacet
  facet normal 0.980784 -0.195096 0
    outer loop
      vertex -3.8637 1.03528 -1.6
      vertex -3.96578 0.522104 0
      vertex -3.96578 0.522104 -1.6
    endloop
  endfacet
  facet normal 0.946932 -0.321435 0
    outer loop
      vertex -3.8637 1.03528 0
      vertex -3.69552 1.53073 -1.6
      vertex -3.69552 1.53073 0
    endloop
  endfacet
  facet normal 0.946932 -0.321435 0
    outer loop
      vertex -3.69552 1.53073 -1.6
      vertex -3.8637 1.03528 0
      vertex -3.8637 1.03528 -1.6
    endloop
  endfacet
  facet normal -0.997854 -0.0654799 0
    outer loop
      vertex 18.7 0 -1.6
      vertex 18.6803 0.30021 0
      vertex 18.6803 0.30021 -1.6
    endloop
  endfacet
  facet normal -0.997854 -0.0654799 0
    outer loop
      vertex 18.6803 0.30021 0
      vertex 18.7 0 -1.6
      vertex 18.7 0 0
    endloop
  endfacet
  facet normal 0.195096 0.980784 -0
    outer loop
      vertex -0.522104 -3.96578 -1.6
      vertex -1.03528 -3.8637 0
      vertex -0.522104 -3.96578 0
    endloop
  endfacet
  facet normal 0.195096 0.980784 0
    outer loop
      vertex -1.03528 -3.8637 0
      vertex -0.522104 -3.96578 -1.6
      vertex -1.03528 -3.8637 -1.6
    endloop
  endfacet
  facet normal 0 0 1
    outer loop
      vertex 15.3 0 -1.6
      vertex 18.7 0 -1.6
      vertex 18.6803 0.30021 -1.6
    endloop
  endfacet
  facet normal 0 0 1
    outer loop
      vertex 15.3 0 -1.6
      vertex 18.6803 0.30021 -1.6
      vertex 18.6216 0.595284 -1.6
    endloop
  endfacet
  facet normal 0 0 1
    outer loop
      vertex 18.7 0 -1.6
      vertex 15.3 0 -1.6
      vertex 18.6803 -0.30021 -1.6
    endloop
  endfacet
  facet normal 0 0 1
    outer loop
      vertex 15.2932 0.104421 -1.6
      vertex 18.6216 0.595284 -1.6
      vertex 18.5249 0.880172 -1.6
    endloop
  endfacet
  facet normal 0 0 1
    outer loop
      vertex 18.6803 -0.30021 -1.6
      vertex 15.3 0 -1.6
      vertex 18.6216 -0.595284 -1.6
    endloop
  endfacet
  facet normal 0 0 1
    outer loop
      vertex 15.2932 0.104421 -1.6
      vertex 18.5249 0.880172 -1.6
      vertex 18.3919 1.15 -1.6
    endloop
  endfacet
  facet normal -0 0 1
    outer loop
      vertex 15.2932 -0.104421 -1.6
      vertex 18.6216 -0.595284 -1.6
      vertex 15.3 0 -1.6
    endloop
  endfacet
  facet normal 0 0 1
    outer loop
      vertex 15.2932 0.104421 -1.6
      vertex 18.3919 1.15 -1.6
      vertex 18.2247 1.40015 -1.6
    endloop
  endfacet
  facet normal 0 0 1
    outer loop
      vertex 18.6216 -0.595284 -1.6
      vertex 15.2932 -0.104421 -1.6
      vertex 18.5249 -0.880172 -1.6
    endloop
  endfacet
  facet normal 0 0 1
    outer loop
      vertex 15.2932 0.104421 -1.6
      vertex 18.2247 1.40015 -1.6
      vertex 18.0263 1.62634 -1.6
    endloop
  endfacet
  facet normal 0 0 1
    outer loop
      vertex 18.5249 -0.880172 -1.6
      vertex 15.2932 -0.104421 -1.6
      vertex 18.3919 -1.15 -1.6
    endloop
  endfacet
  facet normal 0 0 1
    outer loop
      vertex 15.2727 0.207055 -1.6
      vertex 18.0263 1.62634 -1.6
      vertex 17.8002 1.82471 -1.6
    endloop
  endfacet
  facet normal 0 0 1
    outer loop
      vertex 18.3919 -1.15 -1.6
      vertex 15.2932 -0.104421 -1.6
      vertex 18.2247 -1.40015 -1.6
    endloop
  endfacet
  facet normal 0 0 1
    outer loop
      vertex 15.2727 0.207055 -1.6
      vertex 17.8002 1.82471 -1.6
      vertex 17.55 1.99186 -1.6
    endloop
  endfacet
  facet normal 0 0 1
    outer loop
      vertex 18.2247 -1.40015 -1.6
      vertex 15.2932 -0.104421 -1.6
      vertex 18.0263 -1.62634 -1.6
    endloop
  endfacet
  facet normal 0 0 1
    outer loop
      vertex 15.2727 0.207055 -1.6
      vertex 17.55 1.99186 -1.6
      vertex 17.2802 2.12492 -1.6
    endloop
  endfacet
  facet normal -0 0 1
    outer loop
      vertex 15.2727 -0.207055 -1.6
      vertex 18.0263 -1.62634 -1.6
      vertex 15.2932 -0.104421 -1.6
    endloop
  endfacet
  facet normal 0 0 1
    outer loop
      vertex 15.2391 0.306147 -1.6
      vertex 17.2802 2.12492 -1.6
      vertex 16.9953 2.22163 -1.6
    endloop
  endfacet
  facet normal 0 0 1
    outer loop
      vertex 18.0263 -1.62634 -1.6
      vertex 15.2727 -0.207055 -1.6
      vertex 17.8002 -1.82471 -1.6
    endloop
  endfacet
  facet normal 0 0 1
    outer loop
      vertex 15.2391 0.306147 -1.6
      vertex 16.9953 2.22163 -1.6
      vertex 16.7002 2.28032 -1.6
    endloop
  endfacet
  facet normal 0 0 1
    outer loop
      vertex 17.8002 -1.82471 -1.6
      vertex 15.2727 -0.207055 -1.6
      vertex 17.55 -1.99186 -1.6
    endloop
  endfacet
  facet normal 0 0 1
    outer loop
      vertex 17.55 -1.99186 -1.6
      vertex 15.2727 -0.207055 -1.6
      vertex 17.2802 -2.12492 -1.6
    endloop
  endfacet
  facet normal 0 0 1
    outer loop
      vertex 18.6216 0.595284 -1.6
      vertex 15.2932 0.104421 -1.6
      vertex 15.3 0 -1.6
    endloop
  endfacet
  facet normal 0 0 1
    outer loop
      vertex 18.0263 1.62634 -1.6
      vertex 15.2727 0.207055 -1.6
      vertex 15.2932 0.104421 -1.6
    endloop
  endfacet
  facet normal 0 0 1
    outer loop
      vertex 17.2802 2.12492 -1.6
      vertex 15.2391 0.306147 -1.6
      vertex 15.2727 0.207055 -1.6
    endloop
  endfacet
  facet normal 0 0 1
    outer loop
      vertex 16.7002 2.28032 -1.6
      vertex 15.1928 0.4 -1.6
      vertex 15.2391 0.306147 -1.6
    endloop
  endfacet
  facet normal 0 0 1
    outer loop
      vertex 16.7002 2.28032 -1.6
      vertex 15.1347 0.487009 -1.6
      vertex 15.1928 0.4 -1.6
    endloop
  endfacet
  facet normal 0 0 1
    outer loop
      vertex 16.7002 2.28032 -1.6
      vertex 15.0657 0.565685 -1.6
      vertex 15.1347 0.487009 -1.6
    endloop
  endfacet
  facet normal 0 0 1
    outer loop
      vertex 16.7002 2.28032 -1.6
      vertex 14.987 0.634683 -1.6
      vertex 15.0657 0.565685 -1.6
    endloop
  endfacet
  facet normal 0 0 1
    outer loop
      vertex 16.7002 2.28032 -1.6
      vertex 14.9 0.69282 -1.6
      vertex 14.987 0.634683 -1.6
    endloop
  endfacet
  facet normal 0 0 1
    outer loop
      vertex 16.7002 2.28032 -1.6
      vertex 14.8061 0.739103 -1.6
      vertex 14.9 0.69282 -1.6
    endloop
  endfacet
  facet normal 0 0 1
    outer loop
      vertex 16.7002 2.28032 -1.6
      vertex 14.7071 0.77274 -1.6
      vertex 14.8061 0.739103 -1.6
    endloop
  endfacet
  facet normal 0 0 1
    outer loop
      vertex 16.7002 2.28032 -1.6
      vertex 14.6044 0.793156 -1.6
      vertex 14.7071 0.77274 -1.6
    endloop
  endfacet
  facet normal 0 0 1
    outer loop
      vertex 16.7002 2.28032 -1.6
      vertex 14.5 0.799999 -1.6
      vertex 14.6044 0.793156 -1.6
    endloop
  endfacet
  facet normal 0 0 1
    outer loop
      vertex 16.7002 2.28032 -1.6
      vertex 14.3956 0.793156 -1.6
      vertex 14.5 0.799999 -1.6
    endloop
  endfacet
  facet normal 0 0 1
    outer loop
      vertex 16.7002 2.28032 -1.6
      vertex 14.2929 0.77274 -1.6
      vertex 14.3956 0.793156 -1.6
    endloop
  endfacet
  facet normal 0 0 1
    outer loop
      vertex 10.7071 0.77274 -1.6
      vertex 14.2929 0.77274 -1.6
      vertex 16.7002 2.28032 -1.6
    endloop
  endfacet
  facet normal 0 0 1
    outer loop
      vertex 14.2929 0.77274 -1.6
      vertex 10.7071 0.77274 -1.6
      vertex 14.1939 0.739103 -1.6
    endloop
  endfacet
  facet normal 0 0 1
    outer loop
      vertex 13.7068 0.104421 -1.6
      vertex 11.3 0 -1.6
      vertex 13.7 0 -1.6
    endloop
  endfacet
  facet normal 0 0 1
    outer loop
      vertex 11.2932 0.104421 -1.6
      vertex 13.7068 0.104421 -1.6
      vertex 13.7273 0.207055 -1.6
    endloop
  endfacet
  facet normal 0 0 1
    outer loop
      vertex 11.2727 0.207055 -1.6
      vertex 13.7273 0.207055 -1.6
      vertex 13.7609 0.306147 -1.6
    endloop
  endfacet
  facet normal 0 0 1
    outer loop
      vertex 11.2391 0.306147 -1.6
      vertex 13.7609 0.306147 -1.6
      vertex 13.8072 0.4 -1.6
    endloop
  endfacet
  facet normal 0 0 1
    outer loop
      vertex 11.1928 0.4 -1.6
      vertex 13.8072 0.4 -1.6
      vertex 13.8653 0.487009 -1.6
    endloop
  endfacet
  facet normal 0 0 1
    outer loop
      vertex 11.1347 0.487009 -1.6
      vertex 13.8653 0.487009 -1.6
      vertex 13.9343 0.565685 -1.6
    endloop
  endfacet
  facet normal 0 0 1
    outer loop
      vertex 11.0657 0.565685 -1.6
      vertex 13.9343 0.565685 -1.6
      vertex 14.013 0.634683 -1.6
    endloop
  endfacet
  facet normal 0 0 1
    outer loop
      vertex 10.987 0.634683 -1.6
      vertex 14.013 0.634683 -1.6
      vertex 14.1 0.69282 -1.6
    endloop
  endfacet
  facet normal 0 -0 1
    outer loop
      vertex 10.8061 0.739103 -1.6
      vertex 14.1939 0.739103 -1.6
      vertex 10.7071 0.77274 -1.6
    endloop
  endfacet
  facet normal 0 0 1
    outer loop
      vertex 13.7068 0.104421 -1.6
      vertex 11.2932 0.104421 -1.6
      vertex 11.3 0 -1.6
    endloop
  endfacet
  facet normal 0 0 1
    outer loop
      vertex 13.7273 0.207055 -1.6
      vertex 11.2727 0.207055 -1.6
      vertex 11.2932 0.104421 -1.6
    endloop
  endfacet
  facet normal 0 0 1
    outer loop
      vertex 13.7609 0.306147 -1.6
      vertex 11.2391 0.306147 -1.6
      vertex 11.2727 0.207055 -1.6
    endloop
  endfacet
  facet normal 0 0 1
    outer loop
      vertex 13.8072 0.4 -1.6
      vertex 11.1928 0.4 -1.6
      vertex 11.2391 0.306147 -1.6
    endloop
  endfacet
  facet normal 0 0 1
    outer loop
      vertex 13.8653 0.487009 -1.6
      vertex 11.1347 0.487009 -1.6
      vertex 11.1928 0.4 -1.6
    endloop
  endfacet
  facet normal 0 0 1
    outer loop
      vertex 13.9343 0.565685 -1.6
      vertex 11.0657 0.565685 -1.6
      vertex 11.1347 0.487009 -1.6
    endloop
  endfacet
  facet normal 0 0 1
    outer loop
      vertex 14.013 0.634683 -1.6
      vertex 10.987 0.634683 -1.6
      vertex 11.0657 0.565685 -1.6
    endloop
  endfacet
  facet normal 0 0 1
    outer loop
      vertex 14.1 0.69282 -1.6
      vertex 10.9 0.69282 -1.6
      vertex 10.987 0.634683 -1.6
    endloop
  endfacet
  facet normal 0 0 1
    outer loop
      vertex 14.1 0.69282 -1.6
      vertex 10.8061 0.739103 -1.6
      vertex 10.9 0.69282 -1.6
    endloop
  endfacet
  facet normal 0 0 1
    outer loop
      vertex 14.1939 0.739103 -1.6
      vertex 10.8061 0.739103 -1.6
      vertex 14.1 0.69282 -1.6
    endloop
  endfacet
  facet normal 0 0 1
    outer loop
      vertex 16.7002 2.28032 -1.6
      vertex 10.6044 0.793156 -1.6
      vertex 10.7071 0.77274 -1.6
    endloop
  endfacet
  facet normal 0 0 1
    outer loop
      vertex 16.7002 2.28032 -1.6
      vertex 10.5 0.799999 -1.6
      vertex 10.6044 0.793156 -1.6
    endloop
  endfacet
  facet normal 0 0 1
    outer loop
      vertex 0.522104 3.96578 -1.6
      vertex 10.5 0.799999 -1.6
      vertex 16.7002 2.28032 -1.6
    endloop
  endfacet
  facet normal 0 0 1
    outer loop
      vertex 10.5 0.799999 -1.6
      vertex 0.522104 3.96578 -1.6
      vertex 10.3956 0.793156 -1.6
    endloop
  endfacet
  facet normal 0 0 1
    outer loop
      vertex 9.70684 0.104421 -1.6
      vertex 2.75 0 -1.6
      vertex 9.7 0 -1.6
    endloop
  endfacet
  facet normal 0 0 1
    outer loop
      vertex 2.72647 0.358947 -1.6
      vertex 9.70684 0.104421 -1.6
      vertex 9.72726 0.207055 -1.6
    endloop
  endfacet
  facet normal 0 0 1
    outer loop
      vertex 2.6563 0.711752 -1.6
      vertex 9.72726 0.207055 -1.6
      vertex 9.7609 0.306147 -1.6
    endloop
  endfacet
  facet normal 0 0 1
    outer loop
      vertex 2.6563 0.711752 -1.6
      vertex 9.7609 0.306147 -1.6
      vertex 9.80718 0.4 -1.6
    endloop
  endfacet
  facet normal 0 0 1
    outer loop
      vertex 2.54067 1.05238 -1.6
      vertex 9.80718 0.4 -1.6
      vertex 9.86532 0.487009 -1.6
    endloop
  endfacet
  facet normal 0 0 1
    outer loop
      vertex 2.38157 1.375 -1.6
      vertex 9.86532 0.487009 -1.6
      vertex 9.93431 0.565685 -1.6
    endloop
  endfacet
  facet normal 0 0 1
    outer loop
      vertex 2.18172 1.67409 -1.6
      vertex 9.93431 0.565685 -1.6
      vertex 10.013 0.634683 -1.6
    endloop
  endfacet
  facet normal 0 0 1
    outer loop
      vertex 2.18172 1.67409 -1.6
      vertex 10.013 0.634683 -1.6
      vertex 10.1 0.69282 -1.6
    endloop
  endfacet
  facet normal 0 0 1
    outer loop
      vertex 0.522104 3.96578 -1.6
      vertex 10.1 0.69282 -1.6
      vertex 10.1939 0.739103 -1.6
    endloop
  endfacet
  facet normal 0 0 1
    outer loop
      vertex 0.522104 3.96578 -1.6
      vertex 10.1939 0.739103 -1.6
      vertex 10.2929 0.77274 -1.6
    endloop
  endfacet
  facet normal 0 0 1
    outer loop
      vertex 10.3956 0.793156 -1.6
      vertex 0.522104 3.96578 -1.6
      vertex 10.2929 0.77274 -1.6
    endloop
  endfacet
  facet normal 0 0 1
    outer loop
      vertex 9.70684 0.104421 -1.6
      vertex 2.72647 0.358947 -1.6
      vertex 2.75 0 -1.6
    endloop
  endfacet
  facet normal 0 0 1
    outer loop
      vertex 9.72726 0.207055 -1.6
      vertex 2.6563 0.711752 -1.6
      vertex 2.72647 0.358947 -1.6
    endloop
  endfacet
  facet normal 0 0 1
    outer loop
      vertex 9.80718 0.4 -1.6
      vertex 2.54067 1.05238 -1.6
      vertex 2.6563 0.711752 -1.6
    endloop
  endfacet
  facet normal 0 0 1
    outer loop
      vertex 9.86532 0.487009 -1.6
      vertex 2.38157 1.375 -1.6
      vertex 2.54067 1.05238 -1.6
    endloop
  endfacet
  facet normal 0 0 1
    outer loop
      vertex 9.93431 0.565685 -1.6
      vertex 2.18172 1.67409 -1.6
      vertex 2.38157 1.375 -1.6
    endloop
  endfacet
  facet normal 0 0 1
    outer loop
      vertex 10.1 0.69282 -1.6
      vertex 1.94454 1.94454 -1.6
      vertex 2.18172 1.67409 -1.6
    endloop
  endfacet
  facet normal 0 0 1
    outer loop
      vertex 10.1 0.69282 -1.6
      vertex 0.522104 3.96578 -1.6
      vertex 1.94454 1.94454 -1.6
    endloop
  endfacet
  facet normal 0 0 1
    outer loop
      vertex 1.94454 1.94454 -1.6
      vertex 0.522104 3.96578 -1.6
      vertex 1.67409 2.18172 -1.6
    endloop
  endfacet
  facet normal 0 0 1
    outer loop
      vertex 1.67409 2.18172 -1.6
      vertex 0.522104 3.96578 -1.6
      vertex 1.375 2.38157 -1.6
    endloop
  endfacet
  facet normal 0 0 1
    outer loop
      vertex 1.375 2.38157 -1.6
      vertex 0.522104 3.96578 -1.6
      vertex 1.05238 2.54067 -1.6
    endloop
  endfacet
  facet normal 0 0 1
    outer loop
      vertex 1.05238 2.54067 -1.6
      vertex 0.522104 3.96578 -1.6
      vertex 0.711752 2.6563 -1.6
    endloop
  endfacet
  facet normal 0 0 1
    outer loop
      vertex 0.522104 3.96578 -1.6
      vertex 0.358947 2.72647 -1.6
      vertex 0.711752 2.6563 -1.6
    endloop
  endfacet
  facet normal 0 0 1
    outer loop
      vertex 0 4 -1.6
      vertex 0.358947 2.72647 -1.6
      vertex 0.522104 3.96578 -1.6
    endloop
  endfacet
  facet normal 0 0 1
    outer loop
      vertex 0 4 -1.6
      vertex 0 2.75 -1.6
      vertex 0.358947 2.72647 -1.6
    endloop
  endfacet
  facet normal 0 0 1
    outer loop
      vertex 0 4 -1.6
      vertex -0.358947 2.72647 -1.6
      vertex 0 2.75 -1.6
    endloop
  endfacet
  facet normal -0 0 1
    outer loop
      vertex -0.522104 3.96578 -1.6
      vertex -0.358947 2.72647 -1.6
      vertex 0 4 -1.6
    endloop
  endfacet
  facet normal 0 0 1
    outer loop
      vertex -0.522104 3.96578 -1.6
      vertex -0.711752 2.6563 -1.6
      vertex -0.358947 2.72647 -1.6
    endloop
  endfacet
  facet normal -0 0 1
    outer loop
      vertex -1.03528 3.8637 -1.6
      vertex -0.711752 2.6563 -1.6
      vertex -0.522104 3.96578 -1.6
    endloop
  endfacet
  facet normal 0 0 1
    outer loop
      vertex -1.03528 3.8637 -1.6
      vertex -1.05238 2.54067 -1.6
      vertex -0.711752 2.6563 -1.6
    endloop
  endfacet
  facet normal -0 0 1
    outer loop
      vertex -1.53073 3.69552 -1.6
      vertex -1.05238 2.54067 -1.6
      vertex -1.03528 3.8637 -1.6
    endloop
  endfacet
  facet normal 0 0 1
    outer loop
      vertex -1.05238 2.54067 -1.6
      vertex -1.53073 3.69552 -1.6
      vertex -1.375 2.38157 -1.6
    endloop
  endfacet
  facet normal -0 0 1
    outer loop
      vertex -2 3.4641 -1.6
      vertex -1.375 2.38157 -1.6
      vertex -1.53073 3.69552 -1.6
    endloop
  endfacet
  facet normal 0 0 1
    outer loop
      vertex -1.375 2.38157 -1.6
      vertex -2 3.4641 -1.6
      vertex -1.67409 2.18172 -1.6
    endloop
  endfacet
  facet normal -0 0 1
    outer loop
      vertex -2.43505 3.17341 -1.6
      vertex -1.67409 2.18172 -1.6
      vertex -2 3.4641 -1.6
    endloop
  endfacet
  facet normal 0 0 1
    outer loop
      vertex -1.67409 2.18172 -1.6
      vertex -2.43505 3.17341 -1.6
      vertex -1.94454 1.94454 -1.6
    endloop
  endfacet
  facet normal -0 0 1
    outer loop
      vertex -2.82843 2.82843 -1.6
      vertex -1.94454 1.94454 -1.6
      vertex -2.43505 3.17341 -1.6
    endloop
  endfacet
  facet normal 0 0 1
    outer loop
      vertex -1.94454 1.94454 -1.6
      vertex -2.82843 2.82843 -1.6
      vertex -2.18172 1.67409 -1.6
    endloop
  endfacet
  facet normal -0 0 1
    outer loop
      vertex -3.17341 2.43505 -1.6
      vertex -2.18172 1.67409 -1.6
      vertex -2.82843 2.82843 -1.6
    endloop
  endfacet
  facet normal 0 0 1
    outer loop
      vertex -2.18172 1.67409 -1.6
      vertex -3.17341 2.43505 -1.6
      vertex -2.38157 1.375 -1.6
    endloop
  endfacet
  facet normal -0 0 1
    outer loop
      vertex -3.4641 2 -1.6
      vertex -2.38157 1.375 -1.6
      vertex -3.17341 2.43505 -1.6
    endloop
  endfacet
  facet normal -0 0 1
    outer loop
      vertex -3.69552 1.53073 -1.6
      vertex -2.54067 1.05238 -1.6
      vertex -3.4641 2 -1.6
    endloop
  endfacet
  facet normal 0 0 1
    outer loop
      vertex -2.38157 1.375 -1.6
      vertex -3.4641 2 -1.6
      vertex -2.54067 1.05238 -1.6
    endloop
  endfacet
  facet normal -0 0 1
    outer loop
      vertex 15.2391 -0.306147 -1.6
      vertex 17.2802 -2.12492 -1.6
      vertex 15.2727 -0.207055 -1.6
    endloop
  endfacet
  facet normal 0 0 1
    outer loop
      vertex 17.2802 -2.12492 -1.6
      vertex 15.2391 -0.306147 -1.6
      vertex 16.9953 -2.22163 -1.6
    endloop
  endfacet
  facet normal 0 0 1
    outer loop
      vertex 16.9953 -2.22163 -1.6
      vertex 15.2391 -0.306147 -1.6
      vertex 16.7002 -2.28032 -1.6
    endloop
  endfacet
  facet normal -0 0 1
    outer loop
      vertex 15.1928 -0.4 -1.6
      vertex 16.7002 -2.28032 -1.6
      vertex 15.2391 -0.306147 -1.6
    endloop
  endfacet
  facet normal -0 0 1
    outer loop
      vertex 15.1347 -0.487009 -1.6
      vertex 16.7002 -2.28032 -1.6
      vertex 15.1928 -0.4 -1.6
    endloop
  endfacet
  facet normal -0 0 1
    outer loop
      vertex 15.0657 -0.565685 -1.6
      vertex 16.7002 -2.28032 -1.6
      vertex 15.1347 -0.487009 -1.6
    endloop
  endfacet
  facet normal -0 0 1
    outer loop
      vertex 14.987 -0.634683 -1.6
      vertex 16.7002 -2.28032 -1.6
      vertex 15.0657 -0.565685 -1.6
    endloop
  endfacet
  facet normal -0 0 1
    outer loop
      vertex 14.9 -0.69282 -1.6
      vertex 16.7002 -2.28032 -1.6
      vertex 14.987 -0.634683 -1.6
    endloop
  endfacet
  facet normal -0 0 1
    outer loop
      vertex 14.8061 -0.739103 -1.6
      vertex 16.7002 -2.28032 -1.6
      vertex 14.9 -0.69282 -1.6
    endloop
  endfacet
  facet normal -0 0 1
    outer loop
      vertex 14.7071 -0.77274 -1.6
      vertex 16.7002 -2.28032 -1.6
      vertex 14.8061 -0.739103 -1.6
    endloop
  endfacet
  facet normal -0 0 1
    outer loop
      vertex 14.6044 -0.793156 -1.6
      vertex 16.7002 -2.28032 -1.6
      vertex 14.7071 -0.77274 -1.6
    endloop
  endfacet
  facet normal -0 0 1
    outer loop
      vertex 14.5 -0.799999 -1.6
      vertex 16.7002 -2.28032 -1.6
      vertex 14.6044 -0.793156 -1.6
    endloop
  endfacet
  facet normal 0 0 1
    outer loop
      vertex 14.3956 -0.793156 -1.6
      vertex 16.7002 -2.28032 -1.6
      vertex 14.5 -0.799999 -1.6
    endloop
  endfacet
  facet normal 0 0 1
    outer loop
      vertex 14.2929 -0.77274 -1.6
      vertex 16.7002 -2.28032 -1.6
      vertex 14.3956 -0.793156 -1.6
    endloop
  endfacet
  facet normal 0 0 1
    outer loop
      vertex 10.7071 -0.77274 -1.6
      vertex 14.2929 -0.77274 -1.6
      vertex 14.1939 -0.739103 -1.6
    endloop
  endfacet
  facet normal 0 0 1
    outer loop
      vertex 10.8061 -0.739103 -1.6
      vertex 14.1939 -0.739103 -1.6
      vertex 14.1 -0.69282 -1.6
    endloop
  endfacet
  facet normal -0 0 1
    outer loop
      vertex 11.3 0 -1.6
      vertex 13.7068 -0.104421 -1.6
      vertex 13.7 0 -1.6
    endloop
  endfacet
  facet normal 0 0 1
    outer loop
      vertex 11.2932 -0.104421 -1.6
      vertex 13.7068 -0.104421 -1.6
      vertex 11.3 0 -1.6
    endloop
  endfacet
  facet normal 0 0 1
    outer loop
      vertex 13.7068 -0.104421 -1.6
      vertex 11.2932 -0.104421 -1.6
      vertex 13.7273 -0.207055 -1.6
    endloop
  endfacet
  facet normal 0 0 1
    outer loop
      vertex 11.2727 -0.207055 -1.6
      vertex 13.7273 -0.207055 -1.6
      vertex 11.2932 -0.104421 -1.6
    endloop
  endfacet
  facet normal 0 0 1
    outer loop
      vertex 13.7273 -0.207055 -1.6
      vertex 11.2727 -0.207055 -1.6
      vertex 13.7609 -0.306147 -1.6
    endloop
  endfacet
  facet normal 0 0 1
    outer loop
      vertex 11.2391 -0.306147 -1.6
      vertex 13.7609 -0.306147 -1.6
      vertex 11.2727 -0.207055 -1.6
    endloop
  endfacet
  facet normal 0 0 1
    outer loop
      vertex 13.7609 -0.306147 -1.6
      vertex 11.2391 -0.306147 -1.6
      vertex 13.8072 -0.4 -1.6
    endloop
  endfacet
  facet normal 0 0 1
    outer loop
      vertex 11.1928 -0.4 -1.6
      vertex 13.8072 -0.4 -1.6
      vertex 11.2391 -0.306147 -1.6
    endloop
  endfacet
  facet normal 0 0 1
    outer loop
      vertex 13.8072 -0.4 -1.6
      vertex 11.1928 -0.4 -1.6
      vertex 13.8653 -0.487009 -1.6
    endloop
  endfacet
  facet normal 0 0 1
    outer loop
      vertex 11.1347 -0.487009 -1.6
      vertex 13.8653 -0.487009 -1.6
      vertex 11.1928 -0.4 -1.6
    endloop
  endfacet
  facet normal 0 0 1
    outer loop
      vertex 13.8653 -0.487009 -1.6
      vertex 11.1347 -0.487009 -1.6
      vertex 13.9343 -0.565685 -1.6
    endloop
  endfacet
  facet normal 0 0 1
    outer loop
      vertex 11.0657 -0.565685 -1.6
      vertex 13.9343 -0.565685 -1.6
      vertex 11.1347 -0.487009 -1.6
    endloop
  endfacet
  facet normal 0 0 1
    outer loop
      vertex 13.9343 -0.565685 -1.6
      vertex 11.0657 -0.565685 -1.6
      vertex 14.013 -0.634683 -1.6
    endloop
  endfacet
  facet normal 0 0 1
    outer loop
      vertex 10.987 -0.634683 -1.6
      vertex 14.013 -0.634683 -1.6
      vertex 11.0657 -0.565685 -1.6
    endloop
  endfacet
  facet normal 0 0 1
    outer loop
      vertex 14.013 -0.634683 -1.6
      vertex 10.987 -0.634683 -1.6
      vertex 14.1 -0.69282 -1.6
    endloop
  endfacet
  facet normal 0 0 1
    outer loop
      vertex 10.9 -0.69282 -1.6
      vertex 14.1 -0.69282 -1.6
      vertex 10.987 -0.634683 -1.6
    endloop
  endfacet
  facet normal 0 0 1
    outer loop
      vertex 10.8061 -0.739103 -1.6
      vertex 14.1 -0.69282 -1.6
      vertex 10.9 -0.69282 -1.6
    endloop
  endfacet
  facet normal 0 0 1
    outer loop
      vertex 14.1939 -0.739103 -1.6
      vertex 10.8061 -0.739103 -1.6
      vertex 10.7071 -0.77274 -1.6
    endloop
  endfacet
  facet normal 0 0 1
    outer loop
      vertex 14.2929 -0.77274 -1.6
      vertex 10.7071 -0.77274 -1.6
      vertex 16.7002 -2.28032 -1.6
    endloop
  endfacet
  facet normal -0 0 1
    outer loop
      vertex 10.6044 -0.793156 -1.6
      vertex 16.7002 -2.28032 -1.6
      vertex 10.7071 -0.77274 -1.6
    endloop
  endfacet
  facet normal -0 0 1
    outer loop
      vertex 10.5 -0.799999 -1.6
      vertex 16.7002 -2.28032 -1.6
      vertex 10.6044 -0.793156 -1.6
    endloop
  endfacet
  facet normal 0 0 1
    outer loop
      vertex 0.522104 -3.96578 -1.6
      vertex 10.5 -0.799999 -1.6
      vertex 10.3956 -0.793156 -1.6
    endloop
  endfacet
  facet normal 0 0 1
    outer loop
      vertex 0.522104 -3.96578 -1.6
      vertex 10.3956 -0.793156 -1.6
      vertex 10.2929 -0.77274 -1.6
    endloop
  endfacet
  facet normal -0 0 1
    outer loop
      vertex 2.75 0 -1.6
      vertex 9.70684 -0.104421 -1.6
      vertex 9.7 0 -1.6
    endloop
  endfacet
  facet normal 0 0 1
    outer loop
      vertex 2.72647 -0.358947 -1.6
      vertex 9.70684 -0.104421 -1.6
      vertex 2.75 0 -1.6
    endloop
  endfacet
  facet normal 0 0 1
    outer loop
      vertex 9.70684 -0.104421 -1.6
      vertex 2.72647 -0.358947 -1.6
      vertex 9.72726 -0.207055 -1.6
    endloop
  endfacet
  facet normal 0 0 1
    outer loop
      vertex 2.6563 -0.711752 -1.6
      vertex 9.72726 -0.207055 -1.6
      vertex 2.72647 -0.358947 -1.6
    endloop
  endfacet
  facet normal 0 0 1
    outer loop
      vertex 9.72726 -0.207055 -1.6
      vertex 2.6563 -0.711752 -1.6
      vertex 9.7609 -0.306147 -1.6
    endloop
  endfacet
  facet normal 0 0 1
    outer loop
      vertex 9.7609 -0.306147 -1.6
      vertex 2.6563 -0.711752 -1.6
      vertex 9.80718 -0.4 -1.6
    endloop
  endfacet
  facet normal 0 0 1
    outer loop
      vertex 2.54067 -1.05238 -1.6
      vertex 9.80718 -0.4 -1.6
      vertex 2.6563 -0.711752 -1.6
    endloop
  endfacet
  facet normal 0 0 1
    outer loop
      vertex 9.80718 -0.4 -1.6
      vertex 2.54067 -1.05238 -1.6
      vertex 9.86532 -0.487009 -1.6
    endloop
  endfacet
  facet normal 0 0 1
    outer loop
      vertex 2.38157 -1.375 -1.6
      vertex 9.86532 -0.487009 -1.6
      vertex 2.54067 -1.05238 -1.6
    endloop
  endfacet
  facet normal 0 0 1
    outer loop
      vertex 9.86532 -0.487009 -1.6
      vertex 2.38157 -1.375 -1.6
      vertex 9.93431 -0.565685 -1.6
    endloop
  endfacet
  facet normal 0 0 1
    outer loop
      vertex 2.18172 -1.67409 -1.6
      vertex 9.93431 -0.565685 -1.6
      vertex 2.38157 -1.375 -1.6
    endloop
  endfacet
  facet normal 0 0 1
    outer loop
      vertex 9.93431 -0.565685 -1.6
      vertex 2.18172 -1.67409 -1.6
      vertex 10.013 -0.634683 -1.6
    endloop
  endfacet
  facet normal 0 0 1
    outer loop
      vertex 10.013 -0.634683 -1.6
      vertex 2.18172 -1.67409 -1.6
      vertex 10.1 -0.69282 -1.6
    endloop
  endfacet
  facet normal 0 0 1
    outer loop
      vertex 1.94454 -1.94454 -1.6
      vertex 10.1 -0.69282 -1.6
      vertex 2.18172 -1.67409 -1.6
    endloop
  endfacet
  facet normal 0 0 1
    outer loop
      vertex 0.522104 -3.96578 -1.6
      vertex 10.1 -0.69282 -1.6
      vertex 1.94454 -1.94454 -1.6
    endloop
  endfacet
  facet normal 0 0 1
    outer loop
      vertex 10.1 -0.69282 -1.6
      vertex 0.522104 -3.96578 -1.6
      vertex 10.1939 -0.739103 -1.6
    endloop
  endfacet
  facet normal 0 0 1
    outer loop
      vertex 10.1939 -0.739103 -1.6
      vertex 0.522104 -3.96578 -1.6
      vertex 10.2929 -0.77274 -1.6
    endloop
  endfacet
  facet normal 0 0 1
    outer loop
      vertex 0.522104 -3.96578 -1.6
      vertex 1.94454 -1.94454 -1.6
      vertex 1.67409 -2.18172 -1.6
    endloop
  endfacet
  facet normal 0 0 1
    outer loop
      vertex 0.522104 -3.96578 -1.6
      vertex 1.67409 -2.18172 -1.6
      vertex 1.375 -2.38157 -1.6
    endloop
  endfacet
  facet normal 0 0 1
    outer loop
      vertex 0.522104 -3.96578 -1.6
      vertex 1.375 -2.38157 -1.6
      vertex 1.05238 -2.54067 -1.6
    endloop
  endfacet
  facet normal 0 0 1
    outer loop
      vertex 0.522104 -3.96578 -1.6
      vertex 1.05238 -2.54067 -1.6
      vertex 0.711752 -2.6563 -1.6
    endloop
  endfacet
  facet normal 0 0 1
    outer loop
      vertex 10.5 -0.799999 -1.6
      vertex 0.522104 -3.96578 -1.6
      vertex 16.7002 -2.28032 -1.6
    endloop
  endfacet
  facet normal -0 0 1
    outer loop
      vertex 0.358947 -2.72647 -1.6
      vertex 0.522104 -3.96578 -1.6
      vertex 0.711752 -2.6563 -1.6
    endloop
  endfacet
  facet normal -0 0 1
    outer loop
      vertex 0 -2.75 -1.6
      vertex 0.522104 -3.96578 -1.6
      vertex 0.358947 -2.72647 -1.6
    endloop
  endfacet
  facet normal 0 0 1
    outer loop
      vertex 0 -2.75 -1.6
      vertex 0 -4 -1.6
      vertex 0.522104 -3.96578 -1.6
    endloop
  endfacet
  facet normal 0 0 1
    outer loop
      vertex -0.358947 -2.72647 -1.6
      vertex 0 -4 -1.6
      vertex 0 -2.75 -1.6
    endloop
  endfacet
  facet normal 0 0 1
    outer loop
      vertex -0.358947 -2.72647 -1.6
      vertex -0.522104 -3.96578 -1.6
      vertex 0 -4 -1.6
    endloop
  endfacet
  facet normal 0 0 1
    outer loop
      vertex -0.711752 -2.6563 -1.6
      vertex -0.522104 -3.96578 -1.6
      vertex -0.358947 -2.72647 -1.6
    endloop
  endfacet
  facet normal 0 0 1
    outer loop
      vertex -0.711752 -2.6563 -1.6
      vertex -1.03528 -3.8637 -1.6
      vertex -0.522104 -3.96578 -1.6
    endloop
  endfacet
  facet normal 0 0 1
    outer loop
      vertex -1.05238 -2.54067 -1.6
      vertex -1.03528 -3.8637 -1.6
      vertex -0.711752 -2.6563 -1.6
    endloop
  endfacet
  facet normal 0 0 1
    outer loop
      vertex -1.53073 -3.69552 -1.6
      vertex -1.05238 -2.54067 -1.6
      vertex -1.375 -2.38157 -1.6
    endloop
  endfacet
  facet normal 0 0 1
    outer loop
      vertex -1.05238 -2.54067 -1.6
      vertex -1.53073 -3.69552 -1.6
      vertex -1.03528 -3.8637 -1.6
    endloop
  endfacet
  facet normal 0 0 1
    outer loop
      vertex -2 -3.4641 -1.6
      vertex -1.375 -2.38157 -1.6
      vertex -1.67409 -2.18172 -1.6
    endloop
  endfacet
  facet normal 0 0 1
    outer loop
      vertex -2.43505 -3.17341 -1.6
      vertex -1.67409 -2.18172 -1.6
      vertex -1.94454 -1.94454 -1.6
    endloop
  endfacet
  facet normal 0 0 1
    outer loop
      vertex -1.375 -2.38157 -1.6
      vertex -2 -3.4641 -1.6
      vertex -1.53073 -3.69552 -1.6
    endloop
  endfacet
  facet normal 0 0 1
    outer loop
      vertex -2.82843 -2.82843 -1.6
      vertex -1.94454 -1.94454 -1.6
      vertex -2.18172 -1.67409 -1.6
    endloop
  endfacet
  facet normal 0 0 1
    outer loop
      vertex -3.17341 -2.43505 -1.6
      vertex -2.18172 -1.67409 -1.6
      vertex -2.38157 -1.375 -1.6
    endloop
  endfacet
  facet normal 0 0 1
    outer loop
      vertex -1.67409 -2.18172 -1.6
      vertex -2.43505 -3.17341 -1.6
      vertex -2 -3.4641 -1.6
    endloop
  endfacet
  facet normal 0 0 1
    outer loop
      vertex -3.4641 -2 -1.6
      vertex -2.38157 -1.375 -1.6
      vertex -2.54067 -1.05238 -1.6
    endloop
  endfacet
  facet normal 0 0 1
    outer loop
      vertex -3.69552 -1.53073 -1.6
      vertex -2.54067 -1.05238 -1.6
      vertex -2.6563 -0.711752 -1.6
    endloop
  endfacet
  facet normal 0 0 1
    outer loop
      vertex -3.8637 -1.03528 -1.6
      vertex -2.6563 -0.711752 -1.6
      vertex -2.72647 -0.358947 -1.6
    endloop
  endfacet
  facet normal 0 0 1
    outer loop
      vertex -1.94454 -1.94454 -1.6
      vertex -2.82843 -2.82843 -1.6
      vertex -2.43505 -3.17341 -1.6
    endloop
  endfacet
  facet normal 0 0 1
    outer loop
      vertex -3.96578 -0.522104 -1.6
      vertex -2.72647 -0.358947 -1.6
      vertex -2.75 0 -1.6
    endloop
  endfacet
  facet normal 0 0 1
    outer loop
      vertex -2.54067 1.05238 -1.6
      vertex -3.69552 1.53073 -1.6
      vertex -2.6563 0.711752 -1.6
    endloop
  endfacet
  facet normal -0 0 1
    outer loop
      vertex -3.8637 1.03528 -1.6
      vertex -2.6563 0.711752 -1.6
      vertex -3.69552 1.53073 -1.6
    endloop
  endfacet
  facet normal 0 0 1
    outer loop
      vertex -2.18172 -1.67409 -1.6
      vertex -3.17341 -2.43505 -1.6
      vertex -2.82843 -2.82843 -1.6
    endloop
  endfacet
  facet normal 0 0 1
    outer loop
      vertex -2.6563 0.711752 -1.6
      vertex -3.8637 1.03528 -1.6
      vertex -2.72647 0.358947 -1.6
    endloop
  endfacet
  facet normal 0 0 1
    outer loop
      vertex -2.38157 -1.375 -1.6
      vertex -3.4641 -2 -1.6
      vertex -3.17341 -2.43505 -1.6
    endloop
  endfacet
  facet normal -0 0 1
    outer loop
      vertex -3.96578 0.522104 -1.6
      vertex -2.72647 0.358947 -1.6
      vertex -3.8637 1.03528 -1.6
    endloop
  endfacet
  facet normal 0 0 1
    outer loop
      vertex -2.54067 -1.05238 -1.6
      vertex -3.69552 -1.53073 -1.6
      vertex -3.4641 -2 -1.6
    endloop
  endfacet
  facet normal 0 0 1
    outer loop
      vertex -2.72647 0.358947 -1.6
      vertex -3.96578 0.522104 -1.6
      vertex -2.75 0 -1.6
    endloop
  endfacet
  facet normal 0 0 1
    outer loop
      vertex -2.6563 -0.711752 -1.6
      vertex -3.8637 -1.03528 -1.6
      vertex -3.69552 -1.53073 -1.6
    endloop
  endfacet
  facet normal 0 0 1
    outer loop
      vertex -4 0 -1.6
      vertex -2.75 0 -1.6
      vertex -3.96578 0.522104 -1.6
    endloop
  endfacet
  facet normal 0 0 1
    outer loop
      vertex -2.72647 -0.358947 -1.6
      vertex -3.96578 -0.522104 -1.6
      vertex -3.8637 -1.03528 -1.6
    endloop
  endfacet
  facet normal 0 0 1
    outer loop
      vertex -2.75 0 -1.6
      vertex -4 0 -1.6
      vertex -3.96578 -0.522104 -1.6
    endloop
  endfacet
  facet normal -0.321438 0.946931 0
    outer loop
      vertex 17.2802 -2.12492 -1.6
      vertex 16.9953 -2.22163 0
      vertex 17.2802 -2.12492 0
    endloop
  endfacet
  facet normal -0.321438 0.946931 0
    outer loop
      vertex 16.9953 -2.22163 0
      vertex 17.2802 -2.12492 -1.6
      vertex 16.9953 -2.22163 -1.6
    endloop
  endfacet
  facet normal 0.195096 -0.980784 0
    outer loop
      vertex -1.03528 3.8637 -1.6
      vertex -0.522104 3.96578 0
      vertex -1.03528 3.8637 0
    endloop
  endfacet
  facet normal 0.195096 -0.980784 0
    outer loop
      vertex -0.522104 3.96578 0
      vertex -1.03528 3.8637 -1.6
      vertex -0.522104 3.96578 -1.6
    endloop
  endfacet
  facet normal -0.980789 -0.195071 0
    outer loop
      vertex 2.72647 0.358947 -3
      vertex 2.6563 0.711752 -1.6
      vertex 2.6563 0.711752 -3
    endloop
  endfacet
  facet normal -0.980789 -0.195071 0
    outer loop
      vertex 2.6563 0.711752 -1.6
      vertex 2.72647 0.358947 -3
      vertex 2.72647 0.358947 -1.6
    endloop
  endfacet
  facet normal -0.980789 0.195071 0
    outer loop
      vertex 2.6563 -0.711752 -3
      vertex 2.72647 -0.358947 -1.6
      vertex 2.72647 -0.358947 -3
    endloop
  endfacet
  facet normal -0.980789 0.195071 0
    outer loop
      vertex 2.72647 -0.358947 -1.6
      vertex 2.6563 -0.711752 -3
      vertex 2.6563 -0.711752 -1.6
    endloop
  endfacet
  facet normal -0.997858 0.0654125 0
    outer loop
      vertex 2.72647 -0.358947 -3
      vertex 2.75 0 -1.6
      vertex 2.75 0 -3
    endloop
  endfacet
  facet normal -0.997858 0.0654125 0
    outer loop
      vertex 2.75 0 -1.6
      vertex 2.72647 -0.358947 -3
      vertex 2.72647 -0.358947 -1.6
    endloop
  endfacet
  facet normal -0.946928 0.321445 0
    outer loop
      vertex 2.54067 -1.05238 -3
      vertex 2.6563 -0.711752 -1.6
      vertex 2.6563 -0.711752 -3
    endloop
  endfacet
  facet normal -0.946928 0.321445 0
    outer loop
      vertex 2.6563 -0.711752 -1.6
      vertex 2.54067 -1.05238 -3
      vertex 2.54067 -1.05238 -1.6
    endloop
  endfacet
  facet normal 0.997858 0.0654125 0
    outer loop
      vertex -2.72647 -0.358947 -1.6
      vertex -2.75 0 -3
      vertex -2.75 0 -1.6
    endloop
  endfacet
  facet normal 0.997858 0.0654125 0
    outer loop
      vertex -2.75 0 -3
      vertex -2.72647 -0.358947 -1.6
      vertex -2.72647 -0.358947 -3
    endloop
  endfacet
  facet normal -0.442292 -0.896871 0
    outer loop
      vertex 1.05238 2.54067 -3
      vertex 1.375 2.38157 -1.6
      vertex 1.05238 2.54067 -1.6
    endloop
  endfacet
  facet normal -0.442292 -0.896871 -0
    outer loop
      vertex 1.375 2.38157 -1.6
      vertex 1.05238 2.54067 -3
      vertex 1.375 2.38157 -3
    endloop
  endfacet
  facet normal -0.195071 0.980789 0
    outer loop
      vertex 0.711752 -2.6563 -3
      vertex 0.358947 -2.72647 -1.6
      vertex 0.711752 -2.6563 -1.6
    endloop
  endfacet
  facet normal -0.195071 0.980789 0
    outer loop
      vertex 0.358947 -2.72647 -1.6
      vertex 0.711752 -2.6563 -3
      vertex 0.358947 -2.72647 -3
    endloop
  endfacet
  facet normal -0.195071 -0.980789 0
    outer loop
      vertex 0.358947 2.72647 -3
      vertex 0.711752 2.6563 -1.6
      vertex 0.358947 2.72647 -1.6
    endloop
  endfacet
  facet normal -0.195071 -0.980789 -0
    outer loop
      vertex 0.711752 2.6563 -1.6
      vertex 0.358947 2.72647 -3
      vertex 0.711752 2.6563 -3
    endloop
  endfacet
  facet normal -0.0654125 -0.997858 0
    outer loop
      vertex 0 2.75 -3
      vertex 0.358947 2.72647 -1.6
      vertex 0 2.75 -1.6
    endloop
  endfacet
  facet normal -0.0654125 -0.997858 -0
    outer loop
      vertex 0.358947 2.72647 -1.6
      vertex 0 2.75 -3
      vertex 0.358947 2.72647 -3
    endloop
  endfacet
  facet normal 0.659349 0.751837 -0
    outer loop
      vertex -1.67409 -2.18172 -3
      vertex -1.94454 -1.94454 -1.6
      vertex -1.67409 -2.18172 -1.6
    endloop
  endfacet
  facet normal 0.659349 0.751837 0
    outer loop
      vertex -1.94454 -1.94454 -1.6
      vertex -1.67409 -2.18172 -3
      vertex -1.94454 -1.94454 -3
    endloop
  endfacet
  facet normal 0.831464 0.555579 0
    outer loop
      vertex -2.18172 -1.67409 -1.6
      vertex -2.38157 -1.375 -3
      vertex -2.38157 -1.375 -1.6
    endloop
  endfacet
  facet normal 0.831464 0.555579 0
    outer loop
      vertex -2.38157 -1.375 -3
      vertex -2.18172 -1.67409 -1.6
      vertex -2.18172 -1.67409 -3
    endloop
  endfacet
  facet normal -0.321445 0.946928 0
    outer loop
      vertex 1.05238 -2.54067 -3
      vertex 0.711752 -2.6563 -1.6
      vertex 1.05238 -2.54067 -1.6
    endloop
  endfacet
  facet normal -0.321445 0.946928 0
    outer loop
      vertex 0.711752 -2.6563 -1.6
      vertex 1.05238 -2.54067 -3
      vertex 0.711752 -2.6563 -3
    endloop
  endfacet
  facet normal -0.659349 -0.751837 0
    outer loop
      vertex 1.67409 2.18172 -3
      vertex 1.94454 1.94454 -1.6
      vertex 1.67409 2.18172 -1.6
    endloop
  endfacet
  facet normal -0.659349 -0.751837 -0
    outer loop
      vertex 1.94454 1.94454 -1.6
      vertex 1.67409 2.18172 -3
      vertex 1.94454 1.94454 -3
    endloop
  endfacet
  facet normal 0.442292 0.896871 -0
    outer loop
      vertex -1.05238 -2.54067 -3
      vertex -1.375 -2.38157 -1.6
      vertex -1.05238 -2.54067 -1.6
    endloop
  endfacet
  facet normal 0.442292 0.896871 0
    outer loop
      vertex -1.375 -2.38157 -1.6
      vertex -1.05238 -2.54067 -3
      vertex -1.375 -2.38157 -3
    endloop
  endfacet
  facet normal 0.0654125 -0.997858 0
    outer loop
      vertex -0.358947 2.72647 -3
      vertex 0 2.75 -1.6
      vertex -0.358947 2.72647 -1.6
    endloop
  endfacet
  facet normal 0.0654125 -0.997858 0
    outer loop
      vertex 0 2.75 -1.6
      vertex -0.358947 2.72647 -3
      vertex 0 2.75 -3
    endloop
  endfacet
  facet normal -0.751837 -0.659349 0
    outer loop
      vertex 2.18172 1.67409 -3
      vertex 1.94454 1.94454 -1.6
      vertex 1.94454 1.94454 -3
    endloop
  endfacet
  facet normal -0.751837 -0.659349 0
    outer loop
      vertex 1.94454 1.94454 -1.6
      vertex 2.18172 1.67409 -3
      vertex 2.18172 1.67409 -1.6
    endloop
  endfacet
  facet normal 0.946928 -0.321445 0
    outer loop
      vertex -2.6563 0.711752 -1.6
      vertex -2.54067 1.05238 -3
      vertex -2.54067 1.05238 -1.6
    endloop
  endfacet
  facet normal 0.946928 -0.321445 0
    outer loop
      vertex -2.54067 1.05238 -3
      vertex -2.6563 0.711752 -1.6
      vertex -2.6563 0.711752 -3
    endloop
  endfacet
  facet normal -0.321445 -0.946928 0
    outer loop
      vertex 0.711752 2.6563 -3
      vertex 1.05238 2.54067 -1.6
      vertex 0.711752 2.6563 -1.6
    endloop
  endfacet
  facet normal -0.321445 -0.946928 -0
    outer loop
      vertex 1.05238 2.54067 -1.6
      vertex 0.711752 2.6563 -3
      vertex 1.05238 2.54067 -3
    endloop
  endfacet
  facet normal 0.321445 0.946928 -0
    outer loop
      vertex -0.711752 -2.6563 -3
      vertex -1.05238 -2.54067 -1.6
      vertex -0.711752 -2.6563 -1.6
    endloop
  endfacet
  facet normal 0.321445 0.946928 0
    outer loop
      vertex -1.05238 -2.54067 -1.6
      vertex -0.711752 -2.6563 -3
      vertex -1.05238 -2.54067 -3
    endloop
  endfacet
  facet normal 0.555579 0.831464 -0
    outer loop
      vertex -1.375 -2.38157 -3
      vertex -1.67409 -2.18172 -1.6
      vertex -1.375 -2.38157 -1.6
    endloop
  endfacet
  facet normal 0.555579 0.831464 0
    outer loop
      vertex -1.67409 -2.18172 -1.6
      vertex -1.375 -2.38157 -3
      vertex -1.67409 -2.18172 -3
    endloop
  endfacet
  facet normal 0.946928 0.321445 0
    outer loop
      vertex -2.54067 -1.05238 -1.6
      vertex -2.6563 -0.711752 -3
      vertex -2.6563 -0.711752 -1.6
    endloop
  endfacet
  facet normal 0.946928 0.321445 0
    outer loop
      vertex -2.6563 -0.711752 -3
      vertex -2.54067 -1.05238 -1.6
      vertex -2.54067 -1.05238 -3
    endloop
  endfacet
  facet normal -0.896871 0.442292 0
    outer loop
      vertex 2.38157 -1.375 -3
      vertex 2.54067 -1.05238 -1.6
      vertex 2.54067 -1.05238 -3
    endloop
  endfacet
  facet normal -0.896871 0.442292 0
    outer loop
      vertex 2.54067 -1.05238 -1.6
      vertex 2.38157 -1.375 -3
      vertex 2.38157 -1.375 -1.6
    endloop
  endfacet
  facet normal 0.195071 0.980789 -0
    outer loop
      vertex -0.358947 -2.72647 -3
      vertex -0.711752 -2.6563 -1.6
      vertex -0.358947 -2.72647 -1.6
    endloop
  endfacet
  facet normal 0.195071 0.980789 0
    outer loop
      vertex -0.711752 -2.6563 -1.6
      vertex -0.358947 -2.72647 -3
      vertex -0.711752 -2.6563 -3
    endloop
  endfacet
  facet normal -0.659349 0.751837 0
    outer loop
      vertex 1.94454 -1.94454 -3
      vertex 1.67409 -2.18172 -1.6
      vertex 1.94454 -1.94454 -1.6
    endloop
  endfacet
  facet normal -0.659349 0.751837 0
    outer loop
      vertex 1.67409 -2.18172 -1.6
      vertex 1.94454 -1.94454 -3
      vertex 1.67409 -2.18172 -3
    endloop
  endfacet
  facet normal -0.997858 -0.0654125 0
    outer loop
      vertex 2.75 0 -3
      vertex 2.72647 0.358947 -1.6
      vertex 2.72647 0.358947 -3
    endloop
  endfacet
  facet normal -0.997858 -0.0654125 0
    outer loop
      vertex 2.72647 0.358947 -1.6
      vertex 2.75 0 -3
      vertex 2.75 0 -1.6
    endloop
  endfacet
  facet normal -0.442292 0.896871 0
    outer loop
      vertex 1.375 -2.38157 -3
      vertex 1.05238 -2.54067 -1.6
      vertex 1.375 -2.38157 -1.6
    endloop
  endfacet
  facet normal -0.442292 0.896871 0
    outer loop
      vertex 1.05238 -2.54067 -1.6
      vertex 1.375 -2.38157 -3
      vertex 1.05238 -2.54067 -3
    endloop
  endfacet
  facet normal 0.321445 -0.946928 0
    outer loop
      vertex -1.05238 2.54067 -3
      vertex -0.711752 2.6563 -1.6
      vertex -1.05238 2.54067 -1.6
    endloop
  endfacet
  facet normal 0.321445 -0.946928 0
    outer loop
      vertex -0.711752 2.6563 -1.6
      vertex -1.05238 2.54067 -3
      vertex -0.711752 2.6563 -3
    endloop
  endfacet
  facet normal 0.980789 0.195071 0
    outer loop
      vertex -2.6563 -0.711752 -1.6
      vertex -2.72647 -0.358947 -3
      vertex -2.72647 -0.358947 -1.6
    endloop
  endfacet
  facet normal 0.980789 0.195071 0
    outer loop
      vertex -2.72647 -0.358947 -3
      vertex -2.6563 -0.711752 -1.6
      vertex -2.6563 -0.711752 -3
    endloop
  endfacet
  facet normal 0.0654125 0.997858 -0
    outer loop
      vertex 0 -2.75 -3
      vertex -0.358947 -2.72647 -1.6
      vertex 0 -2.75 -1.6
    endloop
  endfacet
  facet normal 0.0654125 0.997858 0
    outer loop
      vertex -0.358947 -2.72647 -1.6
      vertex 0 -2.75 -3
      vertex -0.358947 -2.72647 -3
    endloop
  endfacet
  facet normal 0.195071 -0.980789 0
    outer loop
      vertex -0.711752 2.6563 -3
      vertex -0.358947 2.72647 -1.6
      vertex -0.711752 2.6563 -1.6
    endloop
  endfacet
  facet normal 0.195071 -0.980789 0
    outer loop
      vertex -0.358947 2.72647 -1.6
      vertex -0.711752 2.6563 -3
      vertex -0.358947 2.72647 -3
    endloop
  endfacet
  facet normal -0.946928 -0.321445 0
    outer loop
      vertex 2.6563 0.711752 -3
      vertex 2.54067 1.05238 -1.6
      vertex 2.54067 1.05238 -3
    endloop
  endfacet
  facet normal -0.946928 -0.321445 0
    outer loop
      vertex 2.54067 1.05238 -1.6
      vertex 2.6563 0.711752 -3
      vertex 2.6563 0.711752 -1.6
    endloop
  endfacet
  facet normal -0.831464 0.555579 0
    outer loop
      vertex 2.18172 -1.67409 -3
      vertex 2.38157 -1.375 -1.6
      vertex 2.38157 -1.375 -3
    endloop
  endfacet
  facet normal -0.831464 0.555579 0
    outer loop
      vertex 2.38157 -1.375 -1.6
      vertex 2.18172 -1.67409 -3
      vertex 2.18172 -1.67409 -1.6
    endloop
  endfacet
  facet normal -0.751837 0.659349 0
    outer loop
      vertex 1.94454 -1.94454 -3
      vertex 2.18172 -1.67409 -1.6
      vertex 2.18172 -1.67409 -3
    endloop
  endfacet
  facet normal -0.751837 0.659349 0
    outer loop
      vertex 2.18172 -1.67409 -1.6
      vertex 1.94454 -1.94454 -3
      vertex 1.94454 -1.94454 -1.6
    endloop
  endfacet
  facet normal 0.896871 -0.442292 0
    outer loop
      vertex -2.54067 1.05238 -1.6
      vertex -2.38157 1.375 -3
      vertex -2.38157 1.375 -1.6
    endloop
  endfacet
  facet normal 0.896871 -0.442292 0
    outer loop
      vertex -2.38157 1.375 -3
      vertex -2.54067 1.05238 -1.6
      vertex -2.54067 1.05238 -3
    endloop
  endfacet
  facet normal -0.896871 -0.442292 0
    outer loop
      vertex 2.54067 1.05238 -3
      vertex 2.38157 1.375 -1.6
      vertex 2.38157 1.375 -3
    endloop
  endfacet
  facet normal -0.896871 -0.442292 0
    outer loop
      vertex 2.38157 1.375 -1.6
      vertex 2.54067 1.05238 -3
      vertex 2.54067 1.05238 -1.6
    endloop
  endfacet
  facet normal 0.751837 -0.659349 0
    outer loop
      vertex -2.18172 1.67409 -1.6
      vertex -1.94454 1.94454 -3
      vertex -1.94454 1.94454 -1.6
    endloop
  endfacet
  facet normal 0.751837 -0.659349 0
    outer loop
      vertex -1.94454 1.94454 -3
      vertex -2.18172 1.67409 -1.6
      vertex -2.18172 1.67409 -3
    endloop
  endfacet
  facet normal -0.831464 -0.555579 0
    outer loop
      vertex 2.38157 1.375 -3
      vertex 2.18172 1.67409 -1.6
      vertex 2.18172 1.67409 -3
    endloop
  endfacet
  facet normal -0.831464 -0.555579 0
    outer loop
      vertex 2.18172 1.67409 -1.6
      vertex 2.38157 1.375 -3
      vertex 2.38157 1.375 -1.6
    endloop
  endfacet
  facet normal 0.751837 0.659349 0
    outer loop
      vertex -1.94454 -1.94454 -1.6
      vertex -2.18172 -1.67409 -3
      vertex -2.18172 -1.67409 -1.6
    endloop
  endfacet
  facet normal 0.751837 0.659349 0
    outer loop
      vertex -2.18172 -1.67409 -3
      vertex -1.94454 -1.94454 -1.6
      vertex -1.94454 -1.94454 -3
    endloop
  endfacet
  facet normal -0.0654125 0.997858 0
    outer loop
      vertex 0.358947 -2.72647 -3
      vertex 0 -2.75 -1.6
      vertex 0.358947 -2.72647 -1.6
    endloop
  endfacet
  facet normal -0.0654125 0.997858 0
    outer loop
      vertex 0 -2.75 -1.6
      vertex 0.358947 -2.72647 -3
      vertex 0 -2.75 -3
    endloop
  endfacet
  facet normal -0.555579 0.831464 0
    outer loop
      vertex 1.67409 -2.18172 -3
      vertex 1.375 -2.38157 -1.6
      vertex 1.67409 -2.18172 -1.6
    endloop
  endfacet
  facet normal -0.555579 0.831464 0
    outer loop
      vertex 1.375 -2.38157 -1.6
      vertex 1.67409 -2.18172 -3
      vertex 1.375 -2.38157 -3
    endloop
  endfacet
  facet normal 0.442292 -0.896871 0
    outer loop
      vertex -1.375 2.38157 -3
      vertex -1.05238 2.54067 -1.6
      vertex -1.375 2.38157 -1.6
    endloop
  endfacet
  facet normal 0.442292 -0.896871 0
    outer loop
      vertex -1.05238 2.54067 -1.6
      vertex -1.375 2.38157 -3
      vertex -1.05238 2.54067 -3
    endloop
  endfacet
  facet normal 0.831464 -0.555579 0
    outer loop
      vertex -2.38157 1.375 -1.6
      vertex -2.18172 1.67409 -3
      vertex -2.18172 1.67409 -1.6
    endloop
  endfacet
  facet normal 0.831464 -0.555579 0
    outer loop
      vertex -2.18172 1.67409 -3
      vertex -2.38157 1.375 -1.6
      vertex -2.38157 1.375 -3
    endloop
  endfacet
  facet normal 0.980789 -0.195071 0
    outer loop
      vertex -2.72647 0.358947 -1.6
      vertex -2.6563 0.711752 -3
      vertex -2.6563 0.711752 -1.6
    endloop
  endfacet
  facet normal 0.980789 -0.195071 0
    outer loop
      vertex -2.6563 0.711752 -3
      vertex -2.72647 0.358947 -1.6
      vertex -2.72647 0.358947 -3
    endloop
  endfacet
  facet normal 0.659349 -0.751837 0
    outer loop
      vertex -1.94454 1.94454 -3
      vertex -1.67409 2.18172 -1.6
      vertex -1.94454 1.94454 -1.6
    endloop
  endfacet
  facet normal 0.659349 -0.751837 0
    outer loop
      vertex -1.67409 2.18172 -1.6
      vertex -1.94454 1.94454 -3
      vertex -1.67409 2.18172 -3
    endloop
  endfacet
  facet normal 0.896871 0.442292 0
    outer loop
      vertex -2.38157 -1.375 -1.6
      vertex -2.54067 -1.05238 -3
      vertex -2.54067 -1.05238 -1.6
    endloop
  endfacet
  facet normal 0.896871 0.442292 0
    outer loop
      vertex -2.54067 -1.05238 -3
      vertex -2.38157 -1.375 -1.6
      vertex -2.38157 -1.375 -3
    endloop
  endfacet
  facet normal 0.997858 -0.0654125 0
    outer loop
      vertex -2.75 0 -1.6
      vertex -2.72647 0.358947 -3
      vertex -2.72647 0.358947 -1.6
    endloop
  endfacet
  facet normal 0.997858 -0.0654125 0
    outer loop
      vertex -2.72647 0.358947 -3
      vertex -2.75 0 -1.6
      vertex -2.75 0 -3
    endloop
  endfacet
  facet normal -0.555579 -0.831464 0
    outer loop
      vertex 1.375 2.38157 -3
      vertex 1.67409 2.18172 -1.6
      vertex 1.375 2.38157 -1.6
    endloop
  endfacet
  facet normal -0.555579 -0.831464 -0
    outer loop
      vertex 1.67409 2.18172 -1.6
      vertex 1.375 2.38157 -3
      vertex 1.67409 2.18172 -3
    endloop
  endfacet
  facet normal 0.555579 -0.831464 0
    outer loop
      vertex -1.67409 2.18172 -3
      vertex -1.375 2.38157 -1.6
      vertex -1.67409 2.18172 -1.6
    endloop
  endfacet
  facet normal 0.555579 -0.831464 0
    outer loop
      vertex -1.375 2.38157 -1.6
      vertex -1.67409 2.18172 -3
      vertex -1.375 2.38157 -3
    endloop
  endfacet
  facet normal 0.321388 0 0.946948
    outer loop
      vertex 25.2939 -4 -10.4391
      vertex 25.3929 -7 -10.4727
      vertex 25.3929 -4 -10.4727
    endloop
  endfacet
  facet normal 0.321388 0 0.946948
    outer loop
      vertex 25.3929 -7 -10.4727
      vertex 25.2939 -4 -10.4391
      vertex 25.2939 -7 -10.4391
    endloop
  endfacet
  facet normal -0.980632 0 -0.195859
    outer loop
      vertex 26.3932 -7 -9.59558
      vertex 26.3727 -4 -9.49294
      vertex 26.3932 -4 -9.59558
    endloop
  endfacet
  facet normal -0.980632 -0 -0.195859
    outer loop
      vertex 26.3727 -4 -9.49294
      vertex 26.3932 -7 -9.59558
      vertex 26.3727 -7 -9.49294
    endloop
  endfacet
  facet normal -0.997886 0 -0.064984
    outer loop
      vertex 26.4 -7 -9.7
      vertex 26.3932 -4 -9.59558
      vertex 26.4 -4 -9.7
    endloop
  endfacet
  facet normal -0.997886 -0 -0.064984
    outer loop
      vertex 26.3932 -4 -9.59558
      vertex 26.4 -7 -9.7
      vertex 26.3932 -7 -9.59558
    endloop
  endfacet
  facet normal -0.195014 0 -0.9808
    outer loop
      vertex 25.7044 -7 -8.90684
      vertex 25.8071 -4 -8.92726
      vertex 25.8071 -7 -8.92726
    endloop
  endfacet
  facet normal -0.195014 0 -0.9808
    outer loop
      vertex 25.8071 -4 -8.92726
      vertex 25.7044 -7 -8.90684
      vertex 25.7044 -4 -8.90684
    endloop
  endfacet
  facet normal 0.195014 0 -0.9808
    outer loop
      vertex 25.3929 -7 -8.92726
      vertex 25.4956 -4 -8.90684
      vertex 25.4956 -7 -8.90684
    endloop
  endfacet
  facet normal 0.195014 0 -0.9808
    outer loop
      vertex 25.4956 -4 -8.90684
      vertex 25.3929 -7 -8.92726
      vertex 25.3929 -4 -8.92726
    endloop
  endfacet
  facet normal -0.831609 0 0.555362
    outer loop
      vertex 26.2347 -7 -10.187
      vertex 26.2928 -4 -10.1
      vertex 26.2347 -4 -10.187
    endloop
  endfacet
  facet normal -0.831609 0 0.555362
    outer loop
      vertex 26.2928 -4 -10.1
      vertex 26.2347 -7 -10.187
      vertex 26.2928 -7 -10.1
    endloop
  endfacet
  facet normal -0.980628 0 0.195877
    outer loop
      vertex 26.3727 -7 -9.90705
      vertex 26.3932 -4 -9.80442
      vertex 26.3727 -4 -9.90705
    endloop
  endfacet
  facet normal -0.980628 0 0.195877
    outer loop
      vertex 26.3932 -4 -9.80442
      vertex 26.3727 -7 -9.90705
      vertex 26.3932 -7 -9.80442
    endloop
  endfacet
  facet normal 0.997886 -0 0.064984
    outer loop
      vertex 24.8 -7 -9.7
      vertex 24.8068 -4 -9.80442
      vertex 24.8 -4 -9.7
    endloop
  endfacet
  facet normal 0.997886 0 0.064984
    outer loop
      vertex 24.8068 -4 -9.80442
      vertex 24.8 -7 -9.7
      vertex 24.8068 -7 -9.80442
    endloop
  endfacet
  facet normal 0.555626 0 -0.831432
    outer loop
      vertex 25.113 -7 -9.06532
      vertex 25.2 -4 -9.00718
      vertex 25.2 -7 -9.00718
    endloop
  endfacet
  facet normal 0.555626 0 -0.831432
    outer loop
      vertex 25.2 -4 -9.00718
      vertex 25.113 -7 -9.06532
      vertex 25.113 -4 -9.06532
    endloop
  endfacet
  facet normal 0.896897 -0 0.44224
    outer loop
      vertex 24.8609 -7 -10.0061
      vertex 24.9072 -4 -10.1
      vertex 24.8609 -4 -10.0061
    endloop
  endfacet
  facet normal 0.896897 0 0.44224
    outer loop
      vertex 24.9072 -4 -10.1
      vertex 24.8609 -7 -10.0061
      vertex 24.9072 -7 -10.1
    endloop
  endfacet
  facet normal -0.751925 0 0.659248
    outer loop
      vertex 26.1657 -7 -10.2657
      vertex 26.2347 -4 -10.187
      vertex 26.1657 -4 -10.2657
    endloop
  endfacet
  facet normal -0.751925 0 0.659248
    outer loop
      vertex 26.2347 -4 -10.187
      vertex 26.1657 -7 -10.2657
      vertex 26.2347 -7 -10.187
    endloop
  endfacet
  facet normal -0.321388 0 0.946948
    outer loop
      vertex 25.8071 -4 -10.4727
      vertex 25.9061 -7 -10.4391
      vertex 25.9061 -4 -10.4391
    endloop
  endfacet
  facet normal -0.321388 0 0.946948
    outer loop
      vertex 25.9061 -7 -10.4391
      vertex 25.8071 -4 -10.4727
      vertex 25.8071 -7 -10.4727
    endloop
  endfacet
  facet normal 0.321731 0 -0.946831
    outer loop
      vertex 25.2939 -7 -8.9609
      vertex 25.3929 -4 -8.92726
      vertex 25.3929 -7 -8.92726
    endloop
  endfacet
  facet normal 0.321731 0 -0.946831
    outer loop
      vertex 25.3929 -4 -8.92726
      vertex 25.2939 -7 -8.9609
      vertex 25.2939 -4 -8.9609
    endloop
  endfacet
  facet normal 0.442086 0 -0.896973
    outer loop
      vertex 25.2 -7 -9.00718
      vertex 25.2939 -4 -8.9609
      vertex 25.2939 -7 -8.9609
    endloop
  endfacet
  facet normal 0.442086 0 -0.896973
    outer loop
      vertex 25.2939 -4 -8.9609
      vertex 25.2 -7 -9.00718
      vertex 25.2 -4 -9.00718
    endloop
  endfacet
  facet normal -0.321731 0 -0.946831
    outer loop
      vertex 25.8071 -7 -8.92726
      vertex 25.9061 -4 -8.9609
      vertex 25.9061 -7 -8.9609
    endloop
  endfacet
  facet normal -0.321731 0 -0.946831
    outer loop
      vertex 25.9061 -4 -8.9609
      vertex 25.8071 -7 -8.92726
      vertex 25.8071 -4 -8.92726
    endloop
  endfacet
  facet normal 0.946997 -0 0.321243
    outer loop
      vertex 24.8273 -7 -9.90705
      vertex 24.8609 -4 -10.0061
      vertex 24.8273 -4 -9.90705
    endloop
  endfacet
  facet normal 0.946997 0 0.321243
    outer loop
      vertex 24.8609 -4 -10.0061
      vertex 24.8273 -7 -9.90705
      vertex 24.8609 -7 -10.0061
    endloop
  endfacet
  facet normal -0.442086 0 -0.896973
    outer loop
      vertex 25.9061 -7 -8.9609
      vertex 26 -4 -9.00718
      vertex 26 -7 -9.00718
    endloop
  endfacet
  facet normal -0.442086 0 -0.896973
    outer loop
      vertex 26 -4 -9.00718
      vertex 25.9061 -7 -8.9609
      vertex 25.9061 -4 -8.9609
    endloop
  endfacet
  facet normal -0.0649964 0 0.997886
    outer loop
      vertex 25.6 -4 -10.5
      vertex 25.7044 -7 -10.4932
      vertex 25.7044 -4 -10.4932
    endloop
  endfacet
  facet normal -0.0649964 0 0.997886
    outer loop
      vertex 25.7044 -7 -10.4932
      vertex 25.6 -4 -10.5
      vertex 25.6 -7 -10.5
    endloop
  endfacet
  facet normal 0.0653771 0 -0.997861
    outer loop
      vertex 25.4956 -7 -8.90684
      vertex 25.6 -4 -8.9
      vertex 25.6 -7 -8.9
    endloop
  endfacet
  facet normal 0.0653771 0 -0.997861
    outer loop
      vertex 25.6 -4 -8.9
      vertex 25.4956 -7 -8.90684
      vertex 25.4956 -4 -8.90684
    endloop
  endfacet
  facet normal -0.831638 0 -0.555318
    outer loop
      vertex 26.2928 -7 -9.3
      vertex 26.2347 -4 -9.21299
      vertex 26.2928 -4 -9.3
    endloop
  endfacet
  facet normal -0.831638 -0 -0.555318
    outer loop
      vertex 26.2347 -4 -9.21299
      vertex 26.2928 -7 -9.3
      vertex 26.2347 -7 -9.21299
    endloop
  endfacet
  facet normal 0.980628 -0 0.195877
    outer loop
      vertex 24.8068 -7 -9.80442
      vertex 24.8273 -4 -9.90705
      vertex 24.8068 -4 -9.80442
    endloop
  endfacet
  facet normal 0.980628 0 0.195877
    outer loop
      vertex 24.8273 -4 -9.90705
      vertex 24.8068 -7 -9.80442
      vertex 24.8273 -7 -9.90705
    endloop
  endfacet
  facet normal 0.980632 0 -0.195859
    outer loop
      vertex 24.8273 -7 -9.49294
      vertex 24.8068 -4 -9.59558
      vertex 24.8273 -4 -9.49294
    endloop
  endfacet
  facet normal 0.980632 0 -0.195859
    outer loop
      vertex 24.8068 -4 -9.59558
      vertex 24.8273 -7 -9.49294
      vertex 24.8068 -7 -9.59558
    endloop
  endfacet
  facet normal -0.947036 0 -0.321126
    outer loop
      vertex 26.3727 -7 -9.49294
      vertex 26.3391 -4 -9.39385
      vertex 26.3727 -4 -9.49294
    endloop
  endfacet
  facet normal -0.947036 -0 -0.321126
    outer loop
      vertex 26.3391 -4 -9.39385
      vertex 26.3727 -7 -9.49294
      vertex 26.3391 -7 -9.39385
    endloop
  endfacet
  facet normal -0.555626 0 -0.831432
    outer loop
      vertex 26 -7 -9.00718
      vertex 26.087 -4 -9.06532
      vertex 26.087 -7 -9.06532
    endloop
  endfacet
  facet normal -0.555626 0 -0.831432
    outer loop
      vertex 26.087 -4 -9.06532
      vertex 26 -7 -9.00718
      vertex 26 -4 -9.00718
    endloop
  endfacet
  facet normal -0.659194 0 -0.751973
    outer loop
      vertex 26.087 -7 -9.06532
      vertex 26.1657 -4 -9.13431
      vertex 26.1657 -7 -9.13431
    endloop
  endfacet
  facet normal -0.659194 0 -0.751973
    outer loop
      vertex 26.1657 -4 -9.13431
      vertex 26.087 -7 -9.06532
      vertex 26.087 -4 -9.06532
    endloop
  endfacet
  facet normal 0.555362 0 0.831609
    outer loop
      vertex 25.113 -4 -10.3347
      vertex 25.2 -7 -10.3928
      vertex 25.2 -4 -10.3928
    endloop
  endfacet
  facet normal 0.555362 0 0.831609
    outer loop
      vertex 25.2 -7 -10.3928
      vertex 25.113 -4 -10.3347
      vertex 25.113 -7 -10.3347
    endloop
  endfacet
  facet normal 0.751925 -0 0.659248
    outer loop
      vertex 24.9653 -7 -10.187
      vertex 25.0343 -4 -10.2657
      vertex 24.9653 -4 -10.187
    endloop
  endfacet
  facet normal 0.751925 0 0.659248
    outer loop
      vertex 25.0343 -4 -10.2657
      vertex 24.9653 -7 -10.187
      vertex 25.0343 -7 -10.2657
    endloop
  endfacet
  facet normal -0.195749 0 0.980654
    outer loop
      vertex 25.7044 -4 -10.4932
      vertex 25.8071 -7 -10.4727
      vertex 25.8071 -4 -10.4727
    endloop
  endfacet
  facet normal -0.195749 0 0.980654
    outer loop
      vertex 25.8071 -7 -10.4727
      vertex 25.7044 -4 -10.4932
      vertex 25.7044 -7 -10.4932
    endloop
  endfacet
  facet normal 0.896803 0 -0.442429
    outer loop
      vertex 24.9072 -7 -9.3
      vertex 24.8609 -4 -9.39385
      vertex 24.9072 -4 -9.3
    endloop
  endfacet
  facet normal 0.896803 0 -0.442429
    outer loop
      vertex 24.8609 -4 -9.39385
      vertex 24.9072 -7 -9.3
      vertex 24.8609 -7 -9.39385
    endloop
  endfacet
  facet normal -0.896803 0 -0.442429
    outer loop
      vertex 26.3391 -7 -9.39385
      vertex 26.2928 -4 -9.3
      vertex 26.3391 -4 -9.39385
    endloop
  endfacet
  facet normal -0.896803 -0 -0.442429
    outer loop
      vertex 26.2928 -4 -9.3
      vertex 26.3391 -7 -9.39385
      vertex 26.2928 -7 -9.3
    endloop
  endfacet
  facet normal 0.659194 0 -0.751973
    outer loop
      vertex 25.0343 -7 -9.13431
      vertex 25.113 -4 -9.06532
      vertex 25.113 -7 -9.06532
    endloop
  endfacet
  facet normal 0.659194 0 -0.751973
    outer loop
      vertex 25.113 -4 -9.06532
      vertex 25.0343 -7 -9.13431
      vertex 25.0343 -4 -9.13431
    endloop
  endfacet
  facet normal 0.751842 0 -0.659343
    outer loop
      vertex 25.0343 -7 -9.13431
      vertex 24.9653 -4 -9.21299
      vertex 25.0343 -4 -9.13431
    endloop
  endfacet
  facet normal 0.751842 0 -0.659343
    outer loop
      vertex 24.9653 -4 -9.21299
      vertex 25.0343 -7 -9.13431
      vertex 24.9653 -7 -9.21299
    endloop
  endfacet
  facet normal -0.946997 0 0.321243
    outer loop
      vertex 26.3391 -7 -10.0061
      vertex 26.3727 -4 -9.90705
      vertex 26.3391 -4 -10.0061
    endloop
  endfacet
  facet normal -0.946997 0 0.321243
    outer loop
      vertex 26.3727 -4 -9.90705
      vertex 26.3391 -7 -10.0061
      vertex 26.3727 -7 -9.90705
    endloop
  endfacet
  facet normal -0.555362 0 0.831609
    outer loop
      vertex 26 -4 -10.3928
      vertex 26.087 -7 -10.3347
      vertex 26.087 -4 -10.3347
    endloop
  endfacet
  facet normal -0.555362 0 0.831609
    outer loop
      vertex 26.087 -7 -10.3347
      vertex 26 -4 -10.3928
      vertex 26 -7 -10.3928
    endloop
  endfacet
  facet normal 0.195749 0 0.980654
    outer loop
      vertex 25.3929 -4 -10.4727
      vertex 25.4956 -7 -10.4932
      vertex 25.4956 -4 -10.4932
    endloop
  endfacet
  facet normal 0.195749 0 0.980654
    outer loop
      vertex 25.4956 -7 -10.4932
      vertex 25.3929 -4 -10.4727
      vertex 25.3929 -7 -10.4727
    endloop
  endfacet
  facet normal -0.751842 0 -0.659343
    outer loop
      vertex 26.2347 -7 -9.21299
      vertex 26.1657 -4 -9.13431
      vertex 26.2347 -4 -9.21299
    endloop
  endfacet
  facet normal -0.751842 -0 -0.659343
    outer loop
      vertex 26.1657 -4 -9.13431
      vertex 26.2347 -7 -9.21299
      vertex 26.1657 -7 -9.13431
    endloop
  endfacet
  facet normal 0.44224 0 0.896897
    outer loop
      vertex 25.2 -4 -10.3928
      vertex 25.2939 -7 -10.4391
      vertex 25.2939 -4 -10.4391
    endloop
  endfacet
  facet normal 0.44224 0 0.896897
    outer loop
      vertex 25.2939 -7 -10.4391
      vertex 25.2 -4 -10.3928
      vertex 25.2 -7 -10.3928
    endloop
  endfacet
  facet normal -0.997886 0 0.064984
    outer loop
      vertex 26.3932 -7 -9.80442
      vertex 26.4 -4 -9.7
      vertex 26.3932 -4 -9.80442
    endloop
  endfacet
  facet normal -0.997886 0 0.064984
    outer loop
      vertex 26.4 -4 -9.7
      vertex 26.3932 -7 -9.80442
      vertex 26.4 -7 -9.7
    endloop
  endfacet
  facet normal 0.947036 0 -0.321126
    outer loop
      vertex 24.8609 -7 -9.39385
      vertex 24.8273 -4 -9.49294
      vertex 24.8609 -4 -9.39385
    endloop
  endfacet
  facet normal 0.947036 0 -0.321126
    outer loop
      vertex 24.8273 -4 -9.49294
      vertex 24.8609 -7 -9.39385
      vertex 24.8273 -7 -9.49294
    endloop
  endfacet
  facet normal -0.0653771 0 -0.997861
    outer loop
      vertex 25.6 -7 -8.9
      vertex 25.7044 -4 -8.90684
      vertex 25.7044 -7 -8.90684
    endloop
  endfacet
  facet normal -0.0653771 0 -0.997861
    outer loop
      vertex 25.7044 -4 -8.90684
      vertex 25.6 -7 -8.9
      vertex 25.6 -4 -8.9
    endloop
  endfacet
  facet normal -0.44224 0 0.896897
    outer loop
      vertex 25.9061 -4 -10.4391
      vertex 26 -7 -10.3928
      vertex 26 -4 -10.3928
    endloop
  endfacet
  facet normal -0.44224 0 0.896897
    outer loop
      vertex 26 -7 -10.3928
      vertex 25.9061 -4 -10.4391
      vertex 25.9061 -7 -10.4391
    endloop
  endfacet
  facet normal 0.997886 0 -0.064984
    outer loop
      vertex 24.8068 -7 -9.59558
      vertex 24.8 -4 -9.7
      vertex 24.8068 -4 -9.59558
    endloop
  endfacet
  facet normal 0.997886 0 -0.064984
    outer loop
      vertex 24.8 -4 -9.7
      vertex 24.8068 -7 -9.59558
      vertex 24.8 -7 -9.7
    endloop
  endfacet
  facet normal -0.896897 0 0.44224
    outer loop
      vertex 26.2928 -7 -10.1
      vertex 26.3391 -4 -10.0061
      vertex 26.2928 -4 -10.1
    endloop
  endfacet
  facet normal -0.896897 0 0.44224
    outer loop
      vertex 26.3391 -4 -10.0061
      vertex 26.2928 -7 -10.1
      vertex 26.3391 -7 -10.0061
    endloop
  endfacet
  facet normal 0.831609 -0 0.555362
    outer loop
      vertex 24.9072 -7 -10.1
      vertex 24.9653 -4 -10.187
      vertex 24.9072 -4 -10.1
    endloop
  endfacet
  facet normal 0.831609 0 0.555362
    outer loop
      vertex 24.9653 -4 -10.187
      vertex 24.9072 -7 -10.1
      vertex 24.9653 -7 -10.187
    endloop
  endfacet
  facet normal 0.831638 0 -0.555318
    outer loop
      vertex 24.9653 -7 -9.21299
      vertex 24.9072 -4 -9.3
      vertex 24.9653 -4 -9.21299
    endloop
  endfacet
  facet normal 0.831638 0 -0.555318
    outer loop
      vertex 24.9072 -4 -9.3
      vertex 24.9653 -7 -9.21299
      vertex 24.9072 -7 -9.3
    endloop
  endfacet
  facet normal 0.659248 0 0.751925
    outer loop
      vertex 25.0343 -4 -10.2657
      vertex 25.113 -7 -10.3347
      vertex 25.113 -4 -10.3347
    endloop
  endfacet
  facet normal 0.659248 0 0.751925
    outer loop
      vertex 25.113 -7 -10.3347
      vertex 25.0343 -4 -10.2657
      vertex 25.0343 -7 -10.2657
    endloop
  endfacet
  facet normal 0.0649964 0 0.997886
    outer loop
      vertex 25.4956 -4 -10.4932
      vertex 25.6 -7 -10.5
      vertex 25.6 -4 -10.5
    endloop
  endfacet
  facet normal 0.0649964 0 0.997886
    outer loop
      vertex 25.6 -7 -10.5
      vertex 25.4956 -4 -10.4932
      vertex 25.4956 -7 -10.4932
    endloop
  endfacet
  facet normal -0.659248 0 0.751925
    outer loop
      vertex 26.087 -4 -10.3347
      vertex 26.1657 -7 -10.2657
      vertex 26.1657 -4 -10.2657
    endloop
  endfacet
  facet normal -0.659248 0 0.751925
    outer loop
      vertex 26.1657 -7 -10.2657
      vertex 26.087 -4 -10.3347
      vertex 26.087 -7 -10.3347
    endloop
  endfacet
  facet normal 0.321388 0 0.946948
    outer loop
      vertex 53.2939 -4 -10.4391
      vertex 53.3929 -7 -10.4727
      vertex 53.3929 -4 -10.4727
    endloop
  endfacet
  facet normal 0.321388 0 0.946948
    outer loop
      vertex 53.3929 -7 -10.4727
      vertex 53.2939 -4 -10.4391
      vertex 53.2939 -7 -10.4391
    endloop
  endfacet
  facet normal -0.980632 0 -0.195859
    outer loop
      vertex 54.3932 -7 -9.59558
      vertex 54.3727 -4 -9.49294
      vertex 54.3932 -4 -9.59558
    endloop
  endfacet
  facet normal -0.980632 -0 -0.195859
    outer loop
      vertex 54.3727 -4 -9.49294
      vertex 54.3932 -7 -9.59558
      vertex 54.3727 -7 -9.49294
    endloop
  endfacet
  facet normal -0.997886 0 -0.064984
    outer loop
      vertex 54.4 -7 -9.7
      vertex 54.3932 -4 -9.59558
      vertex 54.4 -4 -9.7
    endloop
  endfacet
  facet normal -0.997886 -0 -0.064984
    outer loop
      vertex 54.3932 -4 -9.59558
      vertex 54.4 -7 -9.7
      vertex 54.3932 -7 -9.59558
    endloop
  endfacet
  facet normal -0.195014 0 -0.9808
    outer loop
      vertex 53.7044 -7 -8.90684
      vertex 53.8071 -4 -8.92726
      vertex 53.8071 -7 -8.92726
    endloop
  endfacet
  facet normal -0.195014 0 -0.9808
    outer loop
      vertex 53.8071 -4 -8.92726
      vertex 53.7044 -7 -8.90684
      vertex 53.7044 -4 -8.90684
    endloop
  endfacet
  facet normal 0.195014 0 -0.9808
    outer loop
      vertex 53.3929 -7 -8.92726
      vertex 53.4956 -4 -8.90684
      vertex 53.4956 -7 -8.90684
    endloop
  endfacet
  facet normal 0.195014 0 -0.9808
    outer loop
      vertex 53.4956 -4 -8.90684
      vertex 53.3929 -7 -8.92726
      vertex 53.3929 -4 -8.92726
    endloop
  endfacet
  facet normal -0.831609 0 0.555362
    outer loop
      vertex 54.2347 -7 -10.187
      vertex 54.2928 -4 -10.1
      vertex 54.2347 -4 -10.187
    endloop
  endfacet
  facet normal -0.831609 0 0.555362
    outer loop
      vertex 54.2928 -4 -10.1
      vertex 54.2347 -7 -10.187
      vertex 54.2928 -7 -10.1
    endloop
  endfacet
  facet normal -0.980628 0 0.195877
    outer loop
      vertex 54.3727 -7 -9.90705
      vertex 54.3932 -4 -9.80442
      vertex 54.3727 -4 -9.90705
    endloop
  endfacet
  facet normal -0.980628 0 0.195877
    outer loop
      vertex 54.3932 -4 -9.80442
      vertex 54.3727 -7 -9.90705
      vertex 54.3932 -7 -9.80442
    endloop
  endfacet
  facet normal 0.997886 -0 0.064984
    outer loop
      vertex 52.8 -7 -9.7
      vertex 52.8068 -4 -9.80442
      vertex 52.8 -4 -9.7
    endloop
  endfacet
  facet normal 0.997886 0 0.064984
    outer loop
      vertex 52.8068 -4 -9.80442
      vertex 52.8 -7 -9.7
      vertex 52.8068 -7 -9.80442
    endloop
  endfacet
  facet normal 0.555626 0 -0.831432
    outer loop
      vertex 53.113 -7 -9.06532
      vertex 53.2 -4 -9.00718
      vertex 53.2 -7 -9.00718
    endloop
  endfacet
  facet normal 0.555626 0 -0.831432
    outer loop
      vertex 53.2 -4 -9.00718
      vertex 53.113 -7 -9.06532
      vertex 53.113 -4 -9.06532
    endloop
  endfacet
  facet normal -0.751842 0 -0.659343
    outer loop
      vertex 54.2347 -7 -9.21299
      vertex 54.1657 -4 -9.13431
      vertex 54.2347 -4 -9.21299
    endloop
  endfacet
  facet normal -0.751842 -0 -0.659343
    outer loop
      vertex 54.1657 -4 -9.13431
      vertex 54.2347 -7 -9.21299
      vertex 54.1657 -7 -9.13431
    endloop
  endfacet
  facet normal 0.896897 -0 0.44224
    outer loop
      vertex 52.8609 -7 -10.0061
      vertex 52.9072 -4 -10.1
      vertex 52.8609 -4 -10.0061
    endloop
  endfacet
  facet normal 0.896897 0 0.44224
    outer loop
      vertex 52.9072 -4 -10.1
      vertex 52.8609 -7 -10.0061
      vertex 52.9072 -7 -10.1
    endloop
  endfacet
  facet normal 0.442086 0 -0.896973
    outer loop
      vertex 53.2 -7 -9.00718
      vertex 53.2939 -4 -8.9609
      vertex 53.2939 -7 -8.9609
    endloop
  endfacet
  facet normal 0.442086 0 -0.896973
    outer loop
      vertex 53.2939 -4 -8.9609
      vertex 53.2 -7 -9.00718
      vertex 53.2 -4 -9.00718
    endloop
  endfacet
  facet normal -0.751925 0 0.659248
    outer loop
      vertex 54.1657 -7 -10.2657
      vertex 54.2347 -4 -10.187
      vertex 54.1657 -4 -10.2657
    endloop
  endfacet
  facet normal -0.751925 0 0.659248
    outer loop
      vertex 54.2347 -4 -10.187
      vertex 54.1657 -7 -10.2657
      vertex 54.2347 -7 -10.187
    endloop
  endfacet
  facet normal -0.321388 0 0.946948
    outer loop
      vertex 53.8071 -4 -10.4727
      vertex 53.9061 -7 -10.4391
      vertex 53.9061 -4 -10.4391
    endloop
  endfacet
  facet normal -0.321388 0 0.946948
    outer loop
      vertex 53.9061 -7 -10.4391
      vertex 53.8071 -4 -10.4727
      vertex 53.8071 -7 -10.4727
    endloop
  endfacet
  facet normal 0.321731 0 -0.946831
    outer loop
      vertex 53.2939 -7 -8.9609
      vertex 53.3929 -4 -8.92726
      vertex 53.3929 -7 -8.92726
    endloop
  endfacet
  facet normal 0.321731 0 -0.946831
    outer loop
      vertex 53.3929 -4 -8.92726
      vertex 53.2939 -7 -8.9609
      vertex 53.2939 -4 -8.9609
    endloop
  endfacet
  facet normal 0.946997 -0 0.321243
    outer loop
      vertex 52.8273 -7 -9.90705
      vertex 52.8609 -4 -10.0061
      vertex 52.8273 -4 -9.90705
    endloop
  endfacet
  facet normal 0.946997 0 0.321243
    outer loop
      vertex 52.8609 -4 -10.0061
      vertex 52.8273 -7 -9.90705
      vertex 52.8609 -7 -10.0061
    endloop
  endfacet
  facet normal -0.442086 0 -0.896973
    outer loop
      vertex 53.9061 -7 -8.9609
      vertex 54 -4 -9.00718
      vertex 54 -7 -9.00718
    endloop
  endfacet
  facet normal -0.442086 0 -0.896973
    outer loop
      vertex 54 -4 -9.00718
      vertex 53.9061 -7 -8.9609
      vertex 53.9061 -4 -8.9609
    endloop
  endfacet
  facet normal -0.0649964 0 0.997886
    outer loop
      vertex 53.6 -4 -10.5
      vertex 53.7044 -7 -10.4932
      vertex 53.7044 -4 -10.4932
    endloop
  endfacet
  facet normal -0.0649964 0 0.997886
    outer loop
      vertex 53.7044 -7 -10.4932
      vertex 53.6 -4 -10.5
      vertex 53.6 -7 -10.5
    endloop
  endfacet
  facet normal 0.0649964 0 0.997886
    outer loop
      vertex 53.4956 -4 -10.4932
      vertex 53.6 -7 -10.5
      vertex 53.6 -4 -10.5
    endloop
  endfacet
  facet normal 0.0649964 0 0.997886
    outer loop
      vertex 53.6 -7 -10.5
      vertex 53.4956 -4 -10.4932
      vertex 53.4956 -7 -10.4932
    endloop
  endfacet
  facet normal 0.0653771 0 -0.997861
    outer loop
      vertex 53.4956 -7 -8.90684
      vertex 53.6 -4 -8.9
      vertex 53.6 -7 -8.9
    endloop
  endfacet
  facet normal 0.0653771 0 -0.997861
    outer loop
      vertex 53.6 -4 -8.9
      vertex 53.4956 -7 -8.90684
      vertex 53.4956 -4 -8.90684
    endloop
  endfacet
  facet normal -0.831638 0 -0.555318
    outer loop
      vertex 54.2928 -7 -9.3
      vertex 54.2347 -4 -9.21299
      vertex 54.2928 -4 -9.3
    endloop
  endfacet
  facet normal -0.831638 -0 -0.555318
    outer loop
      vertex 54.2347 -4 -9.21299
      vertex 54.2928 -7 -9.3
      vertex 54.2347 -7 -9.21299
    endloop
  endfacet
  facet normal 0.980628 -0 0.195877
    outer loop
      vertex 52.8068 -7 -9.80442
      vertex 52.8273 -4 -9.90705
      vertex 52.8068 -4 -9.80442
    endloop
  endfacet
  facet normal 0.980628 0 0.195877
    outer loop
      vertex 52.8273 -4 -9.90705
      vertex 52.8068 -7 -9.80442
      vertex 52.8273 -7 -9.90705
    endloop
  endfacet
  facet normal 0.980632 0 -0.195859
    outer loop
      vertex 52.8273 -7 -9.49294
      vertex 52.8068 -4 -9.59558
      vertex 52.8273 -4 -9.49294
    endloop
  endfacet
  facet normal 0.980632 0 -0.195859
    outer loop
      vertex 52.8068 -4 -9.59558
      vertex 52.8273 -7 -9.49294
      vertex 52.8068 -7 -9.59558
    endloop
  endfacet
  facet normal -0.947036 0 -0.321126
    outer loop
      vertex 54.3727 -7 -9.49294
      vertex 54.3391 -4 -9.39385
      vertex 54.3727 -4 -9.49294
    endloop
  endfacet
  facet normal -0.947036 -0 -0.321126
    outer loop
      vertex 54.3391 -4 -9.39385
      vertex 54.3727 -7 -9.49294
      vertex 54.3391 -7 -9.39385
    endloop
  endfacet
  facet normal -0.555626 0 -0.831432
    outer loop
      vertex 54 -7 -9.00718
      vertex 54.087 -4 -9.06532
      vertex 54.087 -7 -9.06532
    endloop
  endfacet
  facet normal -0.555626 0 -0.831432
    outer loop
      vertex 54.087 -4 -9.06532
      vertex 54 -7 -9.00718
      vertex 54 -4 -9.00718
    endloop
  endfacet
  facet normal -0.659194 0 -0.751973
    outer loop
      vertex 54.087 -7 -9.06532
      vertex 54.1657 -4 -9.13431
      vertex 54.1657 -7 -9.13431
    endloop
  endfacet
  facet normal -0.659194 0 -0.751973
    outer loop
      vertex 54.1657 -4 -9.13431
      vertex 54.087 -7 -9.06532
      vertex 54.087 -4 -9.06532
    endloop
  endfacet
  facet normal 0.555362 0 0.831609
    outer loop
      vertex 53.113 -4 -10.3347
      vertex 53.2 -7 -10.3928
      vertex 53.2 -4 -10.3928
    endloop
  endfacet
  facet normal 0.555362 0 0.831609
    outer loop
      vertex 53.2 -7 -10.3928
      vertex 53.113 -4 -10.3347
      vertex 53.113 -7 -10.3347
    endloop
  endfacet
  facet normal 0.751925 -0 0.659248
    outer loop
      vertex 52.9653 -7 -10.187
      vertex 53.0343 -4 -10.2657
      vertex 52.9653 -4 -10.187
    endloop
  endfacet
  facet normal 0.751925 0 0.659248
    outer loop
      vertex 53.0343 -4 -10.2657
      vertex 52.9653 -7 -10.187
      vertex 53.0343 -7 -10.2657
    endloop
  endfacet
  facet normal -0.321731 0 -0.946831
    outer loop
      vertex 53.8071 -7 -8.92726
      vertex 53.9061 -4 -8.9609
      vertex 53.9061 -7 -8.9609
    endloop
  endfacet
  facet normal -0.321731 0 -0.946831
    outer loop
      vertex 53.9061 -4 -8.9609
      vertex 53.8071 -7 -8.92726
      vertex 53.8071 -4 -8.92726
    endloop
  endfacet
  facet normal -0.195749 0 0.980654
    outer loop
      vertex 53.7044 -4 -10.4932
      vertex 53.8071 -7 -10.4727
      vertex 53.8071 -4 -10.4727
    endloop
  endfacet
  facet normal -0.195749 0 0.980654
    outer loop
      vertex 53.8071 -7 -10.4727
      vertex 53.7044 -4 -10.4932
      vertex 53.7044 -7 -10.4932
    endloop
  endfacet
  facet normal 0.896803 0 -0.442429
    outer loop
      vertex 52.9072 -7 -9.3
      vertex 52.8609 -4 -9.39385
      vertex 52.9072 -4 -9.3
    endloop
  endfacet
  facet normal 0.896803 0 -0.442429
    outer loop
      vertex 52.8609 -4 -9.39385
      vertex 52.9072 -7 -9.3
      vertex 52.8609 -7 -9.39385
    endloop
  endfacet
  facet normal -0.896803 0 -0.442429
    outer loop
      vertex 54.3391 -7 -9.39385
      vertex 54.2928 -4 -9.3
      vertex 54.3391 -4 -9.39385
    endloop
  endfacet
  facet normal -0.896803 -0 -0.442429
    outer loop
      vertex 54.2928 -4 -9.3
      vertex 54.3391 -7 -9.39385
      vertex 54.2928 -7 -9.3
    endloop
  endfacet
  facet normal 0.659194 0 -0.751973
    outer loop
      vertex 53.0343 -7 -9.13431
      vertex 53.113 -4 -9.06532
      vertex 53.113 -7 -9.06532
    endloop
  endfacet
  facet normal 0.659194 0 -0.751973
    outer loop
      vertex 53.113 -4 -9.06532
      vertex 53.0343 -7 -9.13431
      vertex 53.0343 -4 -9.13431
    endloop
  endfacet
  facet normal 0.751842 0 -0.659343
    outer loop
      vertex 53.0343 -7 -9.13431
      vertex 52.9653 -4 -9.21299
      vertex 53.0343 -4 -9.13431
    endloop
  endfacet
  facet normal 0.751842 0 -0.659343
    outer loop
      vertex 52.9653 -4 -9.21299
      vertex 53.0343 -7 -9.13431
      vertex 52.9653 -7 -9.21299
    endloop
  endfacet
  facet normal -0.946997 0 0.321243
    outer loop
      vertex 54.3391 -7 -10.0061
      vertex 54.3727 -4 -9.90705
      vertex 54.3391 -4 -10.0061
    endloop
  endfacet
  facet normal -0.946997 0 0.321243
    outer loop
      vertex 54.3727 -4 -9.90705
      vertex 54.3391 -7 -10.0061
      vertex 54.3727 -7 -9.90705
    endloop
  endfacet
  facet normal -0.555362 0 0.831609
    outer loop
      vertex 54 -4 -10.3928
      vertex 54.087 -7 -10.3347
      vertex 54.087 -4 -10.3347
    endloop
  endfacet
  facet normal -0.555362 0 0.831609
    outer loop
      vertex 54.087 -7 -10.3347
      vertex 54 -4 -10.3928
      vertex 54 -7 -10.3928
    endloop
  endfacet
  facet normal 0.195749 0 0.980654
    outer loop
      vertex 53.3929 -4 -10.4727
      vertex 53.4956 -7 -10.4932
      vertex 53.4956 -4 -10.4932
    endloop
  endfacet
  facet normal 0.195749 0 0.980654
    outer loop
      vertex 53.4956 -7 -10.4932
      vertex 53.3929 -4 -10.4727
      vertex 53.3929 -7 -10.4727
    endloop
  endfacet
  facet normal 0.44224 0 0.896897
    outer loop
      vertex 53.2 -4 -10.3928
      vertex 53.2939 -7 -10.4391
      vertex 53.2939 -4 -10.4391
    endloop
  endfacet
  facet normal 0.44224 0 0.896897
    outer loop
      vertex 53.2939 -7 -10.4391
      vertex 53.2 -4 -10.3928
      vertex 53.2 -7 -10.3928
    endloop
  endfacet
  facet normal -0.997886 0 0.064984
    outer loop
      vertex 54.3932 -7 -9.80442
      vertex 54.4 -4 -9.7
      vertex 54.3932 -4 -9.80442
    endloop
  endfacet
  facet normal -0.997886 0 0.064984
    outer loop
      vertex 54.4 -4 -9.7
      vertex 54.3932 -7 -9.80442
      vertex 54.4 -7 -9.7
    endloop
  endfacet
  facet normal 0.947036 0 -0.321126
    outer loop
      vertex 52.8609 -7 -9.39385
      vertex 52.8273 -4 -9.49294
      vertex 52.8609 -4 -9.39385
    endloop
  endfacet
  facet normal 0.947036 0 -0.321126
    outer loop
      vertex 52.8273 -4 -9.49294
      vertex 52.8609 -7 -9.39385
      vertex 52.8273 -7 -9.49294
    endloop
  endfacet
  facet normal -0.0653771 0 -0.997861
    outer loop
      vertex 53.6 -7 -8.9
      vertex 53.7044 -4 -8.90684
      vertex 53.7044 -7 -8.90684
    endloop
  endfacet
  facet normal -0.0653771 0 -0.997861
    outer loop
      vertex 53.7044 -4 -8.90684
      vertex 53.6 -7 -8.9
      vertex 53.6 -4 -8.9
    endloop
  endfacet
  facet normal -0.44224 0 0.896897
    outer loop
      vertex 53.9061 -4 -10.4391
      vertex 54 -7 -10.3928
      vertex 54 -4 -10.3928
    endloop
  endfacet
  facet normal -0.44224 0 0.896897
    outer loop
      vertex 54 -7 -10.3928
      vertex 53.9061 -4 -10.4391
      vertex 53.9061 -7 -10.4391
    endloop
  endfacet
  facet normal 0.997886 0 -0.064984
    outer loop
      vertex 52.8068 -7 -9.59558
      vertex 52.8 -4 -9.7
      vertex 52.8068 -4 -9.59558
    endloop
  endfacet
  facet normal 0.997886 0 -0.064984
    outer loop
      vertex 52.8 -4 -9.7
      vertex 52.8068 -7 -9.59558
      vertex 52.8 -7 -9.7
    endloop
  endfacet
  facet normal -0.896897 0 0.44224
    outer loop
      vertex 54.2928 -7 -10.1
      vertex 54.3391 -4 -10.0061
      vertex 54.2928 -4 -10.1
    endloop
  endfacet
  facet normal -0.896897 0 0.44224
    outer loop
      vertex 54.3391 -4 -10.0061
      vertex 54.2928 -7 -10.1
      vertex 54.3391 -7 -10.0061
    endloop
  endfacet
  facet normal 0.831609 -0 0.555362
    outer loop
      vertex 52.9072 -7 -10.1
      vertex 52.9653 -4 -10.187
      vertex 52.9072 -4 -10.1
    endloop
  endfacet
  facet normal 0.831609 0 0.555362
    outer loop
      vertex 52.9653 -4 -10.187
      vertex 52.9072 -7 -10.1
      vertex 52.9653 -7 -10.187
    endloop
  endfacet
  facet normal 0.831638 0 -0.555318
    outer loop
      vertex 52.9653 -7 -9.21299
      vertex 52.9072 -4 -9.3
      vertex 52.9653 -4 -9.21299
    endloop
  endfacet
  facet normal 0.831638 0 -0.555318
    outer loop
      vertex 52.9072 -4 -9.3
      vertex 52.9653 -7 -9.21299
      vertex 52.9072 -7 -9.3
    endloop
  endfacet
  facet normal 0.659248 0 0.751925
    outer loop
      vertex 53.0343 -4 -10.2657
      vertex 53.113 -7 -10.3347
      vertex 53.113 -4 -10.3347
    endloop
  endfacet
  facet normal 0.659248 0 0.751925
    outer loop
      vertex 53.113 -7 -10.3347
      vertex 53.0343 -4 -10.2657
      vertex 53.0343 -7 -10.2657
    endloop
  endfacet
  facet normal -0.659248 0 0.751925
    outer loop
      vertex 54.087 -4 -10.3347
      vertex 54.1657 -7 -10.2657
      vertex 54.1657 -4 -10.2657
    endloop
  endfacet
  facet normal -0.659248 0 0.751925
    outer loop
      vertex 54.1657 -7 -10.2657
      vertex 54.087 -4 -10.3347
      vertex 54.087 -7 -10.3347
    endloop
  endfacet
  facet normal -1 0 0
    outer loop
      vertex 51.4 -7 -16
      vertex 51.4 -4 -3.4
      vertex 51.4 -4 -16
    endloop
  endfacet
  facet normal -1 -0 0
    outer loop
      vertex 51.4 -4 -3.4
      vertex 51.4 -7 -16
      vertex 51.4 -7 -3.4
    endloop
  endfacet
  facet normal 0 0 -1
    outer loop
      vertex 28.2 -7 -3.4
      vertex 51.4 -4 -3.4
      vertex 51.4 -7 -3.4
    endloop
  endfacet
  facet normal -0 0 -1
    outer loop
      vertex 51.4 -4 -3.4
      vertex 28.2 -7 -3.4
      vertex 28.2 -4 -3.4
    endloop
  endfacet
  facet normal -0 0 1
    outer loop
      vertex 28.2 -4 -16
      vertex 51.4 -7 -16
      vertex 51.4 -4 -16
    endloop
  endfacet
  facet normal 0 0 1
    outer loop
      vertex 51.4 -7 -16
      vertex 28.2 -4 -16
      vertex 28.2 -7 -16
    endloop
  endfacet
  facet normal 1 -0 0
    outer loop
      vertex 28.2 -7 -3.4
      vertex 28.2 -4 -16
      vertex 28.2 -4 -3.4
    endloop
  endfacet
  facet normal 1 0 0
    outer loop
      vertex 28.2 -4 -16
      vertex 28.2 -7 -3.4
      vertex 28.2 -7 -16
    endloop
  endfacet
endsolid OpenSCAD_Model
